Date,Close,High,Low,Open,Volume
2010-01-04,4.214446544647217,4.3328852109965315,4.1552272114725595,4.194706766922331,375400
2010-01-05,4.253925323486328,4.273665097607456,4.165096104624586,4.194706001122946,344200
2010-01-06,4.34275484085083,4.441453718240614,4.3131449423172095,4.3131449423172095,345100
2010-01-07,4.214446544647217,4.342755335175687,4.214446544647217,4.323015557450801,258400
2010-01-08,4.34275484085083,4.34275484085083,4.244055963461046,4.263795738939003,214100
2010-01-11,4.362493991851807,4.461192855113166,4.362493991851807,4.392103415513563,293900
2010-01-12,4.0367889404296875,4.323015980786302,4.007179035626068,4.244056862154611,502800
2010-01-13,4.174966335296631,4.204576232563045,4.007178015598103,4.096007236763994,200400
2010-01-14,4.145357131958008,4.214446590056232,4.036788588618065,4.165096909895582,164200
2010-01-15,4.0663981437683105,4.135487603965871,4.046658365230928,4.096008046891106,124900
2010-01-18,4.115746974945068,4.155226523861726,4.046657529024243,4.155226523861726,83300
2010-01-19,4.056527614593506,4.11574693742869,4.007177943580848,4.046657492137637,170500
2010-01-20,3.8295199871063232,3.9973083043164817,3.7505606544280106,3.9874381818296047,464600
2010-01-21,3.651862144470215,3.8591300308926275,3.6222524800265408,3.790040578540693,416400
2010-01-22,3.523552894592285,3.6617315456014583,3.484073347251568,3.6321218850959207,590700
2010-01-25,3.4149842262268066,3.5432927583462126,3.385374564968482,3.5432927583462126,281400
2010-01-26,3.572901964187622,3.641991400300623,3.3261545831696933,3.4051139051107455,267900
2010-01-27,3.3853747844696045,3.5630327635385495,3.345895233565394,3.5235532126343396,325300
2010-01-28,3.3360252380371094,3.513683211365113,3.257065903463541,3.454463886922445,429900
2010-01-29,3.2965452671051025,3.3952443709244156,3.2274560591532486,3.3261549276558973,385500
2010-02-01,3.5136828422546387,3.553162387735779,3.306414993161998,3.306414993161998,298400
2010-02-02,3.5432932376861572,3.671602022479963,3.5432932376861572,3.572902902950104,199300
2010-02-03,3.661731481552124,3.661731481552124,3.4544636263221307,3.5531624929475276,271600
2010-02-04,3.1978466510772705,3.543292953426712,3.1386273253002264,3.543292953426712,634200
2010-02-05,3.2965452671051025,3.3458949366730915,3.0497978605318163,3.1583668512013943,431200
2010-02-08,3.207716464996338,3.4149843357698466,3.207716464996338,3.247196014607163,235000
2010-02-09,3.424853801727295,3.493943005044469,3.306414932152633,3.336024826033785,203700
2010-02-10,3.3360252380371094,3.5235530987722243,3.3064153404990977,3.5235530987722243,161500
2010-02-11,3.4544639587402344,3.474203733964844,3.3261551844635897,3.3853747454541008,214800
2010-02-12,3.444593906402588,3.444593906402588,3.3458950349994594,3.3952444707010234,95100
2010-02-16,3.6222522258758545,3.6814715506081543,3.523553116005343,3.523553116005343,286300
2010-02-17,3.5432932376861572,3.6814719109012786,3.4939437955795785,3.6518622456373313,157200
2010-02-18,3.523552894592285,3.6025122245903827,3.4742034604163887,3.5926423377552035,96000
2010-02-19,3.563032388687134,3.612382057442214,3.464333521810295,3.5038130685610307,130100
2010-02-22,3.5136828422546387,3.592642168533572,3.493943069514068,3.563032274106064,51200
2010-02-23,3.3656351566314697,3.4544641500619084,3.316285480520086,3.4544641500619084,150600
2010-02-24,3.306415557861328,3.5235533304089914,3.2274564534137027,3.345895345401834,287900
2010-02-25,3.3261547088623047,3.375504375184085,3.148496757243831,3.237325733053068,201700
2010-02-26,3.375504970550537,3.3952447464342614,3.286675743757087,3.3458953067249504,138800
2010-03-01,3.3162851333618164,3.4544637884386997,3.3162851333618164,3.4248541270615114,166900
2010-03-02,3.424853801727295,3.503812891232637,3.345894712221953,3.345894712221953,273900
2010-03-03,3.4643330574035645,3.582771917095262,3.4544631720389756,3.5136824842265098,350700
2010-03-04,3.3656351566314697,3.4742039263797837,3.3656351566314697,3.464334038220846,242800
2010-03-05,3.4149842262268066,3.493943322915672,3.365634790796266,3.444593887485131,247700
2010-03-08,3.355764865875244,3.4643336225983647,3.355764865875244,3.4544637356235355,207900
2010-03-09,3.2866759300231934,3.3557653848484326,3.2077168220134387,3.3557653848484326,421600
2010-03-10,3.227456569671631,3.4051147963950026,3.1484974623797775,3.3261554537864475,819800
2010-03-11,3.2373266220092773,3.247196510920533,3.148497621807972,3.1781072885417405,187600
2010-03-12,3.187976598739624,3.2373260343375017,3.168236824500473,3.187976598739624,133100
2010-03-15,3.099147081375122,3.2077158210083967,3.0695371897948713,3.19784593558719,309300
2010-03-16,3.2175862789154053,3.227456166092702,3.138627181497033,3.178106730206219,544200
2010-03-17,3.2175862789154053,3.286675489156481,3.187976617383516,3.2373260532699986,478400
2010-03-18,3.1090176105499268,3.2274562601283305,3.1090176105499268,3.2175863726634635,298200
2010-03-19,3.0794076919555664,3.1781068012515847,3.059667917159698,3.099147702068112,775100
2010-03-22,3.00044846534729,3.118887344409245,3.00044846534729,3.0794075611774816,637600
2010-03-23,3.138627052307129,3.1781065993912865,3.0103182889669546,3.0103182889669546,273300
2010-03-24,3.049797534942627,3.109017085038741,3.049797534942627,3.0991471992421618,213700
2010-03-25,3.00044846534729,3.099147570451697,3.00044846534729,3.0794075611774816,230500
2010-03-26,3.089277982711792,3.0991478706466,3.0103186439166403,3.0103186439166403,220200
2010-03-29,3.138627052307129,3.1583668258492077,3.089277618451932,3.089277618451932,172000
2010-03-30,3.089277982711792,3.1484973103206384,3.0695379715254867,3.138627422385831,126400
2010-03-31,3.118886709213257,3.148496364119243,3.0991469392759328,3.148496364119243,105300
2010-04-01,3.2471964359283447,3.2866759906616108,3.158367437778496,3.158367437778496,427100
2010-04-05,3.4347240924835205,3.4347240924835205,3.286675546906066,3.286675546906066,290200
2010-04-06,3.444593906402588,3.444593906402588,3.365634809280085,3.434724019262275,264100
2010-04-07,3.4643330574035645,3.523552369591099,3.4445932866743862,3.4445932866743862,542900
2010-04-08,3.493943452835083,3.5038133402881946,3.375504803397741,3.474203677928859,263300
2010-04-09,3.5334231853485107,3.5729027372023077,3.503813521458163,3.503813521458163,335500
2010-04-12,3.5334231853485107,3.6518620762265925,3.5334231853485107,3.592642748445897,313900
2010-04-13,3.5136828422546387,3.572902160476349,3.4149839785517875,3.572902160476349,205800
2010-04-14,3.563032388687134,3.60251217075453,3.5038130685610307,3.5235528419363984,276000
2010-04-15,3.5432932376861572,3.602512803530753,3.5334233492648415,3.5531631261074725,125100
2010-04-16,3.395244598388672,3.503813361015145,3.3261551504915094,3.4248542609231647,410500
2010-04-19,3.3853747844696045,3.405114559921709,3.3162853350705515,3.336025345839342,149000
2010-04-20,3.405113697052002,3.493942664076852,3.3557642709270854,3.414983582276985,328000
2010-04-21,3.4643330574035645,3.4840728281327427,3.385373974486852,3.414983630580619,137900
2010-04-22,3.444593906402588,3.444593906402588,3.375504696420398,3.434724019262275,162200
2010-04-23,3.5926425457000732,3.6321220953258964,3.434724111880103,3.434724111880103,279700
2010-04-26,3.572901964187622,3.6518612861286743,3.572901964187622,3.6123817428164684,190700
2010-04-27,3.582772970199585,3.582772970199585,3.424854522631686,3.563032958351487,403000
2010-04-28,3.582772970199585,3.6419922997937855,3.5235534052886868,3.563032958351487,302000
2010-04-29,3.6222522258758545,3.6617317756973877,3.5827726760543213,3.5827726760543213,236700
2010-04-30,3.730820894241333,3.7604305558642794,3.67160157099544,3.67160157099544,710600
2010-05-03,3.799910306930542,3.8097801946634777,3.691341541868249,3.7900404191976063,398500
2010-05-04,3.6222522258758545,3.799910200072754,3.5432928909161094,3.799910200072754,472100
2010-05-05,3.651862144470215,3.651862144470215,3.50381358693515,3.5630329158224976,330500
2010-05-06,3.6222522258758545,3.7505607627958377,3.5136832285499593,3.6518618882420046,321700
2010-05-07,3.572901964187622,3.6814709436128292,3.5136826492193127,3.62225162864452,436400
2010-05-10,3.641991376876831,3.641991376876831,3.5630320554436126,3.6123817195831136,147000
2010-05-11,3.9380884170532227,3.947958303399054,3.7209506821282763,3.7406904548199393,619100
2010-05-12,4.0663981437683105,4.115747825428489,3.9775693756668122,4.036788711278959,522700
2010-05-13,3.9282188415527344,4.105876809836021,3.9282188415527344,4.086137035582322,297000
2010-05-14,3.987438917160034,4.036788597428391,3.81965056900774,4.0170488194477345,327600
2010-05-17,3.8393898010253906,4.04665742764527,3.790040130799228,3.997308228052442,301100
2010-05-18,3.849260091781616,3.9183493079021336,3.7900405283616236,3.8689998678160498,200700
2010-05-19,3.730820894241333,3.7604305558642794,3.5729024636022797,3.7604305558642794,346400
2010-05-20,3.5038132667541504,3.6123822617765367,3.5038132667541504,3.5729024774759672,391700
2010-05-21,3.6025123596191406,3.691341344465227,3.4248541546102955,3.5038132522512613,520200
2010-05-25,3.6025123596191406,3.6222521340293823,3.4643337034307784,3.5038132522512613,275600
2010-05-26,3.730820894241333,3.7999101046948747,3.7012112326183866,3.7012112326183866,532600
2010-05-27,3.868999719619751,3.888739494898082,3.7209511697155873,3.7505608326330835,284200
2010-05-28,3.8591301441192627,3.918349474744102,3.780170801302775,3.8295204788068427,372500
2010-05-31,3.7801709175109863,3.829520596532139,3.7703010287700978,3.819650472474541,101300
2010-06-01,3.6913411617279053,3.829519811075828,3.612382067995756,3.7703002554600547,318000
2010-06-02,3.8591301441192627,3.878869920994209,3.61238269786573,3.6419923631781494,483000
2010-06-03,3.8887391090393066,3.898608995699136,3.7209508005055487,3.868999335719648,305900
2010-06-04,3.7801709175109863,3.859130262754805,3.7209515850656545,3.8492603740139164,319000
2010-06-07,3.898608922958374,3.898608922958374,3.7505603905065836,3.7505603905065836,406200
2010-06-08,3.9282188415527344,3.9973082867573497,3.908479067299036,3.908479067299036,592100
2010-06-09,3.849260091781616,3.9183493079021336,3.8295203157471827,3.9183493079021336,474500
2010-06-10,3.9578285217285156,3.9676981729987535,3.8097797522917585,3.878869193716689,610600
2010-06-11,3.8887391090393066,3.9380885423384533,3.868999335719648,3.9380885423384533,262900
2010-06-14,3.8788695335388184,3.9874382955062266,3.84925987118407,3.9183490833451486,168600
2010-06-15,3.9578285217285156,3.9676981729987535,3.8492595339560007,3.8492595339560007,126500
2010-06-16,4.00717830657959,4.0565279820626925,3.928219202313333,3.9479589783798974,362900
2010-06-17,4.44145393371582,4.44145393371582,4.026918157934334,4.026918157934334,921400
2010-06-18,4.362493991851807,4.4315829608181065,4.224315583285904,4.283534901242719,545100
2010-06-21,4.165096282958984,4.41184370535458,4.155226630792507,4.41184370535458,268500
2010-06-22,4.244056224822998,4.323015331597368,4.135487217691539,4.145356870721636,224300
2010-06-23,4.234185695648193,4.29340502005749,4.155226596435798,4.184836023323769,147400
2010-06-24,4.204576015472412,4.214445666962726,4.165095997611175,4.165095997611175,113400
2010-06-25,4.411843776702881,4.4315835519884255,4.214446023847432,4.214446023847432,234000
2010-06-28,4.411843776702881,4.52041277609006,4.3624945738057015,4.441453674947881,493800
2010-06-29,4.244056224822998,4.2736656545466865,4.194706547772316,4.2341861011595014,494900
2010-06-30,4.224315643310547,4.332884159124075,4.204575870377786,4.204575870377786,259100
2010-07-02,3.9775683879852295,4.096007029799679,3.9775683879852295,4.096007029799679,206400
2010-07-05,3.8196494579315186,3.977568106474138,3.730820482857523,3.9578283342354723,235600
2010-07-06,3.898608922958374,3.987437901239455,3.8295197176286444,3.898608922958374,208000
2010-07-07,4.0663981437683105,4.076268268353724,3.8097807874656184,3.8097807874656184,185400
2010-07-08,3.868999719619751,4.056527820080576,3.7703006079114143,4.056527820080576,250100
2010-07-09,3.9282188415527344,4.036787835264747,3.878869405918488,3.8986091801721865,153200
2010-07-12,3.9578285217285156,3.9676981729987535,3.878869193716689,3.878869193716689,134500
2010-07-13,3.9775683879852295,4.076267256163938,3.9775683879852295,3.997308161620971,103900
2010-07-14,3.9282188415527344,3.9676983900601313,3.868999518791639,3.947958615806433,115600
2010-07-15,3.8887391090393066,3.9380885423384533,3.8492595623999892,3.9380885423384533,90800
2010-07-16,3.7900404930114746,3.8887396075797565,3.7801706050863153,3.8492600558791197,162500
2010-07-19,3.6913411617279053,3.7801701421765737,3.641991728145312,3.7209508218774614,265400
2010-07-20,3.7703003883361816,3.8196498236579894,3.651861743563842,3.6913412918212885,99900
2010-07-21,3.8393898010253906,3.8393898010253906,3.7505605828716324,3.7999100177811274,73400
2010-07-22,3.8591301441192627,3.8986096978691553,3.8295204788068427,3.849260255681789,59100
2010-07-23,3.918349027633667,3.93808880225617,3.78017036995947,3.78017036995947,94400
2010-07-26,4.0367889404296875,4.076268499745533,3.859130688191648,3.908480137336455,116600
2010-07-27,3.997307777404785,4.046656971434094,3.9183484551346255,4.026917199695713,201800
2010-07-28,4.0663981437683105,4.076268268353724,3.8788702476631784,3.947959472544017,60200
2010-07-29,4.017048358917236,4.076267686070064,3.957829031764408,4.036788134634846,41400
2010-07-30,3.9380884170532227,4.017047743136527,3.8986088716698966,3.947958303399054,91100
2010-08-03,3.8196494579315186,3.9479582127994926,3.79003979957352,3.9479582127994926,228700
2010-08-04,3.849260091781616,3.8887396438504833,3.8393902037643994,3.849260091781616,228700
2010-08-05,3.849260091781616,3.8986095318677,3.819650192413274,3.8986095318677,77900
2010-08-06,3.9479589462280273,3.9775688454034253,3.849260066699003,3.8591299546519053,103500
2010-08-09,3.987438917160034,4.0071786951406905,3.9479593611987216,3.9973090414670778,90100
2010-08-10,4.096007823944092,4.096007823944092,3.938089368923863,3.997308936629392,149400
2010-08-11,4.046656608581543,4.096006268819085,3.9578278790405026,4.096006268819085,140800
2010-08-12,4.184835910797119,4.224315929975088,3.997308290526816,3.997308290526816,166800
2010-08-13,4.165096282958984,4.184836057925298,4.125616733026358,4.165096282958984,108600
2010-08-16,4.44145393371582,4.44145393371582,4.2440561693595855,4.2539258222607,524300
2010-08-17,4.619110584259033,4.628980704935832,4.3032742527335825,4.4315825270991684,536800
2010-08-18,4.490802764892578,4.550022083053583,4.401973552334419,4.550022083053583,279300
2010-08-19,4.332884788513184,4.500673118131013,4.273665461112781,4.441453790730611,264300
2010-08-20,4.34275484085083,4.362494616328787,4.234185840405383,4.303275289894916,56600
2010-08-23,4.293405055999756,4.3921039308415075,4.283535403832261,4.342754728737312,73800
2010-08-24,4.332884788513184,4.401974239130342,4.145356683095219,4.283535584329537,190500
2010-08-25,4.510543346405029,4.559892551738092,4.392104218212222,4.392104218212222,316600
2010-08-26,4.698070526123047,4.698070526123047,4.540151876673277,4.540151876673277,505000
2010-08-27,4.628981590270996,4.895468781280342,4.589502041279489,4.698071036322807,601700
2010-08-30,4.737552165985107,4.826380945536794,4.648722915799917,4.668462696881792,359800
2010-08-31,4.875728607177734,4.925077804055864,4.777029742788167,4.777029742788167,265400
2010-09-01,4.855989933013916,5.02377827575655,4.767160699648188,4.915209265046596,357400
2010-09-02,5.043516635894775,5.122475723084526,4.925077534476867,4.944817776907588,547400
2010-09-03,5.191565036773682,5.2113048081037485,4.984297202491339,5.053386166829939,402500
2010-09-07,5.221175670623779,5.586361760329905,5.201435894710837,5.250785569809884,449200
2010-09-08,5.132346153259277,5.3889636962389185,5.02377762719868,5.24091514995323,359800
2010-09-09,4.94481897354126,5.181696292434222,4.846119620035795,5.092867062532663,340700
2010-09-10,5.221175670623779,5.2705253457228265,4.954688460482366,4.98429835966847,384000
2010-09-13,5.300135135650635,5.329745036855608,5.2211760266152565,5.240915803874101,314200
2010-09-14,5.694929599761963,5.694929599761963,5.3790927790431775,5.418572322803865,989800
2010-09-15,5.783758640289307,5.783758640289307,5.467921828758285,5.714669205401288,416700
2010-09-16,5.645579814910889,5.783758685773583,5.537011307190125,5.783758685773583,674600
2010-09-17,5.8034987449646,5.921937379604702,5.665319867251181,5.665319867251181,969000
2010-09-20,6.257514476776123,6.296994024779547,5.85284840379102,5.85284840379102,713100
2010-09-21,6.227904319763184,6.573350585649787,6.06998613435978,6.306863412464885,1187500
2010-09-22,6.504261016845703,6.543740559566775,6.405561689409752,6.415431810406656,904400
2010-09-23,6.612831115722656,6.612831115722656,6.445043254088145,6.553611787386937,775800
2010-09-24,6.829968452453613,6.84970822662583,6.691790033248099,6.711529807420315,850000
2010-09-27,6.7312703132629395,6.879318400330308,6.711530536945064,6.879318400330308,1338100
2010-09-28,6.84970760345459,6.84970760345459,6.326602929531752,6.563480668681076,1073500
2010-09-29,6.918797969818115,7.027366497129079,6.770749421827375,6.839838399091923,858300
2010-09-30,6.968146800994873,7.027366122910976,6.770749061274528,6.908927479078769,737300
2010-10-01,6.8793182373046875,7.145805446597503,6.820098909754437,7.00762701564692,449800
2010-10-04,6.6917901039123535,6.760879078928009,6.553611212614352,6.711529878293018,453600
2010-10-05,7.145803928375244,7.224763485632937,6.820097460732903,6.859577004045109,716200
2010-10-06,7.343203067779541,7.471511835498943,7.145804854988151,7.155674977412724,917800
2010-10-07,7.293854236602783,7.491252472118954,7.056976918743453,7.402423242605007,904000
2010-10-08,7.392552375793457,7.392552375793457,7.254373954268038,7.254373954268038,719900
2010-10-12,7.343203067779541,7.382682616211151,7.0767158805495045,7.382682616211151,602400
2010-10-13,7.412293434143066,7.589951424166844,7.353073633501742,7.392553186840359,740400
2010-10-14,7.343203067779541,7.501121261505981,7.323463293563736,7.46164171307437,615500
2010-10-15,7.155675411224365,7.313593614524569,7.076716309574263,7.313593614524569,521500
2010-10-18,7.0668463706970215,7.106325922550818,6.918798286561973,7.027366818843224,300200
2010-10-19,6.504261016845703,6.8595769013353465,6.4450417027640965,6.8595769013353465,1041500
2010-10-20,6.711529731750488,6.751009279649805,6.543741417861726,6.543741417861726,459700
2010-10-21,6.672050476074219,6.790489124959554,6.514131806927082,6.711530025702664,423700
2010-10-22,6.6917901039123535,6.741139304547344,6.464782463218031,6.6128305357563475,416600
2010-10-25,7.4024224281311035,7.471511873554997,6.839838154165136,6.839838154165136,960500
2010-10-26,7.441901683807373,7.481381230885927,7.165544854257492,7.353072467563963,674100
2010-10-27,7.333332538604736,7.422161752965533,7.234633673000138,7.402421979844613,263600
2010-10-28,7.441901683807373,7.481381230885927,7.362942589650264,7.362942589650264,262700
2010-10-29,7.718260288238525,7.747869718234242,7.402423387605978,7.461642718230817,490200
2010-11-01,7.945267200469971,7.994616873271244,7.797218652699511,7.80708830487975,793200
2010-11-02,8.586810111999512,8.665769211872913,7.7281291949262325,7.9057876402747445,1293200
2010-11-03,8.68550968170166,8.695379804757325,7.81695861940482,8.576940210622842,1296600
2010-11-04,9.534318923950195,9.623148134253652,9.080303692273207,9.10004393512579,1426500
2010-11-05,9.830416679382324,10.33378161284487,9.327051745919778,9.327051745919778,1031600
2010-11-08,10.886496543884277,10.94571634230696,9.968596727833415,9.978465909848227,1147500
2010-11-09,9.94885540008545,11.636607705882087,9.682368689310538,11.271421655551041,2525300
2010-11-10,10.08703327178955,10.156122237763942,9.376400545815232,10.096902451738345,1462100
2010-11-11,10.116643905639648,10.15612345396221,9.810676700189793,10.017944564199908,735000
2010-11-12,9.721848487854004,10.008075450435896,9.494840377521227,9.781067340103121,652400
2010-11-15,9.475104331970215,9.919249641629161,9.386275081785024,9.771200577564839,486100
2010-11-16,9.327052116394043,9.396142032786114,8.527591017390757,9.149394617319253,1410200
2010-11-17,9.781065940856934,9.781065940856934,9.22835233968998,9.22835233968998,907900
2010-11-18,10.28443431854248,10.402872987662331,10.096905719819231,10.244954762169197,816300
2010-11-19,10.85688591003418,10.886495335325062,9.96859562117441,10.116643688895486,828100
2010-11-22,11.37999153137207,11.498430188185123,10.856887228464391,10.916107027504305,1249500
2010-11-23,11.301030158996582,11.350379824748806,11.024673348557341,11.251680493244358,653500
2010-11-24,11.43921184539795,11.498430705837086,11.192464397278984,11.251683257718119,628200
2010-11-25,11.449081420898438,11.49843015514533,11.251682718843783,11.429341174186264,266400
2010-11-26,11.39972972869873,11.39972972869873,10.541048915227563,10.856885276614676,607600
2010-11-29,11.350382804870605,11.409602607575163,11.10363535259081,11.10363535259081,598600
2010-11-30,12.04127311706543,12.04127311706543,11.370120818797508,11.488559459668316,2063500
2010-12-01,12.524898529052734,12.68281766730649,12.169582585831865,12.238671561697025,1183600
2010-12-02,12.376852035522461,12.653208915547374,12.337372481233187,12.52490012879053,721800
2010-12-03,12.564377784729004,12.682817370968618,12.307761191254318,12.445939139756069,878500
2010-12-06,13.403321266174316,13.462541067702004,12.603860063784815,12.692688354176127,1073000
2010-12-07,12.929564476013184,14.15343138624568,12.84073525907803,14.104081716696523,1550300
2010-12-08,12.416328430175781,12.68281605976425,11.735306056671773,12.68281605976425,1325100
2010-12-09,12.278149604797363,12.751905078910188,12.159710971585804,12.66307586868487,716000
2010-12-10,12.534768104553223,12.534768104553223,11.330640493185644,12.080752837399327,1109400
2010-12-13,13.255271911621094,14.034993733406646,12.850606287073326,13.077613465227744,1805700
2010-12-14,13.76850700378418,13.916556032974762,13.344102045811463,13.393450780941537,1319400
2010-12-15,12.742034912109375,13.886942637009893,12.455807980884245,13.42305822723348,1522100
2010-12-16,12.465678215026855,12.722295725692472,12.100492191971902,12.564376605944453,871400
2010-12-17,13.038135528564453,13.294753107052717,12.534770495668281,12.584120174803232,4333200
2010-12-20,12.554508209228516,12.988783227154247,12.4755491150602,12.929564377161336,948200
2010-12-21,12.584117889404297,12.633467559576863,12.228801958441823,12.475549368037985,511700
2010-12-22,12.426202774047852,12.712429802385984,12.317633284537832,12.633470687069734,777500
2010-12-23,12.288018226623535,12.485415924553001,12.159709487652764,12.169579607865856,301700
2010-12-24,12.34723949432373,12.4261985830091,12.149841772610305,12.149841772610305,17100
2010-12-29,13.76850700378418,13.857336233045173,13.225662445952281,13.225662445952281,763500
2010-12-30,13.659936904907227,14.034993084812676,13.541498259873928,13.936293743318256,444300
2010-12-31,14.212652206420898,14.370571359117529,13.84746610717269,14.005384318602534,470400
2011-01-04,14.143562316894531,15.100942588853261,13.39344991945745,14.528488638510943,1598400
2011-01-05,14.1830415725708,14.311350343777361,13.462539558795546,13.79811525895112,912600
2011-01-06,13.146703720092773,14.212652619491278,13.038135181896065,14.183043189304325,1080100
2011-01-07,12.880215644836426,13.126963067376332,12.742036749358059,12.860475399225209,1101800
2011-01-10,12.692686080932617,12.96904385021076,12.46567892181126,12.939433484116687,788500
2011-01-11,13.659936904907227,13.659936904907227,13.1565719575657,13.314490150943431,1089500
2011-01-12,13.689547538757324,13.896815421170718,13.472409533070255,13.817856317514831,632400
2011-01-13,12.732168197631836,13.610589469122264,12.495290868668182,13.482280680616908,1250600
2011-01-14,12.34723949432373,12.682816091869846,12.100492106865302,12.396589160068732,813400
2011-01-17,11.863615989685059,12.110363401038574,11.764916648636982,12.061013730514537,550400
2011-01-18,12.524898529052734,12.68281766730649,12.100493609966705,12.199192012450261,972400
2011-01-19,12.465678215026855,13.205920382608499,12.347239581165784,12.830864238081809,782800
2011-01-20,11.360248565673828,11.606995923184034,10.62000649314321,11.567516383633059,2236400
2011-01-21,10.92597484588623,11.379990110967983,10.817406326008706,11.25168134678546,893800
2011-01-24,10.669357299804688,11.162852067873484,10.620007634744493,10.777925809923858,623200
2011-01-25,10.323912620544434,10.531180501637522,10.17586453744941,10.402871723697348,846600
2011-01-26,11.616867065429688,11.656346608454037,10.343649685044719,10.36338992719017,941400
2011-01-27,11.162853240966797,12.041273418030965,10.90623570869936,11.991923747784663,896300
2011-01-28,12.070881843566895,12.080751965051723,10.975323772948943,10.975323772948943,1181800
2011-01-31,12.139971733093262,12.445937968496198,11.922833767110586,12.070881824077606,803500
2011-02-01,12.7617769241333,12.77164610561741,12.179452859568718,12.436070403489841,598400
2011-02-02,12.712425231933594,12.840733983508843,12.376848641854721,12.633466145005219,508900
2011-02-03,13.18618106842041,13.275010285389458,12.258411233862184,12.633467404805577,847700
2011-02-04,13.156571388244629,13.56123697658074,12.998653201700453,13.275010028152762,698200
2011-02-07,13.255271911621094,13.472408966916609,13.17631281128332,13.24540178876219,437200
2011-02-08,13.600719451904297,13.699418810380983,13.383582369282534,13.54150058983176,878900
2011-02-09,13.196051597595215,13.669807122286702,13.028263280648927,13.620457451196614,589300
2011-02-10,12.99865436553955,13.17631281194178,12.53476894508191,12.880215715026972,679300
2011-02-11,12.771645545959473,13.304619914681531,12.633467598569807,12.88021500892755,564200
2011-02-14,12.899954795837402,13.225661314417023,12.83086581955285,12.899954795837402,459200
2011-02-15,13.16644287109375,13.452669849105929,13.12696332037713,13.304620827968552,620500
2011-02-16,13.087482452392578,13.275010064105002,12.890084718677752,13.275010064105002,479500
2011-02-17,13.304618835449219,13.40331816809278,12.988782477016377,13.146700656232797,600500
2011-02-18,13.827726364135742,14.064603673790293,13.324361375169751,13.42306072482586,1131100
2011-02-22,14.24225902557373,14.785102506684026,14.143559697408286,14.360697654612334,1019000
2011-02-23,14.913415908813477,15.051594823094673,14.271872899417819,14.271872899417819,873900
2011-02-24,13.689547538757324,14.755496379378556,13.432929981242312,14.696277522270023,979800
2011-02-25,14.31135082244873,14.429789474923883,13.877075763373169,13.91655531419822,514700
2011-02-28,14.666665077209473,14.765364413447386,14.311349161032918,14.311349161032918,547100
2011-03-01,15.663525581359863,15.791834348392554,15.170030757972595,15.20951030619291,1451800
2011-03-02,15.79183578491211,16.52220796406027,15.318081163172792,15.781965661642516,2001900
2011-03-03,15.57469654083252,15.841183259053471,15.406908223658826,15.54508711464501,802300
2011-03-04,16.50246810913086,16.52220835613849,15.663527377909082,15.663527377909082,977100
2011-03-07,17.321664810180664,17.71646211251922,16.936739511186932,17.252575847031334,1747400
2011-03-08,17.49932861328125,17.617768216994286,16.48273032926792,16.97622522676057,1337200
2011-03-09,17.114404678344727,17.973084820154376,16.99596506437074,17.815166589878263,928600
2011-03-10,15.337818145751953,16.25571782168579,15.100940870753972,16.038580790237617,2782800
2011-03-11,15.614176750183105,16.226111192395475,14.528488645124728,14.656797419055275,1188000
2011-03-14,15.75235366821289,16.285328001521098,15.298338425671336,15.594435486679586,759500
2011-03-15,14.587708473205566,14.804846485210014,13.817856719529347,13.827726843090183,1291300
2011-03-16,14.903545379638672,15.604308129357136,14.607448270793293,14.903545379638672,1262400
2011-03-17,15.79183578491211,15.969494238697735,15.091073034305964,15.248991241552403,849600
2011-03-18,16.58142852783203,16.680127888153333,16.24585183225984,16.275462205116348,1229000
2011-03-21,17.874385833740234,17.894124198963127,17.15388185089592,17.26245133102321,1074600
2011-03-22,17.65724754333496,17.97308398928656,17.44011045737666,17.765817027580965,687100
2011-03-23,18.654104232788086,19.09825033364179,17.58815547327258,17.66711457092064,1676300
2011-03-24,19.364734649658203,19.710179465623106,18.999547709524233,19.147595756728197,1847300
2011-03-25,19.275911331176758,19.720055608418438,18.96994313998326,19.621356252631298,1129400
2011-03-28,18.85150146484375,19.216686557362557,18.575143703114275,18.72319176447415,816300
2011-03-29,18.999549865722656,19.108119324508863,18.51592518595371,18.57514403504924,651300
2011-03-30,19.72992515563965,19.73979527918327,19.078512062029287,19.443699103008953,785700
2011-03-31,20.341859817504883,20.45042741237769,19.887843543151057,19.92732403767469,1119900
2011-04-01,20.578739166259766,20.697176896442304,19.542398673226757,19.739797400242697,917000
2011-04-04,22.473752975463867,22.51323157937252,21.397934192854844,21.417674436075778,1400300
2011-04-05,24.349037170410156,24.526695626342708,22.384927796830333,22.384927796830333,2503100
2011-04-06,23.99371910095215,25.454465288959806,22.967250790968517,25.079408148411847,3224600
2011-04-07,23.855541229248047,24.585913384557127,23.28308727603101,23.421265232228187,1204200
2011-04-08,23.233734130859375,24.635257437590457,22.384922543936064,24.635257437590457,2181000
2011-04-11,21.35845375061035,23.273214048739092,20.924179694050473,23.233735444748746,1809500
2011-04-12,19.512784957885742,21.516372652778045,19.354866771565167,21.358454466457466,2912400
2011-04-13,21.85194969177246,22.444143843189234,20.18393858119963,20.18393858119963,2818300
2011-04-14,22.79945945739746,23.13503606200457,21.66442182771257,22.2763543072668,1556300
2011-04-15,22.414531707763672,23.579179674377517,22.01973626548775,23.10542514364641,1419000
2011-04-18,21.62493896484375,22.207262898107885,20.17406513321258,22.10856357538747,1446100
2011-04-19,21.447284698486328,21.76312108610263,20.97353011706188,21.60520289229448,781600
2011-04-20,22.335575103759766,22.602062762888153,21.96051986251244,22.365185471174044,1086200
2011-04-21,21.960519790649414,22.562584081702614,21.615073035413424,22.50336334706785,1062700
2011-04-25,20.91431427001953,22.552717178087477,20.63795644988105,22.503366558848303,1168800
2011-04-26,19.35487174987793,20.05563364660347,19.24630226290714,19.976674533133924,1386900
2011-04-27,21.032745361328125,21.289362852881723,19.36473449002929,19.670700702733065,1600000
2011-04-28,19.947059631347656,21.309106382659337,19.907581024842003,21.220277164854952,1600000
2011-04-29,19.58187484741211,20.14445864787922,19.483175505699744,19.927321602138708,1500000
2011-05-02,17.568416595458984,19.009422592846626,17.469719127617985,18.50605760021671,2349500
2011-05-03,16.749217987060547,17.203234321652598,16.13728530102263,17.144015454543666,3008200
2011-05-04,17.321664810180664,17.62763290774635,16.393896044271003,16.778821343264735,2041000
2011-05-05,16.166889190673828,17.440106707506857,15.87079305689249,16.561686545760022,2909900
2011-05-06,17.37101936340332,18.456708426591057,16.561688098173722,16.70973617894171,2728700
2011-05-09,18.772544860839844,18.99955204384134,18.170480531325584,18.39748771432708,1465400
2011-05-10,18.663970947265625,19.187076050248283,18.575141743315115,18.90084819695597,1400000
2011-05-11,17.18349266052246,18.209962979622272,16.917004956617664,18.131003869117187,1846300
2011-05-12,17.726337432861328,18.11126476817509,16.285333104224925,16.532080575501062,1900000
2011-05-13,17.232839584350586,18.279050041564197,16.867654442661685,18.11126171408907,1300000
2011-05-16,16.532075881958008,17.815161615305616,16.413636301056204,17.27231808562777,970000
2011-05-17,16.265592575073242,16.630779654598427,15.564830672312892,16.305073073414896,1029400
2011-05-18,16.976224899291992,17.2229723432786,16.492598252448676,16.660386589660913,912900
2011-05-19,16.58142852783203,17.074923446904815,16.403771938294152,16.926875347689723,809900
2011-05-20,17.272321701049805,17.272321701049805,16.305072137599094,16.52220921841446,825900
2011-05-24,18.565275192260742,18.703455026381956,17.61776601131562,17.83490306131553,1200000
2011-05-25,19.157466888427734,19.453562998459763,18.742931204862998,18.9304597452343,1303300
2011-05-26,19.187074661254883,19.216683138739604,18.52579168112447,18.802147511157365,922500
2011-05-27,19.7694034576416,19.86810091706638,19.50291579911462,19.591745018623616,552000
2011-05-30,19.808887481689453,19.96680571899223,19.61149062632792,19.83849785713393,171100
2011-05-31,20.22341537475586,20.28263421983006,19.739790727828048,20.22341537475586,703700
2011-06-01,19.502914428710938,20.272766982849493,19.34499624568763,19.74966182500151,758800
2011-06-02,18.871244430541992,19.759534809370255,18.644235362342034,19.31538867868937,768300
2011-06-03,18.733062744140625,18.9600699074574,18.41722636343323,18.555404309359385,535000
2011-06-06,18.09151840209961,19.206815766881743,17.874381378500683,18.831760565659387,510700
2011-06-07,17.953340530395508,18.38761457911928,17.607893809680508,18.259306765299343,569000
2011-06-08,17.015701293945312,17.71646492246202,16.847912978599062,17.479585750475138,826600
2011-06-09,17.973081588745117,18.05204257222045,17.074921109581254,17.27231980320267,685000
2011-06-10,17.29206085205078,17.598027147091802,17.02557316804721,17.568416776913555,781500
2011-06-13,15.88066291809082,17.26244799058873,15.693134365759455,17.26244799058873,1495800
2011-06-14,16.591299057006836,16.808438031519437,15.831318293814023,15.939885898536561,715300
2011-06-15,16.31494140625,16.87752526809766,16.10767257778669,16.28533103574565,689500
2011-06-16,15.860921859741211,16.512334815935365,15.624044592264536,16.216238702222814,633800
2011-06-17,16.09780502319336,16.374162877734786,15.74248899184044,15.74248899184044,992100
2011-06-20,16.117542266845703,16.334679330424045,15.939883813675461,15.95962406014627,1134100
2011-06-21,17.676986694335938,17.755945800921534,16.30507151146111,16.33467999984721,1232800
2011-06-22,17.519065856933594,18.28891844272492,17.48945549044932,17.7756833855307,817700
2011-06-23,17.775684356689453,17.82503308765939,16.48272840343629,16.77882455432274,697100
2011-06-24,17.4006290435791,17.825034951416036,17.27232120012156,17.746075844088256,454600
2011-06-27,16.857786178588867,17.252581733086583,16.650519218427704,16.838045930230557,515900
2011-06-28,17.29206085205078,17.519068042483358,16.90713356986777,17.074921902477403,470900
2011-06-29,17.568416595458984,17.755945172917237,17.15388082991279,17.62763733520382,600000
2011-06-30,17.60789680480957,17.815163742975074,17.410498107242283,17.667115661066358,437300
2011-07-04,17.568416595458984,17.647375699251903,17.430238634454764,17.52893798482929,141500
2011-07-05,18.703454971313477,18.802152432137948,17.8645133765717,17.96321271992957,1215300
2011-07-06,19.384475708007812,19.394345830200212,18.900851015780187,19.098249694561524,907200
2011-07-07,19.512784957885742,19.739792115404914,19.26603755644318,19.739792115404914,714700
2011-07-08,19.710182189941406,19.808881529230508,19.315386715318304,19.690443828110237,518100
2011-07-11,18.95020866394043,19.956937028482564,18.86137941375524,19.937198659301202,686600
2011-07-12,19.423959732055664,19.73979616956329,18.18035234746914,18.377751062178234,656000
2011-07-13,20.756389617919922,21.121574674394566,20.05562610226723,20.1345851860347,1194000
2011-07-14,21.003141403198242,21.812472652505047,20.835353079619995,21.46702588248707,997900
2011-07-15,21.180795669555664,21.368324218515045,20.795870332379305,20.795870332379305,509100
2011-07-18,23.17452049255371,23.17452049255371,21.960523467293438,22.108571563599916,1502600
2011-07-19,22.246747970581055,23.519963660536135,21.822342113084897,23.09555780303998,1663300
2011-07-20,23.105424880981445,23.144905366026798,21.36832307218178,21.467022402262028,1033200
2011-07-21,22.898162841796875,23.687753884948407,22.463886826796763,23.046210927071094,1136200
2011-07-22,23.332433700561523,23.687750561393067,23.243604485353636,23.480483647596852,702200
2011-07-25,23.006732940673828,23.87528506531955,22.9968628162422,23.687756466186126,904800
2011-07-26,22.552715301513672,22.84881146217652,22.197398402691473,22.404667221182248,733200
2011-07-27,21.22028350830078,22.957386012093657,20.83535803777036,22.858686642525015,974000
2011-07-28,21.210411071777344,21.318980554725346,20.480038828612784,20.82548564319251,639800
2011-07-29,21.111709594726562,21.407807641457563,20.58860624580874,21.318978415691614,459000
2011-08-02,22.602060317993164,22.838937584083943,21.57559216493313,22.009866211499638,780100
2011-08-03,23.075817108154297,23.569311931432075,22.661281381299627,22.98698977189498,825900
2011-08-04,20.578739166259766,23.480489911204902,20.292511200340034,23.273221059584788,1536900
2011-08-05,19.7003116607666,20.568863569527156,18.50605513938744,19.91745057922338,1403000
2011-08-08,18.72319793701172,20.233293178800217,18.358012724101112,20.233293178800217,1276300
2011-08-09,18.861366271972656,18.910714984343045,17.87437696430326,18.012554864966507,1510600
2011-08-10,20.943920135498047,21.516374069228842,18.8120225972914,19.256168702140034,1393100
2011-08-11,20.32211685180664,20.805741549826386,19.53252589229141,20.726782453874865,2074100
2011-08-12,19.8977108001709,20.233287425141768,19.542393930782136,20.233287425141768,1033500
2011-08-15,20.993267059326172,21.062356022931706,19.769400308581215,20.08523664651113,859700
2011-08-16,20.19380760192871,21.170929024955417,20.006280921377503,20.72678292357964,1334600
2011-08-17,20.19380760192871,20.86496087399282,19.95693030870609,20.707042678511076,659100
2011-08-18,20.19380760192871,20.72678292357964,19.25616855157252,20.322117312340996,1345900
2011-08-19,20.628082275390625,21.220276412238828,20.529382938827048,20.726781611954202,1004500
2011-08-22,21.97039031982422,22.177657247282905,21.052489623859405,21.170929212788227,1051100
2011-08-23,21.67429542541504,22.25661956664289,21.328850496325362,21.457158343911,950600
2011-08-24,20.558998107910156,21.516377566430148,19.85823623139767,21.516377566430148,878800
2011-08-25,21.15118980407715,22.00000155779303,20.18394033928162,20.48003649951422,783000
2011-08-26,21.832210540771484,21.980258602640447,20.697171007198534,21.378194350835656,671200
2011-08-29,22.088829040527344,22.414535571871127,21.220278917788413,21.723643899416714,676400
2011-08-30,23.421262741088867,23.549572443224754,22.404664658565707,22.50336211247545,1124400
2011-08-31,23.233734130859375,23.658138041787925,22.799458216324993,23.539700353981434,781900
2011-09-01,23.075817108154297,23.58905217617119,22.829069696515408,23.174516449316524,620600
2011-09-02,23.668012619018555,24.230596448354117,23.39165670708303,23.68775286488065,848800
2011-09-06,22.769847869873047,24.00358476687556,22.17765378280522,23.598919215261382,1263000
2011-09-07,22.996858596801758,23.065949455146427,22.05921953823921,22.069089660859873,752600
2011-09-08,23.115291595458984,23.5890460509814,22.809325411584034,23.421257779333935,852600
2011-09-09,22.305967330932617,23.115298574091394,22.059219908870382,23.08568820573189,1122200
2011-09-12,20.420818328857422,21.318978845223842,19.44369870827858,20.9735320583444,3079800
2011-09-13,20.45042610168457,21.220278752752286,20.3813371232298,21.01301181738798,1252900
2011-09-14,20.07537269592285,20.43068962656937,19.16734200401902,20.34186039390774,1616300
2011-09-15,19.423959732055664,19.828625402929017,19.088383046570396,19.690447432152848,1609900
2011-09-16,20.183937072753906,20.42081433911094,19.552262479935308,19.729920900336378,6212800
2011-09-19,19.877971649169922,20.114848947614437,19.42395729778462,20.085240461892266,1026200
2011-09-20,20.302379608154297,21.003143335523184,19.749665854794998,19.749665854794998,1210600
2011-09-21,19.966800689697266,21.170929298998946,19.848362982819552,20.430687042146303,1048700
2011-09-22,18.57514762878418,19.019293789262846,17.864515654551948,18.95020480486253,1445400
2011-09-23,17.24271011352539,18.1803511213571,16.946613943964607,16.98609255472373,1242500
2011-09-26,17.173620223999023,17.390759160550953,16.46298832513841,16.680125379156905,1467800
2011-09-27,17.420368194580078,18.43696828465584,17.272320112975557,18.318528689852126,3111600
2011-09-28,16.285327911376953,17.66711293341139,16.048450640388182,17.430235662422618,1349500
2011-09-29,16.048450469970703,16.99595954386425,15.653654081248465,16.877521850894148,1048800
2011-09-30,15.781963348388672,16.40376784549687,15.48586628256888,15.693134134516072,667000
2011-10-03,15.485867500305176,16.364288645016615,15.406908402046474,16.28532954675791,685900
2011-10-04,14.824586868286133,15.081203494353746,13.975775059605667,14.992374264025157,1200000
2011-10-05,16.068193435668945,16.147152538539384,14.459399126200198,14.755496232597718,844000
2011-10-06,17.08479118347168,17.272319753620355,16.07806311998609,16.07806311998609,779000
2011-10-07,16.31494140625,17.607897464402832,16.09780245428524,17.44010912994532,697000
2011-10-11,17.252582550048828,17.331541664687325,16.472861528310393,16.778827862217845,585000
2011-10-12,17.232839584350586,17.726334443685257,17.06505313940895,17.667115587674473,717000
2011-10-13,16.689990997314453,16.956478593411983,16.29519560450307,16.847909154439005,667000
2011-10-14,16.82817268371582,17.222970047495675,16.63077588435924,17.17361943575652,697000
2011-10-17,16.285327911376953,16.808433061393742,16.117539609109922,16.808433061393742,470000
2011-10-18,16.58142852783203,16.72947850958084,15.288472366970781,15.791837410329066,731200
2011-10-19,15.564826965332031,16.403768529948742,15.446387381048892,16.285328945665604,623000
2011-10-20,15.278597831726074,15.762223428156618,14.804843297998097,15.298338074598034,729800
2011-10-21,15.239118576049805,15.79183315047369,15.15029030524234,15.79183315047369,837500
2011-10-24,16.275461196899414,16.393900798454734,15.397040897776202,15.436520451205709,618700
2011-10-25,17.104530334472656,17.390758232828095,15.693134852310786,16.433377080085194,917000
2011-10-26,17.331539154052734,17.884254758990007,16.917003391616536,17.568416463654344,782300
2011-10-27,17.834901809692383,18.091519332156054,17.37101737439263,17.815161565841347,801600
2011-10-28,17.834901809692383,18.259307639823326,17.617764774930784,17.667113502025106,547900
2011-10-31,16.709732055664062,17.371015076948098,16.709732055664062,17.371015076948098,639500
2011-11-01,16.926876068115234,17.20323391227021,15.47600162200266,15.791838082446175,1090100
2011-11-02,17.55854606628418,17.61776491577745,17.104529866747008,17.311798663773384,875900
2011-11-03,18.18035316467285,18.229701904301514,17.43024065060798,18.081653802881785,770500
2011-11-04,17.894126892089844,18.209965256128186,17.578290410585424,18.03230676464847,487100
2011-11-07,18.456707000732422,18.496185607371704,17.943471936688383,18.190219346417248,590900
2011-11-08,18.18035316467285,18.969944293933903,18.11126417617923,18.54554023853968,731000
2011-11-09,17.134143829345703,18.259311618565444,17.025574347040752,17.736206337726852,862700
2011-11-10,16.976224899291992,17.607897753486952,16.571559241756646,17.11440286551374,597500
2011-11-11,17.282190322875977,17.588156610732973,17.124272117366978,17.272320199714976,494300
2011-11-14,16.788694381713867,17.22297036023746,16.68999503897668,17.173619747602174,414000
2011-11-15,16.58142852783203,17.09466369547582,16.502469416081734,16.857786360224928,828800
2011-11-16,16.52220916748047,16.887396224920266,16.314942211322986,16.482730554060137,548000
2011-11-17,15.475998878479004,16.285330135523928,15.377299531453984,16.13728205625313,817800
2011-11-18,15.347689628601074,15.821445161877568,15.140421759280116,15.79183479392693,662000
2011-11-21,14.913415908813477,15.002245143618042,14.390311565401625,14.893676601782932,704300
2011-11-22,15.485867500305176,15.584566843761904,14.923283689895246,15.100942131610676,657300
2011-11-23,14.716017723083496,15.199642497723138,14.627188490748294,15.100944082780439,613900
2011-11-24,14.62718677520752,14.982503662875207,14.607447471040821,14.982503662875207,74800
2011-11-25,14.45939826965332,14.8739340058002,14.37056999013616,14.37056999013616,316400
2011-11-28,15.120683670043945,15.485869788773535,15.021985253268477,15.44639023380998,483300
2011-11-29,15.130553245544434,15.476000044901516,14.923285354183546,14.923285354183546,430100
2011-11-30,16.413637161254883,16.413637161254883,15.594436762829353,15.633916311443436,726800
2011-12-01,16.689990997314453,17.025567551837362,16.364284562928447,16.5024624797792,670400
2011-12-02,16.739343643188477,17.22297023071019,16.492596229467892,17.02557154672037,790500
2011-12-05,16.778823852539062,17.16374920909841,16.5320764429429,16.5320764429429,662900
2011-12-06,16.76895523071289,16.94661368272408,16.166890895015747,16.492597429525095,642400
2011-12-07,16.48272705078125,16.877522513742093,16.235979651114064,16.68999396288572,514800
2011-12-08,15.88066291809082,16.354417477370113,15.67339506308947,16.245848018251962,649100
2011-12-09,16.907135009765625,16.926875258232304,16.265591994868263,16.72947842116665,829900
2011-12-12,16.47286033630371,16.502468825567007,16.01884404808547,16.107673280942656,448000
2011-12-13,15.79183578491211,16.75908527492993,15.624047454396077,16.39390012662261,548000
2011-12-14,14.992372512817383,15.337819270129929,14.558097476818777,15.051592306541448,881000
2011-12-15,16.384031295776367,16.709737859231584,15.653658117747334,15.82144740276587,1700000
2011-12-16,17.1242733001709,17.301931764273085,16.57155954271248,16.680127139915434,1457900
2011-12-19,17.05517578125,17.27231274953235,16.660378555234534,16.85777716824227,1092400
2011-12-20,17.62763786315918,17.716467092903375,17.08479236110758,17.08479236110758,528600
2011-12-21,17.76581573486328,17.76581573486328,17.134142888923332,17.193361747596807,622900
2011-12-22,17.60789680480957,17.6967260304615,17.173620799681636,17.39075974351235,468000
2011-12-23,17.62763786315918,17.88425542880535,17.38089042109943,17.765815828301893,352700
2011-12-28,16.541946411132812,17.18348929359982,16.40376846545684,17.18348929359982,358900
2011-12-29,16.897262573242188,17.084789239520138,16.048450925233553,16.1964989869126,511100
2011-12-30,16.956485748291016,17.04531498447216,16.630779176471393,16.976225996894318,349900
2012-01-03,17.65724754333496,17.746076779075562,17.371021470141464,17.390761718646868,500500
2012-01-04,17.755945205688477,17.963214030110883,17.44997891324291,17.558548387108626,384000
2012-01-05,18.219831466674805,18.318530826769255,17.351281239417805,17.47958908976699,434400
2012-01-06,18.456707000732422,18.54553621883748,18.16060897953778,18.219827830763375,475600
2012-01-09,18.456707000732422,18.663973921288665,18.14086873495147,18.387616144680337,474600
2012-01-10,18.476442337036133,19.117987003296864,18.456703978215565,19.108116882620063,528400
2012-01-11,18.742935180664062,18.871244902752988,18.308659162301904,18.308659162301904,405000
2012-01-12,18.8218936920166,19.058770999325652,18.673845610265133,19.03903263561669,348700
2012-01-13,18.09151840209961,18.48631384615819,17.825030771410127,18.436965121600807,460000
2012-01-16,17.963211059570312,18.23956693638839,17.844771481981695,18.23956693638839,119700
2012-01-17,17.795425415039062,18.506057339150377,17.588156593923156,18.1112618257552,485300
2012-01-18,17.706594467163086,17.854642534971255,17.57828476120491,17.79542368435465,328000
2012-01-19,17.37101936340332,17.755944749906792,17.094661565445183,17.607896669138803,337600
2012-01-20,17.716463088989258,17.815160537480704,17.203228073687846,17.203228073687846,601400
2012-01-23,17.9335994720459,18.209957212558496,17.686852094545284,17.854640386547025,442900
2012-01-24,17.568416595458984,18.022432854168404,17.52893798482929,17.825034153419345,249000
2012-01-25,18.910722732543945,19.048900689822194,17.163750490382593,17.548677758210328,640400
2012-01-26,19.23642921447754,19.769404561285295,19.06864088854178,19.23642921447754,764000
2012-01-27,20.164196014404297,20.243155099996557,19.196946745265837,19.236425346795418,704300
2012-01-30,20.016151428222656,20.203678112374384,19.641094294852362,19.641094294852362,446800
2012-01-31,20.440555572509766,20.88470168594113,20.193808150055325,20.470165940916335,617400
2012-02-01,20.420818328857422,20.874832707445485,20.272770243775817,20.76626511573686,422900
2012-02-02,20.22341537475586,20.628080934073683,20.0457569570001,20.4800328801216,444300
2012-02-03,19.631221771240234,19.90757952610765,19.433824988506245,19.828620436507418,544200
2012-02-06,19.58187484741211,19.78914177072805,19.344997556822452,19.443696898534817,383700
2012-02-07,19.75953483581543,20.095111494438218,19.34499907413631,19.463436787454054,439800
2012-02-08,19.344995498657227,19.91744936064403,19.266036410194673,19.68057209525637,344900
2012-02-09,19.039030075073242,19.759532023221915,18.979809344310404,19.700311292459077,405700
2012-02-10,18.910722732543945,19.06864093587151,18.52579734724969,18.71332403711775,434700
2012-02-13,19.019287109375,19.187075390788742,18.762669627063808,19.187075390788742,248300
2012-02-14,18.88111686706543,19.157474730073332,18.525801766094045,18.821897997325852,273800
2012-02-15,18.98968505859375,19.285783152009525,18.890985694121824,19.11799479716739,480900
2012-02-16,19.562131881713867,19.621350725491336,18.713320296593363,18.733060538696886,377000
2012-02-17,19.157466888427734,19.690442145525175,19.117988285605602,19.611483057347755,174500
2012-02-21,19.54239273071289,19.77927188411455,19.414084914942432,19.44369527975094,262100
2012-02-22,20.164196014404297,20.174066135419967,19.404213638995607,19.404213638995607,450700
2012-02-23,20.470163345336914,20.63795164663202,20.154326985848055,20.223415954169592,406200
2012-02-24,20.32211685180664,20.568864261971818,20.075369441641463,20.43068631468999,270300
2012-02-27,20.10498046875,20.48003571620189,19.947060389128072,20.341857764382784,206100
2012-02-28,21.397937774658203,21.40780789792083,20.253029831662857,20.351729181755598,975000
2012-02-29,20.045757293701172,21.664421440693705,19.7990099054588,21.24988575314519,2238900
2012-03-01,20.282638549804688,20.489907375612244,19.88784302747309,19.986542378689375,462700
2012-03-02,19.986539840698242,20.104979423624442,19.67070346293945,20.104979423624442,371700
2012-03-05,19.039030075073242,19.710181414252883,18.900850252493196,19.65096256602329,473700
2012-03-06,17.9335994720459,18.496183191542002,17.726330696028175,18.486313070538007,828200
2012-03-07,18.13100242614746,18.33826936877768,17.716466658353482,18.13100242614746,383100
2012-03-08,18.30865478515625,18.466572957254794,18.012558683104757,18.367875511593034,517700
2012-03-09,18.76267433166504,18.930462655150457,18.022432060264684,18.160610015182048,463200
2012-03-12,18.140869140625,18.742933436237706,18.111260655616757,18.56527499605472,370400
2012-03-13,17.963211059570312,18.45670584821199,17.89412020783257,18.16060784550705,471400
2012-03-14,16.719606399536133,17.755944853491336,16.699866153309642,17.755944853491336,890200
2012-03-15,16.877525329589844,17.252580611343586,16.7689558532119,17.065053911733504,684200
2012-03-16,16.601167678833008,16.98609308785002,16.46298971303892,16.94661447585182,430500
2012-03-19,16.31494140625,16.79856616261963,16.2952011592471,16.472859617206062,493800
2012-03-20,16.512332916259766,16.57155363821572,15.900400516311938,16.14714787686286,490000
2012-03-21,16.324813842773438,16.759088043167043,16.235984601207964,16.601169809835945,392000
2012-03-22,15.930012702941895,16.354418563087858,15.791834751278893,16.186630243554184,632200
2012-03-23,16.630779266357422,16.66038775688868,15.959625870487427,16.038584982793676,1966700
2012-03-26,16.709732055664062,17.04530862661614,16.680121693803695,17.015698264755773,501000
2012-03-27,16.42350959777832,17.025573975556593,16.384030984868435,16.788696650496362,486000
2012-03-28,15.712875366210938,16.36428838721633,15.594436720688746,16.2359805605173,525000
2012-03-29,16.018844604492188,16.097803716159664,15.564830183037632,15.703008157822286,351800
2012-03-30,16.384031295776367,16.384031295776367,15.910276636665808,16.27546181378007,583200
2012-04-02,16.689990997314453,16.936738353138185,16.25571512395547,16.25571512395547,485900
2012-04-03,16.245849609375,16.778824952663914,15.939883328524028,16.778824952663914,983000
2012-04-04,15.614176750183105,15.910274789653654,15.31808059324601,15.594437445645104,693600
2012-04-05,15.426647186279297,15.772092973129347,15.377297519224543,15.624044913231698,517000
2012-04-09,15.308210372924805,15.732615301091606,15.239120454314662,15.39703959594733,578000
2012-04-10,15.308210372924805,15.485867877703134,14.923284053582769,15.406908777520162,912700
2012-04-11,15.160161972045898,15.584567858777813,15.150292790070809,15.446388957192205,694000
2012-04-12,15.999098777770996,16.038579261106513,15.1700283943223,15.219378057225164,495100
2012-04-13,15.466127395629883,15.900403354835223,15.456257273541887,15.791833894400563,510600
2012-04-16,15.199641227722168,15.61417698313884,15.031852900945575,15.48586820729399,485800
2012-04-17,15.446388244628906,15.673396362385438,15.120681722807257,15.308210290684398,434300
2012-04-18,15.239118576049805,15.545085757497539,15.120679940373245,15.298338364521388,492800
2012-04-19,15.554956436157227,15.604306104773032,15.229249941066199,15.229249941066199,476200
2012-04-20,15.209511756896973,15.693136504041284,15.160162081597871,15.673397198681704,254800
2012-04-23,14.49887752532959,14.893673949571882,14.390309002827966,14.883803827180822,452400
2012-04-24,14.350830078125,14.69627684668956,14.331090773751814,14.63705705103657,406000
2012-04-25,14.814715385437012,14.883804362124224,14.212651075676874,14.498878046438236,474400
2012-04-26,15.209511756896973,15.239121185569728,14.824586360350866,14.903545464322722,242200
2012-04-27,15.071334838867188,15.377301152621438,14.87393612400619,15.268732612461354,519300
2012-04-30,15.337818145751953,15.495736329083941,14.834453230431278,14.834453230431278,358000
2012-05-01,15.604304313659668,15.703002698295716,15.377296240590347,15.4365160243852,342800
2012-05-02,15.248990058898926,15.456257925151663,15.002242643896462,15.387168950156314,226600
2012-05-03,14.666665077209473,15.130550451501058,14.350828707274758,15.01211181277554,426000
2012-05-04,15.100940704345703,15.160159551809313,14.54822612750789,14.656795583302191,583000
2012-05-07,14.49887752532959,15.199640213561313,14.400179125219026,14.972633046167005,518500
2012-05-08,14.429786682128906,14.46926622531294,14.00538088695064,14.015251008063288,662200
2012-05-09,14.45939826965332,14.824585275379565,13.916554704892754,14.015253107000722,765000
2012-05-10,14.577837944030762,14.982503559969139,14.528488272052902,14.686406469368688,365000
2012-05-11,14.538357734680176,14.794975280915956,14.281741129711117,14.340959984216777,386300
2012-05-14,13.886944770812988,14.617317863808506,13.877075589180663,14.163302564386093,444000
2012-05-15,12.436070442199707,13.956034523689297,12.27815130149512,13.827725751329346,880400
2012-05-16,12.38671875,12.96904272143377,12.100491824869264,12.337369085405067,885000
2012-05-17,12.919694900512695,13.126962768375824,12.584118262899374,12.820995557238179,780300
2012-05-18,13.324360847473145,13.650067370665594,13.018393628670108,13.27501117459953,3700000
2012-05-22,13.847465515136719,14.281741519268493,13.679677187349453,13.975774291754437,367000
2012-05-23,14.49887752532959,14.518617770111709,13.255271283323067,13.502018695499494,481100
2012-05-24,14.597576141357422,14.972632302181161,14.252129404968901,14.804843994937208,671600
2012-05-25,14.696274757385254,14.85419293498708,14.459396549715931,14.646925091568038,321000
2012-05-28,14.666665077209473,14.873932930295787,14.597576106602911,14.873932930295787,61600
2012-05-29,14.597576141357422,14.92328263394471,14.489007624250537,14.854193663173659,404100
2012-05-30,14.429786682128906,14.65679476138701,13.867202956439806,14.301477931464161,426800
2012-05-31,14.153430938720703,14.538356278246328,13.926422842479132,14.429787761684391,319600
2012-06-01,15.140421867370605,15.160161171545251,14.23239128493586,14.390309483399866,682000
2012-06-04,15.051590919494629,15.179899676350509,14.627185103837991,15.061461041083527,544100
2012-06-05,15.475998878479004,15.505608306079816,14.992373207576486,15.140422228114016,469500
2012-06-06,16.018844604492188,16.19650307637744,15.703008157822286,15.80170751804006,918700
2012-06-07,15.614176750183105,16.137281968807656,15.327949774881647,16.0583228681222,550500
2012-06-08,15.79183578491211,15.890535135074515,15.12068246284798,15.357560714984402,457400
2012-06-11,15.53521728515625,15.959623147337194,15.347689660742988,15.84118355782,464700
2012-06-12,16.245849609375,16.27545997817998,15.545087823791569,15.545087823791569,978000
2012-06-13,16.265592575073242,16.58142903167136,16.058325606380894,16.3642919383936,1728800
2012-06-14,15.98923110961914,16.492594112364618,15.732612665120358,16.42350514659693,449200
2012-06-15,15.920143127441406,16.137282067555223,15.633917091655196,15.989233988180736,517500
2012-06-18,16.09780502319336,16.314944009809434,15.594440880760125,15.86092766895808,521100
2012-06-19,16.374160766601562,16.51233873478995,15.791836639902469,16.008973715989022,595400
2012-06-20,15.939884185791016,16.38403032908518,15.781965975404992,16.137282890040325,519500
2012-06-21,14.992372512817383,15.791834551125453,14.962763086588696,15.683266027442473,408100
2012-06-22,14.814715385437012,15.061462806481865,14.558097841646353,14.943024157332342,343400
2012-06-25,14.804844856262207,14.89367407600245,14.49887764840878,14.804844856262207,292300
2012-06-26,14.301481246948242,14.883805349861682,14.242262389076881,14.686407588179188,429000
2012-06-27,14.548227310180664,14.617317226193565,14.064602604423781,14.321220141004991,313900
2012-06-28,14.074475288391113,14.528490650638144,13.975775928276468,14.262002943088714,372500
2012-06-29,14.508746147155762,14.716013989597982,14.331088668824272,14.597575356954797,325900
2012-07-03,15.643786430358887,15.69313516016526,14.943023736668152,15.002242588942476,355300
2012-07-04,15.772093772888184,15.939882084622454,15.347688873736784,15.594436280255811,193800
2012-07-05,15.68326473236084,15.939881307263242,15.387167670724796,15.545085852592923,900900
2012-07-06,15.120683670043945,15.56482983996748,15.03185443605924,15.495739912831132,341900
2012-07-09,15.081201553344727,15.209510320498097,14.873933689676463,15.012112579210864,257200
2012-07-10,14.390311241149902,15.327951365010987,14.281742701761129,15.268732503986865,256600
2012-07-11,14.390311241149902,14.56796970675592,14.202783592884415,14.439660919514553,279900
2012-07-12,14.508746147155762,14.587705235584552,13.81785365277055,14.074471160797412,403800
2012-07-13,14.400179862976074,14.735756511331113,14.370570435552608,14.656797410690718,288900
2012-07-16,14.350830078125,14.627186928216616,14.271870978098823,14.31135052811191,175400
2012-07-17,14.587708473205566,14.627188026182122,14.173172696318343,14.350831155346237,397400
2012-07-18,14.489008903503418,14.824585547619808,14.222521236258032,14.222521236258032,253700
2012-07-19,15.377298355102539,15.397038599504123,14.646926255043837,14.706145105715267,527700
2012-07-20,15.318079948425293,15.554957240510216,15.199640361116145,15.278599458477785,551500
2012-07-23,15.100940704345703,15.209509218873395,14.95289170315346,15.002241370217542,217600
2012-07-24,15.525348663330078,15.564829157830216,15.1404232546217,15.278601220304996,432400
2012-07-25,16.42350959777832,16.571559573157895,15.732616929052575,15.791836730951042,510100
2012-07-26,16.81830406188965,16.867652789974546,16.3149391287838,16.53207616790398,556100
2012-07-27,16.699865341186523,16.897264028784814,16.56168738938776,16.877523783518306,380200
2012-07-30,16.76895523071289,16.87752470306051,16.344549347026938,16.818305846567945,370000
2012-07-31,16.068193435668945,16.828174094846847,15.999102573440494,16.828174094846847,544600
2012-08-01,15.860921859741211,16.107669248679397,15.416776747905796,15.890532224125739,516700
2012-08-02,15.939884185791016,16.186631624835872,15.703006870211981,15.860925080598003,603400
2012-08-03,15.979362487792969,16.245848254682517,15.90040339343064,16.147150798629582,437600
2012-08-07,16.956485748291016,17.1341442206533,16.85778638780822,17.005834487265552,529600
2012-08-08,16.936742782592773,17.10453110373579,16.897264174253287,16.97622327346568,471700
2012-08-09,17.00583267211914,17.045313165111732,16.82817421871953,16.93674369191563,293500
2012-08-10,16.86765480041504,17.02557300814881,16.808435943148258,16.956484027581975,403400
2012-08-13,16.660385131835938,17.11440136796122,16.581426031970683,16.89726431396513,220600
2012-08-14,16.275461196899414,16.749215838053487,16.275461196899414,16.492598270128298,273500
2012-08-15,16.591299057006836,16.650519804165054,16.137284623996422,16.137284623996422,273100
2012-08-16,17.05517578125,17.07491413652462,16.532070774552395,16.60115972434529,412600
2012-08-17,17.05517578125,17.27231274953235,16.818298575160338,17.153873205221174,258900
2012-08-20,17.617765426635742,17.637505671217,17.025571266931458,17.094660240432514,388100
2012-08-21,18.17047882080078,18.68371387690697,17.86451256457849,17.86451256457849,983300
2012-08-22,18.752803802490234,18.752803802490234,18.002691424486617,18.377748554755126,514900
2012-08-23,18.555408477783203,19.266042376550207,18.466579240437326,19.15747289034219,829900
2012-08-24,18.920591354370117,19.295646586882064,18.644233579206933,18.703454312656184,528900
2012-08-27,18.772544860839844,19.108121515074007,18.683715635746477,19.02916241305029,382900
2012-08-28,18.565275192260742,18.851503100587955,18.555405069642557,18.663974535909208,235000
2012-08-29,18.259307861328125,18.6343630863813,18.15073840136363,18.585014358688323,238000
2012-08-30,18.061908721923828,18.417225576300442,17.8349015683091,18.417225576300442,311300
2012-08-31,19.196950912475586,19.196950912475586,18.01256248895552,18.259309920311075,637300
2012-09-04,19.7003116607666,19.739792148679935,19.196948617604548,19.423955775506382,530300
2012-09-05,19.7003116607666,19.739792148679935,19.31538631627799,19.621352567473213,526500
2012-09-06,19.591745376586914,19.838492794723944,19.433827179581886,19.739793450962452,439000
2012-09-07,20.144458770751953,20.233287990581566,19.868100988778334,19.93719184617177,383300
2012-09-10,19.739795684814453,20.20368020569549,19.71018531357513,20.13459122200402,299900
2012-09-11,20.045757293701172,20.213545593007314,19.94705796189759,19.956928083331263,415700
2012-09-12,20.24315643310547,20.33198564556323,19.443695403518856,20.15432722064771,455100
2012-09-13,20.973529815673828,21.032748666867572,19.690444038787117,20.006280421864872,972200
2012-09-14,21.644683837890625,21.91117150150462,21.121578633300206,21.19066760922974,659500
2012-09-17,21.70390510559082,21.990133046320803,21.220280337750765,21.713775229326366,627500
2012-09-18,22.187528610229492,22.1973987334031,21.526245417865645,21.526245417865645,596600
2012-09-19,22.414531707763672,22.454012193257846,21.99012778390028,22.20726480651875,546800
2012-09-20,22.651412963867188,22.759980544014404,22.088827288413402,22.13817789987426,698000
2012-09-21,22.90802764892578,23.095556199515617,22.286225030962893,22.898159409582387,1532100
2012-09-24,21.901302337646484,22.59219400972062,21.624944539296738,22.365186826719125,612000
2012-09-25,21.54598617553711,22.296098611731434,21.42754657717651,22.138180402273004,478800
2012-09-26,21.7927303314209,21.7927303314209,20.736651758749737,21.111706979101516,712400
2012-09-27,22.631675720214844,22.7205049500897,21.970392499220683,22.148050958970394,436500
2012-09-28,22.52310562133789,22.88829265435646,22.266488062398757,22.365187413149737,452300
2012-10-01,22.22701072692871,22.819204982879153,22.167789983560116,22.641546517840656,620200
2012-10-02,22.217134475708008,22.46388185742507,21.84207740127953,22.276353320210827,460900
2012-10-03,22.05921745300293,22.394794060250273,21.90129927106691,22.236875878314255,510600
2012-10-04,22.898162841796875,22.947511576043766,22.335577105701176,22.335577105701176,454500
2012-10-05,22.52310562133789,22.79946342693393,22.325708802369466,22.641545218745776,310000
2012-10-09,21.71377182006836,22.227006878532517,21.54598350797559,21.76312054846428,352700
2012-10-10,22.000001907348633,22.05922076382938,21.31897846895278,21.5163752847331,459700
2012-10-11,21.990127563476562,22.434271725635046,21.980257442201957,22.078956772414887,449700
2012-10-12,21.802600860595703,22.19739633216497,21.664422916179785,21.9802592934352,434500
2012-10-15,21.723644256591797,21.723644256591797,21.240019513162014,21.447286453546127,425600
2012-10-16,22.197397232055664,22.31583681959468,21.911171209514226,21.96051993951101,325400
2012-10-17,22.28622817993164,22.47375675701863,21.980261888656518,22.15792034247224,287800
2012-10-18,21.901302337646484,22.28622772469541,21.86182184536788,22.227008868810994,345400
2012-10-19,22.04935073852539,22.088829348843277,21.48676689312753,21.743384449061093,491000
2012-10-22,22.730371475219727,22.730371475219727,21.921038410871514,21.921038410871514,348500
2012-10-23,21.802600860595703,22.355314520792675,21.684161277858273,22.167785965847287,456000
2012-10-24,21.279499053955078,21.87169329635413,21.200539947137443,21.802604313205403,388000
2012-10-25,22.23687744140625,22.286226170780157,21.59533266434533,21.62494303148969,366700
2012-10-26,22.000001907348633,22.404667544611826,21.772992839527678,22.236879215805125,343400
2012-10-29,21.67429542541504,21.89143438945275,21.575597949980086,21.832215527685044,92200
2012-10-30,22.009868621826172,22.27635628131161,21.713772477420157,21.822341942217935,59000
2012-10-31,22.789592742919922,22.947510947222863,22.09869918719444,22.14804980262254,392300
2012-11-01,23.34230613708496,23.39165675183462,22.868551530689018,22.94751063175501,506300
2012-11-02,22.532974243164062,22.89816125184811,22.444145021660738,22.848810638494367,381900
2012-11-05,22.108564376831055,22.61192924667262,22.05921565494844,22.45401107760857,288100
2012-11-06,22.266483306884766,22.552711174678784,21.763118419839966,22.28622354932569,471500
2012-11-07,22.483625411987305,22.67115209429426,21.851950741612782,22.36518582300039,330800
2012-11-08,23.381786346435547,23.539704546659895,22.33557591678244,22.46388563104812,548700
2012-11-09,23.401527404785156,23.86541381858808,23.312700054145218,23.431137776687574,498900
2012-11-12,23.036338806152344,23.441004415994204,22.957379708684016,23.431134293493994,189700
2012-11-13,23.243608474731445,23.6087955202125,22.572457008294638,22.888293435449278,360800
2012-11-14,21.417675018310547,23.529832154505254,21.309105560177198,23.411392574493124,686900
2012-11-15,20.7169132232666,21.368326263538275,20.588605392772724,21.269626918717297,715000
2012-11-16,20.95379066467285,21.091970501380956,20.183939911375784,20.32211786555045,430800
2012-11-19,22.04935073852539,22.128309841694676,21.506507139553232,21.555855873083967,312900
2012-11-20,21.82234001159668,22.681019883926787,21.654551709268592,22.07895752589453,329000
2012-11-21,22.325706481933594,22.434274062195453,21.50650515615165,21.940779242265766,637600
2012-11-22,22.22701072692871,22.48362830059169,22.078962633574513,22.088830874935635,67600
2012-11-23,22.819202423095703,22.86855115450011,22.17765761963783,22.404666678685025,236000
2012-11-26,22.67115020751953,22.85867875675309,22.29609499158566,22.848808634947822,213100
2012-11-27,22.157917022705078,22.611931329960314,22.088826170157624,22.602061208167818,332100
2012-11-28,22.157917022705078,22.286224840941006,21.338715739260564,21.427543070326518,384500
2012-11-29,22.444143295288086,22.53297250995879,22.108566680428375,22.434273173376532,241900
2012-11-30,22.592193603515625,22.888291642680866,22.18752797760324,22.34544617881132,423000
2012-12-03,22.22701072692871,22.83894334813504,22.167789983560116,22.592195898366825,258400
2012-12-04,22.335575103759766,22.42440432346923,21.506505524027077,21.506505524027077,437000
2012-12-05,21.595335006713867,22.4145364278967,21.516375901631193,22.355317569718085,269900
2012-12-06,21.338714599609375,21.95064705779612,21.28936399328261,21.388063323402996,248400
2012-12-07,21.7335147857666,21.8124738906068,21.269628397613587,21.299238767878744,261400
2012-12-10,22.069087982177734,22.207265923289786,21.822340583030073,21.881559431716198,273400
2012-12-11,21.7927303314209,22.148047190462886,21.71377123858193,22.019737488016272,336100
2012-12-12,22.69089126586914,22.799460727092114,21.822341223685306,21.980259413173275,337500
2012-12-13,22.069087982177734,22.384924351881423,21.802600339290276,22.01973737282825,265600
2012-12-14,22.345439910888672,22.35531003101228,21.901295800523947,22.029603597064977,433500
2012-12-17,20.026023864746094,21.51637680009807,19.947062873832657,21.41767932652355,2005400
2012-12-18,19.75953483581543,20.41094790666354,19.631225116765446,20.006282268183156,1414300
2012-12-19,20.203678131103516,20.371466452496627,19.542394968264006,19.542394968264006,1019600
2012-12-20,19.947059631347656,20.124718066956426,19.325256989250292,19.70031222245399,761300
2012-12-21,19.818750381469727,20.07536789416457,19.621351715540403,19.77927177780378,642700
2012-12-24,19.799013137817383,19.947061218426292,19.6213546880733,19.90758260877954,219500
2012-12-27,19.749664306640625,20.045760466381907,19.641094836219867,19.87797214051959,816000
2012-12-28,19.29564666748047,19.789141486418927,19.21668757175165,19.710182390690107,530500
2012-12-31,19.799013137817383,19.927322854869654,18.792285060156722,19.29564815772031,789200
2013-01-02,20.637954711914062,20.637954711914062,20.035890385632705,20.045760508649355,748200
2013-01-03,19.710182189941406,20.52938350573433,19.64109321719903,20.52938350573433,575800
2013-01-04,19.966800689697266,19.986540935021356,19.344998022255748,19.394346753032558,302100
2013-01-07,19.72992515563965,20.026023214347543,19.49304783819348,19.90758361435767,356600
2013-01-08,19.47330665588379,19.90758265827874,19.45356640974459,19.86810216600034,353800
2013-01-09,19.502914428710938,19.80888067300194,19.42395533719928,19.670702733489858,329100
2013-01-10,19.69044303894043,19.927320314220527,19.59174370360708,19.66083267358045,793600
2013-01-11,19.443696975708008,19.729922997023216,19.3449976336039,19.729922997023216,388200
2013-01-14,19.108118057250977,19.631221307546777,19.039029090799318,19.54239209852803,389600
2013-01-15,19.098255157470703,19.48318062041263,19.039036289910527,19.147603900015206,522300
2013-01-16,18.78240966796875,19.157464825797057,18.772539547692617,18.969936305616425,409900
2013-01-17,18.910722732543945,19.06864093587151,18.506057101200376,18.654105181503283,521000
2013-01-18,18.703454971313477,19.088380339622425,18.683714726135225,19.04889984926592,340900
2013-01-21,18.545536041259766,18.75280295983138,18.328397117956182,18.58501464752103,153100
2013-01-22,18.812023162841797,18.92059263229839,18.38761729045706,18.436967904997992,561800
2013-01-23,18.604755401611328,19.019291132644437,18.594885279142282,18.68371449883033,419500
2013-01-24,17.973081588745117,18.545537423740527,17.943473102475327,18.407357585192152,448900
2013-01-25,17.37101936340332,18.052042793976256,17.22297128263533,17.874384344041275,475700
2013-01-28,17.015701293945312,17.341407802260584,16.847912978599062,17.124270757561522,356700
2013-01-29,18.101390838623047,18.150739569491964,17.232838868076204,17.341408335027914,424100
2013-01-30,18.17047882080078,18.594884660175772,18.081649604069582,18.338267132122677,611000
2013-01-31,17.98295021057129,18.35800732063778,17.736202805408237,18.101389793364206,423500
2013-02-01,18.101390838623047,18.545536946576934,17.963212886163355,18.25930903644367,314800
2013-02-04,18.111263275146484,18.427099711138087,17.834905452387005,17.864515824211338,214100
2013-02-05,18.140869140625,18.338267825835736,18.052041803066885,18.338267825835736,144300
2013-02-06,18.269184112548828,18.555410217754744,18.12113599726757,18.14087436544686,367900
2013-02-07,18.348140716552734,18.44684007404898,18.04217440259468,18.13100363608793,272600
2013-02-08,18.58501625061035,18.861374048410312,18.27904996619383,18.27904996619383,315600
2013-02-11,18.081647872924805,18.436964705831414,17.884251096613568,18.35800561880029,195400
2013-02-12,17.755945205688477,18.061911498134045,17.66711597844081,17.91386341356577,428200
2013-02-13,17.9335994720459,18.910718861044355,17.84477026554303,18.2198254510294,916100
2013-02-14,17.58815574645996,18.29878951886378,17.371018695188468,17.933602509985885,603100
2013-02-15,17.134143829345703,17.430240021498157,16.739346396430857,17.341410787345684,524700
2013-02-19,16.99596405029297,17.19336276762706,16.62090874639862,17.055184795013407,396400
2013-02-20,17.173620223999023,17.864513759791365,17.065052638256493,17.519066991895194,1878400
2013-02-21,17.479589462280273,17.76581742440071,17.272322495945133,17.272322495945133,641300
2013-02-22,17.321664810180664,17.765810834045013,17.22296736712908,17.765810834045013,225900
2013-02-25,17.55854606628418,17.85464219628382,17.44997660676878,17.519065578266478,344200
2013-02-26,17.18349266052246,17.61776870956728,16.808437356256725,17.568418088918047,607200
2013-02-27,16.630779266357422,17.11440406454992,16.59129876893743,17.11440406454992,536000
2013-02-28,16.47286033630371,16.877526004860375,16.29520187058934,16.620908430221135,379200
2013-03-01,16.07806396484375,16.611037452044346,15.9497542428558,16.453119242315758,443200
2013-03-04,15.38716983795166,16.13728224874248,15.288470489749331,16.13728224874248,280700
2013-03-05,15.406907081604004,15.890532693573002,15.298338566119781,15.59443562984639,366600
2013-03-06,16.433378219604492,16.482728834398177,15.130552109586617,15.229251456640524,610500
2013-03-07,16.433378219604492,16.946613318258038,16.403769733261747,16.541947689617135,341600
2013-03-08,16.57155990600586,17.02557431752366,16.087933239777,16.334680693654157,612400
2013-03-11,16.620906829833984,16.94661335810428,16.561687974475785,16.77882503247816,366000
2013-03-12,17.02557373046875,17.390760777929824,16.828175021160014,16.907134128376786,444100
2013-03-13,16.492595672607422,17.242708010895008,16.423506700303736,17.222969649189174,337800
2013-03-14,16.433378219604492,16.67025552301379,16.314940509166576,16.403769733261747,267100
2013-03-15,16.42350959777832,16.640648557650426,16.16689202499633,16.472860217082722,415000
2013-03-18,16.83803939819336,16.85777963889377,16.453114117200155,16.6899913580062,299700
2013-03-19,16.739343643188477,16.986091056909064,16.561687086637686,16.89726371990035,406800
2013-03-20,16.759084701538086,16.946613272177242,16.561687890500494,16.759084701538086,283800
2013-03-21,17.00583267211914,17.124272268563388,16.749215115267873,16.907133322171187,504300
2013-03-22,16.83803939819336,17.015697799431134,16.71960171905682,16.7985607993255,180900
2013-03-25,16.689990997314453,16.946608473275084,16.40376504347605,16.788690316150532,213100
2013-03-26,16.245849609375,16.551817772759435,16.107671653352003,16.551817772759435,191500
2013-03-27,16.512332916259766,16.541943277237742,16.038578435809907,16.068188796787883,181900
2013-03-28,16.235977172851562,16.38402521354714,16.09779737000711,16.3149362533914,130900
2013-04-01,15.821444511413574,16.20636986627949,15.663525379302772,16.18662962179064,200300
2013-04-02,14.883803367614746,15.594436156295375,14.804844273457636,15.574695912122772,419900
2013-04-03,14.281740188598633,15.23911945057514,13.926423319911825,14.824584672551632,552200
2013-04-04,14.992372512817383,15.002242635315842,13.91655457468598,14.13369162205194,459900
2013-04-05,15.100940704345703,15.683264704915322,14.854193310291906,15.28846830966928,435900
2013-04-08,14.814715385437012,15.17990145563139,14.696276736287487,15.07133292922767,211100
2013-04-09,15.43652057647705,15.525348866464203,14.775237345216238,14.834456205207672,440700
2013-04-10,14.913415908813477,15.39704163816424,14.725888256322497,15.387171514015543,310300
2013-04-11,14.62718677520752,15.100942311675533,14.617317593757525,14.86406501407488,217900
2013-04-12,14.034993171691895,14.183041243583293,13.45266912405681,14.113952268869532,456900
2013-04-15,12.376852035522461,13.205923616864021,12.218933818365366,12.347242605122212,951400
2013-04-16,11.972184181213379,12.939433555200619,11.85374553998637,12.939433555200619,684700
2013-04-17,11.133241653442383,12.199190272321623,11.064152687432276,11.774785413773959,2723000
2013-04-18,11.567517280578613,11.883353621476363,11.034542984680389,11.281290361323391,544900
2013-04-19,11.616867065429688,11.863614444648501,11.172721029822581,11.804394659478703,578400
2013-04-22,11.616867065429688,11.922833288551747,11.379988866017047,11.8833537455274,451600
2013-04-23,11.14311408996582,11.449081322507705,10.916106902327295,11.449081322507705,501700
2013-04-24,12.209061622619629,12.337370387602697,11.3207713312189,11.409600548612305,1317600
2013-04-25,12.742034912109375,13.275009230296396,12.209060593922354,12.69268524646368,1007300
2013-04-26,12.070881843566895,13.01839185697879,11.952443209548731,12.830864255100014,845200
2013-04-29,12.120233535766602,12.426200764076219,12.090624107629138,12.278151740855403,318500
2013-04-30,12.258411407470703,12.268281529777417,11.695827613721404,12.110363337936679,403500
2013-05-01,11.952445983886719,12.15971387684507,11.577389751806523,11.863617693704692,383900
2013-05-02,11.89322566986084,12.238671488384027,11.863616243419811,12.17945263550197,460100
2013-05-03,12.090621948242188,12.366978757790223,11.952443072834878,11.972183315578743,375900
2013-05-06,11.89322566986084,12.21893218451224,11.755046777691547,12.21893218451224,258300
2013-05-07,11.320772171020508,11.656348821059835,11.162853968947115,11.656348821059835,2406900
2013-05-08,11.774787902832031,11.883356435407592,11.409601811877769,11.429341117224794,397000
2013-05-09,11.646478652954102,12.159712807702556,11.49842963313431,11.67608808041137,319400
2013-05-10,11.65634822845459,11.69582777696581,11.162853401430997,11.379990447609366,274200
2013-05-13,11.25168228149414,11.557649504772579,11.231942976815999,11.557649504772579,218200
2013-05-14,11.301030158996582,11.557647667894884,11.14311198160273,11.192461647354955,274000
2013-05-15,10.28443431854248,11.152985500021588,10.175865773832669,11.152985500021588,723500
2013-05-16,10.225213050842285,10.452221173469965,10.008075992479661,10.156124072387517,846800
2013-05-17,9.711979866027832,10.254824448944188,9.524451275307555,10.185734522289271,680600
2013-05-21,10.481829643249512,10.649617953819606,10.1561231442056,10.373261123990424,1614900
2013-05-22,10.531180381774902,10.965455444173145,10.294303075012223,10.827277485861622,721200
2013-05-23,10.481829643249512,10.758186473078693,10.323911454775693,10.758186473078693,1418800
2013-05-24,10.54104995727539,10.78779737431823,10.432480491365856,10.481830163027762,202600
2013-05-27,10.649617195129395,10.768055828047062,10.570658106517616,10.639747073736276,1044200
2013-05-28,10.491698265075684,10.827274838229789,10.28443043702559,10.659486551652737,301700
2013-05-29,10.945713996887207,10.975323419120535,10.43247899142119,10.610137407354282,378500
2013-05-30,11.498429298400879,11.626738068669448,11.05428413440457,11.261552003105075,1610100
2013-05-31,11.0641508102417,11.49842571632891,10.689094738896815,11.49842571632891,576900
2013-06-03,11.557645797729492,11.587255215883035,11.02467156463356,11.152980298320822,501100
2013-06-04,11.528039932250977,11.616869155353147,11.31090193591975,11.439210709148805,439500
2013-06-05,11.567517280578613,11.883353621476363,11.429338410802576,11.508297496027014,288800
2013-06-06,11.715563774108887,11.893222162902259,11.370118057447398,11.567515744292024,295300
2013-06-07,11.281291961669922,11.468819580363702,11.172722498134918,11.350380935725523,412000
2013-06-10,11.301030158996582,11.53790742508736,11.212200948895894,11.291160037592821,255500
2013-06-11,11.044414520263672,11.251682398506693,10.975325541271578,11.152983991556097,271500
2013-06-12,11.152983665466309,11.449080760194333,11.02467489304194,11.044414197348226,218100
2013-06-13,11.093764305114746,11.241813328918642,10.886496424802694,11.064154876860668,279000
2013-06-14,10.876628875732422,11.271424449277363,10.856888626421728,11.251684199966668,199300
2013-06-17,10.83714771270752,10.916107763842522,10.679229492971189,10.83714771270752,208600
2013-06-18,10.73845100402832,10.945718935716318,10.68910131719461,10.807540000835324,206600
2013-06-19,10.481829643249512,10.985194574959795,10.452220218227334,10.748317292249068,344500
2013-06-20,9.869897842407227,10.363392734527588,9.721849751277842,9.741589057503916,648100
2013-06-21,10.28443431854248,10.462092792855692,9.879768630399608,10.027816731482703,500200
2013-06-24,9.56393051147461,10.24495398375286,9.544191205421205,10.24495398375286,401300
2013-06-25,9.869897842407227,9.879767966153668,9.554061412655575,9.642890643839928,317900
2013-06-26,9.13952350616455,9.563928374797875,9.129653384709533,9.396141016395504,303700
2013-06-27,9.761329650878906,9.869898192136343,9.188875631036344,9.218485062058038,339200
2013-06-28,11.014805793762207,11.034546041169493,9.67250003187128,9.751459138966815,613300
2013-07-02,10.73845100402832,11.518173043946598,10.580532759174034,11.350384673472172,539300
2013-07-03,11.45895004272461,11.49842959295191,10.777927565986994,10.777927565986994,356900
2013-07-04,11.557645797729492,11.695824651223413,11.330637748508511,11.458946482195772,152900
2013-07-05,11.25168228149414,11.350381628685053,10.92597575353756,11.212202730871123,373300
2013-07-08,11.034543991088867,11.5082985456444,11.034543991088867,11.399730028875416,281600
2013-07-09,11.547778129577637,11.75504598318937,11.172721968696088,11.192462212500363,294700
2013-07-10,11.972184181213379,12.0610133974503,11.61686825753235,11.72543677667378,539400
2013-07-11,12.465678215026855,12.742035027369356,12.238670127509858,12.67294605960038,457500
2013-07-12,12.199190139770508,12.396588796968647,11.96231288065261,12.396588796968647,400800
2013-07-15,12.317630767822266,12.46567978474131,12.189322937599155,12.22880248719089,368400
2013-07-16,12.959174156188965,13.018393007799673,12.376850114839167,12.436069907716552,480400
2013-07-17,12.574248313903809,13.235531475678554,12.445939542382336,13.038133727671177,585700
2013-07-18,12.38671875,12.761774883148302,12.327498964232769,12.702555097381069,391600
2013-07-19,12.840736389160156,12.850606512191964,12.406460388427975,12.44593993928847,373800
2013-07-22,13.659936904907227,13.837595343090513,13.37370994409342,13.679676208446104,834700
2013-07-23,13.965902328491211,14.03499223988466,13.442798109102483,13.61058641478188,521500
2013-07-24,13.393449783325195,14.173171600263998,13.057873138342242,13.877075446471244,517100
2013-07-25,13.689547538757324,13.768506642413211,13.245402345376272,13.373711124133779,358700
2013-07-26,13.482277870178223,13.689545725132254,13.235530468626596,13.561236963373412,427400
2013-07-29,13.314488410949707,13.590846154511816,13.304618289836798,13.432927040504943,204200
2013-07-30,13.196051597595215,13.35396979207015,12.959174305882815,13.304620120980061,372900
2013-07-31,13.235532760620117,13.432930527791408,12.899956085795525,13.215793454536389,394900
2013-08-01,12.86047649383545,13.413191181526107,12.86047649383545,13.393450934234714,240800
2013-08-02,12.534768104553223,13.057872344556626,12.515028801424789,12.89008497353163,424800
2013-08-06,11.794526100158691,12.465679361708812,11.676087455402788,12.465679361708812,529600
2013-08-07,11.824136734008789,12.041274742211206,11.695828895031713,11.715568200540966,394000
2013-08-08,12.505157470703125,12.623596101827554,12.021532824961728,12.041272126182514,794100
2013-08-09,13.028263092041016,13.156571858511066,12.436069871333094,12.663077037287795,558200
2013-08-12,13.55136775970459,13.916554767062236,13.432929111885908,13.67967653015817,489900
2013-08-13,13.413190841674805,13.729027260200347,13.038134624042335,13.729027260200347,598800
2013-08-14,14.656798362731934,14.686407792078699,13.4724098936599,13.541499817158067,862900
2013-08-15,15.485867500305176,15.663525942020605,14.449529100343032,14.607447296860437,1213900
2013-08-16,15.130553245544434,15.742486795927341,14.834456123419336,15.643788382730177,731800
2013-08-19,14.765364646911621,15.318079244303313,14.656796128346576,15.021982172174429,631000
2013-08-20,15.57469654083252,15.870793626507666,14.873933845950235,14.883803968434968,579200
2013-08-21,15.051590919494629,15.584565248829348,15.002241252816734,15.475996735151265,511700
2013-08-22,15.643786430358887,15.870793599521603,15.426648442397433,15.426648442397433,355200
2013-08-23,15.969488143920898,16.27545431837178,15.614171371956775,15.673391147706264,522300
2013-08-26,16.31494140625,16.6603863161329,16.16689143626182,16.17676155976327,507600
2013-08-27,15.377298355102539,17.035441234169134,15.308209382230318,16.77882370454851,882700
2013-08-28,14.923283576965332,15.910274180263594,14.82458517552219,15.545087176997225,599600
2013-08-29,14.903545379638672,15.16016199545569,14.321221285205006,14.883805133124492,570900
2013-08-30,14.725887298583984,15.219382178720803,14.538358717022595,14.607448640303163,293500
2013-09-03,15.189770698547363,15.485866833637184,15.041721689735796,15.239119426884562,325300
2013-09-04,15.130553245544434,15.189773046476175,14.804846693586867,14.88380580065132,379200
2013-09-05,14.45939826965332,14.962763226584059,14.37056999013616,14.952893103993253,736500
2013-09-06,14.646925926208496,14.81471423478833,14.400178524328343,14.666665228900255,386000
2013-09-09,14.271871566772461,14.725886881283161,14.262001443545396,14.587707979904511,332800
2013-09-10,13.827726364135742,13.975774447353148,13.55136856160534,13.738897137698595,571400
2013-09-11,13.936293601989746,14.084342612730007,13.620457218437194,13.926423479687061,430000
2013-09-12,12.939433097839355,13.521757102572467,12.899953552159142,13.521757102572467,524400
2013-09-13,13.077611923217773,13.205920681454167,12.672946346385013,12.840734650135174,404900
2013-09-16,12.712425231933594,13.146700210039652,12.653205446104032,13.038131700829778,489000
2013-09-17,12.811124801635742,12.899954017940251,12.663076735305996,12.771645254530034,529600
2013-09-18,14.192913055419922,14.390310821860135,12.32750204470961,12.68281896556879,981000
2013-09-19,14.044862747192383,14.558097834522556,13.679676677176705,14.419918939949037,824600
2013-09-20,13.452668190002441,13.719154889157418,13.008523063899736,13.699415586866904,797500
2013-09-23,12.672947883605957,13.452669708032593,12.64333845619568,13.275011261037475,1025700
2013-09-24,12.60385799407959,12.870344704026826,12.218931700526182,12.574247627544718,551600
2013-09-25,12.929564476013184,13.196051185551985,12.672946947370889,12.712426494756883,476700
2013-09-26,12.524898529052734,13.117092709020884,12.406459881312445,12.919694962787068,316800
2013-09-27,12.426202774047852,13.008526955455373,12.337373534000346,12.663080119996602,334600
2013-09-30,12.04127311706543,12.396589980944507,12.001793570108493,12.258411095961904,743100
2013-10-01,11.774787902832031,11.982055785943022,11.606999571681861,11.64647912364268,425600
2013-10-02,11.794526100158691,12.268281620448976,11.725437126034418,11.873485196662626,451600
2013-10-03,11.528039932250977,11.932705556368225,11.518169809402574,11.764917233012284,282200
2013-10-04,11.449081420898438,11.636609058330233,11.350382069871111,11.597129506172656,274400
2013-10-07,11.636608123779297,11.90309578539105,11.55764902580545,11.58725845222897,557900
2013-10-08,11.162853240966797,11.824135433707237,11.133242874059013,11.626737693988698,325300
2013-10-09,11.133241653442383,11.370119856400654,10.73844621728954,11.024673143816992,394200
2013-10-10,11.212200164794922,11.537906618208812,11.172720623207375,11.192460864634409,963300
2013-10-11,10.935843467712402,11.093761635420424,10.876624625455158,11.083891514622042,304100
2013-10-15,11.103633880615234,11.18259297957605,10.718707567231226,10.738447812604782,283000
2013-10-16,10.748315811157227,11.15298134867612,10.728575569684832,11.143111227939922,411000
2013-10-17,11.646478652954102,11.883355955145696,11.152983802754918,11.172723107304186,553400
2013-10-18,11.478686332702637,11.86361252071613,11.340507483892727,11.597124942568389,331900
2013-10-21,11.794526100158691,11.84387577079032,11.597128358898853,11.616868603658176,305200
2013-10-22,12.218929290771484,12.613724687376996,12.031400771434011,12.031400771434011,493400
2013-10-23,11.794526100158691,12.33737059457325,11.725437126034418,12.149842975693074,464700
2013-10-24,12.593988418579102,12.702556943453047,12.090623460836198,12.120232887389694,476600
2013-10-25,12.830865859985352,12.850606105424118,12.357111264655451,12.475549913487926,459300
2013-10-28,12.554508209228516,12.890084830077178,12.485418295881253,12.890084830077178,311100
2013-10-29,12.179452896118164,12.564378271888264,12.100493796408056,12.544638967594095,629700
2013-10-30,12.455808639526367,12.712426161440215,12.031402810304746,12.515028429685959,649600
2013-10-31,11.646478652954102,12.159712807702556,11.646478652954102,12.03140403369876,477800
2013-11-01,11.241812705993652,11.557649099914212,11.123374058273441,11.528039673300833,301800
2013-11-04,11.33064079284668,11.498429109575827,11.10363362389941,11.251681695711396,217400
2013-11-05,11.152983665466309,11.33064116928975,11.01480477025544,11.241812888011387,326600
2013-11-06,11.103633880615234,11.291161505330496,10.98519523217401,11.281292323910424,327200
2013-11-07,10.817403793334961,11.113500799718294,10.817403793334961,10.975321945735022,290300
2013-11-08,10.98519515991211,11.024674709132816,10.639748398280897,10.738447741966015,433800
2013-11-11,11.054282188415527,11.14311139383069,10.74831597117056,10.8667545979686,240200
2013-11-12,10.8667573928833,11.389861697766298,10.71870836535785,11.37999157434458,405400
2013-11-13,10.827277183532715,11.064154483681092,10.698968410635663,10.906236283582174,323500
2013-11-14,11.103633880615234,11.143113430095642,10.8174069115656,10.935845560006824,358000
2013-11-15,10.916105270385742,11.192462091798896,10.83714523728679,11.10363287817087,285900
2013-11-18,10.333783149719238,10.787798481317923,10.314042902522132,10.77792835771937,412700
2013-11-19,10.570659637451172,10.610139187474829,10.34365151886511,10.34365151886511,238100
2013-11-20,10.14625358581543,10.541050020200746,10.077164609836348,10.39300100433124,392100
2013-11-21,9.94885540008545,10.116643712570884,9.800807332017905,10.067294042792817,576600
2013-11-22,9.968595504760742,10.205472786854864,9.840286741643098,9.978464685564678,252600
2013-11-25,10.16599178314209,10.225210624546758,9.672497045526129,9.840285331616876,314200
2013-11-26,9.751457214355469,10.116643247913522,9.652757879332592,10.116643247913522,337400
2013-11-27,9.88963794708252,10.067295465618844,9.771198346369244,9.909377253023536,375400
2013-11-28,9.919246673583984,10.017945078827239,9.850156754520308,9.958726223934631,140700
2013-11-29,10.185733795166016,10.481830904825513,10.047555834253876,10.165994489864323,253700
2013-12-02,9.613279342651367,10.175864105307864,9.54419036564328,10.027815087233327,552900
2013-12-03,9.386272430419922,9.633019859560719,9.317182510199114,9.633019859560719,283700
2013-12-04,9.978464126586914,9.998204369622265,9.29744174339945,9.465230044133545,814700
2013-12-05,9.692237854003906,9.860026166208046,9.633019003382833,9.702107976196304,448700
2013-12-06,9.544189453125,9.889636187670769,9.534319331277034,9.830416397849605,416400
2013-12-09,9.919246673583984,9.938985978125945,9.633019698225112,9.69223855311772,395900
2013-12-10,10.481829643249512,10.837145567315602,10.46209034032361,10.481829643249512,468600
2013-12-11,10.037686347961426,10.51144100046769,9.988336669675316,10.481831570002754,389100
2013-12-12,9.840286254882812,9.909375223426043,9.494839529633458,9.63301840798652,375400
2013-12-13,10.017946243286133,10.25482451419083,9.929117950622064,9.968597505561707,356200
2013-12-16,10.047554016113281,10.264691041474002,9.899505017440143,10.037683894615087,340200
2013-12-17,9.958725929260254,10.165993797784866,9.879766830895326,10.008075601055008,653700
2013-12-18,9.869897842407227,10.30417293331575,9.869897842407227,10.00807675105698,588200
2013-12-19,9.682367324829102,9.78106570920957,9.633017662005603,9.642887782823609,356400
2013-12-20,9.731717109680176,9.998204753283774,9.731717109680176,9.790936899792074,981500
2013-12-23,9.633021354675293,9.869898697511516,9.613281105472163,9.672500911814662,264200
2013-12-24,9.781065940856934,9.810675362745668,9.633017890146709,9.781065940856934,254700
2013-12-27,10.185733795166016,10.235083470320392,9.860027256920597,10.017945464401192,403800
2013-12-30,9.919246673583984,10.185733403134169,9.919246673583984,10.067294752082228,231400
2013-12-31,10.294301986694336,10.373261080600974,9.790937057089536,9.869896150996173,315600
2014-01-02,10.98519515991211,11.133243234173085,10.471960078776217,10.560789299839483,574500
2014-01-03,10.60027027130127,11.074025866780369,10.53118128621202,11.05428561888811,375100
2014-01-06,10.718708038330078,10.965455468744123,10.62000963092451,10.62000963092451,816500
2014-01-07,11.152983665466309,11.202333338132098,10.402871276493105,10.65948882134184,690500
2014-01-08,11.182594299316406,11.30103296173545,10.975326404766374,11.044415389194112,582700
2014-01-09,10.787796974182129,11.212201875692621,10.768056729742884,11.182592450300415,390300
2014-01-10,11.360248565673828,11.449077764980137,11.103631087959261,11.103631087959261,453200
2014-01-13,11.547778129577637,11.676086890505532,11.172721968696088,11.340510275965903,588300
2014-01-14,11.14311408996582,11.863617087233221,11.123374784690052,11.439211199236441,686000
2014-01-15,11.409601211547852,11.468820065739825,11.004934648658024,11.044414198541578,510500
2014-01-16,11.409601211547852,11.587258715390488,11.340511293301594,11.449080761431407,350100
2014-01-17,11.922835350036621,11.972185022666363,11.587258705674435,11.587258705674435,509200
2014-01-20,12.209061622619629,12.22880186704779,11.942574911706075,12.090622979850641,188500
2014-01-21,12.0807523727417,12.228801376210567,11.60699782068122,11.824134853075629,589800
2014-01-22,11.804394721984863,12.209060275443838,11.745174936501487,12.090621645743642,475800
2014-01-23,12.258411407470703,12.633467583725793,12.06101366766978,12.080752971016537,683900
2014-01-24,11.784655570983887,12.554508147222684,11.537908167609908,12.396589959666,718800
2014-01-27,11.281291961669922,11.784655966065511,11.241812413457195,11.73530723674961,510400
2014-01-28,11.528039932250977,11.57738866395954,11.212202589969177,11.350381486046635,460700
2014-01-29,11.922835350036621,11.922835350036621,11.528039851532116,11.69582817371321,474500
2014-01-30,11.725439071655273,11.80439818126102,11.449082188035163,11.488561742838035,324000
2014-01-31,11.478686332702637,11.745172969583978,11.222068874026975,11.676084015812224,368400
2014-02-03,11.37012004852295,11.715565825677084,11.212200930126867,11.58725707144272,320200
2014-02-04,11.45895004272461,11.478690288471622,11.192463314007012,11.271422414461613,289600
2014-02-05,11.212200164794922,11.65634618423797,11.212200164794922,11.616866642650423,304700
2014-02-06,11.301030158996582,11.439209034849494,11.192461647354955,11.429338913445733,304300
2014-02-07,11.685958862304688,11.695828985769273,11.064155203037448,11.320772765516013,424000
2014-02-10,12.061012268066406,12.139971354824079,11.863614551172226,11.883353852228364,523900
2014-02-11,12.613725662231445,12.742034411361224,12.130101028696044,12.16958057140778,834300
2014-02-12,12.130102157592773,12.712426172735192,12.120232035679633,12.653206382522983,740200
2014-02-13,12.633466720581055,12.663076144211548,12.011663176741056,12.15971123616013,462900
2014-02-14,13.205920219421387,13.502017271048455,13.02826180019183,13.067741344324332,1023800
2014-02-18,13.363840103149414,13.452669324111909,13.057872891086008,13.334230676584149,623600
2014-02-19,12.742034912109375,13.541496860023196,12.69268524646368,13.294749473061305,794100
2014-02-20,13.403321266174316,13.432930696304755,12.771647462035169,12.850607511161025,531100
2014-02-21,13.265140533447266,13.561237617852491,13.067742790932677,13.482278520846656,530700
2014-02-24,13.156571388244629,13.472407761332981,13.126961963584256,13.472407761332981,313600
2014-02-25,12.771645545959473,13.10722217464867,12.623597476251495,13.10722217464867,412600
2014-02-26,12.327499389648438,12.742035080524786,12.278149723350472,12.69268541422682,460100
2014-02-27,12.02153205871582,12.396588170670594,11.942572976332343,12.33736838824973,644700
2014-02-28,12.04127311706543,12.169581879992135,11.873484807181788,12.100492908134159,442700
2014-03-03,12.475546836853027,12.791383155850212,12.14984039757056,12.366977396247886,565400
2014-03-04,12.199190139770508,12.436068340154964,12.061012209251679,12.189320959923846,381000
2014-03-05,12.376852035522461,12.426201713700758,12.090625031608523,12.19919357058732,278800
2014-03-06,12.505157470703125,12.613725980583876,12.406458140799481,12.406458140799481,285800
2014-03-07,12.189323425292969,12.426200732320828,12.061014648669524,12.426200732320828,387200
2014-03-10,11.982051849365234,12.159709304188038,11.873482411192262,12.130099885261979,208600
2014-03-11,11.784655570983887,12.317629924621015,11.755046146133669,12.179451981142238,290500
2014-03-12,12.199190139770508,12.248539804070044,11.991922302725706,11.991922302725706,228000
2014-03-13,12.524898529052734,12.68281766730649,12.051143938091576,12.169582585831865,354700
2014-03-14,12.613725662231445,12.98878178862621,12.515027276085378,12.751904532355795,407600
2014-03-17,12.159713745117188,12.653208633360798,12.149844562715083,12.515030667063339,256300
2014-03-18,12.445939064025879,12.633467623375308,11.962314364679118,11.972184487016808,249400
2014-03-19,11.991924285888672,12.41633015127756,11.96231485891892,12.317630806356098,258000
2014-03-20,12.189323425292969,12.28802183258787,11.89322632087477,11.89322632087477,210300
2014-03-21,12.179452896118164,12.50515941773904,12.090623673627613,12.297891545683328,194100
2014-03-24,11.281291961669922,12.12023259650702,11.271421839300071,11.942575100183092,422400
2014-03-25,11.192461967468262,11.458948664125472,11.113502876513044,11.350380149378699,281700
2014-03-26,10.659488677978516,11.429340360903991,10.629879251283956,11.192463064814106,336500
2014-03-27,10.827277183532715,10.945715833606904,10.452220987664422,10.580529760561474,279500
2014-03-28,10.886496543884277,11.034545569307603,10.521310453866894,10.837146868743169,268300
2014-03-31,10.521309852600098,10.837146249427104,10.452220876110868,10.80753682254125,593500
2014-04-01,10.639749526977539,10.698969327724164,10.481831313342273,10.560790420159906,191600
2014-04-02,10.995063781738281,11.083892049410036,10.847014786418882,10.85688490769349,331400
2014-04-03,10.748315811157227,10.827274894513765,10.590396703177628,10.827274894513765,273700
2014-04-04,10.649617195129395,11.054282759581405,10.610137650823505,11.034543458061751,263900
2014-04-07,10.58052921295166,10.925975022472343,10.521309420346208,10.649618186602464,279800
2014-04-08,10.708837509155273,10.876625816028056,10.58052874853099,10.777926479773491,317300
2014-04-09,10.98519515991211,11.133243234173085,10.521309750618776,10.60026884906019,380000
2014-04-10,10.659488677978516,11.281292286164488,10.620009128630201,11.143113392812038,331900
2014-04-11,10.373261451721191,10.698967961055411,10.23508256180768,10.659488412689647,315500
2014-04-14,10.481829643249512,10.71870692596024,10.373261123990424,10.46209034032361,239400
2014-04-15,10.323912620544434,10.353522048910087,10.027815513087628,10.26469282254637,390700
2014-04-16,10.205472946166992,10.363391136694915,10.077164181046388,10.323911589062934,168100
2014-04-17,10.037686347961426,10.284433798125145,9.988336669675316,10.136385704533643,205200
2014-04-21,9.919246673583984,10.008075897189622,9.613279452416426,9.968596346838975,352000
2014-04-22,10.205472946166992,10.205472946166992,9.820546650805182,9.869896320661823,275600
2014-04-23,10.422613143920898,10.501572255966243,10.165995559140098,10.264693978563347,226800
2014-04-24,10.28443431854248,10.54105190560226,10.16599564942263,10.195605081385876,282900
2014-04-25,10.422613143920898,10.521311563344147,10.274564102885732,10.383133587898227,212200
2014-04-28,10.185733795166016,10.373262372499294,10.077165262839797,10.353522125930839,235300
2014-04-29,10.373261451721191,10.422611122495066,10.146253342668041,10.165993587484262,245200
2014-04-30,10.264692306518555,10.442350750314723,10.225212756926819,10.284432551947777,232800
2014-05-01,10.274561882019043,10.383131343564036,10.126513814251618,10.136383936440556,171900
2014-05-02,10.62000846862793,10.708837684457837,10.264691605308297,10.264691605308297,389900
2014-05-05,10.481829643249512,10.787796839367521,10.471959521153236,10.758186473078693,233800
2014-05-06,10.28443431854248,10.481832100408898,10.215345330205952,10.481832100408898,134700
2014-05-07,9.978464126586914,10.264691061733327,9.830416068888168,10.264691061733327,354300
2014-05-08,10.008075714111328,10.15612378990132,9.919246492130648,9.919246492130648,401500
2014-05-09,10.017946243286133,10.12651572532028,9.810678344536298,10.067295922277397,284800
2014-05-12,10.15612506866455,10.264693608496021,10.087036083432418,10.116645514065214,262700
2014-05-13,10.16599178314209,10.284430407217938,10.087032700424857,10.205471324500706,130400
2014-05-14,9.94885540008545,10.254822599696144,9.909375852516327,10.244952477487198,270900
2014-05-15,9.761329650878906,9.899507623158037,9.692239723472499,9.899507623158037,252000
2014-05-16,9.741588592529297,9.771198021088528,9.65275936558484,9.721849287245396,340200
2014-05-20,9.919246673583984,10.008075897189622,9.850156754520308,9.869897000328994,177200
2014-05-21,9.830416679382324,9.899505651763462,9.672498490358777,9.899505651763462,293600
2014-05-22,9.830416679382324,9.968595565411254,9.810676435121053,9.909375773894098,152200
2014-05-23,9.721848487854004,9.830417011155175,9.67249881680195,9.81067676622768,105100
2014-05-26,9.711979866027832,9.761329544705106,9.642890880639746,9.672500311339379,30900
2014-05-27,9.415882110595703,9.672499669680446,9.376402558526262,9.672499669680446,200500
2014-05-28,9.021086692810059,9.396142912381604,8.90264803525064,9.376402665488312,467500
2014-05-29,9.13952350616455,9.208612473816503,8.78420666391659,8.902646238843637,253500
2014-05-30,8.971736907958984,9.129655116121649,8.80394857646946,9.080305440754124,266800
2014-06-02,9.040823936462402,9.139523265884586,8.91251518472019,8.91251518472019,221900
2014-06-03,9.080306053161621,9.109915483872392,8.873038155652562,9.02108719174008,130400
2014-06-04,9.060565948486328,9.159264355918882,9.001346151013397,9.07043513034286,117200
2014-06-05,9.317179679870605,9.425749118122564,9.129652104847201,9.129652104847201,227800
2014-06-06,9.396141052246094,9.435620596950212,9.188873207232824,9.317181021571265,121400
2014-06-09,9.336921691894531,9.44549020948324,9.317181448005693,9.406010662972196,208900
2014-06-10,9.623149871826172,9.633019995034632,9.376402439215244,9.376402439215244,210300
2014-06-11,9.82054615020752,9.89950524144658,9.573798754768804,9.682368211172472,344600
2014-06-12,10.14625358581543,10.244952929728434,9.771197396719394,9.889636985921682,466200
2014-06-13,10.28443431854248,10.304173626095688,10.017946607072664,10.254824886579236,286100
2014-06-16,10.047554016113281,10.34365013092637,10.037683894615087,10.34365013092637,190600
2014-06-17,10.195605278015137,10.215345527215918,9.810678890001899,10.008077616942158,143100
2014-06-18,10.60027027130127,10.629880643139657,10.126515617088998,10.225214032749808,401200
2014-06-19,11.222071647644043,11.301030740403194,10.758186271734052,10.837145364493205,701800
2014-06-20,11.093764305114746,11.27142275717272,10.916106794323525,11.103634428288357,451500
2014-06-23,11.360248565673828,11.399728105224801,10.995062589510699,11.143110627510234,545500
2014-06-24,11.054282188415527,11.616866842289381,11.014802646149514,11.449078552342192,796700
2014-06-25,10.995063781738281,11.17272125834836,10.847014786418882,10.955584237906423,644000
2014-06-26,11.133241653442383,11.152981895883308,10.866754969355856,10.955584177806887,276100
2014-06-27,11.103633880615234,11.301031628017276,10.935845560006824,11.19246310226283,294600
2014-06-30,11.37999153137207,11.419471083643089,10.916107027504305,11.103634665474946,374100
2014-07-02,11.271422386169434,11.42934058668225,11.192463285913027,11.192463285913027,295900
2014-07-03,11.37012004852295,11.399729471418086,11.054282752997368,11.202331750006211,205600
2014-07-04,11.468818664550781,11.518168331192667,11.340509907788517,11.37012027253361,53400
2014-07-07,11.103633880615234,11.439210521832058,11.074024453821606,11.38986084966487,528700
2014-07-08,11.123373985290527,11.271422058652739,10.837146078594648,11.162853534271564,346600
2014-07-09,11.39972972869873,11.449079395482118,11.212201183175178,11.261550849958567,671400
2014-07-10,11.291159629821777,11.863614414100628,11.251680086899086,11.567517371547167,1322700
2014-07-11,11.587260246276855,11.587260246276855,11.074026029983136,11.350382915679754,657700
2014-07-14,10.827277183532715,11.231942806602873,10.72857783783753,11.212202560957149,1068100
2014-07-15,10.481829643249512,10.975324452863518,10.412740671108878,10.955585149937617,567700
2014-07-16,10.679226875305176,10.837145056332988,10.501569392282189,10.531178815908254,599500
2014-07-17,11.152983665466309,11.202333338132098,10.718707675527416,10.817407020858996,540000
2014-07-18,11.123373985290527,11.133243166585766,10.87662656884238,10.995065215785488,310600
2014-07-21,11.093764305114746,11.281292880346331,10.916106794323525,11.241813328918642,346200
2014-07-22,10.906233787536621,11.103631492483018,10.876624367111287,11.083891251355126,192400
2014-07-23,10.787796974182129,11.034544382072724,10.75818660752326,10.896365494797992,151300
2014-07-24,10.708837509155273,10.777926479773491,10.58052874853099,10.718706689767426,391600
2014-07-25,11.202333450317383,11.222072754821347,10.659488928090832,10.728577905754797,491600
2014-07-28,11.350382804870605,11.409602607575163,11.152985031300135,11.152985031300135,285000
2014-07-29,11.498429298400879,11.577388396832815,11.389860773373645,11.508299421021546,318600
2014-07-30,11.547778129577637,11.606997919723831,11.310900851526121,11.449079734356154,189100
2014-07-31,11.41947078704834,11.537909440785219,11.281292828322021,11.429340910176434,348300
2014-08-01,11.468818664550781,11.695826754596817,11.340509907788517,11.478688786132478,243500
2014-08-05,11.261552810668945,11.340511914763024,10.995066069668127,11.231943381950359,368300
2014-08-06,11.537908554077148,11.626737772869816,11.389860483600485,11.498429005865592,289500
2014-08-07,11.567517280578613,11.666215666475889,11.370119567517518,11.508297496027014,342600
2014-08-08,11.646478652954102,11.863616650596427,11.557649429315573,11.56751955222357,262000
2014-08-11,11.774787902832031,11.883356435407592,11.626738877028888,11.656349246949576,156700
2014-08-12,11.774787902832031,12.110364565132373,11.75504765621824,11.81426745479285,259500
2014-08-13,11.162853240966797,11.65634806089648,11.004934107925294,11.65634806089648,710100
2014-08-14,10.639749526977539,11.152984662558959,10.590399849899818,11.103634985481238,539600
2014-08-15,10.60027027130127,10.728579058800467,10.363392944195134,10.432481929284384,344200
2014-08-18,10.689098358154297,10.718707785551015,10.47196036095601,10.501570729619452,158800
2014-08-19,10.61014175415039,10.797669426810476,10.531182635002256,10.669361564144966,145100
2014-08-20,10.689098358154297,10.797666886120078,10.5706597073007,10.610139257585233,140700
2014-08-21,10.491698265075684,10.610136889494806,10.33378009918352,10.531177806548724,264700
2014-08-22,10.639749526977539,10.669359897984252,10.442351759933455,10.481831313342273,236100
2014-08-25,10.501570701599121,10.728577879812796,10.501570701599121,10.659488902315891,326100
2014-08-26,10.886496543884277,10.955586465588535,10.610139680867537,10.649619232727073,257200
2014-08-27,10.728577613830566,10.985195154266632,10.698968187246928,10.866756506665379,242600
2014-08-28,10.8667573928833,10.96545580330016,10.787798288043104,10.945716497723497,213000
2014-08-29,10.995063781738281,11.064152748127391,10.777925820029772,10.876625150242704,147500
2014-09-02,10.679226875305176,10.876625542856548,10.649617451679113,10.807535632706925,271200
2014-09-03,10.629877090454102,10.787795255745925,10.610136849159368,10.669356631777058,206000
2014-09-04,10.10677433013916,10.698968528289006,10.02781522922141,10.63974873196733,330600
2014-09-05,10.294301986694336,10.343650714436,10.017944216754458,10.165993223779388,284700
2014-09-08,10.017946243286133,10.264693696975613,9.968597505561707,10.25482451419083,161400
2014-09-09,10.05742359161377,10.225211898610986,9.800807011441524,10.096903137891548,290200
2014-09-10,10.027815818786621,10.195604153418296,9.919247283958331,9.958726836738325,121400
2014-09-11,10.15612506866455,10.175865316597633,9.810678259970226,9.919247741068526,275500
2014-09-12,10.037686347961426,10.185734441552928,9.929117808745445,10.037686347961426,211600
2014-09-15,9.988333702087402,10.185731415317086,9.91924473777365,10.02781324473334,222700
2014-09-16,9.968595504760742,10.09690332661174,9.820546497501931,9.948855260619576,190900
2014-09-17,9.771196365356445,10.027813879430571,9.72184763987547,9.96859503234676,374100
2014-09-18,9.494842529296875,9.71198056637497,9.475103221162628,9.702110441674398,256900
2014-09-19,9.060565948486328,9.534320563202783,9.060565948486328,9.376402358297298,669800
2014-09-22,8.803948402404785,9.090175384357254,8.734859423016283,9.021086404968752,369800
2014-09-23,9.090176582336426,9.119786014366998,8.813819687095059,8.932258356484216,161900
2014-09-24,8.951997756958008,9.109915984448598,8.882908767747596,9.109915984448598,244100
2014-09-25,9.030954360961914,9.05069460454578,8.82368650966443,8.843426753248297,212400
2014-09-26,8.991475105285645,9.050694896682103,8.892776707980413,9.040824774571584,184300
2014-09-29,8.87303638458252,9.080304240720634,8.87303638458252,9.021085391119255,104500
2014-09-30,8.616419792175293,8.96186657021626,8.586810364169901,8.833557793837237,260000
2014-10-01,8.626291275024414,8.863168618939905,8.586811717705165,8.65590164896402,343000
2014-10-02,8.636160850524902,8.705249836123715,8.409153645690614,8.646030974543828,202100
2014-10-03,8.182144165039062,8.567070467592172,8.132794494260457,8.567070467592172,342100
2014-10-06,8.162406921386719,8.290714780018048,8.024227996588548,8.221625788252423,298000
2014-10-07,7.895917892456055,8.201885124946102,7.866307993280657,8.201885124946102,256400
2014-10-08,8.428893089294434,8.468372644744205,7.5011225949579545,7.92552805135971,652800
2014-10-09,8.113055229187012,8.537460140855824,7.955137034959854,8.537460140855824,608600
2014-10-10,7.984744071960449,8.300580365913977,7.846565222722579,8.053833025946183,305700
2014-10-14,8.103185653686523,8.47824186092521,7.984747000021687,8.201885002373928,1359000
2014-10-15,8.192015647888184,8.340063743543524,7.856438960384787,7.856438960384787,686500
2014-10-16,8.438762664794922,8.626290305671793,8.132795424002694,8.132795424002694,564200
2014-10-17,7.974877834320068,8.53746174208549,7.91565897101153,8.488113003083996,492600
2014-10-20,8.162406921386719,8.172276105019725,7.86630929262399,8.073577679821247,272200
2014-10-21,8.103185653686523,8.419022063459419,8.073576225587,8.270973981695061,200300
2014-10-22,7.639298915863037,8.083444026549662,7.619559143624372,8.07357484638027,258700
2014-10-23,7.372812271118164,7.589950251567513,7.22476420428754,7.5702104779478745,652900
2014-10-24,7.4715118408203125,7.580080363767894,7.224764427630342,7.3333329505779234,332900
2014-10-27,7.096456527709961,7.451772977935744,7.0767167510659394,7.441902854297035,269800
2014-10-28,7.343203067779541,7.402422390426956,7.047105983909127,7.185284874053102,426600
2014-10-29,6.899057388305664,7.30372346253175,6.810228640342218,7.165545044096016,699300
2014-10-30,6.178555965423584,6.770749712145428,6.168685842172087,6.711530384536582,1036400
2014-10-31,5.704800605773926,5.882458580249922,5.379093613284564,5.615971383219249,2363900
2014-11-03,6.00089693069458,6.03050682694757,5.655450651120825,5.754149520908564,711100
2014-11-04,5.655450820922852,5.971287684359793,5.635711046372627,5.951547909809569,836800
2014-11-05,5.20143461227417,5.507401298804031,5.171824720388515,5.379092551688302,1789800
2014-11-06,5.42844295501709,5.625840692400743,5.280394416662685,5.30013419040105,666000
2014-11-07,5.9614176750183105,5.991027572722827,5.527142156029997,5.57649182865974,592900
2014-11-10,5.527141094207764,5.9712866506503115,5.458052130558874,5.931807108384298,581500
2014-11-11,5.793630123138428,5.892329010887219,5.546882668449737,5.714671012939394,723300
2014-11-12,5.487662315368652,5.744279846430855,5.329744124335502,5.615971080899754,974900
2014-11-13,5.359354019165039,5.6159715726996655,5.280394916733885,5.576492021484088,636900
2014-11-14,5.862719535827637,5.882459313229074,5.161956732126517,5.250785965749689,1352100
2014-11-17,5.704800605773926,5.813369132637022,5.517272508510363,5.813369132637022,764500
2014-11-18,6.099595069885254,6.129204962591631,5.842978039174196,5.892327232840453,717100
2014-11-19,5.66532039642334,6.109466023759322,5.606101073571877,6.109466023759322,891400
2014-11-20,5.773889064788818,5.8627182793747945,5.615970879421141,5.8034989598619156,686900
2014-11-21,5.8034987449646,6.060115786684822,5.704799882764514,5.93180750114136,778600
2014-11-24,5.487662315368652,5.655450628658041,5.349483898214645,5.635710854778898,1131400
2014-11-25,5.546882152557373,5.615971602872516,5.408703722560463,5.48766282541584,440400
2014-11-26,5.329744338989258,5.527142085730828,5.280394666987189,5.507402311056671,679300
2014-11-27,5.033647537231445,5.240915418526273,4.9448187814146465,5.2113059901318,429700
2014-11-28,4.480932712554932,5.033646827910461,4.4611929395291385,4.984297630662634,886500
2014-12-01,4.836248874664307,4.915207963126861,4.619110910758994,4.688200348480374,991400
2014-12-02,4.5401530265808105,4.885599365551437,4.520413249229159,4.737551270730751,429400
2014-12-03,4.806639671325684,4.915208668866996,4.569762371926483,4.628981696776283,644100
2014-12-04,4.6783318519592285,4.905339545448819,4.648722418818625,4.905339545448819,542200
2014-12-05,4.599372386932373,4.767160730770407,4.540153054513082,4.628982288458728,363600
2014-12-08,4.57963228225708,4.688201285918865,3.9282192015531416,4.648721733793376,1325900
2014-12-09,5.161956310272217,5.329744639788848,4.6684614449331265,4.777030447085073,1014400
2014-12-10,5.221175670623779,5.477793228125413,5.102737015146125,5.250785569809884,866400
2014-12-11,5.181695461273193,5.448182637599054,5.122476141048927,5.191565583293898,796400
2014-12-12,5.477792739868164,5.635710933095833,5.112606212079171,5.13234598623263,581700
2014-12-15,5.043516635894775,5.961416730425548,5.033646514679416,5.408702649464012,977900
2014-12-16,4.94481897354126,5.28039517530629,4.905338949759035,5.240915622157463,645000
2014-12-17,5.349484443664551,5.369224219556423,4.934948679301854,5.023777906131969,1014100
2014-12-18,5.566620826721191,5.586360598528834,5.260654128386097,5.477792088903444,704600
2014-12-19,5.645579814910889,5.902197314541658,5.4876616432201235,5.537011307190125,1670900
2014-12-22,5.310004234313965,5.744279720789827,5.2902644608665765,5.685060400447663,765900
2014-12-23,5.221175670623779,5.665320863981675,5.191566242071056,5.260655222449665,546100
2014-12-24,5.458052635192871,5.537011727025201,5.112605902476462,5.231045010858267,372700
2014-12-29,5.398833751678467,5.64558119037852,5.34948454631849,5.625841414107851,334100
2014-12-30,5.764019966125488,5.833108943530855,5.44818309447705,5.497532767452336,467900
2014-12-31,5.754151344299316,5.783761249935171,5.497534201533672,5.754151344299316,364500
2015-01-02,6.060116767883301,6.060116767883301,5.477793151301653,5.615971580754356,620700
2015-01-05,6.415432929992676,6.415432929992676,6.069986635581279,6.208165059219167,650100
2015-01-06,7.4024224281311035,7.471511873554997,6.415432771046956,6.533871416945051,1144600
2015-01-07,7.244504451751709,7.481381750680908,6.928667582546086,7.145805106564518,1006500
2015-01-08,6.8793182373046875,7.550471557474282,6.829969032996169,7.3234638998816335,757700
2015-01-09,7.323462963104248,7.333332614450128,6.92866702596934,6.92866702596934,550700
2015-01-12,8.004486083984375,8.438762076697904,7.402422709161894,7.491251932274513,959300
2015-01-13,7.668909072875977,8.261102731004243,7.550470435376986,8.261102731004243,1749500
2015-01-14,6.968146800994873,7.678779605254785,6.859577808832015,7.678779605254785,1171700
2015-01-15,6.987886905670166,7.550471196447575,6.948407355857718,7.451772321916457,1557300
2015-01-16,7.353071212768555,7.461640184024039,7.037234890037323,7.076714430378726,642500
2015-01-19,7.422162055969238,7.560340473456698,7.234633968348163,7.5504708218099745,159400
2015-01-20,7.668909072875977,7.8761769238158665,7.432031797877995,7.609689754126482,656700
2015-01-21,7.78734827041626,7.876177490245473,7.530731204046697,7.80708804475238,1050500
2015-01-22,7.6886491775512695,8.004485557843322,7.609690082478257,7.905787159635386,639500
2015-01-23,7.283982753753662,7.619558869749127,7.185283896107937,7.5800793266908375,540900
2015-01-26,7.599820613861084,7.629430512376577,7.175415206028162,7.264244430941269,447500
2015-01-27,8.05383586883545,8.10318554250202,7.540601239363256,7.570211137689872,588200
2015-01-28,7.510991096496582,8.03409579914702,7.432032002655005,7.826827471862893,483000
2015-01-29,7.30372428894043,7.520861828194038,7.056976849926452,7.264244736348864,601000
2015-01-30,7.747868061065674,7.8465669243299985,7.2543732741107485,7.402421804323886,527600
2015-02-02,7.895917892456055,8.03409679443007,7.412293147447144,7.412293147447144,363400
2015-02-03,7.5899505615234375,7.856437751587936,7.412292591691554,7.7873483057810855,461400
2015-02-04,7.757739067077637,7.846567818825201,7.550471195277723,7.757739067077637,401900
2015-02-05,7.747868061065674,7.856437045973083,7.57021010718989,7.649169197801349,306200
2015-02-06,7.510991096496582,7.737998726607779,7.372812211640499,7.432032002655005,527100
2015-02-09,7.619559288024902,7.728128272711734,7.372811895048751,7.432031683520334,240200
2015-02-10,7.6590399742126465,7.6689096260661795,7.32346333979233,7.451772108321668,340000
2015-02-11,7.461641788482666,7.728128978405856,7.441902014067368,7.599820209389749,396600
2015-02-12,7.264244079589844,7.510991496295432,7.195154633484274,7.501121373723201,508400
2015-02-13,7.481381416320801,7.580080286463555,7.343202998120945,7.343202998120945,417700
2015-02-17,7.244504451751709,7.412292773809904,7.214894554068881,7.264244226662476,244300
2015-02-18,7.481381416320801,7.501121190349351,7.175414683561595,7.22476435394964,270400
2015-02-19,7.2346343994140625,7.63930002434117,7.185285196973375,7.580080699032328,205000
2015-02-20,6.899057388305664,7.343203010656246,6.780618743932177,7.234634017997214,392200
2015-02-23,6.701660633087158,6.899058402734763,6.533872293569991,6.751010310815762,427200
2015-02-24,7.04710578918457,7.126064883866004,6.6325700714737135,6.711529636788476,433700
2015-02-25,7.372812271118164,7.728128666904981,7.086585318316745,7.126064865556021,675100
2015-02-26,7.530731201171875,7.708389170129137,7.461641755705157,7.520861078690911,632200
2015-02-27,7.6096906661987305,7.708389542610942,7.4912520145040755,7.570211115633845,367800
2015-03-02,7.520862102508545,7.70839021947504,7.382683663398172,7.629431111411971,203900
2015-03-03,7.372812271118164,7.698519241792187,7.333332723878888,7.540600582201754,263000
2015-03-04,7.1754150390625,7.4320325847809325,7.056976389023235,7.402422686954437,409100
2015-03-05,7.214893341064453,7.372811513800583,7.07671493992034,7.205023690585084,158800
2015-03-06,6.84970760345459,7.135934538228104,6.691789424443906,6.958276586841084,419200
2015-03-09,6.2180352210998535,6.889188039344166,6.2180352210998535,6.879317916562621,394400
2015-03-10,6.099595069885254,6.326602678523214,6.000896211919462,6.168684505777947,446800
2015-03-11,6.385822772979736,6.405562546983022,5.882458300579274,6.109465936933732,570400
2015-03-12,6.3364739418029785,6.494392143013427,6.277254616349061,6.395693267256897,235500
2015-03-13,6.55361270904541,6.583222612694112,6.257516025725657,6.366084574292841,219900
2015-03-16,6.543741226196289,6.6720499884275855,6.356213143850544,6.612830197679817,316600
2015-03-17,6.405562400817871,6.652309805545216,6.375952975805252,6.425302645004051,337700
2015-03-18,6.711529731750488,6.731269505700147,6.29699400817433,6.346343207731809,414100
2015-03-19,6.9977569580078125,7.126065258290169,6.632570419968227,6.632570419968227,303900
2015-03-20,7.254373073577881,7.372811706221067,6.987885914814066,7.056975352505903,811700
2015-03-23,7.570210933685303,7.589950708493304,7.175414966891932,7.2148945165079335,602800
2015-03-24,7.4024224281311035,7.570210745136743,7.362942879498405,7.540600848345548,418900
2015-03-25,7.353071212768555,7.570209155279522,7.333331442597853,7.471510304426012,429700
2015-03-26,7.1359357833862305,7.6787803244070085,7.047106556876153,7.520861647207605,527400
2015-03-27,7.283982753753662,7.372811490318176,6.90892662406663,7.096454688910146,233300
2015-03-30,6.9977569580078125,7.264244151876327,6.938537633885182,7.135935380960618,274400
2015-03-31,6.741138935089111,7.0767155518019855,6.612830173330268,6.938537138710403,912500
2015-04-01,6.869448184967041,6.978017181141621,6.632570417916443,6.829968635564167,863800
2015-04-02,6.810227394104004,6.997755448695313,6.681918650862595,6.7904876236540375,410400
2015-04-06,6.987886905670166,7.116195677877298,6.8497084813266005,7.116195677877298,335600
2015-04-07,6.602960109710693,6.86944726792174,6.563480565578189,6.563480565578189,773400
2015-04-08,6.356212615966797,6.504261139274139,6.227903864391548,6.464781595809953,758100
2015-04-09,6.247645378112793,6.375954165463522,6.208165823640786,6.267385155348796,360700
2015-04-10,6.385822772979736,6.4647823396262165,6.257514477275045,6.4154326693013335,442100
2015-04-13,6.267384052276611,6.395692817044741,6.267384052276611,6.385822694847193,236200
2015-04-14,6.168684959411621,6.287123597680329,6.119335291483003,6.257514173429809,300200
2015-04-15,6.366084098815918,6.445043679103887,6.168686324679539,6.198296226116705,424100
2015-04-16,6.178555965423584,6.41543327585897,6.148946066302471,6.41543327585897,327700
2015-04-17,6.139074802398682,6.33647299505124,6.089725607210512,6.2279040126239975,270100
2015-04-20,6.109464645385742,6.119334294984261,5.921936596681506,6.109464645385742,562800
2015-04-21,6.050246715545654,6.158815239052665,5.991027392550919,6.07985614172635,348200
2015-04-22,5.852848052978516,6.030506478978634,5.823238629067367,5.97128716052303,399900
2015-04-23,5.872588634490967,5.941678084186561,5.7442803288182525,5.882458757576068,434200
2015-04-24,5.773889064788818,5.97128726713173,5.724539867178077,5.842978506203835,604300
2015-04-27,6.030506134033203,6.079855327940108,5.76401898090942,5.833107946505743,643400
2015-04-28,6.099595069885254,6.148944734184789,5.912067004433611,6.040375755105779,595700
2015-04-29,6.04037618637085,6.198294841024321,5.951547443176166,6.069986081191286,509000
2015-04-30,5.8034987449646,6.050246135781462,5.773888850987925,5.912067258068045,649100
2015-05-01,6.020636558532715,6.040376332011183,5.744279729834158,5.744279729834158,432600
2015-05-04,6.089726448059082,6.188425322696718,6.050246898204028,6.099596100206167,336400
2015-05-05,5.951546669006348,6.227903455093478,5.921936778037529,6.188423914223888,338500
2015-05-06,5.783758640289307,6.020635895962619,5.704799555064869,6.020635895962619,598800
2015-05-07,5.635711193084717,5.734410068405226,5.438313442443699,5.724540416189856,611100
2015-05-08,5.902197360992432,5.951547025350819,5.625840087725362,5.704799644825439,502500
2015-05-11,5.991025924682617,6.060114882598904,5.882456957142873,5.912066376068931,386600
2015-05-12,6.04037618637085,6.099595505378409,5.94167732135825,5.991026989181206,437400
2015-05-13,6.208164215087891,6.3463426199375,6.109465354481026,6.237774108586595,604900
2015-05-14,6.3364739418029785,6.454912592710816,6.257514841197755,6.287124268608032,417300
2015-05-15,6.375953197479248,6.533871391392457,6.34634330080385,6.356213423240097,394100
2015-05-19,6.296994209289551,6.454912405930454,6.2772544347094374,6.2772544347094374,313400
2015-05-20,6.316733360290527,6.445042117711473,6.287123466026731,6.287123466026731,308400
2015-05-21,6.296994209289551,6.375953307610002,6.247644537522594,6.316733983869663,108100
2015-05-22,6.346343040466309,6.45491202964463,6.257514295350702,6.257514295350702,169400
2015-05-25,6.198294162750244,6.306862667066889,6.198294162750244,6.267383125382061,137700
2015-05-26,6.079856872558594,6.296994886940486,6.010767889409864,6.11933642596741,280600
2015-05-27,6.020636558532715,6.1193354259250565,5.951547586674738,6.099595652446588,244900
2015-05-28,6.168684959411621,6.1785550812506695,5.98115688016951,5.98115688016951,306100
2015-05-29,6.069985866546631,6.267383589591524,6.050246094242142,6.227904044982545,226700
2015-06-01,6.1884260177612305,6.375954135951984,6.109466909182683,6.168686240616593,215100
2015-06-02,6.237773418426514,6.3266021478278525,6.158813868043978,6.1982938785518655,238000
2015-06-03,6.089726448059082,6.277254545187269,6.069986673131555,6.178555670549633,213700
2015-06-04,6.060116767883301,6.1686857691985395,5.9910277884736365,6.0206372166110995,145500
2015-06-05,5.931807994842529,6.089726187506112,5.921937872484387,5.971287543008425,201800
2015-06-08,5.971287727355957,5.9910275020483175,5.8034994071542165,5.92193805530838,150600
2015-06-09,5.951546669006348,6.010765980310732,5.8923268870687115,5.981156089341915,136600
2015-06-10,5.9120683670043945,6.030507494493617,5.892328590861755,5.991027942208338,233700
2015-06-11,5.813368320465088,5.912067181384989,5.744279353137802,5.862717986241685,124700
2015-06-12,5.764019966125488,5.833108943530855,5.744280191062046,5.803499516252373,159500
2015-06-15,6.198294162750244,6.237773704435071,5.764018733583885,5.862717587795953,419000
2015-06-16,6.139074802398682,6.247643784825924,6.1094653794124385,6.148944923816291,202400
2015-06-17,6.247645378112793,6.2871249325848,6.109466937460768,6.129206714696771,243500
2015-06-18,6.415432929992676,6.553611353630563,6.346343482857054,6.366083257662467,411100
2015-06-19,6.267384052276611,6.445042486765815,6.227904504753083,6.405562468608958,352200
2015-06-22,6.454913139343262,6.533872246635115,6.188425916916555,6.198296040644737,201900
2015-06-23,6.247645378112793,6.435173497171533,6.208165823640786,6.405563596000821,268300
2015-06-24,6.1884260177612305,6.336474581662711,6.15881611672757,6.21803591879489,135000
2015-06-25,6.227904319763184,6.277253988018405,6.158814878332536,6.178555122141278,133400
2015-06-26,6.00089693069458,6.316733784648681,5.981157156737033,6.168685244650405,373400
2015-06-29,5.921936988830566,6.119334700204945,5.921936988830566,6.10946504995286,204500
2015-06-30,5.971287727355957,6.139075576924346,5.872588383260802,5.92193805530838,181200
2015-07-02,5.842979431152344,5.921938536335474,5.793629755096192,5.872588860279322,192200
2015-07-03,5.902197360992432,5.94167690422583,5.862717817759033,5.94167690422583,47700
2015-07-06,6.069985866546631,6.168684728069077,5.852847900563954,5.912067217477422,231600
2015-07-07,5.902197360992432,6.010766340200917,5.724539416442138,5.921937132609131,292400
2015-07-08,5.823239326477051,6.040376853486012,5.773889653203787,5.912068079482217,397800
2015-07-09,5.744279384613037,5.931807456705039,5.655450173981747,5.931807456705039,248300
2015-07-10,5.546882152557373,5.852848911438647,5.546882152557373,5.7541500328694255,389600
2015-07-13,5.773889064788818,5.793628837959778,5.458052694053465,5.497532240395384,233600
2015-07-14,5.724540710449219,5.902198695158313,5.685061158291642,5.754150139250709,141800
2015-07-15,5.615971088409424,5.70480030630102,5.606100966139987,5.625840740045526,151600
2015-07-16,5.882458686828613,5.951548135693279,5.537012383772018,5.576491934370865,440600
2015-07-17,5.398833751678467,5.793629747725229,5.35935419913713,5.793629747725229,459200
2015-07-20,4.727680683135986,5.329744539272382,4.668461356888149,5.191566111360762,468300
2015-07-21,4.885598182678223,5.122475924179978,4.8362489865639455,5.033646712287657,694600
2015-07-22,4.836248874664307,4.974427279473775,4.658590454990271,4.79676933043303,358200
2015-07-23,4.510543346405029,4.885599095343186,4.441453894178674,4.885599095343186,423100
2015-07-24,4.619110584259033,4.628980704935832,4.086136304176578,4.441452647775967,790000
2015-07-27,3.967698335647583,4.441453381872668,3.9479585616645934,4.441453381872668,1841400
2015-07-28,4.0663981437683105,4.155227382503253,3.9874390296187814,4.076268268353724,682900
2015-07-29,4.0367889404296875,4.125617713573605,3.957829821797997,4.066398374599836,811000
2015-07-30,3.8887391090393066,4.017047870933747,3.868999335719648,3.9973080976140887,467700
2015-07-31,3.9578285217285156,4.0269174925201305,3.9183487400642734,3.9282186266511694,480400
2015-08-04,3.8196494579315186,4.046657073992821,3.7999096856928527,3.9479582127994926,506200
2015-08-05,3.730820894241333,3.9874381969568744,3.7110811198260354,3.8887393248803863,356800
2015-08-06,3.898608922958374,3.9479583553367523,3.711080844603881,3.7308206175552323,637600
2015-08-07,3.9282188415527344,4.253925352055431,3.918348954425885,3.947958615806433,631200
2015-08-10,4.313145637512207,4.342755540818367,3.938089607662622,4.046658390290556,516100
2015-08-11,4.619110584259033,4.658590125699714,4.352623444217805,4.559891272098011,639700
2015-08-12,5.112606525421143,5.132346300784414,4.707940895157382,4.7276806705206535,808900
2015-08-13,4.806639671325684,5.05338709351653,4.757290469267529,4.93494844381693,582300
2015-08-14,4.846118927001953,5.043517135149959,4.777029954188481,4.8757288229458196,488300
2015-08-17,5.161956310272217,5.191566209271249,4.925078530180097,4.9448187766017035,374600
2015-08-18,4.934948921203613,5.033647805501005,4.846119690019259,5.033647805501005,435900
2015-08-19,5.102736473083496,5.142216020715477,5.004037604003544,5.023777377819535,430600
2015-08-20,5.161956310272217,5.319874516578045,5.142216534483988,5.319874516578045,714700
2015-08-21,4.855989933013916,5.201436271854591,4.796770600981236,5.161956717166137,632800
2015-08-24,4.480932712554932,4.974427508833081,4.382233847425964,4.500672485580725,724000
2015-08-25,4.303273677825928,4.7572888143716225,4.293403558467754,4.7572888143716225,447900
2015-08-26,4.086137294769287,4.263795744954933,4.007178192746054,4.244055969449125,448800
2015-08-27,4.401974201202393,4.4414537524625,4.115747219249924,4.2045764449018534,477300
2015-08-28,4.57963228225708,4.7276808380443525,4.401974297692384,4.441453849817871,558000
2015-08-31,4.480932712554932,4.678330442812866,4.342754301374377,4.490802834384485,490400
2015-09-01,4.2637939453125,4.638849521621133,4.244054178138361,4.4809313842280245,475500
2015-09-02,4.10587739944458,4.44145408057998,4.007178514002818,4.263796086784809,477000
2015-09-03,3.967698335647583,4.313144615666568,3.9479585616645934,4.08613697954552,596300
2015-09-04,3.918349027633667,4.056527685307864,3.790040257270722,3.9578288121953484,520600
2015-09-08,3.9479589462280273,4.026918049851247,3.868999842604808,3.987438498039637,457900
2015-09-09,3.7900404930114746,4.096007489324789,3.7406910533856785,3.938089047205552,487600
2015-09-10,3.661731481552124,3.8986089967697364,3.5827723882518066,3.878869223444657,752700
2015-09-11,3.730820894241333,3.7505606686566306,3.4939433659410892,3.641991909372494,580000
2015-09-14,3.7703003883361816,3.7999100495292666,3.622252082370757,3.7209509530143734,358200
2015-09-15,3.898608922958374,3.997308023031786,3.7308206175552323,3.740690504030908,441000
2015-09-16,4.046656608581543,4.0663963785499115,3.9282179887713293,3.9973074189772406,526300
2015-09-17,4.155226707458496,4.19470625811954,3.9578289541532765,4.0269179324934194,488400
2015-09-18,4.293405055999756,4.342754728737312,4.0960073063162525,4.24405585389556,2092700
2015-09-21,4.224315643310547,4.34275428090711,4.15522620272923,4.263795189176068,500600
2015-09-22,4.056527614593506,4.155226485985478,4.036787840315111,4.105876814972821,219800
2015-09-23,3.898608922958374,4.174965979593948,3.8788691500070227,4.174965979593948,259900
2015-09-24,4.313145637512207,4.332885416171831,3.9676992756520586,4.007178832971308,566000
2015-09-25,4.253925323486328,4.401973864711453,4.165096104624586,4.214445775244074,408800
2015-09-28,3.9578285217285156,4.125616358389091,3.9479583998249614,4.105876585215299,349400
2015-09-29,3.9380884170532227,4.105876484932359,3.928218530707391,3.9874378487823803,274400
2015-09-30,4.214446544647217,4.224316668826372,3.8887399768698896,3.8887399768698896,662800
2015-10-01,4.076267242431641,4.372363845970264,4.0071777996226325,4.253925204554815,580200
2015-10-02,4.658589839935303,4.698069849587482,4.18483490107466,4.283534219255266,897200
2015-10-05,4.638852119445801,4.915209485281059,4.559893006530994,4.707941578562974,996000
2015-10-06,4.94481897354126,5.023778079838914,4.737551084193219,4.786900290312555,1356400
2015-10-07,4.94481897354126,4.964558750115673,4.688201407440487,4.7572908607676325,1600000
2015-10-08,4.707941055297852,4.885599039610331,4.698071402597184,4.767160383402011,1200200
2015-10-09,4.934948921203613,4.944819044950054,4.747420805721868,4.895469367484657,798800
2015-10-13,4.974427700042725,5.004037596036231,4.717810640843429,4.875728831119918,961400
2015-10-14,5.161956310272217,5.250785536635934,4.954688429179129,4.974428204967357,953300
2015-10-15,5.349484443664551,5.438313670494666,5.043517682023841,5.132346438220576,1185500
2015-10-16,5.15208625793457,5.398833693998424,5.15208625793457,5.339614365819105,1671500
2015-10-19,4.796768665313721,5.1520845141271625,4.717809587799622,5.102735325997464,909200
2015-10-20,4.984297752380371,5.073126497849005,4.806639320176457,4.846118867192144,753600
2015-10-21,4.757290840148926,4.974428381526373,4.717811287171208,4.974428381526373,587600
2015-10-22,4.757290840148926,4.915209052059796,4.737551063660067,4.767160493076658,490200
2015-10-23,4.796768665313721,4.895467512206343,4.6881996984152225,4.875727742827819,871300
2015-10-26,4.836248874664307,4.905337841752396,4.678330227105909,4.786899209058565,1169700
2015-10-27,4.717811107635498,4.895469089274475,4.658591309789128,4.76716031166297,1101500
2015-10-28,4.786900043487549,5.053387248818058,4.638851491496517,4.846119370157287,1215800
2015-10-29,4.411843776702881,4.786899977761599,4.352624450846246,4.7079408766194195,994400
2015-10-30,4.2637939453125,4.441451849879748,4.244054178138361,4.441451849879748,449900
2015-11-02,4.332884788513184,4.3624946875300745,4.096007478911573,4.244056032729269,411300
2015-11-03,4.411843776702881,4.441453674947881,4.224316146806888,4.303275247949068,454200
2015-11-04,4.165096282958984,4.461193378087043,4.135486855826194,4.451323725920566,1243400
2015-11-05,4.056527614593506,4.1848359120864,4.0170480660367165,4.165096137808005,606200
2015-11-06,3.9084794521331787,3.9775689041404347,3.799910447731316,3.967698780725089,418000
2015-11-09,3.987438917160034,4.0071786951406905,3.7900409020367554,3.8887400272567523,350900
2015-11-10,3.7801709175109863,3.9479592614228025,3.7801709175109863,3.938089372681914,320900
2015-11-11,3.7703003883361816,3.829519946039021,3.7110810659500117,3.7999100495292666,268500
2015-11-12,3.6913411617279053,3.8097798023261293,3.641991728145312,3.7406905953104985,548800
2015-11-13,3.8788695335388184,3.8986093084419835,3.6123823370294095,3.701211324093653,563700
2015-11-16,3.967698335647583,4.036787779904714,3.790040134484009,3.8986091267071195,435800
2015-11-17,3.7604310512542725,3.9282193912050003,3.661732166175435,3.859130171649814,665900
2015-11-18,3.898608922958374,3.9084788094340497,3.6716012987011784,3.7900399364092863,524700
2015-11-19,4.244056224822998,4.253925877853094,3.8887397737049323,3.957829227449206,753800
2015-11-20,4.096007823944092,4.2835359451587305,3.997308936629392,4.253926043647612,1280900
2015-11-23,3.997307777404785,4.174965723050202,3.987437656218954,4.105876286649233,578100
2015-11-24,4.293405055999756,4.313144830968106,4.0960073063162525,4.0960073063162525,735700
2015-11-25,4.283535957336426,4.313145388298303,4.145357044069598,4.2243166247792505,476900
2015-11-26,4.323015213012695,4.362494765316916,4.263795884556364,4.332884865772058,107200
2015-11-27,4.313145637512207,4.342755540818367,4.115747850915964,4.155227408235213,346700
2015-11-30,4.401974201202393,4.4414537524625,4.234185873030247,4.293405199920409,398300
2015-12-01,4.6092424392700195,4.6289822164359835,4.342755212212799,4.4315839741429315,531500
2015-12-02,4.431584358215332,4.559893156230951,4.372365021585074,4.490804165479043,453400
2015-12-03,4.520411968231201,4.559891511746762,4.4217131094423,4.520411968231201,386200
2015-12-04,4.767159461975098,4.796769355620681,4.589501512001477,4.599371162794476,554200
2015-12-07,4.530282974243164,4.7375508534983,4.4513238717904215,4.7375508534983,329600
2015-12-08,4.44145393371582,4.559892592329561,4.372364480874441,4.510543386557199,552400
2015-12-09,4.569761753082275,4.648720842189247,4.461192770243542,4.569761753082275,444400
2015-12-10,4.628981590270996,4.688200913758257,4.510542943296475,4.520412595227678,554900
2015-12-11,4.569761753082275,4.648720842189247,4.461192770243542,4.5302822085287895,396100
2015-12-14,4.431584358215332,4.619112492861209,4.362495367463423,4.540153377354198,546000
2015-12-15,4.323015213012695,4.5006731983816906,4.303275436860585,4.490803545622328,536500
2015-12-16,4.648721694946289,4.6882012467418654,4.431583689437235,4.431583689437235,746500
2015-12-17,4.224315643310547,4.530282359084991,4.214445521527511,4.471063040286709,621300
2015-12-18,4.303273677825928,4.411842166966667,4.214444486135146,4.293403558467754,2286500
2015-12-21,4.510543346405029,4.64872178022435,4.3230152366192565,4.431583770732028,582200
2015-12-22,4.550022602081299,4.678330904083138,4.4908032771650594,4.589502152025458,356300
2015-12-23,4.698070526123047,4.7079401769824285,4.530282225813896,4.589501542870074,430300
2015-12-24,4.984297752380371,4.984297752380371,4.6487211321137085,4.6487211321137085,279600
2015-12-29,4.619110584259033,4.747419329257876,4.56976139277481,4.7276795585375355,518400
2015-12-30,4.44145393371582,4.569762715864069,4.44145393371582,4.550022939428446,176700
2015-12-31,4.451323986053467,4.530283090533046,4.392104187060395,4.451323986053467,196200
2016-01-04,4.737552165985107,4.747421821209293,4.569763791472416,4.628983134718041,371300
2016-01-05,4.628981590270996,4.757290359810067,4.550022492287982,4.7474202372455165,263300
2016-01-06,4.6783318519592285,4.7474213136763925,4.628982639847073,4.698072101564236,313100
2016-01-07,4.57963228225708,4.757290737455161,4.540152730131592,4.757290737455161,886300
2016-01-08,4.451323986053467,4.569762642772836,4.362494758197246,4.471063762173362,683800
2016-01-11,4.125617027282715,4.480933472652377,4.1058772509084775,4.431583796400088,842600
2016-01-12,3.9282188415527344,4.096007158025842,3.8196498478407217,4.046657487074925,713500
2016-01-13,3.967698335647583,4.0269176575965515,3.87886935272413,3.9380886746730988,870300
2016-01-14,3.8788695335388184,3.9775686433713227,3.7999101986094788,3.888739420990401,592800
2016-01-15,3.9084794521331787,4.056528008929648,3.829520347343965,4.0466578855143025,444700
2016-01-18,3.8591301441192627,3.9578292638106967,3.849260255681789,3.9578292638106967,88000
2016-01-19,3.612382411956787,3.9479588275877386,3.5235531877333854,3.9479588275877386,546800
2016-01-20,3.750560760498047,3.750560760498047,3.4544639017012737,3.750560760498047,452300
2016-01-21,3.6913411617279053,3.7406905953104985,3.543292625663464,3.7209508218774614,482400
2016-01-22,3.7703003883361816,3.8887392684251902,3.6617316306282035,3.6913412918212885,501500
2016-01-25,3.809779644012451,4.007177605456703,3.799909757706071,3.898608856086523,403100
2016-01-26,3.9775683879852295,4.0269175867579206,3.8887391713077286,3.928218718579212,327800
2016-01-27,4.076267242431641,4.1058766674688405,3.9676982524841495,4.0565274688624,456800
2016-01-28,3.9282188415527344,4.0762673837721435,3.8887392930453375,4.0565276095184455,454700
2016-01-29,4.145357131958008,4.15522725624351,3.928219574644692,3.928219574644692,393000
2016-02-01,4.2637939453125,4.3427530140090544,4.184834405982772,4.184834405982772,430500
2016-02-02,4.155226707458496,4.303275257754095,4.09600738146693,4.204576381101485,246000
2016-02-03,4.3822340965271,4.4118435224322345,4.2045761291962735,4.253925329249277,406900
2016-02-04,4.569761753082275,4.707940159019476,4.471062891698561,4.490802663975304,628500
2016-02-05,4.915208339691162,4.92507799118847,4.4710631977457735,4.4710631977457735,649300
2016-02-08,5.260654926300049,5.467922797034449,5.142216277489921,5.181695827093297,985400
2016-02-09,4.984297752380371,5.3494837975921365,4.964557978872528,5.300134128505866,704400
2016-02-10,5.033647537231445,5.053387313038887,4.688201225284525,4.925078534973826,658400
2016-02-11,5.537012100219727,5.724540191277556,5.398833209566583,5.675190520239527,917900
2016-02-12,5.9120683670043945,5.9712881660656985,5.33961438823447,5.448183392335679,885300
2016-02-16,5.66532039642334,5.86271860989489,5.5074022021527735,5.655450744598101,1152700
2016-02-17,5.773889064788818,5.8627182793747945,5.615970879421141,5.6554504257630605,768300
2016-02-18,6.168684959411621,6.296993719519378,5.675190162658692,5.773889027882615,1207500
2016-02-19,5.981157302856445,6.375953262285586,5.951547876513434,6.099595949495184,819200
2016-02-22,5.872588634490967,6.050247084955817,5.7442803288182525,5.8034996554287455,656400
2016-02-23,5.921936988830566,6.139074471342383,5.823238133143377,5.951546880853357,605500
2016-02-24,5.941678047180176,6.27725469984961,5.793629496259345,5.951548170203804,1051100
2016-02-25,6.198294162750244,6.208163812854821,5.754148612846048,5.773888383688462,758100
2016-02-26,6.168684959411621,6.415432357788085,5.9910270020085585,6.000896653214295,1126700
2016-02-29,6.198294162750244,6.277253246119898,6.030505875273098,6.168684271169993,840100
2016-03-01,5.734409332275391,6.2575140102728435,5.685060136266805,6.2575140102728435,1140300
2016-03-02,5.892327785491943,5.941677454420068,5.724539946529629,5.724539946529629,1287100
2016-03-03,6.267384052276611,6.336473495759449,5.89232788016977,5.902198002367317,820100
2016-03-04,6.415432929992676,7.056976317118614,6.237774956743963,6.356213605576438,1583900
2016-03-07,7.007626533508301,7.155675077514583,6.691790141637138,6.691790141637138,1813700
2016-03-08,6.987886905670166,7.224764675178206,6.780619033838139,7.135935452783522,1434900
2016-03-09,6.968146800994873,7.096455567129764,6.632570172836951,6.810228609218597,979300
2016-03-10,7.550470352172852,7.639299094001571,7.106324760496034,7.106324760496034,1655300
2016-03-11,7.491252422332764,7.688650185903652,7.22476520619537,7.599820956980056,1262300
2016-03-14,7.3826823234558105,7.856437356482029,7.1655448156923995,7.491251312654177,2044700
2016-03-15,7.629430770874023,7.6393004236246735,7.224765124796247,7.353073434355019,1154100
2016-03-16,8.073577880859375,8.132796749199672,7.333334967103599,7.471513895342528,1298800
2016-03-17,8.25123405456543,8.932257516060094,8.122925272816191,8.300583730817719,4228500
2016-03-18,8.636160850524902,8.784208945741453,8.28084485724508,8.379543273633836,4564100
2016-03-21,8.892776489257812,8.991474884135503,8.557199875887083,8.626288846428128,2472800
2016-03-22,8.715120315551758,9.100046696585942,8.596681646295133,9.070436323321632,1997200
2016-03-23,8.290714263916016,8.557201972023412,8.103186608825776,8.340063944076666,1310000
2016-03-24,8.675639152526855,8.83355734895813,8.300582965369225,8.389412186178491,1438900
2016-03-28,8.527587890625,8.754594977811008,8.221620793476092,8.734855681270043,868300
2016-03-29,8.87303638458252,8.961865600251233,8.340062031836888,8.448631491550488,1211700
2016-03-30,8.616419792175293,8.912516896029445,8.399282731780096,8.78420811965042,1054100
2016-03-31,8.310453414916992,8.803948268813409,8.17227451696997,8.803948268813409,1544500
2016-04-01,8.340062141418457,8.36967156660819,7.816957903822109,8.073575432177547,1042600
2016-04-04,8.083444595336914,8.340062123129616,7.974876075701534,8.330192000999132,573900
2016-04-05,8.359803199768066,8.38941262784105,8.083445400197714,8.310453525468592,690700
2016-04-06,8.261104583740234,8.34006369311456,8.11305648898008,8.261104583740234,590100
2016-04-07,8.527587890625,8.665765790210797,8.399279168676513,8.438758703024789,901300
2016-04-08,8.803948402404785,8.873037381793287,8.419022071668673,8.507851297320602,1043500
2016-04-11,9.633021354675293,9.682371036416228,8.961867942039104,8.961867942039104,1744000
2016-04-12,9.731717109680176,9.919245660645663,9.563928802507531,9.761327475369441,1427100
2016-04-13,9.781065940856934,10.116642526484432,9.623147769094947,9.672497433087205,1167400
2016-04-14,9.583669662475586,10.037684944968628,9.307312820474031,9.810676833088761,768500
2016-04-15,10.412741661071777,10.452221211943643,9.613279579333092,9.741588354983337,1064500
2016-04-18,10.758185386657715,10.856884715119973,10.422609740672458,10.610137335230883,1011900
2016-04-19,12.337369918823242,12.406458889163332,11.528038753353757,11.616867967371945,1675900
2016-04-20,11.903093338012695,12.85060326014936,11.745174233267832,12.27814850564055,2322700
2016-04-21,12.070881843566895,12.574246744094031,11.666216275354856,12.574246744094031,2034100
2016-04-22,11.14311408996582,12.031404476510918,10.965455636150097,11.794527165601126,3371400
2016-04-25,11.212200164794922,11.646476063524453,10.965452794556127,10.965452794556127,1310000
2016-04-26,11.991924285888672,12.021534654125137,11.212202473062606,11.320771940729555,1411700
2016-04-27,12.416328430175781,12.613726151389509,12.090621954856484,12.238670010450134,1994100
2016-04-28,12.406458854675293,12.742035466137093,12.16958157879636,12.534767614426372,1639200
2016-04-29,13.18618106842041,13.26514016322253,12.672946952206637,12.672946952206637,2537400
2016-05-02,12.524898529052734,13.353970004501464,12.34724102807565,13.353970004501464,1702900
2016-05-03,12.426202774047852,12.742039235312852,12.13997574570972,12.505161889364102,1052700
2016-05-04,11.96231460571289,12.712426975691592,11.912964934296744,12.228802266600072,1775500
2016-05-05,12.445939064025879,12.51502897912304,12.139972801690856,12.169582227437255,1134800
2016-05-06,13.205920219421387,13.403317940083905,12.663075781649523,12.74203486991453,1836600
2016-05-09,12.031403541564941,12.603858410345628,11.91296489531377,12.58411816533709,1151600
2016-05-10,12.584117889404297,12.663076985173735,11.962314304269967,12.061013644615098,1299800
2016-05-11,13.275012969970703,13.807987438300772,12.801258305351462,13.126964872593902,2127100
2016-05-12,13.669808387756348,13.788247044576895,13.146703143548796,13.215793065977529,1902500
2016-05-13,13.650069236755371,13.79811733434903,13.383582472833416,13.57111012586984,2128800
2016-05-16,14.291607856750488,14.538355237768418,13.867203001460911,13.867203001460911,1985900
2016-05-17,15.377298355102539,15.574696092785071,14.400178847624007,14.794974322989072,3009500
2016-05-18,14.360699653625488,15.426648404619817,14.29160973778572,15.071332468043936,2890300
2016-05-19,14.824586868286133,15.07133431196919,13.393450941910963,13.827726969902551,2783400
2016-05-20,14.844324111938477,15.199640042620516,14.133691309307734,15.071332218046447,1585400
2016-05-24,13.620454788208008,14.607444251972842,13.502016165508207,14.311347224590092,1454800
2016-05-25,14.143562316894531,14.232391540441913,13.048004089432519,13.561238243654342,2190800
2016-05-26,13.936293601989746,14.646926406249658,13.748765984572085,14.558097188058834,1899900
2016-05-27,13.314488410949707,14.025121129547681,13.215790023620288,13.886942257766629,1611700
2016-05-30,12.870345115661621,12.998653884283149,12.633467823406505,12.88021523815559,801100
2016-05-31,13.462540626525879,13.8375968471989,13.018394482790208,13.028264606265841,1901400
2016-06-01,13.304618835449219,13.748764891078647,13.018391900302806,13.561236347309201,1859800
2016-06-02,13.531630516052246,13.738898416610603,13.126964839073274,13.255273629063385,1169800
2016-06-03,14.992372512817383,15.051592306541448,14.23239096450315,14.311350061957441,2065000
2016-06-06,14.972631454467773,15.288467807272571,14.607445436220582,15.051590542668974,1165800
2016-06-07,14.60744857788086,14.943025245542554,14.538358654895534,14.696277806528576,682900
2016-06-08,15.545086860656738,16.018841436983035,15.337818998197314,15.525346616009806,2034700
2016-06-09,16.117542266845703,16.235981863137038,15.258861311967468,15.742486055301171,1525400
2016-06-10,15.693133354187012,16.670252775665844,15.535215177939916,16.18662812559247,1603000
2016-06-13,15.900403022766113,16.21623939285277,15.53521604327013,16.058321207809442,1371600
2016-06-14,15.53521728515625,16.018842000829085,15.16016109506302,15.989233515349845,1015700
2016-06-15,16.42350959777832,16.601168062206902,15.495739603992346,15.604309083928399,1180400
2016-06-16,15.900403022766113,17.331536810037928,15.594435833294694,17.272317961279995,1135800
2016-06-17,15.88066291809082,16.255718140220274,15.298338899693379,16.186629168975372,1695400
2016-06-20,16.1076717376709,16.245849694417213,14.972633949673444,15.209511253752902,707600
2016-06-21,15.68326473236084,15.900402703062822,15.505606307125891,15.722744277827871,664500
2016-06-22,15.762224197387695,15.821443987627042,15.160159938143101,15.614175192422646,947700
2016-06-23,15.663525581359863,15.851053200089687,15.318079769748781,15.594436607290982,490700
2016-06-24,16.759084701538086,17.055182741894665,16.285330096007712,16.907132780449647,945800
2016-06-27,16.07806396484375,16.995962852941084,15.663527252406041,16.73934529149874,910900
2016-06-28,16.176761627197266,16.56168891522413,15.7326164217152,15.791836221703976,743500
2016-06-29,16.808435440063477,17.153880332558305,16.39389968653621,16.759084825040304,1507500
2016-06-30,17.321664810180664,17.371015414239512,16.7097323801154,17.035438836771572,961400
2016-07-04,19.108118057250977,19.54239209852803,18.989678484381596,19.295644714038872,1201400
2016-07-05,19.196950912475586,19.246299645733295,18.45670861840892,18.812023639438138,1158200
2016-07-06,19.591745376586914,19.789142181576498,19.226558369429412,19.344997958449884,2288400
2016-07-07,19.039030075073242,19.275907350524864,18.555403519842947,19.246296985143445,1454300
2016-07-08,20.52938461303711,20.65769432579364,18.87124353018418,18.92059226122382,2137900
2016-07-11,21.30910301208496,21.73350878945687,20.134585004421567,20.134585004421567,2242700
2016-07-12,19.818750381469727,21.269624363690717,19.700310805405493,21.072227580294587,2132500
2016-07-13,21.694034576416016,22.049351494120696,20.381338264659213,20.3912083882103,2357000
2016-07-14,21.555850982666016,21.842076960767965,20.667560802906284,21.10183483054601,1961900
2016-07-15,21.407806396484375,21.82234213177361,21.131448612113754,21.131448612113754,1493200
2016-07-18,21.47690200805664,21.526250753623366,21.032755767820227,21.25976489201549,815500
2016-07-19,21.427547454833984,21.901303985147567,21.26962923890733,21.378198718307015,1034900
2016-07-20,19.443696975708008,20.68730228560632,19.33512751114015,20.55899445864434,1446500
2016-07-21,20.49977684020996,20.68730353070768,19.275909819045207,19.463436509542927,1014800
2016-07-22,20.22341537475586,20.470162758853707,19.818749815438036,20.164196529681654,1115600
2016-07-25,19.443696975708008,19.956930166089307,18.92059178032959,19.956930166089307,1296600
2016-07-26,20.391210556030273,20.59847940757092,19.73979739267471,19.73979739267471,1198500
2016-07-27,21.51637077331543,21.812468758702202,20.223415029805867,20.65769094551994,1645900
2016-07-28,21.48676109313965,21.970385704821933,20.97352611981163,21.713768218157924,1396500
2016-07-29,22.345439910888672,22.49348983020984,21.486760167997115,21.86181532002952,1450300
2016-08-02,23.332433700561523,24.062805783633817,23.115296664794066,23.381784310417725,1782900
2016-08-03,23.46074104309082,23.559440370339058,22.592189222346043,23.184383303302376,1237500
2016-08-04,23.490354537963867,23.717363603854228,23.2732174776921,23.45087592815695,1111800
2016-08-05,23.1547794342041,23.54957685391932,22.532976698459784,22.87842349944379,1632900
2016-08-08,23.608789443969727,24.0924140838955,23.046205717577156,23.105424561793978,1285600
2016-08-09,23.845670700073242,24.349035666616523,23.658142132333566,23.82593045451466,1250200
2016-08-10,23.51996421813965,24.63526173861169,23.13503884176554,24.29968697621723,1902800
2016-08-11,23.490354537963867,24.240466949630186,23.204128498629878,23.470616174327155,1373500
2016-08-12,23.1547794342041,24.003591251044757,22.858683251951305,23.8654132836646,1126300
2016-08-15,22.276357650756836,23.253477246405435,22.15791993872679,23.253477246405435,908100
2016-08-16,21.575593948364258,22.51323296882852,21.53611345948577,22.266485560937927,1145900
2016-08-17,20.845226287841797,21.269630338501944,20.322120993957814,21.190671226456598,1638200
2016-08-18,20.578739166259766,21.190671831448373,20.391210563848002,21.042623727453307,914100
2016-08-19,19.167339324951172,19.996410792222527,19.10812047229847,19.89771144944577,1354100
2016-08-22,18.703454971313477,18.752803701725714,17.765814033213832,18.11126079369967,1305100
2016-08-23,18.31852912902832,19.098251930723556,18.2790505181696,19.009422703124514,702200
2016-08-24,16.759084701538086,18.022432198819214,16.413637929055472,18.022432198819214,1626300
2016-08-25,17.203231811523438,17.430239004429847,16.45311936830204,16.69986680820907,1113800
2016-08-26,16.946611404418945,17.97307960326999,16.551815943322392,17.63750487323786,1774500
2016-08-29,17.074920654296875,17.331538196148898,16.561687453126236,16.719605650799267,667500
2016-08-30,15.979362487792969,17.035441080839124,15.703004716258162,16.88739301422642,1069700
2016-08-31,15.604304313659668,16.01883903515752,15.456255324805799,15.772091661667604,1142400
2016-09-01,15.209511756896973,15.406909516826614,14.390310347238891,15.031853302326914,1910700
2016-09-02,15.88066291809082,15.999100616644006,15.387168114874905,15.604306091844567,1512900
2016-09-06,16.877525329589844,17.065053911733504,16.285331095080213,16.305071342155035,1598600
2016-09-07,16.99596405029297,17.055184795013407,16.502469139491428,16.92687506398614,998800
2016-09-08,17.05517578125,17.49931983671836,16.867647287145925,17.035435543442688,1358700
2016-09-09,15.831314086914062,16.838042048144146,15.614175170102401,16.73934271164187,1440000
2016-09-12,15.831314086914062,16.12741021388763,15.051591399332665,15.30820892122528,2350000
2016-09-13,15.357559204101562,15.999101151974996,15.021982576083662,15.801704353603686,1150700
2016-09-14,15.357559204101562,15.920142056119804,15.19964007112451,15.515477395811947,1030900
2016-09-15,15.120683670043945,15.456260357867578,14.765367675371955,15.347691817034512,937100
2016-09-16,14.854194641113281,15.239120007912922,14.676536200272405,14.923283616432869,1702100
2016-09-19,15.110810279846191,15.485865476937338,14.98250152662382,15.258858334420772,819100
2016-09-20,15.091070175170898,15.199638686766882,14.864063030579318,15.199638686766882,720500
2016-09-21,16.39389991760254,16.53207787654804,15.475999173102274,15.495738478123023,1631800
2016-09-22,15.426647186279297,16.828171518274655,15.189769913936415,16.73934230582942,1695200
2016-09-23,14.62718677520752,15.377299158876292,14.49887800369049,15.229251083192562,1257500
2016-09-26,14.163299560546875,15.10093938796174,14.123820018590456,14.656794305635385,1023500
2016-09-27,13.659936904907227,14.064602510754332,13.432928795976729,14.064602510754332,1147900
2016-09-28,13.956034660339355,14.262000939429413,13.531628789244483,13.659937562860764,854000
2016-09-29,13.610588073730469,13.896815052200214,13.363840646040455,13.827726073652366,883800
2016-09-30,13.35396957397461,14.281740363262623,13.294750722647008,14.281740363262623,800600
2016-10-03,12.899954795837402,13.511888283510226,12.712427171093596,13.32436065876642,857200
2016-10-04,11.646478652954102,12.347241377887613,11.528040001858304,12.238671908433087,1576200
2016-10-05,11.241812705993652,11.893225739088157,10.817406845712874,11.883355616461463,1449100
2016-10-06,10.629877090454102,11.113501706976939,10.560787187189044,10.807534555774147,1762500
2016-10-07,10.807536125183105,11.350380603152422,10.452220201679545,11.113503320816713,1546100
2016-10-11,10.15612506866455,10.807538190187032,10.14625494469801,10.807538190187032,864300
2016-10-12,10.353521347045898,10.560789214088318,10.087034627286611,10.175863847628605,1035200
2016-10-13,10.481829643249512,10.827276386485977,10.235082238442509,10.363391001894147,1391000
2016-10-14,10.195605278015137,10.531181984293308,10.106776039145398,10.373263755754612,1078900
2016-10-17,10.195605278015137,10.353523506553831,10.12651628834618,10.22521471054942,639200
2016-10-18,10.659488677978516,10.738447776675144,10.225212693880358,10.39300101392737,1028400
2016-10-19,11.024675369262695,11.231943250398762,10.698968833372698,10.995065940890902,1370700
2016-10-20,10.886496543884277,11.340511860902303,10.77792801158725,11.330641737620729,1174800
2016-10-21,10.847017288208008,11.054285176446808,10.73844875294646,10.94571664118526,782700
2016-10-24,10.629877090454102,11.103631586329572,10.392998901249856,11.044411803711881,991300
2016-10-25,10.945713996887207,11.192461378453586,10.738446158720786,10.847014667754031,1211400
2016-10-26,10.54104995727539,11.024674668775347,10.373261638384925,10.965454874527719,1110900
2016-10-27,10.235081672668457,10.639747243580207,10.19560212773235,10.639747243580207,999800
2016-10-28,10.25482177734375,10.580528253986694,10.106772779881858,10.264690957494608,1312700
2016-10-31,10.629877090454102,10.689095931805278,10.15612165331212,10.343649239279532,1158900
2016-11-01,11.43921184539795,11.755048277784844,11.034546181085537,11.034546181085537,2279900
2016-11-02,11.587260246276855,12.613729620131133,11.439212149970377,11.893227504248241,2788400
2016-11-03,11.488558769226074,11.755045459853351,11.18259159274792,11.340509771085062,1714100
2016-11-04,11.133241653442383,11.695826326543392,10.807535183299645,11.54777733203615,2902800
2016-11-07,10.649617195129395,10.817405493746069,10.383130506381288,10.620007772216622,1329800
2016-11-08,10.698968887329102,11.054284853382802,10.412741901580265,10.639749089020105,1598300
2016-11-09,12.376852035522461,12.899956365172038,11.863617829761907,11.93270681445143,3636700
2016-11-10,11.715563774108887,12.445935686067207,11.646474819029873,12.416326268357118,2355600
2016-11-11,10.708837509155273,11.745175833495061,10.422610563536988,11.69582710663441,2382400
2016-11-14,11.172719955444336,11.656345487569949,10.363388930637884,10.531177207673338,2363000
2016-11-15,11.942575454711914,12.001794308155644,11.054284181655635,11.212202379194519,2101800
2016-11-16,11.69582748413086,11.942574891464703,11.46881937992506,11.863615796419205,1499100
2016-11-17,11.567517280578613,12.218930204313494,11.399728989160048,11.685955908415268,2458800
2016-11-18,11.340511322021484,11.695828213140032,11.103634022120264,11.429340544801121,1194000
2016-11-21,11.557645797729492,11.725434069376956,11.350377988121828,11.458946482195772,1399300
2016-11-22,11.85374641418457,11.912965268532064,11.389860995884522,11.666217845795165,1406800
2016-11-23,10.89636516571045,11.409600210430371,10.738446980032515,11.113503141650927,2266200
2016-11-24,10.85688591003418,10.935845004987641,10.738447267603988,10.827276484743296,328800
2016-11-25,10.975324630737305,11.133242821770455,10.906235657476968,11.05428372625388,880000
2016-11-28,11.429338455200195,11.537906962488899,11.06415244930196,11.241810862380335,1370100
2016-11-29,11.774787902832031,11.982055785943022,11.113504701538245,11.16285437680596,1558900
2016-11-30,11.755045890808105,11.764916012632675,11.379989732874071,11.695827042393935,1741000
2016-12-01,11.69582748413086,12.061013534032949,11.310901189834066,11.626737570016054,1626500
2016-12-02,12.890085220336914,12.929564768616354,11.705696889420395,11.84387577903177,1961500
2016-12-05,12.653205871582031,12.830864293778115,12.100492244497806,12.643336691334044,1960100
2016-12-06,12.593988418579102,13.048003704555047,12.406459854118005,12.663077394292822,1432000
2016-12-07,12.880215644836426,13.35397024430502,12.643338345102128,12.998654294703574,1450800
2016-12-08,12.357111930847168,12.969045453438628,12.30776225585644,12.969045453438628,1108600
2016-12-09,11.43921184539795,12.297892851899933,11.360252737301225,12.209063619974415,1392100
2016-12-12,11.222071647644043,11.587257686971776,11.024673915746163,11.53790801868065,1257200
2016-12-13,11.340511322021484,11.429340544801121,10.965455126544528,11.261552222054412,1010400
2016-12-14,10.787796974182129,11.705696691473811,10.708837878958471,11.508298953414668,1737900
2016-12-15,9.662628173828125,10.363390829471635,9.534319412511243,10.363390829471635,2145000
2016-12-16,9.56393051147461,10.037686093224712,9.494841528387493,9.869897756070177,2226100
2016-12-19,9.356663703918457,9.702110541870821,9.31718414597535,9.563931618436495,1183000
2016-12-20,9.356663703918457,9.376403953523464,8.774340459574361,9.040827240373604,1714600
2016-12-21,9.267831802368164,9.475099636327405,9.129652932639821,9.475099636327405,935700
2016-12-22,9.17900276184082,9.62314785940626,9.129653097385425,9.139523218529817,1033200
2016-12-23,9.15926456451416,9.3566623251416,9.119785012388672,9.198744116639649,791000
2016-12-28,9.958725929260254,10.057424331583064,9.633019413188249,9.869896708283035,1263500
2016-12-29,10.92597484588623,10.945715090191229,10.067293985218567,10.067293985218567,1723200
2016-12-30,10.126514434814453,11.2220726507236,10.087034884906016,11.004934655593841,1799600
2017-01-03,10.698968887329102,10.748318562375474,10.1166447925688,10.284433122966405,1444200
2017-01-04,10.995063781738281,11.044412505578176,10.620007644702335,10.906234572799956,1600400
2017-01-05,12.061012268066406,12.505157366394952,11.350379545980799,11.350379545980799,2080300
2017-01-06,11.478686332702637,12.070879382031396,11.14310980078314,11.764913208528137,1870400
2017-01-09,11.597127914428711,12.051143172559138,11.498428576948193,11.843875316863365,1479600
2017-01-10,11.774787902832031,12.209062974401036,11.537909649800355,11.735308350871213,1621200
2017-01-11,11.616867065429688,11.814264780551428,11.261550236944002,11.666215788260208,1816300
2017-01-12,11.39972972869873,11.942574180782785,11.241811548005174,11.84387484721601,1564800
2017-01-13,11.89322566986084,11.952444522742896,11.182592846409285,11.320771738578577,1306100
2017-01-16,11.912964820861816,11.982054736693227,11.843875846297088,11.982054736693227,368100
2017-01-17,12.228801727294922,12.337370246609087,11.98205432236274,12.337370246609087,1609200
2017-01-18,11.774787902832031,12.327501630283493,11.636609000335783,12.268282772975647,1719500
2017-01-19,11.863615989685059,12.110363401038574,11.557648785449361,11.646478004139295,1727600
2017-01-20,11.991924285888672,12.218932402701348,11.755046987597218,11.873485636742945,1296600
2017-01-23,12.337369918823242,12.39658970859091,12.021533550106687,12.179451734464964,1264500
2017-01-24,11.932703018188477,12.524896144127611,11.843873813980975,12.297889014500907,1668600
2017-01-25,11.755045890808105,11.78465531501519,11.439209522554865,11.439209522554865,1415000
2017-01-26,11.537908554077148,11.666217321081373,11.360251057758488,11.409600728339601,976100
2017-01-27,11.932703018188477,12.031401401878405,11.547776780378147,11.547776780378147,1002500
2017-01-30,11.774787902832031,12.130103870479399,11.705697980950525,11.99192496798315,1019000
2017-01-31,12.307761192321777,12.386720288977248,12.001793986831816,12.100493328284495,1587900
2017-02-01,12.534768104553223,12.682817113716446,12.139972629317947,12.218931724365003,1681600
2017-02-02,12.633466720581055,12.890084235422947,12.465678417897248,12.820994325262987,1278100
2017-02-03,12.801255226135254,12.998652955577853,12.544637707226565,12.643337042581175,1230000
2017-02-06,13.817855834960938,13.84746526248117,12.929565479220141,13.048004130567799,1527200
2017-02-07,13.729024887084961,14.173170009180986,13.531627159627462,13.758634310886933,1410000
2017-02-08,13.926423072814941,14.12382174803479,13.719155216847415,13.956033438857904,1153200
2017-02-09,13.245401382446289,13.965903386243031,13.176312407086792,13.965903386243031,1750400
2017-02-10,13.689547538757324,13.748767337132621,12.969045482580668,13.087484138064498,1354000
2017-02-13,13.35396957397461,13.61058710643867,13.314490026000652,13.502018584826954,849300
2017-02-14,13.413190841674805,13.679677584489038,13.18618270990949,13.59084929772881,1219500
2017-02-15,12.939433097839355,13.215790858867466,12.850604826008837,13.028262310936489,1777100
2017-02-16,13.205920219421387,13.334228973168669,12.988782256059325,13.176310796638653,907400
2017-02-17,12.988785743713379,13.294752998846315,12.929566882246895,13.048005546446694,2751100
2017-02-21,12.682818412780762,12.99865482531919,12.534769388453306,12.732167146289823,1040600
2017-02-22,12.090621948242188,13.018391708072455,11.90309434850838,12.515027754569465,1550000
2017-02-23,12.475546836853027,12.58411533619169,12.28801831649859,12.465676716567746,1210500
2017-02-24,12.337369918823242,12.820994593737122,12.228801402393582,12.820994593737122,955800
2017-02-27,11.666216850280762,12.840735009392485,11.51816878577871,12.33737008405889,1562200
2017-02-28,11.883356094360352,12.268282420881185,11.705697645002006,12.011664869867296,1233300
2017-03-01,11.991924285888672,12.031403835603914,11.44908071262077,11.80439666005795,1286500
2017-03-02,10.916105270385742,11.903094859556486,10.876625724469577,11.685956886384268,1394400
2017-03-03,10.847017288208008,11.054285176446808,10.333783100019945,10.837147164656924,1559000
2017-03-06,10.412741661071777,10.787797864987862,10.244953334549667,10.76805761891856,835900
2017-03-07,10.274561882019043,10.550918714442677,10.067294022384653,10.264691759830106,1075000
2017-03-08,10.10677433013916,10.333782451227735,10.01794510629001,10.077164902611687,1167500
2017-03-09,9.988333702087402,10.373259948835193,9.988333702087402,10.106772330025212,741600
2017-03-10,10.43248176574707,10.501571691020109,10.067295656866316,10.116645334556539,1122200
2017-03-13,10.16599178314209,10.521307655369636,9.958723955692726,10.521307655369636,1275300
2017-03-14,9.642889022827148,10.284431898230668,9.563928987395963,10.175863379071092,1260100
2017-03-15,10.43248176574707,10.481831443437294,9.623150440187928,9.741589101884376,1332000
2017-03-16,10.412741661071777,10.856886843696941,10.215343906712453,10.837146597627639,1049100
2017-03-17,10.333783149719238,10.669359821935673,10.225213672668747,10.501571485827455,887100
2017-03-20,10.491698265075684,10.531177806548724,10.264690195655811,10.383129761341449,730400
2017-03-21,10.570659637451172,10.80753693759311,10.323912214486642,10.550919391805984,1058400
2017-03-22,10.40286922454834,10.718705561284576,10.31404001952464,10.620007176687768,827500
2017-03-23,10.462092399597168,10.560790816186977,10.175865391333103,10.452222275558137,767600
2017-03-24,10.392998695373535,10.600266518529885,10.274560073750836,10.600266518529885,649700
2017-03-27,10.708837509155273,10.748317055403774,10.393000197900642,10.679227143518926,589600
2017-03-28,10.521309852600098,10.80753682254125,10.343651408751551,10.748317968769541,844100
2017-03-29,10.531180381774902,10.639748912057776,10.383132300364915,10.481830707549324,756900
2017-03-30,10.383130073547363,10.531178123206232,10.284430746263755,10.432478795922624,693100
2017-03-31,10.649617195129395,10.797665250959833,10.314040597896044,10.422610050687176,886600
2017-04-03,11.103633880615234,11.133243307408865,10.629879286850338,10.698968263124375,848200
2017-04-04,11.429338455200195,11.429338455200195,11.192461198606726,11.340509248661007,617200
2017-04-05,11.478686332702637,11.597124942568389,11.14310980078314,11.251678291176813,941400
2017-04-06,11.547778129577637,11.636607344163613,11.370120641672315,11.488559280698073,597700
2017-04-07,11.587260246276855,11.972186614447274,11.449082274061967,11.745178466674922,999500
2017-04-10,11.41947078704834,11.488560707678246,11.054284702709609,11.370122053941369,811400
2017-04-11,12.100493431091309,12.238671380779016,11.478689833696565,11.54777880854042,1012500
2017-04-12,12.090621948242188,12.130101492463336,11.824134318799503,12.080751826870255,937900
2017-04-13,12.317630767822266,12.53476876121017,12.169582692169932,12.238671668638792,1147800
2017-04-17,12.120233535766602,12.37685108966928,11.991924758815262,12.317631292127604,889800
2017-04-18,12.139971733093262,12.17945127770224,11.784654890345866,11.94257401004837,1035900
2017-04-19,11.537908554077148,12.041273499724486,11.419469909442482,12.00179395151293,1147500
2017-04-20,11.666216850280762,11.735306762812804,11.429339570570823,11.547778210425793,653700
2017-04-21,11.67608642578125,11.883354271143439,11.5872572147308,11.67608642578125,813200
2017-04-24,11.350382804870605,11.557650702436307,11.271423695442417,11.360252928865837,906200
2017-04-25,10.847017288208008,11.330642047009611,10.659489647071375,11.192464082361603,883100
2017-04-26,11.103633880615234,11.241812774430016,10.698968263124375,10.768057239398413,886300
2017-04-27,10.807536125183105,11.103633198736064,10.758186456046504,11.103633198736064,764300
2017-04-28,10.955585479736328,11.07402412465708,10.748317615808343,10.866756260729096,903400
2017-05-01,10.73845100402832,11.0345481837636,10.570662633553894,10.856889687669035,893400
2017-05-02,10.758185386657715,10.935843801383157,10.649616878362474,10.67922630039453,542400
2017-05-03,10.62000846862793,10.876625994077298,10.590398102506864,10.698967562417483,831700
2017-05-04,9.711979866027832,10.481831653086088,9.57380095398483,10.462092346375277,1740900
2017-05-05,10.08703327178955,10.1659923589793,9.781066102979343,9.800806345410065,1025300
2017-05-08,10.244951248168945,10.27456066997621,10.047553534009596,10.126512619673337,554900
2017-05-09,10.08703327178955,10.205471902574176,9.968594641004925,10.067293029358831,665400
2017-05-10,10.62000846862793,10.708837684457837,10.244952302494232,10.274561727348653,927400
2017-05-11,11.281291961669922,11.330640690985822,10.73844746779493,10.73844746779493,716900
2017-05-12,11.774787902832031,11.834006760139877,11.47869079249251,11.47869079249251,829800
2017-05-15,11.863615989685059,12.061013730514537,11.676087429947048,12.061013730514537,783900
2017-05-16,12.00179386138916,12.06101365389514,11.883355217643873,11.942575010149852,915200
2017-05-17,12.357111930847168,12.554509689543323,12.189323600638748,12.238672334362715,1175900
2017-05-18,11.764917373657227,12.041274227849156,11.587258925329047,12.041274227849156,827300
2017-05-19,11.903093338012695,12.090620921826622,11.814264135739492,12.031401139888986,852400
2017-05-23,11.616867065429688,12.218930331867634,11.597126823284238,12.021532616745894,751300
2017-05-24,11.764917373657227,11.834006351888526,11.370121867668756,11.587258925329047,1084000
2017-05-25,11.528039932250977,11.784656537442364,11.449080831997207,11.695828255606916,552600
2017-05-26,11.557645797729492,11.863612922870876,11.508296139962633,11.74517336772384,630700
2017-05-29,11.45895004272461,11.636608489380823,11.449080861117828,11.488560411345128,67900
2017-05-30,11.222071647644043,11.498428472301073,11.182592101264467,11.350380408694322,518900
2017-05-31,11.152983665466309,11.281292437890675,10.97532522037615,11.222072642438384,599600
2017-06-01,10.98519515991211,11.241812700480056,10.925975365447698,11.034544831754667,754900
2017-06-02,10.975324630737305,11.19246261404122,10.916105779733206,11.143112944026694,558000
2017-06-05,10.935843467712402,11.074022335090186,10.738445758077374,11.004932430768031,641600
2017-06-06,11.85374641418457,11.873485718544828,11.18259312313486,11.18259312313486,1325500
2017-06-07,11.626736640930176,11.834004484178616,11.498427886417657,11.685956428115409,886400
2017-06-08,11.409601211547852,11.597128838178056,11.261552193534486,11.449080761431407,723300
2017-06-09,11.044414520263672,11.281292767731943,11.004934969230083,11.123374563597592,776000
2017-06-12,10.787796974182129,11.093763232857135,10.777926851962507,10.906235617017614,707000
2017-06-13,10.995063781738281,11.054282626852784,10.57065797959587,10.718706033648697,904900
2017-06-14,10.383130073547363,11.35037933935393,10.264690504300415,11.291159554730458,1192800
2017-06-15,10.185733795166016,10.511440333411434,10.136385061278402,10.274563022190542,792300
2017-06-16,9.978464126586914,10.314040728055106,9.869895613692274,10.185731972125115,1041800
2017-06-19,10.06729507446289,10.225213280922425,9.82054764155318,9.850157069947652,563100
2017-06-20,10.175864219665527,10.205473647106503,9.998205772486221,10.096904177711714,436100
2017-06-21,10.373261451721191,10.501570219226593,10.175863709892374,10.185732891033805,447700
2017-06-22,10.629877090454102,10.698966052452645,10.481828104543133,10.52130764586609,494900
2017-06-23,10.965456008911133,11.004935562071504,10.768058243109277,10.837147225823228,531200
2017-06-26,10.935843467712402,11.064152214291802,10.639746432626595,10.758185058407612,543800
2017-06-27,10.777925491333008,11.09376183235575,10.738445948705165,11.04441216875431,505200
2017-06-28,10.89636516571045,10.89636516571045,10.541049247935097,10.856885619290965,397200
2017-06-29,10.462092399597168,10.777928838711492,10.34365279366246,10.72857915978317,603500
2017-06-30,10.62000846862793,10.748317231352614,10.34365069909785,10.393000368032983,523900
2017-07-04,9.968595504760742,10.116643570752906,9.889636410729368,10.116643570752906,378000
2017-07-05,9.642889022827148,9.909375730315796,9.425751043241348,9.909375730315796,1300200
2017-07-06,9.435622215270996,9.741588503888101,9.317182619578256,9.633019972647638,628400
2017-07-07,9.15926456451416,9.317182773016112,9.030955784789631,9.307313590934818,844700
2017-07-10,9.672497749328613,9.721847414934356,9.021084798879256,9.060564343110533,768600
2017-07-11,9.94885540008545,9.958725522294396,9.484970010198266,9.672498567101593,628600
2017-07-12,9.711979866027832,10.146254967600818,9.702109742039012,9.91924776345892,866200
2017-07-13,9.465229988098145,9.790936466120437,9.445489745179659,9.751456921550055,566900
2017-07-14,9.672497749328613,9.94885455894755,9.672497749328613,9.76132695916563,555000
2017-07-17,9.929116249084473,10.13638411231513,9.85015621146961,9.869896456189995,594100
2017-07-18,9.988333702087402,10.116642451003333,9.948854159441465,10.096902209047093,419000
2017-07-19,9.781065940856934,10.087033104595696,9.761326640019961,9.978463655559418,395800
2017-07-20,9.860026359558105,9.919246152607109,9.672498740558508,9.731717592340832,432200
2017-07-21,9.88963794708252,9.998206482925095,9.751459040428228,9.978466235717285,288000
2017-07-24,9.494842529296875,9.93898778688674,9.445492847060912,9.93898778688674,427500
2017-07-25,9.711979866027832,9.751459420716285,9.514582092585565,9.534321399296376,620000
2017-07-26,10.08703327178955,10.215342023789537,9.554058962625453,9.672497593410078,873900
2017-07-27,9.909375190734863,10.235081671745013,9.869895645802318,10.215342369912038,599100
2017-07-28,10.077164649963379,10.18573317568664,9.86002665725015,9.889637025301981,655900
2017-07-31,10.126514434814453,10.363391734265072,10.057424516524652,10.057424516524652,633900
2017-08-01,10.116643905639648,10.343651073177703,10.017944564199908,10.067294234919778,429600
2017-08-02,9.721848487854004,10.156123522325375,9.69223812046276,10.11664397373707,499200
2017-08-03,9.554059028625488,9.731716505396413,9.504709363474342,9.721847325379441,517900
2017-08-04,7.78734827041626,9.17900400832944,7.737999069892631,9.129654337172466,3090800
2017-08-08,7.5899505615234375,7.8761775260137,7.412292591691554,7.84656762905838,1250500
2017-08-09,7.797217845916748,7.8860465888811735,7.609689767562255,7.816957618868099,832400
2017-08-10,8.468371391296387,8.517721063620812,7.895917451373169,7.974876550585564,1403600
2017-08-11,8.172274589538574,8.517721366840277,8.004486262422517,8.517721366840277,1324600
2017-08-14,7.895917892456055,8.07357634624168,7.816958788832835,8.07357634624168,693700
2017-08-15,7.826827526092529,7.915657213229761,7.5998198944084665,7.5998198944084665,667300
2017-08-16,8.132796287536621,8.24136577544239,7.747870370740944,7.816959830938504,623500
2017-08-17,8.201887130737305,8.280846253670168,8.073578320654654,8.192017005053948,777700
2017-08-18,7.99461555480957,8.409151231948826,7.9057863466702205,8.409151231948826,798100
2017-08-21,7.935396671295166,8.063705437501266,7.8663072270380345,8.004485644918962,413000
2017-08-22,7.757739067077637,7.955137286742645,7.69851974236814,7.905787614168054,321300
2017-08-23,7.866307258605957,7.876177380953728,7.698519414393871,7.8268277104815445,301100
2017-08-24,7.925526142120361,8.004485233998857,7.737998534225588,7.787347731332993,345700
2017-08-25,7.974877834320068,8.113056750818094,7.856439166436131,8.004487265974339,495200
2017-08-28,8.606547355651855,8.685506427984464,8.043962788699032,8.093312444223509,845500
2017-08-29,8.458501815795898,8.94212750634308,8.300583607154685,8.813818726505401,1253600
2017-08-30,8.261104583740234,8.438763050465884,8.192015598354406,8.389413371790221,702100
2017-08-31,8.705248832702637,8.75459850584208,8.29071308435806,8.300583207239296,840300
2017-09-01,8.68550968170166,8.823687639413986,8.438762252910514,8.794078211513737,564100
2017-09-05,9.100045204162598,9.159264058445478,8.833557536089483,8.873037086033642,734200
2017-09-06,8.863168716430664,9.31718410122943,8.724990734926847,9.119786312461901,706700
2017-09-07,8.991475105285645,9.149394235253986,8.902646830090934,8.991475105285645,514800
2017-09-08,8.626291275024414,8.942128674845296,8.547332160385917,8.942128674845296,920000
2017-09-11,8.349932670593262,8.557200539558108,8.310453121326944,8.399282342492835,782700
2017-09-12,8.744729042053223,8.83355827214596,8.310453956481485,8.320324080106632,937600
2017-09-13,8.448631286621094,8.695378683597255,8.448631286621094,8.68550856181422,530700
2017-09-14,8.567071914672852,8.655901148825324,8.389413446367907,8.438763125482263,711000
2017-09-15,8.468371391296387,8.596680162833206,8.409152537520445,8.527591186339038,738600
2017-09-18,8.320324897766113,8.369673638207885,8.14266642012169,8.310454773171003,492600
2017-09-19,8.537460327148438,8.596680121909175,8.290712907967654,8.290712907967654,334100
2017-09-20,8.369671821594238,8.705248454856903,8.261103298413188,8.557200383131226,941700
2017-09-21,8.340062141418457,8.488111149900435,8.162404649013402,8.182143952051005,355300
2017-09-22,8.695378303527832,8.70524748361287,8.37954100914209,8.438760795985221,476700
2017-09-25,8.902647972106934,8.942127524346724,8.557201184058693,8.606550859675124,512200
2017-09-26,8.754598617553711,9.050695718901952,8.636159965267762,8.77433886356807,433600
2017-09-27,8.734858512878418,8.794077362964835,8.636159174378855,8.636159174378855,355100
2017-09-28,8.547331809997559,8.794079268444447,8.419023018653153,8.724990281284713,1061100
2017-09-29,8.409152030944824,8.606549767084378,8.409152030944824,8.586809522837095,539700
2017-10-02,8.547331809997559,8.616420797157295,8.389413587194246,8.389413587194246,349800
2017-10-03,8.41901969909668,8.636157640468795,8.320321319394068,8.616417399768384,638500
2017-10-04,8.616419792175293,8.73485938673035,8.46837171088159,8.46837171088159,764700
2017-10-05,8.705248832702637,8.803948178981527,8.626289732186216,8.626289732186216,507300
2017-10-06,9.090176582336426,9.119786014366998,8.507852418556245,8.655901461242848,532000
2017-10-10,8.971736907958984,9.356662305038787,8.90264792720451,9.287573324284313,493000
2017-10-11,9.011214256286621,9.060563919585572,8.744726639232205,9.011214256286621,469300
2017-10-12,8.912515640258789,9.030954276859132,8.863165973025325,9.011214974725716,359700
2017-10-13,8.961865425109863,9.080304063264624,8.912515757228723,8.98160566876897,401600
2017-10-16,8.81381893157959,9.080305679545386,8.794078684406749,8.981607267481563,466400
2017-10-17,8.655899047851562,8.744727319176654,8.606549380715437,8.685508471626594,519800
2017-10-18,8.507850646972656,8.675638962318908,8.389412002245892,8.586809743457167,483800
2017-10-19,8.655899047851562,8.69537859330714,8.507850046443188,8.576939015673796,471400
2017-10-20,8.715120315551758,8.744729747549195,8.557202089876258,8.62629107829257,645100
2017-10-23,8.7644681930542,8.833557167255073,8.576939632699428,8.626289303385773,447100
2017-10-24,8.68550968170166,8.794078211513737,8.655900253801411,8.71511910960191,242300
2017-10-25,8.724987983703613,8.764467529008158,8.646028893094526,8.655899014737313,460600
2017-10-26,8.399282455444336,8.734859099354145,8.369672087146379,8.734859099354145,396800
2017-10-27,8.507850646972656,8.567070439969378,8.290712661006918,8.369671757491426,408400
2017-10-30,8.675639152526855,8.784207677256683,8.49798071090832,8.50785083350195,439100
2017-10-31,8.57694149017334,8.646031420603421,8.478243068692608,8.616421047019008,541000
2017-11-01,8.705248832702637,8.942127075518627,8.61641960930498,8.67563940532566,601300
2017-11-02,8.744729042053223,8.8829079490049,8.695380306461077,8.764469289303518,410800
2017-11-03,8.132796287536621,8.754600017414331,8.093316730461856,8.744729892828918,1201300
2017-11-06,8.567071914672852,8.665770331634723,8.142665992062968,8.221625102139202,959700
2017-11-07,8.547331809997559,8.616420797157295,8.448633391378916,8.576941241456465,413100
2017-11-08,8.83355712890625,9.080304540000093,8.655899632980022,8.665768814061103,1057600
2017-11-09,8.507850646972656,8.833557155287927,8.488111343484867,8.833557155287927,640000
2017-11-10,8.310453414916992,8.517721291204156,8.290713168953102,8.517721291204156,675100
2017-11-13,8.261104583740234,8.409153619767219,8.182145474365909,8.369673123813225,398000
2017-11-14,8.1229248046875,8.310453375385466,8.103185500084242,8.192014723965729,417900
2017-11-15,8.261104583740234,8.320324386404394,8.103186364991581,8.192015598354406,413600
2017-11-16,8.261104583740234,8.39928349577872,8.211754905064572,8.251234459751736,374400
2017-11-17,8.537460327148438,8.606550244580417,8.33019245738591,8.33019245738591,549700
2017-11-20,8.41901969909668,8.576937859634043,8.261101538559316,8.45849923923102,638400
2017-11-21,8.488112449645996,8.537461185429878,8.419022525268323,8.438762772595314,337800
2017-11-22,8.616419792175293,8.636160038356717,8.458501587790877,8.488111957063015,720000
2017-11-23,8.655899047851562,8.675638349946047,8.596679259034891,8.636158804490469,80100
2017-11-24,8.468371391296387,8.724988934370025,8.399282414802219,8.636159712439403,476000
2017-11-27,8.389411926269531,8.53745999552056,8.251233038039679,8.53745999552056,421900
2017-11-28,8.41901969909668,8.52758914041598,8.330190498477792,8.389410279312544,553500
2017-11-29,8.349932670593262,8.419021646492643,8.211753777527797,8.340062547960006,582900
2017-11-30,8.527587890625,8.547327187165966,8.270970446728025,8.270970446728025,812800
2017-12-01,8.438762664794922,8.596680876326348,8.369672741299832,8.409153235449477,611800
2017-12-04,8.310453414916992,8.379542393257134,8.201884885915804,8.349932965578036,606400
2017-12-05,8.21175479888916,8.231495046610922,8.063706706043222,8.201885616295097,661500
2017-12-06,8.1229248046875,8.182144601030734,8.034096522072744,8.162405296427476,407200
2017-12-07,7.974877834320068,8.10318662651105,7.935398278358756,7.9452684026658,379400
2017-12-08,8.25123405456543,8.280844425076873,7.9946174323337384,8.014356738074584,559500
2017-12-11,8.41901969909668,8.517719020065773,8.21175187807477,8.290710958343452,510800
2017-12-12,8.41901969909668,8.478239479931432,8.280841779259728,8.389410279312544,436000
2017-12-13,9.297443389892578,9.327052818422569,8.359803328797557,8.369672510796379,2073400
2017-12-14,9.119783401489258,9.317181127248778,8.833556463821303,9.228352856606946,1361800
2017-12-15,9.17900276184082,9.346791056229229,9.08030343293003,9.218482305151825,779300
2017-12-18,9.593537330627441,9.633016869384491,9.376399396830445,9.376399396830445,836600
2017-12-19,9.711979866027832,9.860027960792824,9.554061647274018,9.57380095398483,762400
2017-12-20,9.88963794708252,9.929117500231346,9.652759686922764,9.790938593577055,859900
2017-12-21,9.593537330627441,9.810674323157986,9.563926970609817,9.672496408141539,567000
2017-12-22,8.705248832702637,9.475101474637833,8.547330631669794,9.475101474637833,2155700
2017-12-27,8.705248832702637,8.922386829756158,8.646029977948682,8.784207933219058,591600
2017-12-28,8.497982025146484,8.754599604667328,8.389413483626209,8.734860297694025,735600
2017-12-29,8.369671821594238,8.53746013822557,8.211753627415733,8.5177208345866,666700
2018-01-02,8.892776489257812,8.90264661112557,8.37954144733396,8.468370661610521,960000
2018-01-03,8.695378303527832,8.951994869803862,8.547329307053289,8.912515325663968,747300
2018-01-04,8.695378303527832,8.724987726316108,8.507849762913395,8.685508182176214,652600
2018-01-05,8.527587890625,8.5966768404179,8.399279168676513,8.567067424973278,613700
2018-01-08,8.478242874145508,8.675640653844239,8.419023069602458,8.478242874145508,568100
2018-01-09,8.310453414916992,8.40915276220297,8.16240533525476,8.379542393257134,665900
2018-01-10,8.497982025146484,8.567071952720154,8.379543359506135,8.458502469933034,639700
2018-01-11,8.626291275024414,8.715120514309447,8.517722727713204,8.537462035739381,456300
2018-01-12,8.340062141418457,8.586809547621764,8.152534526861272,8.419021236102184,2187400
2018-01-15,8.774337768554688,8.774337768554688,8.458500460607718,8.497980006442763,891300
2018-01-16,9.011214256286621,9.050693798672475,8.478239963444326,8.547328927302935,1429400
2018-01-17,8.88290786743164,9.188875108133894,8.873037743897132,8.922387420302888,983500
2018-01-18,8.478242874145508,8.961867669724112,8.458502625542204,8.88290855784462,637300
2018-01-19,8.468371391296387,8.61641946700295,8.45850126857816,8.567070735945235,652500
2018-01-22,8.606547355651855,8.616416533743639,8.389409436103987,8.497977925244726,514600
2018-01-23,8.606547355651855,8.724985964150768,8.458498389078422,8.497977925244726,830100
2018-01-24,8.64603042602539,8.892777863243467,8.60655087372117,8.744728836152557,1669700
2018-01-25,7.955136775970459,8.655899445989279,7.93539653170139,8.655899445989279,2583600
2018-01-26,7.915657043457031,8.192013867890122,7.797217933780962,8.014355438692675,1488700
2018-01-29,7.698520183563232,7.935397495976435,7.659040631494365,7.935397495976435,1086100
2018-01-30,7.372812271118164,7.836697657129656,7.313592950259249,7.767608214144258,1291000
2018-01-31,7.422162055969238,7.491251500029635,7.0569760030071444,7.471511726102856,1403500
2018-02-01,7.323462963104248,7.55047059165932,7.25437352114981,7.392551934425366,788400
2018-02-02,6.928666114807129,7.234632796426019,6.879316452667555,7.205023375648881,1312800
2018-02-05,7.096456527709961,7.214895187574089,6.899058290636349,6.93853831455779,1211700
2018-02-06,6.9977569580078125,7.175414930375704,6.978017183300269,6.978017183300269,803900
2018-02-07,6.829968452453613,7.086585516692425,6.760879007534186,6.958277219889689,788200
2018-02-08,6.7608795166015625,6.908928069357323,6.721399965284476,6.8299689667231505,753300
2018-02-09,6.385822772979736,6.741139175672221,6.158815136625279,6.71152974998396,1370800
2018-02-12,6.987886905670166,7.0964559029710745,6.425303085526114,6.454912512568771,1628900
2018-02-13,7.0668463706970215,7.2445048246724895,6.95827783841577,6.997757390269567,728400
2018-02-14,7.392552375793457,7.4912517189449614,7.0372364347280945,7.056976209231726,1411600
2018-02-15,7.3826823234558105,7.589950179819364,7.254373560824407,7.451771765788102,664600
2018-02-16,7.16554594039917,7.5109922650153695,7.066846587108774,7.343203929181771,961400
2018-02-20,6.918797969818115,7.224764717994519,6.899057724161548,7.086585822198703,700700
2018-02-21,6.8793182373046875,7.135935793989151,6.859578461454604,6.997757363038567,832400
2018-02-22,6.928666114807129,7.096454401321772,6.918796464759168,6.958276006217525,529200
2018-02-23,6.978017330169678,7.027366532660535,6.849708556553397,6.928667657045459,335300
2018-02-26,6.978017330169678,7.175415081399832,6.899057759044254,7.076716205784755,579300
2018-02-27,6.790489196777344,6.9977570698354725,6.701659973857186,6.918797969743492,529700
2018-02-28,6.711529731750488,6.849708149398096,6.701659609458992,6.780618705257625,517300
2018-03-01,6.968146800994873,6.9878865749669075,6.454912207088641,6.553611076948813,1050100
2018-03-02,7.056976795196533,7.244504903868801,6.997757466768457,7.00762711952311,1059600
2018-03-05,7.244504451751709,7.254374103890414,7.047106232010686,7.066846006921452,501300
2018-03-06,7.599820613861084,7.698519961823813,7.343203532804755,7.392552736152749,960900
2018-03-07,7.264244079589844,7.668909692384337,7.254373957017614,7.580080471767654,659300
2018-03-08,7.323462963104248,7.353072387775207,7.145804532545213,7.313592841125049,536300
2018-03-09,7.362943649291992,7.451772878319305,7.2247652146310335,7.303724320151582,504500
2018-03-12,7.5899505615234375,7.609690335949202,7.313593248929384,7.313593248929384,644500
2018-03-13,7.747868061065674,7.767607833718539,7.5208604402410755,7.60968965249562,835500
2018-03-14,7.629430770874023,7.797219103335556,7.619560647489987,7.767609203816833,493700
2018-03-15,7.560341835021973,7.609691514043125,7.461642947613086,7.589951736561348,407100
2018-03-16,7.718260288238525,7.747869718234242,7.461642718230817,7.580081379480496,667200
2018-03-19,7.698520183563232,7.728129612298191,7.54060150465438,7.649170508160457,472100
2018-03-20,7.432031154632568,7.629428866712699,7.353071599167247,7.629428866712699,734700
2018-03-21,7.816958904266357,7.886047885640226,7.471512585496854,7.471512585496854,1165300
2018-03-22,7.846566677093506,8.014354974672688,7.718258394209386,7.718258394209386,776300
2018-03-23,8.103185653686523,8.24136455359554,8.063706102464911,8.063706102464911,1039500
2018-03-26,7.886046886444092,8.27097317946977,7.886046886444092,8.241363754242151,896100
2018-03-27,7.836698055267334,7.935396928379849,7.6689097356593825,7.836698055267334,752600
2018-03-28,7.6886491775512695,7.915657281836177,7.649169630014763,7.787348046392536,559400
2018-03-29,7.78734827041626,7.797218392900992,7.5998201789064455,7.6985195212203905,639700
2018-04-02,7.955136775970459,8.10318484292186,7.846567315023889,7.905787106564442,852900
2018-04-03,7.767608642578125,7.90578753617038,7.668909769036052,7.895917413499497,611100
2018-04-04,7.708387851715088,7.92552533219113,7.708387851715088,7.807086706476926,597400
2018-04-05,7.777478218078613,7.81695776471793,7.629429682864513,7.668909229503831,460700
2018-04-06,7.708387851715088,7.92552533219113,7.708387851715088,7.836696598222108,505900
2018-04-09,7.816958904266357,7.905788132470917,7.580081119265329,7.747869452259102,762700
2018-04-10,7.876176834106445,7.9353961521814345,7.747868076293983,7.915656850123076,551300
2018-04-11,8.182144165039062,8.428891577665413,8.004485726742754,8.004485726742754,1501100
2018-04-12,8.083444595336914,8.182143934108463,7.935396528446245,8.103184839597885,458200
2018-04-13,8.261104583740234,8.389413371790221,8.17227535037741,8.17227535037741,548900
2018-04-16,8.162406921386719,8.379544021583522,8.093316988354175,8.300584904917972,521500
2018-04-17,8.290714263916016,8.330193819791164,8.093316484540274,8.142666164700925,442000
2018-04-18,8.537460327148438,8.695379466088172,8.448632046907388,8.448632046907388,1200500
2018-04-19,8.57694149017334,8.665770728392815,8.399283955001271,8.665770728392815,908500
2018-04-20,8.488112449645996,8.567071556420366,8.39928321920813,8.497981632042693,642600
2018-04-23,8.221622467041016,8.389410757492183,8.142663382271824,8.35980133602037,652900
2018-04-24,8.280843734741211,8.320323284198459,8.152534963688483,8.270973612060223,474300
2018-04-25,8.428893089294434,8.537461631464593,8.192015756595804,8.241365436224731,580200
2018-04-26,8.557202339172363,8.606552021450375,8.44863379117426,8.488113348743287,488900
2018-04-27,8.567071914672852,8.754599565787196,8.517722235558496,8.567071914672852,392800
2018-04-30,8.231493949890137,8.458501120844248,8.201884523519317,8.458501120844248,611400
2018-05-01,8.290714263916016,8.320324636772522,8.07357717723613,8.192015844861574,332100
2018-05-02,8.586810111999512,8.744728311746314,8.379542239515153,8.379542239515153,783600
2018-05-03,8.626291275024414,8.734860763602518,8.586811717705165,8.65590164896402,981400
2018-05-04,8.695378303527832,8.70524748361287,8.567069549756527,8.616418273981461,379600
2018-05-07,8.636160850524902,8.71511996014264,8.576941047678181,8.675640405333771,295900
2018-05-08,8.744729042053223,8.803948842537313,8.497981599025309,8.60655107636834,507500
2018-05-09,8.68550968170166,8.823687639413986,8.646030130745746,8.705248986546247,508600
2018-05-10,9.100045204162598,9.179004304050917,8.458501340986608,8.527591259338925,1184600
2018-05-11,9.060565948486328,9.198743907145253,8.882907497334283,9.060565948486328,663800
2018-05-14,8.961865425109863,9.297442037181664,8.95199530328031,9.10004430692373,734400
2018-05-15,8.87303638458252,8.942126297472987,8.724988319312427,8.942126297472987,833200
2018-05-16,9.021086692810059,9.248093884482248,8.922387340877155,8.922387340877155,936600
2018-05-17,9.030954360961914,9.100044272238824,8.961865390951626,9.070433906863025,344700
2018-05-18,9.021086692810059,9.228354578855734,9.021086692810059,9.050696121883218,619000
2018-05-22,9.238221168518066,9.346790613429826,9.119782544196022,9.218481868430983,873700
2018-05-23,9.218484878540039,9.297443987203895,9.119785522076807,9.198744630740665,640200
2018-05-24,9.366531372070312,9.52444956242401,9.277702154679693,9.287572276893464,535900
2018-05-25,9.198744773864746,9.465232475701685,9.179005467025068,9.336923686809845,435500
2018-05-28,8.724987983703613,9.159262982053594,8.655899014737313,9.159262982053594,453500
2018-05-29,9.080306053161621,9.188875534545833,8.823688476956724,8.823688476956724,616800
2018-05-30,9.090176582336426,9.218485376158064,9.030956777008411,9.12965613879948,429300
2018-05-31,9.0704345703125,9.198743339192802,9.040825144037566,9.09017481534025,399400
2018-06-01,9.129653930664062,9.198742902447545,8.932256196092222,9.080304261704441,376000
2018-06-04,9.021086692810059,9.179004902889282,9.001346445916766,9.179004902889282,280400
2018-06-05,9.149394989013672,9.198743721098486,9.021086214806354,9.021086214806354,403900
2018-06-06,9.317179679870605,9.327049799941957,9.139522224918554,9.149392344989906,395300
2018-06-07,9.583669662475586,9.583669662475586,9.346792369331396,9.35666155059572,886000
2018-06-08,9.336921691894531,9.603408395527408,9.307312267327909,9.563928849016365,347000
2018-06-11,9.702107429504395,9.771196398424859,9.415880490919692,9.415880490919692,765800
2018-06-12,9.840286254882812,9.860025556780906,9.652757709884614,9.672497953049309,550600
2018-06-13,9.958725929260254,10.057424331583064,9.74158793812335,9.850156463058452,958000
2018-06-14,10.28443431854248,10.304173626095688,10.057426163445948,10.057426163445948,619600
2018-06-15,9.692237854003906,10.175863487498189,9.603408636805636,10.16599336530579,1672000
2018-06-18,9.672497749328613,9.771196139273515,9.613277962348407,9.692237050810961,334600
2018-06-19,9.623149871826172,9.761328772944324,9.376402439215244,9.445491419140943,508500
2018-06-20,9.662628173828125,9.711977842221794,9.59353920283697,9.652758051896065,245900
2018-06-21,9.692237854003906,9.751457645891639,9.5737992114951,9.682368673078166,296300
2018-06-22,10.037686347961426,10.047556471872012,9.69223954122549,9.761329467332772,479500
2018-06-25,9.800810813903809,10.096907055231553,9.761331252308976,9.94885893456768,376000
2018-06-26,9.899506568908691,9.958726365912298,9.613279589469194,9.721849060431351,320400
2018-06-27,9.830416679382324,10.027814415661757,9.790937132126437,9.820546557251689,356900
2018-06-28,9.672497749328613,9.820545804879256,9.66262762795415,9.810675683504792,345500
2018-06-29,9.899506568908691,9.958726365912298,9.6724993864728,9.6724993864728,339800
2018-07-03,10.40286922454834,10.521307850824428,9.919244598604346,9.919244598604346,845500
2018-07-04,10.521309852600098,10.590398829089327,10.432480630675824,10.432480630675824,155500
2018-07-05,10.412741661071777,10.550919618489933,10.383132233234564,10.462091334978293,481500
2018-07-06,10.689098358154297,10.748318154214457,10.442350933559291,10.442350933559291,447900
2018-07-09,10.61014175415039,10.945718481163441,10.61014175415039,10.847019111594797,594000
2018-07-10,10.373261451721191,10.58052931595812,10.205473135850026,10.58052931595812,483300
2018-07-11,9.899506568908691,10.333782570223837,9.840287713171826,10.264692650175173,825300
2018-07-12,9.899506568908691,10.136384815656381,9.850156894950143,10.017945221649166,278100
2018-07-13,9.988333702087402,10.04755348668958,9.810675289547415,9.869895074149593,319900
2018-07-16,9.623149871826172,9.968596653988174,9.613279748617714,9.919246979212636,425700
2018-07-17,8.803948402404785,9.465231591961652,8.803948402404785,9.406011794438117,1315400
2018-07-18,8.912515640258789,9.060564641959179,8.705247790891532,8.705247790891532,768000
2018-07-19,8.7644681930542,8.902647082722625,8.675638974072116,8.72498864475846,631000
2018-07-20,8.567071914672852,8.951997340977778,8.517722235558496,8.843428799939668,777400
2018-07-23,8.300583839416504,8.616420265536473,8.211754609253564,8.497981605741485,661900
2018-07-24,8.497982025146484,8.567071952720154,8.389413483626209,8.389413483626209,762600
2018-07-25,8.5966796875,8.665768660174056,8.488111167402675,8.567070262249214,347500
2018-07-26,8.399282455444336,8.586810081664497,8.369672087146379,8.497980859304054,316400
2018-07-27,8.310453414916992,8.468371617561168,8.261103741274002,8.448632312864014,299200
2018-07-30,8.369671821594238,8.389412066499894,8.270973420866016,8.290712724504987,305900
2018-07-31,8.517721176147461,8.616419580833494,8.290713056962815,8.320323425508674,472200
2018-08-01,8.41901969909668,8.507848899715567,8.349930739178204,8.438759939797091,357300
2018-08-02,8.41901969909668,8.517719020065773,8.35980085952841,8.41901969909668,272400
2018-08-03,8.448631286621094,8.606549470083179,8.419020921271988,8.468370588920545,274900
2018-08-07,8.241363525390625,8.576939198274026,8.241363525390625,8.497980105681858,367600
2018-08-08,8.172274589538574,8.310453488712604,8.034096631631288,8.241364509758961,484100
2018-08-09,8.359803199768066,8.42889217902728,8.152535320723675,8.20188499502315,325200
2018-08-10,8.389411926269531,8.547330117808409,8.349932378384812,8.349932378384812,220300
2018-08-13,7.1359357833862305,8.162405537965528,6.96814745359314,8.113055863096955,2118300
2018-08-14,7.244504451751709,7.372812753355014,7.106325556742985,7.106325556742985,767600
2018-08-15,6.662180423736572,7.007626721951796,6.514131875749087,7.007626721951796,1315900
2018-08-16,6.602960109710693,7.155674198199038,6.583220337644441,6.760878286240709,1070400
2018-08-17,6.7312703132629395,6.8398388476945575,6.553611855768671,6.711530536945064,936600
2018-08-20,6.9977569580078125,7.076716056837987,6.800358740299024,6.829968637677015,1040700
2018-08-21,7.0865864753723145,7.145805805900208,6.997757714897174,7.056977045425069,646500
2018-08-22,7.076715469360352,7.195154107773361,7.066845347509277,7.175414334704526,894500
2018-08-23,6.751009941101074,7.056976702615493,6.701660266075073,7.007627027589491,1024000
2018-08-24,7.0668463706970215,7.2543744773192484,6.829969059574239,6.899058040001693,801400
2018-08-27,7.481381416320801,7.550470860737397,6.968146820945143,6.968146820945143,1020600
2018-08-28,7.205024719238281,7.72812897642635,7.145804925374212,7.589950555554661,1200600
2018-08-29,7.214893341064453,7.264243005361132,7.086584590399709,7.23463311265647,573800
2018-08-30,6.9977569580078125,7.205024827753697,6.918797859177638,7.175414930375704,680800
2018-08-31,7.16554594039917,7.2148951464109725,7.027367034045974,7.027367034045974,856800
2018-09-04,6.918797969818115,6.997757069910947,6.681920198906259,6.9780172948877395,997300
2018-09-05,6.859577655792236,6.997756541146989,6.770748910216551,6.968146645532878,704200
2018-09-06,6.908927917480469,7.047106344052736,6.86944836703125,6.918798040409456,580800
2018-09-07,7.106326103210449,7.1556757795989725,6.681920674676049,6.790489680350763,703600
2018-09-10,6.928666114807129,7.165543834190524,6.918796464759168,7.135933942780128,522100
2018-09-11,6.859577655792236,6.90892732493798,6.563481052817746,6.790488683748184,751700
2018-09-12,7.195155620574951,7.28398485337796,6.760880051119617,6.869449061141804,1056600
2018-09-13,7.126064777374268,7.38268230188737,7.027365910497429,7.343202755136635,688300
2018-09-14,7.037237644195557,7.185286213734098,7.017497866299313,7.106326631515695,300600
2018-09-17,7.30372428894043,7.343203841531994,6.987887397574517,7.096456402518016,607100
2018-09-18,7.333332538604736,7.4122921017217305,7.254373446121058,7.313592765483817,493100
2018-09-19,7.491252422332764,7.599820956980056,7.3333337408426615,7.382683417052079,772900
2018-09-20,7.293854236602783,7.599821007487783,7.165545924745677,7.599821007487783,667200
2018-09-21,7.214893341064453,7.313592199024534,7.007625504031644,7.096454711512356,880900
2018-09-24,7.155675411224365,7.481381940847721,7.155675411224365,7.254374288286993,580300
2018-09-25,7.274113655090332,7.392552300912425,7.205024680344116,7.24450422895148,453900
2018-09-26,7.145803928375244,7.323462343913452,7.047105070094728,7.165544170664627,1097900
2018-09-27,7.076715469360352,7.175414334704526,6.928666936027433,7.066845347509277,411600
2018-09-28,7.2346343994140625,7.353073050031749,7.086585850825275,7.116195748796377,717300
2018-10-01,7.155675411224365,7.293853839112044,7.106325737376366,7.185285309659838,370500
2018-10-02,7.323462963104248,7.55047059165932,7.27411329447489,7.27411329447489,734900
2018-10-03,7.205024719238281,7.491251683503454,7.175414822306247,7.37281256640866,528900
2018-10-04,7.293854236602783,7.422163019093285,7.185285701233954,7.274114460114506,573800
2018-10-05,7.2346343994140625,7.422162498208746,7.195154849208167,7.313593499825854,342900
2018-10-09,7.293854236602783,7.432033142654121,7.195155354161396,7.23463490713795,593300
2018-10-10,7.362943649291992,7.392553078545501,7.086586309336681,7.2543746438845425,610200
2018-10-11,7.984744071960449,8.083442443187725,7.343200893917543,7.461639504150116,1300700
2018-10-12,7.905787467956543,8.00448587001366,7.570210830175612,7.925526771861288,938200
2018-10-15,8.083444595336914,8.330192000999132,8.004485500826338,8.073575414473082,1123800
2018-10-16,7.984744071960449,8.231491411928243,7.826825454350484,8.142662218937213,801300
2018-10-17,7.99461555480957,8.142663607530777,7.89591622548439,8.024224977100499,612500
2018-10-18,8.083444595336914,8.231493603494236,7.856437433935668,7.974876075701534,596100
2018-10-19,8.043968200683594,8.310455955048992,7.9551398904954835,8.231496829592658,755600
2018-10-22,8.05383586883545,8.10318554250202,7.80708844176933,8.004486195168878,463100
2018-10-23,8.01435661315918,8.389412829057282,7.935397508892923,8.270974172657898,821000
2018-10-24,7.826827526092529,8.073575402007082,7.7873479788981985,8.01435561058226,635200
2018-10-25,7.353071212768555,7.955135379558079,7.333331442597853,7.856436058071324,745000
2018-10-26,7.392552375793457,7.649169914974012,7.264244076836528,7.481381596376472,1127100
2018-10-29,7.254373073577881,7.471511037390346,7.17541398514909,7.392551478328265,692000
2018-10-30,7.362943649291992,7.530731983839853,7.214895091124268,7.234634867504405,619800
2018-10-31,7.214893341064453,7.264243005361132,7.02736527562366,7.254372884248485,992500
2018-11-01,7.481381416320801,7.570210634765948,7.313593101761451,7.353072649818552,893100
2018-11-02,7.668909072875977,7.668909072875977,7.353072235578691,7.451771570794493,730500
2018-11-05,7.580080986022949,7.747869316067345,7.481382106771357,7.649170436815753,557100
2018-11-06,7.3826823234558105,7.639299378085297,7.3826823234558105,7.560340284353147,532000
2018-11-07,7.1161956787109375,7.432032547880873,7.086585781031455,7.412292772972337,669300
2018-11-08,7.205024719238281,7.274113694357453,7.066845827733246,7.066845827733246,464000
2018-11-09,7.056976795196533,7.195155228195378,6.93853813834038,7.096456347481917,599100
2018-11-12,6.652309417724609,6.987886019192802,6.642439766840232,6.987886019192802,909100
2018-11-13,6.385822772979736,6.751009297990532,6.218034929268472,6.662180079659077,1058600
2018-11-14,6.810227394104004,6.859576584912295,6.366081853029878,6.366081853029878,1319200
2018-11-15,6.928666114807129,7.12606382209891,6.829967261161238,6.849707031890417,711500
2018-11-16,7.017496585845947,7.106325334854118,6.928667366204435,7.04710601197089,373500
2018-11-19,6.829968452453613,7.086585516692425,6.820098330050835,6.997756768234122,620900
2018-11-20,6.899057388305664,6.9977567292502405,6.652309977210898,6.869447962528961,678500
2018-11-21,7.254373073577881,7.313592389899474,6.908926826385275,6.9977560361843105,505300
2018-11-22,7.106326103210449,7.264244785273686,6.987887444638067,7.254374661742625,503700
2018-11-23,6.672050476074219,7.116195644710905,6.57335113136975,7.007626647916003,851300
2018-11-26,6.366084098815918,6.721400562894816,6.356214445425808,6.652311106630376,824000
2018-11-27,6.267384052276611,6.474651912091796,6.1785553056653395,6.425302713004051,733600
2018-11-28,6.484522342681885,6.524001892082991,6.12920592743858,6.26738435034245,671900
2018-11-29,6.395693302154541,6.543741851913834,6.385823179208351,6.504262301395805,446900
2018-11-30,6.296994209289551,6.346343410423158,6.040376669114734,6.336473758449777,733500
2018-12-03,6.405562400817871,6.504261739215469,6.257514334488125,6.425302645004051,785500
2018-12-04,6.474653244018555,6.701660924294158,6.454913466196042,6.474653244018555,784500
2018-12-05,6.55361270904541,6.593092266821377,6.326605016516873,6.5141331512694425,213100
2018-12-06,6.474653244018555,6.602962035181597,6.415433910551018,6.563482479536573,456100
2018-12-07,6.751009941101074,6.78061936960997,6.494392383979276,6.553611711630449,524500
2018-12-10,6.810227394104004,6.908926246353837,6.59308944852112,6.711528541854171,594600
2018-12-11,6.7608795166015625,7.066846274625668,6.741139740943019,6.8990579462113635,478400
2018-12-12,7.007626533508301,7.007626533508301,6.760879117042281,6.760879117042281,450200
2018-12-13,6.958278179168701,7.145805824340938,6.839839047173861,6.958278179168701,608700
2018-12-14,6.790489196777344,6.92866762193831,6.6029610987422105,6.751009646731354,708600
2018-12-17,7.214893341064453,7.274112655840502,6.839837210182867,6.839837210182867,812600
2018-12-18,7.580080986022949,7.6294306609654345,7.017497138972185,7.195155121625051,901700
2018-12-19,6.968146800994873,7.826827674728377,6.938537375353489,7.599820038733312,1470200
2018-12-20,7.432031154632568,7.51099023946462,7.096454573463078,7.254372743127182,977800
2018-12-21,7.451772689819336,7.649170448627334,7.303724135396647,7.392552891543556,647500
2018-12-24,7.708387851715088,7.816956827269741,7.53072991314378,7.580079105208068,457300
2018-12-27,7.99461555480957,8.142663607530777,7.787347245606661,7.965005191252078,761000
2018-12-28,7.757739067077637,7.965006468244193,7.69851974236814,7.895917491399793,704400
2018-12-31,7.915657043457031,7.935396345997507,7.570210306965694,7.816957706954754,569600
2019-01-02,8.073577880859375,8.14266687434537,7.856439833988755,7.905789518450297,743600
2019-01-03,8.389411926269531,8.419021351866403,8.053835298616082,8.21175349015496,756500
2019-01-04,8.201887130737305,8.409155063752817,8.043967943604587,8.142667317904161,1182000
2019-01-07,7.955136775970459,8.340062126550759,7.905787106564442,8.31045270141381,684100
2019-01-08,8.034096717834473,8.113055820704911,7.659040508566515,7.846568142567117,794900
2019-01-09,8.113055229187012,8.16240490019967,7.984746461060775,8.043965313262616,464200
2019-01-10,7.915657043457031,8.152534321542538,7.895916799649923,8.073575228847368,392500
2019-01-11,7.836698055267334,8.004485904241935,7.777478731399825,7.974876477624855,414500
2019-01-14,7.826827526092529,7.945266638308846,7.747868431703869,7.866307073286859,421300
2019-01-15,7.037237644195557,7.678781131773617,6.987887964138234,7.619561327451457,1812300
2019-01-16,6.859577655792236,7.096455408805153,6.8200981087289705,7.037236088210255,841800
2019-01-17,6.889187812805176,6.9582772581040375,6.5832210761388055,6.839838141786941,832800
2019-01-18,6.751009941101074,6.899058024912317,6.612831039281622,6.760879593726246,705900
2019-01-21,6.790489196777344,6.839838399018151,6.741139523903176,6.760879298926171,203600
2019-01-22,6.820098876953125,6.87931820421856,6.652310547717706,6.780619325442835,439600
2019-01-23,6.810227394104004,6.968145557703737,6.691788771404204,6.760877732662462,575200
2019-01-24,6.928666114807129,7.066844509911376,6.770747948973704,6.8102274904320605,486700
2019-01-25,7.2346343994140625,7.353073050031749,7.037236648384586,7.086585850825275,748400
2019-01-28,7.343203067779541,7.402422390426956,7.165545099837297,7.313593171139163,470800
2019-01-29,7.599820613861084,7.757739288221427,7.412292982251991,7.510991859581348,909300
2019-01-30,7.777478218078613,7.836697538037589,7.432031949667928,7.54060046760939,866600
2019-01-31,7.935396671295166,8.004485644918962,7.836697801380218,7.886047001021025,617000
2019-02-01,7.747868061065674,7.915656834564981,7.589949879842755,7.915656834564981,657000
2019-02-04,7.826827526092529,7.836697648207775,7.530730922135052,7.609690016523713,493800
2019-02-05,7.915657043457031,7.925526224093953,7.757738387433378,7.816957706954754,311600
2019-02-06,7.856437683105469,8.08344485170633,7.83669790885177,7.846567560661948,567500
2019-02-07,7.6886491775512695,7.945266707171892,7.659039752215555,7.886046915233802,445500
2019-02-08,7.905787467956543,7.945267017032729,7.708389251942264,7.718259374527984,386400
2019-02-11,7.866307258605957,7.94526682548812,7.777478510642697,7.787348162357132,234000
2019-02-12,7.747868061065674,7.915656834564981,7.68864874310708,7.895916591278812,342200
2019-02-13,7.757739067077637,7.905787614168054,7.65904019256181,7.72812916940621,321800
2019-02-14,7.935396671295166,7.945266793603328,7.708389035174118,7.816958027397228,329300
2019-02-15,8.073577880859375,8.103187315029524,7.886049268158904,7.9946187622276845,472000
2019-02-19,8.626291275024414,8.695381206283269,8.201886269159216,8.211755452538858,947200
2019-02-20,8.665769577026367,8.86316733502771,8.537460799008805,8.774339049877174,1329000
2019-02-21,8.497982025146484,8.655901187267126,8.389413483626209,8.576941135573383,893500
2019-02-22,8.527587890625,8.78420439325563,8.527587890625,8.53745706826231,628700
2019-02-25,8.961865425109863,9.080304063264624,8.428891082780126,8.428891082780126,981900
2019-02-26,9.13952350616455,9.23822189691497,8.754597240818123,8.823686208470075,885300
2019-02-27,8.803948402404785,9.100045507488968,8.72498929988457,9.090175384357254,919800
2019-02-28,8.7644681930542,8.882906837941416,8.665768851681511,8.833557167255073,646800
2019-03-01,8.330192565917969,8.784207860776535,8.330192565917969,8.636159783845864,768900
2019-03-04,8.399282455444336,8.399282455444336,8.043965566002557,8.192014583692202,798400
2019-03-05,8.497982025146484,8.507852149266558,8.27097481798586,8.389413483626209,561900
2019-03-06,8.379542350769043,8.636159899398027,8.310453372779213,8.497981002151636,527100
2019-03-07,8.606547355651855,8.616416533743639,8.280840946963247,8.340059780579509,528700
2019-03-08,8.961865425109863,8.991474849331897,8.715118026970789,8.843426786955103,701500
2019-03-11,8.784208297729492,9.040825855689853,8.64603033672527,9.001346303793396,624100
2019-03-12,9.0704345703125,9.09017481534025,8.843427400093518,8.882906948882328,547100
2019-03-13,9.13952350616455,9.22835271672654,9.011214751049074,9.109913141799495,552800
2019-03-14,8.724987983703613,8.961865255530876,8.68550843839907,8.794076952669913,699700
2019-03-15,8.81381893157959,9.00134657338761,8.665769901583666,8.823688113899218,1016500
2019-03-18,8.734858512878418,8.942126370714176,8.616418930172284,8.853297154317902,734700
2019-03-19,8.87303638458252,8.912515931405654,8.685508772489294,8.87303638458252,503800
2019-03-20,9.040823936462402,9.109912902297992,8.636158380111269,8.892775883595693,908600
2019-03-21,9.15926456451416,9.297443467586753,8.932257375109296,9.080305460263183,749200
2019-03-22,9.13952350616455,9.267832261280027,9.080303718701028,9.100043961611066,477100
2019-03-25,9.455361366271973,9.514581163153178,9.129654836592184,9.179004510448733,766900
2019-03-26,9.386272430419922,9.43562210450143,9.257963654314699,9.396142553489572,477600
2019-03-27,9.109915733337402,9.465232676663941,9.070436177552994,9.4060128723539,557100
2019-03-28,8.7644681930542,8.863166593160207,8.596679877480637,8.863166593160207,813600
2019-03-29,8.675639152526855,8.932256692361028,8.646029726012666,8.892777143253209,566400
2019-04-01,8.300583839416504,8.685510189700313,8.211754609253564,8.685510189700313,727300
2019-04-02,8.300583839416504,8.389413069579444,8.172275055988568,8.22162473288651,420700
2019-04-03,8.349932670593262,8.438761891759153,8.231494022794307,8.340062547960006,393300
2019-04-04,8.626291275024414,8.63616139967095,8.142666462546895,8.201886269159216,438700
2019-04-05,8.517721176147461,8.626289703682113,8.478241626019704,8.616419580833494,357400
2019-04-08,8.5966796875,8.764467999365555,8.55720014007673,8.675638782346537,391400
2019-04-09,8.695378303527832,8.71511760496449,8.606549093896422,8.646028638036318,339600
2019-04-10,8.547331809997559,8.744729588501698,8.527592502780571,8.685510725583883,489600
2019-04-11,8.330192565917969,8.497980888448312,8.251233466052716,8.40915260704994,485800
2019-04-12,8.261104583740234,8.409153619767219,8.23149515304157,8.359803941091558,470100
2019-04-15,8.280843734741211,8.359802833655705,8.043965496731024,8.142664841007495,613100
2019-04-16,7.984744071960449,8.201881994686701,7.9748739524578,8.152532338439862,773000
2019-04-17,7.955136775970459,8.152534512327875,7.905787106564442,8.014355626244358,583000
2019-04-18,8.004486083984375,8.152535102927647,7.935397106570882,7.965006533852847,456900
2019-04-22,7.757739067077637,8.083445117663183,7.747868944309375,8.034096386355307,429200
2019-04-23,7.876176834106445,7.965005575902277,7.639299091173184,7.668908985527331,565300
2019-04-24,7.99461555480957,8.083443821682357,7.797217366792491,7.8860461042985595,545100
2019-04-25,7.99461555480957,8.142663607530777,7.9057863466702205,8.014354855914668,541700
2019-04-26,8.379542350769043,8.428892024161806,8.043965701218328,8.053835824150227,819600
2019-04-29,8.063704490661621,8.330191172824463,8.004484705032901,8.330191172824463,619800
2019-04-30,8.1229248046875,8.211754028568986,8.043965703741009,8.053835826676002,369600
2019-05-01,7.925526142120361,8.241363450900968,7.836697399073708,8.083444325877354,830400
2019-05-02,7.629430770874023,7.856438431739617,7.5109921140659015,7.807088756086206,672500
2019-05-03,7.7281293869018555,7.86630781511282,7.678780183571768,7.767608937819274,449500
2019-05-06,7.718260288238525,7.807089048859082,7.629431056984564,7.688650387609403,266600
2019-05-07,8.024225234985352,8.043964536724836,7.639298967766154,7.767607723505886,426000
2019-05-08,7.777478218078613,8.122924015855979,7.747868322782465,8.043964922577345,409300
2019-05-09,7.935396671295166,8.063705437501266,7.77747847943125,7.9946164638774695,636000
2019-05-10,7.807088375091553,7.9255270261197355,7.747869049577461,7.9255270261197355,381800
2019-05-13,8.063704490661621,8.073574611810836,7.807086988381432,7.94526586067074,979900
2019-05-14,7.895917892456055,8.063706222972087,7.737999685209616,8.063706222972087,429300
2019-05-15,7.856437683105469,8.043965303198933,7.83669790885177,7.96500620618414,291900
2019-05-16,7.6886491775512695,7.826827593929043,7.639299507813971,7.826827593929043,344200
2019-05-17,7.797217845916748,7.8268272700271195,7.5800798728185725,7.649169313464958,511600
2019-05-21,7.649169921875,7.678779818973834,7.481381603126083,7.66890969639644,429500
2019-05-22,7.343203067779541,7.69851947429737,7.333332945354968,7.649169803441188,441000
2019-05-23,7.441901683807373,7.659039663372747,7.37281224110324,7.46164145734665,642900
2019-05-24,7.520862102508545,7.56034165654008,7.2839847783193346,7.441902994445475,297900
2019-05-27,7.520862102508545,7.570211780364668,7.4813825484770105,7.530732226333133,64200
2019-05-28,7.412293434143066,7.51099231748961,7.30372442714517,7.451772987481684,622900
2019-05-29,7.3826823234558105,7.510991086087214,7.372812201422631,7.46164141718796,361200
2019-05-30,7.639298915863037,7.678778930973662,7.30372278780572,7.392551527563069,452700
2019-05-31,8.103185653686523,8.172274633007657,7.777479120791538,7.7972188964023434,679200
2019-06-03,8.537460327148438,8.557200572490919,8.152534955637107,8.310453153310135,862000
2019-06-04,8.41901969909668,8.66576706025293,8.290710958343452,8.389410279312544,847500
2019-06-05,8.428893089294434,8.873038323421076,8.359804102574046,8.60655155945183,851000
2019-06-06,8.547331809997559,8.606551614182228,8.379543462952325,8.468372698595902,510200
2019-06-07,8.41901969909668,8.66576706025293,8.389410279312544,8.636157640468795,540300
2019-06-10,8.241363525390625,8.27097294979603,8.093314520830337,8.231493403499947,632400
2019-06-11,8.458501815795898,8.478242062509436,8.14266539851347,8.21175437947731,447300
2019-06-12,8.626291275024414,8.724990638955983,8.497982478420132,8.567072409678989,492900
2019-06-13,8.734858512878418,8.794077362964835,8.557200080085867,8.665768599422064,388000
2019-06-14,8.655899047851562,9.001344835271215,8.507850046443188,8.85329677512945,532100
2019-06-17,8.892776489257812,8.9125157917267,8.655899212031402,8.655899212031402,459300
2019-06-18,8.88290786743164,9.070435508253366,8.803948761689147,9.021086773114398,481600
2019-06-19,9.040823936462402,9.080303479977964,8.784206432977978,8.813816796564572,419600
2019-06-20,9.603408813476562,9.830416921744632,9.297442550016711,9.465230865307602,1441400
2019-06-21,9.721848487854004,9.771197217639372,9.34679230563175,9.603408900822398,963700
2019-06-24,10.40286922454834,10.44234876664037,9.800805972328257,9.820545272741006,1098100
2019-06-25,10.244951248168945,10.560787590823903,10.017943170935784,10.383130118713764,1281600
2019-06-26,10.15612506866455,10.383133213560862,9.88963831043573,9.948857171701322,939300
2019-06-27,10.05742359161377,10.087033957272077,9.860025860224876,10.00807486471652,676300
2019-06-28,10.205472946166992,10.225212249349651,9.968595660375108,10.12651385090303,522300
2019-07-02,10.25482177734375,10.284431200329495,9.534318915402347,9.761327001670614,737100
2019-07-03,10.244951248168945,10.333780454857289,10.047553534009596,10.323910333832684,452200
2019-07-04,10.136384010314941,10.264691834639605,10.12651388805407,10.264691834639605,174800
2019-07-05,10.047554016113281,10.116642984067456,9.721847536805608,9.879765715710347,662500
2019-07-08,10.05742359161377,10.14625280605543,9.938984952780434,10.077163835385974,475200
2019-07-09,10.235081672668457,10.244951794219133,9.968594979666381,10.047554069538597,505900
2019-07-10,10.491698265075684,10.639746310282957,10.33378009918352,10.37325964065656,868100
2019-07-11,10.205472946166992,10.5311794494475,10.08703430327105,10.481829779590857,705300
2019-07-12,10.037686347961426,10.2054746893741,10.00807691749649,10.2054746893741,900700
2019-07-15,10.185733795166016,10.195603918450244,9.948856483945123,10.02781558768542,561500
2019-07-16,11.044414520263672,11.212202847473106,10.165994274449657,10.18573357933308,1813200
2019-07-17,12.00179386138916,12.06101365389514,11.222072084116016,11.222072084116016,1687200
2019-07-18,12.751906394958496,12.850605736787593,11.873485264732917,12.051143703518619,2143000
2019-07-19,12.771645545959473,13.225660818668388,12.436069858536944,12.781515668277784,2122000
2019-07-22,13.097354888916016,13.383581888700258,12.91969642654414,12.949305856517183,1442400
2019-07-23,12.978915214538574,13.442800674123035,12.633469356723305,13.136834369808563,1268100
2019-07-24,13.334230422973633,13.452669068248749,13.146701862004688,13.255271326123555,936100
2019-07-25,12.554508209228516,13.235530631746894,12.396590020891885,13.235530631746894,1735600
2019-07-26,12.732168197631836,12.890087358207774,12.613729533150009,12.643339905220591,891400
2019-07-29,12.94930648803711,12.988786043682133,12.50516125171387,12.79138826545701,608400
2019-07-30,13.048003196716309,13.205921387210909,12.949303857023853,13.018392830048574,601200
2019-07-31,12.288018226623535,12.969041461063282,11.922832250137406,12.95917134085019,2191300
2019-08-01,12.840736389160156,12.978914346538517,11.695828472939073,11.764917451628255,1518500
2019-08-02,12.445939064025879,12.840735486133445,12.396590334870773,12.751906267627575,1106200
2019-08-06,12.94930648803711,13.265142933197305,12.830867821102036,12.978915919454163,1234100
2019-08-07,13.738896369934082,14.429788955117733,13.640197025793544,13.738896369934082,2166700
2019-08-08,14.104083061218262,14.17317204041324,13.344101466273255,13.482279424663213,1186600
2019-08-09,13.975773811340332,14.212651110215015,13.886944588945646,14.074473156504807,1045400
2019-08-12,13.94616413116455,14.508747941097294,13.896814459478046,14.350829744713836,1058600
2019-08-13,13.423059463500977,14.400178979959062,12.840735426036057,14.311349761868932,2377000
2019-08-14,13.373711585998535,14.104083790672469,13.373711585998535,13.788247365141427,1325600
2019-08-15,13.49215030670166,13.610588966812413,13.057874278362103,13.26514216887262,662300
2019-08-16,12.959174156188965,13.462539101213368,12.860474815148883,13.225660870970506,778900
2019-08-19,13.146703720092773,13.511889829954594,12.396592194000103,12.54464028620169,888500
2019-08-20,13.798114776611328,13.956033910375986,13.294750773340677,13.32436019911738,679500
2019-08-21,13.69941520690918,13.95603271843484,13.620456117403837,13.650065540651692,453500
2019-08-22,13.541499137878418,13.80798587116515,13.492149463931469,13.590848811825365,427500
2019-08-23,14.429786682128906,14.538355190568357,14.281738630505425,14.390307138944873,1025900
2019-08-26,14.31135082244873,14.70614633069924,14.183042046950629,14.597577801247036,858800
2019-08-27,14.755496978759766,15.0022444230242,14.54822908792697,14.637058318464854,1319200
2019-08-28,14.716017723083496,15.199642497723138,14.479140397700835,14.903546311628219,1160800
2019-08-29,14.084342002868652,14.824584200716972,13.857333906069854,14.81471407884167,1285400
2019-08-30,14.291607856750488,14.518615936745594,14.015251053565045,14.094210140189457,635900
2019-09-03,14.844324111938477,15.298339382887749,14.627186128110564,14.646926372670679,1070100
2019-09-04,14.765364646911621,15.01211205014125,14.538356546481708,14.844323740643771,1014100
2019-09-05,13.423059463500977,14.301479639577437,13.215791601712898,14.192911118170983,1743100
2019-09-06,12.840736389160156,13.571108550712674,12.81112602006473,13.353970550346585,1090800
2019-09-09,12.633466720581055,12.899953415788708,12.238670326685849,12.850604690160088,1230000
2019-09-10,12.682818412780762,12.988784702110674,12.396591428601123,12.534769388453306,924800
2019-09-11,12.959174156188965,13.314490089653244,12.68281731905008,12.811125144628843,782600
2019-09-12,12.771645545959473,13.709286458332235,12.732165997952901,13.43292868101956,1160800
2019-09-13,12.218929290771484,12.998650905017223,12.199189050307972,12.899951585232609,1068000
2019-09-16,12.633466720581055,12.811124203630621,12.189321601057229,12.653206022579182,794200
2019-09-17,12.820996284484863,12.899955387076604,12.544639425413774,12.732167058752468,651000
2019-09-18,12.623598098754883,12.939434498382196,12.238671780759054,12.801256544178607,1023200
2019-09-19,13.028263092041016,13.136832555120804,12.613727366912133,12.742036133382184,698200
2019-09-20,13.245401382446289,13.284880931404102,12.801256221354231,13.038133515101103,1229400
2019-09-23,13.758636474609375,13.956035174376968,13.472409489466475,13.521759164408374,901000
2019-09-24,13.778375625610352,13.90668439375109,13.225661004486147,13.51188796687189,917400
2019-09-25,13.077611923217773,13.738895016523323,12.83086452844008,13.620456379982022,966600
2019-09-26,12.96904468536377,13.205921981770404,12.909824890628759,13.038133661499028,606900
2019-09-27,12.584117889404297,12.811125054424766,12.347240602095981,12.49528867134701,730800
2019-09-30,11.89322566986084,12.396590625691802,11.656348375799219,12.149843209060942,941100
2019-10-01,12.00179386138916,12.386720159511347,11.764916573898585,12.041273409304257,959900
2019-10-02,12.465678215026855,12.495287638175476,12.061012647351545,12.317629216750571,510300
2019-10-03,12.475546836853027,12.939431195063523,12.43606729697838,12.465676716567746,659800
2019-10-04,12.692686080932617,12.751905871854117,12.238670821423261,12.416329252921118,320100
2019-10-07,12.505157470703125,12.751904854195661,12.396588960822372,12.564376315632055,423300
2019-10-08,12.929564476013184,12.978913204295685,12.593987852598898,12.811124892588541,755100
2019-10-09,12.742034912109375,13.087481630362655,12.69268524646368,12.969042997572936,627500
2019-10-10,12.811124801635742,12.830865045821922,12.357110480553413,12.692686160318615,495100
2019-10-11,12.02153205871582,12.60385599724385,11.97218239690952,12.60385599724385,762300
2019-10-15,11.972184181213379,12.25841113282865,11.942574756223289,12.228801707838558,472900
2019-10-16,12.959174156188965,12.978913459636976,12.080753032985598,12.149842948220325,924300
2019-10-17,13.432929039001465,13.482278710641497,12.840735803121182,12.860475107017178,735900
2019-10-18,13.284881591796875,13.620458245253172,13.008524735354465,13.403320244557907,592700
2019-10-21,12.850606918334961,13.50201999875438,12.850606918334961,13.432930076614875,523800
2019-10-22,12.771645545959473,13.067742626642099,12.613727353933184,12.8999543122975,488800
2019-10-23,12.959174156188965,13.275010541490547,12.840735511700872,12.870344937506227,449700
2019-10-24,13.482277870178223,13.482277870178223,13.038132735638621,13.067742160270159,543300
2019-10-25,13.857332229614258,14.153429261185188,13.452666694349478,14.005380274766464,1042000
2019-10-28,13.275012969970703,13.659939340923971,13.245403538748713,13.659939340923971,737800
2019-10-29,13.334230422973633,13.482278494250856,13.048003461575433,13.126962558425511,566000
2019-10-30,13.482277870178223,13.541497660707932,12.959173642443432,13.334229805753901,846500
2019-10-31,13.896814346313477,13.916554591334009,13.45266918728509,13.738896151215979,1431500
2019-11-01,14.252129554748535,14.26199967675288,13.600716562728078,13.709286022242582,906500
2019-11-04,13.847465515136719,14.252131149941272,13.798115840858097,14.252131149941272,597800
2019-11-05,13.176313400268555,13.531629367671266,12.949305270700082,13.531629367671266,829200
2019-11-06,13.245401382446289,13.344100725474167,12.870345196713728,13.245401382446289,671300
2019-11-07,12.623598098754883,13.561238116098512,12.455809776136192,13.077613393852506,1133700
2019-11-08,12.791386604309082,13.00852460279161,12.297891752200346,12.406460280808245,537700
2019-11-11,13.344100952148438,13.373710379053094,12.761776889178837,12.781516193359705,637900
2019-11-12,13.817855834960938,13.84746526248117,13.146702536057482,13.186182086506701,697600
2019-11-13,13.738896369934082,14.104082437227344,13.689546697863813,14.025123338421595,531500
2019-11-14,14.054731369018555,14.084341734079368,13.73889500516943,13.877073884986729,470800
2019-11-15,13.827726364135742,13.995514693791073,13.78824681252665,13.867205915744833,452500
2019-11-18,14.104083061218262,14.16330285857592,13.768506405813943,13.77837652891801,505300
2019-11-19,14.173172950744629,14.469270074017503,14.015254736003577,14.05473428968884,626300
2019-11-20,14.400179862976074,14.42978929039954,14.104082764941234,14.212651293005093,432300
2019-11-21,13.788246154785156,14.360700096442564,13.778376032037029,14.28174099699097,525400
2019-11-22,13.788246154785156,13.936294230940215,13.53162861093412,13.877075376984877,498100
2019-11-25,13.669808387756348,13.995514929329545,13.590849283209316,13.630328835482832,375400
2019-11-26,14.1830415725708,14.232391244768202,13.699416855823024,13.768505832139361,657800
2019-11-27,13.857332229614258,14.084340298949693,13.600714739501685,14.064600057587258,500600
2019-11-28,13.956034660339355,14.005383392196851,13.729026540474637,13.729026540474637,123400
2019-11-29,14.054731369018555,14.153430703354712,13.807983974444774,13.86720376329979,351200
2019-12-02,14.31135082244873,14.331091068494626,13.877075763373169,13.926424495954429,587800
2019-12-03,14.785104751586914,14.94302388888266,14.53835733497485,14.607447251687582,828600
2019-12-04,14.380438804626465,14.71601543401999,14.222520612268728,14.66666576359153,703000
2019-12-05,14.62718677520752,14.90354456367499,14.291610132973242,14.390309477606868,690300
2019-12-06,13.729024887084961,14.31134888903454,13.709285584972516,14.31134888903454,1203100
2019-12-09,13.600719451904297,13.946166265305857,13.54150058983176,13.926426017103783,515700
2019-12-10,13.817855834960938,13.84746526248117,13.659937633164061,13.7388967340625,351000
2019-12-11,13.956034660339355,14.064603188199259,13.610587889736545,13.857335314090918,650400
2019-12-12,13.886944770812988,14.410049989262042,13.729026569495058,14.222521419246954,879400
2019-12-13,14.587708473205566,14.60744872032724,13.83759696665102,13.83759696665102,1001800
2019-12-16,14.449529647827148,14.89367482767742,14.410050097201939,14.617317973300965,748100
2019-12-17,14.47913932800293,14.765366310344314,14.429789653544052,14.449529899834303,596500
2019-12-18,14.084342002868652,14.271869612166244,13.65006605302166,14.242260187806966,1220600
2019-12-19,13.995513916015625,14.183041540420612,13.847464899759018,14.015253220089816,584800
2019-12-20,13.47240924835205,14.104083005516474,13.442799820423533,14.074473577587957,804600
2019-12-23,14.558097839355469,14.577838084843973,13.640197132007708,13.65006725475196,955100
2019-12-24,15.525348663330078,15.545088910580146,14.676537798179844,14.676537798179844,1029000
2019-12-27,15.377298355102539,15.732614282931097,15.308209382230318,15.56482691185094,994900
2019-12-30,15.98923110961914,16.226108370479697,15.426646438492115,15.436516559677946,1155100
2019-12-31,15.722744941711426,16.28532872368805,15.712874819611255,16.216239751520153,809700
2020-01-02,15.673396110534668,16.08793090697388,15.58456688941673,15.880663979387625,851200
2020-01-03,15.347689628601074,15.989233481864378,15.278599711316286,15.95962311391374,844500
2020-01-06,14.913415908813477,15.74248751196696,14.785107118680976,15.74248751196696,1133900
2020-01-07,15.337818145751953,15.406907115643044,14.86406359575599,14.962761989705172,946100
2020-01-08,14.410049438476562,15.100942013468357,14.252130301927942,15.100942013468357,1501400
2020-01-09,14.015253067016602,14.429788801980852,13.985643640595354,14.16330208165623,781400
2020-01-10,14.202781677246094,14.449529094521807,14.133691760347538,14.153432005537612,707400
2020-01-13,13.69941520690918,14.09421065443589,13.57110645114635,14.084341474197668,784900
2020-01-14,13.956034660339355,13.995514210585387,13.571108339490513,13.571108339490513,747300
2020-01-15,14.232391357421875,14.350830006873093,13.788246186663136,14.183041684833857,632600
2020-01-16,14.212652206420898,14.390310664912866,13.975774889276135,14.22252232995196,481800
2020-01-17,13.59084701538086,14.321219081201194,13.442798013109202,14.311348959463094,1004300
2020-01-20,13.807985305786133,13.84746485507382,13.67967653528447,13.67967653528447,150400
2020-01-21,13.511887550354004,13.571107342003712,12.653206689666495,13.334230057938191,1237500
2020-01-22,13.403321266174316,13.689548267480047,13.334232282114359,13.37371183604388,734100
2020-01-23,13.235532760620117,13.738897772857008,13.19605320718586,13.255273007970647,651400
2020-01-24,13.729024887084961,13.788244675955516,13.22565997611838,13.22565997611838,714200
2020-01-27,13.21579360961914,14.1830431507422,13.146703684348342,14.005384687569878,855600
2020-01-28,12.880215644836426,13.215792290093372,12.761776994969276,13.077613394615007,730400
2020-01-29,13.136834144592285,13.205923126717526,12.722298369307271,12.93943543920568,630000
2020-01-30,13.018393516540527,13.403319832119225,12.959174662615627,13.30462048722211,760000
2020-01-31,13.16644287109375,13.28488152324361,13.02826397295221,13.067743523668831,529000
2020-02-03,12.870345115661621,13.097353226689458,12.593988274697319,13.008524006777117,550200
2020-02-04,12.475546836853027,12.77164291527965,12.278148196213309,12.68281465651155,617500
2020-02-05,12.7617769241333,12.929565245830442,12.475549953226421,12.505159380212177,561800
2020-02-06,12.978915214538574,13.107223998732863,12.712428463724898,12.91969635492078,517200
2020-02-07,12.574248313903809,13.16644249919265,12.564378191186762,12.988784055352655,531000
2020-02-10,12.890085220336914,13.008523865175231,12.534768344555287,12.672947234166662,468300
2020-02-11,12.791386604309082,12.93943468343501,12.495289504790495,12.840736277773301,428500
2020-02-12,12.564377784729004,12.732166100423997,12.554508603597935,12.732166100423997,427200
2020-02-13,12.60385799407959,12.890084948383407,12.544638202276504,12.801255731312109,590500
2020-02-14,12.554508209228516,12.909824132985932,12.515028662144358,12.603857878400374,559200
2020-02-18,13.284881591796875,13.462540041571794,12.751907183738854,12.811126039486002,965000
2020-02-19,12.14984130859375,13.314488292857034,12.090621523708103,13.284878871047484,2231100
2020-02-20,12.722295761108398,13.215790540869936,12.199190616849222,12.30776007080738,2057200
2020-02-21,12.988785743713379,13.126964655913227,12.840737648780339,13.03813542244667,909100
2020-02-24,12.880215644836426,13.54149881254471,12.712427322207953,13.54149881254471,1329500
2020-02-25,12.258411407470703,12.89995429714037,12.24854128516399,12.584117913458893,1032000
2020-02-26,12.159713745117188,12.515030667063339,11.903097118593278,12.13997443904618,800400
2020-02-27,11.360248565673828,12.4261970748166,11.340508325265105,12.406456834407876,911100
2020-02-28,9.998207092285156,10.343652968074561,9.119785804603177,9.406012817693531,2528400
2020-03-02,10.383130073547363,10.68909629384677,10.087033032963083,10.392999253262488,982000
2020-03-03,10.639749526977539,11.192464215967775,10.26469329896038,10.777928434541797,2119400
2020-03-04,10.679226875305176,10.768056087449972,10.284431422735645,10.708837240197845,748400
2020-03-05,10.817403793334961,11.004931363993425,10.462087950434825,10.75818401555172,876800
2020-03-06,10.491698265075684,10.847014138333051,10.057422367605717,10.847014138333051,1133300
2020-03-09,9.593537330627441,10.254820310757852,9.257960780559298,9.544187671864517,1304100
2020-03-10,9.988333702087402,10.175862235605509,9.484968827401802,10.067292787379277,1011900
2020-03-11,8.922386169433594,9.948855341447489,8.734858554902205,9.91924591626183,1333300
2020-03-12,7.7281293869018555,9.050695754535477,7.3826830810577615,7.86630781511282,2240600
2020-03-13,6.84970760345459,8.14266387068781,6.760878392444432,8.103184325935139,3024400
2020-03-16,7.5899505615234375,8.043965373316029,5.231045399794484,5.615971236413571,3136900
2020-03-17,8.81381893157959,9.356662551097603,7.422163038331899,7.422163038331899,3049000
2020-03-18,7.718260288238525,9.366532833880063,7.64917083385951,8.251234263862079,2161000
2020-03-19,8.113055229187012,9.238222833688848,6.849708263469728,7.757738821542565,2045300
2020-03-20,7.895917892456055,8.724989421766622,7.787348889657437,8.606550766331793,1092500
2020-03-23,8.695378303527832,9.1395234104183,7.767607604340419,8.389411130493707,1505500
2020-03-24,10.353521347045898,10.531179787729885,9.42575147725921,10.294302494329031,2494100
2020-03-25,10.462092399597168,11.093765277825815,9.73171922224504,10.087036157515492,1505500
2020-03-26,10.047554016113281,10.985193909310118,9.800806626257977,10.600267642279869,1160900
2020-03-27,9.366531372070312,9.968595649377113,9.109913842112222,9.741587544793676,819000
2020-03-30,8.912515640258789,9.731716916027798,8.537459487057724,9.36653088452675,1540600
2020-03-31,8.606547355651855,9.30730982855355,8.586807116935509,9.06056249219755,1099800
2020-04-01,8.616419792175293,8.922387019120157,8.221624281214256,8.507851261977693,848800
2020-04-02,8.863168716430664,9.287574668231025,8.774340417435456,8.932258648449476,944700
2020-04-03,8.478242874145508,9.109915769181445,8.36967338936106,8.774340014327034,792400
2020-04-06,9.13952350616455,9.277701441468457,8.655898850067704,8.764467362273141,1024700
2020-04-07,8.981605529785156,9.633018500189513,8.873036073873356,9.376400984191854,1126900
2020-04-08,8.853297233581543,9.25796283077275,8.813817686081588,9.050694971081318,488400
2020-04-09,9.731717109680176,9.958725206964719,9.149394036790765,9.327051524593198,1352400
2020-04-13,10.511438369750977,10.62987794450228,9.198742338712151,9.761327024347782,1337400
2020-04-14,10.481829643249512,11.63660757304762,10.185732569227778,11.054283547100427,1895200
2020-04-15,10.274561882019043,10.62000862849858,9.948855379917383,10.235082334529952,974200
2020-04-16,10.235081672668457,10.541048851873237,9.988334281501137,10.392999852412887,932300
2020-04-17,9.633021354675293,10.156125722088674,9.623151230073727,9.988337368929628,864300
2020-04-20,10.017946243286133,10.38313330306138,9.721850051872227,9.74158935870863,1014800
2020-04-21,10.008075714111328,10.087034813368218,9.49484062767483,9.544190300027063,816600
2020-04-22,10.392998695373535,10.560786977988984,10.254820774113632,10.264689953298987,768800
2020-04-23,10.590397834777832,11.133242296807689,10.333781257082467,10.560788410671947,1296200
2020-04-24,10.728577613830566,10.906236055865797,10.185733106374796,10.787797408264543,904800
2020-04-27,10.777925491333008,10.807534912987254,10.26469049590451,10.65948686344948,934200
2020-04-28,11.222071647644043,11.301030740403194,10.55091841792462,10.689097300886454,1113700
2020-04-29,11.804394721984863,11.853744386343251,11.093762002517131,11.261550296575715,1334300
2020-04-30,11.093764305114746,11.942576072710178,10.955586345751213,11.745177374304983,1215000
2020-05-01,11.547778129577637,11.587257675919556,10.748317080837115,10.866755719862873,799600
2020-05-04,11.409601211547852,11.79452658759583,11.370121661664298,11.597128838178056,1414200
2020-05-05,11.291159629821777,11.597126793422548,10.935843743517555,11.597126793422548,802000
2020-05-06,11.074024200439453,11.33064079555717,10.896365761209225,11.13324305267174,545000
2020-05-07,11.557645797729492,11.695824651223413,11.06415110259376,11.16285041812748,893200
2020-05-08,11.37012004852295,11.952443091371332,11.310900261466095,11.606997314217198,722500
2020-05-11,10.807536125183105,11.508298791376225,10.797666003102457,11.468819244320274,769100
2020-05-12,10.975324630737305,11.389860352832658,10.916105779733206,11.004934056239353,755000
2020-05-13,10.649617195129395,11.192461635285309,10.392999686507823,11.172721392499072,773000
2020-05-14,10.955585479736328,11.143113098877516,10.027814682623756,10.452220532873126,1506100
2020-05-15,12.258411407470703,12.327500381084358,11.350380863119787,11.636607821147793,2352800
2020-05-19,12.99865436553955,13.640197291132697,12.820995919137323,12.86047546930818,2436900
2020-05-20,13.284881591796875,13.43292967243148,13.008524735354465,13.196052366909415,1557300
2020-05-21,12.899954795837402,13.077613239159636,12.465679751486812,12.919695041213965,887300
2020-05-22,12.96904468536377,13.50201907291205,12.91969501329571,13.087483333567087,891900
2020-05-25,13.028263092041016,13.284880624981117,12.830865351805041,12.840735474133508,301500
2020-05-26,12.485420227050781,13.087484589791181,12.426201367898255,13.087484589791181,929300
2020-05-27,12.870345115661621,12.88021523815559,11.962314554083653,12.061013896489962,966100
2020-05-28,12.672947883605957,13.403320034837646,12.564378414323729,13.245401833627197,913900
2020-05-29,13.580978393554688,13.738896593738648,13.087483547346451,13.176312770266609,1972100
2020-06-01,14.370570182800293,14.528488381303585,13.85733509639788,13.85733509639788,1703100
2020-06-02,13.462540626525879,14.410050831050674,13.462540626525879,14.390310584099407,1667800
2020-06-03,12.978915214538574,13.235532782927152,12.554510249721712,12.959175908421576,1270700
2020-06-04,13.314488410949707,13.531626369100918,13.048001729767064,13.255269566805367,765400
2020-06-05,12.899954795837402,12.949304468012102,12.18932290508189,12.534768727771365,1526800
2020-06-08,13.077611923217773,13.126961590426635,12.663076224689918,13.107221347036445,843500
2020-06-09,12.899954795837402,13.531628528886788,12.850606064929412,13.196051887618887,946200
2020-06-10,13.679678916931152,13.709289290002143,12.59399065186689,13.117095006318461,1480100
2020-06-11,12.495290756225586,13.73889813399405,12.406461523346863,13.4921506832273,1360900
2020-06-12,12.426202774047852,12.98878670599286,12.307764101073477,12.801259042433491,1071000
2020-06-15,12.248542785644531,12.347242138269273,11.379991682853875,11.843877134163304,1039000
2020-06-16,11.725439071655273,12.38672232055352,11.676089392834974,12.258413532127475,1158200
2020-06-17,11.626736640930176,11.922833694323174,11.567517795011527,11.784654818402018,563000
2020-06-18,11.320772171020508,11.616869270541487,11.241813069983811,11.537909228238059,567300
2020-06-19,11.646478652954102,12.03140403369876,11.47869032858504,11.557649429315573,1365400
2020-06-22,12.179452896118164,12.544638967594095,11.903096047132784,12.041274000992116,916700
2020-06-23,12.455808639526367,12.59398752238766,12.24854078586774,12.475548883335108,807100
2020-06-24,12.090621948242188,12.455807967604452,11.912963528613732,12.268280367870645,1155700
2020-06-25,12.288018226623535,12.297888346836626,11.972181909936388,12.139970188493052,548600
2020-06-26,12.663078308105469,12.682818554743458,11.88335644997349,12.199192866047172,783000
2020-06-29,12.712425231933594,12.732164533032405,12.40645806413622,12.66307556728672,658800
2020-06-30,13.324360847473145,13.37371052034676,12.5248987824674,12.72229747396186,1244100
2020-07-02,12.732168197631836,13.294753030504058,12.732168197631836,13.028265329469821,777500
2020-07-03,12.712425231933594,12.840733983508843,12.653205446104032,12.771644076496592,230900
2020-07-06,12.702555656433105,13.215790684781886,12.534767354185743,12.8308644135203,1133000
2020-07-07,12.978915214538574,13.126964246116662,12.554510249721712,12.554510249721712,944300
2020-07-08,13.906686782836914,14.064605004211328,13.393451622103221,13.403321746255834,1602600
2020-07-09,14.173172950744629,14.607448982549325,13.729027736468721,14.10408396711212,1856700
2020-07-10,13.975773811340332,14.31135045537949,13.837595857630124,14.212651110215015,972700
2020-07-13,13.69941520690918,14.804843401250563,13.659935662156508,14.410047953723852,1587800
2020-07-14,14.054731369018555,14.104081036186633,13.423058641320306,13.650065792520211,1565200
2020-07-15,14.034993171691895,14.08434284274459,13.659936989464777,14.034993171691895,1231200
2020-07-16,13.867203712463379,14.21264949884032,13.719154711501883,13.956032924786955,1012700
2020-07-17,14.222522735595703,14.410051322967277,13.965905164069767,14.0448642720367,1398300
2020-07-20,15.53521728515625,15.703005605494452,14.498877936381101,14.498877936381101,1872600
2020-07-21,16.374160766601562,17.074922613881093,16.10767307149514,16.28533153489942,3393000
2020-07-22,18.58501625061035,18.63436498332694,16.867654373110952,17.055182945994265,3890800
2020-07-23,17.647375106811523,18.506056978949506,17.27231984701954,18.200090697340244,3338700
2020-07-24,17.58815574645996,18.07178046238289,17.41049730335901,17.86451353378738,2637800
2020-07-27,18.772544860839844,19.15747024788877,18.328398735373014,18.72319424549159,2549200
2020-07-28,18.2790470123291,18.890979482274837,17.963210655901214,18.012559380643133,2080800
2020-07-29,18.140869140625,18.38761655587173,17.657244432645413,18.21982823820262,2051800
2020-07-30,17.232839584350586,17.8349039151496,17.0255726470461,17.311800569076283,2135800
2020-07-31,17.647375106811523,17.795425068669893,17.331538702242806,17.77568482275098,2331200
2020-08-04,18.328397750854492,18.397486726097412,17.282189234604473,17.321667842228976,1854500
2020-08-05,18.061908721923828,19.068638554302073,17.775682720090746,19.048898310718208,1789500
2020-08-06,17.913862228393555,18.68371485276245,17.56841546556648,18.65410448479439,1476400
2020-08-07,17.15388298034668,17.795427896939284,16.818308159058816,17.351281705841906,1682000
2020-08-10,17.094663619995117,17.982954093897177,17.04531488131922,17.341411078442007,1373500
2020-08-11,15.04172420501709,16.186632213198422,14.854196558684002,15.80170679670766,2070800
2020-08-12,14.913415908813477,15.476000748820109,14.844326922306301,15.387171514015543,1314400
2020-08-13,15.475998878479004,15.801705405888145,15.041722881088996,15.170031655714828,1733200
2020-08-14,15.278597831726074,15.48586567554871,14.854192963911409,15.357557861947324,1045100
2020-08-17,15.821444511413574,15.95962245776886,15.495737066214211,15.890533484591217,1362600
2020-08-18,15.564826965332031,16.31493931236972,15.48586692872105,16.2359802170254,999100
2020-08-19,14.962762832641602,15.554956994764797,14.952892710310657,15.327948887486459,966400
2020-08-20,15.406907081604004,15.436517446863299,14.883802865155852,14.933152532654724,868200
2020-08-21,15.031851768493652,15.308209545462677,14.952892672578693,15.051592013105727,550700
2020-08-24,14.834453582763672,15.199639625709064,14.755494489222324,15.199639625709064,715200
2020-08-25,14.745624542236328,14.85419400309433,14.222520305999248,14.775234908615776,1021700
2020-08-26,15.337818145751953,15.387167813359856,14.637055501266293,14.646925623041197,1189500
2020-08-27,15.012112617492676,15.722745429205547,14.725885656579623,15.633916210083104,1188700
2020-08-28,15.79183578491211,15.821446154720888,15.15029283265676,15.298340916633606,843100
2020-08-31,15.999098777770996,16.206367550216335,15.722742924554629,15.930009814466905,1042800
2020-09-01,15.554956436157227,16.472857072104652,15.21937981908971,16.472857072104652,1121500
2020-09-02,14.864062309265137,15.377296360673474,14.291607532332952,15.34768693917809,1502500
2020-09-03,14.933155059814453,15.041723593671888,14.410050754840592,14.794976155686719,821100
2020-09-04,14.794975280761719,14.962763603970538,14.153432356445677,14.814715526441212,1087000
2020-09-08,14.854194641113281,15.189771277694184,14.202781613052327,14.360699808792353,1096700
2020-09-09,15.357559204101562,15.39703875202916,14.94302348022847,15.071332246309824,902400
2020-09-10,15.209511756896973,15.811576101265834,15.012113996967333,15.594438094709847,1088500
2020-09-11,15.160161972045898,15.95962407056724,15.051593440185837,15.48586850889284,1595600
2020-09-14,16.166889190673828,16.32480926222829,15.406907670692858,15.554956678850182,1904000
2020-09-15,16.018844604492188,16.393901796812987,15.62404904615481,16.334681051162093,1427100
2020-09-16,15.890534400939941,16.245849409562297,15.821445423778192,16.20637080084134,1274900
2020-09-17,15.772093772888184,15.860922989837698,15.22925023155965,15.475997638078677,935300
2020-09-18,15.485867500305176,16.038582129382792,15.485867500305176,15.841183442469337,1336600
2020-09-21,14.044862747192383,15.278599851812938,14.01525332023617,15.012113126673588,2136900
2020-09-22,14.015253067016602,14.508747899948641,13.946164091611458,14.252130360919974,1290700
2020-09-23,12.850606918334961,13.817856415620335,12.751907567430965,13.788246986855844,1740300
2020-09-24,13.502019882202148,13.630328660763046,12.574249003766958,12.682818477077515,1645600
2020-09-25,12.574248313903809,13.27501102528003,12.515029460134949,13.265140902562983,2065800
2020-09-28,12.643335342407227,13.057870047860083,12.327498076503701,13.028260627741986,1322700
2020-09-29,12.633466720581055,12.929563780685807,12.554507630055335,12.742035234737267,1477900
2020-09-30,12.495290756225586,12.70255865252033,12.31763229046814,12.55451055856701,1049500
2020-10-01,12.771645545959473,12.959174104940693,12.54463838023835,12.603858172881544,1107000
2020-10-02,12.672947883605957,12.949304735724242,12.574248537216064,12.860475512226683,1590100
2020-10-05,12.99865436553955,13.156572566222989,12.702557268624744,12.742036818795603,752300
2020-10-06,12.366978645324707,13.136831162535913,12.357109465309106,13.048001953529498,1336000
2020-10-07,12.534768104553223,12.663076869321351,12.406459339785092,12.593987896471843,1296300
2020-10-08,12.801255226135254,12.890084439701079,12.584117253115085,12.65320622310334,765500
2020-10-09,13.679678916931152,13.719158473092273,13.067745325800342,13.126965130675456,1297400
2020-10-13,13.630327224731445,13.709286319947557,13.146701589949425,13.46253891208054,1258800
2020-10-14,14.015253067016602,14.21265081193608,13.778375773113229,13.886944297502268,972400
2020-10-15,13.94616413116455,14.005382984174998,13.679676468817442,13.699416713998724,699500
2020-10-16,13.679678916931152,14.074475419809229,13.640199360770032,14.074475419809229,585500
2020-10-19,13.462540626525879,14.034994610377654,13.442800379574612,13.847466029407752,964900
2020-10-20,14.025121688842773,14.173169746374054,13.580976574982339,13.659935664501234,1408900
2020-10-21,14.419918060302734,14.587706371597015,14.084342378980827,14.271869993286206,1105500
2020-10-22,14.153430938720703,14.22251990914497,13.827724447768272,14.143560816869629,1058900
2020-10-23,14.212652206420898,14.29161131213582,13.965904765745073,14.064604118522118,797400
2020-10-26,13.798114776611328,14.360699513968735,13.78824559553021,14.06460243240168,688100
2020-10-27,14.143562316894531,14.183041867219286,13.669807712997464,13.778376241073861,741100
2020-10-28,13.067743301391602,13.541498843199381,12.742036778202943,13.511888474715525,2396900
2020-10-29,13.235532760620117,13.423061345382944,12.880216779711796,12.880216779711796,1031900
2020-10-30,13.452668190002441,13.511887038140605,12.969043518052086,13.35396885475001,1385800
2020-11-02,13.847465515136719,13.93629474058489,13.334231349932596,13.65006775928898,953800
2020-11-03,14.419918060302734,14.696275832591347,13.719155389975635,13.995513162264247,1825800
2020-11-04,13.571107864379883,14.419918635586907,13.482278644119454,14.350829660391769,1438500
2020-11-05,15.06146240234375,15.258860145629598,13.99551364733349,14.252130242971749,2794700
2020-11-06,15.189770698547363,15.69313469296005,14.84432395258703,15.170030454199159,1873100
2020-11-09,14.528488159179688,14.567967708201914,13.936293982579599,14.340959595374091,1742100
2020-11-10,13.916556358337402,14.617319144009336,13.886945987046936,14.617319144009336,1421200
2020-11-11,13.847465515136719,14.09421294526308,13.620458331228505,13.699417433567602,659200
2020-11-12,14.084342002868652,14.62718552827745,14.005381969132866,14.084342002868652,1173300
2020-11-13,14.252129554748535,14.48900777651959,14.143561036500673,14.41004868301812,580100
2020-11-16,14.113953590393066,14.281741922922642,13.916555828966146,14.15343314267845,704800
2020-11-17,13.738896369934082,14.015253215754202,13.620457721725458,13.926423994281057,752200
2020-11-18,13.284881591796875,13.78824657198132,13.225661794782987,13.709287470140632,843100
2020-11-19,13.077611923217773,13.166441135940401,12.840734650135174,12.840734650135174,966700
2020-11-20,13.284881591796875,13.60071799915963,13.186182243862643,13.314491019670447,913000
2020-11-23,12.515028953552246,13.146701721607036,12.455809160913773,13.146701721607036,1048500
2020-11-24,12.86047649383545,13.117094061022783,12.396591977689264,12.396591977689264,1382800
2020-11-25,13.117093086242676,13.442799612211827,12.969045007626416,13.126963209154887,1037800
2020-11-26,13.196051597595215,13.32436036592277,13.196051597595215,13.25527139115666,226100
2020-11-27,13.176313400268555,13.255272504135824,12.68281853046474,12.76177763433201,783100
2020-11-30,13.344100952148438,13.452669478309984,12.870345415340385,12.890085660787962,955600
2020-12-01,14.09421157836914,14.222520342543135,13.709286227113813,13.965902814195147,1225200
2020-12-02,14.321221351623535,14.350830780265367,13.877076156929006,14.173172325880849,953900
2020-12-03,13.985644340515137,14.469269075087814,13.926424543442257,14.321220994305726,931000
2020-12-04,13.877073287963867,14.183039516962697,13.798113259132013,14.015251220569828,673300
2020-12-07,14.370570182800293,14.5975773578321,13.768505874423102,13.807985424048924,998900
2020-12-08,14.370570182800293,14.538357562760009,14.291610142281936,14.498878013134185,586900
2020-12-09,13.758636474609375,14.222521913036404,13.600718267808707,14.222521913036404,821900
2020-12-10,13.76850700378418,14.06460412089856,13.630329039393112,13.827726803713771,512800
2020-12-11,13.561239242553711,13.916556162915318,13.521759689320954,13.768507132342382,664800
2020-12-14,13.205920219421387,13.807983502758717,13.176310796638653,13.561236116613921,784700
2020-12-15,14.192913055419922,14.212652361430544,13.590849632460571,13.590849632460571,1207900
2020-12-16,15.199641227722168,15.278600329585654,14.390309962988066,14.390309962988066,1570000
2020-12-17,15.920143127441406,15.93988337336693,15.51547843990226,15.653656396313986,1452800
2020-12-18,15.860921859741211,16.127409491602414,15.505605958526198,15.890532224125739,1620700
2020-12-21,16.620906829833984,16.828173764854412,15.949753527329502,15.949753527329502,2052200
2020-12-22,15.57469654083252,16.75908394226642,15.54508711464501,16.630776115031654,1536500
2020-12-23,16.048450469970703,16.24584725243193,15.574694991757337,15.683264445757585,1057200
2020-12-24,16.087936401367188,16.196505904819915,15.870799276995777,16.097806527365986,445000
2020-12-29,16.33467674255371,16.571555897608086,15.979361775038589,16.4432461984092,1007400
2020-12-30,17.193359375,17.242708103329093,16.384028182189663,16.433376910518756,1141100
2020-12-31,16.857786178588867,17.242711608907427,16.739346570972703,17.21310311890366,759700
2021-01-04,17.953340530395508,18.24943664384655,17.538804842044144,17.696723020222457,2232700
2021-01-05,17.834901809692383,18.002690117359656,17.351277130541593,18.002690117359656,1237700
2021-01-06,17.775684356689453,17.795424602090794,17.134141441413206,17.686855134916836,1277300
2021-01-07,17.519065856933594,18.002690547643535,17.331537300933146,17.716464535095465,953800
2021-01-08,16.47286033630371,16.995963726980854,16.008973924153157,16.98609360304854,2402500
2021-01-11,15.851052284240723,16.305068474442006,15.781963314163693,16.018840589799183,1316300
2021-01-12,15.870793342590332,15.920142071597802,15.367428400074095,15.880663464898493,1090300
2021-01-13,15.308210372924805,16.028712397411116,15.248990577154215,15.920142928709488,770300
2021-01-14,15.732614517211914,15.79183431003187,15.239119695023417,15.416778132216612,1737100
2021-01-15,14.873933792114258,15.525346813481791,14.854194488482928,15.50560750985046,1359200
2021-01-18,15.140421867370605,15.248990393497932,14.923283873849241,15.021983218522601,374200
2021-01-19,15.88066291809082,15.910273283995755,14.94302298023391,15.160160015936933,1461600
2021-01-20,17.35127830505371,17.400627035488462,16.147151586631878,16.206370439660258,2388300
2021-01-21,16.887393951416016,17.20323034639312,16.57155755643891,16.995961535606014,1659300
2021-01-22,17.568416595458984,17.637507458494625,16.00897288364873,16.285330688190705,2262400
2021-01-25,17.55854606628418,18.7330623468116,17.40062599674665,17.716464253288425,3087900
2021-01-26,17.874385833740234,18.111263159217703,17.42036954800819,17.637508508262766,1256500
2021-01-27,17.5289363861084,18.00269096565727,17.29205909633396,17.57828511552806,1853400
2021-01-28,21.31897735595703,24.112158060833682,19.47330583543992,23.115298263205375,5787100
2021-01-29,22.769847869873047,23.983844524715572,21.832208957671003,23.44100104304771,5304000
2021-02-01,28.129207611083984,30.34993452774851,26.4217158114122,29.60969222219367,6385200
2021-02-02,21.190670013427734,23.29295931040985,20.84522509458742,23.095560600329428,4491800
2021-02-03,20.657690048217773,21.802597690569478,20.529380362030256,21.486761359235633,1745000
2021-02-04,20.440555572509766,20.815612708859238,18.989681406189696,19.256169074248515,2036700
2021-02-05,20.79587173461914,21.062359393340895,19.95693015116179,20.697172392588858,1266300
2021-02-08,21.61507225036621,21.85194953270192,20.963659253309693,21.55585340041561,1435800
2021-02-09,21.51637077331543,21.6742889458418,20.98339741167221,21.6742889458418,1062100
2021-02-10,21.20054054260254,21.55585747452857,20.618216407516503,21.50650873733158,1112500
2021-02-11,21.24001693725586,21.51637282425265,20.75639225247819,21.17092796550666,968900
2021-02-12,21.82234001159668,22.148046494641413,20.8254803192396,21.13144655906145,1061400
2021-02-16,21.930912017822266,22.60206536281537,21.56572685703893,21.91117365314227,949700
2021-02-17,21.871686935424805,22.157914790978754,21.27949286525319,21.694028526120015,953800
2021-02-18,21.842079162597656,22.26648499457986,21.44728369652117,21.77299019135093,960800
2021-02-19,21.812467575073242,22.73036807965712,21.743378613658628,22.029604579881028,1535700
2021-02-22,24.43785858154297,24.63525533857925,22.02960383844993,22.503358314376545,1656100
2021-02-23,23.983848571777344,24.191117384365757,22.602063390477156,23.687752419546385,1597300
2021-02-24,24.832656860351562,25.138623092916195,23.40152126370222,23.796318588662842,1393600
2021-02-25,23.559444427490234,25.414984192658984,23.450874960567212,24.625393203764496,1613800
2021-02-26,22.641544342041016,23.332436005478748,21.70390337001346,22.927770377348992,1821100
2021-03-01,21.013004302978516,23.273208950390288,20.9241751102931,23.085680445550764,1625500
2021-03-02,21.82234001159668,22.177654976942527,20.963658256733364,21.14131668067289,1171300
2021-03-03,21.013004302978516,21.624936649774938,20.707036247047505,21.21040104475393,1138900
2021-03-04,20.08523941040039,21.2696258406186,19.532525742965227,20.894570608349497,1566400
2021-03-05,20.006277084350586,20.341853656022025,18.960066886771152,20.104976408230367,1347800
2021-03-08,19.31538200378418,20.134583119752218,19.196944331554,19.887835772984342,1063900
2021-03-09,20.21354866027832,20.598475924469124,19.868101887813122,20.243159029072523,970900
2021-03-10,20.401073455810547,20.56886174952922,19.94705729764639,20.32211436950371,748400
2021-03-11,20.36159896850586,20.855093873906263,20.134591763829754,20.61821654521811,697400
2021-03-12,20.667566299438477,20.766265652890414,19.354869981368395,19.7200551418469,629300
2021-03-15,21.259754180908203,21.59532887025356,20.795867923147078,20.86495688514562,903700
2021-03-16,20.79587173461914,21.318976929606283,20.637953540384036,21.318976929606283,775300
2021-03-17,21.48676109313965,21.7236383387065,20.450421025935036,20.628079430743426,1270300
2021-03-18,21.022876739501953,21.7039000586223,20.874828682962708,21.111705949932137,1097800
2021-03-19,20.993267059326172,21.328843639009975,20.667560600519312,21.07222614380865,1055900
2021-03-22,20.67743682861328,21.062362243838987,20.59847772080971,20.707045317456107,472900
2021-03-23,19.670703887939453,20.53925394554179,19.60161491412866,20.312246779439665,676300
2021-03-24,19.31538200378418,19.947054609099432,19.246293047894433,19.789136457770617,611800
2021-03-25,19.591745376586914,19.64109410720096,18.940332343307826,19.098250540312854,760900
2021-03-26,19.650964736938477,19.828623183787094,19.354868580546416,19.591745882166755,551200
2021-03-29,19.117990493774414,19.621353562461746,18.713323002275384,19.493045735303546,653900
2021-03-30,18.604755401611328,18.812022325861196,18.032301476140212,18.466575569578044,868900
2021-03-31,19.344995498657227,19.54239227854703,18.565272852872994,18.644231941335548,670000
2021-04-01,20.33198356628418,20.381332287032563,19.858229069980784,19.897707670072887,755700
2021-04-05,20.06550407409668,20.420821031341887,19.808886480812227,20.34186191668004,604300
2021-04-06,21.052492141723633,21.467027928752614,20.42081927864466,20.480038138924908,935800
2021-04-07,20.835351943969727,21.072229232133665,20.70704223629759,20.97352989143202,443700
2021-04-08,21.7927303314209,21.891429668102926,21.348584257618416,21.45715371622197,699500
2021-04-09,21.38806915283203,21.65455685202974,20.884704126303134,21.180800314833707,909700
2021-04-12,20.637954711914062,21.38806711837823,20.470166385697954,21.23014891517877,614100
2021-04-13,20.86496353149414,21.496638276408827,20.84522516644495,21.19067008647608,678600
2021-04-14,19.986539840698242,20.93404897397462,19.986539840698242,20.82548139570335,823900
2021-04-15,20.845226287841797,21.240021848068515,20.28264049666828,20.480039218048503,1044300
2021-04-16,20.46029281616211,21.200534974916454,20.282634396855762,21.200534974916454,759300
2021-04-19,19.818750381469727,20.3418555284092,19.621351715540403,20.282634799110486,526600
2021-04-20,19.877971649169922,19.966800871403294,19.473306029010526,19.710183327455045,630900
2021-04-21,20.51951789855957,20.539256262922997,19.93719379283343,20.183941231445065,814700
2021-04-22,19.8977108001709,20.489904954974396,19.700312121058627,20.391205615418258,771000
2021-04-23,19.986539840698242,20.38133531289673,19.81875152969722,20.16419827382089,558400
2021-04-26,19.532529830932617,20.045763116841883,19.48317920942826,19.986544253570376,689700
2021-04-27,19.137727737426758,19.749662117608292,19.137727737426758,19.552263444637923,646600
2021-04-28,19.335128784179688,19.483176865816766,18.703455965176968,19.01929237467833,525900
2021-04-29,18.812023162841797,19.246299158134715,18.427097782089806,19.20681866650197,1140100
2021-04-30,18.377750396728516,18.831764788572666,18.160611441904276,18.831764788572666,1876100
2021-05-03,19.40421485900879,19.552262918485958,18.57514346689679,18.703453165634695,1000900
2021-05-04,18.397489547729492,19.512789092809857,18.318530437837104,19.512789092809857,1150300
2021-05-05,18.111263275146484,18.476448448311658,17.963215181092128,18.476448448311658,884500
2021-05-06,19.137727737426758,19.60161405414715,18.14086801573959,18.35800693251365,1031400
2021-05-07,19.611486434936523,19.868102103808905,19.04890071693128,19.45356634885074,1020900
2021-05-10,18.861366271972656,20.253021045183893,18.821885796050182,20.144451618929793,892900
2021-05-11,19.64109230041504,19.66083254385811,18.14086768433968,18.348136475425477,752000
2021-05-12,18.831764221191406,19.838494210862276,18.713324623716318,19.552266281775374,669800
2021-05-13,18.496185302734375,18.8909807752915,18.259308019200102,18.7922833190522,646300
2021-05-14,19.162582397460938,19.211944298930025,18.767681536600744,18.856534465673768,586000
2021-05-17,20.692819595336914,20.939632816939895,19.290922304346008,19.45875348732201,1281100
2021-05-18,20.742185592651367,20.840911268481186,19.99187309259465,20.54473424099173,778500
2021-05-19,20.65333366394043,21.196322082511053,20.169579900496338,20.357158505272043,945900
2021-05-20,21.137086868286133,21.512244067914235,20.50524554222072,20.74218603949525,947000
2021-05-21,20.81129264831543,21.46287946150561,20.5743521601586,21.334537403225685,757200
2021-05-25,21.235811233520508,21.35428053331658,20.386773091827862,20.831037673652055,655300
2021-05-26,21.028488159179688,21.73931152474146,20.91989160957993,21.334537945145744,679000
2021-05-27,20.969253540039062,21.0975974848206,20.18932464750656,20.811293210335375,830100
2021-05-28,21.196325302124023,21.225943575704022,20.673082316796233,20.732316980920206,423200
2021-05-31,21.36415672302246,21.51224619612579,21.077854299963487,21.196323618803106,176900
2021-06-01,21.92689323425293,22.44026536343586,21.59122886997988,21.620845261601453,1053100
2021-06-02,22.094722747802734,22.203321187433936,21.541861559112203,22.0157425779898,740100
2021-06-03,20.929765701293945,21.531988789618698,20.890274674893224,21.423392233088276,790300
2021-06-04,20.959383010864258,21.393774905218816,20.890275594656096,21.393774905218816,476300
2021-06-07,21.048236846923828,21.146962538485095,20.613844933875818,20.89027649364018,515900
2021-06-08,20.682954788208008,21.166708618432086,20.673082030484743,20.900149809011882,484300
2021-06-09,20.91002082824707,21.1864504893718,20.663207554793797,20.712569456270117,609800
2021-06-10,21.89727210998535,21.92688849520595,20.890273585699997,20.979126507433154,901100
2021-06-11,21.453012466430664,21.996002878585404,21.354286765762883,21.828169752361013,579600
2021-06-14,21.877527236938477,22.163831522672822,20.82116678440145,20.949508851189982,895600
2021-06-15,21.70969581604004,22.025616512182285,21.374029605629936,21.936763581012794,701200
2021-06-16,21.531993865966797,22.232944685548386,21.48263195436419,21.7195725195219,825000
2021-06-17,20.001747131347656,21.11734225558009,19.74506111094113,20.692823140409136,1642500
2021-06-18,19.794424057006836,20.515120256765538,19.794424057006836,20.149835778365325,1685400
2021-06-21,19.498249053955078,20.011621126544785,19.15271008651832,19.932640952533745,671400
2021-06-22,19.202072143554688,19.409394375531555,19.024366297268394,19.310668696146312,493700
2021-06-23,19.132963180541992,19.725315384055573,19.113219550752277,19.241561618046276,548200
2021-06-24,19.30079460144043,19.38964751842184,19.113217894955746,19.369903890342535,444800
2021-06-25,19.132963180541992,19.577227803936115,18.7972988776879,19.577227803936115,485300
2021-06-28,18.94538688659668,19.35016049350109,18.659082593254848,19.211943783630367,495900
2021-06-29,18.81704330444336,19.123093117093003,18.402396932725747,18.589975546440716,432300
2021-06-30,19.330415725708008,19.47850331489013,18.67882882687797,18.817043659043176,444200
2021-07-02,19.053983688354492,19.675954183175186,18.87627971572725,19.557482985054545,559900
2021-07-05,19.044111251831055,19.261306233687012,18.955258331290967,18.965129204208168,124800
2021-07-06,18.826915740966797,19.61671932667721,18.747935570699337,19.409395202827753,609300
2021-07-07,18.49125099182129,18.866408242190342,18.096350109619085,18.846662727321245,611200
2021-07-08,17.750808715820312,18.649208806704237,17.533613730926465,18.501121231411354,849600
2021-07-09,17.938386917114258,18.24443481699448,17.671828157685205,17.681700913556906,641600
2021-07-12,17.365781784057617,17.87915383629182,17.29667436991759,17.790300908672986,650700
2021-07-13,17.316415786743164,17.829785834490384,17.29667027793567,17.553356243326963,546600
2021-07-14,17.375656127929688,17.829791681209255,17.276930434553613,17.71132235558675,476900
2021-07-15,17.336164474487305,17.622468786687584,17.079478434146473,17.47438119346216,453900
2021-07-16,16.141586303710938,17.197946671660784,16.003369608580407,17.03998634839925,900900
2021-07-19,15.726940155029297,16.210693885645963,15.559107074363464,15.85528221293347,990400
2021-07-20,15.677579879760742,16.072481698242765,15.519619528975117,15.796050142849962,580500
2021-07-21,16.230438232421875,16.348907526134944,15.62821335976811,15.657830683196376,475700
2021-07-22,16.062606811523438,16.220567141368303,15.776302536782328,16.190948873384016,408700
2021-07-23,15.944138526916504,16.02311870622552,15.6874534149212,16.02311870622552,341900
2021-07-26,16.22056770324707,16.51674286120675,15.96388168759867,15.96388168759867,356000
2021-07-27,16.092227935791016,16.33904125924202,15.776307183059524,16.269933829961534,360900
2021-07-28,16.546361923217773,16.58585106742161,16.042862624127025,16.042862624127025,387500
2021-07-29,16.872156143188477,17.355909950948412,16.842537871394065,17.10909666843604,646000
2021-07-30,16.842533111572266,16.9511315277585,16.585847144336405,16.70431831499733,559700
2021-08-03,16.88202667236328,16.92151581317481,16.62534066646353,16.684575319198654,336100
2021-08-04,16.3686580657959,17.454636968050217,16.339039791748906,17.267058331824714,481800
2021-08-05,16.388402938842773,16.674705377919988,16.032991196367355,16.289677245595605,456500
2021-08-06,16.22056770324707,16.348909769553405,15.726941184623778,15.894774276277127,466700
2021-08-09,15.509746551513672,15.993501295825293,15.411020862915068,15.697324230029484,634400
2021-08-10,15.509746551513672,15.746687074328786,15.312296115834409,15.470256464377819,638200
2021-08-11,15.983628273010254,16.171205006890553,15.697323969136336,15.746686812615216,547600
2021-08-12,15.450509071350098,15.894773674505624,15.243185903716796,15.894773674505624,473700
2021-08-13,15.766430854797363,16.013243166115657,15.667705177055772,15.756558098719637,349500
2021-08-16,15.628215789794922,15.894774566649684,15.371529769457272,15.894774566649684,448300
2021-08-17,15.03586483001709,15.559109670709182,14.789051545677863,15.559109670709182,608300
2021-08-18,15.095099449157715,15.262932546896357,14.650835754592212,15.006246521941035,609500
2021-08-19,14.838412284851074,15.1938239664279,14.650834629643839,15.045735451931613,591900
2021-08-20,14.99637222290039,15.332038383855101,14.690324328983662,14.789049061223528,479800
2021-08-23,15.618343353271484,15.796049208148888,15.282677156955456,15.440638439911982,586900
2021-08-24,15.64796257019043,15.82566843581971,15.39127652906324,15.796050163869523,412500
2021-08-25,15.320026397705078,15.527454255890392,15.161986304229268,15.527454255890392,424000
2021-08-26,15.280519485473633,15.537334218663071,14.994071522229165,15.191621679295444,360800
2021-08-27,15.98182201385498,16.159617612464373,15.152110476335647,15.270640561410783,480600
2021-08-30,15.784269332885742,16.199125059666848,15.665739259804466,16.04108496222515,362800
2021-08-31,16.05096435546875,16.288024526024955,15.744760928671951,15.774394156486514,988900
2021-09-01,15.99169921875,16.258390723710296,15.873168195666882,16.21888163867372,437700
2021-09-02,15.833660125732422,16.00157798687321,15.665741322598222,15.912680184858274,352000
2021-09-03,16.26827049255371,16.880677400796923,16.199128172136415,16.22876140259537,675600
2021-09-07,15.902798652648926,16.288021113598266,15.71512535044878,16.070716473778244,502800
2021-09-08,15.705251693725586,16.031209680207155,15.527457027822367,15.902802787830051,405100
2021-09-09,15.566964149475098,15.962064379870606,15.428678597840044,15.823779770228805,345400
2021-09-10,15.280519485473633,15.636109768192938,15.241009454060377,15.527457417304847,359600
2021-09-13,15.89292049407959,16.149736089286215,14.915046814631095,15.13235144873532,595000
2021-09-14,16.090476989746094,16.13986382389051,15.547212394222685,15.892925885194497,541200
2021-09-15,15.98182201385498,16.169495355052316,15.734884101116767,15.971944271267041,487100
2021-09-16,15.1619873046875,15.487945254487888,14.796518386917782,15.487945254487888,901800
2021-09-17,15.428678512573242,15.478066276598051,14.845904969465632,15.013822801954037,1431300
2021-09-20,15.092844009399414,15.270639596777613,14.87553933815197,15.211374086987107,494600
2021-09-21,15.438557624816895,15.902801140688625,15.241007493167222,15.250884293254707,497300
2021-09-22,15.497821807861328,15.981820795856919,15.47806726618435,15.606475084061278,557700
2021-09-23,14.934805870056152,15.300273892846654,14.836031263406351,15.300273892846654,445200
2021-09-24,14.757010459899902,15.152111717850381,14.707623626900368,14.796520491495604,369100
2021-09-27,14.836030006408691,15.2706403112306,14.717498981282079,14.875540034119775,361000
2021-09-28,14.638479232788086,14.766887061039801,14.361909033011601,14.658234718054528,489100
2021-09-29,13.966806411743164,14.549578999736825,13.897663166867842,14.480436696854728,561900
2021-09-30,14.164356231689453,14.460681861112583,13.986560665636933,14.045826168318841,591000
2021-10-01,14.174237251281738,14.37178740259712,14.006319387165306,14.37178740259712,386400
2021-10-04,13.62109375,14.08533723929905,13.542073701863133,14.08533723929905,807100
2021-10-05,13.482808113098145,13.532195878382863,12.97905554477518,13.532195878382863,763500
2021-10-06,13.709994316101074,13.709994316101074,13.14697612360921,13.354404027473603,581500
2021-10-07,13.798890113830566,14.184112634901021,13.611216782340517,13.660604550732284,383600
2021-10-08,13.956931114196777,14.549581546926754,13.956931114196777,14.282889087696613,546100
2021-10-12,14.134726524353027,14.292766637615928,13.690237528309394,13.828523098411123,507600
2021-10-13,15.013824462890625,15.34966016501998,14.282888488840472,14.282888488840472,755400
2021-10-14,15.379290580749512,15.468188366625583,15.033578120334306,15.359536040551074,593600
2021-10-15,15.013824462890625,15.320027880124258,14.895294381314384,15.12247774416386,514600
2021-10-18,14.836030006408691,15.092844715534046,14.806396779130356,15.003946917685768,368300
2021-10-19,15.260761260986328,15.685494728976643,15.092843422106125,15.596596938746737,490400
2021-10-20,15.616351127624512,15.863288052695623,15.26075999617624,15.408923281610756,554200
2021-10-21,15.823780059814453,15.892922365900704,15.44843436307302,15.51757666915927,328000
2021-10-22,16.021331787109375,16.801656529130966,15.942311727004757,16.228760622375773,868500
2021-10-25,16.40655517578125,16.59422662899486,15.93243296159164,16.268268666482033,666200
2021-10-26,16.248517990112305,16.307782571057388,15.971946805723473,16.169497920856504,795200
2021-10-27,16.1102294921875,16.564596248014162,16.041087175515077,16.20900503771389,519000
2021-10-28,16.060842514038086,16.337413662176704,15.952189226557412,16.23863811755671,542800
2021-10-29,15.487942695617676,15.843533812645392,15.487942695617676,15.833656072285029,1112800
2021-11-01,15.784269332885742,15.883044864783447,15.418801372053489,15.55708692831162,433500
2021-11-02,15.497821807861328,15.57684280054916,15.320027164795304,15.57684280054916,380200
2021-11-03,15.58672046661377,15.645985978924962,15.132354678872497,15.221252476342606,519300
2021-11-04,15.606474876403809,16.327534006888662,15.576842593285972,16.041085149440825,1019300
2021-11-05,16.485570907592773,16.505324503180947,15.606471848387283,15.645981865542973,900400
2021-11-08,16.999202728271484,17.018958210797315,16.49545111176832,16.76214258992102,732600
2021-11-09,16.949817657470703,17.068348680887716,16.337412707778455,17.038715454036787,539000
2021-11-10,17.186878204345703,17.977080648813292,17.0782268047713,17.48320482751608,882200
2021-11-11,17.28565216064453,17.789405678261705,17.23626533663732,17.779527936662948,565000
2021-11-12,17.1671199798584,17.483202037598037,17.038713115766082,17.19675320264268,521200
2021-11-15,17.028833389282227,17.23626215661317,16.86091558105669,17.12760890305952,1273500
2021-11-16,16.69881248474121,17.222503744081436,16.679050123714983,17.143456184618994,838500
2021-11-17,16.916196823120117,17.33119703386964,16.847028550792935,16.94583848376048,413500
2021-11-18,16.53083610534668,16.916194604924343,16.42214688951308,16.82726586537892,386000
2021-11-19,16.09607696533203,16.79762388164276,16.09607696533203,16.48143361600172,371400
2021-11-22,15.799646377563477,16.017026703020772,15.305598641362083,15.799646377563477,559200
2021-11-23,15.503217697143555,15.710717786045498,15.177146263486401,15.463693915558485,676700
2021-11-24,15.6613130569458,15.799645815071717,15.374765417843381,15.38464565605149,388100
2021-11-25,15.602027893066406,15.700837819904738,15.52298032852426,15.651432856485572,104300
2021-11-26,14.949885368347168,15.690957010214417,14.52500399213379,15.592147081036922,820200
2021-11-29,15.463693618774414,15.552622361214395,14.515121936616719,14.93012210645579,1002000
2021-11-30,15.038813591003418,15.957741754052321,14.781908537969837,15.483456372133054,1789200
2021-12-01,14.139646530151367,15.285837119702453,14.110002987706197,15.107979634316504,750200
2021-12-02,13.991432189941406,14.287861029691955,13.655479567712204,14.248337247213302,769400
2021-12-03,13.754289627075195,13.961789722659915,13.43809936421136,13.912384758507113,710600
2021-12-06,13.882740020751953,13.93214497730262,13.250358650009987,13.606073583317855,697500
2021-12-07,14.218692779541016,14.376787888703529,13.991430353379016,14.001311533281969,496800
2021-12-08,14.287860870361328,14.445955998512948,13.961789432968292,14.179170705337414,446500
2021-12-09,13.6851224899292,14.100122658272323,13.625836347742498,13.98155037389892,535700
2021-12-10,13.487503051757812,13.862979450763167,13.428217850100872,13.803694249106226,491000
2021-12-13,13.497383117675781,13.77404956796678,13.359050363690889,13.576430674901781,556400
2021-12-14,13.161430358886719,13.438097747937581,12.993454066363409,13.200954136990957,574000
2021-12-15,13.151551246643066,13.240479048247357,12.588336182554876,13.052741321765481,860800
2021-12-16,13.625834465026855,13.843215699913634,13.418334409526095,13.556668093966978,709400
2021-12-17,13.803695678710938,14.070480998439853,13.645600534823966,13.77405213249109,981100
2021-12-20,13.902503967285156,13.92226633042929,13.586313695549736,13.635718661088731,558400
2021-12-21,14.258218765258789,14.347147513516996,13.97167109993864,14.090242450175806,500300
2021-12-22,14.465718269348145,14.485479689081666,14.050718089410035,14.248336998351686,360800
2021-12-23,14.604052543640137,14.692981297434164,14.2186958669612,14.436076218100615,505900
2021-12-24,14.613931655883789,14.762145596334362,14.564526694959847,14.564526694959847,57900
2021-12-29,13.61595344543457,14.23845361924237,13.566548490245797,14.208811023057564,1072100
2021-12-30,13.902503967285156,14.149527852658787,13.615956297944598,13.685123626627725,576200
2021-12-31,13.902503967285156,14.090242647869067,13.73452764984538,14.060599103152866,386300
2022-01-04,13.793813705444336,14.04083758917914,13.59619478692076,13.88274245436028,529500
2022-01-05,13.408455848693848,14.268098834414545,13.35905182675784,13.892623367630042,557800
2022-01-06,12.904528617858887,13.141671329586673,12.766194898190326,12.993456428015778,608100
2022-01-07,12.904528617858887,13.151552511489008,12.706908749097694,12.944052403146852,487300
2022-01-10,13.052741050720215,13.052741050720215,12.667383482485267,12.855122147389958,359900
2022-01-11,13.46773910522461,13.487500521295615,12.924286499615828,13.003334048542074,450600
2022-01-12,13.774048805236816,13.81357258166121,13.428215997103663,13.606073462174013,434400
2022-01-13,13.5072660446167,13.862980098133262,13.487503681594001,13.704884963237012,322600
2022-01-14,13.270123481750488,13.438099799923634,13.052742197822651,13.428218618308428,461800
2022-01-17,13.210837364196777,13.250361148425466,13.121908614101892,13.240479966787957,85300
2022-01-18,13.052741050720215,13.556669960953316,12.924288527975232,13.299764915463351,661700
2022-01-19,14.673219680786133,14.811552458342883,13.270123887455792,13.43810021076445,1449000
2022-01-20,14.436075210571289,14.940004152019409,14.36690882570162,14.821432802676554,1137700
2022-01-21,13.704882621765137,14.525001700663527,13.615953887999089,14.445954146720634,887100
2022-01-24,13.003337860107422,13.40845690268405,12.321552315191873,13.368933116635631,1462500
2022-01-25,13.112028121948242,13.171313325987413,12.687146742941769,12.75631312842791,862300
2022-01-26,12.766193389892578,13.378812460637112,12.657503228772523,12.96381229298416,874700
2022-01-27,12.025120735168457,12.617978334436259,12.015239555305719,12.46976346345872,878700
2022-01-28,12.025120735168457,12.044882152572756,11.728691935534556,11.926310821183431,789300
2022-01-31,12.756314277648926,12.776076642323266,12.07452871584819,12.163457472239898,713200
2022-02-01,12.963811874389648,13.240478329784452,12.766192977679074,12.914406914631696,1316600
2022-02-02,12.647624969482422,13.072505473691145,12.617982362751924,12.983577653499653,1002500
2022-02-03,12.361074447631836,12.578454770657284,12.094288220753427,12.39071704762235,599100
2022-02-04,12.479646682739258,12.697027963637952,12.242503981206863,12.291908003951779,502800
2022-02-07,13.200958251953125,13.28988701598856,12.59822021239955,12.617982578772533,618700
2022-02-08,13.527026176452637,13.576431136980707,13.092264596912367,13.161430976258917,569100
2022-02-09,13.487503051757812,13.704884323249605,13.349170286344092,13.477622813029182,382200
2022-02-10,13.260242462158203,13.90250419785277,13.181194892913375,13.39857617949733,706000
2022-02-11,14.090243339538574,14.228576119052704,13.240480529054006,13.280004314961097,1005900
2022-02-14,14.23845386505127,14.485477702938546,14.100121118919935,14.268096461747817,918500
2022-02-15,14.436075210571289,14.475598993685573,13.615956004208892,13.783932318024931,604700
2022-02-16,14.860956192016602,14.910361155180693,14.416313408182374,14.485479791219324,956200
2022-02-17,15.167267799377441,15.384648152367847,14.880720113779732,15.157386617244772,1222200
2022-02-18,14.673219680786133,15.285838824838322,14.564528564338545,15.27595764292102,668200
2022-02-22,14.406435012817383,14.940006645057972,14.26810127767298,14.772030303211725,623600
2022-02-23,14.633695602416992,14.999290845144262,14.327385565363684,14.39655195275709,890600
2022-02-24,14.376788139343262,15.602026199034283,14.011192957450998,15.602026199034283,1564900
2022-02-25,14.208813667297363,14.258218631680329,13.67524212506823,14.060598774148465,933100
2022-02-28,14.10012435913086,14.495362213647764,13.862980704099341,14.495362213647764,707700
2022-03-01,15.345124244689941,15.374767790853303,14.189052329317642,14.20881469342655,994700
2022-03-02,15.009170532226562,15.098099279786409,14.663337665664333,14.99929029319205,888600
2022-03-03,14.851076126098633,15.167267348699088,14.584290812693492,15.058576233112127,659500
2022-03-04,15.364884376525879,15.572384457916025,14.979526813280966,14.999289174518717,886200
2022-03-07,15.858933448791504,16.19488609980595,15.147505303218852,15.414291564549636,1056500
2022-03-08,16.708694458007812,17.85488506691612,16.273931918015588,16.34310018488912,2063700
2022-03-09,16.155359268188477,16.36285838601672,15.61190663995709,15.8885730727159,1218300
2022-03-10,17.281789779663086,17.52881365052958,16.343100201155934,16.343100201155934,1796500
2022-03-11,16.85690689086914,17.04464554339481,16.39250273424501,16.511073126103664,1210400
2022-03-14,16.2739315032959,16.698812851478646,16.02690763897035,16.44190780642297,953300
2022-03-15,16.777856826782227,17.202738084156028,15.562500126370276,15.710714036359665,1215500
2022-03-16,16.896432876586914,16.975480438626516,16.313456399803904,16.50119506638891,1075700
2022-03-17,17.400362014770508,18.1019089013003,17.123694601757915,17.18297980288827,1445700
2022-03-18,17.192737579345703,17.558541349118354,16.955460222890256,17.321263992662907,866500
2022-03-21,17.449792861938477,17.874915605171292,17.271834328890947,17.30149471296996,805700
2022-03-22,17.123538970947266,17.439908909836536,16.876374720475823,17.439908909836536,602700
2022-03-23,17.281721115112305,17.50911173580011,16.955464433256193,17.360813586904293,483000
2022-03-24,17.252065658569336,17.914465933761218,17.21251847284392,17.48934311578102,748000
2022-03-25,17.0642147064209,17.103759993475023,16.78739015419007,17.083988292804456,602200
2022-03-28,16.530344009399414,16.995013996368545,16.45125152651094,16.826942234516345,458600
2022-03-29,16.520456314086914,16.5501167006982,15.52191353625816,15.778964563082349,905700
2022-03-30,16.47102165222168,16.935689655684698,16.34249710171936,16.510568828199712,518200
2022-03-31,16.243629455566406,16.81705025105903,16.22385586951526,16.540225703481816,529100
2022-04-01,16.807165145874023,16.81705193989247,16.08544615394588,16.08544615394588,452700
2022-04-04,16.73796272277832,16.915921278230908,16.49079848147495,16.83682879644237,563900
2022-04-05,15.996469497680664,17.133424594911364,15.947035519540707,16.728075402730973,633300
2022-04-06,16.1447696685791,16.35238863116134,15.867945013707347,16.026129992001582,500200
2022-04-07,16.401817321777344,16.55011547240069,16.09533422572732,16.154653108834,581200
2022-04-08,16.73796272277832,16.856600502604373,16.40181920374866,16.45125129772393,568100
2022-04-11,16.856595993041992,17.261945089481383,16.569886530403085,17.113646961515535,673600
2022-04-12,17.103763580322266,17.449793871748913,16.747848379343854,17.05433148970991,1032200
2022-04-13,17.706844329833984,17.785936803732938,17.30149516538768,17.34104234519382,887200
2022-04-14,17.736507415771484,17.85514520183054,17.439909179196636,17.67718663702835,650100
2022-04-18,17.350927352905273,18.20117286642949,17.32126885359567,18.052874712741467,833300
2022-04-19,16.164539337158203,17.093877273256663,16.095333661673475,17.093877273256663,1030600
2022-04-20,16.1151065826416,16.164540558661425,15.699871555498628,15.917376335702423,659500
2022-04-21,15.24509048461914,15.947036025036015,15.05724513315981,15.848171837049168,882600
2022-04-22,14.69144058227539,15.403273784608142,14.592575462109815,15.03747085999654,755000
2022-04-25,13.989494323730469,14.345411400113809,13.67312442726231,14.10813397776269,923900
2022-04-26,13.455618858337402,14.246544495712003,13.435846212402756,14.127905791534303,627000
2022-04-27,13.159024238586426,13.692898946538115,13.159024238586426,13.574259284453982,749700
2022-04-28,13.465506553649902,13.554485823450534,13.010724352446308,13.18868289204757,845700
2022-04-29,13.119477272033691,13.60391891775537,13.040383854073749,13.524826442652103,1297100
2022-05-02,12.93163013458252,12.951403722031353,12.506507432998031,12.773445206418025,789600
2022-05-03,13.198570251464844,13.317208968653025,12.892086191586179,12.921745635169046,617700
2022-05-04,13.396303176879883,13.445736217806632,12.812995368229283,13.17879836251629,547500
2022-05-05,12.516398429870605,13.574261199355353,12.36810024563032,13.554488548123185,817100
2022-05-06,12.061614036560059,12.575716079054907,12.031954593448955,12.447190568431195,733300
2022-05-09,10.944432258605957,11.765017460961129,10.944432258605957,11.755131607920408,957200
2022-05-10,10.736810684204102,11.320118247947239,10.52919275376767,11.270685227775434,1138700
2022-05-11,10.578629493713379,11.290462783063274,10.499537010769698,10.974092851288551,1119400
2022-05-12,9.56031322479248,10.400672048363255,9.352695217960688,10.390785252119649,1913600
2022-05-13,10.430329322814941,10.578627464168662,9.550424440308198,9.550424440308198,1181600
2022-05-16,10.321577072143555,10.598401668276212,10.24248459977898,10.558855432093925,632800
2022-05-17,10.499536514282227,10.69726771229139,10.341351555874896,10.53908275388406,817900
2022-05-18,10.005207061767578,10.450102449155706,9.975547620703471,10.44021659737209,721200
2022-05-19,10.558856964111328,10.825793861358315,10.15350774871534,10.272146474475864,903000
2022-05-20,10.539082527160645,10.756587311719986,10.30180509465411,10.63794859546672,741900
2022-05-24,10.428269386291504,10.65583173344688,10.151237825183232,10.566785638628026,697500
2022-05-25,10.339223861694336,10.408482463464686,10.131449943512937,10.230390264004965,1298600
2022-05-26,10.50742244720459,10.527210889871725,10.250178353921108,10.260072575254675,444200
2022-05-27,10.566783905029297,10.784451052692686,10.457949387632983,10.685511697454224,427600
2022-05-30,10.477739334106445,10.626148860124397,10.418374957560411,10.626148860124397,106600
2022-05-31,9.97314453125,10.645936334438701,9.884098446290945,10.428268231601534,1074000
2022-06-01,10.299649238586426,10.546999127864927,10.101769515876613,10.151239682445302,535800
2022-06-02,11.298941612243652,11.397881933073775,10.487634378270043,10.487634378270043,778500
2022-06-03,11.0219087600708,11.269258589971777,10.9031809549461,11.130742345543931,612300
2022-06-06,10.893287658691406,11.516609396107064,10.794347340918204,11.32862298105094,500100
2022-06-07,10.85371208190918,10.962545680233882,10.626149720875018,10.8240294194494,545800
2022-06-08,10.913073539733887,11.012013842852697,10.616253573942116,10.784451523105297,524800
2022-06-09,10.497525215148926,10.873497025910725,10.477737721721782,10.873497025910725,469600
2022-06-10,11.229683876037598,11.298941534000186,10.190814288774655,10.299647886082269,865500
2022-06-13,10.12155532836914,10.794347216944336,10.101767831180641,10.645937685553827,1389600
2022-06-14,9.864313125610352,10.240285042984238,9.715902636782175,10.210602379079676,552800
2022-06-15,10.1611328125,10.438164394522378,9.854418567587306,10.151238591536561,875800
2022-06-16,10.240283966064453,10.398587715981256,9.814841930489466,9.953358183449057,641900
2022-06-17,10.180920600891113,10.279860926214377,9.963252451318857,10.190814822136414,647100
2022-06-20,10.171026229858398,10.250178111525402,10.081980127091807,10.151238731224078,162400
2022-06-21,10.339223861694336,10.675619819089444,10.09187400402909,10.190814324521119,420200
2022-06-22,10.012721061706543,10.457950569507476,10.002826841995146,10.230389177533674,664600
2022-06-23,9.715901374816895,10.121554959841506,9.547703408797213,9.9929338738874,695500
2022-06-24,10.22049617767334,10.29964805768212,9.686220515831655,9.725796455836045,472700
2022-06-27,10.309541702270508,10.448057956325226,10.141343730762916,10.349117640062602,462500
2022-06-28,9.844523429870605,10.388693265841944,9.715901400018126,10.329328889154354,654500
2022-06-29,9.616964340209961,9.992936300030811,9.438872110935614,9.933571909084367,640300
2022-06-30,9.132157325744629,9.6070695968702,9.033217937618629,9.47844754309796,729400
2022-07-04,9.290461540222168,9.349824981158351,9.161839493440597,9.260778876189196,281600
2022-07-05,8.83533763885498,9.211309553653583,8.459365724056378,9.12226344967959,1244400
2022-07-06,8.845229148864746,8.944169454299939,8.518727461919164,8.884805082325887,671300
2022-07-07,9.201415061950684,9.419083204870592,8.904595038617144,8.94417097882396,569500
2022-07-08,9.062898635864258,9.339930212311707,8.884806436365627,9.260778333326721,480400
2022-07-11,8.874914169311523,9.161839999181286,8.86501994742103,8.924384335199054,443300
2022-07-12,8.76607894897461,9.013428816036065,8.568199244038418,8.845230830949086,878300
2022-07-13,9.191520690917969,9.389400388720839,8.657245035067806,8.657245035067806,577200
2022-07-14,8.934276580810547,8.944170801557366,8.439576866247496,8.726502662951471,756700
2022-07-15,8.884804725646973,9.122261260445848,8.578091489527251,9.023320958982596,550500
2022-07-18,9.053004264831543,9.280566620809749,9.02332254659606,9.02332254659606,354400
2022-07-19,9.112369537353516,9.290461751338798,9.013429208791713,9.102475315784355,489400
2022-07-20,8.944170951843262,9.409188955544222,8.944170951843262,9.181626592367856,488400
2022-07-21,8.597879409790039,8.983745472342582,8.50883426633763,8.973851252992972,1264500
2022-07-22,8.498941421508789,9.17173334905677,8.479152979609216,8.686926901730514,859900
2022-07-25,8.310955047607422,8.479153030504,8.033923464304468,8.4593655320505,703200
2022-07-26,8.51872730255127,8.578091673414736,8.291165925298086,8.330741858018843,442400
2022-07-27,9.03321647644043,9.062898193720537,8.489046627292977,8.528622564854713,642800
2022-07-28,9.488338470458984,9.58727782423147,9.102472443121862,9.44876254023707,1060200
2022-07-29,9.706009864807129,9.785161752213993,9.280567762321544,9.597175311948996,1103800
2022-08-02,9.64664363861084,10.022615503907545,9.636749418679802,9.795053163317416,718500
2022-08-03,9.37950611114502,9.676326127834443,9.240990795304157,9.676326127834443,762100
2022-08-04,10.269967079162598,10.497528514706644,9.43887133557321,9.56749338575394,1077900
2022-08-05,10.269967079162598,10.289754578809298,9.636751049864753,9.923676871478717,910400
2022-08-08,10.715197563171387,10.824031179189953,10.497529387569273,10.497529387569273,675900
2022-08-09,10.586572647094727,10.794346544231672,10.309541098767042,10.784452324471642,387800
2022-08-10,10.715197563171387,10.873501347767476,10.507423609997774,10.764667731748911,585400
2022-08-11,10.289753913879395,10.804242081355786,10.269966415511373,10.675620039486688,715400
2022-08-12,10.576677322387695,10.705299335136715,10.349115953068793,10.428267815750553,486500
2022-08-15,10.406376838684082,10.426179157581156,10.049925655821148,10.297460779799714,421500
2022-08-16,10.317261695861816,10.396472841973239,10.168741032970736,10.257852864142578,347300
2022-08-17,9.812291145324707,10.228150186001784,9.762783936811443,10.228150186001784,521000
2022-08-18,9.941008567810059,10.089529235005607,9.871699049021652,9.911304623225224,395800
2022-08-19,9.594459533691406,9.802389044044913,9.554853957636997,9.752882782180464,470100
2022-08-22,9.48554515838623,9.554854685694819,9.297418893860852,9.416235631077642,519900
2022-08-23,9.881600379943848,10.069727577904878,9.505347872564657,9.505347872564657,678200
2022-08-24,10.257855415344238,10.267757047138609,9.74298283756752,9.841996322696485,433900
2022-08-25,10.238052368164062,10.455883530795845,10.15884120798369,10.366770739525046,354900
2022-08-26,9.8320951461792,10.346967698348978,9.703376772068872,10.257854905174787,673000
2022-08-29,9.713276863098145,10.010318200880388,9.584558509399194,9.653868028978865,484300
2022-08-30,9.48554515838623,9.752883525327626,9.42613726191358,9.703376315419424,408400
2022-08-31,9.495445251464844,9.683571485523775,9.356825275025244,9.406332476915912,644600
2022-09-01,9.089488983154297,9.327122447535356,9.059784091903078,9.297418500555587,500200
2022-09-02,9.525150299072266,9.663770291581075,9.198404050696414,9.366727990074452,597500
2022-09-06,9.327123641967773,9.802390631592633,9.30732037859762,9.604362719248941,582700
2022-09-07,9.931106567382812,9.931106567382812,9.20830462908784,9.337022976511191,623100
2022-09-08,10.109333038330078,10.119234668481724,9.77268516734556,9.822192373832358,455000
2022-09-09,10.386570930480957,10.386570930480957,10.069726354642636,10.287557472667142,453900
2022-09-12,10.911348342895508,11.168784145331518,10.723221126350948,10.802432287757648,808600
2022-09-13,10.346967697143555,10.69351723849803,10.287559797882038,10.485587702539652,718000
2022-09-14,10.346967697143555,10.564798864402697,10.307362116212031,10.475686071238886,610600
2022-09-15,10.089530944824219,10.485587698248912,9.931108621162954,10.238052581460304,677800
2022-09-16,10.069729804992676,10.346968903846003,9.76278580877276,9.891504197879716,1289600
2022-09-19,10.356868743896484,10.376671061108825,9.86179853805874,9.91130574749681,609700
2022-09-20,9.990516662597656,10.218248498509723,9.881600615621053,10.198446181777632,734500
2022-09-21,10.15884017944336,10.44598084209329,9.901403462785789,10.148938549355433,906400
2022-09-22,9.782588005065918,10.416278248922918,9.762784742318102,10.257854979755011,701600
2022-09-23,9.059782028198242,9.505345852758184,8.92116301102069,9.406331459684589,931900
2022-09-26,8.901362419128418,9.228108692096006,8.782545678437616,9.079588002300381,959700
2022-09-27,8.940967559814453,9.27761544735764,8.940967559814453,9.148897081869276,683100
2022-09-28,9.802389144897461,9.812290775080792,9.109291084678594,9.109291084678594,761300
2022-09-29,9.861797332763672,9.861797332763672,9.465741594207445,9.61426226009819,603100
2022-09-30,10.45588207244873,10.584599481585181,9.752882415696035,9.822191935118953,633600
2022-10-03,11.297500610351562,11.426218961962684,10.772726518607271,10.851937666633905,1139900
2022-10-04,11.67375373840332,11.98069763739535,11.4361203003735,11.614344906760193,1056100
2022-10-05,11.713359832763672,11.74306377777167,11.139078526494975,11.327204770574147,765100
2022-10-06,12.24803638458252,12.277740331579954,11.653952723276591,11.73316387811738,735400
2022-10-07,11.208388328552246,11.941092896616551,11.178684382796158,11.891585690842131,722700
2022-10-11,11.158882141113281,11.525233955441289,11.000458892729366,11.099473304935387,664200
2022-10-12,11.554937362670898,11.574739677626013,10.980656064901988,11.168782306196753,524000
2022-10-13,11.158882141113281,11.18858608706652,10.544994296270223,11.089571674860501,874800
2022-10-14,10.465784072875977,11.08957265887323,10.406376175698048,11.010361499788324,739200
2022-10-17,10.614303588867188,11.13907764928183,10.51528918760949,10.752922617502389,634100
2022-10-18,10.743024826049805,10.911348786957245,10.445982486550113,10.812334359033493,569000
2022-10-19,10.148938179016113,10.544993925366725,10.09943097465444,10.544993925366725,602800
2022-10-20,10.70341682434082,10.901444691154662,10.079628335673707,10.168741111807774,754900
2022-10-21,11.406416893005371,11.436120838087911,10.653910026257506,10.673712341555403,1087700
2022-10-24,11.307402610778809,11.38661376140338,11.040064269217327,11.337106556195172,577800
2022-10-25,11.27769947052002,11.485628991822246,11.168783422431755,11.257896209314346,764900
2022-10-26,11.683656692504883,11.93119178792121,11.396516019592804,11.396516019592804,867200
2022-10-27,11.396515846252441,11.772769298875037,11.307403062174531,11.634149307612574,555700
2022-10-28,11.297500610351562,11.33710618436488,10.960852759102684,11.218289462324929,462100
2022-10-31,11.34700870513916,11.45592380616222,11.040064774224806,11.089571981697631,976800
2022-11-01,11.713359832763672,12.23813393450478,11.614345423708494,11.832176557067053,475500
2022-11-02,10.921248435974121,11.792572108337081,10.891544488129782,11.792572108337081,945700
2022-11-03,10.980656623840332,11.15888218886528,10.693515960339818,10.832135004895736,702200
2022-11-04,11.950994491577148,11.990600070355566,11.426220336695257,11.57474102104645,1323800
2022-11-07,12.040107727050781,12.436164473815476,11.871783774923301,12.079713307300098,882000
2022-11-08,12.525274276733398,12.77280934895557,11.941092299477015,12.099514594615789,876400
2022-11-09,11.990598678588867,12.772809476873833,11.901486844884385,12.287640957084593,789200
2022-11-10,12.644092559814453,12.881726014127091,12.337148639790405,12.772809972696908,840200
2022-11-11,12.426262855529785,12.644094019261955,12.158924480366917,12.644094019261955,1015400
2022-11-14,12.772810935974121,12.90152930283544,12.337149570211682,12.35695188742878,926400
2022-11-15,12.089613914489746,12.911430343262255,12.000501130408388,12.861923136075784,1009500
2022-11-16,12.089613914489746,12.238134591777717,11.931191606910193,12.089613914489746,560500
2022-11-17,11.950994491577148,12.050008910658931,11.545037073030507,11.752966597685067,564200
2022-11-18,12.030204772949219,12.10941592473694,11.832176893479916,11.941092935391593,568500
2022-11-21,12.137211799621582,12.1768434738246,11.77061857702025,11.948961583380656,430500
2022-11-22,12.533526420593262,12.672237729276427,12.226381233721701,12.28582826251914,590100
2022-11-23,12.721778869628906,12.771318695361696,12.295737691177932,12.52362051159133,689700
2022-11-24,12.761411666870117,12.880306692179923,12.711871836767616,12.820858707078187,198700
2022-11-25,12.533526420593262,12.741592911171265,12.483987544893226,12.662329576179024,288800
2022-11-28,11.671538352966309,12.513712570049899,11.651722989272718,12.513712570049899,698400
2022-11-29,12.17684268951416,12.345277530251511,11.998499694640826,12.038131366291168,613500
2022-11-30,12.375001907348633,12.612791953767875,11.968777008492347,12.404726371821276,1607600
2022-12-01,12.642516136169434,12.801042830245324,12.196659572857586,12.692055964291557,948100
2022-12-02,12.731687545776367,12.890214238706308,12.18675133015948,12.285830040793881,791900
2022-12-05,12.127303123474121,12.592975984009758,12.117394969125924,12.553344311510573,953900
2022-12-06,12.008407592773438,12.325460959217018,11.978684075892742,12.315553750185831,650200
2022-12-07,12.533526420593262,12.672237729276427,12.186749566225581,12.186749566225581,1061400
2022-12-08,12.275923728942871,12.791135518644655,12.236292052811965,12.731688476895142,813100
2022-12-09,12.048040390014648,12.682148127081502,12.048040390014648,12.384910095803487,873000
2022-12-12,11.939053535461426,12.028225039439716,11.711170698084276,11.998500574851183,626800
2022-12-13,12.107488632202148,12.642516721944965,11.879605790239161,12.503805385754726,930500
2022-12-14,12.057948112487793,12.196659440748551,11.859789747039297,12.117395149675533,1062100
2022-12-15,11.483287811279297,11.73098599204065,11.443656140153223,11.721077838035738,906400
2022-12-16,11.641815185546875,11.71117037790332,11.28513012427906,11.314853643161305,1224500
2022-12-19,11.146419525146484,11.671539469316485,11.116696004316326,11.641815948486327,687700
2022-12-20,11.721078872680664,11.93905355556195,11.433748995430008,11.52292049955843,986200
2022-12-21,11.730988502502441,12.018318415879211,11.721080346377159,11.820160017842435,679200
2022-12-22,11.790433883666992,11.81025019311783,11.285130276287969,11.552643839618788,903200
2022-12-23,11.71116828918457,11.820156080470577,11.404023110763093,11.790431621996143,676100
2022-12-28,11.483287811279297,11.721077838035738,11.40402446902715,11.721077838035738,455400
2022-12-29,11.324763298034668,11.691356562459964,11.304946986225527,11.641816727830868,992900
2022-12-30,11.176140785217285,11.364391917146618,11.047337627816557,11.295035789380995,524700
2023-01-03,11.42384147644043,11.978685896960876,11.304946445948985,11.572460973225015,1012300
2023-01-04,11.869697570800781,11.909330190834762,11.433749144257344,11.592275844818595,1313400
2023-01-05,11.661630630493164,11.671537839457276,11.354484475160328,11.592274498383038,1035700
2023-01-06,11.929143905639648,12.018315398592481,11.453563869749262,11.839972412686816,840700
2023-01-09,11.57245922088623,12.03813111690743,11.562551066955507,12.028223907870272,777200
2023-01-10,11.899419784545898,11.899419784545898,11.4040234665704,11.582365498514006,706600
2023-01-11,11.641815185546875,11.988593037116361,11.62199887636296,11.958868573340489,625400
2023-01-12,11.74089527130127,12.018316995772079,11.503104276861198,11.948961800877793,727800
2023-01-13,11.641815185546875,11.94896136364216,11.62199887636296,11.730986687087237,933300
2023-01-16,11.631908416748047,11.790435129531284,11.612093050097013,11.641816572520433,277000
2023-01-17,11.33466911315918,11.592275465590753,11.19595872715267,11.592275465590753,762100
2023-01-18,11.205867767333984,11.641816214064882,11.18605145639936,11.503104872203648,1034700
2023-01-19,10.89871883392334,11.14641698923978,10.779823832758666,11.077061808117088,1362800
2023-01-20,10.680745124816895,10.78973292739966,10.413231585073,10.779824773547853,920700
2023-01-23,10.502402305603027,10.621297308377834,10.205164326219265,10.492494152481754,1134800
2023-01-24,10.660931587219238,10.71047142006622,10.304245546635947,10.42314152342619,763600
2023-01-25,11.086971282958984,11.086971282958984,10.433048170410958,10.452864480436617,858300
2023-01-26,10.819456100463867,11.096877785249381,10.75010091549087,11.047337962457158,996700
2023-01-27,10.492496490478516,10.730286549013842,10.47268017982039,10.660931351497796,723100
2023-01-30,10.472679138183594,10.69065380927423,10.383507638878624,10.403323947565775,666300
2023-01-31,10.413232803344727,10.571759503945874,10.343876663161474,10.403324648333738,768200
2023-02-01,10.710470199584961,10.769917236312244,10.23488918129863,10.363692354065895,904300
2023-02-02,10.631206512451172,11.057247727713703,10.442956292273347,10.83927304259175,1226000
2023-02-03,10.195257186889648,10.522218713256002,10.155625515357169,10.324060355593604,1009500
2023-02-06,10.195257186889648,10.29433683816764,10.096177535611659,10.185349032783133,628600
2023-02-07,10.115995407104492,10.324061951027062,10.016915740515183,10.175443396036824,781000
2023-02-08,10.076362609863281,10.274520976130807,10.016914627536213,10.244797457414084,603900
2023-02-09,9.858388900756836,10.185350473367624,9.779125546481113,10.135810640721868,649600
2023-02-10,9.670138359069824,9.848480427998384,9.60078221764246,9.828665062514627,529100
2023-02-13,9.580965995788574,9.689952858441943,9.501702651150925,9.59087415009168,451000
2023-02-14,9.60078239440918,9.719678369075544,9.452163843416779,9.481887364636517,689200
2023-02-15,9.43234634399414,9.462069858490493,9.254003367229048,9.442253552230598,720200
2023-02-16,9.55124282836914,9.660229695023077,9.303544631060857,9.323359995500828,808400
2023-02-17,9.531425476074219,9.571057145511165,9.323358975306865,9.452162137200325,715200
2023-02-21,9.333269119262695,9.610690864483102,9.313452807871514,9.511612142208394,447400
2023-02-22,9.333269119262695,9.362992641455733,9.214374085596807,9.293637441374067,874900
2023-02-23,9.125201225280762,9.37289941169458,9.055846035450843,9.323359585433096,701000
2023-02-24,8.035330772399902,8.897320556414451,7.965975565779573,8.897320556414451,2928500
2023-02-27,8.164132118225098,8.233488253974835,7.995697273379977,8.124500445608223,1219500
2023-02-28,8.253304481506348,8.292936158270493,8.035329786856694,8.12450129579945,854800
2023-03-01,8.491093635559082,8.510909944272365,8.283027118537637,8.292935272894278,773000
2023-03-02,8.461371421813965,8.501003100456668,8.322660074117628,8.372199908644445,492800
2023-03-03,8.79824161529541,8.818056983189166,8.520819850526228,8.590175055495074,573500
2023-03-06,8.679346084594727,8.877504476844749,8.609989938636907,8.768517597330673,674800
2023-03-07,8.38210678100586,8.580265143876076,8.273119917650641,8.570356989509165,786800
2023-03-08,8.124500274658203,8.461369957260269,8.015513413478423,8.411830131308156,909800
2023-03-09,8.240522384643555,8.309936827843282,8.141358083757492,8.21077252695722,817100
2023-03-10,8.359519004821777,8.66692663628282,8.339685766301264,8.419016828981588,1012900
2023-03-13,9.232161521911621,9.39082364524272,8.855338506149835,8.855338506149835,1683600
2023-03-14,9.46023941040039,9.509821567298598,8.984252973859961,9.242078487468868,942500
2023-03-15,9.430489540100098,9.866810396102961,9.27182741064451,9.80731257040756,982500
2023-03-16,9.430489540100098,9.56931843052329,9.212328639248222,9.4205729205839,1035000
2023-03-17,9.95605754852295,10.104803050516782,9.480071185582013,9.599067776317247,1632600
2023-03-20,10.094889640808105,10.174220719086668,9.82714654234217,10.025474238038576,828100
2023-03-21,7.833950996398926,8.706593269135004,7.526542853195803,8.647095437447842,3246100
2023-03-22,8.488430976867676,8.557845410137505,7.794283334216857,7.8339488597568625,1814100
2023-03-23,8.776007652282715,8.895004247598642,8.389268008230296,8.518181222914436,1134400
2023-03-24,8.90492057800293,9.043750422293968,8.756175059313273,8.954502732799797,793900
2023-03-27,9.053666114807129,9.073498407273407,8.478515447772358,8.587595420589006,821200
2023-03-28,9.370989799499512,9.43048856474208,8.994166808165355,9.093331101669373,624100
2023-03-29,9.251996040344238,9.47015698526059,9.222247121487806,9.251996040344238,493700
2023-03-30,9.638733863830566,9.698231689787661,9.341241896942416,9.420572962019136,587500
2023-03-31,9.668482780456543,9.965974747456924,9.60898400877611,9.688316019583652,1295000
2023-04-03,9.678400039672852,9.83706218037225,9.480072363798604,9.658566799234949,684700
2023-04-04,10.11472225189209,10.24363549452663,9.599070227055003,9.688317929317462,953300
2023-04-05,9.946142196655273,10.23371756399383,9.718065605114779,10.184136354146563,895300
2023-04-06,9.985808372497559,10.114721606911754,9.648650827983664,9.866811758969305,599200
2023-04-10,10.124638557434082,10.144470854150645,9.807314244360677,9.837063162286046,580900
2023-04-11,10.094889640808105,10.303133957714595,10.065139777177857,10.194053015805784,468300
2023-04-12,10.184135437011719,10.412212008012721,9.98580683267935,10.28329879347703,696800
2023-04-13,10.322964668273926,10.69978770504744,10.273382515543034,10.41221235404935,1115900
2023-04-14,9.787479400634766,10.233716879311556,9.618900650470062,10.184135672781498,1066600
2023-04-17,9.708148956298828,9.757731111701158,9.489988039949148,9.718065576519486,1021900
2023-04-18,9.618902206420898,9.837063144106207,9.460240050177418,9.718066526923597,637100
2023-04-19,9.450322151184082,9.648649819672027,9.321408930241688,9.420573237336122,823300
2023-04-20,9.68831729888916,9.75773175359817,9.499905285106108,9.499905285106108,786400
2023-04-21,9.638733863830566,9.787479374424196,9.440406201138764,9.688316015928741,841200
2023-04-24,9.559403419494629,9.658566784429267,9.480072349266537,9.589152334404925,749900
2023-04-25,9.54948616027832,9.54948616027832,9.261910813519615,9.54948616027832,512700
2023-04-26,9.480072021484375,9.727981843800691,9.450322161901754,9.648649830614623,473700
2023-04-27,9.539569854736328,9.539569854736328,9.232162204479744,9.43048987330672,633600
2023-04-28,9.489988327026367,9.648650472552674,9.420573874783853,9.529653863407944,2433900
2023-05-01,9.281744956970215,9.767649008580927,9.281744956970215,9.727983468214857,709000
2023-05-02,9.569318771362305,9.648649838915704,9.123081279949204,9.261911121018114,941300
2023-05-03,9.370989799499512,9.559401768016984,9.261909833205726,9.519736239755536,936000
2023-05-04,9.400740623474121,9.64865046201343,9.261911719140738,9.400740623474121,1154100
2023-05-05,9.073497772216797,9.093331008995788,8.686759112034272,9.073497772216797,1016100
2023-05-08,9.103248596191406,9.232161811871995,8.954502141621088,9.073498737856813,491900
2023-05-09,9.073497772216797,9.13299653685299,9.02391657167088,9.053665481138585,322300
2023-05-10,8.934671401977539,9.103250179048892,8.766092624906186,9.103250179048892,373400
2023-05-11,8.518181800842285,8.904920525432654,8.488432886420165,8.756175007621119,652600
2023-05-12,8.538012504577637,8.617343558724409,8.41901592335748,8.468598068624402,490100
2023-05-15,8.597511291503906,8.706591254828247,8.51818023714061,8.528096855361213,369100
2023-05-16,8.379351615905762,8.528098073356704,8.339686083059025,8.498348214445976,327300
2023-05-17,8.397217750549316,8.45677290260297,8.218553240985386,8.337662598495664,422000
2023-05-18,8.248332023620605,8.30788623437184,8.079593515496923,8.238406006296362,393600
2023-05-19,8.327738761901855,8.456774154962705,8.258257583116986,8.307886726078417,507400
2023-05-23,8.218554496765137,8.268183639960249,8.079594031735427,8.168925353570023,523300
2023-05-24,8.020038604736328,8.218554224339279,8.010112587106896,8.218554224339279,528000
2023-05-25,7.7818193435668945,8.000186983902916,7.7818193435668945,7.990260966933761,737500
2023-05-26,7.76196813583374,8.000187347640438,7.732190556870942,7.990261330219984,541000
2023-05-29,7.742116451263428,7.791745117681373,7.7123388727738185,7.761968012490317,110200
2023-05-30,7.67263650894165,7.831449014459133,7.59323025618291,7.831449014459133,406500
2023-05-31,7.801671504974365,7.801671504974365,7.623006972159824,7.642858534328265,1326000
2023-06-01,8.029964447021484,8.149073816182353,7.801671252813873,7.811596796927998,467900
2023-06-02,7.881077289581299,8.178850704573913,7.841374167582283,8.04981532142784,423200
2023-06-05,7.841373443603516,7.910853664037544,7.821521884436864,7.891002104870893,405800
2023-06-06,7.791745185852051,7.851299870053766,7.67263581744862,7.841374326002759,512200
2023-06-07,7.632932186126709,7.960483637361865,7.632932186126709,7.781819123361139,498900
2023-06-08,7.771893501281738,7.92078044607573,7.7520419401957765,7.771893501281738,397200
2023-06-09,7.593230247497559,7.781820334233154,7.593230247497559,7.742117207899197,339800
2023-06-12,7.573378562927246,7.593230125775999,7.493972311532236,7.573378562927246,268900
2023-06-13,7.424490928649902,7.712338800387383,7.424490928649902,7.623006539055562,446100
2023-06-14,7.3847880363464355,7.593229670407314,7.295455772235041,7.563452091270661,414500
2023-06-15,7.305382251739502,7.345085377567005,7.235901544892075,7.285530688825751,381600
2023-06-16,7.305382251739502,7.464194755049515,7.255753107805826,7.364936940480757,2215300
2023-06-19,7.285529613494873,7.355009836788553,7.285529613494873,7.285529613494873,132100
2023-06-20,7.096940040588379,7.24582698726058,7.07708847925199,7.216049408606717,566500
2023-06-21,6.987756729125977,7.067162980295814,6.977831184379042,7.047311417503355,383400
2023-06-22,6.967905044555664,6.977831062427712,6.848795669882578,6.94805348211015,517600
2023-06-23,6.987756729125977,7.206124393141621,6.957979621586583,7.077088998341339,318100
2023-06-26,7.176346302032471,7.196197863413393,6.987756232264431,7.057236933746937,342100
2023-06-27,7.0870137214660645,7.285529799674588,7.017533496396837,7.216049101306824,345000
2023-06-28,7.0870137214660645,7.146568402939061,7.027459039993068,7.077088177869833,315700
2023-06-29,7.156494617462158,7.206123756709443,7.017533690187727,7.027459234058055,419800
2023-06-30,7.434416770935059,7.434416770935059,7.166420449480892,7.196198028886274,411000
2023-07-04,7.67263650894165,7.702414090375479,7.44434329561097,7.503897985180026,210200
2023-07-05,7.4641947746276855,7.692487985383926,7.444343211661864,7.6825619672517185,373600
2023-07-06,7.285529613494873,7.444342093364454,7.275603596853762,7.434416076723343,372700
2023-07-07,7.374862194061279,7.513823602268666,7.315307507671789,7.3550106319314486,265800
2023-07-10,7.652784824371338,7.692487950120978,7.3153077822008035,7.3153077822008035,376000
2023-07-11,7.632932186126709,7.791744666750887,7.603154609360413,7.712338426438798,479600
2023-07-12,8.307887077331543,8.327739113994316,7.841375101624277,7.841375101624277,1104300
2023-07-13,8.377365112304688,8.486549392080393,8.278107794850454,8.417068228605773,773400
2023-07-14,8.565958023071289,8.694993423827771,8.297961203054621,8.347590348975919,639400
2023-07-17,8.675140380859375,8.71484350367303,8.377366486458396,8.49647680149648,472500
2023-07-18,9.032469749450684,9.141653104366842,8.774398968815602,8.843879199526144,774900
2023-07-19,9.13172721862793,9.250836592966019,8.99276675519874,9.082098076004435,551400
2023-07-20,8.89350700378418,9.16150281521428,8.89350700378418,9.082096578746324,518000
2023-07-21,8.953063011169434,8.982840116045095,8.824027627912109,8.913358942539091,735200
2023-07-24,8.665212631225586,8.962986466097965,8.645361547085788,8.923283351221443,521900
2023-07-25,8.754547119140625,8.804176262099809,8.625511726085618,8.68506688695607,423600
2023-07-26,8.903433799743652,8.903433799743652,8.685066157033901,8.824027556321395,448900
2023-07-27,8.268182754516602,8.774398257020984,8.258256737621126,8.764472240125508,776400
2023-07-28,8.38729190826416,8.476624164901052,8.28803458157643,8.33766277162177,649700
2023-07-31,8.734694480895996,8.913358038628648,8.426994606394596,8.436920622545575,595600
2023-08-01,8.466699600219727,8.53618078207332,8.357516238160096,8.526254763723205,620800
2023-08-02,8.188776016235352,8.407143641715457,8.04981462791219,8.407143641715457,663000
2023-08-03,7.881077289581299,8.069667355725896,7.771893467434733,8.069667355725896,735500
2023-08-04,8.07959270477295,8.248331195965044,7.980334434684535,7.980334434684535,557500
2023-08-08,7.990261077880859,8.02003818260471,7.732190312681908,7.781819451619721,424200
2023-08-09,8.020038604736328,8.079593763915785,7.960484392154014,7.9803354808157385,466700
2023-08-10,8.11929702758789,8.14907413439158,7.891003351167189,8.059741867383355,470800
2023-08-11,8.506402969360352,8.536181025259038,8.089519652751124,8.089519652751124,563400
2023-08-14,8.23840618133545,8.426995781517414,8.158999934248607,8.407144693044271,457800
2023-08-15,7.9175310134887695,8.185753507704876,7.877794382767718,8.175819113175612,429100
2023-08-16,7.7983222007751465,7.947334823454533,7.778453882664433,7.857927155107287,373700
2023-08-17,7.857926845550537,7.97713674951864,7.758585258910451,7.967203301401707,392400
2023-08-18,7.8976640701293945,7.917532388941493,7.758585838444707,7.847993509948192,370600
2023-08-21,7.927466869354248,7.9771374300627516,7.778454239832556,7.907598550331229,422600
2023-08-22,7.997005462646484,8.01687330608292,7.838058451872588,7.977136671813958,273500
2023-08-23,8.136082649230957,8.324832359572023,8.066543780892683,8.12614920189408,931000
2023-08-24,8.076478958129883,8.344701010133278,8.016873531353507,8.076478958129883,535400
2023-08-25,8.006940841674805,8.146018605003125,7.917532693039233,8.096347569216064,383700
2023-08-28,8.304964065551758,8.404306124015148,8.026807628208784,8.046676418859894,447400
2023-08-29,8.473846435546875,8.493715229572143,8.265228835262779,8.304965475917072,536200
2023-08-30,8.414239883422852,8.602988643363043,8.334766621616875,8.533449776131816,488200
2023-08-31,8.235424995422363,8.404305922319487,8.215557152644145,8.384437132145209,510100
2023-09-01,8.056609153747559,8.404305380200846,8.046675706697236,8.334766513868589,345900
2023-09-05,7.847992420196533,8.066543896782129,7.748650839930353,7.947334000462713,545200
2023-09-06,7.698979377746582,7.897662527047942,7.698979377746582,7.748650401920918,398800
2023-09-07,7.599639415740967,7.718849330618151,7.599639415740967,7.679112692325757,474500
2023-09-08,7.480429172515869,7.7387173100790685,7.480429172515869,7.6393757187086075,325200
2023-09-11,7.530099391937256,7.748651356799242,7.4903627571801765,7.609572661451414,262800
2023-09-12,7.410889148712158,7.579770075554617,7.400954753628235,7.450625781651792,273800
2023-09-13,7.450625896453857,7.52016524201872,7.371152629350036,7.391020946125991,285100
2023-09-14,7.530099391937256,7.639375374368249,7.361218457370644,7.450626122423097,351200
2023-09-15,7.828124046325684,7.917531231055885,7.649308729469249,7.679111440177993,1648200
2023-09-18,7.54003381729126,7.808256339811207,7.520165499834154,7.808256339811207,668000
2023-09-19,7.13273286819458,7.520165783784085,7.13273286819458,7.500297465576782,661000
2023-09-20,7.102930068969727,7.251942680651224,7.083061752325396,7.162535018902719,804200
2023-09-21,6.884377479553223,7.043324471799677,6.8744435589929385,6.963851212525445,563500
2023-09-22,6.844642162322998,7.073128063395805,6.824773843694844,6.99365478888319,924800
2023-09-25,6.745299816131592,6.804904765361708,6.69562878825748,6.804904765361708,643700
2023-09-26,6.526748180389404,6.745299655701817,6.5168137855716495,6.705563023826834,463400
2023-09-27,6.596286773681641,6.636023403896145,6.467142962333502,6.516813513252632,421600
2023-09-28,6.804905891418457,6.8148402881164065,6.5466177353471515,6.596288297742579,526300
2023-09-29,6.914181232452393,7.122798806390892,6.81483964336217,6.953917868088482,960800
2023-10-02,6.7154974937438965,6.804904679613442,6.576418806928119,6.785036363453762,610200
2023-10-03,7.003588676452637,7.0333909153816165,6.7055634449745485,6.725431762159885,663500
2023-10-04,6.8545756340026855,7.013522161590638,6.785036291333947,6.993653845642143,402100
2023-10-05,6.894313335418701,6.924115577115673,6.785037343900924,6.824773981962281,396700
2023-10-06,7.083062171936035,7.142667125400109,6.884378520024393,6.924115155667109,518600
2023-10-10,6.874444007873535,7.0433249317076925,6.854575691757636,6.983719983359993,501100
2023-10-11,6.914181232452393,7.092996092814794,6.834707961180214,6.963852263846536,693100
2023-10-12,6.685695171356201,6.9638520874615475,6.596287506590545,6.874444422695891,567700
2023-10-13,7.3016133308410645,7.460560339771094,6.834707646748078,6.9141809143640724,1156700
2023-10-16,7.311548233032227,7.371153187876475,7.162535609072569,7.251943278187978,554600
2023-10-17,7.698979377746582,7.698979377746582,7.311546999759934,7.311546999759934,630900
2023-10-18,7.6493096351623535,7.987071519262378,7.599639076364044,7.808256654931933,903700
2023-10-19,7.708914756774902,7.748651391711016,7.5300994258643374,7.649309330672678,561500
2023-10-20,7.579770565032959,7.957269076035207,7.559902247280107,7.758585424808627,764600
2023-10-23,7.450625896453857,7.649309064213412,7.212206095142392,7.510230846781724,460800
2023-10-24,7.5002970695495605,7.5897042599125495,7.361218375743942,7.361218375743942,408700
2023-10-25,7.351284503936768,7.738716928002245,7.351284503936768,7.440691694906924,637400
2023-10-26,7.4009552001953125,7.450626231215976,7.212206419192133,7.3711529605413615,551900
2023-10-27,7.530099391937256,7.559902104854091,7.2420085530994065,7.420823409506262,516100
2023-10-30,7.480429172515869,7.6592440369827,7.400955425721427,7.6195074004345145,468200
2023-10-31,7.092995643615723,7.55990179331772,7.092995643615723,7.391020865710531,1367600
2023-11-01,7.162534713745117,7.212205740088741,7.033390424210103,7.112863687401492,610800
2023-11-02,6.059842109680176,7.122798207871983,6.010171556157843,7.06319325942637,2864900
2023-11-03,6.586353302001953,6.715497595852508,6.0896449167595375,6.188986499068415,1565000
2023-11-06,6.308196544647217,6.645958406056026,6.308196544647217,6.487011870662723,1029000
2023-11-07,6.526748180389404,6.606221444139373,6.089644756066559,6.208854651691512,1013300
2023-11-08,6.506880283355713,6.7353661681954815,6.506880283355713,6.506880283355713,763300
2023-11-09,6.387670040130615,6.824773501747515,6.377736118163306,6.566485372522744,549300
2023-11-10,6.27839469909668,6.357867971767841,6.188987030492588,6.3081969394993305,476300
2023-11-13,6.27839469909668,6.596287789781326,6.228723666828168,6.248591984995959,633000
2023-11-14,6.821315288543701,6.861089683007078,6.4235708697617495,6.453401428535191,644300
2023-11-15,6.9704694747924805,6.990356671938398,6.741766470540346,6.871033014914715,428200
2023-11-16,7.219059944152832,7.368213691209515,7.089792920832055,7.129567316600264,718800
2023-11-17,7.1494550704956055,7.288665466510691,7.01024467448052,7.238947705007993,751100
2023-11-20,7.1494550704956055,7.199172831998304,6.970470275619067,7.0003008376910385,393500
2023-11-21,7.477593421936035,7.606860443619534,7.32843920262032,7.32843920262032,676400
2023-11-22,7.417932033538818,7.517368024441174,7.288665008291653,7.437819231719289,468500
2023-11-23,7.398045063018799,7.447762822925841,7.358270665433877,7.447762822925841,36800
2023-11-24,7.586973667144775,7.765958455770271,7.4079884043710615,7.4079884043710615,394400
2023-11-27,7.845507621765137,7.905169220795307,7.646635624997902,7.835564259000895,673900
2023-11-28,8.00460433959961,8.00460433959961,7.775901344921102,7.8753373264882445,654500
2023-11-29,8.00460433959961,8.024491061764877,7.885280687570878,7.994660504368815,451500
2023-11-30,8.064266204833984,8.07421004099013,7.805732628700868,7.94494301584947,960100
2023-12-01,8.41229248046875,8.41229248046875,7.915112076063496,7.984717029225394,673800
2023-12-04,8.203476905822754,8.372518323988267,8.004604928068147,8.243251301373675,892700
2023-12-05,8.064266204833984,8.233307626302816,7.895225257513357,8.143814997490328,569000
2023-12-06,7.974774360656738,8.193533061824033,7.964830524704664,8.153758666312125,344000
2023-12-07,8.00460433959961,8.084153124853323,7.885280687570878,8.024491061764877,393800
2023-12-08,7.726183891296387,7.895225313974076,7.626747899764866,7.775902124136251,566300
2023-12-11,7.716240406036377,7.736127604025205,7.457706358033416,7.557142347977554,536200
2023-12-12,7.398045063018799,7.746071278960977,7.338383466641416,7.746071278960977,612600
2023-12-13,8.203476905822754,8.203476905822754,7.318495893592461,7.348326453181554,790300
2023-12-14,8.362574577331543,8.690713581204983,8.302913457516228,8.372518413399563,855400
2023-12-15,8.143815040588379,8.332744135369337,8.03443568718116,8.292969738830674,1006300
2023-12-18,8.08415412902832,8.223364994662589,8.024492058528937,8.183589648798707,403000
2023-12-19,8.46201229095459,8.621109898350308,8.004606195543625,8.094098836777851,805000
2023-12-20,8.113985061645508,8.53161672937401,8.104041224724238,8.511730003827953,686600
2023-12-21,8.352630615234375,8.481897637278974,8.143814802438696,8.25319510094372,510000
2023-12-22,8.253194808959961,8.690713142612253,8.203476579425384,8.551503237871064,813700
2023-12-27,8.43217945098877,8.531615914106514,8.25319514499178,8.263138980962832,751300
2023-12-28,8.143815040588379,8.442123488776556,8.143815040588379,8.332744135369337,490900
2023-12-29,8.08415412902832,8.173646760629175,7.944943263394051,8.054323567926849,534600
2024-01-02,7.935000419616699,8.183590183584075,7.885282182334274,8.09409849443151,589100
2024-01-03,7.378157615661621,7.626747829266672,7.328439383281329,7.537255200641428,881500
2024-01-04,7.477593421936035,7.507424455458455,7.318495840878309,7.378157433774956,550400
2024-01-05,7.417932033538818,7.646635049688339,7.318496042636462,7.48753746424457,699600
2024-01-08,7.328439712524414,7.457706743202159,7.248890916460641,7.358270748122442,486300
2024-01-09,7.268777370452881,7.388100552318342,7.248890173475305,7.388100552318342,408500
2024-01-10,7.2886643409729,7.3483259300519554,7.129566770095421,7.268777144613216,512100
2024-01-11,7.079848289489746,7.3284384721893705,6.940637919939437,7.268776885239237,668400
2024-01-12,7.487537384033203,7.696352725617081,7.35827036017083,7.35827036017083,907700
2024-01-15,7.368213653564453,7.4676501166251406,7.338383093964803,7.338383093964803,102700
2024-01-16,6.781540870666504,7.288664635397765,6.751709837847874,7.268777438234738,1337300
2024-01-17,6.334078311920166,6.72187937324864,6.304247752832245,6.711935537453875,1487100
2024-01-18,6.25452995300293,6.3241353859165494,6.145150122466734,6.294304350625507,674000
2024-01-19,6.304247856140137,6.314191217949657,6.085488206552353,6.294304020182421,608100
2024-01-22,6.54289436340332,6.632386992263578,6.075544969223743,6.125262727586393,611600
2024-01-23,6.642330646514893,6.731823279312496,6.453402018468966,6.622443447465228,506700
2024-01-24,6.4931769371032715,6.85114652255454,6.413627666188093,6.781541562457575,565300
2024-01-25,6.532950401306152,6.6025553514499435,6.473288812262262,6.572724794002079,389500
2024-01-26,6.4931769371032715,6.582669096391974,6.4434587020498135,6.513064136295009,325800
2024-01-29,6.145150184631348,6.562781838041404,6.0656013885814755,6.562781838041404,1402900
2024-01-30,6.2246994972229,6.334078855462293,6.10537582818721,6.2147556605748315,734600
2024-01-31,6.1948676109313965,6.3241346247198145,6.165036579230929,6.214754807348986,683400
2024-02-01,6.54289436340332,6.552838199564774,6.244586390782804,6.284360787132207,669100
2024-02-02,6.4235711097717285,6.44345830774648,6.194868095987972,6.314191283836488,666300
2024-02-05,6.204810619354248,6.334077625794496,6.145149033492935,6.264472679363698,471600
2024-02-06,6.344022750854492,6.393740512110528,6.204811881381832,6.224699554862125,297600
2024-02-07,6.2644734382629395,6.413627183911138,6.254529602340689,6.304247833655551,378500
2024-02-08,6.23464298248291,6.304248417945242,6.194868583403931,6.23464298248291,292000
2024-02-09,6.145150184631348,6.204811781668752,6.085488587593943,6.194868419236631,292100
2024-02-12,6.155094146728516,6.25453014381859,6.115319747892486,6.155094146728516,268600
2024-02-13,5.707630634307861,6.045713450328943,5.638025683349286,6.045713450328943,980800
2024-02-14,5.80706787109375,5.8269550703448285,5.638026440385466,5.71757523738978,411700
2024-02-15,6.075545310974121,6.0954325102674805,5.896560043185657,5.906503879906452,576300
2024-02-16,6.115318775177002,6.194867560195864,5.995995597648709,6.045713351211418,518200
2024-02-20,6.085488796234131,6.204811994399919,5.98605279776264,6.165037595011323,364600
2024-02-21,5.995995998382568,6.085488150435789,5.926390569765005,6.085488150435789,526800
2024-02-22,6.035770416259766,6.314191183481192,5.976108823283745,6.035770416259766,1188800
2024-02-23,6.25452995300293,6.264473789482684,5.747406146240968,5.94627813435385,716300
2024-02-26,6.174981117248535,6.214755514610183,5.9959963291211205,6.184924479514839,549600
2024-02-27,6.1948676109313965,6.264473035467043,6.155093218096216,6.234642003766576,479100
2024-02-28,5.986052513122559,6.115319542062899,5.906503718127955,6.115319542062899,472800
2024-02-29,6.075545310974121,6.234642905320994,6.055658111680762,6.085488673546685,602600
2024-03-01,6.3738532066345215,6.413627604636279,6.0158836246186995,6.115319619623095,744700
2024-03-04,6.741766929626465,6.751710291802434,6.453401840151943,6.483232874976277,1072300
2024-03-05,6.632387161254883,6.890920744113357,6.5528383665291985,6.841202984483913,812500
2024-03-06,6.851146697998047,6.940639333726697,6.721880137015624,6.721880137015624,904400
2024-03-07,7.10968017578125,7.139510735772739,6.8412027651168374,6.940638755335471,843600
2024-03-08,7.129566669464111,7.238946484972602,6.980412461797652,7.16934106162208,780800
2024-03-11,7.308552265167236,7.4278754552083495,7.059962048840812,7.069905885085009,633900
2024-03-12,7.229003429412842,7.238947265598725,6.97046985250657,7.119623602109162,709900
2024-03-13,7.34444522857666,7.5036742391019375,7.125504864564521,7.1852157435115,719200
2024-03-14,7.264830112457275,7.3444446110256,7.185215139349107,7.324540986383519,588000
2024-03-15,7.6131439208984375,7.6131439208984375,7.254878196215963,7.29468544623181,808200
2024-03-18,7.523577690124512,7.613144243728096,7.4539147623728494,7.593240617876174,400600
2024-03-19,7.105599880218506,7.4539135114423924,7.075744683720917,7.434009888930736,609500
2024-03-20,7.493721961975098,7.5932400842408025,7.055841749466156,7.085696948875948,863200
2024-03-21,7.324541091918945,7.822132189680344,7.314589042184589,7.652951140515093,1007900
2024-03-22,7.234974384307861,7.404155429774705,7.185215085803552,7.2747816332953725,454900
2024-03-25,7.205118179321289,7.4937214250220965,7.165310933267344,7.294684720212567,592600
2024-03-26,7.105599880218506,7.424058314944804,7.105599880218506,7.364347447409834,609300
2024-03-27,7.54348087310791,7.563384497791315,7.125504280216575,7.125504280216575,720700
2024-03-28,7.911698341369629,7.981361741106472,7.513625838929283,7.623095539830451,993500
2024-04-01,8.399336814880371,8.47895225895758,8.080878834890107,8.17044537903228,1298300
2024-04-02,8.697890281677246,8.697890281677246,8.389384399210796,8.498854075395746,1034500
2024-04-03,10.121004104614258,10.150859307983087,8.767556513243115,8.807363767428154,2339200
2024-04-04,10.13095474243164,10.36979823422956,9.792592654511418,9.902062350982215,2048900
2024-04-05,10.519075393676758,10.63849714200913,9.991629101272183,10.081195649791386,1616900
2024-04-08,10.747966766357422,11.066424731586514,10.349893360741458,10.75791881504073,1776600
2024-04-09,10.89724349975586,11.255509653125316,10.837533106914005,10.976857989598054,1751600
2024-04-10,10.757918357849121,11.285364577614216,10.220520089823662,10.320037725188637,1641300
2024-04-11,10.837533950805664,11.05647334038017,10.50912391736425,10.937051596317806,988900
2024-04-12,10.320037841796875,11.524208171600035,10.140904767404473,11.364979193953266,2736200
2024-04-15,10.260327339172363,10.69820702298318,10.051339070992766,10.399652218572388,1341900
2024-04-16,9.414422988891602,9.892109955790632,9.245241950844953,9.892109955790632,2488500
2024-04-17,9.374615669250488,9.752784989664796,9.30495322438562,9.454230163118803,1591900
2024-04-18,9.285050392150879,9.683122915759158,9.235291089429904,9.464183502314484,919000
2024-04-19,9.235289573669434,9.54379644064136,9.205434376568798,9.275096819496817,1134900
2024-04-22,8.956639289855957,9.095965131589058,8.469000267409582,8.578469961505814,1456300
2024-04-23,9.265145301818848,9.35471088907968,8.707842936300603,8.847168764950053,1128800
2024-04-24,9.265145301818848,9.384567033912852,9.155674668923007,9.175578765478456,645500
2024-04-25,9.424375534057617,9.523893182860231,9.095965489757587,9.255194487105518,900700
2024-04-26,9.553749084472656,9.673170829393607,9.185530851283481,9.563700184739654,993800
2024-04-29,9.334808349609375,9.703025618152266,9.24524180743523,9.563699780428081,793900
2024-04-30,9.135772705078125,9.32485690145483,8.906880310432975,8.9864948088105,847700
2024-05-01,9.19548225402832,9.553748412678512,9.07606051750479,9.205434302675181,685000
2024-05-02,9.165627479553223,9.304953319791123,9.006398490183988,9.03625368842081,544400
2024-05-03,9.12582015991211,9.394518840074031,9.006398418831296,9.245241900992923,710700
2024-05-06,9.67317008972168,9.86225426745136,9.384567324294531,9.384567324294531,1233400
2024-05-07,9.90206241607666,10.091147560136113,9.653266873215037,9.683122072616122,838900
2024-05-08,9.71297836303711,9.882159410581707,9.484085966738073,9.63336386408432,874900
2024-05-09,10.190665245056152,10.419557638846348,9.872207252735548,9.872207252735548,1140000
2024-05-10,9.921965599060059,10.39965254169569,9.872206305265617,10.39965254169569,987300
2024-05-13,9.722930908203125,10.031436870098196,9.563700953102739,9.89211101529026,703100
2024-05-14,9.882158279418945,9.941868672258932,9.563699370980547,9.862254182419228,630000
2024-05-15,10.10109806060791,10.250375946906516,9.722929693109197,10.081194911882534,948900
2024-05-16,10.056293487548828,10.116033310897725,9.877072118407394,9.986595760911953,603200
2024-05-17,10.733351707458496,10.78313553360794,10.036380990008789,10.434649700109334,2064400
2024-05-21,10.364952087402344,10.773177720116951,10.255428438237853,10.773177720116951,1363700
2024-05-22,9.847203254699707,10.245471951235121,9.787462475445658,10.225558991182087,1025800
2024-05-23,9.638111114501953,9.93681213618574,9.558457382113291,9.787461625343846,1024800
2024-05-24,9.767549514770508,9.867116214124284,9.628154996218255,9.73767865037165,543900
2024-05-27,10.116034507751465,10.673611639077976,9.986596942451605,10.016467807207524,260900
2024-05-28,10.3350830078125,10.404779794763721,9.98659717396138,10.19568848436255,385400
2024-05-29,9.956727027893066,10.195688248671104,9.916900157763394,10.066250683362796,446300
2024-05-30,9.847203254699707,10.165818211928038,9.75759256059237,9.847203254699707,485600
2024-05-31,9.717764854431152,10.096120558344577,9.658024080319604,9.887029273275246,632900
2024-06-03,9.648067474365234,9.857158766976118,9.558457734286934,9.857158766976118,304200
2024-06-04,9.050663948059082,9.47880346339241,9.020794036387358,9.46884650965271,758800
2024-06-05,9.15023136138916,9.20001518448249,8.911270149998108,9.07057762425881,616700
2024-06-06,9.339407920837402,9.448931551149437,9.120359710666067,9.1801004769118,350000
2024-06-07,8.672308921813965,8.98096786475697,8.572741275820107,8.961053955739219,781300
2024-06-10,8.712136268615723,8.74200618423482,8.423391218837788,8.712136268615723,387800
2024-06-11,8.672308921813965,8.722092744810894,8.453260670355943,8.592655184837856,475700
2024-06-12,8.463216781616211,9.050663745444206,8.353693141573519,8.921226198367924,749100
2024-06-13,8.343735694885254,8.572739914951729,8.174471293293818,8.413432466288565,525800
2024-06-14,8.363651275634766,8.463218937066348,8.224257689087661,8.333781357024328,555200
2024-06-17,8.25412654876709,8.403477072206528,8.164515854884439,8.293953418320772,332800
2024-06-18,8.42339038848877,8.513001076060045,8.194385192523578,8.24416901334622,341700
2024-06-19,8.413434028625488,8.473174807741417,8.274040459934106,8.274040459934106,67100
2024-06-20,8.712136268615723,8.712136268615723,8.423391218837788,8.513001915242576,471500
2024-06-21,8.393522262573242,8.642440470127157,8.333781474959356,8.542872807286548,432900
2024-06-24,8.283995628356934,8.522957771134442,8.264082670361443,8.373606313205077,267200
2024-06-25,8.094818115234375,8.214298709794798,8.045034296780694,8.214298709794798,340500
2024-06-26,8.104776382446289,8.144603253754852,7.955424902878546,8.035078645495672,271600
2024-06-27,8.124688148498535,8.264082652352704,8.1147311947488,8.204341879401667,294000
2024-06-28,8.064949035644531,8.293953294780255,7.965381388469678,8.283996340153278,470200
2024-07-02,7.965381622314453,8.10477614254205,7.796117186876472,7.975338577233742,411700
2024-07-03,8.433347702026367,8.642438998755862,8.204342496300043,8.204342496300043,435100
2024-07-04,8.493085861206055,8.532912721827115,8.383562231884952,8.383562231884952,99100
2024-07-05,8.672308921813965,8.821659441257307,8.542871361840927,8.582698230328981,579600
2024-07-08,8.871441841125488,9.000879380334563,8.562783897243863,8.562783897243863,561000
2024-07-09,8.592655181884766,8.931184038690606,8.522958399441485,8.871443261205332,465100
2024-07-10,8.861486434936523,8.921227213286318,8.642439129931343,8.672309044332511,573000
2024-07-11,9.030750274658203,9.160187827987214,8.84157289643728,9.120360961543472,675500
2024-07-12,8.951098442077637,9.060623060210412,8.82166086126919,8.9112715671787,580900
2024-07-15,8.811702728271484,9.03075001258151,8.71213509027793,8.951096282005615,372300
2024-07-16,9.289627075195312,9.319496993087778,8.791790679098897,8.891358338137207,654300
2024-07-17,8.901313781738281,9.359323275177456,8.891357776101838,9.259756571980466,580200
2024-07-18,8.413434028625488,9.040707936379118,8.313867329495569,9.020794976372123,821600
2024-07-19,8.373607635498047,8.493088250980534,8.094819532705577,8.164516321016814,527800
2024-07-22,8.48313045501709,8.50304341195491,8.254125278174557,8.29395214159752,449200
2024-07-23,8.433347702026367,8.5727412668144,8.363649970084907,8.463217615974168,376500
2024-07-24,8.164514541625977,8.572740126275178,8.15455758845226,8.463216490006248,457500
2024-07-25,8.05499267578125,8.154559380760443,7.8160309696003925,7.845901360913161,646600
2024-07-26,8.045035362243652,8.18442988246553,7.975338576906456,8.164515972627768,412800
2024-07-29,8.20434284210205,8.224256751938226,7.885727881103132,8.134646056770409,556000
2024-07-30,8.393522262573242,8.413435225412801,8.164517017858886,8.303911555926216,451800
2024-07-31,8.503045082092285,8.622525695829125,8.403477429204496,8.513002037290567,516900
2024-08-01,7.367978096008301,7.975338577680445,7.089189530311233,7.975338577680445,2134400
2024-08-02,6.979665279388428,7.467544634269313,6.750660558279887,7.387890900800898,1345700
2024-08-06,6.84027099609375,6.959751600227349,6.551525965384026,6.601309787826551,872600
2024-08-07,6.601309776306152,6.989621976449539,6.591352821925537,6.94979510847451,623500
2024-08-08,6.74070405960083,6.880098102587796,6.601310016613864,6.74070405960083,482000
2024-08-09,6.860184192657471,6.880097625990453,6.730747113379935,6.780530459325541,500500
2024-08-12,7.0891900062561035,7.178800707455926,6.870142205824486,6.979666343427182,502200
2024-08-13,7.3181939125061035,7.437674517049568,7.03940583523802,7.089189183077605,507700
2024-08-14,7.328150749206543,7.338107228705014,7.119059457227815,7.2783669273930505,573000
2024-08-15,7.527285575866699,7.587025881059243,7.288324355096522,7.437674880691011,541900
2024-08-16,7.583087921142578,7.67276931958126,7.453547542657877,7.6329108146861,633400
2024-08-19,7.8322038650512695,7.852133117627956,7.5332646012501225,7.573123106403494,645200
2024-08-20,7.8322038650512695,8.07135537112236,7.762451243457439,7.9717086330880695,572400
2024-08-21,7.931849479675293,7.9717079815710825,7.712627244097628,7.832203224935819,431500
2024-08-22,7.722591876983643,7.82223812875327,7.652839263169499,7.812273741151711,488100
2024-08-23,7.802308559417725,7.8620963080352,7.6528389502986425,7.842167058496042,485000
2024-08-26,7.802308559417725,7.9418133061918335,7.74252081080025,7.901954807113516,372700
2024-08-27,7.73255729675293,7.76245093686181,7.632910562654414,7.7026631814932065,323600
2024-08-28,7.443582534790039,7.573122910767519,7.333971886025262,7.5531936587056645,406300
2024-08-29,7.523299217224121,7.61298060437916,7.493405104738576,7.5133343546786735,289800
2024-08-30,7.523299217224121,7.5432284671642185,7.453546604858381,7.523299217224121,1068600
2024-09-03,7.12471342086792,7.49340476565131,7.035031562620315,7.45354626757477,1018000
2024-09-04,7.114748954772949,7.304077068749713,7.04499681683206,7.074890454477925,491500
2024-09-05,6.536800384521484,6.975244373594067,6.347472265934405,6.8556688697972215,1262200
2024-09-06,6.257790565490723,6.676304808035751,6.2079672038028235,6.676304808035751,1191000
2024-09-09,6.267755508422852,6.4570836344111635,6.227897005599084,6.297649623116094,1206000
2024-09-10,6.506906986236572,6.506906986236572,6.277720357927453,6.407260254245,670500
2024-09-11,6.995173931121826,6.995173931121826,6.417225162263601,6.477012916785055,861200
2024-09-12,7.8322038650512695,7.94181451664761,7.124714685852634,7.1645731910060055,1176100
2024-09-13,8.300540924072266,8.390222791607766,8.031496271767416,8.121177189001264,1120700
2024-09-16,8.350363731384277,8.479904092467635,8.180964870760011,8.330434006463028,1060900
2024-09-17,8.270648002624512,8.52972876458448,8.240754360952742,8.290576780305114,637600
2024-09-18,7.971708297729492,8.559621936735311,7.951779045991202,8.3005411889867,1174700
2024-09-19,8.19093132019043,8.350365349243965,8.061390934008989,8.310506841980581,793400
2024-09-20,8.370292663574219,8.390222388870644,8.190929887414422,8.310505388288155,1099500
2024-09-23,8.151071548461914,8.539691696418323,8.131141822771008,8.320470415628112,2133200
2024-09-24,8.649303436279297,8.758914078564727,8.171000464766713,8.270647194336481,848700
2024-09-25,8.609445571899414,8.768879590773192,8.55962220342593,8.599480708144375,683200
2024-09-26,8.78880786895752,8.868524873868118,8.709090864046923,8.73898545361464,687900
2024-09-27,8.489869117736816,8.80873712017897,8.42011602947639,8.77884348252542,673500
2024-09-30,8.091283798217773,8.350364545648063,8.011566791362558,8.29057631535581,865800
2024-10-01,8.340399742126465,8.4101518860504,8.09128385633905,8.18096572727079,620400
2024-10-02,8.569586753845215,8.62937403358598,8.310506007497418,8.320470870888105,984900
2024-10-03,8.599480628967285,8.599480628967285,8.360329602858528,8.420116884234865,860000
2024-10-04,8.629373550415039,9.12760528843255,8.589515049385703,8.609444775051182,1017700
2024-10-07,8.440046310424805,8.589515458834368,8.300541075021322,8.589515458834368,766800
2024-10-08,8.55962085723877,8.55962085723877,8.210858283076622,8.310505004351967,779000
2024-10-09,8.549656867980957,8.549656867980957,8.330434628973284,8.410151634012136,483400
2024-10-10,9.027958869934082,9.09771100420691,8.529727167296036,8.569585665495017,1171400
2024-10-11,8.928312301635742,9.187393019500771,8.91834743934057,9.107676021742543,623000
2024-10-15,9.07778263092041,9.09771235813664,8.788808238396976,8.908383750789257,709800
2024-10-16,8.928312301635742,9.396650376191515,8.91834743934057,9.227251518379886,687900
2024-10-17,8.709089279174805,9.02795819109138,8.599478654944988,9.02795819109138,775900
2024-10-18,10.044352531433105,10.134034403190817,8.868525235590576,8.868525235590576,2007200
2024-10-21,10.472831726074219,10.75184124300027,10.22371584838626,10.642230598926163,1594900
2024-10-22,10.911274909973145,11.030850413471562,10.582442037777087,10.702017541275506,1736000
2024-10-23,10.741876602172852,10.771771192331407,10.482796806243787,10.582442589200603,965200
2024-10-24,10.791699409484863,10.94116855132417,10.442936811457642,10.771770634047048,995900
2024-10-25,10.602372169494629,10.831558322400468,10.393114792784154,10.702017951074778,632300
2024-10-28,10.592406272888184,10.751840268103933,10.502724413003932,10.552547774084246,691400
2024-10-29,11.030850410461426,11.140462001364618,10.771770628103033,10.771770628103033,973200
2024-10-30,10.642229080200195,10.821591840333987,10.432971734792837,10.751839708632042,805700
2024-10-31,10.253609657287598,10.323361800097864,9.954670409055261,10.313397887054734,2072100
2024-11-01,9.994527816772461,10.432972252875242,9.964634180315953,10.353255255456839,555000
2024-11-04,9.695588111877441,10.084209167401061,9.625835980232761,10.084209167401061,482300
2024-11-05,9.526191711425781,9.864988511469411,9.466403481828864,9.755377865893678,552100
2024-11-06,9.097711563110352,9.386685930381036,8.868524471660296,8.958206335692857,1139900
2024-11-07,9.346826553344727,9.496295679183207,9.127604345186965,9.466402044075817,904100
2024-11-08,8.9881010055542,9.287039287976185,8.898419140706954,9.287039287976185,774300
2024-11-11,8.619409561157227,8.729021162823226,8.300541520605346,8.519763773635624,1004200
2024-11-12,8.748950004577637,8.75891486849363,8.49983410848817,8.5596223416824,542500
2024-11-13,8.639338493347168,8.948241641613103,8.549656627624273,8.888454364665595,613600
2024-11-14,9.04788875579834,9.207322768187472,8.529728215533659,8.559621855281202,621100
2024-11-15,8.895312309265137,9.304177405485746,8.805561248917229,9.144620387549395,637100
2024-11-18,9.22439956665039,9.573431282018696,9.164565205059999,9.573431282018696,710700
2024-11-19,9.274260520935059,9.274260520935059,9.00500734515914,9.24434381841601,533300
2024-11-20,9.124674797058105,9.274260206653933,8.975090338497072,9.144619898751467,443100
2024-11-21,8.985063552856445,9.204453981475803,8.90528504226125,9.17453727776132,473800
2024-11-22,8.785616874694824,9.074814200139182,8.785616874694824,9.074814200139182,491800
2024-11-25,8.47647476196289,8.576198374870515,8.386723700553,8.386723700553,832000
2024-11-26,8.626059532165527,8.655977187705721,8.476475058604116,8.586170275813492,360800
2024-11-27,8.586170196533203,8.825506683470396,8.566226044058784,8.715810516239008,514200
2024-11-28,8.636031150817871,8.655976252356101,8.546280095965411,8.546280095965411,121700
2024-11-29,8.655976295471191,8.805560753613843,8.516363437112537,8.745727350770698,675900
2024-12-02,8.326889991760254,8.516363708173891,8.257083084841696,8.516363708173891,630700
2024-12-03,8.895312309265137,8.955145715473845,8.386723601316886,8.396696152696618,797100
2024-12-04,8.805561065673828,9.04489658759779,8.75569926084763,8.825506168018237,488300
2024-12-05,8.675920486450195,8.795588243728186,8.536308578476602,8.715809738876192,559500
2024-12-06,8.596142768859863,8.7656723449551,8.446558296321658,8.7656723449551,403600
2024-12-09,9.17453670501709,9.633263587819684,8.925228637212088,8.975090440980049,1089600
2024-12-10,9.054869651794434,9.364012098404178,9.005007844143199,9.264288483101712,587200
2024-12-11,9.433817863464355,9.53354147670518,9.104731271218435,9.13464797477674,736400
2024-12-12,8.795588493347168,9.114703472846433,8.765671790937333,9.03492496573032,720400
2024-12-13,8.57619857788086,8.695866345581793,8.476474962612642,8.6759212421142,490800
2024-12-16,8.416641235351562,8.636032634797454,8.326891116111604,8.606115928384135,388000
2024-12-17,8.376750946044922,8.39669604855702,8.187277227354155,8.267055735332882,472400
2024-12-18,7.918024063110352,8.346833756231492,7.868162260774629,8.336861205557392,765100
2024-12-19,7.828273296356201,7.987830784374732,7.76843941666828,7.848217922918842,580500
2024-12-20,7.828273296356201,8.097525992710551,7.78838404323092,7.868162549481482,1264800
2024-12-23,7.888106822967529,7.947940699977249,7.788383694617996,7.818300870881548,553200
2024-12-24,8.02772045135498,8.02772045135498,7.818301623892334,8.02772045135498,266800
2024-12-27,7.967885494232178,8.027719848025262,7.868162363772696,7.937968792853031,437800
2024-12-30,7.748495101928711,7.918024672292245,7.688661219832891,7.828273611389803,794400
2024-12-31,7.878134727478027,7.93796860433271,7.708605171964401,7.708605171964401,484800
2025-01-02,8.566225051879883,8.596141752643865,8.027719682954366,8.027719682954366,771000
2025-01-03,8.356805801391602,8.596141296883625,8.267054752823412,8.556252047634954,836400
2025-01-06,8.28700065612793,8.546280325855898,8.177304496786471,8.416640015474508,569800
2025-01-07,8.506390571594238,8.7955878773965,8.3767502688505,8.3767502688505,667900
2025-01-08,8.426612854003906,8.62605912638181,8.247111684381215,8.516363914332674,743900
2025-01-09,8.566225051879883,8.855422362024424,8.50639069931715,8.50639069931715,317000
2025-01-10,8.426612854003906,8.695866034990209,8.366779447807957,8.655976780514628,718200
2025-01-13,7.9878315925598145,8.277028944736934,7.957914411930219,8.237139687575777,750800
2025-01-14,8.376750946044922,8.51636381052511,8.047664362873968,8.047664362873968,765400
2025-01-15,8.037692070007324,8.626058277889461,7.957913093386108,8.606114128130876,9457400
2025-01-16,8.01774787902832,8.277028512555061,7.977858623949965,8.14738819579169,1696900
2025-01-17,8.416641235351562,8.53630996307474,7.778413093014352,7.888108317219823,1411400
2025-01-20,8.436585426330566,8.436585426330566,8.237139153457413,8.416640323525828,392600
2025-01-21,8.207221984863281,8.74572838003594,8.17730527992088,8.376751564595066,1094400
2025-01-22,8.077581405639648,8.296971810468653,7.9878303531938,8.247110960029636,668800
2025-01-23,8.047663688659668,8.097525489727776,7.84821743542199,7.927995936717061,707800
2025-01-24,8.057637214660645,8.306945299151469,8.017747959183508,8.20722168494119,963600
2025-01-27,7.568993091583252,7.908051740484647,7.469269484036027,7.908051740484647,1172900
2025-01-28,7.688661098480225,7.7484949796316664,7.379519141439068,7.598910038994354,826200
2025-01-29,7.997803688049316,8.067609646337699,7.6986333253840495,7.6986333253840495,878200
2025-01-30,8.646003723144531,8.665947873697702,8.267055352286393,8.277027903080374,1245300
2025-01-31,8.257083892822266,8.715810828592108,8.197250482219847,8.665949019066817,1307100
2025-02-03,8.316916465759277,8.596141207599803,8.187276169288927,8.26705466695765,1024500
2025-02-04,8.795588493347168,8.925228805169553,8.34683415306034,8.416640109028233,1269900
2025-02-05,8.586170196533203,8.875367540173883,8.496420083845996,8.745728171502957,1294700
2025-02-06,8.296972274780273,8.596142149330197,8.257083021575939,8.596142149330197,1291900
2025-02-07,8.00777530670166,8.526336572408297,7.987831154731713,8.456529662926338,1012000
2025-02-10,8.137414932250977,8.46650149561151,8.067608979730492,8.287000338982441,1204400
2025-02-11,7.9878315925598145,8.16733277426757,7.878135897607904,7.997804144608831,1428100
2025-02-12,8.247110366821289,8.436584057551233,7.967884679066528,7.987829778635308,1033800
2025-02-13,8.077581405639648,8.26705510999829,7.9778578026920925,8.26705510999829,1228600
2025-02-14,7.6786885261535645,8.436585303029716,7.618854645166092,8.436585303029716,1700200
2025-02-18,7.608882427215576,7.808328693446134,7.549048547346409,7.79835661789331,1305900
2025-02-19,7.608882427215576,7.638799129391456,7.429380312090667,7.608882427215576,1985500
2025-02-20,8.157360076904297,8.207220928378264,7.529103647777545,7.678688104269008,1459900
2025-02-21,7.888106822967529,8.177304132939867,7.818300870881548,8.017747127580614,1305200
2025-02-24,8.047663688659668,8.12744218995474,7.688660432831847,7.888106686069525,1441100
2025-02-25,7.808328151702881,8.017746954474156,7.578964723692314,8.017746954474156,855900
2025-02-26,8.16733169555664,8.296972001966719,7.7883838025756775,7.848217680414777,950600
2025-02-27,7.698633193969727,8.077582059934514,7.698633193969727,8.057636957315518,752900
2025-02-28,7.736567497253418,7.756532813689773,7.427104854484565,7.566862069539052,1977700
2025-03-03,7.756533145904541,8.075978698578872,7.736567828613065,7.936221001527827,674600
2025-03-04,7.766515731811523,7.9062729472600655,7.3871742424405005,7.786481048304172,893700
2025-03-05,8.335527420043945,8.35549225921857,7.726584116866034,7.746549908061984,1177000
2025-03-06,8.325544357299805,8.485266875575464,8.185786677797951,8.185786677797951,792900
2025-03-07,8.475284576416016,8.615042265749853,8.225717886047901,8.325544943003695,755100
2025-03-10,7.986134052276611,8.35549263795184,7.876324575774817,8.345509741901367,1284400
2025-03-11,8.824678421020508,8.864609053838734,8.155839607299177,8.155839607299177,1336800
2025-03-12,8.814696311950684,8.984401754587951,8.75480083338545,8.87459274253738,1527100
2025-03-13,9.63327407836914,9.683187607940143,8.78474788374767,8.78474788374767,1706500
2025-03-14,9.553413391113281,9.783015260252714,9.4835350166898,9.743084624579089,1168000
2025-03-17,10.102459907531738,10.182321175415671,9.603326507246447,9.603326507246447,1281600
2025-03-18,10.332061767578125,10.69143747308588,10.252200499687513,10.39195724248538,1667800
2025-03-19,10.35202693939209,10.451854003456544,10.052546699220166,10.222252136916875,988600
2025-03-20,10.072510719299316,10.272163860252364,10.012614301002767,10.102458452436956,1299300
2025-03-21,9.922772407531738,10.032582374059528,9.683188583869905,9.96270304480871,3094500
2025-03-24,9.942737579345703,10.062529483672588,9.773032143543926,9.98266821412133,1084500
2025-03-25,9.822944641113281,10.362008629856263,9.79299690618904,10.24221673813797,1141800
2025-03-26,9.67320442199707,9.95271979841718,9.643256685959688,9.86287563828367,626500
2025-03-27,9.952720642089844,10.122426080722878,9.733101671149191,9.902807109782225,862500
2025-03-28,9.643256187438965,10.07251117387645,9.543430088467877,10.012614752876747,1116400
2025-03-31,9.603326797485352,9.683188067782913,9.204020445997548,9.663223226219241,1001100
2025-04-01,9.463567733764648,9.623291203348362,9.253932643479958,9.563394783251807,810200
2025-04-02,9.553413391113281,9.593344026786905,9.253934099571815,9.363743109668922,478600
2025-04-03,9.054279327392578,9.164089281727534,8.485267571371011,8.595076573684585,1354200
2025-04-04,7.906272888183594,8.68492070158946,7.816428726632652,8.575111699705742,2197200
2025-04-07,7.726584434509277,8.335527762721112,7.4770177464280625,7.696636698505513,1903300
2025-04-08,7.457053184509277,8.125892528375054,7.38717480942699,8.115909631357168,1569900
2025-04-09,8.35549259185791,8.46530159174325,7.626757844567382,7.626757844567382,1979000
2025-04-10,8.39542293548584,8.595076088430188,8.155839151952621,8.28561393937178,1365800
2025-04-11,8.71486759185791,8.984400050338277,8.63500633423883,8.694902753463783,1367300
2025-04-14,9.214001655578613,9.303845815500017,8.585094440171519,8.625025072134214,1493800
2025-04-15,9.194037437438965,9.343777079421242,9.124159064783425,9.273898706765703,804700
2025-04-16,9.293863296508789,9.603325437067731,9.154105617275565,9.473550653212873,1148900
2025-04-17,9.024332046508789,9.204020379388627,8.974418514928676,9.114176212948708,1066200
2025-04-21,8.904539108276367,9.43362019675757,8.714867900693555,9.283880571420672,921500
2025-04-22,8.40540599822998,9.024331260671781,8.395423102378981,8.994383525140128,1104600
2025-04-23,8.615042686462402,8.774765223774569,8.20575344659462,8.20575344659462,1343700
2025-04-24,8.615042686462402,8.734834589446528,8.525198521218954,8.66495621737781,798200
2025-04-25,8.585094451904297,8.644989923919512,8.32554486778139,8.395423235806264,887300
2025-04-28,8.625025749206543,8.625025749206543,8.415389676940435,8.545164479011973,910300
2025-04-29,8.635007858276367,8.794731353726249,8.455320472930113,8.545164641613967,1000500
2025-04-30,8.595077514648438,8.674938789077903,8.435354965789507,8.435354965789507,4601800
2025-05-01,8.12589168548584,8.415389004825116,8.115908789503468,8.385440316878,943600
2025-05-02,8.135873794555664,8.275631485081028,7.936220630963272,8.23570085236255,884100
2025-05-05,8.31556224822998,8.465301885267612,8.036047814816419,8.39542351491957,822000
2025-05-06,8.784749031066895,8.794731928689176,8.335529110300952,8.495251664171374,1334000
2025-05-07,8.625025749206543,8.734834757718719,8.385440986601395,8.515215788672931,1319800
2025-05-08,7.64672327041626,8.774764829527733,7.64672327041626,8.774764829527733,3027300
2025-05-09,8.205753326416016,8.205753326416016,7.646723501989371,7.8064465129729985,1676500
2025-05-12,8.135873794555664,8.245683748547515,7.886307578070519,8.075978321488636,1402200
2025-05-13,8.04603099822998,8.265649013451341,7.926238617910862,8.215735481984149,1332400
2025-05-14,7.846377372741699,7.9661692774221615,7.706619674603779,7.9661692774221615,1135400
2025-05-15,7.896289825439453,7.94620335325057,7.68665377024985,7.896289825439453,816600
2025-05-16,7.842342376708984,7.852332850554791,7.662518134832589,7.742440020110987,747900
2025-05-20,8.241952896118164,8.241952896118164,7.762421072198226,7.9122748564929655,1482900
2025-05-21,8.241952896118164,8.351845258411865,8.102089110044648,8.251943370711436,1577900
2025-05-22,8.132060050964355,8.231961932732876,7.952235329939363,8.19200098947666,1139100
2025-05-23,8.0920991897583,8.251942964403908,7.942244936470006,8.182010598438417,1654800
2025-05-26,8.211982727050781,8.291904621247625,8.022167513775178,8.102089407972022,622800
2025-05-27,8.531669616699219,8.571630560579194,8.042147815983506,8.042147815983506,2100200
2025-05-28,8.731473922729492,9.031181464012437,8.421776860507522,8.501698744483773,1920900
2025-05-29,8.441757202148438,8.931278999811955,8.431766728054722,8.891318056181138,949700
2025-05-30,8.461738586425781,8.501699532116053,8.251943383365834,8.301894803664696,2071900
2025-06-02,9.410811424255371,9.570655201294636,8.741464893345398,8.831377256116001,3027100
2025-06-03,9.6505765914917,9.69053753368807,9.270947164254169,9.35086904864691,2142000
2025-06-04,9.930304527282715,9.950285477449984,9.650577894149944,9.660568369233578,1950700
2025-06-05,11.468801498413086,11.618655754150076,10.589660723496625,10.62962166781101,5145900
2025-06-06,11.308958053588867,11.588685624756376,11.079182855212798,11.548724679267316,2876700
2025-06-09,11.398869514465332,11.83844083270294,11.34891809838233,11.598674226053328,1889300
2025-06-10,11.448821067810059,11.638635307908363,11.28897729662327,11.438830593924877,2101000
2025-06-11,11.36889934539795,11.678596418331521,11.14911368048945,11.448821232138487,1624400
2025-06-12,11.21904468536377,11.598674109952956,11.189074217111573,11.478791284200161,1185300
2025-06-13,11.308958053588867,11.428840890056046,11.039221909723738,11.249017111727325,1201300
2025-06-16,11.229035377502441,11.508762929112045,11.109152549417194,11.16909443983183,1137000
2025-06-17,11.648625373840332,11.688586315237535,11.278986427730215,11.568703491045929,1753000
2025-06-18,11.428840637207031,11.878402454943066,11.348918747997084,11.608665364301444,1239200
2025-06-19,11.348918914794922,11.468801750371789,11.308957969602634,11.338929393054915,306300
2025-06-20,11.11914348602295,11.398870096529924,10.879377819874115,11.328938682089197,4452900
2025-06-23,11.099163055419922,11.498773470393402,11.039222112457573,11.08917353342227,1097000
2025-06-24,11.03922176361084,11.16909507291733,10.719533251185604,10.829426564384061,864500
2025-06-25,11.149113655090332,11.31894790221308,10.989269881973403,11.179084124363747,1067900
2025-06-26,11.408860206604004,11.428840201773225,10.989269827865963,11.298967851313197,958500
2025-06-27,10.989270210266113,11.099162569380908,10.82942643237402,11.019240680434862,1389200
2025-06-30,11.25900650024414,11.278986494689358,10.869386604750396,10.989269429653701,2076700
2025-07-02,11.538734436035156,11.56870490756677,11.189075441437925,11.528743961276582,1375100
2025-07-03,11.518753051757812,11.84843108439463,11.418851166175063,11.558713996539728,870600
2025-07-04,11.558713912963867,11.628646280384626,11.478792023977917,11.58868533589165,178300
2025-07-07,11.848431587219238,11.858422062024713,11.239026915247058,11.468802119308267,1430200
2025-07-08,10.939318656921387,11.928352735020392,10.889367238758556,11.928352735020392,1972800
2025-07-09,11.508763313293457,11.808469917139261,10.949309144142779,10.949309144142779,1683500
2025-07-10,11.808469772338867,11.878402138090198,11.268996558189986,11.608665054643735,1331800
2025-07-11,12.677621841430664,12.727573262320849,12.008276231380972,12.248041908360932,2457700
2025-07-14,12.5277681350708,12.957349007290823,12.467826241350581,12.697602389076666,2328700
2025-07-15,12.238051414489746,12.497798040517095,12.028256209274444,12.42786567028259,1209700
2025-07-16,11.818460464477539,12.337953692814342,11.68858715739334,12.297992748537977,1654100
2025-07-17,11.638635635375977,11.828450833558998,11.528743277779107,11.698577527629578,1473000
2025-07-18,11.358909606933594,11.75852001925773,11.318948660975591,11.738539069906677,1071200
2025-07-21,11.898382186889648,12.078206909994375,11.648626050463774,11.648626050463774,1233200
2025-07-22,12.038247108459473,12.068217580905827,11.688588103190137,11.918364265929908,1033800
2025-07-23,11.998285293579102,12.228060486964006,11.818460566412432,11.978304344896552,978600
2025-07-24,11.808469772338867,11.998284968707278,11.698577415792556,11.928352602955947,1011300
2025-07-25,11.748529434204102,11.918363691116038,11.438831391381129,11.748529434204102,1227300
2025-07-28,11.458812713623047,11.60866602625061,11.169095610530732,11.60866602625061,1450100
2025-07-29,11.558713912963867,11.56870438727313,11.239026357020066,11.398870134991967,777400
2025-07-30,11.169095039367676,11.618655907004934,11.039221730451299,11.4388311788524,1246100
2025-07-31,11.00925064086914,11.229035348757458,10.869386865422372,11.089172526054714,1119800
2025-08-01,10.80944538116455,11.19906530063639,10.679572074673938,11.05920151993633,1437400
2025-08-05,11.508763313293457,11.598674722800762,11.069191976229911,11.268996696375133,1203600
2025-08-06,11.518753051757812,11.628646364466135,11.418851166175063,11.50876353012039,745700
2025-08-07,11.998285293579102,12.118168127442193,11.638635839245762,11.85842151103346,1929800
2025-08-08,11.818460464477539,12.128158497177413,11.66860716162719,12.058226130135726,957200
2025-08-11,12.018264770507812,12.128158078027946,11.418850627078115,11.508762986778576,1369600
2025-08-12,12.317973136901855,12.32796361147538,11.948334152378356,12.038246518051874,1003700
2025-08-13,12.288002967834473,12.457837228780715,12.098187757250265,12.427865804323766,1251100
2025-08-14,12.228059768676758,12.937367208592734,11.738537987638075,11.978303641280203,1787100
2025-08-15,12.238051414489746,12.577719932718724,11.88839242154954,12.27801236059056,1365200
2025-08-18,12.128158569335938,12.61768037781991,11.828451009108012,12.36792423642065,957400
2025-08-19,11.588685035705566,12.327962966047847,11.558713613554144,12.088197305300737,1298200
2025-08-20,11.828450202941895,11.888391139255774,11.618655020355309,11.658615962145896,811000
2025-08-21,12.098187446594238,12.258032181361138,11.818460828054327,11.838441777179224,847100
2025-08-22,12.43785572052002,12.627670922579037,11.888392015827602,12.00827580278281,1356100
2025-08-25,12.347943305969238,12.54774898157804,12.208080476335962,12.42786519511513,1055000
2025-08-26,12.457837104797363,12.667632310187487,12.327963791675467,12.397895209224139,1580300
2025-08-27,12.507787704467773,12.517777225787372,12.068216373107923,12.387903921192144,896500
2025-08-28,12.327962875366211,12.767533250169203,12.208080045874485,12.657640894654465,1224300
2025-08-29,12.564866065979004,12.784776484181704,12.274984541055606,12.294976830567137,1463700
2025-09-02,13.254584312438965,13.254584312438965,12.434918585125853,12.994690278088836,2680400
2025-09-03,13.074657440185547,13.544465737130572,12.814763407553423,13.384531241136893,2706600
2025-09-04,12.534878730773926,13.114641787363217,12.504891249442712,12.864743885271803,2232100
2025-09-05,12.68481731414795,13.114642018367357,12.514887614754667,12.844752775062862,2312800
2025-09-08,13.054666519165039,13.214601020234808,12.754788853016809,12.834756103551694,1948500
2025-09-09,12.674821853637695,13.094650403907293,12.594854601518232,13.094650403907293,1698100
2025-09-10,13.054666519165039,13.07465785515635,12.544874582041531,12.66482545784386,2523800
2025-09-11,14.364130973815918,14.374127118462459,12.904727220389693,12.934714701044495,3551700
2025-09-12,14.584041595458984,14.973881709328179,14.454094573074308,14.773963579999766,2556900
2025-09-15,14.863926887512207,14.953890283492493,14.394118571440067,14.594037652856182,2350400
2025-09-16,14.274168014526367,14.973881955312836,14.214193051385019,14.883919510600812,2064800
2025-09-17,13.83434772491455,14.444098250168233,13.704400704132324,13.83434772491455,2089200
2025-09-18,13.704401016235352,13.944302773934586,13.364539716185682,13.834348039976982,1398200
2025-09-19,14.674004554748535,14.674004554748535,13.804360003118411,13.904318588161814,4082000
2025-09-22,16.763151168823242,16.793137695865994,15.063844728847801,15.133816787325198,3014300
2025-09-23,16.33332633972168,17.492852403667808,16.243362946262963,16.983060476258277,3049000
2025-09-24,15.853522300720215,16.79313797744567,15.823534819889836,16.653195764714017,1609900
2025-09-25,16.263355255126953,16.283347544046684,15.863518056295584,15.90350168085024,2187900
2025-09-26,16.923086166381836,17.472860786136238,16.34332311213241,16.493261471468184,2530800
2025-09-29,17.26294708251953,17.612804517610527,17.142995253762468,17.52284112268514,3075500
2025-09-30,17.08302116394043,17.6327957995734,16.203379459043997,16.493261947825925,2227200
2025-10-01,17.103012084960938,18.08261134949771,16.94307758897818,17.242954292303452,2904600
2025-10-02,16.84311866760254,17.42288171336037,16.223371043103647,17.36290675181843,2395300
2025-10-03,16.913089752197266,17.482856652541077,16.763151395249366,17.103012687835086,2389000
2025-10-06,17.902685165405273,18.91227289676818,17.43287780601783,17.45286818875905,4093400
2025-10-07,17.692771911621094,18.022637060170045,17.452868252158535,17.86270255824144,2842900
2025-10-08,19.69195556640625,19.771922819295863,18.382489178805525,18.62239093747436,3980500
2025-10-09,19.272127151489258,20.541607061972815,18.892281267588892,20.331693736582913,3831300
2025-10-10,18.552419662475586,19.981835963255755,18.412477447821196,19.92186100077097,3811100
2025-10-14,19.382080078125,20.101787234148212,18.602399867859358,18.602399867859358,2977600
2025-10-15,20.86147689819336,20.91145571404971,19.641973962974465,19.641973962974465,3318300
2025-10-16,21.531204223632812,22.011007739504095,20.841485477961786,21.091383380799293,3915500
2025-10-17,19.66196632385254,21.071390289735792,19.172166681704493,20.741525146796512,2892600
2025-10-20,20.141769409179688,20.291707760797486,19.651969777057772,20.211740512830023,1965300
2025-10-21,17.882692337036133,18.49244379664955,17.67277902530865,18.272534340567958,2555600
2025-10-22,17.692771911621094,18.072615877059114,17.16298768237656,17.29293375022993,2377100
2025-10-23,18.042627334594727,18.31251751994153,17.882692833626912,18.262538703352703,2038400
2025-10-24,17.99264907836914,18.272535417064418,17.802726137591282,17.802726137591282,2423900
2025-10-27,17.412885665893555,17.642791275229296,16.75315536553989,17.212966584211376,2163100
2025-10-28,17.78273582458496,17.872697316288374,17.06302863839998,17.06302863839998,1908400
2025-10-29,17.622798919677734,18.202561966498877,17.402889455907527,18.19256772836493,2796900
2025-10-30,18.22255516052246,18.352503141550557,17.52284215566182,17.542832539491737,1770800
2025-10-31,17.922677993774414,18.1925681878796,17.6028089814585,18.122595173187005,5316700
2025-11-03,17.58281707763672,18.082612896997468,17.282940348648168,17.992649496986953,1621600
2025-11-04,16.273351669311523,17.00305306784973,16.173392129625686,16.783143605796607,2590700
2025-11-05,15.043853759765625,15.983469443640042,14.414110937827362,15.863518566121062,3640000
2025-11-06,15.393710136413574,16.023453907090524,15.123820902265424,15.123820902265424,1472300
2025-11-07,16.013458251953125,16.023454396967693,15.193792473170816,15.463682668855016,1818700
2025-11-10,16.643199920654297,16.993057365372973,16.3833058733367,16.87310553331497,2008800
2025-11-11,16.733163833618164,16.873106053189495,16.253360303742387,16.873106053189495,1132800
2025-11-12,17.602807998657227,17.912680848716207,16.753154790524924,16.983060391969666,1750400
2025-11-13,17.132999420166016,17.742750906491395,16.773147740501734,17.692772089100977,1715700
2025-11-14,16.860000610351562,17.15999984741211,15.880000114440918,16.040000915527344,1878300
2025-11-17,16.229999542236328,16.93000030517578,15.960000038146973,16.709999084472656,1407500
2025-11-18,16.350000381469727,16.579999923706055,15.960000038146973,16.34000015258789,1241100
2025-11-19,16.65999984741211,17.350000381469727,16.34000015258789,16.809999465942383,1840000
2025-11-20,15.550000190734863,16.979999542236328,15.470000267028809,16.700000762939453,2753400
2025-11-21,15.649999618530273,15.819999694824219,15.149999618530273,15.449999809265137,2202700
2025-11-24,17.040000915527344,17.059999465942383,15.770000457763672,15.850000381469727,1922900
2025-11-25,17.479999542236328,17.850000381469727,16.950000762939453,16.959999084472656,1740700
2025-11-26,18.969999313354492,19.18000030517578,17.520000457763672,17.729999542236328,2155200
2025-11-27,18.950000762939453,19.010000228881836,18.649999618530273,18.850000381469727,395600
2025-11-28,21.100000381469727,21.350000381469727,19.3799991607666,19.530000686645508,2441800
2025-12-01,21.729999542236328,22.329999923706055,21.43000030517578,21.600000381469727,3467700
2025-12-02,22.190000534057617,22.239999771118164,20.81999969482422,21.600000381469727,2759100
2025-12-03,21.90999984741211,22.709999084472656,21.829999923706055,22.15999984741211,2621700
2025-12-04,20.979999542236328,21.469999313354492,20.75,21.420000076293945,1877000
2025-12-05,20.829999923706055,21.90999984741211,20.719999313354492,21.5,1817600
2025-12-08,19.90999984741211,20.850000381469727,19.850000381469727,20.850000381469727,1448200
2025-12-09,21.34000015258789,21.520000457763672,19.940000534057617,20.020000457763672,2058300
2025-12-10,21.649999618530273,21.950000762939453,20.59000015258789,21.1299991607666,2160500
2025-12-11,23.149999618530273,23.670000076293945,21.899999618530273,22.010000228881836,3174300
2025-12-12,21.920000076293945,23.860000610351562,21.639999389648438,23.860000610351562,2647800
2025-12-15,22.09000015258789,22.799999237060547,21.6299991607666,22.719999313354492,1721000
2025-12-16,22.540000915527344,22.729999542236328,21.729999542236328,21.8799991607666,1998800
2025-12-17,22.56999969482422,23.40999984741211,22.329999923706055,23.239999771118164,2456300
2025-12-18,22.25,23.059999465942383,22.100000381469727,22.299999237060547,2868500
2025-12-19,23.09000015258789,23.510000228881836,22.309999465942383,22.309999465942383,4247000
2025-12-22,24.09000015258789,24.610000610351562,23.75,23.889999389648438,2201100
2025-12-23,23.75,24.479999542236328,23.030000686645508,24.450000762939453,1311111
