Date,Close,High,Low,Open,Volume
2010-01-04,6.906034469604492,7.221247765486804,6.797142335440539,6.797142335440539,15100
2010-01-05,6.81433629989624,6.934690449736794,6.762755871883866,6.934690449736794,43500
2010-01-06,6.917498588562012,6.934692433862205,6.619479042038448,6.877380709325118,9600
2010-01-07,6.934690475463867,7.565116534510155,6.825798338908219,6.883110047260135,35000
2010-01-08,7.020656108856201,7.0263873878757295,6.99200026032341,7.014924829836673,3900
2010-01-11,7.106623649597168,7.163935351031375,6.9404203713158354,7.020656644010748,8500
2010-01-12,7.020656108856201,7.106623107889725,7.020656108856201,7.020656108856201,12300
2010-01-13,7.163935661315918,7.163935661315918,7.0206569480895995,7.0206569480895995,9800
2010-01-14,7.370258808135986,7.45622638729858,7.307216354002136,7.307216354002136,14100
2010-01-15,7.605234622955322,7.605234622955321,7.3702570660376345,7.450493344977693,30200
2010-01-18,7.622429847717285,7.737052741989297,7.605236550217751,7.605236550217751,6200
2010-01-19,8.310168266296387,8.344555409955914,7.479151548979769,7.719859914901149,4400
2010-01-20,8.18407917022705,8.281508729705397,7.800092211474713,7.800092211474713,6800
2010-01-21,8.166889190673828,8.27578080606084,7.908987536070829,8.27578080606084,3000
2010-01-22,7.851675033569336,8.14969508236572,7.794363864115053,8.14969508236572,23600
2010-01-25,7.9949564933776855,8.017881078261142,7.737054776797479,7.782903946564395,80000
2010-01-26,8.023608207702637,8.023608207702637,7.9089853426198715,7.966296501878787,13500
2010-01-27,8.289137840270996,8.335316838228165,8.017836364896896,8.075559837094819,11300
2010-01-28,8.289137840270996,8.289137840270996,7.994746865918311,8.092877374201565,7000
2010-01-29,8.11019515991211,8.300683682878615,8.000519616084647,8.052471131529536,34700
2010-02-01,8.052473068237305,8.167920602271712,8.029383561430423,8.12174158865795,40300
2010-02-02,8.133281707763672,8.13905421860521,7.798483785911531,8.081330211183696,5300
2010-02-03,8.081335067749023,8.110197088804723,8.07556255343843,8.07556255343843,111800
2010-02-04,7.850439071655273,8.023610076510229,7.786942522744405,8.023610076510229,14400
2010-02-05,7.994749069213867,7.994749069213867,7.833121981323428,7.931252516650756,3700
2010-02-08,7.7927141189575195,7.798486631905689,7.78694160600935,7.798486631905689,6300
2010-02-09,7.937020301818848,7.937020301818848,7.740759348094368,7.740759348094368,7100
2010-02-10,7.937020301818848,7.937020301818848,7.937020301818848,7.937020301818848,3100
2010-02-11,7.752306938171387,7.908160920397142,7.706127939697305,7.908160920397142,3900
2010-02-12,7.734989643096924,7.792713668245733,7.711900143136821,7.711900143136821,3700
2010-02-16,7.677265167236328,7.879298127915398,7.677265167236328,7.873526166550933,6800
2010-02-17,7.821573734283447,7.821573734283446,7.734987718108691,7.821573734283446,7700
2010-02-18,7.821573734283447,7.821573734283446,7.683036769000196,7.792711728891861,3800
2010-02-19,7.79848575592041,7.873526764326035,7.79848575592041,7.873526764326035,900
2010-02-22,7.844666481018066,7.90816247880841,7.821576977230923,7.821576977230923,3100
2010-02-23,7.734989643096924,7.844665180780241,7.734989643096924,7.844665180780241,4100
2010-02-24,7.769883155822754,7.903646406191839,7.769883155822754,7.793146257456148,14200
2010-02-25,7.67683219909668,7.793147729230409,7.67683219909668,7.793147729230409,15000
2010-02-26,7.67683219909668,7.921095089695609,7.67683219909668,7.740806156647379,18800
2010-03-01,7.415122985839844,7.705912122539446,7.182491898334667,7.64775407334502,28400
2010-03-02,7.386041164398193,7.560514691277971,7.2871728509875195,7.560514691277971,24200
2010-03-03,7.374412536621094,7.438385945745822,7.356964789430144,7.438385945745822,3900
2010-03-04,7.484910488128662,7.5023576767808615,7.362779058291014,7.4442001963948226,4200
2010-03-05,7.409308433532715,7.607045171619858,7.409308433532714,7.607045171619858,53200
2010-03-08,7.426752090454102,7.525619850362686,7.415120263031881,7.4500151906624845,17500
2010-03-09,7.415122985839844,7.473281035034269,7.356964936645419,7.473281035034269,21100
2010-03-10,7.322070121765137,7.380227612915276,7.287175183366069,7.362780421033857,24700
2010-03-11,7.420936107635498,7.444199207627243,7.386041180329853,7.391857093986802,37400
2010-03-12,7.444199085235596,7.444199085235596,7.386041058894394,7.444199085235596,8700
2010-03-15,7.444199085235596,7.444199085235596,7.327883587189236,7.362777959285122,111800
2010-03-16,7.467461109161377,7.502355476230749,7.415119003921354,7.415119003921354,20400
2010-03-17,7.444199085235596,7.467462184844868,7.415120072064995,7.415120072064995,4300
2010-03-18,7.851306915283203,7.851306915283204,7.41512319776747,7.41512319776747,10300
2010-03-19,7.618671894073486,7.793144847438412,7.566329786209611,7.793144847438412,2800
2010-03-22,7.67683219909668,7.729174326315907,7.618674711347914,7.67683219909668,12500
2010-03-23,7.746620178222656,7.851304414567103,7.694278060050433,7.700093974210924,14200
2010-03-24,8.095569610595703,8.200253877297731,7.880385715980849,7.880385715980849,107900
2010-03-25,8.2002534866333,8.287490001638156,8.142095440205908,8.171174463419606,36300
2010-03-26,8.229331970214844,8.258410993481558,8.142095455050935,8.258410993481558,23400
2010-03-29,8.440193176269531,8.69205200208279,8.375764421133493,8.463621865281183,38300
2010-03-30,8.487048149108887,8.49290545934787,8.252761325388002,8.463619466736798,17600
2010-03-31,8.258622169494629,8.457765775579084,8.200050159209498,8.434337083181848,19400
2010-04-01,8.405046463012695,8.405046463012695,8.311331192524813,8.311331192524813,15500
2010-04-05,8.43432903289795,8.492900987278118,8.358186274220708,8.358186274220708,14400
2010-04-06,8.38161563873291,8.49290169097581,8.375758331092863,8.487044383335762,9500
2010-04-07,8.551477432250977,8.580762866236013,8.492905447113207,8.492905447113207,11200
2010-04-08,8.492904663085938,8.498761972775762,8.387475323004262,8.399189942383913,7100
2010-04-09,8.43432903289795,8.610044337454898,8.43432903289795,8.551472941658284,43500
2010-04-12,8.522189140319824,8.633475211754996,8.451903112268605,8.451903112268605,25900
2010-04-13,8.580766677856445,8.80333953823058,8.522195225284786,8.610052683434322,8300
2010-04-14,8.586617469787598,8.656903494647006,8.522188753312392,8.522188753312392,15800
2010-04-15,8.522189140319824,8.645189829055381,8.522189140319824,8.639332520405189,29400
2010-04-16,8.43432903289795,8.59247297457427,8.43432903289795,8.551472941658284,11600
2010-04-19,8.510473251342773,8.774045956796442,8.434329926019071,8.774045956796442,47200
2010-04-20,8.621760368347168,8.715475063886217,8.510473748456814,8.510473748456814,5900
2010-04-21,8.580766677856445,8.610052683434322,8.522195225284786,8.580766677856445,7700
2010-04-22,8.492904663085938,8.610048063963466,8.487047353396111,8.498761972775762,41000
2010-04-23,8.463618278503418,8.545618934585328,8.405046860088142,8.49290426700294,13400
2010-04-26,8.32304573059082,8.49290378392599,8.217616401422875,8.463617797092256,15800
2010-04-27,8.428475379943848,8.487046797252615,8.217616713597751,8.217616713597751,10000
2010-04-28,8.198447227478027,8.28692001949677,7.997910136386188,7.997910136386188,24500
2010-04-29,8.457963943481445,8.457963943481445,7.992009193020806,8.39898210165401,1017700
2010-04-30,8.34000301361084,8.469762199736687,8.316410383179532,8.469762199736687,5700
2010-05-03,8.257425308227539,8.463861165930211,8.257425308227539,8.263323604160178,18500
2010-05-04,8.257425308227539,8.434370248759478,8.257425308227539,8.257425308227539,23100
2010-05-05,8.257425308227539,8.310508846636367,8.257425308227539,8.257425308227539,12100
2010-05-06,8.021499633789062,8.263324158320025,7.9743143881485095,8.25742586199183,36700
2010-05-07,8.068686485290527,8.086380815304203,8.045093857774756,8.080482517802109,9500
2010-05-10,7.815065383911133,8.13946443687389,7.714796575495505,8.13946443687389,25400
2010-05-11,7.956623077392578,8.021503241195425,7.703002408640202,7.726595042070487,18200
2010-05-12,7.915335655212402,8.003807884874924,7.826863425549881,7.868150391060029,19900
2010-05-13,7.726593017578125,7.9330283653805305,7.726593017578124,7.915334035567205,16300
2010-05-14,7.667613506317139,7.838660246650655,7.667613506317139,7.7442897088794425,17400
2010-05-17,7.773778438568115,7.897639874899368,7.608629481798036,7.638120407113594,13800
2010-05-18,8.104079246520996,8.104079246520996,7.66761513535304,7.773782294147963,18400
2010-05-19,7.791473865509033,7.9625205814251245,7.761982936042253,7.820964794975813,6700
2010-05-20,7.419888496398926,7.720694923616006,7.372703240658124,7.720694923616006,26000
2010-05-21,7.402195930480957,7.63812226541955,7.3727049979904455,7.3727049979904455,31600
2010-05-25,7.313721656799316,7.360906914263108,7.231147737484001,7.360906914263108,15600
2010-05-26,7.19575834274292,7.296027153102251,7.195758342742919,7.29012885543579,19700
2010-05-27,7.201705455780029,7.284962372782717,7.112502061745352,7.255227719057375,93400
2010-05-28,7.255227088928223,7.255227088928223,7.13628905149818,7.166023702641015,22200
2010-05-31,7.225493431091309,7.255228086321838,7.20170582033516,7.249281041847458,38200
2010-06-01,7.255227088928223,7.374165126358267,7.255227088928223,7.279014696414231,16200
2010-06-02,7.195761203765869,7.255229962463677,7.142238923938777,7.225495299544011,14400
2010-06-03,7.207650184631348,7.219544269157273,7.195756667246589,7.207650184631348,22900
2010-06-04,7.1125006675720215,7.195757568254915,7.082766019675186,7.136288272461243,15700
2010-06-07,7.041140079498291,7.088715304321273,6.963830197375591,7.088715304321273,5300
2010-06-08,7.017351150512695,7.041138758461227,6.910306631173646,6.975722411246782,7200
2010-06-09,6.922200679779053,6.945988287593772,6.898413071964333,6.9281471563767525,12200
2010-06-10,6.9400434494018555,6.945990495030834,6.880574127395041,6.880574127395041,15200
2010-06-11,6.928147315979004,6.9340943598550115,6.86867857864289,6.898413230881607,11400
2010-06-14,7.005458354949951,7.023299489557685,6.904360860738449,6.904360860738449,2500
2010-06-15,7.255227088928223,7.314696391213894,7.07087327269698,7.0768197492125084,11600
2010-06-16,7.243335723876953,7.255229247588007,7.142238220196392,7.1481852656226526,4200
2010-06-17,7.166025161743164,7.225493908996199,7.142237549413668,7.142237549413668,3100
2010-06-18,7.201705455780029,7.201705455780029,7.201705455780029,7.201705455780029,200
2010-06-21,7.279016017913818,7.314697719191465,7.255228406109188,7.255228406109188,7700
2010-06-22,7.374165058135986,7.55257239620116,7.314696323541791,7.326589843604113,10100
2010-06-23,7.522837162017822,7.867757724199653,7.397952091769832,7.5763594160014245,26000
2010-06-24,7.7190842628479,7.7190842628479,7.433633026844831,7.451473587309725,3600
2010-06-25,7.570416450500488,7.695301588015135,7.5050006421419795,7.695301588015135,1200
2010-06-28,7.5044779777526855,7.5044779777526855,7.498483848785248,7.498483848785248,2500
2010-06-29,7.348637580871582,7.528457534765982,7.342643449027665,7.528457534765982,7400
2010-06-30,7.46251916885376,7.71426685305301,7.4265555406147605,7.4265555406147605,4500
2010-07-02,7.702284812927246,7.864122401885159,7.606380400189538,7.606380400189538,7300
2010-07-05,7.582400321960449,7.582400321960449,7.570412634148662,7.582400321960449,25300
2010-07-06,7.582400321960449,7.582400321960449,7.552430816615143,7.582400321960449,24100
2010-07-07,7.552435874938965,7.564423570779638,7.504483948312156,7.558429437043274,3400
2010-07-08,7.7622246742248535,7.852134956839783,7.582404680626996,7.582404680626996,27900
2010-07-09,7.7622246742248535,7.786200635262435,7.660326696907134,7.660326696907134,6100
2010-07-12,7.792194366455078,7.792194366455078,7.684302261535777,7.762224273796164,9800
2010-07-13,7.79818868637085,7.822164646746705,7.732254366613257,7.816170513744745,3800
2010-07-14,7.8461384773254395,7.852132608700322,7.7921924382151655,7.81017426070798,10100
2010-07-15,7.8221611976623535,7.834148886748466,7.79219111749947,7.822161197662353,15200
2010-07-16,7.792194366455078,7.846140418914729,7.714272354194691,7.846140418914729,4800
2010-07-19,7.8221611976623535,7.822161197662353,7.79219111749947,7.8101729369445065,5400
2010-07-20,7.7622246742248535,7.816170729467411,7.7622246742248535,7.8041830347646215,2400
2010-07-21,7.8461384773254395,7.84613847732544,7.738246399104891,7.7921924382151655,6000
2010-07-22,7.8521318435668945,7.8521318435668945,7.774209858181857,7.774209858181857,14400
2010-07-23,7.942041397094727,7.942041397094727,7.792191559413694,7.798185690112559,5600
2010-07-26,7.942041397094727,7.942041397094727,7.912071315232167,7.942041397094727,4000
2010-07-27,7.972012042999268,8.067915854439507,7.8880959221731555,7.912071875033216,58800
2010-07-28,8.12299633026123,8.15319345826207,7.97201126621934,7.97201126621934,21500
2010-07-29,8.183392524719238,8.189432066942496,8.12903779663481,8.12903779663481,8700
2010-07-30,8.273980140686035,8.304177264111614,8.147152683068388,8.165271302701068,11900
2010-08-03,8.243782043457031,8.243782043457031,8.147151720679496,8.243782043457031,12600
2010-08-04,8.147153854370117,8.183390522882936,8.092799139582041,8.183390522882936,3800
2010-08-05,7.972012042999268,8.153194252696098,7.972012042999268,8.153194252696098,3700
2010-08-06,8.020323753356934,8.062599948778029,8.00220571301196,8.032402830894995,2600
2010-08-09,8.092799186706543,8.092799186706543,7.8512233150887365,7.905578030193321,29300
2010-08-10,8.086763381958008,8.092802349136571,7.947856769525402,7.947856769525402,3200
2010-08-11,8.020323753356934,8.092796490698946,7.947851016014921,7.947851016014921,11600
2010-08-12,7.851224899291992,8.002209993509146,7.79083063122016,8.002209993509146,24300
2010-08-13,7.839146137237549,7.8512252217329594,7.802910035676214,7.8512252217329594,10500
2010-08-16,7.881420612335205,7.941814293555841,7.881420612335205,7.941814293555841,14500
2010-08-17,8.092799186706543,8.092799186706543,7.9418141229548365,7.9418141229548365,30600
2010-08-18,8.062602043151855,8.09279859291675,7.972010665970372,8.09279859291675,20000
2010-08-19,8.080721855163574,8.080721855163574,7.990130458173043,8.080721855163574,6000
2010-08-20,8.008247375488281,8.092798636828388,7.947853123706259,8.074680591678689,8100
2010-08-23,8.086763381958008,8.092802349136571,8.002211505870225,8.080723838816908,13600
2010-08-24,8.044483184814453,8.044483184814453,8.008247095780689,8.008247095780689,800
2010-08-25,7.941812515258789,8.062601002578258,7.875379308002837,8.002206758918524,31900
2010-08-26,7.935777187347412,8.014289509689704,7.863304407330478,8.014289509689704,27100
2010-08-27,7.990546226501465,8.00271735830194,7.911431838471251,7.972289238611164,29000
2010-08-30,8.087918281555176,8.087918281555176,8.033146732905987,8.063575435531007,5500
2010-08-31,8.22180461883545,8.22180461883545,8.087918669097593,8.087918669097593,24600
2010-09-01,8.246147155761719,8.264404145372918,8.185289749885404,8.22180430948704,9200
2010-09-02,8.27657413482666,8.52000254687134,8.27657413482666,8.27657413482666,857300
2010-09-03,8.367863655090332,8.367863655090332,8.276578101913831,8.282663379847376,7900
2010-09-07,8.215720176696777,8.367863142931903,8.215720176696777,8.367863142931903,2000
2010-09-08,8.294832229614258,8.300918085823803,8.258317672736178,8.258317672736178,3500
2010-09-09,8.307002067565918,8.337430763494183,8.221802415421696,8.307002067565918,9900
2010-09-10,8.307002067565918,8.307002067565918,8.276573952016754,8.276573952016754,3400
2010-09-13,8.398286819458008,8.398286819458008,8.221801107602094,8.367858128369953,74600
2010-09-14,8.398286819458008,8.398286819458008,8.367858128369953,8.398286819458008,43600
2010-09-15,8.319173812866211,8.380031204977149,8.319173812866211,8.380031204977149,94600
2010-09-16,8.27657413482666,8.337430947648272,8.27657413482666,8.337430947648272,54900
2010-09-17,8.392202377319336,8.459145044674287,8.276574028182768,8.276574028182768,325200
2010-09-20,8.307002067565918,8.343516618755658,8.24614525608849,8.325259633350338,83700
2010-09-21,8.25831413269043,8.34960019556494,8.25831413269043,8.343514341964186,33000
2010-09-22,8.264400482177734,8.270486336143657,8.124429323235354,8.270486336143657,45000
2010-09-23,8.270488739013672,8.276574594747752,8.246145896456495,8.26440288327959,30300
2010-09-24,8.398286819458008,8.507829294844397,8.27048678119138,8.30700074619384,43200
2010-09-27,8.471319198608398,8.702576543959923,8.404376511945829,8.428719359857608,26100
2010-09-28,8.642953872680664,8.710380960123981,8.57552620065842,8.581656095311155,21800
2010-09-29,8.796194076538086,8.814583168276346,8.685858356951151,8.814583168276346,20500
2010-09-30,9.010734558105469,9.488855009832733,8.796193607066442,8.796193607066442,25100
2010-10-01,9.225276947021484,9.225276947021484,8.980086514410983,9.010735391559635,25400
2010-10-04,9.121070861816406,9.38465037955476,9.07203289357374,9.07203289357374,49100
2010-10-05,9.249795913696289,9.286574098539623,9.170109067097455,9.194628051852579,88700
2010-10-06,9.623713493347168,9.623713493347168,9.255928610581266,9.255928610581266,84300
2010-10-07,9.396909713745117,9.721786404144687,9.347871744800981,9.685008219725937,34000
2010-10-08,9.458209991455078,9.537896858401085,9.396912221626193,9.47046919467354,23800
2010-10-12,9.482728004455566,9.544025183383617,9.476598111189121,9.544025183383617,47000
2010-10-13,9.427560806274414,9.556285651152121,9.427560806274414,9.544025863745274,32700
2010-10-14,9.445947647094727,9.445947647094727,9.354001601815622,9.427558554954645,18000
2010-10-15,9.439817428588867,9.501115179708783,9.439817428588867,9.439817428588867,20800
2010-10-18,9.415301322937012,9.501118083819904,9.415301322937012,9.415301322937012,4500
2010-10-19,9.409172058105469,9.464339349742266,9.347874287959437,9.42143126138736,10000
2010-10-20,9.354000091552734,9.494984082828424,9.354000091552734,9.48885419157854,6400
2010-10-21,9.384652137756348,9.439819423930842,9.360133149041415,9.360133149041415,10900
2010-10-22,9.445947647094727,9.4704666314744,9.378520586195297,9.378520586195297,10000
2010-10-25,9.482728004455566,9.605322946890466,9.470468217922678,9.470468217922678,13000
2010-10-26,9.562414169311523,9.593062464262237,9.488856624609296,9.488856624609296,12400
2010-10-27,9.531569480895996,9.562416102121299,9.488384564190792,9.488384564190792,8800
2010-10-28,9.488384246826172,9.506891983602166,9.488384246826172,9.506891983602166,8000
2010-10-29,9.531569480895996,9.531569480895996,9.469876826795755,9.488384564190792,6200
2010-11-01,9.562411308288574,9.864706750378842,9.488379807471574,9.864706750378842,6900
2010-11-02,9.469874382019043,9.611767979333166,9.469874382019043,9.580921366071335,11600
2010-11-03,9.315642356872559,9.50072086873937,9.266288008594712,9.426689346322597,20800
2010-11-04,9.099713325500488,9.605595505154609,8.988665788171526,9.605595505154609,41700
2010-11-05,8.95165729522705,9.09972040122938,8.945487852055999,9.09972040122938,32000
2010-11-08,8.852944374084473,8.982499677697668,8.834436053318155,8.945483624515239,34900
2010-11-09,8.297709465026855,8.877624070171102,8.273032285340953,8.877624070171102,70000
2010-11-10,8.451937675476074,8.519800326271659,7.958393745067601,8.211335443310123,58900
2010-11-11,8.347063064575195,8.587665985873711,8.260693237711871,8.587665985873711,17900
2010-11-12,8.3285551071167,8.359401725183488,8.026259544432833,8.3285551071167,30400
2010-11-15,8.174322128295898,8.26686138874782,8.081782867843977,8.254523095251022,25700
2010-11-16,7.958397388458252,8.112629900547368,7.865858116544919,8.04476780703428,81000
2010-11-17,8.020088195800781,8.050934806531586,7.86585573049692,7.86585573049692,17800
2010-11-18,8.174322128295898,8.30387744593875,8.020089635309184,8.026259076232718,14400
2010-11-19,8.112632751464844,8.180495457176386,7.958400185175774,8.174326013320691,26300
2010-11-22,8.266860961914062,8.328554191263517,8.094120743425924,8.137305650960398,41000
2010-11-23,8.020088195800781,8.266859904946893,7.92754895195853,8.266859904946893,27500
2010-11-24,7.958397388458252,8.131138225610309,7.939889651745654,8.081783868809818,18400
2010-11-25,7.9892449378967285,7.9892449378967285,7.9275522788948765,7.9707371990312135,16500
2010-11-26,7.958154201507568,7.964371651687735,7.895980885563268,7.958154201507568,17600
2010-11-29,7.945721626281738,7.970590841351131,7.833810454933898,7.93328731521147,19900
2010-11-30,7.827592372894287,8.020328625936596,7.746767282192128,7.958155889731804,28000
2010-12-01,7.8959856033325195,7.8959856033325195,7.7343353596359465,7.7343353596359465,38300
2010-12-02,7.8959856033325195,7.8959856033325195,7.8338128431693255,7.8959856033325195,20600
2010-12-03,8.020329475402832,8.076285358963831,7.864896729035111,7.8959833968944295,37300
2010-12-06,8.082502365112305,8.200630984944487,7.920852175507138,8.200630984944487,45200
2010-12-07,8.026546478271484,8.082502358700332,7.920852169223404,8.082502358700332,68600
2010-12-08,8.082502365112305,8.14467569740009,7.964373745280122,8.076284913297759,90400
2010-12-09,7.902200222015381,8.026546290656968,7.895982770351095,8.020328838992683,24700
2010-12-10,7.88355016708374,7.933288605310915,7.8462460419488815,7.902201933186692,22800
2010-12-13,7.858679294586182,7.914634581122632,7.858679294586182,7.883548508467547,47800
2010-12-14,7.840027809143066,7.92707036384756,7.740550942583015,7.777855064007482,84500
2010-12-15,7.833810329437256,7.933287188121222,7.815157973737377,7.927069736221261,22300
2010-12-16,8.094937324523926,8.206848493312746,7.802723609443826,7.833810275801938,34900
2010-12-17,8.01974868774414,8.138791567646116,7.969625306994063,8.138791567646116,123100
2010-12-20,7.957097053527832,7.9884243272559745,7.863115829861451,7.957097053527831,6900
2010-12-21,7.825522422790527,7.925769213544026,7.744071755923809,7.925769213544026,44500
2010-12-22,7.800462245941162,7.988425314009722,7.775400543366563,7.800462245941163,107500
2010-12-23,7.8380537033081055,7.89444267344267,7.800460857379058,7.806726431286902,41600
2010-12-24,7.963361740112305,8.007219559932107,7.83178768313492,7.83178768313492,126100
2010-12-29,8.13879108428955,8.257834554639457,7.89443976702422,7.906970312708645,25100
2010-12-30,8.176384925842285,8.176384925842285,7.925767408516584,8.051076465938369,9800
2010-12-31,8.176384925842285,8.176384925842285,8.082403132775946,8.08866870515061,5900
2011-01-04,8.113733291625977,8.176387842688264,8.051079338081772,8.176387842688264,3600
2011-01-05,8.082406997680664,8.138795980981392,8.082406997680664,8.11373427701642,43300
2011-01-06,7.963361740112305,8.107466346673357,7.963361740112306,8.076139673955202,27700
2011-01-07,7.957097053527832,7.9884243272559745,7.957097053527831,7.9884243272559745,25300
2011-01-10,7.950829029083252,7.9570946014016375,7.932032909645958,7.938298481964344,8000
2011-01-11,7.913240432739258,7.98842554261463,7.913240432739258,7.98842554261463,23700
2011-01-12,7.92576789855957,7.92576789855957,7.900706205029245,7.92576789855957,24600
2011-01-13,7.92576789855957,7.92576789855957,7.919502923315418,7.92576789855957,14100
2011-01-14,7.894441604614258,7.950829969596386,7.894441604614258,7.9445649940547725,19800
2011-01-17,7.982158184051514,7.988423757854153,7.80672630020368,7.925769214863781,25700
2011-01-18,7.863118648529053,7.957099905884601,7.863118648529052,7.957099905884601,21000
2011-01-19,7.863118648529053,7.894445933486989,7.844322516561595,7.863118648529052,20900
2011-01-20,7.957097053527832,7.9884243272559745,7.806726856654404,7.869381404110689,40000
2011-01-21,7.881913185119629,8.013487277296463,7.831789778339707,8.013487277296463,21300
2011-01-24,7.957097053527832,7.9884243272559745,7.925769779799689,7.932035354048927,23100
2011-01-25,7.975893497467041,8.019751921446202,7.869381718564116,8.019751921446202,18100
2011-01-26,7.988425254821777,7.988425254821777,7.900708997701526,7.98215967984502,13700
2011-01-27,8.051077842712402,8.176386324044687,7.988423303287275,8.01975057299984,42400
2011-01-28,7.957097053527832,8.019751600984117,7.906973654570022,8.019751600984117,12600
2011-01-31,7.825522422790527,7.925769213544026,7.819256848988933,7.925769213544026,17700
2011-02-01,7.831789493560791,7.863116771038658,7.769134938605057,7.863116771038658,26000
2011-02-02,7.769134998321533,7.831789553758854,7.756604445744944,7.831789553758854,33300
2011-02-03,7.737810134887695,7.8004641075174685,7.725278981850782,7.76913682244345,21900
2011-02-04,7.719010829925537,7.73780755320948,7.693949129731678,7.73780755320948,18800
2011-02-07,7.643826961517334,7.719012074218639,7.562376273378045,7.681419816627066,51600
2011-02-08,7.643826961517334,7.643826961517333,7.581172999691993,7.606234703925761,18000
2011-02-09,7.643826961517334,7.643826961517333,7.581172999691993,7.593703553049797,27000
2011-02-10,7.5498456954956055,7.6751542162574005,7.537314544660346,7.6688886408397705,60700
2011-02-11,7.675152778625488,7.675152778625488,7.462128034472995,7.581171555037293,93600
2011-02-14,7.643826961517334,7.675154241189085,7.618765257283565,7.675154241189085,12200
2011-02-15,7.612496376037598,7.675150908172698,7.612496376037598,7.643823642105148,19400
2011-02-16,7.612496376037598,7.643823642105148,7.593700255404228,7.612496376037598,17400
2011-02-17,7.324290752410889,7.474661595205379,7.167654930868568,7.474661595205379,77600
2011-02-18,6.98595666885376,7.261636020455764,6.90450657601308,7.261636020455764,108600
2011-02-22,6.8982415199279785,7.023550053948832,6.89197594384738,6.923303226732149,60700
2011-02-23,6.973423480987549,7.0172812986452335,6.660151989105905,6.97968905422949,45600
2011-02-24,6.891970157623291,7.042340272203545,6.82931564445599,7.042340272203545,62900
2011-02-25,6.923300266265869,6.985954207725788,6.860645727287983,6.9546275357548115,27500
2011-02-28,6.948362827301025,7.004751799896954,6.9170355539123936,6.923301128093728,806300
2011-03-01,7.2052459716796875,7.418270730793112,6.967159511348101,6.967159511348101,65600
2011-03-02,7.56237268447876,7.643823333963754,7.299224616148126,7.368144718221978,233900
2011-03-03,7.512251377105713,7.581171498237537,7.393208454951358,7.581171498237537,37500
2011-03-04,7.518517017364502,7.54984429110713,7.493455317874009,7.54984429110713,65500
2011-03-07,7.4746575355529785,7.518515350558839,7.4746575355529785,7.518515350558839,41000
2011-03-08,7.462128162384033,7.505985987807901,7.462128162384033,7.462128162384033,59700
2011-03-09,7.330552101135254,7.462126139252564,7.324286528482549,7.462126139252564,38900
2011-03-10,7.173918724060059,7.261634977428486,7.142591448034328,7.211511574794553,144900
2011-03-11,7.3117594718933105,7.3117594718933105,7.048611270011429,7.054876845655802,384800
2011-03-14,7.2678985595703125,7.468392115138732,7.161386208795109,7.455860969156742,16100
2011-03-15,7.186450481414795,7.205246609613053,7.130061499301877,7.148857627500136,75100
2011-03-16,7.217777729034424,7.311758967139482,7.14259202152861,7.311758967139482,12000
2011-03-17,7.361881732940674,7.361881732940674,7.205245951388744,7.205245951388744,10300
2011-03-18,7.462128162384033,7.524782710862179,7.330554088594373,7.361881362833445,18400
2011-03-21,7.505990505218506,7.574910669527038,7.374416949760581,7.487194368370004,24400
2011-03-22,7.737810134887695,7.863118677665506,7.5122541603693715,7.5122541603693715,443800
2011-03-23,7.399474143981934,7.831788612483055,7.393208569687615,7.831788612483055,125700
2011-03-24,7.437065601348877,7.518516265931965,7.205244754851467,7.393207781003364,51200
2011-03-25,7.455862045288086,7.518516589205336,7.343084702762256,7.437065921120117,51400
2011-03-28,7.3117594718933105,7.512253112367818,7.048611270011429,7.512253112367818,136000
2011-03-29,7.363203525543213,7.5625569072606975,7.331049675165079,7.5625569072606975,46100
2011-03-30,7.298895359039307,7.36320243700506,7.279602683694344,7.331048591380386,63800
2011-03-31,7.266742706298828,7.331049794821018,7.2152967901675975,7.331049794821018,29300
2011-04-01,7.015942096710205,7.2667413510382035,6.958065298535775,7.2667413510382035,104700
2011-04-04,7.093112468719482,7.157420172241843,7.080251295985239,7.157420172241843,39000
2011-04-05,7.009513854980469,7.1316983891584735,7.009513854980468,7.093113638027574,73700
2011-04-06,7.138126373291016,7.234587291869179,7.009510997475379,7.009510997475379,39300
2011-04-07,7.009513854980469,7.138129283227593,6.977360611202501,7.138129283227593,39300
2011-04-08,7.073819637298584,7.105973485579398,7.035234896704878,7.073819637298584,42600
2011-04-11,6.906619548797607,7.0673881636948535,6.868035424661082,7.0673881636948535,17200
2011-04-12,5.794103145599365,6.687976578601786,5.75551839407805,6.687976578601786,224300
2011-04-13,5.948440074920654,5.980593927712107,5.768379357885744,5.819825277038575,346000
2011-04-14,5.659056186676025,5.916285762454337,5.659056186676025,5.896993697591885,226800
2011-04-15,5.659056186676025,5.7233632739787605,5.633333229098194,5.684779144253857,122600
2011-04-18,5.549733638763428,5.749086412960997,5.466133870676681,5.749086412960997,232300
2011-04-19,5.466133117675781,5.530440811432474,5.337518343446016,5.472564009708174,491200
2011-04-20,5.4597039222717285,5.498288673172858,5.421119784654409,5.466134816302552,184300
2011-04-21,5.569025993347168,5.594748953072044,5.459703261195516,5.459703261195516,42100
2011-04-25,5.581885814666748,5.652623775684884,5.536870191033826,5.652623775684884,37100
2011-04-26,5.4789958000183105,5.601179702247652,5.466134013844843,5.601179702247652,47600
2011-04-27,5.691209316253662,5.72336254919141,5.408256205446063,5.408256205446063,87000
2011-04-28,5.575456619262695,5.742656156099228,5.530441595223516,5.620471643301875,63000
2011-04-29,5.691209316253662,5.710501378673032,5.530440698430492,5.569024823269233,35000
2011-05-02,5.819826602935791,5.8391186736923695,5.697642057148424,5.697642057148424,43200
2011-05-03,5.787670612335205,5.832685631958157,5.742655592712254,5.832685631958157,64000
2011-05-04,5.787670612335205,5.806962675990235,5.665486724808488,5.742655592712254,73100
2011-05-05,5.787670612335205,5.806962675990235,5.768378548680175,5.787670612335205,78500
2011-05-06,5.871270656585693,5.871270656585693,5.78767089232474,5.806962956913059,26100
2011-05-09,5.948440074920654,6.077054872802733,5.858409409761333,5.86484030297637,39000
2011-05-10,5.96773099899292,6.006315737613868,5.884131243050545,5.890562135034639,26000
2011-05-11,6.089918613433838,6.089918613433838,5.948441983723086,5.948441983723086,34800
2011-05-12,6.032040119171143,6.134931962121683,6.012748051938856,6.134931962121683,29000
2011-05-13,5.999884605407715,6.077053466276326,5.9805925435114595,6.038469342483816,24000
2011-05-16,6.077054500579834,6.1156392442229865,5.980593561397493,5.980593561397493,15000
2011-05-17,6.115641117095947,6.154225259271533,6.10277932751483,6.122072011886506,83400
2011-05-18,6.205668926239014,6.327853429532264,6.115638885163628,6.115638885163628,42800
2011-05-19,6.334284782409668,6.456468681300704,6.231392335684313,6.263546186955755,20300
2011-05-20,6.302131652832031,6.372869643102861,6.257116010583528,6.257116010583528,49600
2011-05-24,6.302131652832031,6.3664387494553925,6.295700759184563,6.302131652832031,53000
2011-05-25,6.379298686981201,6.578651425977341,6.250683917744402,6.578651425977341,30200
2011-05-26,6.244253158569336,6.321422021750231,6.179945465943451,6.314991129830921,12000
2011-05-27,6.507912635803223,6.5915123785891065,6.2442522387850214,6.2442522387850214,42000
2011-05-30,6.585083484649658,6.585083484649658,6.43074573421655,6.43074573421655,15400
2011-05-31,6.334284782409668,6.559360514742356,6.334284782409668,6.514345490932559,26500
2011-06-01,6.2764058113098145,6.327851710313707,6.257113139220736,6.327851710313707,13400
2011-06-02,6.36000919342041,6.417885402987709,6.269978511953763,6.417885402987709,11000
2011-06-03,6.2764058113098145,6.334282601010067,6.269974920613455,6.269974920613455,8800
2011-06-06,6.224961280822754,6.276407191136691,6.1670844783986665,6.237822451759425,32100
2011-06-07,6.205668926239014,6.237822775173219,6.154223013257749,6.167084798144894,82000
2011-06-08,5.819826602935791,6.205671084486728,5.787672742818912,6.205671084486728,15200
2011-06-09,5.2732110023498535,5.787670746958447,5.14459621951862,5.787670746958447,85300
2011-06-10,5.163887977600098,5.208903608886058,5.125303545037318,5.18961093264195,61100
2011-06-13,4.951674461364746,5.144596970411944,4.823059659761197,4.98382831508657,224100
2011-06-14,4.958105087280273,5.073858402478673,4.816628506507037,4.816628506507037,32300
2011-06-15,4.85521125793457,4.996687473973948,4.82305741915021,4.958103051417754,18300
2011-06-16,5.144594669342041,5.144594669342041,4.887364874546591,4.887364874546591,44400
2011-06-17,5.080289363861084,5.144596762058442,4.983828113244115,5.144596762058442,15700
2011-06-20,5.035274028778076,5.112442906568562,5.015981962651386,5.073858467673319,32600
2011-06-21,5.112442970275879,5.112442970275879,5.022412611731756,5.048135571315791,47800
2011-06-22,5.170319557189941,5.208904301525229,5.048135351173137,5.1124427473288625,50500
2011-06-23,5.060996055603027,5.183180549556138,5.022411623816585,5.170318765652184,66400
2011-06-24,5.015980243682861,5.138164104991317,4.990257293234581,5.138164104991317,32500
2011-06-27,4.92595100402832,5.060996685407224,4.8230591731270005,5.060996685407224,398100
2011-06-28,4.775091171264648,5.017781162471203,4.709499011248521,5.017781162471203,77200
2011-06-29,4.788208961486816,4.827564065075762,4.657024970090436,4.781649621172045,112000
2011-06-30,4.689821720123291,4.72261748811067,4.6373482411302,4.72261748811067,39900
2011-07-04,4.689821720123291,4.689821720123291,4.670144009117579,4.689821720123291,48700
2011-07-05,4.584873199462891,4.689820441605431,4.545518100946883,4.689820441605431,92200
2011-07-06,4.512722492218018,4.683261258134662,4.394656879970733,4.584873352184101,106300
2011-07-07,4.558637619018555,4.558637619018555,4.3618620767162755,4.525841851684808,67100
2011-07-08,4.460249423980713,4.558637025948512,4.453690083707361,4.558637025948512,43700
2011-07-11,4.329064846038818,4.427452747423761,4.296269087421516,4.427452747423761,65200
2011-07-12,4.2503557205200195,4.361862015988846,4.178204532963733,4.296270169467947,36900
2011-07-13,4.263473033905029,4.381538328401837,4.217558596328567,4.237236301794628,24300
2011-07-14,4.263473033905029,4.2962691054262905,4.243795328438969,4.270032373315889,24600
2011-07-15,4.217558860778809,4.250354934356456,4.19788146684545,4.19788146684545,7200
2011-07-18,4.138848304748535,4.210999472774958,4.066697136722112,4.210999472774958,33600
2011-07-19,4.165085315704346,4.197881388671255,4.132289555503968,4.197881388671255,32800
2011-07-20,4.197880268096924,4.2634720837552535,4.165084203884534,4.197880268096924,77900
2011-07-21,4.361861228942871,4.591432806725856,4.256913980679319,4.256913980679319,95300
2011-07-22,4.434013843536377,4.591434297908096,4.394658417176807,4.394658417176807,39400
2011-07-25,4.361861228942871,4.55863673299977,4.329065155216785,4.493044898314137,302100
2011-07-26,4.42745304107666,4.434012380895082,4.361861206725128,4.4208937012582386,47400
2011-07-27,4.283151626586914,4.4274536830849796,4.263473917044795,4.388098576767326,36300
2011-07-28,4.296270370483398,4.3749805899912,4.270033630647465,4.3749805899912,33600
2011-07-29,4.204441070556641,4.381539204079258,4.099494121140744,4.381539204079258,58600
2011-08-02,3.8633625507354736,4.210999733905268,3.8633625507354736,4.210999733905268,51800
2011-08-03,3.6075541973114014,3.8961585706282964,3.443574461069974,3.86992183785099,111900
2011-08-04,3.2467992305755615,3.633791577095715,3.2467992305755615,3.633791577095715,85500
2011-08-05,3.1024961471557617,3.568198551796112,2.9385164360222995,3.397659502089402,163600
2011-08-08,2.459695339202881,3.0172262202022466,2.3941035260440913,2.951634407043457,172100
2011-08-09,2.6564717292785645,2.7614186555309383,2.466255112679625,2.7614186555309383,140600
2011-08-10,2.5515246391296387,2.7548593081448685,2.5056102026461704,2.7548593081448685,181000
2011-08-11,2.426900625228882,2.65647239686515,2.38754551799408,2.5974395796296523,147200
2011-08-12,2.5580837726593018,2.617116417363777,2.4268999613772153,2.459695875101924,177200
2011-08-15,2.859806537628174,2.951635097532335,2.6236756422509644,2.7220635413886773,289400
2011-08-16,2.820451498031616,3.089378156760111,2.689267525584497,2.89260235447269,148200
2011-08-17,2.8270106315612793,3.0697005675331615,2.7548594596246425,2.9319575632752763,392900
2011-08-18,2.787655830383301,2.9122804815088945,2.689267914992931,2.8204519064356113,283400
2011-08-19,2.643353223800659,2.8926021604776992,2.617116337240881,2.728622440491136,319600
2011-08-22,2.6958272457122803,2.7614190848168185,2.630235406607742,2.702386273239454,206100
2011-08-23,2.8007729053497314,2.8007729053497314,2.728621759001214,2.7745361817259826,31700
2011-08-24,2.820451498031616,2.827010524632388,2.7942147660954952,2.8073331320635555,534200
2011-08-25,2.754859447479248,2.8663657183170344,2.7220636878464752,2.8663657183170344,119200
2011-08-26,2.7351813316345215,2.800773146337633,2.722062968693899,2.800773146337633,10000
2011-08-29,2.794214963912964,2.813892357874865,2.7220637895974056,2.748300523390965,47500
2011-08-30,2.754859447479248,2.7942148594650176,2.7220636878464752,2.7679778138856626,18200
2011-08-31,2.9188389778137207,2.9450757087737065,2.7548592529305567,2.7548592529305567,40300
2011-09-01,3.161529302597046,3.181206695020419,2.9188390648321705,2.9188390648321705,42200
2011-09-02,2.99099063873291,3.0893785524791455,2.9909906387329097,3.08281921227167,26500
2011-09-06,2.8270106315612793,2.8598067041051674,2.7876555321685306,2.8598067041051674,30100
2011-09-07,3.0237863063812256,3.0828187964532705,2.9844312087443576,3.0237863063812256,33900
2011-09-08,3.0828187465667725,3.2795945443333787,2.9909901869000604,2.9909901869000604,42600
2011-09-09,3.050023078918457,3.082818837671075,3.0172270073993213,3.0237863468097554,51100
2011-09-12,3.030346393585205,3.050024105674267,2.9975506237922653,3.004109652644204,14400
2011-09-13,2.9975502490997314,3.1156155685761195,2.9975502490997314,3.030346014793214,38900
2011-09-14,2.9713125228881836,3.0303450066030884,2.918838752256686,2.997549251820692,12200
2011-09-15,2.9975502490997314,3.10249719974541,2.9975502490997314,3.030346014793214,20200
2011-09-16,2.9188389778137207,3.109055433656871,2.8860432204969904,3.109055433656871,46300
2011-09-19,2.8663651943206787,2.9122796247328377,2.7548589438672,2.905720286345471,171700
2011-09-20,2.9122798442840576,2.9122798442840576,2.8270103154187995,2.9122798442840576,11500
2011-09-21,2.794214963912964,2.9057209261523247,2.7876556240813053,2.9057209261523247,111100
2011-09-22,2.6499133110046387,2.702386792368434,2.6236765703227407,2.669591022899372,210700
2011-09-23,2.6499133110046387,2.6958277635812697,2.5646439037884705,2.6499133110046387,31200
2011-09-26,2.8794848918914795,2.8860442333166434,2.695827710719481,2.7548602197128877,46000
2011-09-27,3.1812071800231934,3.2140032560842147,2.879484406221416,2.879484406221416,58500
2011-09-28,3.133826971054077,3.269197334118623,3.0729101463008295,3.147364007360532,12700
2011-09-29,2.9984567165374756,3.1473644600756874,2.9916883587848933,3.113521703067425,33600
2011-09-30,2.93753981590271,3.0458361075586375,2.876622990472047,2.978150925273683,16000
2011-10-03,2.910465955734253,2.910465955734253,2.775095258520781,2.775095258520781,35200
2011-10-04,2.822474479675293,2.836011514381836,2.6803354538824102,2.768326340849122,87000
2011-10-05,2.714179277420044,2.984920078822323,2.687105035905569,2.984920078822323,277000
2011-10-06,2.673567771911621,2.7547901669037955,2.6464936940389743,2.714179050094825,120000
2011-10-07,2.6126513481140137,2.741253561076268,2.585577265963753,2.741253561076268,28000
2011-10-11,2.551734447479248,2.6735679682263855,2.551734447479248,2.619419647130855,23000
2011-10-12,2.5246596336364746,2.6735671909530776,2.5111225976417106,2.6735671909530776,58000
2011-10-13,2.443437337875366,2.538196754376748,2.3689836374182978,2.524659717930008,50000
2011-10-14,2.4772796630859375,2.531427799533441,2.4434369164320717,2.5246592824775034,27000
2011-10-17,2.4163637161254883,2.4908175918575606,2.409595196638412,2.409595196638412,16000
2011-10-18,2.3419110774993896,2.40282778086451,2.2742256901638367,2.3757536904800123,68200
2011-10-19,2.1523919105529785,2.3012995432452503,2.145623389129433,2.3012995432452503,43000
2011-10-20,2.1862337589263916,2.1862337589263916,2.138854125404935,2.179465239851898,27100
2011-10-21,2.2065398693084717,2.2336139523936622,2.1726972654519834,2.1862343069945784,35600
2011-10-24,2.233613967895508,2.260688051168599,2.2268454470772348,2.233613967895508,89400
2011-10-25,2.226844072341919,2.2336125889816687,2.1997700057829186,2.2336125889816687,66000
2011-10-26,2.233613967895508,2.233613967895508,2.1997713638041434,2.213308405440689,47300
2011-10-27,2.1794655323028564,2.26745629207829,2.132085892423777,2.26745629207829,65600
2011-10-28,2.0982425212860107,2.1794648988458465,1.976409197007555,2.1794648988458465,64600
2011-10-31,2.0508623123168945,2.1050104410516024,1.9696401192148327,2.1050104410516024,76300
2011-11-01,2.023789644241333,2.0711692895732767,1.9290301922031816,2.0711692895732767,19600
2011-11-02,2.023789644241333,2.0373266857647456,1.996715561194508,2.0373266857647456,8600
2011-11-03,2.030557155609131,2.057631225197383,1.9899460512267524,2.037325673006194,52700
2011-11-04,2.0170211791992188,2.0373267420452725,1.9967156163531652,2.0373267420452725,22300
2011-11-07,1.9019556045532227,2.0170205883488865,1.8951870855872555,2.0170205883488865,30100
2011-11-08,1.9561039209365845,1.962872439913906,1.8545759749025397,1.962872439913906,31100
2011-11-09,1.9087244272232056,1.96964126898383,1.86134478692269,1.96964126898383,30800
2011-11-10,1.9628726243972778,2.010252261691571,1.7327426347908084,1.861344668820984,207900
2011-11-11,2.1253178119659424,2.193003025790793,1.9628731374120214,1.9831787015594766,242900
2011-11-14,2.233613967895508,2.3351419415438666,2.138854676439687,2.2674565719868722,244000
2011-11-15,2.1523919105529785,2.267456774753245,2.132086346282343,2.2336141676355195,36600
2011-11-16,1.9967143535614014,2.098242103581981,1.983177320225324,2.084705070245904,123000
2011-11-17,2.362215042114258,2.436668740141852,2.0170203012379258,2.04409437324796,256600
2011-11-18,2.5246596336364746,2.788631996908572,2.443437256293692,2.443437256293692,215000
2011-11-21,2.504354476928711,2.572039667639937,2.3080672624919325,2.572039667639937,83800
2011-11-22,2.456974744796753,2.484048819994367,2.416363470626114,2.484048819994367,20400
2011-11-23,2.5652716159820557,2.5720401362864576,2.423132528215366,2.429901048519768,55600
2011-11-24,2.5178909301757812,2.572039070166383,2.4975853776793056,2.572039070166383,3300
2011-11-25,2.4975860118865967,2.551734165626937,2.4705119350164266,2.551734165626937,14700
2011-11-28,2.443437337875366,2.572039345493597,2.436668819651996,2.572039345493597,29800
2011-11-29,2.443437337875366,2.470511572143049,2.3351410463014486,2.4163632649818867,28500
2011-11-30,2.456974744796753,2.5043543763925777,2.375752357829693,2.497585857593174,36000
2011-12-01,2.4908173084259033,2.4975858271427858,2.4231319598828653,2.43666899731663,5400
2011-12-02,2.456974744796753,2.484048819994367,2.4366690270243248,2.4434375458237283,16800
2011-12-05,2.4028260707855225,2.4502056952385582,2.4028260707855225,2.443437177459553,11100
2011-12-06,2.4163637161254883,2.436669274586717,2.4028266771513356,2.4163637161254883,19800
2011-12-07,2.247150421142578,2.3960580015291773,2.247150421142578,2.3960580015291773,60800
2011-12-08,2.193002700805664,2.2539193842206737,2.165928619287882,2.2539193842206737,31700
2011-12-09,2.2065398693084717,2.2065398693084717,2.1253176200528996,2.159160223909388,65400
2011-12-12,2.2133073806762695,2.2133073806762695,2.1659277568851913,2.1659277568851913,16000
2011-12-13,2.260688066482544,2.260688066482544,2.165928774384822,2.226845462161929,14000
2011-12-14,2.1523919105529785,2.2268456462119746,2.132086346282343,2.2133086033648843,28400
2011-12-15,2.105011224746704,2.1659280536267222,2.105011224746704,2.1456224977914538,48000
2011-12-16,2.071169137954712,2.0982432190195968,1.9290300509898146,2.0982432190195968,49800
2011-12-19,2.030557155609131,2.0982423295797616,1.9967145686238155,2.0034830860208785,32400
2011-12-20,2.2200770378112793,2.260688164761506,2.0779379321112126,2.098243495586326,55100
2011-12-21,2.260688066482544,2.260688066482544,2.172697295248945,2.172697295248945,26000
2011-12-22,2.301298141479492,2.3486777625844533,2.267455393601767,2.267455393601767,21900
2011-12-23,2.280992269515991,2.3283720486989523,2.1388534160896193,2.3283720486989523,54200
2011-12-28,2.451005220413208,2.5360110998096186,2.3164124091438887,2.5360110998096186,36200
2011-12-29,2.479340076446533,2.479340076446533,2.38016639907635,2.436837144241443,67900
2011-12-30,2.479340076446533,2.4864238984807145,2.4085018561047167,2.4085018561047167,36200
2012-01-03,2.5643463134765625,2.613933243812848,2.550178667349528,2.550178667349528,66400
2012-01-04,2.606848955154419,2.642268064145994,2.5855974897594742,2.5855974897594742,31800
2012-01-05,2.61393404006958,2.635185515733758,2.58559873918401,2.58559873918401,25500
2012-01-06,2.621016263961792,2.649351547535712,2.621016263961792,2.621016263961792,12700
2012-01-09,2.762693405151367,2.7981125167268166,2.621016789957925,2.621016789957925,27400
2012-01-10,2.91145396232605,3.0247951240260185,2.7839449865219317,2.833531744765668,87400
2012-01-11,3.2585606575012207,3.336482856375386,2.9397885477718932,2.9397885477718932,69000
2012-01-12,3.357734441757202,3.357734441757202,3.081465233484544,3.2585609404409346,90300
2012-01-13,3.400238275527954,3.463992510968077,3.1735556112316536,3.3506513477115822,81800
2012-01-16,3.6340038776397705,3.6340038776397705,3.456908176052451,3.485243461283763,57700
2012-01-17,4.207795143127441,4.314052662769803,3.697759183957443,3.697759183957443,97800
2012-01-18,3.8961055278778076,4.278632225410424,3.71900982206518,4.214877663227236,163900
2012-01-19,3.7260940074920654,3.8252675133594902,3.577333579799294,3.8252675133594902,36800
2012-01-20,3.6623401641845703,3.740262388766867,3.5773342852493397,3.697759111515915,206000
2012-01-23,3.6694257259368896,3.711928687497914,3.5773361447797596,3.64109041822954,17600
2012-01-24,3.7544302940368652,3.789849243809524,3.6906757115493756,3.6906757115493756,36000
2012-01-25,3.966945171356201,4.122789637757896,3.754430450513036,3.7898494017618765,40900
2012-01-26,4.037781715393066,4.108620263698711,3.9811111469751364,4.037781715393066,28600
2012-01-27,4.016530990600586,4.059033922940193,4.016530990600586,4.059033922940193,11400
2012-01-30,3.981112003326416,4.037782583934389,3.9598607044900787,4.0165312850980515,11100
2012-01-31,3.8890225887298584,4.030699394345798,3.7898490612470415,3.966944814929458,71600
2012-02-01,4.030701160430908,4.030701160430908,3.768599411206881,3.874856639747141,21400
2012-02-02,4.073202133178711,4.087369779261043,3.9456933184377228,4.037782849081217,19900
2012-02-03,4.073202133178711,4.073202133178711,3.9881962566847187,4.00236390276705,28900
2012-02-06,4.073202133178711,4.073202133178711,3.959860964520055,4.037782849081217,20400
2012-02-07,4.009448051452637,4.073202635578456,4.002364396429417,4.05195099494206,19500
2012-02-08,4.108620643615723,4.108620643615723,4.0377820887597595,4.066117375588839,9100
2012-02-09,4.151123523712158,4.21487774941578,4.10862059398199,4.10862059398199,19600
2012-02-10,4.193626880645752,4.193626880645752,4.101537021290928,4.136956301899182,35700
2012-02-13,4.044866561889648,4.207794649484939,3.910273764503686,4.207794649484939,48800
2012-02-14,4.030701160430908,4.051952471025563,3.9811142060708926,4.051952471025563,35200
2012-02-15,4.037781715393066,4.066116999602031,3.966943504870654,4.066116999602031,18400
2012-02-16,4.037781715393066,4.073200989545889,3.974027494814511,3.974027494814511,11300
2012-02-17,4.037781715393066,4.037781715393066,4.002362779023477,4.002362779023477,9300
2012-02-21,4.066117286682129,4.073201277126137,4.030698347811855,4.073201277126137,13400
2012-02-22,4.073202133178711,4.073202133178711,3.9740286106023865,4.037782849081217,13700
2012-02-23,4.080286502838135,4.087370157643396,4.00944792808537,4.066118517660895,26200
2012-02-24,4.108620643615723,4.108620643615723,4.0732013661877415,4.0732013661877415,18100
2012-02-27,4.144039154052734,4.2077937117065884,4.087368586264076,4.087368586264076,7000
2012-02-28,4.179460525512695,4.207795823628708,4.122789929280669,4.179460525512695,17200
2012-02-29,4.17237663269043,4.21487958088922,4.151125327482737,4.151125327482737,14100
2012-03-01,4.2432146072387695,4.2432146072387695,4.115705770829526,4.17237636478919,25700
2012-03-02,4.420309543609619,4.455728827006165,4.229046156391574,4.243213802193528,52600
2012-03-05,4.363637924194336,4.526565981118903,4.342386629429485,4.3778055666319835,138000
2012-03-06,4.1652913093566895,4.328219381117409,4.094453090717958,4.328219381117409,35600
2012-03-07,4.200710773468018,4.243213709949905,4.101537255010279,4.101537255010279,17400
2012-03-08,4.342387676239014,4.3565553220920235,4.136956642478711,4.250297809302789,15000
2012-03-09,4.229046821594238,4.356555991651544,4.229046821594238,4.356555991651544,14400
2012-03-12,4.363637924194336,4.469895411368313,4.243212794582711,4.243212794582711,24600
2012-03-13,4.519482612609863,4.519482612609863,4.2786323382615015,4.2786323382615015,22500
2012-03-14,4.951595783233643,4.965763764001616,4.484063226954621,4.519482503308049,81600
2012-03-15,4.81700325012207,4.944512034505628,4.639907547364396,4.944512034505628,27100
2012-03-16,5.135777473449707,5.284537951427473,4.746166633453962,4.817005213659286,93700
2012-03-19,5.064939975738525,5.13577822857599,4.859508873618161,5.13577822857599,79700
2012-03-20,5.064939975738525,5.0861912826980475,5.029520680428076,5.029520680428076,31800
2012-03-21,5.064939975738525,5.0861912826980475,4.972850078158104,5.064939975738525,58800
2012-03-22,5.064939975738525,5.064939975738525,4.923263132280161,5.064939975738525,81800
2012-03-23,5.0507683753967285,5.064936014884921,5.036600735908535,5.036600735908535,15300
2012-03-26,5.0295186042785645,5.064937884968186,5.001183314840184,5.043686248997754,36300
2012-03-27,5.057853698730469,5.079105333881624,5.029518410384449,5.064937689708614,72000
2012-03-28,5.086796760559082,5.1663907691720174,5.065089084098946,5.1663907691720174,32600
2012-03-29,5.108506202697754,5.11574221285148,4.95655343978906,5.072327187024989,31600
2012-03-30,5.188098430633545,5.245985107650808,5.065089069455953,5.108504077218901,32500
2012-04-02,5.130212783813477,5.238750152500312,5.0506184144155,5.231514488936067,55700
2012-04-03,5.166391372680664,5.166391372680664,5.050618004787449,5.122976359720709,11800
2012-04-04,5.057853698730469,5.130212399138581,5.057853698730469,5.130212399138581,16200
2012-04-05,5.065089702606201,5.137448057922777,5.0578536945586166,5.0578536945586166,15000
2012-04-09,4.971024990081787,5.065091049523462,4.956553315170141,5.065091049523462,29000
2012-04-10,4.876957416534424,5.0144384580285175,4.804599064440647,5.0144384580285175,20100
2012-04-11,4.920373439788818,5.065090163593007,4.920373439788818,5.050618491212588,17900
2012-04-12,4.840777397155762,4.99273007718101,4.840777397155762,4.942079068828671,25900
2012-04-13,4.630938529968262,4.840777901378053,4.471749827154887,4.840777901378053,18600
2012-04-16,4.55858039855957,4.66711774778523,4.515165044831123,4.536872721695347,56500
2012-04-17,4.54410982131958,4.558581494363863,4.384921072800566,4.507930466192922,61500
2012-04-18,4.782891750335693,4.782891750335693,4.5296373444851215,4.5296373444851215,34600
2012-04-19,5.036148548126221,5.065091902825521,4.782894021991345,4.826309054040295,15600
2012-04-20,4.992733001708984,5.043383694698551,4.862487573948457,5.028912018839822,18800
2012-04-23,4.616466999053955,4.978259077129685,4.529636983123415,4.978259077129685,52600
2012-04-24,4.710534572601318,4.8118362911963795,4.667119205314366,4.688826888957842,17300
2012-04-25,4.681589126586914,4.790126814103341,4.667117457920177,4.703296802102918,31300
2012-04-26,4.7032976150512695,4.7032976150512695,4.638174922278827,4.6671182646150555,24100
2012-04-27,4.681589126586914,4.73947614628566,4.64541012743597,4.725004477618922,20400
2012-04-30,4.739477634429932,4.768420980851301,4.703298278887267,4.746713298519321,13000
2012-05-01,4.7611846923828125,4.920373433392362,4.739477356356347,4.920373433392362,43400
2012-05-02,4.985494613647461,4.992730620641908,4.79012691021082,4.79012691021082,46400
2012-05-03,4.913136959075928,5.007202993027637,4.804599254134097,5.007202993027637,21000
2012-05-04,4.8335442543029785,4.920374655063465,4.8335442543029785,4.920374655063465,11700
2012-05-07,4.7032976150512695,4.782891978991826,4.7032976150512695,4.77565597089184,13400
2012-05-08,4.7611846923828125,4.768420701079558,4.70329800293639,4.7611846923828125,13400
2012-05-09,4.927609443664551,4.927609443664551,4.7105343429714335,4.7105343429714335,14000
2012-05-10,5.361758708953857,5.57159809533452,4.920372603825887,4.920372603825887,177000
2012-05-11,5.325581073760986,5.36176008533662,5.260458369880164,5.36176008533662,34200
2012-05-14,5.224277496337891,5.318343520178733,5.224277496337891,5.318343520178733,31000
2012-05-15,5.224277496337891,5.325579527411943,5.209805826903286,5.245985173005706,166900
2012-05-16,5.303872585296631,5.31834425673547,5.209806548428244,5.209806548428244,89000
2012-05-17,5.245985984802246,5.303872671498413,5.173627626432037,5.2532219931552016,72300
2012-05-18,5.231515884399414,5.245987560419984,5.209808197852574,5.209808197852574,19000
2012-05-22,5.245985984802246,5.282165336503285,5.231514313128204,5.238749976449291,28000
2012-05-23,5.209805011749268,5.253220358291901,5.173626016339422,5.209805011749268,45800
2012-05-24,5.245985984802246,5.267693664829243,5.195334961427165,5.245985984802246,16200
2012-05-25,5.354523181915283,5.3617588445432,5.231513811954174,5.260457152529512,38500
2012-05-28,5.354523181915283,5.354523181915283,5.282164830476935,5.282164830476935,9800
2012-05-29,5.506476402282715,5.600542095345959,5.354523677677341,5.354523677677341,28600
2012-05-30,5.499241352081299,5.586071396975021,5.426882981336531,5.492005687522786,36200
2012-05-31,5.448590278625488,5.535420317360644,5.397939250180696,5.470297615793325,11000
2012-06-01,5.426882743835449,5.426882743835449,5.282166008679269,5.4124110703198305,17400
2012-06-04,5.499241352081299,5.50647736167174,5.463062339224879,5.463062339224879,35300
2012-06-05,5.39070463180542,5.499242380741044,5.3834689658934405,5.499242380741044,51900
2012-06-06,5.636723041534424,5.636723041534424,5.3979402196130675,5.3979402196130675,17300
2012-06-07,5.499241352081299,5.586071396975021,5.282166239846995,5.549892384118601,57300
2012-06-08,5.49200439453125,5.49924005738626,5.347287342080757,5.347287342080757,8600
2012-06-11,5.571598529815674,5.571598529815674,5.390702469171894,5.528183516664989,56900
2012-06-12,5.513711452484131,5.564362470064411,5.390702084811899,5.49200411997246,18700
2012-06-13,5.513711452484131,5.607777480119583,5.484768112447351,5.499239782465741,8500
2012-06-14,5.463061809539795,5.513712491634203,5.463061809539795,5.499240818888387,4800
2012-06-15,5.39070463180542,5.470299027029143,5.39070463180542,5.470299027029143,51800
2012-06-18,5.499241352081299,5.586071396975021,5.376231949299229,5.376231949299229,19200
2012-06-19,5.571598529815674,5.571598529815674,5.499240174564533,5.571598529815674,6900
2012-06-20,5.571598529815674,5.593306208906943,5.513711845614761,5.586070200865902,6900
2012-06-21,5.557126998901367,5.564363007124881,5.499240313240707,5.513711984655872,15400
2012-06-22,5.54988956451416,5.593304564904162,5.506474564124157,5.506474564124157,8000
2012-06-25,5.542654514312744,5.54989052147465,5.499239506436747,5.54989052147465,12500
2012-06-26,5.434117794036865,5.557126824693687,5.434117794036865,5.4847684698861885,36200
2012-06-27,5.626083850860596,5.670383682119683,5.596550630021204,5.596550630021204,23400
2012-06-28,5.589168071746826,5.6113178136069655,5.463651694326703,5.6113178136069655,212400
2012-06-29,5.574400901794434,5.648233954043521,5.485800887031766,5.574400901794434,20200
2012-07-03,5.463649749755859,5.567015996462901,5.404583323066122,5.493182963100729,17000
2012-07-04,5.389817714691162,5.4710338904005065,5.375051105283669,5.463650761728629,27100
2012-07-05,5.352901458740234,5.389818161350157,5.131401947208235,5.389818161350157,28800
2012-07-06,5.3824357986450195,5.544868901410953,5.264302889043498,5.345519088362623,21100
2012-07-09,5.537485599517822,5.648235381920949,5.515335502211656,5.515335502211656,24500
2012-07-10,5.493184566497803,5.589167713916835,5.463651344532527,5.537484399445716,21600
2012-07-11,5.714683532714844,5.714683532714844,5.530100725812213,5.530100725812213,18800
2012-07-12,5.722066402435303,5.722066402435303,5.530100134782368,5.655616486391791,18500
2012-07-13,5.633467674255371,5.722067342154716,5.544868006356026,5.714683860464546,17700
2012-07-16,5.699917793273926,5.722067888395149,5.574401761133059,5.6334682120378945,19900
2012-07-17,5.729450702667236,5.73683383213747,5.640850684577994,5.722067221133226,15500
2012-07-18,5.891883850097656,5.891883850097656,5.692534411081953,5.692534411081953,19300
2012-07-19,5.950951099395752,5.995250586892547,5.8697341987721945,5.891884294584422,42100
2012-07-20,5.973100662231445,6.046933373865754,5.906650728871222,5.980484144633167,30900
2012-07-23,5.950951099395752,5.987867104267195,5.862351068210672,5.950951099395752,24200
2012-07-24,6.046932220458984,6.046932220458984,5.943566303061695,5.950949784055074,36600
2012-07-25,5.980483531951904,6.091232940121265,5.914033605399262,6.091232940121265,40400
2012-07-26,5.943566799163818,5.9804835030846,5.7737505948430305,5.973100021474932,22000
2012-07-27,6.002632141113281,6.017398397492522,5.95094918759479,5.987865180606608,7500
2012-07-30,6.0912346839904785,6.0912346839904785,5.987868023745856,6.017401254654638,17300
2012-07-31,6.046932220458984,6.165065803970532,6.017399000612973,6.024782481606351,16100
2012-08-01,6.135533332824707,6.150299592485842,6.024783216792042,6.083849663691761,26500
2012-08-02,6.061700344085693,6.061700344085694,5.987866928257774,6.039550600988373,48800
2012-08-03,6.128149509429932,6.165066212716914,6.017399399568984,6.054316102855966,15200
2012-08-07,5.973100662231445,6.165066979910393,5.914034211272944,6.120766789627698,28700
2012-08-08,6.1207661628723145,6.135533126163648,5.943566828141702,5.973100050596804,71300
2012-08-09,6.2019829750061035,6.268432908273566,6.054316847815985,6.054316847815985,44200
2012-08-10,6.113381862640381,6.201981518142129,6.054315425639216,6.201981518142129,175600
2012-08-13,5.8623504638671875,6.054316415506998,5.795900535344588,6.054316415506998,62300
2012-08-14,5.795899391174316,5.94356583073324,5.795899391174316,5.847582697829498,44300
2012-08-15,5.869734287261963,5.899267514080945,5.825434447033492,5.862351156589135,18200
2012-08-16,5.847584247589111,5.943567405930849,5.847584247589111,5.906650698241314,31200
2012-08-17,5.973100662231445,5.973100662231445,5.891884116131597,5.921417693674666,20000
2012-08-20,5.973100662231445,5.973100662231445,5.877117503391972,5.973100662231445,26400
2012-08-21,5.965716361999512,6.120765950541994,5.914033400527864,5.936183140568922,28600
2012-08-22,6.032166957855225,6.054316700362374,5.987866768713308,6.017399993432046,95400
2012-08-23,5.987866401672363,6.032166588098793,5.973100142281938,6.024783106339791,31300
2012-08-24,5.987866401672363,6.17983270264093,5.987866401672363,6.017399624580791,30800
2012-08-27,6.238898754119873,6.25366571670451,5.9878660232013114,6.017399244243052,13600
2012-08-28,6.238898754119873,6.238898754119873,6.09123264891117,6.216749014370451,62700
2012-08-29,6.209367752075195,6.275817699197734,6.1576847728144575,6.275817699197734,20100
2012-08-30,6.098616600036621,6.194599751848636,6.017399707819293,6.02478318968043,53000
2012-08-31,6.135533332824707,6.231515780941058,6.061699922136263,6.157683074380204,17000
2012-09-04,6.238898754119873,6.238898754119873,6.0395496881200055,6.069082909161747,30600
2012-09-05,6.238898754119873,6.25366571670451,6.172448830744074,6.201982051785815,9900
2012-09-06,6.379180908203125,6.460397075089818,6.216747870302337,6.238897605975544,29800
2012-09-07,6.320115089416504,6.423481001992687,6.275814909649947,6.423481001992687,138300
2012-09-10,6.261048316955566,6.349648681704806,6.046932294421178,6.349648681704806,26200
2012-09-11,6.379180908203125,6.408714123809868,6.29796403718903,6.357030468402517,38200
2012-09-12,6.504701137542725,6.556384119706595,6.379184720178049,6.379184720178049,75800
2012-09-13,6.497314453125,6.504697933834116,6.371798097579925,6.497314453125,73800
2012-09-14,6.526845932006836,6.622829043257205,6.40132960991999,6.423479342015526,20100
2012-09-17,6.534230709075928,6.541613485156511,6.489930531955284,6.541613485156511,13100
2012-09-18,6.512082576751709,6.519466059576901,6.467783088055912,6.475166570881104,13600
2012-09-19,6.467783451080322,6.50470016315067,6.467783451080322,6.50470016315067,4300
2012-09-20,6.57114839553833,6.57114839553833,6.445632016160684,6.467782462493876,29600
2012-09-21,6.659748554229736,6.718815000926124,6.563765402316211,6.57114818005757,130700
2012-09-24,6.563765048980713,6.740964379531018,6.563765048980713,6.6375977513128985,15800
2012-09-25,6.667132377624512,6.7040490886315585,6.571149210657269,6.571149210657269,95700
2012-09-26,6.727194309234619,6.832306977636628,6.629589842008785,6.689654019375226,34300
2012-09-27,6.764737129211426,6.86234163294287,6.757228925227067,6.794769229127121,24300
2012-09-28,6.734705448150635,6.809785344598484,6.697165141915818,6.764737549934131,37600
2012-10-01,6.554510116577148,6.659622798679099,6.4869384452490015,6.494445931382195,35900
2012-10-02,6.126552581787109,6.569526481993553,5.976392119688712,6.569526481993553,93400
2012-10-03,6.254189491271973,6.306745476838788,5.826231972178523,6.134061115106906,77300
2012-10-04,6.426874160766602,6.456906252900118,6.2541890939827125,6.2541890939827125,19600
2012-10-05,6.509462356567383,6.539494449261171,6.456906373358645,6.456906373358645,16800
2012-10-09,6.479429244995117,6.479429244995117,6.261696428197848,6.389332981081226,21000
2012-10-10,6.524478912353516,6.569527415394323,6.336778129056535,6.5169714251981015,20700
2012-10-11,6.231666564941406,6.554511446883622,6.201634466248603,6.554511446883622,37400
2012-10-12,6.141569137573242,6.479430364637979,6.006424360338715,6.36680947826868,30600
2012-10-15,6.194125652313232,6.306745832310271,6.13406146084526,6.156585353640339,17200
2012-10-16,6.269204616546631,6.4043486541340595,6.19412403875915,6.231664327652891,16200
2012-10-17,6.231666564941406,6.3743188547267975,6.194126262569974,6.209142669927232,12800
2012-10-18,6.194125652313232,6.224157748047219,6.171601759518153,6.194125652313232,11000
2012-10-19,6.179107666015625,6.269204646195275,6.164091979999989,6.194124068052719,23100
2012-10-22,6.194125652313232,6.231665950986126,6.1190450549674456,6.171601759518153,38800
2012-10-23,6.194125652313232,6.2842219395151915,6.171601759518153,6.194125652313232,84000
2012-10-24,6.194125652313232,6.306745832310271,6.179109246435418,6.246681640842298,38000
2012-10-25,6.126552581787109,6.261697355686448,6.126552581787109,6.179108564516158,7600
2012-10-26,6.164093017578125,6.246681094619504,6.141569126752581,6.209141515250791,11000
2012-10-29,6.141569137573242,6.186616919303697,6.119044530686434,6.126552732982037,22600
2012-10-30,6.186617851257324,6.291730551165223,6.119045452460938,6.119045452460938,5000
2012-10-31,6.141569137573242,6.156584826142867,6.066488546660376,6.156584826142867,18000
2012-11-01,6.134061336517334,6.156585228855889,6.0965210386053235,6.149077026069161,13400
2012-11-02,6.066490650177002,6.156586960899809,6.028950341703709,6.156586960899809,23200
2012-11-05,6.141569137573242,6.156584826142867,6.081504951251581,6.134060935277639,11900
2012-11-06,6.126552581787109,6.156584674206789,6.10402869147774,6.156584674206789,8000
2012-11-07,6.119045257568359,6.119045257568359,6.0364571705708245,6.06648926729917,11200
2012-11-08,6.119045257568359,6.119045257568359,6.06648926729917,6.081505673674176,9300
2012-11-09,6.156584739685059,6.254189220092479,6.0589802592776385,6.11904444475581,27800
2012-11-12,6.194125652313232,6.3668100237782435,6.179109246435418,6.224157748047219,9000
2012-11-13,6.179107666015625,6.194124068052719,6.119043489910164,6.1565837789814415,7900
2012-11-14,6.186617851257324,6.629591829125466,6.1115379650559865,6.126553655887578,87800
2012-11-15,6.179107666015625,6.306744219245094,6.006423338717789,6.216647955086903,39000
2012-11-16,6.006425380706787,6.111538082636969,5.998917177135695,6.111538082636969,13500
2012-11-19,6.036457538604736,6.10402993936872,6.013933643690645,6.089013532078186,18800
2012-11-20,6.051473140716553,6.194125410887481,6.036456735424026,6.036456735424026,16500
2012-11-21,6.149075508117676,6.524476962523483,6.1415680232058625,6.524476962523483,12700
2012-11-22,6.164093017578125,6.209141515250791,6.096520629079915,6.119044519905459,14300
2012-11-23,6.3067450523376465,6.3067450523376465,6.096520408198806,6.179108482247963,32100
2012-11-26,6.149075508117676,6.261696374052288,6.149075508117676,6.261696374052288,20800
2012-11-27,6.156584739685059,6.194125034614308,6.156584739685059,6.186616832424144,40600
2012-11-28,6.111536502838135,6.149076078946415,6.058979807447812,6.126552190077144,19600
2012-11-29,6.066490650177002,6.171603370697859,6.006426443028464,6.089014548852247,11600
2012-11-30,6.156584739685059,6.17910863023398,6.013932478179796,6.096520554206888,21300
2012-12-03,6.21665096282959,6.21665096282959,6.134062859732135,6.141571064383305,4900
2012-12-04,6.201634883880615,6.351795387456781,6.134062478265901,6.231666984595849,17100
2012-12-05,6.066490650177002,6.231667577846397,6.0589824452779775,6.201635474272128,22000
2012-12-06,6.081505298614502,6.081505298614502,6.043965001013845,6.06648889316559,6200
2012-12-07,6.051473140716553,6.1340612217606045,6.006424640860588,6.126553019114342,20100
2012-12-10,6.224157333374023,6.224157333374023,6.043964770975108,6.043964770975108,12800
2012-12-11,6.194125652313232,6.224157748047219,6.194125652313232,6.224157748047219,68000
2012-12-12,6.194125652313232,6.216649545108312,6.1115375680501804,6.149077150701432,10700
2012-12-13,6.194125652313232,6.209142058191047,6.194125652313232,6.194125652313232,16400
2012-12-14,6.201634883880615,6.231666984595849,6.194126679696367,6.194126679696367,17800
2012-12-17,6.231666564941406,6.299238966005644,6.194126262569974,6.231666564941406,14900
2012-12-18,6.269204616546631,6.269204616546631,6.19412403875915,6.19412403875915,10300
2012-12-19,6.3067450523376465,6.359301750388522,6.231665180298838,6.284221162328159,11400
2012-12-20,6.336777210235596,6.374317504656052,6.27671302557149,6.27671302557149,18800
2012-12-21,6.194125652313232,6.306745832310271,6.194125652313232,6.306745832310271,34300
2012-12-24,6.231666564941406,6.231666564941406,6.194126262569974,6.231666564941406,10000
2012-12-27,6.1628499031066895,6.331066116060032,6.1628499031066895,6.300481283777613,25700
2012-12-28,6.346362113952637,6.346362113952637,6.231668387852115,6.231668387852115,11400
2012-12-31,6.315773963928223,6.323420354177024,6.285189132132925,6.308127573679421,17500
2013-01-02,6.300480365753174,6.384589189174516,6.26989553792718,6.32341953352253,5800
2013-01-03,6.300480365753174,6.422819677057147,6.26989553792718,6.26989553792718,9600
2013-01-04,6.422820568084717,6.476344571105365,6.2316651853536245,6.239311575670849,54700
2013-01-07,6.468698024749756,6.506929246213741,6.300481087828159,6.338712309292145,56200
2013-01-08,6.422820568084717,6.483990232222673,6.3769436845812075,6.476344571105365,3900
2013-01-09,6.4151740074157715,6.422819667460986,6.346357962610148,6.384589179635474,3300
2013-01-10,6.499282360076904,6.499282360076904,6.392235093987224,6.445759091631985,25100
2013-01-11,6.422820568084717,6.5145757934915665,6.262250017422603,6.346358852512229,42500
2013-01-14,6.44575834274292,6.47634316818655,6.392234351316748,6.44575834274292,13400
2013-01-15,6.483989238739014,6.514574795321557,6.384589096644967,6.384589096644967,16000
2013-01-16,6.552807807922363,6.644562325430251,6.422822059152835,6.499284521676117,51500
2013-01-17,6.422820568084717,6.5375142352433215,6.422820568084717,6.5375142352433215,33900
2013-01-18,6.399883270263672,6.461052945335245,6.331067203508141,6.453406553651287,50100
2013-01-21,6.44575834274292,6.461050390864855,6.376942303194812,6.461050390864855,2200
2013-01-22,6.461051940917969,6.461051940917969,6.4075286658509345,6.4075286658509345,16600
2013-01-23,6.384592056274414,6.422822561325044,6.384592056274414,6.422822561325044,14100
2013-01-24,6.399883270263672,6.438114499483417,6.331067203508141,6.438114499483417,16300
2013-01-25,6.4151740074157715,6.4151740074157715,6.346357962610148,6.392234839680688,10200
2013-01-28,6.4151740074157715,6.422819667460986,6.399881228925715,6.407527618170743,9500
2013-01-29,6.4151740074157715,6.4151740074157715,6.323419524074879,6.346357962610148,5100
2013-01-30,6.384592056274414,6.4151768978350034,6.3234223731532335,6.384592056274414,10300
2013-01-31,6.3081278800964355,6.3081278800964355,6.285189437435706,6.300481489476211,24000
2013-02-01,6.285190105438232,6.308128550536906,6.185789204410618,6.208727649509291,14000
2013-02-04,6.285190105438232,6.308128550536906,6.193435595843517,6.201081258076393,9400
2013-02-05,6.384592056274414,6.384592056274414,6.300483195082684,6.300483195082684,8900
2013-02-06,6.3769426345825195,6.384589023640723,6.162848845351394,6.30812659145828,15800
2013-02-07,6.399883270263672,6.40752966194763,6.2851903118044845,6.346359986876058,8300
2013-02-08,6.407530307769775,6.407530307769775,6.369299074696662,6.399883915315129,5600
2013-02-11,6.3769426345825195,6.4151738506737415,6.346357807549502,6.407527461615538,13600
2013-02-12,6.4151740074157715,6.4151740074157715,6.3157731348298505,6.346357962610148,18500
2013-02-13,6.315773963928223,6.415174849562918,6.315773963928223,6.34635879572352,14600
2013-02-14,6.338712692260742,6.415175139808375,6.300481468486925,6.315774249676429,18100
2013-02-15,6.384592056274414,6.407530505144821,6.269898353522095,6.407530505144821,7400
2013-02-19,6.338712692260742,6.415175139808375,6.308127859081677,6.369297525439807,22700
2013-02-20,6.3081278800964355,6.3845903278987945,6.3081278800964355,6.33871271337739,19100
2013-02-21,6.224020004272461,6.308128116649126,6.224020004272461,6.308128116649126,11200
2013-02-22,6.384592056274414,6.384592056274414,6.239313511961504,6.239313511961504,15400
2013-02-25,6.384592056274414,6.399884112454638,6.308129587772868,6.399884112454638,11700
2013-02-26,6.346362113952637,6.384593355986144,6.269899629885622,6.354008508199397,5200
2013-02-27,6.3081278800964355,6.369297546658345,6.2698966561952565,6.3463591039976155,4100
2013-02-28,6.491635322570801,6.499281711356812,6.3540039704214415,6.3540039704214415,29500
2013-03-01,6.476344585418701,6.499283027221152,6.422820582279759,6.476344585418701,17600
2013-03-04,6.3616509437561035,6.499283053527725,6.3616509437561035,6.4763446116324275,36100
2013-03-05,6.4151740074157715,6.4992821015116355,6.384589179635474,6.384589179635474,16100
2013-03-06,6.499282360076904,6.499282360076904,6.438112702082756,6.438112702082756,19900
2013-03-07,6.499282360076904,6.514575139175363,6.453404751981371,6.514575139175363,10600
2013-03-08,6.506928443908691,6.545159660658763,6.430466010408549,6.506928443908692,29900
2013-03-11,6.499282360076904,6.499282360076904,6.292834217446772,6.499282360076904,16900
2013-03-12,6.499282360076904,6.499282360076904,6.376943044088607,6.445759091631985,17000
2013-03-13,6.575745105743408,6.613975596883876,6.545160275311108,6.575745105743408,33200
2013-03-14,6.39223575592041,6.575745478105622,6.338712481933013,6.575745478105622,22900
2013-03-15,6.3616509437561035,6.499283053527725,6.3616509437561035,6.491636663162652,14400
2013-03-18,6.32342004776001,6.461051419569626,6.300480878125179,6.384589708386478,24000
2013-03-19,6.461051940917969,6.461051940917969,6.331066219298086,6.3540053907839,9800
2013-03-20,6.499282360076904,6.499282360076904,6.392235093987224,6.399881483536452,17100
2013-03-21,6.499282360076904,6.529867189073978,6.453404751981371,6.476343920629059,9500
2013-03-22,6.384592056274414,6.537516264077364,6.384592056274414,6.537516264077364,378900
2013-03-25,6.3310675621032715,6.415176416990691,6.308129114952197,6.415176416990691,48300
2013-03-26,6.463451862335205,6.463451862335205,6.4245152576971565,6.4245152576971565,21200
2013-03-27,6.346640110015869,6.447874954093834,6.30770425992366,6.440088229667634,52400
2013-03-28,6.3777875900268555,6.408936707655485,6.323276819840141,6.3622134025393136,32600
2013-04-01,6.260981559753418,6.377790620704165,6.253194090982329,6.346641488273706,21500
2013-04-02,6.2921319007873535,6.299919371054273,6.245408564493915,6.2921319007873535,22100
2013-04-03,6.307703971862793,6.323278162657686,6.229830789927222,6.307703971862793,29200
2013-04-04,6.2999186515808105,6.307706120958374,6.229832912490658,6.2765569861020785,44200
2013-04-05,6.2921319007873535,6.2921319007873535,6.229833623960076,6.229833623960076,50800
2013-04-08,6.307703971862793,6.323278162657686,6.253192447446413,6.276554847619305,16900
2013-04-09,6.510171890258789,6.533534286778991,6.260978935271991,6.276553866285459,43900
2013-04-10,6.533535957336426,6.533535957336426,6.377789577993355,6.45566276766489,5800
2013-04-11,6.580258846282959,6.611407971581845,6.4478748780992605,6.52574806267334,26000
2013-04-12,6.580258846282959,6.580258846282959,6.4945989373744535,6.533535529661494,39000
2013-04-15,6.517962455749512,6.549111589937586,6.440089991606296,6.455664187373364,18000
2013-04-16,6.588047027587891,6.588047027587891,6.541322963246586,6.549110431079105,9700
2013-04-17,6.580258846282959,6.5880463132711125,6.471237279063721,6.5880463132711125,26400
2013-04-18,6.510171890258789,6.572470129005489,6.4790227708854395,6.564683406152342,75500
2013-04-19,6.276556491851807,6.54132374595412,6.027362689970369,6.54132374595412,197000
2013-04-22,6.159746170043945,6.331066755174261,5.762594579654427,6.276555963718456,64400
2013-04-23,6.198683261871338,6.354428923193956,6.120810431210029,6.15974666087721,45000
2013-04-24,6.346640110015869,6.377789235681878,6.229831074431768,6.30770425992366,403200
2013-04-25,6.2999186515808105,6.346641982538276,6.268769516724516,6.346641982538276,34800
2013-04-26,6.401152610778809,6.4245142729190725,6.276556089158934,6.3077052195639025,8300
2013-04-29,6.385577201843262,6.393364669531849,6.315491477953574,6.370003009119884,44200
2013-04-30,6.556898593902588,6.564686062560531,6.331067201399459,6.416727128675167,36100
2013-05-01,6.346640110015869,6.5491097981717985,6.331065918509733,6.5491097981717985,259200
2013-05-02,6.533535957336426,6.541322682180558,6.385577045491264,6.385577045491264,13200
2013-05-03,6.4790239334106445,6.541322183335462,6.432300617293892,6.510173058373053,12600
2013-05-06,6.416726589202881,6.541323106639236,6.37000326649116,6.4245140572061095,134400
2013-05-07,6.533535957336426,6.580259277016325,6.370002853149223,6.370002853149223,18900
2013-05-08,6.471237659454346,6.572471765636147,6.354427875726944,6.572471765636147,103900
2013-05-09,6.159746170043945,6.416726676412501,6.105235378588141,6.4011524828482,390100
2013-05-10,6.229832649230957,6.276556720867916,6.1519598153809625,6.2376201182794375,48300
2013-05-13,6.260981559753418,6.377790620704165,6.229832427322959,6.377790620704165,12400
2013-05-14,6.260981559753418,6.307705629726056,6.159746693690952,6.299918160954967,79300
2013-05-15,6.268767833709717,6.307704427490027,6.222043772642594,6.229831239929407,32500
2013-05-16,6.260981559753418,6.284343223412788,6.1908958261214115,6.206470392336641,21900
2013-05-17,6.385577201843262,6.385577201843262,6.253193221752473,6.260980689441059,8100
2013-05-21,6.31549072265625,6.401151371678576,6.260979940662919,6.260979940662919,12900
2013-05-22,6.183107852935791,6.370002992374691,6.183107852935791,6.370002992374691,96200
2013-05-23,6.237618923187256,6.284342243218369,6.19089486050236,6.19089486050236,205300
2013-05-24,6.331066608428955,6.331066608428955,6.229831753319062,6.32327914050039,110800
2013-05-27,6.284341812133789,6.315490937569067,6.284341812133789,6.307704213200546,1400
2013-05-28,6.2454071044921875,6.292130429863017,6.190895568021064,6.28434296141659,272200
2013-05-29,6.3622145652771,6.3622145652771,6.25319226232556,6.25319226232556,8400
2013-05-30,6.393365383148193,6.393365383148193,6.268768856838743,6.307705456973915,30000
2013-05-31,6.447877407073975,6.447877407073975,6.292131719493254,6.299919189535795,23800
2013-06-03,6.517962455749512,6.517962455749512,6.4245150531852895,6.463451656583867,8600
2013-06-04,6.517962455749512,6.517962455749512,6.463451656583867,6.479025852350934,7300
2013-06-05,6.502388000488281,6.517962195633821,6.393365663853863,6.463451398643567,31700
2013-06-06,6.455661773681641,6.517960018765249,6.424512651139836,6.463449239980507,16500
2013-06-07,6.3622145652771,6.494598525056226,6.3544270987833436,6.3622145652771,8200
2013-06-10,6.408939838409424,6.463451377878459,6.307705713653875,6.354429041594297,11800
2013-06-11,6.393365383148193,6.424514514725556,6.35442878301302,6.362216251570831,23700
2013-06-12,6.4245147705078125,6.471238841061043,6.362216504872777,6.362216504872777,6200
2013-06-13,6.4790239334106445,6.510173058373053,6.4011514923314845,6.424513150389861,5000
2013-06-14,6.385577201843262,6.502386989210673,6.385577201843262,6.416726329943812,16900
2013-06-17,6.346640110015869,6.48681154683978,6.346640110015869,6.354427577095806,11700
2013-06-18,6.346640110015869,6.416725828427825,6.338853385589669,6.338853385589669,6300
2013-06-19,6.401152610778809,6.486812533729011,6.323279413439462,6.323279413439462,10900
2013-06-20,6.4245147705078125,6.4556639033253305,6.3933656376902945,6.3933656376902945,22500
2013-06-21,6.3777875900268555,6.432299102867115,6.370000867609857,6.370000867609857,4900
2013-06-24,6.463451862335205,6.463451862335205,6.159747237343185,6.4011535919759135,111100
2013-06-25,6.510171890258789,6.517959355765523,6.471236048032292,6.471236048032292,3800
2013-06-26,6.6132588386535645,6.660835816015469,6.304005460911501,6.304005460911501,28400
2013-06-27,6.526033878326416,6.581541366663666,6.526033878326416,6.581541366663666,15900
2013-06-28,6.478455543518066,6.502244029999873,6.470525795950015,6.494314282431821,31400
2013-07-02,6.565682888031006,6.668767375271747,6.454669406558382,6.454669406558382,26600
2013-07-03,6.541893005371094,6.621188980652457,6.533963256598464,6.613259231879828,16000
2013-07-04,6.6132588386535645,6.6211885869546885,6.526033119786038,6.526033119786038,4900
2013-07-05,6.581541538238525,6.6132597797341734,6.510175305817684,6.549823296742876,19800
2013-07-08,6.541893005371094,6.613259231879828,6.541893005371094,6.613259231879828,4800
2013-07-09,6.533962726593018,6.581540459147038,6.383301293246359,6.502244490297805,26100
2013-07-10,6.54982328414917,6.565682026755237,6.478457051865549,6.486386801279846,4900
2013-07-11,6.621189117431641,6.621189117431641,6.541893140512197,6.581541128971919,7200
2013-07-12,6.874936103820801,6.882865853991644,6.652908392595373,6.652908392595373,34500
2013-07-15,6.962158679962158,6.962158679962158,6.859074232049012,6.859074232049012,46700
2013-07-16,7.128679275512695,7.128679275512696,6.827355692701247,6.906651650996688,81200
2013-07-17,7.096962928771973,7.192117650271303,7.065244688272196,7.104892677952543,17300
2013-07-18,7.136607646942139,7.1683258729018835,7.025593477971951,7.104889420982393,6900
2013-07-19,7.469650745391846,7.49343923009831,7.136608934612161,7.136608934612161,30800
2013-07-22,7.295202732086182,7.485512191027479,7.295202732086182,7.469653447560321,4800
2013-07-23,7.374497413635254,7.374497413635254,7.215906225903595,7.215906225903595,3800
2013-07-24,7.374497413635254,7.445863637170109,7.334849427646731,7.334849427646731,4800
2013-07-25,7.374497413635254,7.374497413635254,7.366567665193062,7.366567665193062,1500
2013-07-26,7.453794479370117,7.453794479370117,7.358639743114375,7.374499243934976,45900
2013-07-29,7.334849834442139,7.445864050122435,7.334849834442139,7.41414581081699,3200
2013-07-30,7.358637809753418,7.374497306407197,7.136610150157464,7.287271587256256,14000
2013-07-31,7.414144039154053,7.414144039154054,7.350707575701761,7.358636566466576,12100
2013-08-01,7.414144039154053,7.453791261645015,7.4062142921669425,7.414144039154054,12200
2013-08-02,7.422073841094971,7.493440059334157,7.414144849463577,7.445863084656285,44600
2013-08-06,7.414144039154053,7.430002776905979,7.342777828714651,7.342777828714651,8300
2013-08-07,7.414144039154053,7.430002776905979,7.342777828714651,7.342777828714651,8000
2013-08-08,7.295202732086182,7.422075704713714,7.176259509303512,7.176259509303512,30600
2013-08-09,7.453794479370117,7.453794479370117,7.406217489353557,7.4141472397638575,37600
2013-08-12,7.422073841094971,7.437933336802513,7.414144849463577,7.414144849463577,11500
2013-08-13,7.437933444976807,7.453792184692615,7.4220739490386105,7.4220739490386105,6200
2013-08-14,7.485512733459473,7.485512733459473,7.453794488004151,7.453794488004151,66000
2013-08-15,8.080225944519043,8.207099612558364,7.48550860320966,7.7392551830660965,88700
2013-08-16,8.088159561157227,8.31018726308868,7.969216338463875,8.088159561157227,48400
2013-08-19,7.8106255531311035,8.07230126245176,7.53309034325884,8.008864772690547,26800
2013-08-20,7.929564476013184,7.961282703668348,7.850268528764173,7.850268528764173,14800
2013-08-21,8.048510551452637,8.151595017668535,7.929567343784853,7.961285582911093,25100
2013-08-22,8.72252082824707,8.952478165288333,8.167451472239422,8.191239953665155,187500
2013-08-23,8.817679405212402,8.97627061180889,8.563933474658024,8.92076387855575,104900
2013-08-26,8.738384246826172,8.912834197304631,8.738384246826172,8.873186206296788,58300
2013-08-27,8.77802848815918,8.79388798164298,8.722521773410422,8.746310257413851,18300
2013-08-28,8.825607299804688,8.825607299804688,8.730452595844547,8.730452595844547,63700
2013-08-29,8.825607299804688,8.865255282177003,8.778029569713434,8.778029569713434,23400
2013-08-30,8.833539962768555,8.960412943252699,8.793891967311605,8.833539962768555,23600
2013-09-03,8.841466903686523,8.873185141441843,8.762171687409445,8.833537911414524,37100
2013-09-04,8.904901504516602,8.904901504516602,8.825606304932933,8.825606304932933,34000
2013-09-05,8.944551467895508,9.039706182251344,8.881114991658285,8.881114991658285,73100
2013-09-06,8.944551467895508,8.944551467895508,8.920762978362161,8.944551467895508,64500
2013-09-09,9.09521198272705,9.158648447223056,8.968339053735038,8.976268044630308,48900
2013-09-10,9.134860038757324,9.261732968814123,9.03970458499241,9.079352564690739,74100
2013-09-11,9.198294639587402,9.317237798354123,9.118998696261482,9.21415337451929,107400
2013-09-12,9.158649444580078,9.222085915984179,9.119001460896918,9.174508184319908,54800
2013-09-13,9.737506866455078,9.800943334154017,9.198296891014108,9.198296891014108,620900
2013-09-16,9.586845397949219,9.9040277348963,9.467901454427306,9.848521014986146,91700
2013-09-17,9.713719367980957,9.785085590455589,9.499620700557063,9.515480197205836,40000
2013-09-18,9.832661628723145,9.904027844380744,9.51547928826976,9.674070458496452,67900
2013-09-19,10.094337463378906,10.133985445834556,9.658211925033854,9.888169315809785,99200
2013-09-20,10.506675720214844,10.506675720214844,10.078479155073852,10.133985879151744,125100
2013-09-23,10.554256439208984,10.58597468426127,10.403594208043668,10.435312453095953,83300
2013-09-24,10.760420799255371,10.784210041689576,10.53046341594778,10.53046341594778,79400
2013-09-25,10.784212112426758,10.784212112426758,10.689056636863283,10.70491613486469,62800
2013-09-26,10.96862506866455,11.000697040487589,10.784210657189993,10.864390969075648,118900
2013-09-27,10.824296951293945,10.944566611557093,10.744116668014613,10.936549194953841,68500
2013-09-30,10.182860374450684,10.824300560602813,9.830068692627872,10.824300560602813,124700
2013-10-01,10.671957969665527,10.840335994464809,10.182859497095407,10.182859497095407,186700
2013-10-02,10.85637092590332,10.912496675818591,10.663939127917251,10.663939127917251,121000
2013-10-03,10.840336799621582,10.856372402640334,10.631868607785146,10.848354218802909,89200
2013-10-04,10.792230606079102,10.856374560214137,10.639888906172454,10.728086651944066,59500
2013-10-07,10.687995910644531,10.784211836636578,10.567726194318526,10.728086070971935,42200
2013-10-08,10.679977416992188,10.744121365799765,10.495563755334446,10.712049391395977,72800
2013-10-09,10.760157585144043,10.776193189794027,10.503581793494906,10.647905293969458,111100
2013-10-10,10.912497520446777,11.008713426886931,10.687993738753086,10.687993738753086,38300
2013-10-11,10.712047576904297,10.736102127124727,10.58375970101956,10.58375970101956,482100
2013-10-15,10.808265686035156,10.840338426197317,10.599798227574603,10.63988838812109,131500
2013-10-16,10.7521390914917,10.960607298543668,10.74412090706905,10.784211064526145,87000
2013-10-17,10.824296951293945,10.928531013694737,10.800243172172486,10.800243172172486,112800
2013-10-18,11.273309707641602,11.345471074107623,10.824301316579234,10.872409658879409,116000
2013-10-21,11.273309707641602,11.377543047422352,11.217183180848707,11.377543047422352,82500
2013-10-22,11.441688537597656,11.497814303555138,11.225202129493866,11.33745442606504,124400
2013-10-23,11.281325340270996,11.545919269364122,11.241235953470735,11.545919269364122,90900
2013-10-24,11.626099586486816,11.690243523032882,11.265289752251192,11.289343537291957,92000
2013-10-25,11.441688537597656,11.754390107539296,11.273310475069,11.722318132041277,106200
2013-10-28,11.2332181930542,11.44168637674864,11.225200009529935,11.44168637674864,67700
2013-10-29,11.337451934814453,11.377541321885722,11.225199662909185,11.353487536711752,78600
2013-10-30,11.273309707641602,11.377543047422352,11.145021049726525,11.345471074107623,75800
2013-10-31,11.225198745727539,11.337451008460967,11.024748768125262,11.225198745727539,149200
2013-11-01,11.072860717773438,11.22520241408731,11.040788741462295,11.22520241408731,64300
2013-11-04,10.824296951293945,10.992674934455863,10.599793228630006,10.976638571937656,121300
2013-11-05,10.816282272338867,10.824300456194253,10.712048176187155,10.824300456194253,53900
2013-11-06,10.808265686035156,11.22520213226869,10.808265686035156,10.848355846581644,64100
2013-11-07,11.024749755859375,11.217181568080559,10.83231794363819,10.864389912341721,63100
2013-11-08,11.104928970336914,11.104928970336914,10.920514594894208,10.984658526007504,82600
2013-11-11,11.137002944946289,11.22520067497345,11.088894605604857,11.096912789604447,37200
2013-11-12,11.153037071228027,11.23321737129297,11.0648393528814,11.217181005417576,65900
2013-11-13,11.153037071228027,11.209162822479879,11.072857535819097,11.177090855385105,163900
2013-11-14,12.163308143615723,12.347721808153716,11.233220106723131,11.233220106723131,323300
2013-11-15,12.339702606201172,12.50808064130296,12.163306387366895,12.163306387366895,249300
2013-11-18,12.275559425354004,12.548170807224942,12.275559425354004,12.339703369871417,160700
2013-11-19,12.36375617980957,12.419881935658188,12.275558454239448,12.331684210088065,226800
2013-11-20,12.323671340942383,12.387815308046779,12.219437203233637,12.387815308046779,99900
2013-11-21,12.33168888092041,12.395832844659015,12.21943656204967,12.395832844659015,118500
2013-11-22,12.74862003326416,13.3339336817992,12.235468508993677,12.459972300862013,268000
2013-11-25,12.427900314331055,12.844836691911276,12.315648036215745,12.844836691911276,83000
2013-11-26,12.41988468170166,12.652406704757345,12.347722542709166,12.467993029248738,108700
2013-11-27,12.12321662902832,12.427900738902073,11.986910559751745,12.427900738902073,94500
2013-11-28,11.866637229919434,12.107177323600371,11.66618727929463,12.051050817459428,37300
2013-11-29,12.259526252746582,12.395832361542803,11.874662485314667,11.874662485314667,74900
2013-12-02,12.323671340942383,12.620337379964319,12.083131081972693,12.259527373837987,123700
2013-12-03,12.524116516113281,12.66844076780816,12.28357635150718,12.28357635150718,135300
2013-12-04,12.467991828918457,12.572225934688666,12.395829696873221,12.411865301407625,85900
2013-12-05,12.94105339050293,12.949071575185148,12.459973779412515,12.532135912240122,106600
2013-12-06,13.173572540283203,13.542399758494236,12.796726374936146,12.796726374936146,152100
2013-12-09,13.14952278137207,13.430153153120672,13.14952278137207,13.22168492065921,77500
2013-12-10,13.02924919128418,13.085374943110555,12.700511334033665,13.085374943110555,40500
2013-12-11,12.965108871459961,13.069342221156006,12.868892177706911,13.069342221156006,117400
2013-12-12,12.828800201416016,12.908980508537297,12.764656261581422,12.868889590320578,85100
2013-12-13,12.668440818786621,12.89294461648288,12.532134750449865,12.89294461648288,62900
2013-12-16,12.876909255981445,12.876909255981445,12.62835165167965,12.69249559889664,25800
2013-12-17,12.965108871459961,12.989163427226341,12.740605036900721,12.836820965997537,158100
2013-12-18,13.27780818939209,13.301862741063323,12.916999090196818,13.021232422147753,107600
2013-12-19,13.309881210327148,13.390061521638179,13.181593323954395,13.390061521638179,55800
2013-12-20,13.406094551086426,13.406094551086426,13.237717296439447,13.269788499048001,60400
2013-12-23,13.357988357543945,13.430150482481357,13.293844416412044,13.430150482481357,30000
2013-12-24,13.382043838500977,13.382043838500977,13.269790786738712,13.269790786738712,21300
2013-12-27,13.600492477416992,13.640946981283996,13.406315488399972,13.406315488399972,30900
2013-12-30,13.640950202941895,13.77849246221075,13.632859300257621,13.77849246221075,31100
2013-12-31,13.592401504516602,13.640946908899403,13.51149558357498,13.640946908899403,40600
2014-01-02,13.592401504516602,13.673308968639747,13.527675841854391,13.527675841854391,50300
2014-01-03,13.519583702087402,13.592400258806624,13.284953775133213,13.568129102021139,65400
2014-01-06,13.551947593688965,13.592400551322932,13.519583993036658,13.543856693525887,85500
2014-01-07,13.584308624267578,13.640943371512728,13.471037586596154,13.592397979718779,47000
2014-01-08,13.899850845336914,14.053574887072793,13.576222502089015,13.657128430514739,118600
2014-01-09,13.673308372497559,13.9888473145025,13.632855413790455,13.9888473145025,58900
2014-01-10,13.705674171447754,13.770399841665501,13.551950125987467,13.713765073122685,72300
2014-01-13,13.835124969482422,13.8674870317317,13.543858693330694,13.835124969482422,64600
2014-01-14,13.689489364624023,13.87557543277505,13.632854608506873,13.810849776758111,40700
2014-01-15,13.794672012329102,13.835126523662245,13.624767694275356,13.673311564693309,101100
2014-01-16,13.754217147827148,13.794670110401057,13.689491481799932,13.746126246676045,39700
2014-01-17,13.713760375976562,13.859391926699464,13.697578578169182,13.859391926699464,50900
2014-01-20,13.600492477416992,13.770398307295341,13.511495655272649,13.770398307295341,16500
2014-01-21,13.632855415344238,13.673308374055953,13.51149499602764,13.527675253603451,277300
2014-01-22,13.721851348876953,13.770396748020374,13.584310680847997,13.592400037523875,167400
2014-01-23,13.827035903930664,13.883670677772495,13.527678686675754,13.527678686675754,229700
2014-01-24,13.721851348876953,13.859393560087266,13.55194708141905,13.72994224873419,196400
2014-01-27,13.495315551757812,13.78658184352234,13.446771684190967,13.640948697640077,212900
2014-01-28,13.317317008972168,13.624765063001067,13.236411088294423,13.414406274239589,85100
2014-01-29,12.72669792175293,13.357774425667815,12.645791211839612,13.14741559102952,108300
2014-01-30,13.228318214416504,13.252589369726865,12.718603119951526,12.734784147355315,226100
2014-01-31,13.325407981872559,13.430588148413918,13.147412794963024,13.147412794963024,28100
2014-02-03,12.823784828186035,13.268773579099676,12.767149293007868,13.252591777165689,69500
2014-02-04,12.945144653320312,13.074595976398996,12.653879176393275,12.750967668702287,55600
2014-02-05,12.945144653320312,13.074595976398996,12.912781822550642,12.945144653320312,20000
2014-02-06,12.783330917358398,12.945145076496448,12.759058986385384,12.945145076496448,19300
2014-02-07,12.759054183959961,12.928958408410983,12.678146749048583,12.928958408410983,81000
2014-02-10,12.953237533569336,13.163596351516963,12.70242497807934,12.710515879905987,58200
2014-02-11,12.969414710998535,13.14740985814824,12.864234567951886,12.961323812057932,41000
2014-02-12,12.945144653320312,12.993688513679444,12.928962852140103,12.945144653320312,15600
2014-02-13,12.945144653320312,12.993688513679444,12.856147061601405,12.856147061601405,23900
2014-02-14,13.131232261657715,13.139323163187035,12.94514615602841,12.94514615602841,24900
2014-02-18,13.252591133117676,13.30113653656043,13.082686850612516,13.106959552333894,51000
2014-02-19,13.551947593688965,13.64903685246447,13.187864802257591,13.187864802257591,46500
2014-02-20,13.600492477416992,13.705672644289669,13.471041151405647,13.551948615958121,25200
2014-02-21,13.430585861206055,13.632853715913432,13.430585861206055,13.543855366024182,36600
2014-02-24,13.487217903137207,13.551943541908637,13.430583162109825,13.430583162109825,16100
2014-02-25,13.560040473937988,13.673310006398255,13.479133003674237,13.479133003674237,13600
2014-02-26,14.967825889587402,15.574629641867974,13.996939268665793,13.996939268665793,362400
2014-02-27,14.870732307434082,15.081091065873334,14.587558539517104,14.725100745297334,198400
2014-02-28,14.838372230529785,14.846463131146175,14.490471219932502,14.789828370012943,103200
2014-03-03,14.652284622192383,14.797917731779883,14.46619701372983,14.781735932229862,51900
2014-03-04,15.105367660522461,15.275271965095033,14.498563927308943,14.587562301998402,82100
2014-03-05,15.129644393920898,15.251004864241548,15.024464187976125,15.089189875025944,24100
2014-03-06,15.048730850219727,15.10536561072525,14.94355068655391,15.00018699024092,13100
2014-03-07,15.145816802978516,15.145816802978516,14.959730742120849,15.048729094348996,23100
2014-03-10,15.08918571472168,15.202456793214987,14.951643474765412,15.202456793214987,50500
2014-03-11,15.501809120178223,15.623169531090225,15.032547732985487,15.032547732985487,58300
2014-03-12,15.4047269821167,15.534178339682224,14.886920008672686,15.218639305332085,90300
2014-03-13,15.3319091796875,15.453269624843344,15.153912419822595,15.453269624843344,113900
2014-03-14,15.29145336151123,15.30763516433001,14.886917550131665,15.170092926733693,84700
2014-03-17,15.42089557647705,15.501802999533805,15.170083953863776,15.170083953863776,350400
2014-03-18,15.574625968933105,15.590807768874749,15.32381424256315,15.32381424256315,120900
2014-03-19,15.55844497680664,15.59080857837029,15.420902756524056,15.566535877197554,43700
2014-03-20,15.29145336151123,15.534175774247963,15.275271558692452,15.501812168610403,38900
2014-03-21,15.453267097473145,15.56653662200255,15.331906672165706,15.356177831318275,61600
2014-03-24,15.461362838745117,15.663630791975452,15.275275148954876,15.534179425362598,41500
2014-03-25,15.380449295043945,15.631261026238647,15.234816179130439,15.631261026238647,130500
2014-03-26,15.299540519714355,15.51799017477673,15.291449620284496,15.477535677627433,21800
2014-03-27,14.981484413146973,15.275078028356441,14.826531233537178,15.258766839866874,28200
2014-03-28,14.679732322692871,15.087502664989895,14.541090344091065,14.875461900332994,83200
2014-03-31,14.720504760742188,14.76128271727565,14.606329593488471,14.614485184795164,45600
2014-04-01,14.875465393066406,15.18537179706906,14.671580174046,14.679735769469309,96100
2014-04-02,15.568672180175781,15.576827773886814,14.94886105782145,14.965172245243513,75700
2014-04-03,15.911192893981934,16.04167922946711,15.576821464861192,15.576821464861192,302300
2014-04-04,15.90304183959961,15.984596211419559,15.536047944169976,15.984596211419559,108100
2014-04-07,15.821490287780762,15.992754654680608,15.650227476401454,15.903044674136853,88500
2014-04-08,15.666540145874023,15.89489216082804,15.348479688508764,15.731784912021606,63000
2014-04-09,15.80517578125,15.821486966200938,15.699156190109324,15.699156190109324,41000
2014-04-10,15.495272636413574,15.862266557905201,15.364786254443299,15.80517740471288,26800
2014-04-11,15.299545288085938,15.536051306476036,15.20983530411697,15.495274889501378,50000
2014-04-14,15.356630325317383,15.487116704434232,15.291387135758958,15.299542728893805,15200
2014-04-15,15.430024147033691,15.527889677666309,14.769436870703007,15.291382219357391,68200
2014-04-16,15.527899742126465,15.584987357197086,15.381102128790095,15.381102128790095,15300
2014-04-17,15.527899742126465,15.527899742126465,15.324014513719472,15.413722956464373,17400
2014-04-21,15.332167625427246,15.560519627400778,15.120128369584165,15.438188808869539,22900
2014-04-22,15.51158332824707,15.576826517151062,15.266920203216863,15.2750757962699,78200
2014-04-23,15.430024147033691,15.536043712659175,15.291382219357391,15.495267315615491,36800
2014-04-24,15.462648391723633,15.576825128769144,15.37293998717667,15.53604716713854,14800
2014-04-25,15.462648391723633,15.560513944116902,15.307696804087884,15.560513944116902,20900
2014-04-28,15.41372013092041,15.54420652873929,15.31585611031653,15.4871189241336,26000
2014-04-29,15.699156761169434,15.77255554059834,15.25876408459599,15.699156761169432,90700
2014-04-30,15.862268447875977,15.927511646634764,15.69100407893381,15.707315267503645,22200
2014-05-01,15.756244659423828,15.862265811989312,15.609447097730266,15.862265811989312,23400
2014-05-02,15.951974868774414,16.017218059332006,15.593138098467845,15.593138098467845,24600
2014-05-05,16.457611083984375,16.506543088979104,15.780712385395779,15.780712385395779,40100
2014-05-06,16.59625244140625,16.677806817032685,16.237414121962132,16.514698065779815,242100
2014-05-07,16.628877639770508,16.718587632148676,16.25372959077225,16.710432036885138,93600
2014-05-08,17.264991760253906,17.436254511789805,16.628869635577722,16.685957219423024,230800
2014-05-09,17.648298263549805,17.860339008342653,17.281305923174703,17.428103481532847,65400
2014-05-12,17.24868392944336,17.501501087967167,17.118197553720087,17.20790752034995,150600
2014-05-13,17.134506225585938,17.322080168727204,17.044796272118344,17.052951863844495,59300
2014-05-14,17.48518943786621,17.48518943786621,17.13450676029839,17.22421671656554,235500
2014-05-15,17.305774688720703,17.525971071336464,17.10188949493291,17.525971071336464,45600
2014-05-16,17.12636375427246,17.232383416893363,16.930634069457614,17.232383416893363,41500
2014-05-20,16.808292388916016,17.289461470940278,16.310812121445444,17.12635272751772,192000
2014-05-21,16.995866775512695,17.052954370467017,16.71858283814573,16.808292804799834,50800
2014-05-22,17.477033615112305,17.534121202703005,16.995864583247684,16.995864583247684,57500
2014-05-23,17.86033821105957,17.88480498820049,17.224217560597626,17.468879109926036,81200
2014-05-26,17.33024024963379,18.13762537342486,17.33024024963379,18.05607099055778,91400
2014-05-27,17.517810821533203,17.566744375012913,17.183439317022685,17.371013272134405,54500
2014-05-28,17.477033615112305,17.86033710002137,17.371012476283777,17.371012476283777,43700
2014-05-29,18.17024803161621,18.178403625581915,17.477038099736326,17.477038099736326,141800
2014-05-30,18.390443801879883,18.545396984236145,17.860342610737558,18.19471420309751,624500
2014-06-02,18.830839157104492,18.830839157104492,17.950055063618272,18.349669910563605,94400
2014-06-03,18.879772186279297,19.010258610415658,18.61064374205795,18.83084016610838,177600
2014-06-04,19.124433517456055,19.124433517456055,18.79821593367491,18.80637152882151,167300
2014-06-05,19.165203094482422,19.393555010489045,18.936851178475795,19.197825463420582,112900
2014-06-06,19.295690536499023,19.46695487194595,19.27122375842939,19.31200172187878,102900
2014-06-09,19.45064353942871,19.491419947049387,19.075494056133476,19.091805241389842,127800
2014-06-10,19.36093521118164,19.466956368781883,19.32015880011716,19.450645182147944,87200
2014-06-11,19.532197952270508,19.678993953333347,19.27937924681287,19.409865618104444,103800
2014-06-12,19.589284896850586,19.63821689558518,19.401710938767817,19.401710938767817,119700
2014-06-13,19.507736206054688,19.65453380050196,19.499580611305323,19.646378205752594,154900
2014-06-16,19.613754272460938,19.703464252074227,19.50773466016203,19.50773466016203,105000
2014-06-17,20.037832260131836,20.143853409048653,19.581129960429298,19.654528738750095,80500
2014-06-18,19.980749130249023,20.168323136514175,19.907350335532993,20.168323136514175,72100
2014-06-19,20.127546310424805,20.152011537818964,19.86657351475002,19.939972307973623,156000
2014-06-20,19.948122024536133,20.184629541571937,19.81763565497163,20.184629541571937,190000
2014-06-23,19.736080169677734,19.92365410610161,19.62190344512058,19.89918733179936,266800
2014-06-24,19.638219833374023,19.817638225921176,19.621908646182348,19.809484187845765,124800
2014-06-25,19.018413543701172,19.63822481451308,18.59433190227395,19.56482600905372,172300
2014-06-26,19.059450149536133,19.32211400676017,18.96916096528141,19.05124175722375,178100
2014-06-27,19.116905212402344,19.12511203754274,18.591579164761416,18.87886657797919,105600
2014-06-30,18.829622268676758,19.09228457204882,18.591583577751564,18.95274502768356,76400
2014-07-02,18.928119659423828,19.100492772773705,18.665457358691445,18.673665751288183,109500
2014-07-03,18.722915649414062,19.010203144940082,18.7147072563315,18.821414800813887,66100
2014-07-04,18.78036880493164,18.821410761536395,18.534123327665355,18.75574519655935,41000
2014-07-07,18.452041625976562,18.755745853120946,18.37816766709254,18.714703895079477,75400
2014-07-08,17.959552764892578,18.28788223407013,17.606601247031303,18.271465447493064,186500
2014-07-09,18.304296493530273,18.304296493530273,17.934928208494878,17.934928208494878,107400
2014-07-10,18.13191795349121,18.22220867453925,17.89387934912465,18.22220867453925,315400
2014-07-11,17.86925506591797,18.164749255724697,17.86925506591797,18.164749255724697,107600
2014-07-14,17.795387268066406,17.918510020106737,17.76255369920726,17.76255369920726,117500
2014-07-15,17.877471923828125,17.885680317098586,17.647641609028046,17.770764376903077,51600
2014-07-16,17.90209197998047,17.975965939141112,17.76255245329821,17.975965939141112,154800
2014-07-17,17.376768112182617,17.893884280725747,16.777569589663727,17.803595100384026,89700
2014-07-18,17.8035945892334,17.82821819880569,17.475266748347504,17.58197270953893,76100
2014-07-21,17.713302612304688,17.975964866721096,17.581971485096485,17.811801740506105,61600
2014-07-22,17.70509147644043,17.811798979248948,17.565551979714876,17.655842702769732,143200
2014-07-23,18.566957473754883,18.65724664992862,17.69688675360353,17.69688675360353,137700
2014-07-24,18.81320571899414,19.28928154121758,18.67366617288085,18.67366617288085,101500
2014-07-25,18.47666358947754,19.03482159710627,18.4684551992959,18.878865314835807,85100
2014-07-28,18.79677963256836,18.911695509064632,18.443826745539226,18.476660300421038,105200
2014-07-29,18.6162109375,18.99378765144941,18.468462983140316,18.99378765144941,120600
2014-07-30,18.821407318115234,18.854239311801784,18.566953496080927,18.673659432550064,133100
2014-07-31,18.468454360961914,18.763950131726194,18.394580418270845,18.73932496229908,51500
2014-08-01,18.181163787841797,18.402785577003673,17.8692528578136,18.058041093504087,65600
2014-08-05,18.517709732055664,18.763956817293423,18.172965065195466,18.181173457929145,52900
2014-08-06,18.599788665771484,18.796785358299758,18.38637519080155,18.55053988403705,48500
2014-08-07,19.04303550720215,20.101893098114154,18.698290847595516,18.706499240156482,135500
2014-08-08,18.517709732055664,19.256447856587275,18.41100375769955,19.256447856587275,53300
2014-08-11,17.828216552734375,18.484873739467933,17.762550990620067,18.484873739467933,63200
2014-08-12,17.573766708374023,17.729723041106023,17.48347595275168,17.623015499808552,56300
2014-08-13,17.70509147644043,17.787173809618455,17.450637652619815,17.581968759468538,210900
2014-08-14,17.286483764648438,17.68868572585046,17.064863362151463,17.655853711462164,236700
2014-08-15,17.52451515197754,17.590180718726693,17.245436101895997,17.245436101895997,93400
2014-08-18,17.491676330566406,17.516301497795368,17.360345236525532,17.516301497795368,22200
2014-08-19,17.737926483154297,17.8692576007181,17.48347107298282,17.5655534128578,48200
2014-08-20,17.82000160217285,17.902083915998602,17.294677298631925,17.672255315994406,78300
2014-08-21,17.696882247924805,17.893878898862404,17.491677207499364,17.893878898862404,38000
2014-08-22,17.55733871459961,17.69687817257851,17.45063280701097,17.516298342201637,29500
2014-08-25,17.5655574798584,17.721513805170805,17.442434724334195,17.5655574798584,52600
2014-08-26,17.647642135620117,17.647642135620117,17.45885378153904,17.565559766057177,81200
2014-08-27,17.721508026123047,17.85283913126675,17.508094588866957,17.64763408378093,118400
2014-08-28,17.352142333984375,17.869260050167977,17.25364476510506,17.59838938736392,33900
2014-08-29,17.089481353759766,17.352143644733133,16.908901420113263,17.352143644733133,24100
2014-09-02,16.75295066833496,16.97457263713258,16.687285073756918,16.86786506744872,109900
2014-09-03,16.695491790771484,16.917113737294645,16.342538668291883,16.75294898455354,51300
2014-09-04,16.629819869995117,16.73652582272839,16.129118973838544,16.64623665213578,113200
2014-09-05,16.539525985717773,16.588774757175347,16.39177810575483,16.539525985717773,35400
2014-09-08,16.98277473449707,16.98277473449707,16.416408212790408,16.424616604767685,25800
2014-09-09,17.032020568847656,17.032020568847656,16.80219033008921,16.949938228891753,37000
2014-09-10,16.990989685058594,17.07307050533349,16.9417393141841,16.94994770932985,41400
2014-09-11,17.15514373779297,17.196185691623107,16.884273104875884,16.884273104875884,55000
2014-09-12,17.04844093322754,17.130523290435654,16.982775360579197,17.11410650587588,11700
2014-09-15,17.097694396972656,17.097694396972656,16.98278000481044,16.990988399335052,46300
2014-09-16,16.90890121459961,17.237229074325764,16.83502725046238,17.204395505557784,49000
2014-09-17,16.703699111938477,16.949944659640455,16.39178641488556,16.949944659640455,1266100
2014-09-18,16.76115608215332,16.88427885438916,16.588782948550353,16.62982491635629,59700
2014-09-19,16.933521270751953,16.933521270751953,16.64623543229533,16.64623543229533,63800
2014-09-22,16.580570220947266,16.826815677800862,16.5066962707731,16.826815677800862,43300
2014-09-23,16.547740936279297,16.703697267585706,16.539532543516767,16.58057450732942,20000
2014-09-24,16.580570220947266,16.687276168093042,16.482071098851566,16.53952826774471,40100
2014-09-25,16.670860290527344,16.687277072698308,16.50669716558926,16.580571119768077,78000
2014-09-26,16.753555297851562,16.885863602934663,16.563362306449534,16.563362306449534,17900
2014-09-29,16.753555297851562,16.827978916615734,16.588169127877983,16.596438594100604,115000
2014-09-30,16.265663146972656,16.72874208139936,16.001046613014537,16.67085741175089,59400
2014-10-01,16.166433334350586,16.33181947895721,15.84393208733075,16.30701108409447,33300
2014-10-02,16.207786560058594,16.307017021159098,15.488358619501104,16.10855452171835,49100
2014-10-03,16.32355308532715,16.69567119208758,16.141629553821748,16.149899020331922,60400
2014-10-06,16.282207489013672,16.389707400216736,16.199514400343904,16.273938022422747,87700
2014-10-07,16.43931770324707,16.44758716736345,16.249124760287277,16.44758716736345,44800
2014-10-08,16.182973861694336,16.290475339471957,15.910087800224002,16.273936407930886,67700
2014-10-09,15.959704399108887,16.16643632954936,15.852204489265201,16.133360040843403,34400
2014-10-10,16.001047134399414,16.108547013358113,15.843930470777618,15.843930470777618,19500
2014-10-14,15.860474586486816,15.96797450060553,15.711627338292042,15.91835927695378,100600
2014-10-15,15.546242713928223,15.934899806982221,15.38912756041757,15.934899806982221,84200
2014-10-16,15.97624397277832,16.04239813008268,15.397395490675054,15.397395490675054,44100
2014-10-17,16.74528694152832,16.74528694152832,16.10028272856693,16.108552195337662,26200
2014-10-20,17.66317367553711,17.721058353982087,16.538551658071693,16.538551658071693,111600
2014-10-21,18.399137496948242,18.399137496948242,17.40682383250933,17.787211315531913,74500
2014-10-22,18.357789993286133,18.42394412609708,17.38201535139543,17.38201535139543,759500
2014-10-23,17.878175735473633,18.3164463621177,17.696250650687713,18.3164463621177,213800
2014-10-24,17.770675659179688,17.853368742651984,17.44817436860104,17.79548405739319,92500
2014-10-27,17.357215881347656,17.654910420624734,17.24144648373535,17.613563080591945,290400
2014-10-28,17.216638565063477,17.257985906261872,16.629520515204405,17.233177501542837,192200
2014-10-29,17.100866317749023,17.142212074825625,16.745287128827933,17.11740525147548,103500
2014-10-30,17.27451515197754,17.78721090135527,16.811436188733786,16.811436188733786,46300
2014-10-31,18.068368911743164,18.1675993434345,17.20009395962797,17.737598177373254,54100
2014-11-03,18.068368911743164,18.184138274462814,17.98567583384087,18.1675993434345,42700
2014-11-04,17.439910888671875,17.977413749877293,17.439910888671875,17.84510540180334,60200
2014-11-05,17.679712295532227,17.679712295532227,17.563942930345508,17.58048186172627,25200
2014-11-06,17.70452308654785,17.70452308654785,17.5391369048559,17.5391369048559,25600
2014-11-07,17.32413101196289,17.65490168231113,17.249707413979664,17.57220862041433,65600
2014-11-10,16.703941345214844,17.53086910334945,16.348362156858638,17.53086910334945,121100
2014-11-11,16.604707717895508,16.84451750168782,16.604707717895508,16.720477088145934,40100
2014-11-12,16.64605712890625,16.78663492820506,16.488941971108545,16.53028773321537,37400
2014-11-13,16.604707717895508,16.794900705375316,16.546823032770295,16.55509249882238,27800
2014-11-14,16.55508804321289,16.836243504356528,16.51374072408062,16.5716269708658,40300
2014-11-17,17.018171310424805,17.084325460643353,16.505475463301543,16.505475463301543,34900
2014-11-18,17.22490882873535,17.43164081255466,17.084331016648626,17.158754657002767,50700
2014-11-19,17.150484085083008,17.373754991782317,17.092599385695728,17.315870292395037,38600
2014-11-20,17.175291061401367,17.37375354733181,17.11740636682661,17.19182999620548,39200
2014-11-21,18.18414306640625,18.44049025594145,17.73760285164299,17.73760285164299,130000
2014-11-24,18.076637268066406,18.440484264927846,17.82028858457504,18.21721501870261,47200
2014-11-25,18.159330368041992,18.48183322284139,18.05183046793507,18.192408230991393,52800
2014-11-26,19.441072463989258,19.837997423259747,18.4404890214337,18.49837529141195,72200
2014-11-27,19.449338912963867,19.540299882906545,19.226068066556735,19.424530515394405,34500
2014-11-28,19.63953399658203,19.63953399658203,19.250878523192736,19.283954812917173,27400
2014-12-01,19.16818618774414,19.53203485247604,18.91183901763828,19.416263890783416,132000
2014-12-02,18.986265182495117,19.30876815904406,18.63068748498922,18.986265182495117,25200
2014-12-03,18.67202377319336,18.89529458732846,18.53144602843116,18.89529458732846,67000
2014-12-04,18.556255340576172,18.62240948389997,18.44048440683013,18.53144694536505,13500
2014-12-05,18.60587501525879,18.64722077328576,18.242026351111093,18.56452925723182,73200
2014-12-08,18.167600631713867,18.57279500720458,17.787214654524814,18.283371579882203,28200
2014-12-09,17.729318618774414,18.035280782421324,17.53085629113465,17.91124202480127,26700
2014-12-10,16.894126892089844,17.721054285126144,16.703933970228814,17.58047656522042,77600
2014-12-11,17.084320068359375,17.38201443900194,16.98508966297109,17.02643540234307,37100
2014-12-12,16.497203826904297,16.918935452967286,16.406241299553184,16.918935452967286,151500
2014-12-15,16.55508804321289,16.670857382305346,16.3731629935088,16.381432457335254,52000
2014-12-16,16.778366088867188,16.952020172584493,16.480671571363654,16.55509520073954,35000
2014-12-17,16.968557357788086,17.117404601192458,16.646054471332118,16.646054471332118,33500
2014-12-18,16.827983856201172,17.357217231881563,16.827983856201172,17.109139481341348,19200
2014-12-19,17.076061248779297,17.21663905840248,16.670866756863024,16.786636161056293,125000
2014-12-22,17.183557510375977,17.4150962480034,16.97682559335757,17.1587491125276,37500
2014-12-23,17.009904861450195,17.36548407340687,16.91894229730138,17.35721460600792,32900
2014-12-24,17.175291061401367,17.175291061401367,16.80317291450702,17.009904867839516,27900
2014-12-29,17.400177001953125,17.50846047068166,17.083659392995752,17.39184738214997,60600
2014-12-30,17.591764450073242,17.658399855278645,17.49181054790845,17.516799420627994,20400
2014-12-31,17.333547592163086,17.758348815911557,17.16695990495842,17.758348815911557,14600
2015-01-02,17.141969680786133,17.408511230196876,17.091993537449856,17.333546220835984,25300
2015-01-05,17.025360107421875,17.366866705454896,16.975382369626942,17.166960520414577,42000
2015-01-06,15.909213066101074,17.07533305452091,15.725964572642196,17.07533305452091,84600
2015-01-07,16.567237854003906,16.650532482266303,15.925872870423099,16.24239055136474,268500
2015-01-08,17.750017166137695,18.108182956358046,17.067004072560692,17.067004072560692,241100
2015-01-09,17.666725158691406,18.02489100204853,17.533454368890588,18.02489100204853,56000
2015-01-12,16.883750915527344,17.70003447718418,16.867091678257864,17.48346915881786,82100
2015-01-13,16.908740997314453,17.075330220314747,16.867094485920667,16.87542410594194,44200
2015-01-14,16.8920841217041,16.94206025541417,16.733824511457467,16.808789506378893,23200
2015-01-15,16.808795928955078,16.950396352499116,16.75049015256281,16.85877208176084,21200
2015-01-16,17.083663940429688,17.18361622724844,16.858768912018064,16.975380442877594,22800
2015-01-19,17.241928100585938,17.241928100585938,16.89209182760058,16.900421451804203,15600
2015-01-20,17.042022705078125,17.2502585734513,16.883764588988303,17.2502585734513,41100
2015-01-21,17.091995239257812,17.166960256082785,16.82545366330818,17.06700637074512,95100
2015-01-22,17.075332641601562,17.19194416100977,17.02535650309987,17.10865112641122,10500
2015-01-23,17.00037384033203,17.191950431726205,16.95039768360168,17.00037384033203,142900
2015-01-26,16.65886878967285,16.892093524665142,16.65886878967285,16.833786149381922,19400
2015-01-27,16.242401123046875,16.800473430310376,16.242401123046875,16.52560209023814,90600
2015-01-28,16.425642013549805,16.767148654203726,16.24239505157144,16.24239505157144,257900
2015-01-29,16.159093856811523,16.450624224094984,16.092458480464963,16.425635362197767,69300
2015-01-30,15.650996208190918,16.250714461205966,15.51772389658635,16.159090243450432,103100
2015-02-02,16.234060287475586,16.300695669706943,15.40944683659522,15.617682604657317,74700
2015-02-03,16.275712966918945,16.317359496746676,16.20074794225841,16.217405600961534,26800
2015-02-04,15.93420124053955,16.275709382512215,15.884225098009887,16.242390895017152,76900
2015-02-05,16.175756454467773,16.259051089362384,15.825920258880835,15.84257950360236,19500
2015-02-06,16.309024810791016,16.350671327691856,15.825917906662463,15.842577148907912,9800
2015-02-09,16.34234619140625,16.37566309308865,16.07580303438171,16.07580303438171,129900
2015-02-10,16.2174072265625,16.483950445802886,16.192419941646495,16.483950445802886,33300
2015-02-11,16.350675582885742,16.483947966820125,16.242393657535974,16.483947966820125,20700
2015-02-12,16.40065574645996,16.48395040296151,16.0341602110812,16.433972655832523,140500
2015-02-13,16.284032821655273,16.408975525800244,16.20073980384193,16.325680919274426,38600
2015-02-17,16.009166717529297,16.217402504332966,15.92587367377821,16.217402504332966,109600
2015-02-18,16.01749610900879,16.05914421899761,15.917543822461521,16.034155353004316,31100
2015-02-19,16.08413314819336,16.30902819909191,15.967521605674015,16.30902819909191,28700
2015-02-20,16.08413314819336,16.20907431356596,15.984180851380525,16.01749775408043,370100
2015-02-23,16.050811767578125,16.150764036505905,15.850905641009899,15.859235261539325,54500
2015-02-24,16.117448806762695,16.275708435732202,16.09245994259504,16.09245994259504,22200
2015-02-25,17.558439254760742,17.941593880057525,16.134107416094825,16.175753932692995,122000
2015-02-26,18.374727249145508,18.449692267106503,17.408513227329465,17.491807868254256,256300
2015-02-27,18.324748992919922,18.408043624266693,18.099853964897523,18.3747251362428,113700
2015-03-02,18.2081356048584,18.383052883001728,17.86662908101522,18.366393640689186,36200
2015-03-03,18.091520309448242,18.14149803034171,17.90827343230998,17.91660305245889,44600
2015-03-04,17.533458709716797,17.941602391829786,17.433506386977164,17.941602391829786,20200
2015-03-05,17.525123596191406,17.63340550021711,17.38352320556525,17.466816244640615,95900
2015-03-06,17.508466720581055,17.650067130355996,17.408512835975703,17.45016094985839,57700
2015-03-09,17.51679229736328,17.6000853284636,17.36686229944234,17.375191920294917,7900
2015-03-10,17.325223922729492,17.50847250694887,17.133647301694346,17.491813255890083,254400
2015-03-11,17.01702117919922,17.34186835366749,16.84210236999243,17.34186835366749,21000
2015-03-12,17.091995239257812,17.258582929869778,16.742159023645645,17.125312141894963,62800
2015-03-13,17.067001342773438,17.12530709674629,16.575564861127027,17.11697747636265,63300
2015-03-16,17.141969680786133,17.275240455491506,16.975380418047944,17.20860506813882,34500
2015-03-17,17.700042724609375,18.208138577092218,17.200276494642498,17.466818060301353,44800
2015-03-18,17.308555603027344,17.600084373485608,16.658859510193253,17.550108239794568,27800
2015-03-19,17.275243759155273,17.400184935745802,17.1169840881602,17.250254888351865,23800
2015-03-20,17.666725158691406,17.6750547816431,17.29190165814403,17.29190165814403,22100
2015-03-23,17.4584903717041,17.66672619153099,17.43350309010134,17.525127359213403,25300
2015-03-24,16.159093856811523,17.691709101495107,15.39278623446973,17.416837975476458,376500
2015-03-25,16.450632095336914,16.550586002038703,16.325690903494767,16.350678188635126,103200
2015-03-26,16.517261505126953,16.533920748312823,16.32568497462806,16.47561498587515,61700
2015-03-27,16.659940719604492,16.743870210546905,16.349402083364126,16.39976073842271,142300
2015-03-30,16.785844802856445,16.911738318713287,16.559235513820386,16.567628628320563,15700
2015-03-31,16.416547775268555,16.76905040851767,16.307440541539552,16.668336285201995,11800
2015-04-01,16.441728591918945,16.550835835505126,16.324228237161172,16.374585303368466,31100
2015-04-02,16.73548126220703,16.752265883911054,16.542442904799007,16.626372416608284,26200
2015-04-06,16.668336868286133,16.953696229033067,16.668336868286133,16.7354801531194,18000
2015-04-07,16.441728591918945,16.785838145842945,16.332619747510496,16.785838145842945,40900
2015-04-08,16.701902389526367,16.701902389526367,16.366186072309983,16.49207949116342,28300
2015-04-09,16.785844802856445,16.802631031856798,16.567628628320563,16.693522144177404,16500
2015-04-10,16.584407806396484,16.777444555361523,16.475298965105132,16.65155109302877,13900
2015-04-13,16.643159866333008,16.869769084680602,16.441729983631504,16.869769084680602,152700
2015-04-14,16.542438507080078,16.617974887545255,16.45011750937298,16.60119027030333,21400
2015-04-15,16.77744483947754,16.827801905098962,16.458514622778853,16.4669077338528,35400
2015-04-16,16.995662689208984,16.995662689208984,16.777446581100698,16.945305618360123,43900
2015-04-17,16.85297966003418,16.95369538266722,16.811015709416637,16.936909162091364,38800
2015-04-20,17.087984085083008,17.30620017742398,16.82780243604821,16.82780243604821,41200
2015-04-21,16.91172981262207,17.09637503710916,16.785836360085845,17.09637503710916,50000
2015-04-22,16.82779884338379,17.255837825342443,16.727084730465258,16.802621115565138,63400
2015-04-23,16.86976432800293,16.936907603304732,16.794227943185657,16.82779878042558,10900
2015-04-24,17.037622451782227,17.16351749913032,16.844585727054117,16.844585727054117,87000
2015-04-27,16.91172981262207,17.104766546565752,16.576013405584774,16.861372751772002,39200
2015-04-28,16.86976432800293,17.020837097637475,16.77744172415472,16.903335165242854,9800
2015-04-29,17.02923583984375,17.171913946333923,16.970484053802373,17.079592912771016,19500
2015-04-30,16.936906814575195,17.062800249800638,16.8277979967771,16.8277979967771,19700
2015-05-01,16.769052505493164,16.91173219871762,16.492086230507145,16.836195796373946,12500
2015-05-04,17.138343811035156,17.146736923675977,16.67673382154776,16.67673382154776,74300
2015-05-05,17.129947662353516,17.2306633953704,16.903338463682225,16.995661085545848,46500
2015-05-06,16.61797523498535,17.046014199629948,16.601190617392504,16.995657145207613,26900
2015-05-07,16.576017379760742,16.63476756497513,16.525660306837334,16.525660306837334,70000
2015-05-08,15.526898384094238,15.703148894654225,14.4861767385563,15.065288531922969,466700
2015-05-11,15.535292625427246,15.585649689136508,15.317076548257516,15.426183786431285,556400
2015-05-12,15.75350570678711,16.122792904858084,15.526896561955907,15.929756196663455,126200
2015-05-13,16.492082595825195,16.492082595825195,15.887793111077212,16.382975372498382,160400
2015-05-14,16.61797523498535,16.836191271911336,16.198329379548127,16.492081798518562,110100
2015-05-15,16.34101676940918,16.56762602280746,16.156373081912054,16.53405517090919,69600
2015-05-19,16.492082595825195,16.65154847683082,16.34940293404584,16.626369147991415,70600
2015-05-20,16.743871688842773,16.81940807727777,16.424939915267885,16.534048743372672,83100
2015-05-21,16.550838470458984,16.777447705702226,16.131192450003734,16.777447705702226,73900
2015-05-22,16.40815544128418,16.617978409079743,16.357798377243462,16.48369183775636,17100
2015-05-25,16.240297317504883,16.36619077251364,16.072438310278454,16.357797662070105,12300
2015-05-26,16.18994140625,16.35779882458356,16.089225674592065,16.089225674592065,115800
2015-05-27,16.038867950439453,16.24029780466012,16.01368861835355,16.131188966443396,49400
2015-05-28,16.273866653442383,16.290652872777056,15.191181119507775,15.971722709528205,1075000
2015-05-29,16.030473709106445,16.29904682912473,15.770293699191493,16.114403209317675,38200
2015-06-01,15.887796401977539,16.080833160598175,15.669580309302003,16.080833160598175,34000
2015-06-02,15.711542129516602,16.022080804025254,15.7115421295166,15.938151302740044,28800
2015-06-03,15.745118141174316,15.745118141174316,15.686367957197417,15.745118141174316,62500
2015-06-04,15.552079200744629,15.753509060986365,15.552079200744629,15.585650043707137,31900
2015-06-05,15.745118141174316,15.75351125328851,15.535295140786848,15.535295140786848,13400
2015-06-08,15.535292625427246,15.652792974356256,15.493327071651033,15.636006752845772,35300
2015-06-09,15.552079200744629,15.585650043707137,15.526899867906076,15.526899867906076,226500
2015-06-10,15.526898384094238,15.577255444136794,15.526898384094238,15.526898384094238,26700
2015-06-11,15.652791023254395,15.988507407506486,15.52689757926261,15.52689757926261,121200
2015-06-12,15.568865776062012,15.610831336060565,15.543688040885307,15.568865776062012,9000
2015-06-15,15.577251434326172,15.728324176387602,15.484930448149926,15.49332195531186,16500
2015-06-16,15.543684959411621,15.862615148061847,15.44296923620401,15.501719407732569,59400
2015-06-17,15.552079200744629,15.652793330454383,15.526899867906076,15.526899867906076,8900
2015-06-18,15.610823631286621,15.661180677608568,15.526894153535613,15.560466584964672,17600
2015-06-19,15.535292625427246,15.795472655550995,15.526899514672003,15.535292625427246,25900
2015-06-22,15.526898384094238,15.577255444136794,15.44296888347526,15.526898384094238,128700
2015-06-23,15.040108680725098,15.476540788174612,14.972965402719174,15.426182129053654,29600
2015-06-24,15.15760612487793,15.283499547015149,14.922605497107579,14.922605497107579,118200
2015-06-25,15.325464248657227,15.43457144831283,15.056891202592697,15.056891202592697,33900
2015-06-26,15.156219482421875,15.427017117842551,14.995432781110388,15.156219482421875,56900
2015-06-29,15.063132286071777,15.164682207043056,14.936196095418605,14.936196095418605,80300
2015-06-30,15.063132286071777,15.283155769775183,15.003895504705714,15.0208207605478,129300
2015-07-02,15.232381820678711,15.51164208949457,14.978509435966568,15.063132488149776,31500
2015-07-03,15.31700611114502,15.427017044732862,15.105445257715065,15.105445257715065,11600
2015-07-06,15.32546615600586,15.367777673928147,14.910807146859847,15.17314210895611,93900
2015-07-07,15.291618347167969,15.300080975061048,15.232381565997642,15.25776944967688,11000
2015-07-08,15.32546615600586,15.410089191850433,15.232378879679692,15.232378879679692,24200
2015-07-09,15.824750900268555,15.909373941916202,15.232379924248683,15.232379924248683,100900
2015-07-10,15.435473442077637,16.07861837059094,15.435473442077637,15.82474609458226,30300
2015-07-13,15.503172874450684,15.858595030484185,15.435473493019568,15.824746146808913,23300
2015-07-14,15.520105361938477,15.553954261400946,15.37624390754,15.418555435388418,18300
2015-07-15,15.723200798034668,15.833211719278072,15.494714714589481,15.494714714589481,31800
2015-07-16,15.232381820678711,15.757053460253397,15.037746218127317,15.67242879398893,116000
2015-07-17,15.427014350891113,15.46932748263718,15.156216764040026,15.156216764040026,15700
2015-07-20,15.689353942871094,15.757053352603906,15.274693242416225,15.350855280125794,21900
2015-07-21,16.078622817993164,16.09554807149681,15.553951257947215,15.553951257947215,86200
2015-07-22,15.63011360168457,16.15478517237332,15.545490560611812,15.977073235142225,30200
2015-07-23,15.24930477142334,15.621650664167325,15.156217491196836,15.460865598061018,12100
2015-07-24,15.147757530212402,15.342393137592476,15.012358706462672,15.291618982206652,45700
2015-07-27,14.51307487487793,15.139294835491015,14.479225976129777,15.003896012335822,45000
2015-07-28,14.369215965270996,14.530002701489668,14.26766763698247,14.377678594975302,46500
2015-07-29,14.386138916015625,14.555388254777748,14.233814833945978,14.250740090638454,60200
2015-07-30,14.276127815246582,14.631550131387861,14.191503146816505,14.555388091208924,6000
2015-07-31,14.064567565917969,14.276128439198988,13.929167122063257,14.24227792471497,35700
2015-08-04,14.183037757873535,14.293048675562382,13.836078137518191,13.912240162872386,90900
2015-08-05,14.733098983764648,14.936197227013075,14.233815197165091,14.38613928312175,29300
2015-08-06,14.166114807128906,14.72463534111712,14.04764124358027,14.56384863767165,204100
2015-08-07,16.86563491821289,17.314142985540826,15.317009221224396,15.317009221224396,157600
2015-08-10,17.246435165405273,18.016517938229875,16.679452174607864,16.738690552579573,107300
2015-08-11,17.669557571411133,17.982668270313333,17.077188290955196,17.221049701680936,71700
2015-08-12,16.797937393188477,17.49185695345959,16.747163224263737,17.49185695345959,67300
2015-08-13,17.4072265625,17.652637924425644,16.594833669396902,16.603296297126874,46500
2015-08-14,17.9572811126709,17.991131617295405,17.27182453483365,17.508773224962493,71400
2015-08-17,17.881120681762695,18.151919900601975,17.25490081723902,17.95728270986108,25000
2015-08-18,17.737258911132812,18.60042747024935,17.652635871835162,17.652635871835162,89200
2015-08-19,18.16884422302246,18.70197843974336,17.855735086036248,17.855735086036248,37500
2015-08-20,17.33952522277832,18.024981851720902,17.314137342417105,17.96574507829242,41200
2015-08-21,17.144893646240234,17.347991894239122,16.924870140721094,16.94179539824135,63700
2015-08-24,16.214025497436523,16.92487017386538,14.411527534115676,14.411527534115676,103100
2015-08-25,16.425586700439453,17.111043504135417,16.146326401594322,16.27326260760003,55600
2015-08-26,16.569442749023438,17.407223371751034,16.493280727495392,16.6709926490878,95300
2015-08-27,17.72879981994629,17.76264871651775,16.67945658685083,16.738694980492962,118200
2015-08-28,17.85573959350586,18.363486056720916,17.686490234407003,17.762652284593337,46600
2015-08-31,17.821884155273438,18.591965459792092,17.728798486144203,18.278856330217376,58200
2015-09-01,18.10114860534668,18.23654744113351,17.390303910425107,17.398766539421963,47500
2015-09-02,17.534162521362305,18.371943286717315,17.47492574210708,18.15192142493538,30400
2015-09-03,17.280292510986328,17.75418842388178,17.2379809811869,17.75418842388178,49600
2015-09-04,17.0179500579834,17.34798436600151,16.967174307457,16.967174307457,11500
2015-09-08,16.840240478515625,17.144888567306918,16.747154817892334,17.051801292602708,19900
2015-09-09,16.713306427001953,16.90794201320276,16.662532277141118,16.76408057686279,27700
2015-09-10,16.831783294677734,16.95025848644948,16.577910881318097,16.577910881318097,72800
2015-09-11,16.831783294677734,16.94179585745997,16.493286205504404,16.840245923667247,21100
2015-09-14,16.891016006469727,17.001028542697785,16.71330568282893,16.924866514257143,29700
2015-09-15,17.009489059448242,17.136425219741266,16.713303609377284,16.874090273258236,40800
2015-09-16,17.364913940429688,17.525699014893615,16.9248670107702,16.9248670107702,26900
2015-09-17,17.474924087524414,17.669559662100337,17.36491316704964,17.36491316704964,13400
2015-09-18,17.508779525756836,17.745726687073734,17.229519218432294,17.229519218432294,34100
2015-09-21,17.771108627319336,18.033443588446623,17.686483977706388,17.728797109553334,28300
2015-09-22,17.51723861694336,17.940360307071643,17.483388106974143,17.931897679579336,61500
2015-09-23,17.144893646240234,17.686488974237264,17.034881086439967,17.51724124127889,23400
2015-09-24,17.34798812866211,17.542623705653014,16.9587169746803,16.9587169746803,39800
2015-09-25,17.51723861694336,17.754185730403258,17.25490200692539,17.331064040274978,13700
2015-09-28,17.41494369506836,17.687717879334574,17.193314263886464,17.58542674730355,20600
2015-09-29,17.091028213500977,17.52576280863253,17.07398104131252,17.52576280863253,30500
2015-09-30,17.45757484436035,17.525768432585846,17.048413315007387,17.133655706755103,77000
2015-10-01,17.508712768554688,17.542808733209622,17.278558910149126,17.372324032347144,56600
2015-10-02,16.835298538208008,17.559856015657807,16.707435836508033,17.48313806946533,34800
2015-10-05,16.784164428710938,17.048414396616717,16.750066819503225,16.83530921665901,24300
2015-10-06,16.818248748779297,16.92053987960113,16.52842577495687,16.835297541559996,22000
2015-10-07,17.37232780456543,17.47461897246689,17.031359954665497,17.031359954665497,21200
2015-10-08,17.60248565673828,17.704776847557817,17.37233169679181,17.37233169679181,45900
2015-10-09,17.363805770874023,17.58543366335602,17.287087798144476,17.49166851680226,248100
2015-10-13,17.244462966918945,17.56838360432784,17.005786313946874,17.54281040899679,21900
2015-10-14,16.99726104736328,17.218890517990957,16.82677633892271,17.099550571737485,24500
2015-10-15,16.88644790649414,17.06545703846302,16.630722433239065,16.88644790649414,24600
2015-10-16,17.04840660095215,17.04840660095215,16.89497068140554,16.903495079809545,23000
2015-10-19,16.963157653808594,17.099544723570627,16.86086816441813,17.065448769061177,41600
2015-10-20,16.920543670654297,17.116599953971715,16.809728118613855,17.116599953971715,24100
2015-10-21,16.835298538208008,16.96316123990798,16.707435836508033,16.78415378270051,21600
2015-10-22,16.920543670654297,16.963164036292785,16.835301313514588,16.835301313514588,22200
2015-10-23,16.6221981048584,16.988739143718984,16.51138416620569,16.937594374022574,47700
2015-10-26,16.784164428710938,16.88645400460708,16.468768046993592,16.758591221805155,24200
2015-10-27,16.82677459716797,17.04840404485458,16.588096355229503,17.005783685087447,29500
2015-10-28,17.03988265991211,17.1336494190102,16.98873789397806,17.03988265991211,40800
2015-10-29,16.97169303894043,17.13365339885875,16.82678148024786,16.82678148024786,6900
2015-10-30,16.238609313964844,16.97169143892902,16.21303774040015,16.860877493134982,21700
2015-11-02,16.56252670288086,16.69891382092501,16.28122806868196,16.409090788615515,15400
2015-11-03,16.90349769592285,17.014311640599836,16.39204509356546,16.39204509356546,15100
2015-11-04,16.383520126342773,16.954641881117553,16.247132987220105,16.758585571861584,26000
2015-11-05,16.19598388671875,16.19598388671875,15.68453143880776,16.13631473253726,143100
2015-11-06,15.991403579711914,16.178935443474632,15.965830387709593,16.153363877334858,43900
2015-11-09,16.042551040649414,16.11926900371902,15.667485624071666,15.86354354406222,158400
2015-11-10,16.09369659423828,16.136318590173442,15.488478884725103,15.948785059784536,37500
2015-11-11,15.991403579711914,16.238604598950833,15.982879182377808,16.238604598950833,27300
2015-11-12,15.94025993347168,16.289752119235924,15.897637943828077,16.07664704860589,45700
2015-11-13,15.991403579711914,16.170411046140522,15.931734424235712,15.940258821569818,38000
2015-11-16,16.042551040649414,16.19598696678862,15.965833077579811,15.991406273890618,19100
2015-11-17,16.161888122558594,16.306799638727348,16.0851717912812,16.093694563529926,42600
2015-11-18,16.451711654663086,16.485809248144577,16.161888613521384,16.27270416647349,16400
2015-11-19,16.65629005432129,16.664812824828484,16.40908743719123,16.62219246884306,40000
2015-11-20,16.690387725830078,16.724485314805616,16.622194173741537,16.622194173741537,139900
2015-11-23,16.71595573425293,16.77562487059529,16.65628659791057,16.673333761249797,40900
2015-11-24,16.954647064208984,17.048413860719243,16.639252318269207,16.639252318269207,56200
2015-11-25,17.159221649169922,17.25298841187527,16.920544981720468,17.09955248230756,207400
2015-11-26,17.3297061920166,17.414948554852973,17.14217429446686,17.24446382918023,9200
2015-11-27,17.218891143798828,17.346753866844995,17.159220355572064,17.235938314572312,10300
2015-11-30,17.210359573364258,17.883770501235308,16.988730187041792,17.099544067271996,187900
2015-12-01,17.304128646850586,17.321177440306037,16.971685303781427,17.09102360624473,52400
2015-12-02,17.37232780456543,17.4064254024869,17.073981952067335,17.073981952067335,43500
2015-12-03,17.159221649169922,17.57690906893218,17.082505310248923,17.346755174580615,76400
2015-12-04,16.920543670654297,17.073979588333227,16.70743859073639,16.980212832893272,27500
2015-12-07,16.315324783325195,16.835301710873843,16.289753213683635,16.792681344229393,64900
2015-12-08,16.13631820678711,16.349423303811,16.068124640773977,16.29827853576687,88000
2015-12-09,16.016977310180664,16.19598478262723,15.999928514939294,16.119266829903673,45500
2015-12-10,16.204513549804688,16.281231523215293,15.855021282428837,16.144844376232673,28800
2015-12-11,16.06812286376953,16.281227937225726,15.880589358575964,16.05107406768599,230700
2015-12-14,15.863546371459961,16.016982324946422,15.769779594137542,15.940264348203192,41900
2015-12-15,16.5199031829834,16.588096735692396,15.889112413959527,15.991403555954296,33400
2015-12-16,16.272703170776367,16.835300421894722,16.15336485261873,16.485808239407945,51700
2015-12-17,16.19598388671875,16.289750629496808,16.085169975504915,16.19598388671875,42400
2015-12-18,16.09369659423828,16.25565692706609,15.999931454906728,16.195987758619765,33300
2015-12-21,16.13631820678711,16.28122973779787,15.633390047741697,15.633390047741697,49500
2015-12-22,16.110746383666992,16.374996271268753,15.94026326702776,16.19598875491811,80500
2015-12-23,16.161888122558594,16.554002306370457,16.07664739316978,16.07664739316978,32600
2015-12-24,16.025503158569336,16.562528930734278,16.025503158569336,16.264181460182968,17000
2015-12-29,15.965354919433594,16.541070153987093,15.913798796038543,16.541070153987093,63600
2015-12-30,16.309064865112305,16.59262599740989,15.973947610289592,16.051282613547077,33300
2015-12-31,16.661367416381836,16.790260176276437,16.19735905315566,16.19735905315566,68600
2016-01-04,16.480920791625977,16.669961000172222,16.40358578837079,16.558255794881166,43100
2016-01-05,16.420772552490234,16.541070724205582,16.291879781149884,16.420772552490234,28200
2016-01-06,16.39499282836914,16.455141911137492,16.24032282185648,16.24891578210047,30400
2016-01-07,15.991129875183105,16.197355957079633,15.78490379328658,16.15439116568085,73200
2016-01-08,16.171573638916016,16.197352508266334,15.90519854471819,15.90519854471819,31500
2016-01-11,15.896605491638184,16.20594536620617,15.853642348587675,16.17157354061468,51300
2016-01-12,16.1372127532959,16.26610389646063,15.896614750832534,15.896614750832534,83700
2016-01-13,15.724750518798828,16.30046551806299,15.578673529763474,16.077053556071334,180100
2016-01-14,15.819276809692383,15.90520476888065,15.724755890691338,15.810683849879604,28400
2016-01-15,15.570085525512695,15.656011834694482,15.329487598561537,15.656011834694482,36300
2016-01-18,15.363862037658691,15.67320208075281,15.338084793360679,15.415419804134208,27900
2016-01-19,15.424007415771484,15.424007415771484,15.320893557522732,15.320893557522732,46200
2016-01-20,15.29511833190918,15.363860374160517,15.03733608320155,15.25215517010443,63800
2016-01-21,15.707573890686035,15.78490890129028,15.346677720846147,15.363862004027292,30600
2016-01-22,15.922391891479492,16.154395268194847,15.664607994438525,15.888020049631512,50400
2016-01-25,15.381046295166016,15.896612431544565,15.346676093508549,15.896612431544565,7900
2016-01-26,15.398237228393555,15.49275818186733,15.080304155125463,15.49275818186733,61000
2016-01-27,15.492755889892578,15.561497944356612,15.123266732545956,15.561497944356612,29100
2016-01-28,15.209187507629395,15.587267808661258,15.157629761993073,15.587267808661258,29800
2016-01-29,15.329487800598145,15.424008708671007,15.037333756499578,15.106075788114575,19300
2016-02-01,15.544306755065918,15.55289971383037,15.441192888831791,15.527120837537014,5300
2016-02-02,15.320893287658691,15.484156210785494,15.157630364531888,15.475563252837857,20900
2016-02-03,15.054523468017578,15.209193487864427,15.054523468017578,15.209193487864427,21100
2016-02-04,15.561491012573242,15.630233036416506,15.200594977661323,15.209187935509123,14600
2016-02-05,15.131855010986328,15.673198317479999,15.131855010986328,15.140447970002334,12500
2016-02-08,15.054523468017578,15.36386186877155,15.037337546047988,15.054523468017578,17500
2016-02-09,14.960001945495605,15.054522873656882,14.960001945495605,15.054522873656882,20500
2016-02-10,14.90844440460205,15.05452144382294,14.865479605455022,15.05452144382294,13200
2016-02-11,14.874070167541504,14.874070167541504,14.538952982914058,14.693622957031108,82800
2016-02-12,14.573321342468262,14.856884018598702,14.521765237235016,14.642065001364637,172000
2016-02-16,15.071706771850586,15.16622604838474,14.57332495494577,14.57332495494577,60100
2016-02-17,15.484159469604492,15.595864668555114,15.011556516654645,15.028742436166892,54200
2016-02-18,15.458374977111816,15.552895861167388,15.33807686208756,15.535709947895667,40100
2016-02-19,15.544306755065918,15.664604899889648,15.329487702772514,15.329487702772514,191200
2016-02-22,15.587270736694336,15.82786867804236,15.55290053875284,15.55290053875284,15900
2016-02-23,15.449783325195312,15.750530277092643,15.36385539051907,15.750530277092643,18100
2016-02-24,16.059871673583984,16.059871673583984,15.355265494078651,15.39822864592588,129400
2016-02-25,16.661367416381836,16.695739256070937,15.87942609178959,16.205952013077937,37300
2016-02-26,16.73011589050293,16.92775076683807,16.463740586234028,16.5410756163347,35200
2016-02-29,17.228487014770508,17.228487014770508,16.74729280557406,16.824627794062327,97400
2016-03-01,16.712926864624023,17.185528235525087,16.635591856448986,16.970709132581025,71900
2016-03-02,16.92774200439453,17.09100330437222,16.45513910520098,16.54966001282755,102000
2016-03-03,16.962108612060547,17.133964473398372,16.687140545071195,16.996480439903696,82600
2016-03-04,16.678552627563477,17.202711687974332,16.498105393681385,16.678552627563477,72000
2016-03-07,16.747295379638672,16.979300380762716,16.62699721858451,16.62699721858451,47700
2016-03-08,16.66995620727539,16.85040504263524,16.65277029172891,16.65277029172891,23100
2016-03-09,16.893375396728516,16.99648929504114,16.60122126360586,16.764484253042596,91200
2016-03-10,16.893375396728516,16.97071041072803,16.74729833016719,16.919154281041624,18500
2016-03-11,16.94493293762207,17.022267958062198,16.781671573528424,16.970711824082098,84600
2016-03-14,16.86759376525879,16.99648652689228,16.798851723892714,16.92774448552621,32000
2016-03-15,16.833219528198242,16.94492470403392,16.75588454533541,16.85040544415424,18800
2016-03-16,16.94493293762207,17.039453882368882,16.7558926870684,16.824634745355183,119000
2016-03-17,16.876184463500977,17.211303304319078,16.798849472461363,16.910556299047173,51600
2016-03-18,16.86759376525879,17.07382152829656,16.755888562641246,16.833223564045525,75300
2016-03-21,17.108190536499023,17.108190536499023,16.893371467342643,16.98789238223207,126400
2016-03-22,17.09101104736328,17.185531997812063,16.87619189739063,17.065233798288194,18100
2016-03-23,17.254268646240234,17.2714545661911,17.005079362710838,17.022263643722166,193600
2016-03-24,17.29723358154297,17.323012464113685,17.142565202937774,17.194121329139506,22300
2016-03-28,17.426122665405273,17.469085821652477,17.254266762537746,17.262859721575058,31400
2016-03-29,17.910905838012695,17.910905838012695,17.40015490013718,17.573289775813038,161900
2016-03-30,17.74642562866211,18.04941371352825,17.67717135079147,17.98881642678547,48200
2016-03-31,17.98015785217285,18.058069114309827,17.573287560757077,17.685826784355854,65400
2016-04-01,18.101348876953125,18.170603135188433,17.781048551796736,17.893586102247202,28000
2016-04-04,17.997468948364258,18.32642627376743,17.936870025518576,17.962840992452442,36600
2016-04-05,17.86762046813965,17.945531738297998,17.755082884106617,17.876277459396384,43900
2016-04-06,17.832996368408203,17.962847951077066,17.65985982408142,17.807025391413447,98300
2016-04-07,17.971500396728516,18.187920196807877,17.711795645942058,17.78970690606279,27200
2016-04-08,17.98015785217285,18.058069114309827,17.78105202722373,17.876275618939523,26700
2016-04-11,18.01478385925293,18.179263371123767,17.928215608207644,18.01478385925293,28300
2016-04-12,18.101348876953125,18.179260123861816,17.85895814755367,18.06672257341135,69600
2016-04-13,18.56882095336914,18.785240770302803,18.05807005331352,18.17926462242768,60000
2016-04-14,18.50821876525879,18.646728942816296,18.412995185324842,18.568817690319143,85200
2016-04-15,18.724641799926758,18.880464332014853,18.56882091899083,18.698672478680187,29300
2016-04-18,18.50821876525879,18.724638544161568,18.30911296494468,18.655384280958753,72400
2016-04-19,18.43896484375,18.57747337272234,18.09269352131915,18.4822497910238,94200
2016-04-20,18.464941024780273,18.74195816092709,18.387029748844935,18.482255008577543,241600
2016-04-21,18.56882095336914,18.698672513298906,18.387027448545737,18.43031240262377,59500
2016-04-22,18.65538787841797,18.819867404424436,18.257176200999595,18.603447583787787,56700
2016-04-25,18.361061096191406,18.612108939557277,18.179269196776875,18.60345194656336,19900
2016-04-26,18.421655654907227,18.603447510977457,18.291802442111702,18.33508739676094,30200
2016-04-27,18.819869995117188,18.975692551610038,18.456284580351344,18.638078113310478,102700
2016-04-28,18.62942123413086,18.96703567447784,18.612107249715006,18.72464484611319,436900
2016-04-29,19.140167236328125,19.235390823534612,18.60344541715119,18.75061094409067,47600
2016-05-02,18.88912010192871,19.148824855673745,18.88046311168867,19.131510875193666,19800
2016-05-03,19.010311126708984,19.122850327743038,18.863147273459724,19.036282092598015,83000
2016-05-04,19.001659393310547,19.044942693516806,18.482251535075132,18.932405122289296,33800
2016-05-05,18.94972038269043,19.062259622476784,18.690017238979692,19.04494563925545,62300
2016-05-06,18.664047241210938,19.24405250027037,18.534195662557835,18.759272502761,99000
2016-05-09,18.43896484375,18.793893155635615,18.38702455817335,18.620758319996142,125700
2016-05-10,18.361061096191406,18.698677218343875,18.300463796386563,18.447629374978003,48200
2016-05-11,19.027631759643555,19.027631759643555,18.27449164809002,18.34374593020014,32700
2016-05-12,19.27001953125,19.313302831555372,18.98434545623917,19.02762875654454,30400
2016-05-13,19.425844192504883,19.538381776377737,19.044944833512012,19.347932922457424,69600
2016-05-16,19.425844192504883,19.477784488819104,19.347932922457424,19.477784488819104,23500
2016-05-17,19.044940948486328,19.43449721925704,18.958372704853737,19.42584022977859,59800
2016-05-18,19.140167236328125,19.3392730518486,18.871805501163657,18.871805501163657,35500
2016-05-19,19.25271224975586,19.512417095410047,18.906440773369585,19.12286065250509,34500
2016-05-20,19.29599380493164,19.408531395679393,19.114200279997764,19.200768546578068,20300
2016-05-24,19.80674171447754,19.867340652619756,19.330618758568612,19.330618758568612,94800
2016-05-25,19.737489700317383,19.780774661098263,18.69867540886261,19.72883435931363,93100
2016-05-26,19.893310546875,20.057790081399503,19.66823372361839,19.66823372361839,66200
2016-05-27,19.76345443725586,20.031814504763535,19.73748346898664,19.850022680334693,32300
2016-05-30,19.72882652282715,19.953901624875957,19.581661016932607,19.746138849110448,6300
2016-05-31,19.867334365844727,19.95390094777906,19.72016886494396,19.728825853367738,21300
2016-06-01,19.46047019958496,19.867340525897777,19.15748211541539,19.867340525897777,57100
2016-06-02,19.417184829711914,19.64226162111976,19.382556868963608,19.495096090243557,57700
2016-06-03,19.598976135253906,19.754798652064203,19.365244011190466,19.399870319841643,12700
2016-06-06,19.434494018554688,19.486434295719338,19.35658277723189,19.486434295719338,30200
2016-06-07,19.676891326904297,19.884654173797404,19.469128480011193,19.477785471692446,29800
2016-06-08,19.633607864379883,19.73748846142874,19.512413284105445,19.702862146129895,20300
2016-06-09,19.676891326904297,19.694205310266806,19.088229101797662,19.10554308516017,20500
2016-06-10,19.15748405456543,19.659578031584044,19.00166315230646,19.659578031584044,67100
2016-06-13,19.096879959106445,19.209419163660147,18.664040420996088,18.741951669948097,22100
2016-06-14,18.923751831054688,19.157484009469137,18.811212586677,19.157484009469137,66000
2016-06-15,19.287330627441406,19.69419920338234,18.79389216153199,18.854491084509924,71100
2016-06-16,18.664047241210938,19.295994452653535,18.603449947916317,19.295994452653535,32700
2016-06-17,18.317771911621094,18.67270025485608,18.309114921401697,18.67270025485608,21400
2016-06-20,18.17926597595215,18.438969115147692,18.032100423434063,18.274491230861585,101700
2016-06-21,18.733299255371094,19.018973354234163,18.075382798654168,18.196579021702156,40100
2016-06-22,18.620759963989258,18.733297534533058,18.412997152187746,18.733297534533058,31800
2016-06-23,19.21807861328125,19.339273171101564,18.620759511884536,18.620759511884536,94900
2016-06-24,18.923751831054688,19.04494641624384,18.066729440462,19.027632432316135,46200
2016-06-27,18.19658088684082,18.854497410993798,18.110012618976835,18.854497410993798,53300
2016-06-28,18.850505828857422,19.05104271800003,18.37095914171071,18.379678353806433,63300
2016-06-29,18.833065032958984,19.051040318842723,18.737155375003915,18.867940213930268,74900
2016-06-30,19.4172420501709,19.4172420501709,18.72843923556191,18.73715844798959,51200
2016-07-04,18.920251846313477,19.513143113117124,16.984630615066255,18.676118974321998,12600
2016-07-05,18.649967193603516,18.998729023799882,18.414555120146524,18.928975327344883,59100
2016-07-06,18.248891830444336,18.58021354470033,18.10066856440414,18.56277678512229,55500
2016-07-07,18.77203369140625,18.780752903087837,18.214015784921706,18.248892631648058,69200
2016-07-08,18.684839248657227,19.112070551729605,18.632525652755508,18.789466440460668,16100
2016-07-11,18.545339584350586,18.937694140528077,18.50174352498445,18.70228207202943,14100
2016-07-12,18.719715118408203,18.81562476696378,18.510459064030005,18.545335904602684,17700
2016-07-13,18.658687591552734,18.81563009251198,18.484308328391165,18.78947245467885,35500
2016-07-14,18.641244888305664,18.763312173826982,18.554056108243927,18.763312173826982,9100
2016-07-15,19.24286460876465,19.399807134814893,18.754600265623903,18.806913886633975,73400
2016-07-18,19.460830688476562,19.731119541644507,19.190541835308622,19.20798025500184,33100
2016-07-19,19.922945022583008,20.027572247213065,19.530588772670924,19.565465622894113,25800
2016-07-20,19.95781898498535,20.036290230152026,19.731124461506024,19.92294379992219,30700
2016-07-21,20.027568817138672,20.053726450326103,19.957816791658317,19.957816791658317,14400
2016-07-22,20.062448501586914,20.21067178459376,19.835753970928227,20.05372928929008,84300
2016-07-25,20.088607788085938,20.13220219013025,19.97525968193898,20.045011723021783,11400
2016-07-26,20.114761352539062,20.2193902331292,20.01885168391641,20.140918988441506,11300
2016-07-27,20.411209106445312,20.428647531404724,20.09732410925485,20.132200959173673,68200
2016-07-28,20.480960845947266,20.873317086739625,20.35889519904285,20.35889519904285,114600
2016-07-29,20.57686996459961,20.873316524542815,20.071167302876436,20.306581041011274,73200
2016-08-02,20.794845581054688,20.855878403751056,20.158358054335846,20.594308688475277,19800
2016-08-03,19.59161949157715,20.803563298241194,19.548025096504016,20.803563298241194,38200
2016-08-04,20.289140701293945,20.385048699501212,19.626495610040646,19.661370792201602,21800
2016-08-05,20.236833572387695,20.489685812579857,20.097329461598978,20.402495327581864,12100
2016-08-08,20.59431266784668,20.63790707447635,20.210675570029533,20.23683154879933,21500
2016-08-09,20.707656860351562,20.81228575305891,20.594310417686785,20.594310417686785,11800
2016-08-10,20.00141716003418,20.803566457541788,19.90550748068463,20.786128031656446,10400
2016-08-11,20.053726196289062,20.367611138484158,19.95781653883624,20.367611138484158,43000
2016-08-12,21.658023834228516,21.954470346432853,20.786122719043856,20.916907553717675,227600
2016-08-15,22.58224105834961,22.6519930887893,21.67546466263363,21.67546466263363,143400
2016-08-16,22.381711959838867,22.58224890919331,22.155017366343348,22.50377763979024,62100
2016-08-17,22.399137496948242,22.460170301795152,22.242195048473793,22.425293463014516,42700
2016-08-18,22.364269256591797,22.477617363188777,22.155013132512583,22.346830830496902,40000
2016-08-19,22.416574478149414,22.61711297711099,21.89343519534662,22.36426088247298,107400
2016-08-22,22.5473690032959,22.64327701907136,22.172451164026892,22.294516818479195,28500
2016-08-23,22.992033004760742,23.10537941734371,22.503767185737253,22.54736323905331,210500
2016-08-24,23.053068161010742,23.323357066982634,22.86124883294977,23.018191314810725,86900
2016-08-25,23.637245178222656,23.733153192004625,22.878690302559278,23.00947516718544,113100
2016-08-26,23.410545349121094,24.012157586140713,23.3843877168961,23.637239839346158,315700
2016-08-29,23.768022537231445,23.88136894064226,23.45413763083341,23.497733680621614,232100
2016-08-30,24.439388275146484,24.509140296178927,23.715710433302597,23.715710433302597,364100
2016-08-31,24.360918045043945,24.439389279808687,23.968561871220235,24.360918045043945,180400
2016-09-01,24.761993408203125,25.058439945183927,24.221415602898983,24.221415602898983,174600
2016-09-02,25.067161560058594,25.29385609025105,24.796872631491304,24.840467029866133,111700
2016-09-06,25.43335723876953,25.54670365933414,25.110753073591102,25.1194722848683,192800
2016-09-07,25.328725814819336,25.76467635664424,25.258973794648124,25.69492433647303,154400
2016-09-08,24.98868751525879,25.415918890981413,24.7794314330489,24.87534109436075,103900
2016-09-09,25.145633697509766,25.49439388591092,24.910219946706576,24.988691196974305,143500
2016-09-12,25.537979125976562,25.57285429852687,24.90149018098816,25.119465414239503,287100
2016-09-13,25.241540908813477,25.59030106316784,25.067160000126496,25.50311060882435,264700
2016-09-14,24.88405990600586,25.34616645649858,24.88405990600586,25.285133641378373,183700
2016-09-15,24.53529930114746,25.25025802096757,24.500424117824792,24.945093930570867,174200
2016-09-16,24.47426414489746,25.10203401492657,24.151661662149753,24.535296957145977,1734000
2016-09-19,25.136911392211914,25.31129229646748,24.753274400661393,24.82302642975971,268900
2016-09-20,25.476953506469727,25.721086451133655,25.189226165232068,25.2415414367441,243800
2016-09-21,25.372323989868164,25.6600513050277,25.258975908218343,25.389762412124977,88100
2016-09-22,25.511823654174805,25.72107969620878,25.35488120689453,25.35488120689453,94300
2016-09-23,25.21538543701172,25.546707196319915,25.1717910376095,25.45079918503108,60600
2016-09-26,24.84046745300293,25.19794684742895,24.761996204175784,25.102038836766667,79300
2016-09-27,25.381046295166016,25.381046295166016,24.552739430203772,24.76199553373725,177200
2016-09-28,25.792959213256836,25.950714581304055,25.354750600518212,25.354750600518212,133200
2016-09-29,25.88060188293457,25.915657703534453,25.503742199594722,25.82801564458489,206300
2016-09-30,25.635204315185547,25.96824213145395,25.10935363593202,25.96824213145395,248300
2016-10-03,25.6614990234375,25.924423543530576,25.47745052206568,25.871838973838628,115400
2016-10-04,25.58262062072754,25.86307388011974,25.50374293256932,25.50374293256932,57200
2016-10-05,25.670257568359375,25.784191055428,25.626435710538406,25.6352000821026,72500
2016-10-06,25.670257568359375,25.84553998474441,25.582615524350384,25.75789794073542,76600
2016-10-07,25.591384887695312,25.74037589008246,24.539683497711508,24.539683497711508,85000
2016-10-11,25.50374412536621,25.670263882780855,25.35475311539171,25.61767764046042,50500
2016-10-12,25.43362808227539,25.62643926855906,25.363514771660128,25.530032839600633,38900
2016-10-13,25.424861907958984,25.69655075838785,25.144408685370077,25.22328636317734,429300
2016-10-14,25.50374412536621,25.75790427671485,25.416102059798853,25.477451004205992,89500
2016-10-17,25.573854446411133,25.679023575460164,25.41609908120442,25.50374113650072,81100
2016-10-18,25.722843170166016,25.79295647389242,25.442389955260396,25.538794703113567,83100
2016-10-19,25.714082717895508,25.924422661137264,25.573856089067668,25.74913853928583,60400
2016-10-20,25.819259643554688,25.880610274855904,25.705326100119983,25.72285485192033,44700
2016-10-21,25.994539260864258,26.371399000330868,25.79296366540232,25.810492414129484,142800
2016-10-24,26.134767532348633,26.134767532348633,25.898134424719657,26.073418579622658,229200
2016-10-25,26.08217430114746,26.274985470264184,25.977003508771865,26.134758861518744,32500
2016-10-26,25.85431480407715,26.21364582525058,25.85431480407715,26.003305837610057,53500
2016-10-27,25.64396858215332,25.94195057677699,25.512506330791872,25.854308518658282,56200
2016-10-28,25.25834846496582,25.731614649567472,25.214528264895364,25.608915080429924,59300
2016-10-31,25.35474967956543,25.801722648919547,25.26710762587446,25.79295827638714,94900
2016-11-01,24.977888107299805,25.442389786170807,24.811368385193898,25.416096670585766,73200
2016-11-02,24.434513092041016,24.899014853391655,24.31181520745656,24.899014853391655,57700
2016-11-03,24.504621505737305,24.54844336406065,24.2066412273034,24.32933908734283,99400
2016-11-04,24.977888107299805,25.573852020829992,24.750019453795144,24.92530354776273,364200
2016-11-07,25.12688446044922,25.381044612272046,25.030478020981924,25.18823340497082,153300
2016-11-08,25.345985412597656,25.477447657865078,25.161936931916756,25.389805603809084,212900
2016-11-09,25.416101455688477,25.626441405070587,25.153176936869166,25.153176936869166,96700
2016-11-10,25.54756736755371,25.565096117083247,25.267114061615363,25.512511540128198,52900
2016-11-11,26.24869728088379,26.362630787755478,25.433628971707133,25.556326851666373,68500
2016-11-14,26.055885314941406,26.65184933238493,25.941951804139933,26.283754008177656,103500
2016-11-15,26.134767532348633,26.32758043706865,26.073418579622658,26.126003157440124,106400
2016-11-16,26.152292251586914,26.301283258801966,26.038357066969525,26.16982099870241,149100
2016-11-17,26.537918090820312,26.581738289883305,26.196114185921903,26.248700430757623,154700
2016-11-18,26.62556266784668,26.93230912433201,26.555449335361494,26.60803558845066,66500
2016-11-21,26.476560592651367,26.879713340143372,26.388920217296285,26.87094896828126,124700
2016-11-22,26.9060115814209,26.9060115814209,26.380160870948938,26.485330010063336,163600
2016-11-23,26.76578140258789,27.01117714243678,26.757017030217128,26.835894709920872,204800
2016-11-24,26.9498291015625,27.011178038560036,26.572969435282598,26.87095141924191,74300
2016-11-25,26.835901260375977,27.01994811018719,26.774550638805394,26.906014584823133,50900
2016-11-28,27.002412796020508,27.177696900338,26.85342180884057,26.85342180884057,33800
2016-11-29,26.757017135620117,27.168932608869902,26.68690382801094,27.03747036605683,100300
2016-11-30,26.941064834594727,27.24781119241898,26.713196159400518,26.757018022880075,138400
2016-12-01,26.336341857910156,26.853428250897824,26.038359812065277,26.853428250897824,146300
2016-12-02,26.537918090820312,26.71320055870572,26.28375625568133,26.362633951301465,79900
2016-12-05,26.231168746948242,26.599264061437513,25.91565799977651,26.537915120961507,111100
2016-12-06,26.283748626708984,26.371390671029925,26.047115608532337,26.222399697174215,74900
2016-12-07,26.143526077270508,26.31881019308528,26.108470257087482,26.310045820131222,204400
2016-12-08,26.29252052307129,26.46780466187847,25.977009741871733,26.12600075836781,66600
2016-12-09,26.318805694580078,26.494088108801733,26.117228494357423,26.292512580212012,97800
2016-12-12,26.82712745666504,26.923532199124583,26.274983758031887,26.274983758031887,275800
2016-12-13,26.169816970825195,26.94982770944425,26.082174920370306,26.704430302497176,105000
2016-12-14,25.512508392333984,26.204877196988967,25.459922150233588,26.12599950547173,204000
2016-12-15,25.442394256591797,25.757903340884575,25.161939322639,25.486214451966728,114800
2016-12-16,26.283748626708984,26.310041741495155,25.416095898360897,25.617671430155987,72100
2016-12-19,26.3976993560791,26.57298187647563,26.292528506534033,26.292528506534033,65100
2016-12-20,26.511619567871094,26.651846182268027,26.24869508378512,26.397686070535997,46000
2016-12-21,26.37139892578125,26.686909715444347,26.12600145919512,26.467805371874636,66100
2016-12-22,26.336341857910156,26.546683502204722,26.292521657135,26.310050406098465,50400
2016-12-23,26.511619567871094,26.56420413036167,26.19610884966144,26.380157325828105,37100
2016-12-28,26.64374542236328,26.925596344813872,26.21216098736531,26.21216098736531,53200
2016-12-29,27.16340446472168,27.16340446472168,26.6965878970595,26.6965878970595,63800
2016-12-30,27.269092559814453,27.498096775467275,27.031281975834947,27.163399340259883,47400
2017-01-03,26.723012924194336,27.348369371627,26.599703580748752,27.304330800386097,56700
2017-01-04,27.410022735595703,27.700681642009492,26.749434159204032,26.749434159204032,90700
2017-01-05,26.98724937438965,27.515720661661373,26.705398469168436,27.515720661661373,52500
2017-01-06,26.775854110717773,26.916779526040227,26.52042742543213,26.916779526040227,50300
2017-01-09,26.64374542236328,26.81990308887691,26.626129319719116,26.811095037554825,20000
2017-01-10,27.13697624206543,27.225055048400407,26.73181608487344,26.83750930850461,50000
2017-01-11,26.863927841186523,27.321936194456924,26.819889287202624,27.216241312947158,84700
2017-01-12,26.687772750854492,27.14578114678089,26.423538042415657,26.996047697342004,68600
2017-01-13,26.423538208007812,26.714197061097366,26.388306017348075,26.661350455071076,108000
2017-01-16,26.687772750854492,26.83750620029338,26.414729994805924,26.423538042415657,36800
2017-01-17,26.335466384887695,26.872745674975665,26.32665833489041,26.775858804969307,67700
2017-01-18,25.674880981445312,26.405932423456825,25.54276357480978,26.405932423456825,97400
2017-01-19,26.159305572509766,26.42354030355999,25.7189132341171,25.736527650880586,183300
2017-01-20,26.141695022583008,26.37069928873342,26.07123230068779,26.141695022583008,43800
2017-01-23,25.895076751708984,26.29143064442469,25.85103817694677,26.150505189228873,93200
2017-01-24,26.22977638244629,26.273814957904726,25.85984663671795,25.85984663671795,96000
2017-01-25,26.22096061706543,26.22096061706543,25.97434029914842,26.203344520079185,104100
2017-01-26,26.11527442932129,26.344278726666776,26.000773120630562,26.203353263679404,105400
2017-01-27,26.423538208007812,26.4763848140341,26.203342056274412,26.273804757630568,152800
2017-01-30,26.22096061706543,26.573274156972957,26.168112326106694,26.423540692516823,103900
2017-01-31,26.29142951965332,26.34427614309994,25.99196252018269,26.141696019918005,241200
2017-02-01,26.212160110473633,26.33546946492962,26.15050543324564,26.29143088975647,49900
2017-02-02,26.6173095703125,26.64373371266556,26.247379977186053,26.29142021444115,86500
2017-02-03,26.546857833862305,26.643744715872128,26.40593237637382,26.643744715872128,37200
2017-02-06,26.723012924194336,27.08413458425395,26.62612605150777,26.64374215198966,52000
2017-02-07,26.863927841186523,26.96962272269629,26.76704100646617,26.76704100646617,30600
2017-02-08,27.603792190551758,27.70067904358924,26.811086309233055,26.811086309233055,140400
2017-02-09,28.176305770874023,28.343655354573308,27.568563783728827,27.603795982387073,296600
2017-02-10,28.60788917541504,28.801662901678387,28.176304835954113,28.185112885326415,65500
2017-02-13,28.36127471923828,28.775241341388284,28.246771740379533,28.625509519742657,64800
2017-02-14,28.537425994873047,28.731196346641138,28.370074749344703,28.42292304160529,51400
2017-02-15,28.969017028808594,29.127558591672503,28.572663121648816,28.572663121648816,72400
2017-02-16,29.435829162597656,29.50629356596824,29.00424645169971,29.074707495142615,87200
2017-02-17,29.06589698791504,29.38298003809883,28.84570079861265,29.33894147222379,49800
2017-02-21,28.907358169555664,29.382982789366327,28.819281029558514,29.10113190946242,40800
2017-02-22,28.907358169555664,29.01305140953775,28.572658989696954,28.810471299602284,83300
2017-02-23,29.136363983154297,29.153976723135376,28.87212584445302,29.03947711362083,38900
2017-02-24,27.313133239746094,27.823988289030215,26.12407358090583,27.08412902041687,545900
2017-02-27,26.494009017944336,27.172213776041243,26.33546747137999,27.172213776041243,282900
2017-02-28,26.687772750854492,27.14578114678089,26.353075341501082,26.353075341501082,157000
2017-03-01,26.22096061706543,26.71419957293597,26.115265715111434,26.687775427456604,193300
2017-03-02,25.956724166870117,26.54684997539917,25.93030170139015,26.203344484451808,79700
2017-03-03,25.93030548095703,26.115269486130803,25.859842762800778,26.018384298643277,72600
2017-03-06,25.4722957611084,25.939112296661982,25.4722957611084,25.939112296661982,123200
2017-03-07,25.912694931030273,26.14169923407383,25.366607488393473,25.366607488393473,316900
2017-03-08,25.50752830505371,26.01838512792366,25.313756243938872,25.974344877694993,130600
2017-03-09,25.886266708374023,25.895074758641325,25.44587427479181,25.44587427479181,143200
2017-03-10,25.965534210205078,25.983150308520763,25.69249140616636,25.89507149690594,95500
2017-03-13,25.445873260498047,25.912689826274466,25.20806263261548,25.895073726442053,86300
2017-03-14,24.785282135009766,25.30494526787284,24.77647408598251,25.17282789239115,90500
2017-03-15,24.617935180664062,24.86455384296247,24.43296950397662,24.86455384296247,121400
2017-03-16,24.82932472229004,25.1552141672217,24.573896316295844,24.573896316295844,97100
2017-03-17,25.11998748779297,25.28733542078812,24.820520466693026,24.92621372122007,119600
2017-03-20,24.882173538208008,25.119985865481326,24.74124808796394,25.119985865481326,180600
2017-03-21,24.750059127807617,25.023102010636983,24.68840444587493,24.88217654337253,87700
2017-03-22,24.565088272094727,24.750053959230314,24.503433603037443,24.697207340033174,66900
2017-03-23,24.90859031677246,24.996667437129847,24.59150730760303,24.59150730760303,58100
2017-03-24,25.21686553955078,25.234481636963984,24.820513427534806,24.8909761372241,71500
2017-03-27,25.401830673217773,25.833414971068137,24.970246375367406,25.18163450003105,72800
2017-03-28,25.718917846679688,25.75414836648853,25.304947899170482,25.481105538105943,54500
2017-03-29,26.03763771057129,26.126171328971044,25.568410715099404,25.745477951898916,115400
2017-03-30,25.70120620727539,26.16157787987577,25.630379666210874,26.064192441310773,81200
2017-03-31,25.763179779052734,26.00221999357526,25.47987360864292,25.701206765355334,89200
2017-04-03,25.913694381713867,26.00222800941916,25.780894784475183,25.922547913348247,46400
2017-04-04,26.126174926757812,26.48030776048549,25.718920901492073,25.95796119749771,131600
2017-04-05,26.126174926757812,26.31209403122539,26.0730554238583,26.188147961580338,77800
2017-04-06,26.480295181274414,26.807868952260822,26.161574938005234,26.223549632025822,97900
2017-04-07,26.533422470092773,26.613102554367025,26.3563569295353,26.524568939769164,51500
2017-04-10,26.5865478515625,26.825586453504798,26.471453627813883,26.61310675809025,56100
2017-04-11,26.790172576904297,26.79902610815104,26.462598675328405,26.65737298547996,133800
2017-04-12,26.869850158691406,27.49843562072772,26.763609482296314,26.825582506594174,73800
2017-04-13,26.976085662841797,27.241686475211544,26.843286100975945,26.940673234375325,87400
2017-04-17,26.763607025146484,27.17086094385997,26.745899965933265,27.01150078821722,36600
2017-04-18,27.14430046081543,27.21512700930619,26.692780580947534,26.81672830728495,45100
2017-04-19,27.60466957092285,27.648935523595906,27.17971034616529,27.22397629883834,86800
2017-04-20,27.826007843017578,28.047341024475067,27.657794152291203,27.84371490280734,92300
2017-04-21,28.020782470703125,28.26867625985653,27.843716925854938,27.843716925854938,213200
2017-04-24,28.401470184326172,28.4900020895357,27.976509271586337,28.065042865433714,124000
2017-04-25,28.295228958129883,28.649363347446677,28.06504396916705,28.649363347446677,78000
2017-04-26,27.781742095947266,28.543130521300824,27.781742095947266,28.321795636048872,46900
2017-04-27,27.613525390625,27.94109752031919,27.383338702620385,27.82600502063588,65200
2017-04-28,27.26824951171875,27.62238398194334,27.100037495864203,27.58696985946556,77700
2017-05-01,27.43646240234375,27.45416946305738,27.241689800408547,27.33022341533846,90800
2017-05-02,27.206270217895508,27.67549710078984,27.064617137896825,27.507283435052187,108400
2017-05-03,27.250545501708984,27.285957937319168,26.92297160696327,27.18857078427399,72100
2017-05-04,26.88755989074707,27.29481219867159,26.799026266395263,27.29481219867159,74500
2017-05-05,27.215126037597656,27.294806112884572,25.21427400337588,26.117313730868887,320300
2017-05-08,27.223983764648438,27.241690826028723,26.896409883666443,27.144303677075474,87500
2017-05-09,27.40104866027832,27.489580582339748,27.03806237618432,27.162008417980854,94000
2017-05-10,27.277097702026367,27.436457844700236,27.179712261555203,27.392191888907703,88600
2017-05-11,26.940675735473633,27.498434622546228,26.8964080849833,27.294808496205295,126800
2017-05-12,26.896408081054688,27.117741267559424,26.666223053091382,26.967234633190674,78300
2017-05-15,26.79901885986328,26.91411135766524,26.489152104590048,26.82557775778175,88700
2017-05-16,26.604248046875,26.790168799565503,26.55998208552107,26.790168799565503,36000
2017-05-17,26.36521339416504,26.72819973464027,26.285533301022824,26.621959047571174,86200
2017-05-18,26.515714645385742,26.701633699069355,26.18814080826564,26.365208021082683,105100
2017-05-19,26.790172576904297,26.993798729664174,26.498012800315387,26.577692892897673,112700
2017-05-23,26.905261993408203,27.285955349787166,26.74590182667857,26.790169477791373,28400
2017-05-24,26.905261993408203,27.02035619766326,26.807876538236492,26.860996030933627,17300
2017-05-25,26.84328842163086,27.020355645185166,26.763608339895242,26.914114973324946,30900
2017-05-26,26.72820281982422,26.861002427510567,26.595403212137875,26.861002427510567,112800
2017-05-29,27.206270217895508,27.40104446937213,26.74589686358083,26.74589686358083,24700
2017-05-30,27.055767059326172,27.392194433700926,26.931821020681856,27.179714786608614,50100
2017-05-31,26.745901107788086,27.17971563384211,26.515716082741456,27.17971563384211,130000
2017-06-01,26.79901885986328,26.834431286633897,26.489152104590048,26.737045846536226,79900
2017-06-02,26.84328842163086,26.931822033408015,26.480302133118904,26.790168930019846,61900
2017-06-05,26.737051010131836,26.958384208266576,26.542276715044757,26.551130245606743,53300
2017-06-06,26.604248046875,26.82558123092101,26.524567965527382,26.799022329563925,27300
2017-06-07,26.462587356567383,26.799014645491013,26.33864134940484,26.61309394610949,44600
2017-06-08,26.54227066040039,26.56883124602752,26.108457893651348,26.409471109540547,43000
2017-06-09,26.489164352416992,26.71049761014486,26.338657669616488,26.577697993235887,62700
2017-06-12,26.01107406616211,26.453740417577407,25.887128028130025,26.453740417577407,91000
2017-06-13,25.816299438476562,25.949098995674724,25.73661936643007,25.940245466709783,56700
2017-06-14,25.727766036987305,25.834006696752535,25.550700522229253,25.763180153121716,42800
2017-06-15,25.7808895111084,25.860567902242952,25.44446213237073,25.639234722571697,116700
2017-06-16,25.4090518951416,25.825157700933996,25.18771869636385,25.825157700933996,87100
2017-06-19,25.639236450195312,25.71891653533702,25.338224859106734,25.41790325561018,96700
2017-06-20,25.50643539428711,25.665795555343188,25.444462373573785,25.594969004722504,49900
2017-06-21,25.559555053710938,25.612674541357904,25.479874977921455,25.515287406806745,53200
2017-06-22,25.320520401000977,25.612680180339364,25.267400901659027,25.524146555677152,56300
2017-06-23,25.603822708129883,25.69235631916521,25.178863401526126,25.293955913825325,94900
2017-06-26,25.276247024536133,25.630381443047156,25.06376738661235,25.594967325740832,47300
2017-06-27,24.868999481201172,25.5241455767533,24.82473351488701,25.33822649186778,84000
2017-06-28,24.779993057250977,25.038117100709723,24.726588375449897,24.966910292406876,101400
2017-06-29,24.477354049682617,24.80668646934064,24.37944409021875,24.65537184912537,45300
2017-06-30,24.949111938476562,25.01141768871012,24.139133790031558,24.477365733172753,136300
2017-07-04,24.548566818237305,24.797791458711703,24.4773600206309,24.744385087228924,38000
2017-07-05,24.593069076538086,24.76218584818436,24.4506554891635,24.54856546712248,82800
2017-07-06,24.682077407836914,24.860095236686107,24.54856488505194,24.628672738263692,62800
2017-07-07,24.495159149169922,24.69097739421672,24.43285342109611,24.69097739421672,54200
2017-07-10,24.397249221801758,24.530761739015574,24.397249221801758,24.477357071670802,15500
2017-07-11,24.557464599609375,24.699878175797675,24.37054571979739,24.37054571979739,22400
2017-07-12,24.975805282592773,25.06481419575417,24.477357745674293,24.628672388737524,44400
2017-07-13,24.949111938476562,25.020318752701254,24.851201932278475,24.96691236875446,57100
2017-07-14,24.940200805664062,25.180524343288468,24.85119189939165,24.931299745266454,32500
2017-07-17,24.610870361328125,25.04701217002413,24.50406102328623,24.922400709740646,35500
2017-07-18,24.477354049682617,24.58416506888898,24.370543030476256,24.58416506888898,59700
2017-07-19,24.361644744873047,24.548561914613796,24.237031600675582,24.441750890687917,63700
2017-07-20,23.952213287353516,24.2904469062509,23.8632043509224,24.237040525769675,101600
2017-07-21,23.889904022216797,24.308243754806703,23.872101898011948,23.961110821332184,54300
2017-07-24,23.85429573059082,23.907702094153183,23.79199000413845,23.898801033559455,39100
2017-07-25,23.907703399658203,24.03231485936748,23.613975174840753,23.82759554764401,202000
2017-07-26,23.462657928466797,23.925501169331348,23.382550085341396,23.880997566574404,45800
2017-07-27,23.20453453063965,23.60507378513438,22.830698459012496,22.830698459012496,110000
2017-07-28,23.079931259155273,23.168940202581698,23.026526572181172,23.142237010242454,53200
2017-07-31,22.750595092773438,23.071026559533554,22.47466893956563,23.053224434112632,378700
2017-08-01,23.4804630279541,23.605076196361413,22.75949399392135,22.75949399392135,218500
2017-08-02,23.462657928466797,23.52496365140797,23.400352205525625,23.4804583509474,78800
2017-08-03,27.64606475830078,27.70837049331194,25.81248846671213,25.81248846671213,452400
2017-08-04,28.838775634765625,29.016790043604075,27.726166904785682,27.726166904785682,254400
2017-08-08,28.162311553955078,28.883282207362114,28.037700096790108,28.838778600575704,243200
2017-08-09,28.30472755432129,28.482745392103503,28.037702495351887,28.073306741989896,206300
2017-08-10,28.21571922302246,28.66966146586988,28.09110606239609,28.313627502017074,119300
2017-08-11,28.286928176879883,28.52725005977592,27.975397798069192,28.215721378669212,114300
2017-08-14,28.48274803161621,28.81207885501749,28.286929750072318,28.286929750072318,119800
2017-08-15,28.429340362548828,28.545050767260268,28.286926773194484,28.50944652106973,60300
2017-08-16,28.5539493560791,28.660758683642925,28.34032730554415,28.34032730554415,65700
2017-08-17,28.50054359436035,28.94558642988364,28.45603829218581,28.598453561440657,50900
2017-08-18,28.509449005126953,28.60735899297802,27.832985245604807,27.841886307927997,74600
2017-08-21,28.073305130004883,28.509445242349663,28.01099770196609,28.375932720531328,44700
2017-08-22,28.162311553955078,28.22461728253756,27.87748439603299,28.037700096790108,44800
2017-08-23,27.74397850036621,28.224624019662294,27.717275311298135,28.171219339230326,41000
2017-08-24,27.877483367919922,28.12670797076231,27.663863007356607,27.743970854780812,63800
2017-08-25,27.62826156616211,28.144511215900003,27.574855200610624,27.91308872495491,61200
2017-08-28,27.583759307861328,27.984298605213763,27.414642527012077,27.53925569602393,99800
2017-08-29,27.325639724731445,27.5392601519827,27.049711854040694,27.468053342898948,75700
2017-08-30,27.788476943969727,27.984296898601787,27.37903830738245,27.37903830738245,54700
2017-08-31,27.770673751831055,27.832979477477068,27.60155699814638,27.752871630873994,60000
2017-09-01,27.735078811645508,27.859690304729458,27.663872001639785,27.770683065500503,44800
2017-09-05,27.245525360107422,27.75287396614877,27.067507530964846,27.672766112804997,67700
2017-09-06,26.987401962280273,27.414642751146562,26.916195164135893,27.25442872859969,74300
2017-09-07,26.99630355834961,27.209923957008968,26.925096758796492,26.98740249619247,96500
2017-09-08,27.005205154418945,27.129816631674558,26.898394104125526,27.005205154418945,55300
2017-09-11,27.29003143310547,27.476950340356215,27.005204238917656,27.040806789339136,50700
2017-09-12,27.343433380126953,27.459145477288654,27.227722980669075,27.290028710969764,45200
2017-09-13,27.815174102783203,27.90418299945281,27.33452707938943,27.3968344954506,77700
2017-09-14,27.83298683166504,27.948697253052195,27.726175775404162,27.85968832245215,52900
2017-09-15,28.08220100402832,28.215715206960354,27.735068150893703,27.81517599357148,109400
2017-09-18,27.9219913482666,28.42043890404484,27.74397351520815,28.091106422197868,153600
2017-09-19,27.83298683166504,27.948697253052195,27.726175775404162,27.886391510943408,25700
2017-09-20,27.752872467041016,27.84188137680437,27.67276461802437,27.83298031605766,80900
2017-09-21,27.930891036987305,28.09110674906339,27.75287489956135,27.75287489956135,60000
2017-09-22,27.859683990478516,28.019899701105413,27.815180380950547,27.957593968684705,36600
2017-09-25,27.877483367919922,27.9931954576232,27.726168733641277,27.948690154774358,68400
2017-09-26,28.037700653076172,28.171213173788153,27.646062454311057,27.8151792193216,65000
2017-09-27,28.13560676574707,28.27802032798827,27.788472222293517,28.037696805067405,74000
2017-09-28,28.30552864074707,28.386018433083645,28.126663762286594,28.17137955545217,57200
2017-09-29,28.412853240966797,28.46651254206198,28.305532932978,28.305532932978,58000
2017-10-02,28.618539810180664,28.797406366313453,28.3860139695272,28.412844464686486,48000
2017-10-03,28.618539810180664,28.940498928900524,28.475447247593593,28.67220080049924,68000
2017-10-04,28.7169246673584,28.761640466075335,28.49334226217697,28.573832064506156,31100
2017-10-05,29.539710998535156,29.825896249945213,28.716929253630575,28.716929253630575,378100
2017-10-06,29.69174575805664,29.80800957052806,29.262467925389423,29.539707939963716,45400
2017-10-10,30.31777000427246,30.416143378955294,29.691738701075835,29.772228488795346,154500
2017-10-11,30.380386352539062,30.49664677766969,30.19257448964024,30.335667130383648,419100
2017-10-12,30.434040069580078,30.702341721819582,30.344608459898396,30.344608459898396,64800
2017-10-13,30.639726638793945,30.85436721618278,30.407202473919263,30.487692263990542,166600
2017-10-16,30.59502601623535,30.782834482320425,30.559252000334027,30.782834482320425,118100
2017-10-17,30.70233726501465,30.91697446173247,30.469809655040827,30.505583658359374,115200
2017-10-18,30.630794525146484,30.79177415616263,30.577133510941998,30.684455539350974,54000
2017-10-19,30.639726638793945,30.80070621893651,30.407202473919263,30.532408055897648,130900
2017-10-20,30.747051239013672,30.90803083279881,30.603958645826495,30.666561442121104,104300
2017-10-23,30.8543758392334,30.970639659961783,30.720225014423942,30.74705722634415,112400
2017-10-24,30.845441818237305,31.185284746650726,30.675516942432544,30.854383616733216,100100
2017-10-25,30.943803787231445,31.015351795091245,30.747053588810573,30.827543391854455,179400
2017-10-26,31.167388916015625,31.301539736668754,30.890148890341553,30.92592289739533,175400
2017-10-27,31.08689308166504,31.30153367079578,30.854368904070128,31.229985670553393,76200
2017-10-30,31.077951431274414,31.301533815672073,30.899084841437,31.06006443113103,115200
2017-10-31,31.507225036621094,31.909673957677324,31.07794732469311,31.07794732469311,438200
2017-11-01,31.954397201538086,32.18692481533041,31.310478777616943,31.525119389456254,300300
2017-11-02,31.775522232055664,31.97227579016738,31.516169300976273,31.96333399734225,193300
2017-11-03,32.562538146972656,33.88614544588886,31.775527203002117,32.19586317505395,775100
2017-11-06,32.43734359741211,32.562549228736614,32.19587413203017,32.553607431469544,186000
2017-11-07,32.09748840332031,32.4283893960029,32.052772606189684,32.32107080057008,83700
2017-11-08,31.79342269897461,32.13326896743963,31.766593897536982,31.99911813705684,28100
2017-11-09,31.8739070892334,32.13326349763996,31.668211686165122,31.802362493712447,79800
2017-11-10,31.784475326538086,31.945454930118494,31.64138272464403,31.900735720104255,49100
2017-11-13,31.7039852142334,32.11537601419999,31.623495413231524,31.82024901825759,46800
2017-11-14,31.90968894958496,32.10644260600652,31.67716128079628,31.67716128079628,62500
2017-11-15,31.74871253967285,32.097500666788235,31.650335701440728,31.972295022346604,40200
2017-11-16,31.856027603149414,31.963349639146138,31.739767181549304,31.864972811947922,27700
2017-11-17,31.775522232055664,31.891786008357666,31.56982688111882,31.891786008357666,29200
2017-11-20,31.578784942626953,31.86497019189188,31.5251239290408,31.748706368253856,33200
2017-11-21,31.856027603149414,31.92757562714723,31.569842330353275,31.57878753915178,59200
2017-11-22,31.8739070892334,31.999112690092634,31.721872691503403,31.847078292362635,49800
2017-11-23,31.820249557495117,32.088547761515805,31.703985751500674,31.83813314771264,28900
2017-11-24,31.999109268188477,32.043828473653264,31.677150093781805,31.856016680851777,22200
2017-11-27,31.92756462097168,32.50887676337307,31.92756462097168,31.963338620638456,53900
2017-11-28,32.24952697753906,32.39261957873183,31.83813276396273,31.999112366754183,50600
2017-11-29,31.8739070892334,32.446277499788046,31.802362493712447,32.27635610027862,39100
2017-11-30,32.19586181640625,32.23163581498537,31.838128653807672,31.9096766509659,57200
2017-12-01,31.936511993408203,32.186926623218916,31.71292957383251,32.16009441298389,80700
2017-12-04,32.20480728149414,32.28529708167458,32.008057090072704,32.008057090072704,78000
2017-12-05,32.19586181640625,32.249522814274926,32.02594044054988,32.16008781782714,75200
2017-12-06,32.19586181640625,32.28529340125776,32.05276923368608,32.1511460239805,92500
2017-12-07,32.696685791015625,32.750343374382155,32.1958600728194,32.20480186618179,68200
2017-12-08,33.269065856933594,33.39427147033736,32.660921381889224,32.75929819573421,101200
2017-12-11,32.687747955322266,33.224347791133596,32.64303215523721,33.224347791133596,51300
2017-12-12,32.66091537475586,32.82189496569468,32.598312579568145,32.687744169380174,91100
2017-12-13,32.74140167236328,32.85766545597529,32.63408309373472,32.66091188549284,47100
2017-12-14,32.63408279418945,32.911322737401484,32.47310322192617,32.75928837003954,77400
2017-12-15,32.58937072753906,32.81295313667541,32.50888092378611,32.63408993864379,63900
2017-12-18,32.63408279418945,32.74140137183294,32.58042179956967,32.70562737541976,58400
2017-12-19,32.65196990966797,32.73245970449856,32.589367114977115,32.60725411511685,45700
2017-12-20,32.80400848388672,32.991816872418205,32.60725488927477,32.60725488927477,27700
2017-12-21,32.77718734741211,32.795070940558595,32.70563932843689,32.786129143985356,93800
2017-12-22,33.09019088745117,33.108077886511616,32.73245772943483,32.76823172755571,32300
2017-12-27,33.15280532836914,33.17963413058941,32.99182569185263,33.09020251545688,43000
2017-12-28,33.027095794677734,33.27852789912381,32.847505838520476,33.17975136796201,86300
2017-12-29,33.161781311035156,33.33239308618419,32.86545181027035,33.000147660701224,23800
2018-01-02,33.28749084472656,33.28749084472656,33.13483876652389,33.161776562569706,51000
2018-01-03,33.314430236816406,33.314430236816406,33.20667562201349,33.242594968766944,74800
2018-01-04,33.61973190307617,33.718508376496125,33.30544623806435,33.31442436044033,378900
2018-01-05,33.39524841308594,33.71851569610538,33.233614771576214,33.64668042513305,87200
2018-01-08,33.25157165527344,33.42218683224798,33.15279516870024,33.36830781444697,277500
2018-01-09,32.79362106323242,33.40423639870065,32.77566138566474,33.26056240361743,35000
2018-01-10,32.68585205078125,33.045035167821474,32.6589108335471,32.793606643347644,80100
2018-01-11,32.36259460449219,32.69484002992232,32.25483655398152,32.69484002992232,52400
2018-01-12,31.949522018432617,32.38054380466906,31.74298753449537,32.344624466118525,38000
2018-01-15,31.401779174804688,31.850760845932196,31.06953027184035,31.850760845932196,63400
2018-01-16,31.464630126953125,31.967487307112076,31.32993428200619,31.428710778239594,242300
2018-01-17,31.877696990966797,31.913616344897555,31.500554051068217,31.509532176821846,370800
2018-01-18,31.47361183166504,31.96749094355535,31.2850403676546,31.96749094355535,69500
2018-01-19,31.78790283203125,31.88667591964079,31.356877424924996,31.509532970245587,64600
2018-01-22,31.698097229003906,31.967485478026543,31.599320738422204,31.94054768076151,53400
2018-01-23,32.03933334350586,32.22790482925986,31.662186946539425,31.734025660421953,66900
2018-01-24,31.58136558532715,32.03034720644666,31.419735353145413,32.03034720644666,67100
2018-01-25,31.599323272705078,31.778916594942796,31.249118178343267,31.61728294747462,68700
2018-01-26,31.39278793334961,31.65319804433473,31.35686858863637,31.65319804433473,82300
2018-01-29,30.602582931518555,31.383809839759955,30.58462325914485,31.383809839759955,71600
2018-01-30,30.5307559967041,30.62055096768745,30.144631455650277,30.53973412361901,38500
2018-01-31,30.782169342041016,30.925843279413346,30.467883674494313,30.584619819064603,80200
2018-02-01,30.692384719848633,31.05157139659488,30.485853579629843,30.73728219807741,74500
2018-02-02,30.126663208007812,30.557685111965945,29.982989240021766,30.548706987604515,75300
2018-02-05,29.668701171875,30.126660838353565,29.120943141557373,29.95604908524534,110700
2018-02-06,29.830326080322266,29.857263868869957,29.318487545178144,29.462161459859715,38300
2018-02-07,30.288291931152344,30.48584488959583,29.740533946709622,29.830332303028044,153500
2018-02-08,29.88421630859375,30.50381315260775,29.749523874364016,30.28830046219897,83300
2018-02-09,30.198503494262695,30.225441294222485,29.408294916017113,29.96503114308529,78600
2018-02-12,30.41400718688965,30.557681136182634,29.893190405249,30.234413893909124,60400
2018-02-13,30.288291931152344,30.369108739110402,30.09073897270886,30.36013061620708,63200
2018-02-14,30.485849380493164,30.755237638218162,30.198501448858824,30.22543924699406,42800
2018-02-15,30.773197174072266,30.809116521729806,30.5038089175558,30.521768591384568,50600
2018-02-16,30.9797306060791,31.204221407572426,30.80013727979288,30.80013727979288,43300
2018-02-20,30.782169342041016,31.024619753629985,30.692374415729635,30.871967693809264,112700
2018-02-21,30.620546340942383,30.934835542812344,30.593608538809377,30.8180993578059,37300
2018-02-22,30.665441513061523,30.755236453692255,30.387071716374383,30.71033898337689,99700
2018-02-23,28.537269592285156,29.049106602252,27.926654374778508,27.971551847295082,574100
2018-02-26,28.761764526367188,28.977277233987294,28.456458568151845,28.519315727570564,136000
2018-02-27,28.7258358001709,28.995225724391588,28.56420218818418,28.815632441577794,100700
2018-02-28,28.196046829223633,28.88747725755792,28.151149350028994,28.725845304819792,109200
2018-03-01,28.276859283447266,28.34869626667257,27.648286108408055,28.142165153990916,108500
2018-03-02,28.205020904541016,28.35767470043205,28.043387272100073,28.070326781749795,84900
2018-03-05,28.240942001342773,28.339716784057224,27.917674716422166,28.14216550589952,39000
2018-03-06,28.088287353515625,28.27685878891081,27.85481673393438,28.27685878891081,81300
2018-03-07,27.9715518951416,28.23196203182379,27.720123308252635,28.02542920479941,107200
2018-03-08,28.18706512451172,28.33073910369645,27.827880176549893,27.971554155734623,89400
2018-03-09,28.106246948242188,28.31277978204604,28.052369636815847,28.240942795901304,35800
2018-03-12,27.800935745239258,28.106243325180632,27.800935745239258,28.106243325180632,23800
2018-03-13,28.51930809020996,28.671961884802105,27.827876096308554,27.845835769255554,38100
2018-03-14,27.872772216796875,28.564202422014624,27.80991336838754,28.564202422014624,58400
2018-03-15,28.276859283447266,28.34869626667257,27.836857547101182,27.935634041309267,45400
2018-03-16,28.178075790405273,28.393588399281224,28.061341363931795,28.213995129460717,81200
2018-03-19,28.007469177246094,28.30379692759668,27.576445593594514,28.11522378861249,77100
2018-03-20,28.151142120361328,28.169101792518468,27.80991520029009,27.962568988168567,70900
2018-03-21,29.058086395263672,29.21073847768265,28.115224114859153,28.115224114859153,153100
2018-03-22,28.96828842163086,29.05808678790603,28.68094221319386,28.923390951221982,75800
2018-03-23,28.662982940673828,28.96828882663432,28.510329141329215,28.932372905079532,118700
2018-03-26,28.91440773010254,28.950327070280512,28.591140519414417,28.824609379657606,115400
2018-03-27,28.815643310546875,29.201767815328854,28.689928992796137,28.85156266574944,91300
2018-03-28,29.32085418701172,29.582487250343323,28.635197082607416,28.71639343186398,69000
2018-03-29,29.429121017456055,29.6005374805109,29.17651162964233,29.17651162964233,55900
2018-04-02,28.51791763305664,29.411074133871008,28.40063323947439,29.411074133871008,63100
2018-04-03,28.824663162231445,29.050208252011746,28.599118072451144,28.599118072451144,42600
2018-04-04,28.806617736816406,28.806617736816406,28.517920311304483,28.65324701441665,33700
2018-04-05,29.140426635742188,29.176514678213398,28.80662084674638,28.80662084674638,35200
2018-04-06,28.71639633178711,29.24868107843994,28.662266000407065,29.10433238091168,38700
2018-04-09,28.617155075073242,28.878786435991135,28.59911277901736,28.7254174552693,32100
2018-04-10,28.914875030517578,28.978027369868535,28.75248403823178,28.815636377582734,35200
2018-04-11,28.73443603515625,28.950959048941183,28.65323968989041,28.9419387623756,74800
2018-04-12,28.99607276916504,29.35694624683839,28.73444139070136,28.73444139070136,211200
2018-04-13,28.94194221496582,29.239659888760475,28.824657826358564,29.068246891214724,55100
2018-04-16,28.932920455932617,29.077269158838373,28.86976811350788,28.978028780301063,20900
2018-04-17,28.987056732177734,29.12238172499368,28.76150991516692,28.969012711493264,33600
2018-04-18,28.851728439331055,29.059229515902643,28.833684418558082,28.996077163969773,27000
2018-04-19,28.725421905517578,28.92390267983103,28.635203528172593,28.806618273050823,69000
2018-04-20,28.9780330657959,29.09531747973442,28.626183265525388,28.725423658739132,55200
2018-04-23,28.95096778869629,29.17651287790659,28.842705388735457,28.959988077984924,38800
2018-04-24,29.086294174194336,29.41107618892859,28.878789678148017,28.97803006107155,34700
2018-04-25,29.086294174194336,29.239663172134563,28.92390144605486,29.104334751503433,47300
2018-04-26,29.104333877563477,29.501295397337728,28.969008902540562,29.131401625803736,84600
2018-04-27,29.167490005493164,29.438143400266995,29.03216158733393,29.095313931396337,24400
2018-04-30,29.140426635742188,29.320863406553084,29.04118623971894,29.167494388368173,51100
2018-05-01,29.095308303833008,29.149440348935503,28.626174237576627,29.140416620646437,104700
2018-05-02,28.9780330657959,29.15846983149861,28.81564204159049,29.104337769324278,72000
2018-05-03,29.02313804626465,29.248683116968767,28.851725031485593,29.005097469167616,40200
2018-05-04,27.85030746459961,29.086295270305065,27.760089087703115,28.59911706752743,341700
2018-05-07,27.453344345092773,27.787150062558418,27.290951630316098,27.787150062558418,206200
2018-05-08,27.08344841003418,27.462364140382736,26.975186035317993,27.462364140382736,228900
2018-05-09,26.33463478088379,26.9932257703761,26.163220098422848,26.966159750796436,164200
2018-05-10,26.054967880249023,26.686494816694168,26.009859550833998,26.3526873283966,181900
2018-05-11,25.82040023803711,26.21735832024089,25.676049810868452,26.09105363233717,81100
2018-05-14,25.36028289794922,25.829415237284447,25.288108559530574,25.829415237284447,117900
2018-05-15,25.161806106567383,25.38735116444847,25.161806106567383,25.315176814757415,103900
2018-05-16,25.215940475463867,25.531702208881885,25.035503724277238,25.215940475463867,102200
2018-05-17,25.0264892578125,25.21594807574001,24.891162514020223,25.21594807574001,112000
2018-05-18,24.990392684936523,25.279090078888093,24.782889927358156,25.07158904208193,184200
2018-05-22,25.63996124267578,25.712135589534817,24.99039212094446,25.12571880620863,185600
2018-05-23,26.163230895996094,26.262471287972936,25.45050757320333,25.55876997543011,163600
2018-05-24,26.136157989501953,26.226376347494746,25.901590947029508,26.208332331741776,86800
2018-05-25,26.217355728149414,26.253443761566658,26.11811707779628,26.12713736537845,108100
2018-05-28,26.036924362182617,26.26246944024512,25.955727996418325,26.235403411399563,69700
2018-05-29,26.307579040527344,26.370731390117097,25.874532882678345,25.928663222216354,130700
2018-05-30,26.298555374145508,26.370729729241337,26.16322867343737,26.298555374145508,113600
2018-05-31,26.388771057128906,26.388771057128906,26.24442236165767,26.307574700829814,67100
2018-06-01,26.18126678466797,26.379745786202125,26.163222769772506,26.370723778754396,79600
2018-06-04,26.433883666992188,26.551168076569788,26.208338578636376,26.208338578636376,37600
2018-06-05,26.415842056274414,26.695517491309438,26.181274951777375,26.442906366288202,56200
2018-06-06,26.442901611328125,26.46996763724741,26.226378566290435,26.37974927162199,17200
2018-06-07,26.406814575195312,26.542141259545545,26.262465882452112,26.43387887960207,28300
2018-06-08,26.587251663208008,26.72258007893011,26.3887726253331,26.397794634432724,57900
2018-06-11,26.415842056274414,26.61432111972306,26.334645684688034,26.61432111972306,54200
2018-06-12,26.866928100585938,27.12855947474076,26.41583798169561,26.41583798169561,148800
2018-06-13,26.424861907958984,26.97519072281202,26.343665543005322,26.830842011954925,76500
2018-06-14,26.515077590942383,26.650406008092325,26.316598550973332,26.424860940538828,30100
2018-06-15,26.199317932128906,26.46094933625237,25.78431408041151,26.44290531644456,125000
2018-06-18,26.839868545532227,26.893998891034602,26.136167170910703,26.136167170910703,69600
2018-06-19,26.79475212097168,26.848882450130557,26.478988712795974,26.560185066920358,32100
2018-06-20,27.05638313293457,27.336058504243503,26.794751778038375,26.794751778038375,63700
2018-06-21,27.155622482299805,27.81421356967485,26.921055440062382,27.606712551039763,68400
2018-06-22,26.758668899536133,27.155628733219146,26.70453856064332,27.155628733219146,56800
2018-06-25,26.66844940185547,26.767689786305198,26.442904325031453,26.749645767173906,47300
2018-06-26,26.433883666992188,26.722582825536495,26.38877533763001,26.722582825536495,114500
2018-06-27,26.569210052490234,26.578230341050713,26.406817326044333,26.442903642603238,71000
2018-06-28,26.523866653442383,26.59641049305486,26.523866653442383,26.57827410075635,58100
2018-06-29,26.578277587890625,26.750569878168513,26.52387013343827,26.54200652811632,97100
2018-07-03,26.542003631591797,26.8140426037478,26.487594453495312,26.741498762534093,46800
2018-07-04,26.55107879638672,26.777778575875594,26.523874200198513,26.569213464263466,35400
2018-07-05,26.505733489990234,26.53293808175198,26.2881019446416,26.505733489990234,57900
2018-07-06,26.3153018951416,26.523865206451756,25.843766098594017,26.523865206451756,121400
2018-07-09,26.58734130859375,26.759633569861975,26.11580550384992,26.378777993658346,87800
2018-07-10,26.71430206298828,26.859391517846394,26.569214337712282,26.578282536739795,66700
2018-07-11,26.687091827392578,26.868450569124803,26.52386774912643,26.687091827392578,72100
2018-07-12,27.077014923095703,27.403461341523645,26.705227523232217,26.705227523232217,45200
2018-07-13,26.58734130859375,27.049808917525407,26.505729275865722,27.049808917525407,19100
2018-07-16,26.33344078063965,26.596411561203055,26.297167994585863,26.505731325650228,46600
2018-07-17,26.61454963684082,26.723364542718347,26.279033262958002,26.33344244547851,50600
2018-07-18,26.795907974243164,26.895656411068646,26.60548102712002,26.62361742101224,52700
2018-07-19,26.804973602294922,26.977265868595676,26.7505661554142,26.795905406217877,30300
2018-07-20,26.659889221191406,26.940996416017473,26.569208978788293,26.814045114402173,26900
2018-07-23,26.532936096191406,26.668955585657724,26.424119466869364,26.659887389082417,71100
2018-07-24,26.351579666137695,26.650823280699733,26.188355561907144,26.55107656223366,131800
2018-07-25,26.260892868041992,26.387845878333977,26.16114617444723,26.34250489980774,45000
2018-07-26,26.387845993041992,26.42411704643917,26.170214483914446,26.269961177942807,107700
2018-07-27,26.47852897644043,26.8321799993783,26.333441288589935,26.396916935826816,104600
2018-07-30,26.360645294189453,26.65988887957806,26.297169644195165,26.496664791260322,53200
2018-07-31,25.39036750793457,26.387846577376877,25.381299311989096,26.297166347503662,164300
2018-08-01,26.16115379333496,26.306241507709718,25.390374229730323,25.408510626422665,104700
2018-08-02,26.115808486938477,26.188352332140685,25.934449738723806,26.106742019672186,56900
2018-08-03,25.93445587158203,26.179292055630327,25.870980208217386,26.097679994280895,138100
2018-08-07,25.843767166137695,26.106739662237885,25.372231350112102,25.916311004789204,134200
2018-08-08,28.69111442565918,29.244262265385263,26.251826818434257,26.279029676400125,341800
2018-08-09,28.55510139465332,29.19892960866164,28.110770075207927,28.72739369552624,133600
2018-08-10,27.72991371154785,28.527896080912587,27.539486749269916,28.446285761066225,128700
2018-08-13,27.902202606201172,28.428145899736105,27.793385977036657,27.793385977036657,59100
2018-08-14,28.07448959350586,28.237713651772058,27.884062678582914,27.965674707716012,58000
2018-08-15,27.865930557250977,28.02915464052564,27.65736721954744,27.71177467077843,52400
2018-08-16,27.72991371154785,27.92940887149357,27.566689612691416,27.865933217400926,126100
2018-08-17,27.485071182250977,27.729907273693783,27.231168624827138,27.729907273693783,74200
2018-08-20,27.648300170898438,27.829660655308697,27.403464035819116,27.403464035819116,50000
2018-08-21,27.657367706298828,27.748047946334186,27.53948460496007,27.702706961525646,51000
2018-08-22,27.748050689697266,28.110769956117892,27.693643232129645,27.71177789826426,329300
2018-08-23,27.838733673095703,27.920345732254244,27.65737315728071,27.757121613937162,28600
2018-08-24,27.838733673095703,27.94754859891905,27.757121613937162,27.88407293725842,28600
2018-08-27,27.8115234375,27.920340070840634,27.6573675491901,27.84779449555907,29200
2018-08-28,27.847795486450195,27.90220466984738,27.74804877605224,27.85686368368306,106700
2018-08-29,28.056358337402344,28.110765786900583,27.748046574276255,27.856861473272737,24000
2018-08-30,28.255857467651367,28.310264924843445,28.001953118118546,28.001953118118546,23700
2018-08-31,28.0654296875,28.228652054335274,27.893137393550635,28.228652054335274,30100
2018-09-04,27.657367706298828,28.101698979932184,27.657367706298828,28.07449438904706,31500
2018-09-05,27.793386459350586,27.89313489368391,27.530415672810467,27.530415672810467,44400
2018-09-06,28.400941848754883,28.428146438957437,27.621094225431797,27.748047250128703,99100
2018-09-07,28.464412689208984,28.89967741103343,28.346529610736177,28.38280066196574,41400
2018-09-10,28.672983169555664,28.691117833826592,28.165174519172,28.391874253584874,38700
2018-09-11,28.654850006103516,28.863413370176104,28.546033360301955,28.70018926626472,75600
2018-09-12,27.92940902709961,28.57323722844458,27.865933372653316,28.346537474232466,53100
2018-09-13,27.448802947998047,28.011017293948257,27.19489863492211,28.011017293948257,81100
2018-09-14,27.702709197998047,27.829662236129302,27.27651428388089,27.403465592430283,57400
2018-09-17,28.07448959350586,28.11076237515676,27.539479900806498,27.684567568247246,83100
2018-09-18,27.983816146850586,28.092631052270754,27.65736797142661,28.029155402512032,24800
2018-09-19,27.9384708404541,28.14703588115119,27.856858809220775,27.98381181868454,145200
2018-09-20,28.0654296875,28.128905340644025,27.46694248702518,27.46694248702518,65000
2018-09-21,27.92940902709961,28.110769522302046,27.476009518675383,28.029157472419136,86300
2018-09-24,28.07448959350586,28.12889876598221,27.929401926065115,27.97474290312874,31400
2018-09-25,27.72991371154785,28.15610862444265,27.684574452790777,28.101701168017787,58400
2018-09-26,27.657367706298828,28.083562586008767,27.657367706298828,27.757116143295892,75200
2018-09-27,27.803178787231445,27.93075754931923,27.31108629666952,27.648260974069018,68100
2018-09-28,27.894302368164062,28.158572863404398,27.79406093645395,27.839624275524013,44100
2018-10-01,27.79405975341797,28.058331975539705,27.73027038618304,27.894301180861373,37300
2018-10-02,27.894302368164062,27.92163967635411,27.730271566503866,27.79406093645395,46400
2018-10-03,27.721158981323242,27.948979156469512,27.602693255024384,27.876076769947908,72100
2018-10-04,27.948978424072266,28.085670177952046,27.684706193525393,27.684706193525393,72600
2018-10-05,27.57535171508789,27.985426950396718,27.201726800679253,27.921637585224,51600
2018-10-09,27.128820419311523,27.511558292024727,27.055918050134228,27.511558292024727,44900
2018-10-10,25.88037109375,27.083261319262455,25.82569473935306,27.083261319262455,60800
2018-10-11,25.11489486694336,25.89859680210405,24.95086406766508,25.78924235654188,93300
2018-10-12,25.643434524536133,25.807465304219434,25.233359313457616,25.29714867486118,59100
2018-10-15,25.889482498168945,26.035287259574563,25.288037422838315,25.61609900506588,45200
2018-10-16,25.807462692260742,25.9806064686393,25.60698161412158,25.889478073801662,43700
2018-10-17,25.61609649658203,25.807464575388277,25.524968095094902,25.789238547464915,65600
2018-10-18,25.843923568725586,26.026178682494347,25.552313996191444,25.588764323693134,68900
2018-10-19,25.889482498168945,26.035287259574563,25.61609900506588,25.853032176882472,97200
2018-10-22,26.782535552978516,26.809874595965365,25.935044339813533,25.980609411458282,78500
2018-10-23,26.746084213256836,26.79164754503329,26.080849835794314,26.591166451835317,70100
2018-10-24,26.427139282226562,26.800764215786955,26.399800236552657,26.68229849412656,185400
2018-10-25,26.700517654418945,26.79164605101985,26.41802118927278,26.47269753198148,82200
2018-10-26,26.536500930786133,26.691418755401372,26.39980740343767,26.591177298847274,25600
2018-10-29,25.370052337646484,26.791649603477673,25.224247579003787,26.63673183015358,61400
2018-10-30,25.288040161132812,25.433844938326775,25.060219979500985,25.397394613093308,123400
2018-10-31,26.253997802734375,26.399802583028144,25.324492762894113,25.324492762894113,57500
2018-11-01,26.992136001586914,27.137940779413267,26.25399735844469,26.25399735844469,60300
2018-11-02,26.919227600097656,27.156159007547842,26.563827012663044,27.03769330382275,54500
2018-11-05,26.9010066986084,27.356647048904083,26.68229953904207,26.837217327667805,49800
2018-11-06,27.475114822387695,27.575356263123382,26.837219327321836,26.873669654233826,56300
2018-11-07,27.62091636657715,28.131234788529603,27.447774292325704,27.50245064534564,92300
2018-11-08,24.057811737060547,25.388282551632237,23.893780922018685,25.388282551632237,364200
2018-11-09,23.082740783691406,23.866442766413602,22.991612363214166,23.820877687109956,141500
2018-11-12,22.217016220092773,23.31966644925614,22.18056590655363,22.936928597382916,96300
2018-11-13,21.916303634643555,22.3081546762311,21.86162727060096,22.189688931117093,94400
2018-11-14,21.551790237426758,21.952754269871626,21.205504303585844,21.870738860095855,95200
2018-11-15,21.57000732421875,21.724925063084775,21.3239611969381,21.506217973767345,78200
2018-11-16,22.025653839111328,22.043879869642392,21.44243476715672,21.45154778242225,65800
2018-11-19,22.107666015625,22.23524473448479,21.85250683977573,21.898071909461144,74500
2018-11-20,21.888959884643555,22.01653860926838,21.63380069726414,21.91629718956044,55500
2018-11-21,22.107666015625,22.26258377629604,21.898071909461144,21.90718492339823,59800
2018-11-22,22.61798095703125,22.61798095703125,21.934520605445876,22.08943835466374,25600
2018-11-23,22.61798095703125,22.636206983557955,22.46306320781338,22.53596557579064,41300
2018-11-26,22.681772232055664,22.927818396608536,22.572419539896412,22.70911127416033,73100
2018-11-27,22.845802307128906,22.90047865153014,22.663547246414915,22.68177153579556,44300
2018-11-28,23.465476989746094,23.638620801783706,22.76379046455202,22.78201649489912,61400
2018-11-29,23.565719604492188,24.039584250455032,23.45636515503614,23.45636515503614,51600
2018-11-30,24.003129959106445,24.012242973232528,23.438135250197448,23.565715709832865,56300
2018-12-03,23.984909057617188,24.38587307422203,23.80265395052778,24.20361622900253,70900
2018-12-04,23.264997482299805,23.93023199289236,23.137416999160244,23.884666913867502,84300
2018-12-05,23.028064727783203,23.274110944850158,22.782018510716252,23.24677189691047,52100
2018-12-06,23.028064727783203,23.046290759742995,22.617987699338283,22.72734215296695,56600
2018-12-07,22.854915618896484,23.283216842195248,22.73644991479416,23.01894639236868,49100
2018-12-10,22.654438018798828,22.86403215580683,22.32637642130461,22.85491914052866,81400
2018-12-11,22.663555145263672,23.055404444526946,22.526861629424808,22.55420068021863,55600
2018-12-12,22.83669090270996,23.237654845544718,22.61798377156276,22.79112756885296,82400
2018-12-13,22.82758331298828,23.237660367669825,22.617989146431132,22.97338810173501,61600
2018-12-14,22.463069915771484,23.018951723927366,22.45395689978679,22.700003116983336,158100
2018-12-17,21.54267120361328,22.426614431372464,21.524446913965935,22.417501417483955,108800
2018-12-18,20.82276153564453,21.52444799720593,20.667843768002793,21.52444799720593,137100
2018-12-19,20.44002342224121,21.15082115301381,20.20309026594043,20.80453530188482,200200
2018-12-20,20.121078491210938,20.485590436351885,19.929710371810714,20.394462015534135,140900
2018-12-21,20.0664005279541,20.230431324671805,19.811241317712124,20.139302911147535,122300
2018-12-24,20.093734741210938,20.40357025660586,19.920592694118803,19.98438205232429,151200
2018-12-27,20.667842864990234,20.92300030304266,20.20308958237086,20.485586062270198,50900
2018-12-28,21.2824649810791,21.374198341150503,20.722882386194772,20.832963118161132,81200
2018-12-31,21.71361541748047,21.75948209264738,21.35585045201435,21.35585045201435,68400
2019-01-02,21.025611877441406,21.566847225375575,20.82379598911253,21.566847225375575,87400
2019-01-03,20.163307189941406,20.970574352517456,20.03487903895526,20.94305328457657,105000
2019-01-04,20.677019119262695,21.007263119376002,20.337599681985658,20.35594705690917,58200
2019-01-07,21.16321563720703,21.26412446546405,20.447685399609263,20.74123644577268,60500
2019-01-08,21.254947662353516,21.365030163386997,21.053131785111127,21.337509100703127,59600
2019-01-09,21.27329444885254,21.5209770073461,21.236599699622708,21.291640073765507,97300
2019-01-10,21.01643943786621,21.30081678597365,20.768755094497376,21.282471158455447,84500
2019-01-11,21.97964859008789,22.548404896123852,21.254944865139137,21.291637860853392,173600
2019-01-14,21.420074462890625,22.337422390640096,21.300818252449897,22.02552395522909,78700
2019-01-15,21.988826751708984,22.043868881035444,21.309989570668428,21.493459835685712,134500
2019-01-16,22.539234161376953,22.630969287228336,22.025519906191988,22.043867281302663,85300
2019-01-17,22.585105895996094,22.658493657449522,22.43832862338699,22.511718134542665,57700
2019-01-18,22.640146255493164,22.878656917387765,22.493370732742985,22.676839261329587,116100
2019-01-21,21.970476150512695,22.64931317785403,21.915434033648626,22.64931317785403,40500
2019-01-22,22.06221580505371,22.163124631716958,21.621889242763174,22.00717542219295,77500
2019-01-23,22.493366241455078,22.64014173489835,22.02551869996644,22.108080133741016,106300
2019-01-24,22.502540588378906,22.695182773034084,22.208987843182243,22.46584583909109,34100
2019-01-25,23.153858184814453,23.163031872748107,22.465847337109064,22.566756154677183,48200
2019-01-28,22.823612213134766,23.23641941793326,22.7960928992829,23.025429846459385,48000
2019-01-29,22.841955184936523,23.19054825726961,22.823607812771264,22.87864992926704,57600
2019-01-30,22.79608917236328,22.90616990917781,22.53005751727494,22.84195585441904,36000
2019-01-31,22.621793746948242,22.961213159889322,22.539232315413976,22.841956981139003,74800
2019-02-01,22.640146255493164,22.741055083522255,22.52089004969474,22.6584936332625,36400
2019-02-04,22.227333068847656,22.658487582784932,22.135597954199188,22.658487582784932,75100
2019-02-05,22.475017547607422,22.851129946183075,22.273201693399102,22.309894689754344,95100
2019-02-06,22.594276428222656,22.851134452166,21.961307681240708,22.51171673271808,72700
2019-02-07,21.970476150512695,22.594271060989957,21.94295509208066,22.594271060989957,87200
2019-02-08,22.34659194946289,22.548407826372422,21.686100443755343,21.979651446424477,77800
2019-02-11,22.291549682617188,22.548407683172428,22.108081181965144,22.4199795577458,39300
2019-02-12,22.79608917236328,22.915343595529315,22.291546921241114,22.401629407757405,66000
2019-02-13,22.979564666748047,23.374024551796243,22.796096132803925,22.869483896322034,39900
2019-02-14,23.548316955566406,23.548316955566406,22.93369388934391,22.93369388934391,59000
2019-02-15,23.851043701171875,23.95195252288921,23.56666636234373,23.7593085677654,74300
2019-02-19,23.695091247558594,23.924428174751263,23.640050874948884,23.851040428037685,56700
2019-02-20,23.64005470275879,23.869391667085818,23.539145878550197,23.67674770720598,58800
2019-02-21,23.51162338256836,23.924430593124054,23.493277756311944,23.713441018707623,79800
2019-02-22,21.878746032714844,22.37411294964954,19.87892748909591,20.181652202139926,597900
2019-02-25,22.860309600830078,23.20890103086959,21.79618618319082,21.79618618319082,141100
2019-02-26,23.73179054260254,23.979473141651344,22.786921591646127,22.86030935242026,173700
2019-02-27,23.73179054260254,23.85104499772217,23.401544744267827,23.557493954625638,55400
2019-02-28,24.15376091003418,24.236322329471072,23.64004677219474,23.64004677219474,148900
2019-03-01,24.291372299194336,24.73169887719551,24.117077455632803,24.144596773193946,69300
2019-03-04,23.97947120666504,24.52070655483846,23.759307942108375,24.208808159290992,67700
2019-03-05,24.291372299194336,24.35558637310672,23.887740477544405,23.887740477544405,37600
2019-03-06,24.31888771057129,24.401449143457835,23.997815665979367,24.24549996463901,60800
2019-03-07,24.089548110961914,24.50235347985564,23.93359894945939,24.135414790938434,56100
2019-03-08,23.685914993286133,23.906078209564267,23.355669294018075,23.87855890109307,74200
2019-03-11,23.77765655517578,24.00699351973199,23.60335997219645,23.731789862145412,32000
2019-03-12,24.098722457885742,24.217976878916655,23.805171498700357,23.814343435185886,44200
2019-03-13,24.098722457885742,24.245497937478433,24.016161031902136,24.153762825307567,95400
2019-03-14,24.33723258972168,24.53904843292226,24.052853572396046,24.08037463043773,58700
2019-03-15,23.997817993164062,24.401451509784827,23.896909176583357,24.355583070565395,75100
2019-03-18,23.841869354248047,24.217981816092852,23.575839399390496,24.080379994635354,58500
2019-03-19,23.548316955566406,23.89690833281556,23.48410289262856,23.851041644917665,43800
2019-03-20,23.218069076538086,23.5483147981939,23.043774278732474,23.5483147981939,50800
2019-03-21,23.548316955566406,23.676745081442096,23.0621220152196,23.0621220152196,56600
2019-03-22,23.236419677734375,23.63087951124062,23.11716523373815,23.493277691336647,60200
2019-03-25,23.089645385742188,23.218073524455118,22.796094354568538,23.19972789728339,28600
2019-03-26,23.337324142456055,23.49327330917886,23.06211880427959,23.06211880427959,118500
2019-03-27,23.851043701171875,24.08955434814785,23.14468544855481,23.33732940367862,75100
2019-03-28,24.21088218688965,24.36773629721038,23.67573317988743,23.749546775341013,71900
2019-03-29,24.054033279418945,24.773717310649126,23.887952213761572,24.044806358009613,66700
2019-04-01,24.413867950439453,24.626083566949887,24.06325382900217,24.127840501909972,47900
2019-04-02,24.865978240966797,24.967470830130907,24.40464285066949,24.413868009803167,61800
2019-04-03,25.013607025146484,25.02283394472524,24.552271605338426,24.91211266963512,45800
2019-04-04,24.709129333496094,25.15201097894171,24.570727279421018,25.013610684721858,53900
2019-04-05,24.939790725708008,25.188910487918097,24.626082533445913,24.746028955261526,67400
2019-04-08,24.626087188720703,24.91211467931639,24.29392509650952,24.893660838670186,63400
2019-04-09,24.183202743530273,24.607632260356525,24.090937064087854,24.49691098122858,69400
2019-04-10,24.38619041442871,24.460004010724948,24.109388108426614,24.201655543760648,38800
2019-04-11,24.109392166137695,24.47846196958981,24.063259320633804,24.38619451872678,75600
2019-04-12,24.746028900146484,24.81984248875818,24.017119932587843,24.220106861306313,75600
2019-04-15,24.61686134338379,24.856756002694965,24.46923413147771,24.709128790788885,30100
2019-04-16,24.819847106933594,25.115101516317726,24.607633220170637,24.607633220170637,43800
2019-04-17,25.00438117980957,25.133554539751803,24.81061938004118,24.81061938004118,59100
2019-04-18,25.2903995513916,25.502613354827396,25.013599091245293,25.013599091245293,72400
2019-04-22,24.930570602416992,25.41958510140302,24.91211676022934,25.12433066582159,59800
2019-04-23,25.013607025146484,25.161234218696663,24.902885750056363,24.930566508792637,27800
2019-04-24,24.690675735473633,25.161238148352393,24.690675735473633,24.976703247666716,44900
2019-04-25,25.410354614257812,25.456487450202438,24.653763081839823,24.653763081839823,62200
2019-04-26,25.650249481201172,25.677930240848053,25.33654124462325,25.401129683799308,73900
2019-04-29,25.345773696899414,25.733295617267707,25.299640847273235,25.63180299611903,44900
2019-04-30,24.967472076416016,25.364220813452725,24.930566158474544,25.34576697455452,29000
2019-05-01,24.930570602416992,25.327319410175264,24.83830315133398,24.967476526937045,62900
2019-05-02,25.16123390197754,25.179687740902764,24.76448516435992,24.76448516435992,34600
2019-05-03,25.83478546142578,25.899372143502532,25.207368961500055,25.207368961500055,97900
2019-05-06,25.85323715209961,25.89014307027944,25.391901735794573,25.53952892822379,62600
2019-05-07,25.659481048583984,25.8255621168362,25.428813289312647,25.576440514457875,86500
2019-05-08,25.604116439819336,25.82555723568382,25.345767964716597,25.548756680816965,69800
2019-05-09,26.499107360839844,26.499107360839844,25.585663389764658,25.834784952745636,123100
2019-05-10,27.51405143737793,27.8738925969067,26.35148566060564,26.35148566060564,155600
2019-05-13,27.394100189208984,27.56940639743581,26.803589601947454,27.255699902767496,111800
2019-05-14,27.098846435546875,27.32951417185272,26.803590254797054,27.32951417185272,50800
2019-05-15,26.886632919311523,27.052713984239222,26.78514030396539,26.932767526155498,48800
2019-05-16,27.015804290771484,27.108069971880685,26.812815568679095,26.849723249006825,29800
2019-05-17,27.144973754882812,27.181879670056734,26.914306065517682,26.914306065517682,41400
2019-05-21,27.172651290893555,27.181876448702646,26.960435704337883,27.015797210320024,38700
2019-05-22,27.089618682861328,27.29260565102792,26.978897398499026,27.043484081104072,57500
2019-05-23,27.4494571685791,27.495590006096922,26.655959692317015,26.895854319090553,56800
2019-05-24,27.283374786376953,27.578629155518648,27.200334275073995,27.449455808982872,75000
2019-05-27,27.4033260345459,27.763167117147685,27.218791153293413,27.301831673871526,50100
2019-05-28,27.4033260345459,27.680126596569572,27.320285513967786,27.320285513967786,71200
2019-05-29,27.228015899658203,27.40332384686727,27.172656143643994,27.237242818969726,75200
2019-05-30,27.117292404174805,27.21878674842415,26.757451379806792,27.20033291131431,64900
2019-05-31,27.283374786376953,27.31105554342956,26.914306824949836,27.00657425527033,74300
2019-06-03,27.55095100402832,27.652443596626924,27.15420227336995,27.25569662582346,101900
2019-06-04,27.910795211791992,27.966154973998098,27.495592595608414,27.560181038013166,171600
2019-06-05,28.058422088623047,28.31677057564787,27.892341044096742,27.910794884567462,117500
2019-06-06,28.132234573364258,28.206048172460505,27.984607375171766,28.01228813477849,51800
2019-06-07,28.90727996826172,28.981093571761303,28.123009331169165,28.141463172007843,78000
2019-06-10,28.990320205688477,29.054906888130457,28.741198636393605,28.888825841933876,40000
2019-06-11,29.08258819580078,29.156401799958445,28.870374303829397,29.04568051379438,37600
2019-06-12,29.036447525024414,29.165622625195635,28.962633936292903,29.017995447732616,38700
2019-06-13,28.87959861755371,29.091814263156806,28.842692696484754,29.091814263156806,30600
2019-06-14,29.101043701171875,29.202536312783835,28.741200820449635,28.805787507799582,40800
2019-06-17,29.35938262939453,29.451650055252887,29.06412827453161,29.06412827453161,42200
2019-06-18,29.848403930664062,30.18979471756844,29.470110740463618,29.470110740463618,62300
2019-06-19,29.626964569091797,29.894539987528972,29.479337358869618,29.525470202118363,147800
2019-06-20,29.65463638305664,30.226691244042353,29.562370718923596,29.728451730130654,53300
2019-06-21,29.66387176513672,29.728458448567913,29.36861558967891,29.377842510148383,132700
2019-06-24,29.35938262939453,29.68231598011662,29.11948802610471,29.608504151255662,84800
2019-06-25,29.064138412475586,29.442433406579696,28.916511183549854,29.322486943023307,76000
2019-06-26,28.815004348754883,29.110258678985968,28.805777430953334,29.008766102878173,54500
2019-06-27,29.6679630279541,29.90901367140964,28.332904196558616,29.10241691686224,297400
2019-06-28,29.732860565185547,29.77921604875379,29.232214622924833,29.575249445365845,119500
2019-07-02,29.834850311279297,30.326224894732604,29.714323202182264,29.714323202182264,57800
2019-07-03,29.575246810913086,29.909010153240388,29.53816278103147,29.834842093477153,39400
2019-07-04,29.538171768188477,29.66796856478783,29.51962886343179,29.575255809353123,25900
2019-07-05,29.8533878326416,30.094438470674504,29.501079789335,29.501079789335,111100
2019-07-08,30.15933609008789,30.372574139739662,29.630875806886408,29.71431709037594,95300
2019-07-09,30.22423553466797,30.391118107508078,29.936829409985254,30.159337149307564,223300
2019-07-10,30.354036331176758,30.483833103988964,30.150067952930826,30.233509240695362,49400
2019-07-11,30.22423553466797,30.47455939392813,30.09443876394716,30.354035842085523,36000
2019-07-12,30.715618133544922,31.003024300919325,30.168614849471265,30.1871577532853,96600
2019-07-15,30.854679107666016,31.20698714394394,30.595085573933144,30.641441056857353,45400
2019-07-16,30.817602157592773,31.09573863979706,30.65998924443542,30.789786033684265,47100
2019-07-17,30.919578552246094,31.22553111609998,30.613629525088978,30.817597900991565,40300
2019-07-18,31.058645248413086,31.253340384745258,30.706337237409826,30.706337237409826,76400
2019-07-19,31.04010772705078,31.29043160428873,31.0308380442036,31.15136160470198,33200
2019-07-22,31.030838012695312,31.142091890233544,30.854682208504695,31.095736402650697,35900
2019-07-23,31.077192306518555,31.5685668220763,31.040106503198043,31.114278109839063,52000
2019-07-24,31.32752227783203,31.540760383427607,31.08646804597787,31.095741266963252,64400
2019-07-25,31.33678436279297,31.56856531745371,31.132819527645267,31.373870164345895,40100
2019-07-26,31.466577529907227,31.55001880550238,31.3089681963921,31.35532367467912,62300
2019-07-29,31.401687622070312,31.70764022733406,31.346062447802172,31.512945044001082,65400
2019-07-30,31.33678436279297,31.911600140076533,31.086460507355763,31.33678436279297,309000
2019-07-31,31.067928314208984,31.61493169720212,31.040115721806966,31.318252255920886,69800
2019-08-01,30.456012725830078,31.09573035482412,30.372571449730696,31.09573035482412,100800
2019-08-02,30.567276000976562,31.040107632070075,30.40039341666191,30.62290117128345,74900
2019-08-06,30.993749618530273,31.188444772130328,30.159336764963314,30.21496546743335,199800
2019-08-07,31.846708297729492,32.18047350687523,30.632178109301574,30.901044920746465,209100
2019-08-08,31.98577308654785,32.37516340911743,31.466582453091572,31.91160148032688,124400
2019-08-09,34.767147064208984,35.91678228327888,32.96852792929819,32.96852792929819,377300
2019-08-12,34.989654541015625,35.13799421082436,34.609533916087194,34.75787358589593,160900
2019-08-13,35.3790397644043,35.666449380665775,34.85984922632762,34.97110661522017,366500
2019-08-14,35.29560852050781,35.49957692140662,34.57245297069888,34.83204654515394,159600
2019-08-15,35.00819396972656,35.57374006713359,34.76714333210386,34.76714333210386,96100
2019-08-16,35.2307014465332,35.49029495702799,34.76713958539461,34.76713958539461,135700
2019-08-19,35.27706527709961,35.8240685442132,35.16581139436213,35.26779559382864,131000
2019-08-20,35.49029541015625,35.5737366876944,35.156530300003645,35.23070189634706,114300
2019-08-21,35.824058532714844,36.15782362434946,35.34195379331998,35.369769908753646,103200
2019-08-22,35.63864517211914,36.07439458246025,35.48103579024101,35.86115648755005,88300
2019-08-23,35.267784118652344,36.04656811781393,35.230698324240834,35.65717434988513,67000
2019-08-26,35.416141510009766,35.5366686339068,35.239985666614615,35.462497007909306,67800
2019-08-27,35.555198669433594,35.647913177590205,35.258519316726165,35.397589310612645,68700
2019-08-28,35.66645050048828,35.944586908059954,35.36977119418566,35.59227890556448,63000
2019-08-29,35.990943908691406,36.15782646763157,35.6479091094017,35.74062007028115,79000
2019-08-30,36.157833099365234,36.3432585918296,35.712814039469,35.712814039469,47600
2019-09-03,36.204185485839844,36.31543935710588,35.96313484198063,36.15783000087039,66100
2019-09-04,35.85188293457031,36.4359720375499,35.75917195040729,36.20419104044501,180600
2019-09-05,35.7869758605957,36.01875680149774,35.59228071904515,35.90750294013978,70900
2019-09-06,35.462486267089844,35.888962377311685,35.41613078323038,35.610825937458166,54500
2019-09-09,35.15653991699219,35.545933830920134,35.15653991699219,35.545933830920134,53200
2019-09-10,35.045284271240234,35.175081057141206,34.83204618916047,35.091639760962416,46100
2019-09-11,35.25851821899414,35.712810453075534,34.76714371950148,34.76714371950148,92200
2019-09-12,35.314144134521484,35.74062021500823,35.193617055532975,35.28633155348432,57300
2019-09-13,35.11017990112305,35.592284737027256,35.02673861151084,35.48103086310994,55400
2019-09-16,35.07310104370117,35.57374529334463,35.0545581401296,35.17508170829896,37500
2019-09-17,35.443946838378906,35.96313750387753,35.07309939447737,35.07309939447737,104100
2019-09-18,35.14726638793945,35.425402846488275,34.99892670760028,35.425402846488275,41500
2019-09-19,34.952579498291016,35.29561442718412,34.78569687630025,35.06383340071893,46600
2019-09-20,35.32341384887695,35.47175350904082,34.99892194748614,34.99892194748614,93700
2019-09-23,35.32341384887695,35.583010906686084,35.18434740686509,35.21215998792817,41600
2019-09-24,35.62009048461914,35.92604300004012,35.33268440410439,35.35122730231441,77300
2019-09-25,35.990943908691406,36.09292808767667,35.536655249007076,35.5551946118258,55600
2019-09-26,36.13001251220703,36.24126636836921,35.953856741862566,35.953856741862566,33900
2019-09-27,36.753597259521484,36.93043019720485,36.20448034208423,36.20448034208423,126300
2019-09-30,37.18171310424805,37.47022975172062,36.65121085849781,36.65121085849781,119800
2019-10-01,37.20033645629883,37.498162224370304,36.91181619019568,37.22825651256703,108700
2019-10-02,36.7349853515625,37.10726580776904,36.57676340614307,37.10726580776904,91800
2019-10-03,36.62328338623047,36.846654410995335,36.19515943498996,36.66982153122956,60600
2019-10-04,36.66051483154297,36.762893076522886,36.43714734282516,36.57675113568324,43100
2019-10-07,36.57675552368164,36.79081753870081,36.502300868631025,36.68843928143889,42000
2019-10-08,35.934566497802734,36.54883244005738,35.7205045005403,36.5395233899716,86400
2019-10-09,35.832191467285156,36.04625348377347,35.469216589310946,36.04625348377347,78100
2019-10-10,36.56744384765625,36.85596046900119,35.78565057465988,35.78565057465988,108600
2019-10-11,37.05141067504883,37.22824355379907,36.47437034370432,36.68843231809523,129900
2019-10-15,37.079349517822266,37.414404447710055,36.995585785350315,37.05142945711954,57800
2019-10-16,36.63259506225586,37.0700280940088,36.399918522023405,36.99556989696053,87200
2019-10-17,36.53022384643555,37.15379539008585,36.50230379235059,36.725671325756124,46500
2019-10-18,35.72980880737305,36.958340650866056,35.69257970899757,36.558136719235215,119900
2019-10-21,35.33892059326172,35.832193813539774,35.13416406392536,35.81357926083984,105000
2019-10-22,35.26445770263672,35.81357450814316,35.11554485116187,35.320301353325696,80100
2019-10-23,33.403045654296875,35.18069439176685,33.31928195251609,35.15277434129408,129600
2019-10-24,33.69156265258789,34.203450314570254,32.80739111805718,33.36581337651756,156200
2019-10-25,33.375125885009766,33.914933650751884,33.272747631930436,33.7194861950709,77300
2019-10-28,33.09592056274414,33.747412196560205,32.99354229161215,33.430971881408205,82800
2019-10-29,33.12383270263672,33.328589195969194,32.87254161091839,33.04006900539728,123100
2019-10-30,33.46819305419922,33.52403670258485,33.07729816658668,33.17036736353378,53500
2019-10-31,33.97077941894531,34.11969228260289,33.46819717271496,33.46819717271496,89800
2019-11-01,34.063846588134766,34.89217811490291,33.9428573345303,34.12899574018718,131300
2019-11-04,33.78463363647461,34.13830297910741,33.496116992799344,34.13830297910741,107300
2019-11-05,34.156917572021484,34.18483762135128,33.728793580607174,33.821862778614694,98800
2019-11-06,34.398902893066406,34.51989570228889,33.87770965400831,34.1569208249841,83800
2019-11-07,34.25929260253906,34.436125482290784,33.93354333938128,34.40820543558314,90400
2019-11-08,31.792926788330078,34.70603847599074,30.88083504833913,34.70603847599074,299700
2019-11-11,31.997684478759766,32.50026319647338,31.364803893114463,31.73708429325925,118100
2019-11-12,32.90977096557617,33.2262112075668,32.034904887527915,32.081443036637786,114800
2019-11-13,32.826011657714844,32.96561547262762,32.34204395521911,32.8632407618367,66100
2019-11-14,32.98422622680664,33.10521902608987,32.6119458795417,32.83531337782819,73800
2019-11-15,33.12383270263672,33.27274554768881,32.760857864719895,33.15175275159577,47500
2019-11-18,33.28205490112305,33.48681141816534,33.15175659040983,33.198291194184165,77000
2019-11-19,33.486812591552734,33.56127080049086,33.235521461930794,33.3378997240393,49800
2019-11-20,33.33790588378906,33.551967948493576,33.21691304709052,33.41236410648462,44900
2019-11-21,33.309974670410156,33.42165841668868,33.20759642367056,33.347203769290424,23200
2019-11-22,33.60780334472656,33.66364344764266,33.30066857723762,33.40304683306727,29700
2019-11-25,33.663631439208984,33.72878411997428,33.35650033164194,33.505413136902604,51900
2019-11-26,34.10108184814453,34.2127656217815,33.67295775723351,33.67295775723351,107100
2019-11-27,34.38960647583008,34.41752653519337,33.71949664820235,34.091780674743,82900
2019-11-28,34.09177780151367,34.49198185368871,33.72880285892777,34.2034615799178,58600
2019-11-29,34.30583572387695,34.585046911437196,34.11969374871583,34.11969374871583,64500
2019-12-02,34.464046478271484,34.77118120196319,34.277908094610915,34.36166823704092,62100
2019-12-03,34.585044860839844,34.9945543416236,34.00800796738031,34.31513919037746,87100
2019-12-04,35.11555099487305,35.171394655332264,34.44544127081465,34.54781953980836,101200
2019-12-05,35.50644302368164,35.56228312356536,34.929402622225616,35.05039542257767,99300
2019-12-06,35.64605712890625,35.94388291559449,35.45060962208523,35.48783873301212,63700
2019-12-09,35.162086486816406,35.62743968457888,34.71534784300801,35.46922130151395,74300
2019-12-10,35.36683654785156,35.525054901917954,34.836334283662794,35.19930914333274,54200
2019-12-11,34.96663284301758,35.42268045873718,34.90148369082371,35.34822225602275,53100
2019-12-12,34.42683410644531,35.227238693431325,33.78464436582782,35.10624940782339,118000
2019-12-13,34.99455642700195,34.99455642700195,34.34306483928685,34.46405410536944,86000
2019-12-16,35.64605712890625,35.65536618181969,34.67812154698774,34.94802727566253,174400
2019-12-17,35.87873077392578,35.90665437998906,35.19001003065939,35.599519565834996,100900
2019-12-18,35.99972152709961,36.111405293834814,35.70189578223044,35.878728708758096,276900
2019-12-19,36.24169921875,36.41853567419739,35.720506003610325,35.99971716177265,179600
2019-12-20,36.05556869506836,36.38131452573663,35.82289208734437,35.925266812437776,72600
2019-12-23,35.88804626464844,36.3254759340023,35.83220259286626,36.04626467581895,39300
2019-12-24,36.2789306640625,36.2789306640625,35.8321920720647,35.88803572745045,31800
2019-12-27,35.95318603515625,36.27893182610014,35.83219321979302,36.27893182610014,51000
2019-12-30,36.20545196533203,36.40166130121948,35.98121017845903,36.037271516227854,50000
2019-12-31,35.467323303222656,36.23347701729824,35.32717531993678,36.13069969103412,58400
2020-01-02,35.77566146850586,36.19611261947365,35.45798766157492,35.51404543890227,110900
2020-01-03,35.88778305053711,36.17742798868428,35.59813811238994,35.72894791827118,82900
2020-01-06,36.0279426574707,36.28021342156197,35.644865622562534,35.644865622562534,43700
2020-01-07,36.35494613647461,36.887516382797024,35.99989811752555,35.99989811752555,58400
2020-01-08,37.2051887512207,37.3546820854436,36.32691585818646,36.32691585818646,124500
2020-01-09,37.67235565185547,38.33573209593265,36.43903476048299,37.2145338777411,184500
2020-01-10,38.54129409790039,38.98977418333525,37.8592304118722,37.8592304118722,185900
2020-01-13,39.42890548706055,39.55036993576345,38.49457125070462,38.578661474544745,111000
2020-01-14,38.99911880493164,39.316792638455,38.662757856000695,39.24204417682465,140300
2020-01-15,39.335472106933594,39.42890767427363,38.81224718663922,38.95239519134559,116200
2020-01-16,39.344818115234375,39.79329815349022,39.204666543940824,39.41956300617576,105700
2020-01-17,39.31678771972656,39.72789351465363,39.19532326687446,39.41021972087287,123400
2020-01-20,39.58774185180664,39.70920630436135,39.41021962438235,39.42890673740633,27200
2020-01-21,39.970821380615234,40.06425695186508,39.42890932417654,39.569057334747406,59400
2020-01-22,40.69960403442383,40.83975204311756,40.04556930124545,40.04556930124545,189900
2020-01-23,41.1480827331543,41.16676984654331,40.699602704425395,40.699602704425395,117000
2020-01-24,40.67156982421875,41.222827188684626,40.54076359607471,41.148082300117636,79300
2020-01-27,40.55010986328125,40.65288364188886,39.53168533829416,40.49404852242052,81000
2020-01-28,40.727630615234375,40.802375502794625,40.55945016297086,40.55945016297086,43000
2020-01-29,41.13874053955078,41.40969835810338,40.39127376785631,40.7836960506226,88700
2020-01-30,40.78369903564453,41.21349201530072,40.72763768708821,41.01728264165807,46400
2020-01-31,40.50339126586914,40.98924553900842,40.241778797333595,40.736974845405186,101600
2020-02-03,40.849098205566406,40.93318843815857,40.50339193590826,40.50339193590826,131000
2020-02-04,41.063995361328125,41.42838518725388,40.718292650091215,40.96121801264083,142300
2020-02-05,40.93318557739258,41.110707805256965,40.75565978532581,41.110707805256965,71500
2020-02-06,40.99858474731445,41.06398785466812,40.942523413496154,41.007926520849814,79400
2020-02-07,41.017276763916016,41.06399276558376,40.55945139348618,40.914499421725495,53200
2020-02-10,40.979896545410156,41.194792973024704,40.961209434634725,41.08267387257406,48800
2020-02-11,40.970558166503906,41.0826808501998,40.933187502807826,41.06399373625049,59600
2020-02-12,41.13874053955078,41.24151788894678,40.6061702419558,41.06399564448269,82000
2020-02-13,41.72736740112305,41.97029273751711,41.110706939597186,41.110706939597186,103800
2020-02-14,42.175846099853516,42.51220698916099,41.56853099567253,41.74605321427272,128800
2020-02-18,42.91398620605469,43.00741823545913,41.19481048990741,42.362728678480195,107400
2020-02-19,42.8765983581543,43.988458401824474,42.68973079445993,42.923314358027305,175400
2020-02-20,41.52180862426758,43.59603159186855,41.44706374514606,42.87659386378892,102800
2020-02-21,44.4649772644043,45.56749221656653,42.09176687149893,43.904378011936736,308700
2020-02-24,43.829627990722656,44.58644016251545,42.99807091787792,44.063211598339855,193700
2020-02-25,42.69907760620117,44.43693994937621,42.60564203902902,43.53997632553582,166900
2020-02-26,43.92304611206055,44.278094081288245,42.44680003234854,42.61498046176156,258100
2020-02-27,43.07279968261719,43.521283177726,42.699068188962066,42.76447128945676,127200
2020-02-28,41.93292236328125,42.34402815237728,41.10136544658568,41.37231967174776,168900
2020-03-02,42.465492248535156,42.64301447239223,41.484442001805114,41.68065133831066,198400
2020-03-03,42.19454574584961,43.63342172677131,42.10111372182228,42.568280970365436,211200
2020-03-04,42.5308952331543,42.83922368042373,42.054382772552955,42.5589241199418,102500
2020-03-05,41.923580169677734,42.32534421461094,41.14808453322236,42.082418858331664,148600
2020-03-06,42.14781951904297,42.34402886046973,41.3162625884418,41.40969458982529,173700
2020-03-09,39.69987106323242,40.69960860722379,32.70170469108989,32.70170469108989,229500
2020-03-10,40.727630615234375,40.989243067998785,40.15768614525274,40.52207593708956,238500
2020-03-11,40.13899612426758,41.35362986379166,40.03621879264132,40.17637034744114,233800
2020-03-12,36.56051254272461,38.34509142010198,35.13097823397898,35.149665352991725,251200
2020-03-13,39.849369049072266,40.1203233534262,37.47615849229387,37.47615849229387,362500
2020-03-16,35.83172607421875,37.50418565778452,33.645383236741466,37.50418565778452,173000
2020-03-17,36.868831634521484,37.49483748608862,35.78500395934203,36.02793287996304,223400
2020-03-18,33.81355667114258,37.111759138417874,32.841851718360715,33.22492863468305,317700
2020-03-19,36.47641372680664,37.15847737174885,33.44916887722218,33.5426044503529,129400
2020-03-20,35.607479095458984,36.72868091641344,33.654720356259034,36.53246801369971,115900
2020-03-23,31.431005477905273,34.262037284030455,31.21610901526829,34.262037284030455,175400
2020-03-24,32.869876861572266,34.448900348618054,31.76736223987571,32.15043911255319,80900
2020-03-25,35.67288589477539,36.018588607525885,33.16886954274989,33.16886954274989,100800
2020-03-26,35.65419006347656,36.31756643674453,34.570362621164875,35.72893850428515,81600
2020-03-27,34.44890213012695,35.17768525462312,33.692093683422414,34.93475635839032,85400
2020-03-30,34.186214447021484,34.542712759158164,33.44507802223284,34.542712759158164,48300
2020-03-31,34.242523193359375,35.846761092282065,33.93293153983222,34.0455122749857,85200
2020-04-01,33.43571090698242,33.801589332052544,32.79776775294519,33.801589332052544,54800
2020-04-02,34.01735305786133,34.16745707194203,31.944040245008505,33.229306089247146,70500
2020-04-03,34.71158218383789,35.13375079101526,33.82972165454861,33.961062203723436,90000
2020-04-06,36.137577056884766,36.888097143363574,34.74911400220846,35.31200317237705,89700
2020-04-07,37.19770431518555,39.15844087767761,36.77553547086648,36.77553547086648,117500
2020-04-08,38.37038803100586,39.30853929260734,37.460380162048246,37.460380162048246,95800
2020-04-09,39.421104431152344,40.48121603582164,37.53541896575533,38.67058436629168,80100
2020-04-13,38.520477294921875,39.552441854825496,38.07016529175875,39.3460475113401,79400
2020-04-14,38.473575592041016,39.43049015731379,37.835636127288325,38.46419565556101,101900
2020-04-15,37.68552780151367,38.94265041307065,37.460373542622456,38.35161779940938,74800
2020-04-16,38.66120529174805,38.85821616037812,37.92006507688744,38.088932558216754,119600
2020-04-17,39.13966369628906,40.05905131333959,38.25779940209355,39.06460989305442,128900
2020-04-20,40.18101119995117,40.481219249729726,38.48295651064689,38.9801754220747,150100
2020-04-21,38.41728591918945,39.79636551857504,38.31408873187741,39.27100322500423,102400
2020-04-22,39.45863723754883,40.27482770662702,38.848837580485664,38.96141471238137,134500
2020-04-23,41.19422149658203,42.18866311602569,38.80193651018665,38.83007990265481,201700
2020-04-24,41.25050354003906,41.86968310079103,39.74945968635147,41.128542899338164,590200
2020-04-27,40.59379959106445,41.27864948257383,39.88080273225844,41.27864948257383,136400
2020-04-28,40.05904769897461,41.04410551559653,39.87141678657948,41.02534206648082,110700
2020-04-29,40.27482986450195,40.575037951483594,39.48678274148448,40.46246081355615,200600
2020-04-30,39.430484771728516,40.24667870574696,39.20533053933598,40.115334561628984,64100
2020-05-01,38.37975311279297,39.41171766959282,37.45098214866377,39.41171766959282,100000
2020-05-04,38.389137268066406,38.81130593454322,37.788721199638076,38.28594366404946,71900
2020-05-05,38.69873046875,39.61811806013186,38.248418398201466,38.567389895518616,116000
2020-05-06,39.32728576660156,39.47739335291676,37.55418105901429,38.830066912598866,118600
2020-05-07,37.591712951660156,39.890183780539765,37.460372374940576,39.627502627100604,116300
2020-05-08,38.520477294921875,39.055223022350695,36.58788514993033,36.58788514993033,236100
2020-05-11,37.67615509033203,38.76441042703309,37.582341394263864,37.99512666723216,276400
2020-05-12,36.66294479370117,37.826250092923644,36.65356127908359,37.67614606790261,152900
2020-05-13,36.3252067565918,36.766135279576865,36.3252067565918,36.597267818429586,105100
2020-05-14,36.27830505371094,36.41902916470216,35.71541576727165,35.95933708248806,75100
2020-05-15,37.12263107299805,37.14139452057394,35.968705887793455,36.00623278294523,65500
2020-05-19,38.229652404785156,38.66120099634121,37.638616285798925,37.7793403641925,111000
2020-05-20,38.5110969543457,38.74563469898698,38.295322658727166,38.48295357019258,89400
2020-05-21,38.82069778442383,39.20533963452541,38.50172623223499,38.558013014010015,75900
2020-05-22,38.94265365600586,39.224101871201015,38.65182908248952,38.94265365600586,55900
2020-05-25,39.41172409057617,39.711935719454345,38.811307990344325,39.00832243097723,58800
2020-05-26,39.880802154541016,40.01214631624343,39.552450697191176,40.01214631624343,81100
2020-05-27,40.021522521972656,40.6407020543726,39.80574821600503,40.43430768398524,233400
2020-05-28,40.443687438964844,40.52812116638747,39.95584852260763,40.12471597745289,346500
2020-05-29,40.424930572509766,40.593798054848925,39.78698754562014,40.3780237338072,83700
2020-06-01,40.359256744384766,40.64070133068907,39.92770814013403,40.41554709315046,59500
2020-06-02,40.331111907958984,40.45306895775258,40.030900304107966,40.41554563868791,52800
2020-06-03,40.53750228881836,40.584409121258204,40.284201099128914,40.584409121258204,58700
2020-06-04,40.51874923706055,40.59380305123238,40.15287083987997,40.340501796546704,115100
2020-06-05,40.51874923706055,40.87524769685107,39.927716554890154,40.5468962067564,88300
2020-06-08,40.52812576293945,40.93153099762678,40.368638224714076,40.50936231263281,49800
2020-06-09,40.41554260253906,40.76265743445403,40.20914825875962,40.44368598441383,73300
2020-06-10,40.4906005859375,40.781428709927205,40.11533872135482,40.11533872135482,49900
2020-06-11,39.918331146240234,40.321736431381595,39.852660851334676,40.10596209401153,83000
2020-06-12,40.152862548828125,40.95029305531187,39.95585169545155,40.46245410021598,147100
2020-06-15,40.64069747924805,40.800184996255474,39.24285461561067,39.815123669399675,85800
2020-06-16,40.6876106262207,41.41937088938602,40.59379695136575,40.95029535758669,83400
2020-06-17,40.66884994506836,40.95967808294393,40.48122258258094,40.80019410907711,43700
2020-06-18,40.51874923706055,40.68761674018433,40.32173834300375,40.45307893904162,57100
2020-06-19,40.85647201538086,40.97843263752709,40.387396553484955,40.80956518494362,78700
2020-06-22,40.89400863647461,41.1191664863859,40.734521080545235,40.847101794882185,43800
2020-06-23,40.40617370605469,40.71576533371644,39.83390087584088,39.84328439236802,49900
2020-06-24,39.63688278198242,40.64070414246774,39.4023450140417,40.368639472753536,74400
2020-06-25,39.383583068847656,39.52430716649711,39.03646816107812,39.52430716649711,60500
2020-06-26,38.558006286621094,39.55244767670818,38.46419261418893,39.37420026758218,89400
2020-06-29,38.48268508911133,38.81224291179473,38.36028128445083,38.652171148349254,77100
2020-06-30,38.40735626220703,38.755742643049814,38.07779847114267,38.45443492039583,87500
2020-07-02,38.65216064453125,39.1323722124973,38.3320207965108,38.802814479372,85900
2020-07-03,38.99114227294922,39.075885300408096,38.49210199562003,38.689834529066886,86000
2020-07-06,39.21711730957031,39.57491794147059,38.51092674763474,39.141788592199134,95300
2020-07-07,38.40735626220703,39.47134758638517,38.30378105906885,39.18887204538099,59000
2020-07-08,37.91773986816406,38.60509850813794,37.81416463893047,38.51094116803774,39400
2020-07-09,38.34144592285156,38.38852458165489,37.7859091284808,37.95539517366994,66200
2020-07-10,38.70866012573242,38.93463909925784,38.19078775354306,38.34144159985035,131300
2020-07-13,38.6050910949707,39.06647059335849,38.58625891219247,38.73691278254676,59000
2020-07-14,38.58625793457031,38.953476509763064,38.34144674839898,38.61450441208621,65100
2020-07-15,39.725582122802734,40.045722071203805,38.548597546603496,38.9723127124096,94000
2020-07-16,39.414859771728516,39.7632461979896,39.075887641583954,39.7632461979896,74800
2020-07-17,39.52784729003906,39.885651586234886,39.02880700799055,39.58434383950314,54000
2020-07-20,40.12104034423828,40.15870470290269,38.86872735767868,39.527839266822106,54600
2020-07-21,38.831077575683594,40.32820213333673,38.74633454065145,40.32820213333673,71900
2020-07-22,38.50151443481445,38.944061733747965,38.153128046223955,38.68983266362902,70400
2020-07-23,38.57684326171875,39.151212244729514,38.463850169018244,38.53917889748524,48000
2020-07-24,37.98363494873047,38.397932101721054,37.72940592580302,38.397932101721054,52100
2020-07-27,38.51094055175781,38.755751787224064,37.99306441387727,38.18138268293635,44300
2020-07-28,38.30377960205078,38.70866251244181,38.13429356552099,38.49209781951402,34600
2020-07-29,39.07587814331055,39.37718583200567,38.24728020346346,38.36027328062737,78300
2020-07-30,39.96096420288086,40.14928238353562,38.68040847654368,38.9158053043945,50700
2020-07-31,40.168121337890625,40.356439550318136,39.48076291562068,40.06454614146194,73400
2020-08-04,40.0174674987793,40.478846939776766,39.895060121882636,40.441182578905305,88300
2020-08-05,40.48827362060547,40.95906749991483,40.16813363900021,40.16813363900021,78400
2020-08-06,41.07204055786133,41.16620145109382,40.177531827442095,40.5447539232426,141700
2020-08-07,40.723663330078125,41.35452529224917,40.544762980776994,40.563595163630524,67200
2020-08-10,40.2811164855957,41.07205021537145,39.88565141664366,40.76132817431936,75300
2020-08-11,40.03630828857422,40.68600248989612,39.83857573928563,40.35644824108181,84700
2020-08-12,39.085304260253906,40.507103713750524,39.07588996357796,40.252874601035124,62800
2020-08-13,46.89105987548828,48.058630032947676,41.66524962406464,41.66524962406464,571500
2020-08-14,44.71598434448242,47.34301029252398,44.49941609549699,46.85338444483681,304900
2020-08-17,45.158546447753906,46.20370939763863,44.89490303404321,44.98906036983357,167700
2020-08-18,45.459842681884766,45.55400358562241,44.876059446196194,45.007881119557695,123700
2020-08-19,46.55208969116211,46.853397436072804,45.10204751573126,45.11146181131587,220100
2020-08-20,46.69333267211914,46.909897405069955,45.86473451727157,46.6274218226068,101900
2020-08-21,45.7328987121582,46.74981480560905,45.52574833937285,46.7403969203711,70600
2020-08-24,45.27152633666992,46.08128852679464,44.77248254551492,45.930634678414336,67100
2020-08-25,44.744239807128906,45.27153011641932,43.972138320732704,45.27153011641932,97000
2020-08-26,45.32801055908203,45.32801055908203,43.972126184672085,44.79130610305286,76400
2020-08-27,49.5745849609375,49.809981843768405,45.73290610903884,46.589750618868486,335500
2020-08-28,49.998294830322266,50.10187003005703,48.557667104229196,48.96255001671714,185500
2020-08-31,50.4785041809082,50.770393993991405,49.47100588854061,49.99829256604374,281800
2020-09-01,50.66682052612305,51.561325704501336,49.82880470245796,50.59149180818287,203200
2020-09-02,51.85322570800781,52.3805160251854,50.52558741599256,51.0246276644063,115000
2020-09-03,50.94930648803711,51.78731889176807,50.57267000480284,51.78731889176807,146200
2020-09-04,50.17719650268555,51.344762939246536,49.73464924799313,51.27885210453121,120300
2020-09-08,50.902217864990234,51.29768286231659,49.423925884158095,49.631072676717665,198900
2020-09-09,50.86455154418945,51.67431727915021,50.695065525622276,51.3165130630783,74400
2020-09-10,51.109371185302734,51.79672966740145,50.713906137467085,50.89280647931586,155400
2020-09-11,51.25060272216797,51.48599957332918,51.10936317472289,51.46716739421178,138800
2020-09-14,50.52559280395508,52.28636069148606,50.13012771780374,51.66491299048267,193400
2020-09-15,50.71390151977539,50.836308896142825,49.9135500181374,50.779812355079905,107500
2020-09-16,50.89279556274414,51.288264117622724,48.708313197509256,49.90412956335373,370800
2020-09-17,51.3165168762207,51.95679664019113,50.50675108108922,50.84572314341134,257000
2020-09-18,51.75906753540039,53.48217084292986,50.95871598191299,51.39184897437959,1375500
2020-09-21,50.14895248413086,52.26752452027895,49.63108003811341,52.248695929693476,184400
2020-09-22,49.80997085571289,50.71389382432947,48.83071917710963,50.290178810330886,150700
2020-09-23,49.395687103271484,50.15837439047248,48.30344557634452,49.847648742840725,222400
2020-09-24,49.72523498535156,49.932381783786255,48.73656528025286,49.20735900958706,97000
2020-09-25,50.083045959472656,50.20545336006106,48.29403157427167,49.49926262045944,73800
2020-09-28,49.8570671081543,50.48792911363376,46.13779514823827,50.21487142319128,137400
2020-09-29,51.41510009765625,51.62283542350614,49.77208156294667,50.29142528068542,124700
2020-09-30,52.24604797363281,52.831489738803185,50.98073602821574,51.39621024832443,244700
2020-10-01,52.869266510009766,53.71910072012662,52.548217070078664,52.869266510009766,140600
2020-10-02,51.80223846435547,53.171419734125884,51.71725469996764,52.31214105068244,134100
2020-10-05,52.34990692138672,52.368792601910684,51.50007291025956,51.93443275608512,64300
2020-10-06,51.48119354248047,52.076079944668514,51.32066703938021,52.01942289614919,172900
2020-10-07,52.094966888427734,52.255493406512926,51.24513269376104,51.81168882353884,83600
2020-10-08,52.264930725097656,52.76539232623351,51.972211639794935,52.02886508749184,100400
2020-10-09,53.00144958496094,53.4358094249905,52.37823654428694,52.37823654428694,90700
2020-10-13,52.425453186035156,53.00145387367504,51.71725632786981,53.00145387367504,95300
2020-10-14,52.17050552368164,52.3121463460242,51.54729238911074,52.3121463460242,106900
2020-10-15,52.850372314453125,52.87869903627268,51.74558333650888,51.89666518967235,133200
2020-10-16,53.37915802001953,53.43581506681735,52.784275237982534,53.16197807707459,85700
2020-10-19,52.907012939453125,53.63409530728891,52.39711405986506,53.37914406645756,89400
2020-10-20,52.56708908081055,53.379155367515054,52.48210891795,53.02033822851919,51700
2020-10-21,53.40748596191406,53.47358404585839,52.236598928188876,52.416007498598404,106600
2020-10-22,52.907012939453125,53.860719833163884,52.39711405986506,53.56799723767426,68500
2020-10-23,52.557655334472656,52.85037803255581,52.21772022755697,52.7087372039823,69300
2020-10-26,52.61431121826172,53.32250814125523,52.123294252737125,52.123294252737125,131200
2020-10-27,52.368797302246094,53.12420658063003,52.00053550416365,52.31214385766453,89400
2020-10-28,51.77392578125,52.15162870154534,51.2451373703449,51.94388975403327,107200
2020-10-29,52.416011810302734,52.87870203804898,50.94296455885697,51.73614523351073,57800
2020-10-30,51.47174072265625,52.40656206329291,50.85797233721411,52.15161078857382,77100
2020-11-02,53.01090621948242,53.33195567440582,51.4717570442253,51.4717570442253,145000
2020-11-03,52.18938446044922,53.029777439121666,52.00997589713918,53.020336399821254,71600
2020-11-04,53.926841735839844,54.15346275979573,52.340480159843715,52.510447728848746,88300
2020-11-05,54.02125930786133,54.30453735080412,52.68984926416203,54.266769586600624,115600
2020-11-06,54.512271881103516,54.79554990127401,53.82296071126098,53.93627119891409,79300
2020-11-09,53.5396842956543,55.27712743406607,53.3980434802864,55.24879710974715,73500
2020-11-10,53.26585388183594,57.70388888556649,53.058114954207916,53.44526248164813,171600
2020-11-11,54.7389030456543,55.0221810999139,53.30362348838631,53.30362348838631,99400
2020-11-12,54.29508972167969,54.861645738814914,53.47358241621101,54.82387797919446,103000
2020-11-13,48.67673110961914,53.822962450280365,47.78912565718629,53.822962450280365,541400
2020-11-16,46.977073669433594,48.8750402870437,46.47661554481572,48.8750402870437,240700
2020-11-17,46.13666915893555,47.14702980780153,45.70230924676576,46.86375176082453,140100
2020-11-18,45.23018264770508,46.47660906503114,45.201852318623004,46.382180638217854,128500
2020-11-19,45.135746002197266,45.49456675459834,44.80525557371964,45.23017441181624,107900
2020-11-20,45.286834716796875,45.466246921217426,44.75804995111794,44.94689959481695,215400
2020-11-23,45.16407775878906,46.51436983945619,45.145192076266184,45.56066628554256,133100
2020-11-24,44.82414245605469,45.56066606042956,44.7202730037299,45.164077535635585,113000
2020-11-25,45.494564056396484,45.56066213817185,44.47475890544748,44.91856339914661,89200
2020-11-26,46.11778259277344,46.467158723955045,45.211291418968116,45.211291418968116,74100
2020-11-27,47.20367431640625,47.647475151328265,46.15554257920295,46.62767373274859,132700
2020-11-30,46.476600646972656,47.38309176773532,46.26886174768622,47.38309176773532,130800
2020-12-01,46.77876281738281,46.96761602852411,45.99502325187281,46.5332525622765,93400
2020-12-02,46.57102966308594,47.184801774401144,46.05168597001391,46.608801030383205,73600
2020-12-03,46.58047866821289,47.10926345159204,46.504935926543766,46.533262653631596,51500
2020-12-04,46.24053955078125,46.90152047305525,46.193323540268075,46.55214432812815,52300
2020-12-07,46.68434524536133,47.88355927203762,46.212213908972686,46.212213908972686,129200
2020-12-08,45.83449935913086,46.740990430249745,45.51344998785017,46.24053249345865,127300
2020-12-09,45.62676239013672,46.08000794475822,45.343484368757714,45.57954998691947,122700
2020-12-10,45.83449935913086,45.919483122177965,45.296270060524314,45.42846622480307,46200
2020-12-11,45.995018005371094,46.30662630852141,45.57009922929112,45.57009922929112,60000
2020-12-14,46.32551956176758,46.36328732420239,45.79673126484892,45.98558448532527,147900
2020-12-15,46.86375045776367,46.94873422970135,46.2688640541999,46.41994591519182,173000
2020-12-16,45.5606689453125,46.87319333963289,45.42847276201057,46.87319333963289,203300
2020-12-17,45.5889892578125,46.1933166405257,45.36236829033271,45.607874938781706,130000
2020-12-18,45.57011032104492,46.231094844488915,45.371816044634485,45.711751148238584,510400
2020-12-21,47.062042236328125,47.836337183227116,45.54177906431959,45.65508955355284,116900
2020-12-22,48.261253356933594,48.51620464519442,46.816532992197565,47.2131214836642,144300
2020-12-23,46.542701721191406,48.12906308542248,46.372734174875525,48.12906308542248,85300
2020-12-24,46.82598114013672,47.128144875337,46.53325844575326,46.58047445606494,41900
2020-12-29,46.91096115112305,47.58138665966637,46.68433656687184,47.15646781549258,65600
2020-12-30,46.74995040893555,47.21403824419594,46.551055622395374,46.9867309490027,24300
2020-12-31,46.541587829589844,46.873082792307095,46.2669215038202,46.674184369482845,28700
2021-01-04,46.29533767700195,46.84466671612862,45.72706214588828,46.323750189012976,72100
2021-01-05,45.93541717529297,46.79729805406262,45.66075092712873,46.10589942498224,129600
2021-01-06,45.79335403442383,46.12484895129123,45.0545999212075,45.698643265595564,145100
2021-01-07,46.371097564697266,46.882544370399636,45.73652748623939,45.90700975480684,55700
2021-01-08,46.2574462890625,46.77836275277806,46.096433643632274,46.3332141828652,115000
2021-01-11,46.40898513793945,46.825717581360905,46.219559986208154,46.29533149209438,65100
2021-01-12,46.276397705078125,46.607889075980125,45.992261728164266,46.40899425343893,84000
2021-01-13,46.43740463256836,46.787842480538416,46.13432578939438,46.399522486910215,22800
2021-01-14,45.82176971435547,47.05302776219137,45.65128744171835,46.4089844240032,96700
2021-01-15,45.84071731567383,46.778366298844105,45.708117168744735,45.802831559408375,92300
2021-01-18,45.68917465209961,46.14379285597817,45.63234602174567,45.84071405339246,20900
2021-01-19,45.81229782104492,45.99225334357215,45.28191172429346,45.68917454171865,27700
2021-01-20,46.560523986816406,46.68365087593518,46.115375427452996,46.18167368782829,36800
2021-01-21,46.503700256347656,46.61735752580624,46.342691210758225,46.5321163802046,19000
2021-01-22,47.7538948059082,47.848609184210645,46.13431687326952,46.46581177785192,67500
2021-01-25,47.6118278503418,48.46423556270067,47.34663482156135,47.810722621927134,54800
2021-01-26,47.479225158691406,48.34110600307733,47.10984817009509,47.10984817009509,105400
2021-01-27,46.74995040893555,47.716015445967635,46.71206465540857,47.47923490590048,74200
2021-01-28,47.17616653442383,47.65919735324706,47.034096733777815,47.034096733777815,53600
2021-01-29,46.361629486083984,47.422405271488344,46.22903296453147,47.280335505262514,102900
2021-02-01,47.35610580444336,47.81072398660792,46.51316769920173,47.81072398660792,140700
2021-02-02,47.66866683959961,47.85808840820386,46.89202323378588,47.41294338640207,154800
2021-02-03,47.507652282714844,47.924384775261714,47.138275180437105,47.81073111601887,36100
2021-02-04,47.488712310791016,47.63078210327916,47.26140497839187,47.46976943092694,40500
2021-02-05,47.337162017822266,47.697069426647175,47.119324368871006,47.48870140896158,54800
2021-02-08,47.12879943847656,47.78231607372577,46.683654457941685,47.29928172480379,49300
2021-02-09,47.024620056152344,47.31822563446452,46.64576971983297,47.16668622253368,51100
2021-02-10,46.91096115112305,47.39399549373033,46.64576809274066,47.0625005577679,44200
2021-02-11,46.929908752441406,46.929908752441406,46.52264587865456,46.69312817991346,82500
2021-02-12,47.21403503417969,47.299276167327804,46.522636337748956,47.28980653608205,45400
2021-02-16,47.84861373901367,48.02856565544213,47.21403998942535,47.356109763910865,50000
2021-02-17,47.573944091796875,48.34111431673035,47.2613956680727,47.73495673243021,75600
2021-02-18,47.92437744140625,48.10433295506894,47.27086448453599,47.61182902307148,66400
2021-02-19,48.76732635498047,49.54396631273756,48.08539717724852,48.08539717724852,69700
2021-02-22,48.17063903808594,49.5723795585351,47.39399906882336,48.407419604641234,112500
2021-02-23,49.13670349121094,49.29771253996842,47.62130571880718,48.20852411694366,71100
2021-02-24,46.494232177734375,48.97569150276647,46.361635638585405,48.97569150276647,87600
2021-02-25,51.69392776489258,54.355338646905786,50.18800342856761,50.18800342856761,453500
2021-02-26,52.86835479736328,53.06724956923214,51.16353575723125,52.00647383961417,141000
2021-03-01,53.9859619140625,54.0996155590881,52.30008566307655,52.30008566307655,100400
2021-03-02,54.516353607177734,54.933086062842165,53.13355248800359,53.98596388934489,129400
2021-03-03,55.160404205322266,55.34035614120277,54.4027034768079,54.68684305649321,88200
2021-03-04,55.90862274169922,56.15487653887266,54.686837840129996,55.16039894378792,166800
2021-03-05,56.24958419799805,56.448478983398665,55.58659796701168,56.06963228925238,124100
2021-03-08,56.903099060058594,57.09252059485709,54.933083303893454,54.933083303893454,183400
2021-03-09,58.80681610107422,59.034127013215645,56.46742316826129,56.647378694160366,222300
2021-03-10,59.06254196166992,59.32773502596718,57.310363694462175,58.911002551645126,318700
2021-03-11,59.28984832763672,59.668698653168086,58.645804942024085,58.95835700253513,161600
2021-03-12,58.30484390258789,59.49821628425892,57.433489600285604,59.49821628425892,122700
2021-03-15,57.53767776489258,58.71211096659708,57.06411663102515,58.71211096659708,135900
2021-03-16,58.143829345703125,58.54162253522202,56.836799741547274,56.836799741547274,72100
2021-03-17,58.63633728027344,58.95835898390168,57.52820600227849,58.47532823495161,216200
2021-03-18,58.7689323425293,58.98677001702884,57.727099357882025,57.85022625668072,125600
2021-03-19,59.564517974853516,59.564517974853516,57.859698640282765,58.64580823233584,527800
2021-03-22,59.38457489013672,59.772894927574114,58.257496927756456,59.21409256999492,96500
2021-03-23,60.01913070678711,60.502165035193194,58.95835489145991,59.38456058917577,68500
2021-03-24,59.621341705322266,60.44533698685536,59.22354851262687,60.255911829047285,99600
2021-03-25,58.79734802246094,59.621343326398076,58.66474787930089,59.621343326398076,72500
2021-03-26,58.90151596069336,58.96781421174625,58.23853345016447,58.73103371141916,68000
2021-03-29,57.91652297973633,58.882584427705524,57.69868169805421,58.46585196754265,146400
2021-03-30,57.80259323120117,57.94500874586818,57.19494500946945,57.19494500946945,82000
2021-03-31,57.384822845458984,57.9260096795533,57.384822845458984,57.55572433221177,37800
2021-04-01,57.89752960205078,57.926011977016415,56.57779310790303,57.64117736175416,103300
2021-04-05,57.85955047607422,58.058937965710925,57.70763844036492,57.973487219257656,103500
2021-04-06,56.967063903808594,57.859546601095644,56.83414133419865,57.859546601095644,62000
2021-04-07,57.15695571899414,57.346846659296794,56.49233923886905,56.957571861517145,53900
2021-04-08,57.432308197021484,57.83107598693277,56.8056705115401,56.81516343049884,69900
2021-04-09,57.49876403808594,57.67915845613359,57.08100320616895,57.441795664133046,66300
2021-04-12,57.34684753417969,57.44179119484526,56.88161490443401,57.38482282532482,49300
2021-04-13,58.590633392333984,58.70457014545946,57.232917870141385,57.232917870141385,47600
2021-04-14,58.343780517578125,59.05586896094514,58.30580159801663,58.457713654393494,53400
2021-04-15,58.846981048583984,59.103333290250276,58.19186106779369,58.381752019605976,38800
2021-04-16,59.407161712646484,59.67300689152074,58.23933716304593,58.84698535582649,48600
2021-04-19,58.88496398925781,59.50210509750557,58.82799561325863,59.44514034337529,28300
2021-04-20,60.13824462890625,61.315565817732356,56.976570106515354,58.903958680889176,83700
2021-04-21,60.09076690673828,60.64144671560449,59.483118722388454,60.24267895282574,36000
2021-04-22,61.49595260620117,61.609889360854574,60.299645657292395,60.299645657292395,87900
2021-04-23,60.76487350463867,61.476961866021156,60.76487350463867,61.23010253916209,39200
2021-04-26,59.843910217285156,60.92628404630528,59.59705448966632,60.77437561536217,41400
2021-04-27,59.82491683959961,59.92935704816788,59.16030391574478,59.701490794808734,40400
2021-04-28,58.98940658569336,59.85340706966341,58.95142766682523,59.72997739427654,55600
2021-04-29,58.97991180419922,59.521098737669966,58.84698920606523,59.131823862333654,54400
2021-04-30,58.97040939331055,59.25524400373225,58.78051844573988,58.97990231084822,72900
2021-05-03,59.1318244934082,60.47055065183936,58.780528534323636,60.10976177358784,58500
2021-05-04,58.41022872924805,59.1507993854291,57.02403107264874,58.78051405733858,159200
2021-05-05,58.81849670410156,58.941926361927166,57.87853851613024,58.410232439028704,98500
2021-05-06,57.18544006347656,59.995814486846044,56.967066742255476,58.55264836141801,59200
2021-05-07,56.60628128051758,57.73613056145609,56.359425554505485,57.73613056145609,104200
2021-05-10,56.103065490722656,56.720210152785356,55.86570271637061,56.606273413351055,80500
2021-05-11,54.593441009521484,55.78025494451108,53.77691244274965,55.73278311148523,131000
2021-05-12,53.776912689208984,54.2991100986239,53.07432086472164,54.2991100986239,186400
2021-05-13,53.634498596191406,53.8528719323335,52.7799910879234,53.79590355782602,96600
2021-05-14,53.22623062133789,53.76741746521229,52.39071262898834,53.672470180929075,139900
2021-05-17,53.74843215942383,53.795903994297475,52.80847389270269,52.96038593741967,70500
2021-05-18,54.42253875732422,54.45102113237043,53.62499965921253,53.6819680311736,58000
2021-05-19,54.53647232055664,54.59344069297856,53.64398955049198,54.39405682230486,145000
2021-05-20,54.84980392456055,55.49543112054442,54.46052902302934,54.60294454981233,47300
2021-05-21,55.09665298461914,55.45744546134067,54.64091683490883,54.67889575285193,78400
2021-05-25,56.90060806274414,56.93858697822857,54.783332419714824,54.97322337526826,181200
2021-05-26,56.141056060791016,57.831078206089636,56.03661583889158,56.93859529308674,114100
2021-05-27,55.70429611206055,56.50183520690066,55.70429611206055,56.273968963728414,122000
2021-05-28,55.76127243041992,56.311955903324154,55.72329351052256,56.08408600580916,67900
2021-05-31,56.055606842041016,56.64426564673757,55.7992545508338,55.7992545508338,31500
2021-06-01,55.95115661621094,57.16645293045019,55.599860704476534,57.16645293045019,72000
2021-06-02,54.53647232055664,55.76126516361282,54.50798994528002,55.7042967911909,70700
2021-06-03,54.906761169433594,55.0301872098988,54.40354960231949,54.621922929914085,62400
2021-06-04,54.95423126220703,55.03018546763715,54.4415267935466,54.54596699514801,35800
2021-06-07,55.0396842956543,55.46693441543543,54.2516381030703,55.46693441543543,39600
2021-06-08,55.077659606933594,55.409969682488786,54.82131098372899,55.324518934131014,81000
2021-06-09,54.583953857421875,55.12514077919376,54.18518244977102,55.12514077919376,43200
2021-06-10,55.856224060058594,55.87520989960988,54.346596284871346,54.58395911982614,59300
2021-06-11,55.62834548950195,55.89419066428947,55.12513751669162,55.27704956255147,36800
2021-06-14,54.51747512817383,55.90367635215098,54.080728533843846,55.39097193870196,87800
2021-06-15,54.8687858581543,55.60935663705808,54.28962004516795,54.56496176312358,107400
2021-06-16,54.87826919555664,55.29602996969021,54.621916981029656,55.030181216550226,208500
2021-06-17,53.28318786621094,54.85927634466755,52.8369483694633,54.85927634466755,489600
2021-06-18,52.694541931152344,53.76742280801802,52.55212280150977,52.93190473264402,596000
2021-06-21,54.042755126953125,54.5269772184704,52.219810744900755,52.80846941553827,171300
2021-06-22,54.764339447021484,54.792821820872355,54.09972295617604,54.15669132574627,55000
2021-06-23,54.61243438720703,55.277050962881376,54.54597309182649,54.60293784679898,37500
2021-06-24,54.92575454711914,55.03969130731963,54.45102891189125,54.62193043032282,65400
2021-06-25,55.35300064086914,55.54289159291094,54.78333140661239,54.925746904242246,142900
2021-06-28,56.4258918762207,56.53033210025138,55.18210935110802,55.353010877363786,169200
2021-06-29,57.025550842285156,57.34918122180723,56.06418027340003,56.16888112265806,91500
2021-06-30,54.68399429321289,57.02555345962096,54.503139771305584,57.02555345962096,112400
2021-07-02,55.81669616699219,55.95947566361077,54.8553256003318,54.8553256003318,40300
2021-07-05,55.578731536865234,55.86428689278477,55.48354762856984,55.80717800022087,16600
2021-07-06,56.37828063964844,56.473468165347946,55.48353968427003,55.57872357893671,40100
2021-07-07,56.57817077636719,57.01602614628917,55.70246729858911,55.71198423594194,58600
2021-07-08,56.330692291259766,56.57817261182424,55.44546821637829,56.540101230144906,45800
2021-07-09,55.81669616699219,57.70136591477697,55.52162386616281,56.521069449392606,44500
2021-07-12,55.63583755493164,55.864280360541976,55.33124472676257,55.816688411959234,29900
2021-07-13,55.84524154663086,56.43539331453691,55.493056778129585,56.14983799869715,131400
2021-07-14,55.750064849853516,56.00706575660177,55.42643448184089,56.00706575660177,110900
2021-07-15,55.6072883605957,55.94043931593991,54.83628922975279,55.71199284281721,176600
2021-07-16,54.99810028076172,58.053553120496645,54.97906277288725,58.053553120496645,45200
2021-07-19,54.64591598510742,54.731582955844864,53.779729339221475,54.25565614753317,55100
2021-07-20,54.74110412597656,55.21703097107856,54.66495771889775,54.66495771889775,42500
2021-07-21,55.03617858886719,55.31221702301001,54.645918731677995,54.645918731677995,85100
2021-07-22,54.89339828491211,55.07425280238,54.17950804699194,54.8743644072104,82700
2021-07-23,55.98802947998047,56.11177146692076,55.4549901471121,55.4549901471121,43500
2021-07-26,55.5882568359375,56.2545515127624,55.54066124670687,55.71199520104289,66000
2021-07-27,55.788143157958984,55.96899404477478,55.09329042730858,55.68343867521117,108400
2021-07-28,55.21702194213867,56.15935853900707,55.18846749803247,55.67391483403631,42700
2021-07-29,55.397884368896484,55.40740130795007,54.97906642986688,55.064733405483516,77000
2021-07-30,55.89284133911133,56.216471689738235,55.112321722487565,55.33124760217149,84300
2021-08-03,56.63529586791992,57.158814683349405,56.23551905174845,56.23551905174845,90800
2021-08-04,55.968990325927734,56.73999304045055,55.569213561308466,56.59721354963893,43500
2021-08-05,56.311668395996094,56.50203987453972,55.54066554185967,55.54066554185967,35000
2021-08-06,56.7590217590332,56.90179759670321,56.178390578490074,56.178390578490074,23700
2021-08-09,56.81613540649414,57.729917546965815,56.654322050691334,56.81613540649414,58900
2021-08-10,57.1302604675293,57.23496495725009,56.65433360955025,56.77807560931426,33900
2021-08-11,56.70191192626953,59.27191706720216,56.62576553545179,59.27191706720216,48400
2021-08-12,56.78759002685547,57.06362846367243,56.49251408084076,56.7399980693779,65300
2021-08-13,64.87834930419922,64.88786261216264,58.52948346933678,59.17674062110568,252300
2021-08-16,61.41358947753906,64.5356753043789,60.37607256634701,64.5356753043789,132900
2021-08-17,62.16556167602539,62.384491218295246,60.6235597271687,61.35648749836836,96100
2021-08-18,61.45167922973633,62.413053604644766,61.28986582603865,62.23219905811901,91800
2021-08-19,61.82289123535156,61.91808240934722,61.032858230483235,61.22322605434059,53200
2021-08-20,62.29881286621094,62.4130379082481,61.55636824813531,61.55636824813531,46600
2021-08-23,62.06085205078125,62.36544491345494,61.80385477311491,62.32737715992907,45200
2021-08-24,62.108436584472656,62.34639994303385,61.670584876167894,62.0989160167519,35600
2021-08-25,63.85983657836914,64.10732047814582,62.08939606138633,62.13698437076268,172500
2021-08-26,62.78427505493164,63.91698338777451,62.29882758913211,63.63142434622935,59000
2021-08-27,61.85144805908203,62.85088994848672,61.394555151021024,62.822335503370354,43300
2021-08-30,62.203636169433594,63.67901226957591,61.699154883933915,61.88952271398644,27500
2021-08-31,63.15548324584961,63.545746697373055,62.156041349386754,62.156041349386754,103100
2021-09-01,63.717079162597656,63.92648810619127,62.82233449890357,62.84136837465468,49800
2021-09-02,64.1834945678711,64.31675350342408,63.16501141067759,63.16501141067759,81600
2021-09-03,64.05976104736328,64.39290841144135,63.4315340790436,64.09782880719973,39000
2021-09-07,64.2406005859375,64.84027303111436,63.52671035087324,64.02167831394199,53300
2021-09-08,64.16446685791016,64.40243030314127,63.11742188923883,64.2406096412124,47600
2021-09-09,63.298255920410156,64.2881844032449,62.80329531002562,63.6885193299215,50700
2021-09-10,64.11685180664062,64.25011071456483,62.917514373256985,63.26018221136659,45900
2021-09-13,61.9466438293457,63.53623784988475,61.128049022898615,63.53623784988475,211400
2021-09-14,61.80385971069336,62.508229400261634,61.63252575787218,62.060857008891496,94300
2021-09-15,59.4718132019043,59.90966499168083,58.68177659261477,58.986369457766564,330400
2021-09-16,60.42366409301758,60.728256944456746,59.233847132385456,59.233847132385456,111100
2021-09-17,59.90966796875,60.994784189688076,59.567003701701374,59.96678049544155,119200
2021-09-20,60.15715026855469,60.19522528528268,58.7198492508572,59.15770468116224,69800
2021-09-21,60.585479736328125,60.83296006096448,59.88110651369166,59.88110651369166,57600
2021-09-22,60.033409118652344,60.737782413829834,59.681224286580346,60.64259487067964,64100
2021-09-23,59.186256408691406,60.06195996699762,59.02443941054935,59.82399656993181,23500
2021-09-24,58.60562515258789,59.157701976805626,58.39621620119036,59.157701976805626,36300
2021-09-27,58.39622116088867,58.786481020072,58.32007475547986,58.519963154590776,49600
2021-09-28,58.52980041503906,58.692010373867554,57.77599220182596,58.109959662836495,57700
2021-09-29,59.159568786621094,59.41719960361285,58.20538219328849,58.24355053060572,73500
2021-09-30,58.96873092651367,59.79887224615792,58.749268446144875,59.23590564864643,91100
2021-10-01,59.10231399536133,59.30269593856216,58.09087857509463,59.03552122760533,74300
2021-10-04,58.27217483520508,59.10231615039371,57.556534891782775,59.10231615039371,107600
2021-10-05,59.19773483276367,59.302695936357146,58.29125687619521,58.52980351529571,128400
2021-10-06,60.32368087768555,60.35230531226453,59.06415479714599,59.06415479714599,123400
2021-10-07,60.27595901489258,61.125184411262794,60.113749058252246,60.36183594485881,61900
2021-10-08,59.64619827270508,60.91526810230418,59.608033577928204,60.49542734029665,48500
2021-10-12,59.493534088134766,60.19009352138332,59.09277745633672,60.19009352138332,37100
2021-10-13,60.32368087768555,60.69581308694499,59.35041006273531,59.53170421495747,30500
2021-10-14,61.13473129272461,61.20152405929297,59.95154202214269,60.629013591583366,59100
2021-10-15,61.11565399169922,61.33511283063928,61.00114898016574,61.048857581671534,49900
2021-10-18,61.64045333862305,61.87899999030492,60.86756451673092,60.86756451673092,46400
2021-10-19,62.594635009765625,63.25302604605063,61.4686946114129,61.70724124428538,71800
2021-10-20,62.45150375366211,63.43432196753545,62.413342699796516,62.90951647856742,59600
2021-10-21,63.70149612426758,63.72057665212906,62.41334573758085,62.41334573758085,144200
2021-10-22,63.262569427490234,63.69195045116992,62.50876120025209,63.69195045116992,47900
2021-10-25,63.05264663696289,63.53927651794462,62.88089277312658,63.157607735966494,33300
2021-10-26,62.327476501464844,63.21487044570872,61.90763201347554,63.15762157184362,90900
2021-10-27,62.78548812866211,62.995403088766636,61.99351141599447,62.356099743302465,66000
2021-10-28,62.64234924316406,63.5583674689816,62.56601257104617,62.842727547574235,30300
2021-10-29,61.936241149902344,63.0430935603436,61.80264835981002,62.690041980532826,70000
2021-11-01,61.38282012939453,62.37517497651353,60.90572687288725,62.003042818827076,79200
2021-11-02,61.2587776184082,61.96488095325235,61.04885903878577,61.44007540436361,37200
2021-11-03,61.18244171142578,61.57365439544004,61.03931227879019,61.2587710996148,63000
2021-11-04,61.11565399169922,61.93625504135762,60.82939510279849,61.19198338618892,65800
2021-11-05,60.49543380737305,61.2587787435719,60.09467352994555,60.972527122447175,87100
2021-11-08,62.05074691772461,62.57555240456502,60.44771330685285,60.495425543789345,112600
2021-11-09,62.03168487548828,62.31793654281067,61.28742034863566,62.193894881624374,29200
2021-11-10,61.449615478515625,62.098462625848896,61.153812696732,61.821747651852945,45600
2021-11-11,61.840824127197266,61.93624860015092,60.74351184694965,61.60227750454354,40400
2021-11-12,65.00872039794922,67.16518381928898,62.413339361841466,62.413339361841466,170800
2021-11-15,64.0640869140625,65.00872959749759,63.6919547272588,65.00872959749759,83800
2021-11-16,64.76065063476562,65.44765890851075,64.06409117627992,64.49347225735391,43000
2021-11-17,63.453399658203125,64.35987388423146,63.05264309173996,64.08316621681521,63800
2021-11-18,62.81410217285156,63.65378371395018,62.64234830309666,63.65378371395018,43500
2021-11-19,63.50111770629883,63.920954837275175,62.98585609659248,62.98585609659248,29900
2021-11-22,62.957244873046875,64.15951493472653,62.69006646836202,63.291208779069,49300
2021-11-23,61.840824127197266,62.890435090765855,61.56410917133511,61.93624860015092,53000
2021-11-24,61.73586654663086,62.11754262058591,61.2874049855892,61.678617683490565,29000
2021-11-25,62.42285919189453,62.64232522010277,61.97439051501987,62.117519900384984,32900
2021-11-26,61.506866455078125,62.20342586594366,61.277863712818814,62.088920854881046,72700
2021-11-29,62.27022171020508,62.6423539146993,61.36374004090238,61.52595730121664,67900
2021-11-30,62.42285919189453,63.07170609633518,61.478216896265465,62.23202486464967,155600
2021-12-01,61.64045333862305,64.02591985544178,61.440075024794204,62.54693498293381,74300
2021-12-02,61.98396301269531,62.45151242606114,61.678623580312234,61.6881674850366,39300
2021-12-03,60.877098083496094,62.069834850612956,60.80076505612128,61.98395427992575,81000
2021-12-06,61.06793975830078,61.67861857349453,60.447717039157396,61.06793975830078,70400
2021-12-07,62.394264221191406,62.84273310974557,61.106113704617904,61.106113704617904,127000
2021-12-08,62.594635009765625,62.966767174657456,62.48013728510076,62.594635009765625,54400
2021-12-09,65.10414123535156,65.36176836005373,62.594626345771985,62.594626345771985,140500
2021-12-10,68.66326904296875,68.71098128643037,64.98010806761262,64.98010806761262,223800
2021-12-13,67.31787109375,68.73006325953465,66.3350527288074,67.88083772311737,86800
2021-12-14,65.56217193603516,67.10795712048383,65.3236252441067,66.88849096076804,48400
2021-12-15,65.77207946777344,66.23962884093758,64.62705851475678,65.54307673314324,134600
2021-12-16,63.50111770629883,66.09649900279155,63.415237131414955,65.74345463900683,169300
2021-12-17,64.3980484008789,64.44576064045833,62.861807468701855,63.36753245670052,146300
2021-12-20,64.12132263183594,64.26445204661191,63.53926835031424,63.77781494831938,50000
2021-12-21,65.07553100585938,65.38087046325265,64.10226376037673,64.17860044469178,36600
2021-12-22,66.52589416503906,66.97436305371502,64.76065032482069,64.86561143833491,90900
2021-12-23,66.87894439697266,66.96482498818503,66.23964103517831,66.6308610887303,33600
2021-12-24,67.06978607177734,67.31787665974218,66.6213171442564,66.71673436120687,22700
2021-12-29,67.24153137207031,69.01631904379637,66.85031136879476,69.01631904379637,102300
2021-12-30,67.57618713378906,67.8630565676587,66.8303353601993,67.10764053416855,81700
2021-12-31,67.86307525634766,68.1403805066835,67.66226951549648,67.79614000939726,18600
2022-01-04,68.11168670654297,68.27424267282402,66.9546518290525,66.9546518290525,76300
2022-01-05,66.419189453125,68.0447714802125,66.23750491067388,68.0447714802125,101800
2022-01-06,66.64867401123047,66.82079427216091,65.20478396745342,66.15144175487323,67600
2022-01-07,65.21434020996094,66.85904328602717,65.13784799126115,66.60086654520059,59200
2022-01-10,64.47804260253906,64.86053281920782,63.225394255958136,64.83184732965162,100500
2022-01-11,64.94659423828125,65.02309374652482,63.94256555031434,63.94256555031434,95700
2022-01-12,64.50672149658203,66.11317440602316,64.1433598403655,65.34819405090134,57800
2022-01-13,64.34416961669922,64.87008726067988,64.0668644027921,64.63103179649036,50200
2022-01-14,63.10107421875,64.19116648158109,62.54647112206623,64.12423124773684,50000
2022-01-17,63.569637298583984,63.77044302901223,63.10108329885702,63.10108329885702,22000
2022-01-18,62.546485900878906,63.493143659041216,62.546485900878906,63.493143659041216,98300
2022-01-19,61.8962516784668,63.26364939512339,61.705002906147335,62.81422389941605,120600
2022-01-20,62.173553466796875,63.00546926306824,62.106618216204595,62.22136748667501,132700
2022-01-21,61.15995407104492,61.98230551855989,60.99739809303239,61.98230551855989,93300
2022-01-24,59.1423225402832,60.825275112320575,58.35822088093523,60.60534451496171,312200
2022-01-25,58.03310775756836,58.788523959525556,57.172510207124795,58.5016581093777,320800
2022-01-26,58.02354431152344,59.371817024346406,57.947044809778895,58.39647026328556,110500
2022-01-27,56.80913543701172,58.40602769610103,56.71351471870789,58.40602769610103,86700
2022-01-28,57.41157150268555,57.4593818746011,56.20672970330736,56.73265473747109,147500
2022-01-31,58.3390998840332,58.44428488274086,57.06732658037035,57.344631822836476,79700
2022-02-01,58.2817268371582,58.8172087786003,57.92792574760579,58.68333829323978,49700
2022-02-02,57.37331771850586,58.4634101715259,57.239447227460914,58.4634101715259,39500
2022-02-03,54.542903900146484,57.06732940321204,54.514214759636104,56.90476976597811,81400
2022-02-04,49.91477966308594,52.19058861282878,48.470882674213776,52.075839368249085,557600
2022-02-07,49.0541877746582,50.44071040148983,48.83425715281142,49.905224769364544,125000
2022-02-08,49.98172378540039,50.029534155294314,48.5569514172982,48.82469605455948,237900
2022-02-09,51.19612121582031,51.28218133241616,50.268584808920316,50.268584808920316,174300
2022-02-10,50.00084686279297,51.4447404087125,50.00084686279297,50.6893241894135,258800
2022-02-11,48.70994186401367,50.201649328664935,48.43264028759079,50.153838963605615,121100
2022-02-14,48.633453369140625,49.25499550436361,48.34658748767635,48.78644874910141,134800
2022-02-15,48.42307662963867,49.388862795283536,48.29876676077707,49.388862795283536,79000
2022-02-16,48.70994186401367,49.55141815030647,48.01190032059588,48.059710685655205,107700
2022-02-17,48.71950912475586,49.20718071469665,48.30833339407957,48.509139128308284,166200
2022-02-18,48.22228240966797,48.815139110165966,48.06928701445242,48.681268595314606,106900
2022-02-22,47.32342529296875,48.14577309517233,47.08436980858816,48.05015236049898,197200
2022-02-23,47.25648880004883,47.964094674717956,47.04612244355049,47.37123806471781,185100
2022-02-24,47.772850036621094,48.06928016850196,46.39589167578539,46.52020155659962,151400
2022-02-25,47.94497299194336,48.10753263720739,45.31536235506998,47.42861220961897,201300
2022-02-28,46.969627380371094,47.88760334614046,45.78391404811968,47.543362814939165,206200
2022-03-01,46.93136978149414,47.83021700028667,46.71143554774263,46.96961588294511,116900
2022-03-02,47.28518295288086,47.715483621763255,46.65407652108593,46.8453216681112,123600
2022-03-03,46.43414306640625,47.610295724985654,46.262022809277795,47.476425224485205,68400
2022-03-04,45.382293701171875,46.41501517694541,45.30579784057605,46.41501517694541,106200
2022-03-07,44.636436462402344,45.42053809132098,44.273071136316645,45.40141321650626,98700
2022-03-08,44.86592483520508,45.0858590578551,44.24438285756211,44.71292949403332,93200
2022-03-09,45.51616668701172,46.051652331313306,44.865935421680334,45.13368006767989,145000
2022-03-10,46.2524528503418,46.31938809234903,44.961554728548386,45.15279984043925,73400
2022-03-11,45.85084533691406,46.65407195769568,45.688285701148864,46.49151232193048,81100
2022-03-14,44.98067855834961,46.39588651711184,44.94242880732162,45.898650696839105,71900
2022-03-15,44.6460075378418,45.49704825188438,42.91524791005665,45.07630820276271,285900
2022-03-16,46.21420669555664,47.179989220388016,44.684249449800795,44.684249449800795,142100
2022-03-17,45.6500358581543,46.644503878181276,45.6404715962874,46.01339755975966,71500
2022-03-18,45.91777801513672,46.36720349438201,45.439667044942915,45.53528777990279,110300
2022-03-21,45.55440139770508,46.28113193549931,45.17191490469956,45.86995631093855,56100
2022-03-22,46.23333740234375,46.44370743309234,45.650044981291686,45.7839154926052,58900
2022-03-23,46.19508361816406,46.481949473006686,45.73609752087641,46.3002649683718,44500
2022-03-24,46.0516471862793,46.37676278262206,45.898651826100185,46.27157778855571,40000
2022-03-25,45.94646453857422,46.290705028480936,45.76478367898892,46.05164953801208,52700
2022-03-28,46.57756423950195,46.65406373642794,45.850837257188985,45.850837257188985,118500
2022-03-29,48.08839797973633,48.18401870619006,46.854870910919956,46.854870910919956,96900
2022-03-30,47.83903503417969,48.155530349490014,47.72394250260384,47.97330599574221,65700
2022-03-31,48.43366622924805,48.855661211967856,47.417037462584254,47.85821819293836,164800
2022-04-01,48.03085708618164,48.472034192376945,47.743129386949356,48.472034192376945,100800
2022-04-04,48.097999572753906,48.8077187323248,48.021271199497484,48.10758879010586,52900
2022-04-05,48.0500373840332,48.20349045556499,47.92535927870788,48.002083985168866,82100
2022-04-06,48.19388961791992,48.28020717850533,47.64721295374865,47.64721295374865,164100
2022-04-07,48.2226676940918,48.491213286205515,47.9253544558862,48.136350121378364,54600
2022-04-08,48.0500373840332,48.37612561836447,47.95413058630452,48.22267254683268,55500
2022-04-11,48.136348724365234,48.51998318275987,47.954124368862914,47.954124368862914,60100
2022-04-12,48.14595031738281,48.529581186644386,48.00208645477847,48.280221304554864,104000
2022-04-13,48.50080490112305,48.83648233461086,48.10758119677605,48.14594537734884,96900
2022-04-14,48.67344665527344,48.807717646875886,48.433675982094755,48.510404353644795,80600
2022-04-18,48.72139358520508,48.86525743344301,48.42408033147416,48.46244085354259,288800
2022-04-19,49.26807403564453,49.8147508460165,48.69262591691927,48.72139722527256,65600
2022-04-20,48.635074615478516,49.402339914023536,48.481621555769514,49.00911621985612,502000
2022-04-21,48.67344665527344,49.06667041294208,48.35694761054471,48.91321732845213,136100
2022-04-22,44.59733581542969,48.625483007900044,44.50142902980799,48.49121204458593,236000
2022-04-25,45.316650390625,45.355014570609285,42.87099062507509,44.42470332834298,174200
2022-04-26,44.1178092956543,45.355026999620705,43.63826789026675,45.16320970574357,150100
2022-04-27,43.99311828613281,44.56857004716585,43.331352602485126,44.00271116105209,241300
2022-04-28,44.21371078491211,44.71243422544522,43.07240369473315,44.08903266873643,187500
2022-04-29,46.14146041870117,46.323684779596604,44.204113297828215,44.34797713863634,199800
2022-05-02,46.24696731567383,46.745690740923486,45.383791453009025,46.14146763705813,132600
2022-05-03,47.98290252685547,48.02126670989694,46.40041839179837,46.40041839179837,141200
2022-05-04,48.58711624145508,48.59670545606259,46.371634488986324,47.85821519718216,291900
2022-05-05,43.57112121582031,46.57305066834903,42.73672040877329,46.57305066834903,292500
2022-05-06,44.26166534423828,44.46307182077573,42.77508432384587,43.9259842247326,199500
2022-05-09,43.11076736450195,44.47266301923779,42.03659578315719,43.82048650162596,104900
2022-05-10,43.024436950683594,43.59029571172993,41.71049509010817,43.56152075194181,128900
2022-05-11,42.468177795410156,44.26166495234481,42.1900466125348,42.880583620064876,118900
2022-05-12,41.835182189941406,43.638258511073424,41.72009330179547,42.20922382037304,122000
2022-05-13,42.37226867675781,42.75590317219869,41.82559189885086,42.1516801223927,155000
2022-05-16,43.436851501464844,44.06025299155422,42.199634078815066,42.199634078815066,206700
2022-05-17,43.97393798828125,44.472661404738595,43.39848986238968,44.041073481014934,117600
2022-05-18,42.295528411865234,44.17533252019932,42.19962164429893,43.743744748933615,82200
2022-05-19,42.62162780761719,43.38889678535488,42.06536182322796,42.18045070644476,90200
2022-05-20,42.68876647949219,43.024447596950836,42.06536496182883,43.014854721778065,44100
2022-05-24,41.98862838745117,42.87098614176782,41.01036385181299,42.87098614176782,41400
2022-05-25,41.71049880981445,42.458581976056955,41.480317404027126,42.017404911791346,46600
2022-05-26,42.65999221801758,43.08198723115871,41.75845592051211,41.75845592051211,37400
2022-05-27,44.06025314331055,44.223299087108245,42.938128262118894,42.938128262118894,36600
2022-05-30,45.076881408691406,45.412558849354795,43.590304136509694,44.11779882552776,65900
2022-05-31,45.25909423828125,45.33582258149612,44.32878685775804,44.87546349803325,121000
2022-06-01,45.00014877319336,45.36460114460193,44.54938248976079,45.259101485093446,53200
2022-06-02,46.083919525146484,46.323690182050065,44.923430423799516,44.923430423799516,73100
2022-06-03,45.65232849121094,45.76742103285858,44.626110442482045,45.68110345592766,64700
2022-06-06,46.812828063964844,47.13891632942284,45.94965216757305,46.21819415373487,77700
2022-06-07,46.927913665771484,47.05259543284526,45.79619586275697,46.716914315125074,42400
2022-06-08,46.3140983581543,47.02381741381135,46.09350980525496,46.803228860912014,44400
2022-06-09,45.51805877685547,46.47714136545475,45.326241527413664,46.14146392288889,60800
2022-06-10,42.77508544921875,45.01933903447864,42.75590701547151,44.846703861873266,50800
2022-06-13,42.43940353393555,42.69835626571814,40.85691583702291,42.05576904419623,73400
2022-06-14,42.30512237548828,42.98606995516371,42.074941005337095,42.44898253055011,89800
2022-06-15,42.602447509765625,43.28339893908862,42.14208829891967,42.29554136920165,72000
2022-06-16,39.82110595703125,42.08454124911577,39.58133533132076,41.88313114297582,116800
2022-06-17,41.55705261230469,42.132500733760395,39.945793481896786,39.945793481896786,80400
2022-06-20,42.353084564208984,42.65999068246626,41.37481994028534,41.43236620943715,29500
2022-06-21,42.420230865478516,42.823047535034746,41.90232528688213,42.43941296008695,42000
2022-06-22,42.38185501098633,42.8326249636875,41.71050017752856,42.122902292962856,51400
2022-06-23,42.573673248291016,42.94771485248616,42.36267391931548,42.52571985314463,28900
2022-06-24,43.85884475708008,44.30961472823255,42.50653850223225,42.50653850223225,47500
2022-06-27,43.80130386352539,44.443891156087375,43.59989738052046,44.01230322206963,58600
2022-06-28,43.36012268066406,44.11779879897363,43.21626248844193,43.849256846604554,55100
2022-06-29,42.81162643432617,43.54295399118581,42.02255737161446,43.07143751513976,48200
2022-06-30,42.90785598754883,43.10993292056599,41.522180870131024,42.474831366234206,103300
2022-07-04,43.023319244384766,43.93748133213457,42.78275046712367,43.19652905767581,50800
2022-07-05,43.92786407470703,43.92786407470703,42.27274956636371,43.0040770986616,73800
2022-07-06,43.677677154541016,45.10184421917881,43.52371324676366,43.947113075454105,47400
2022-07-07,45.169193267822266,45.169193267822266,43.83163142483021,43.84125623176892,50400
2022-07-08,45.46751022338867,45.66958716561434,44.92863470666442,44.9863725490671,36100
2022-07-11,44.832393646240234,45.323152294770274,44.697675729811905,45.275039277587005,28700
2022-07-12,45.52524185180664,45.592600823354346,44.30315188534477,45.05372538018409,61800
2022-07-13,45.04410171508789,45.28467050591039,44.51484743864766,45.14994889958751,28800
2022-07-14,44.30315017700195,45.58297425784651,44.00484354965875,45.169195636701126,56500
2022-07-15,44.50522994995117,44.880516707067805,43.78352351833034,44.389757948712685,24800
2022-07-18,45.44824981689453,45.794669419521476,44.78428135905153,44.78428135905153,54100
2022-07-19,46.08335876464844,46.5067622021734,45.63108824576081,45.8909029903906,60000
2022-07-20,47.161102294921875,47.161102294921875,45.89089942267409,45.98712913771607,33400
2022-07-21,47.74809265136719,48.26772212136813,47.12261599669652,47.12261599669652,35700
2022-07-22,47.661495208740234,48.15225767535584,47.43055118862973,47.776970889584504,35500
2022-07-25,48.036781311035156,48.142632181575166,47.209227634826576,47.950180057817654,38500
2022-07-26,48.31583786010742,48.4505558034276,47.469038310441015,48.01753489155237,31400
2022-07-27,49.085662841796875,49.287743450376375,48.37358115507179,48.460186081380414,62400
2022-07-28,49.79774856567383,50.0768092936979,49.00868308496299,49.23962710962568,70500
2022-07-29,50.58680725097656,50.72152519239776,49.181886332171764,50.03831067759676,71600
2022-08-02,49.04716873168945,50.70227960024034,48.93169306327836,50.70227960024034,135600
2022-08-03,50.336612701416016,50.52906478822235,49.22999484833829,49.50905551331104,63400
2022-08-04,50.663795471191406,50.9524773239446,49.922843057625236,50.13454112522349,82400
2022-08-05,50.471336364746094,50.58680836410678,49.80736410914761,50.17302972304325,71800
2022-08-08,51.84739685058594,51.91475583137703,50.634927854767994,51.01021465368669,52500
2022-08-09,50.51945877075195,51.808907960494146,49.634167159986234,51.808907960494146,223100
2022-08-10,51.57794952392578,52.36701489842758,50.97171878769372,51.16417089207867,237700
2022-08-11,53.27155685424805,53.3581617710222,51.8185192140137,51.84738996679752,72500
2022-08-12,54.185726165771484,55.82159132069209,53.233071956132264,55.82159132069209,143300
2022-08-15,53.48326110839844,54.253080587935095,52.78079693310811,54.16647566706292,47100
2022-08-16,53.78156661987305,53.95477646975903,52.53060944797683,53.05023899763478,129400
2022-08-17,52.328529357910156,53.22344563809373,51.5490850804245,53.22344563809373,97900
2022-08-18,52.28042221069336,52.80967292595192,51.99173666528942,52.357402330889,61700
2022-08-19,51.01020431518555,52.020596163848886,50.81775222095291,52.020596163848886,54400
2022-08-22,50.07680892944336,50.48096280505782,49.807369341577996,50.48096280505782,49400
2022-08-23,49.95170974731445,50.08642769948313,49.74963281906143,49.980576831125205,26200
2022-08-24,50.91398239135742,51.067946281685394,50.105671049438385,50.105671049438385,45100
2022-08-25,50.74076843261719,51.40473696742859,50.5483126676493,51.3470028074901,30800
2022-08-26,49.932456970214844,50.740768243435554,49.6630211027374,50.740768243435554,33900
2022-08-29,49.239620208740234,50.15378238265138,49.239620208740234,49.874725364525965,62100
2022-08-30,48.93169403076172,49.99019898739393,48.92207289359821,49.79774320702547,41100
2022-08-31,49.364723205566406,49.691896961355205,48.95094452410443,48.95094452410443,66100
2022-09-01,48.58528137207031,49.30698784498956,47.94055501411888,49.30698784498956,43000
2022-09-02,47.79621505737305,49.1915150544272,47.7481020238448,48.9509462159968,54300
2022-09-06,47.536399841308594,48.4601832201993,47.45941605767328,47.699984875350374,86200
2022-09-07,47.63262939453125,48.00791619031342,47.04564084900976,47.449798401167634,208300
2022-09-08,47.56526184082031,48.05602056128031,47.1418620884472,47.45941098502992,106100
2022-09-09,49.104896545410156,49.40320314404889,47.81544778119898,47.959790512653754,85200
2022-09-12,50.057559967041016,50.19227791746406,48.78735690478253,49.06641761396675,35100
2022-09-13,48.86433792114258,49.32622961861525,48.806603753201564,49.14339863548719,33300
2022-09-14,48.671878814697266,49.595662077057405,48.431310027366706,48.85470977158467,52600
2022-09-15,47.92130661010742,49.00867866802907,47.55564098809338,48.74886391060768,178300
2022-09-16,47.46903991699219,47.64224608513111,46.9494104002091,47.64224608513111,59400
2022-09-19,47.22847366333008,47.295832640919905,46.54525540796486,47.01677192188263,72400
2022-09-20,46.11222839355469,46.93978569903111,46.00638119911433,46.93978569903111,87100
2022-09-21,46.006378173828125,46.29505999678615,45.178820922770186,46.17958800176065,94300
2022-09-22,45.37128448486328,45.8909103870876,45.226941713207594,45.8909103870876,55800
2022-09-23,44.890140533447266,45.09221744889267,44.74579778196418,44.77466486394533,75800
2022-09-26,44.86127471923828,45.688832087827315,44.74580270781325,44.74580270781325,58400
2022-09-27,43.9952278137207,45.207693074453395,43.975981867259684,45.044108035718146,78200
2022-09-28,44.149688720703125,44.31381587431899,43.63800533206241,44.14003591537098,98300
2022-09-29,43.11667251586914,43.898682459194674,42.46017115964143,43.84075456910219,45600
2022-09-30,43.23252487182617,43.69593694672313,42.92358348856153,42.92358348856153,50000
2022-10-03,43.86005783081055,43.97590991218291,42.85599663792677,43.251827958580975,51000
2022-10-04,44.912391662597656,45.57854575254751,44.34278036265629,44.34278036265629,157600
2022-10-05,45.17306137084961,45.34684133822248,43.946948793439354,44.41036081214324,94500
2022-10-06,45.182716369628906,45.5978570137387,44.89308430424037,45.520623514975135,57800
2022-10-07,43.792484283447266,44.825507744390286,43.69593779750239,44.6324184553724,59100
2022-10-11,43.64765930175781,43.76351506606122,42.749797384198416,43.242175175309704,41300
2022-10-12,44.410362243652344,44.516561525233556,43.07805034513876,43.34837679358316,75600
2022-10-13,45.00893783569336,45.20202711309522,43.15528961152745,43.56077377948688,172300
2022-10-14,44.844818115234375,45.42408231328464,44.65172882159363,45.037907408875114,57300
2022-10-17,46.24470138549805,46.33159136563359,45.08616954464783,45.55923434981932,40800
2022-10-18,47.65425109863281,47.9631924604658,47.142567658635336,47.142567658635336,60500
2022-10-19,46.13850784301758,47.51909120840591,45.81025717538248,47.12325984592285,76000
2022-10-20,46.37021255493164,46.94948039530364,45.75232980483221,45.75232980483221,47800
2022-10-21,46.78534698486328,47.055673414169284,46.08057433675027,46.167464317085916,56300
2022-10-24,46.466758728027344,46.8239715000193,46.33159733769913,46.8239715000193,79800
2022-10-25,47.28738021850586,47.499778778513054,46.447446150187766,46.447446150187766,20100
2022-10-26,47.10394287109375,47.94387685790314,47.06532428522708,47.28737562965388,50000
2022-10-27,47.35496520996094,47.60598238238133,46.72742964465345,47.441855203049265,57100
2022-10-28,47.30669021606445,47.57701298163738,46.74673170695314,47.354961612363695,97500
2022-10-31,46.737083435058594,47.31634761258997,46.5150320442425,47.190842706610326,47900
2022-11-01,46.881900787353516,47.45151215135489,46.50537502508404,47.23911357000367,53300
2022-11-02,45.655784606933594,46.95913073425253,45.56889461958756,46.95913073425253,41600
2022-11-03,45.607513427734375,46.09023476354376,44.786884947135505,45.32753416907577,27100
2022-11-04,45.607513427734375,46.34124823770118,45.31787767995153,46.34124823770118,43300
2022-11-07,45.26961135864258,46.05162133616768,45.18272136113979,46.05162133616768,126000
2022-11-08,45.655784606933594,45.73301810520145,45.105482581365905,45.482004632241534,178900
2022-11-09,45.993690490722656,47.26807458369948,45.25029915600756,45.4916598354785,38700
2022-11-10,48.38798904418945,48.87071041365667,47.277732104137925,47.3646220979569,62400
2022-11-11,52.60697555541992,55.55157512168311,48.7645102799704,50.20302155657426,211500
2022-11-14,50.540916442871094,52.48145804704011,50.454026465328134,52.27871599373024,103200
2022-11-15,50.2030143737793,51.69944964257733,49.90372584687122,50.2030143737793,80300
2022-11-16,49.54651641845703,50.21267051998165,49.27619365543917,50.21267051998165,66100
2022-11-17,49.07345199584961,49.739606102976126,48.793472741585866,49.5078982449613,37500
2022-11-18,48.754852294921875,49.58513353712451,48.52314444573015,49.58513353712451,54900
2022-11-21,48.73554611206055,48.870707498188594,48.43625755501162,48.56176613478976,80200
2022-11-22,49.10240936279297,49.57547415644161,48.35901814704543,48.5714166895079,60500
2022-11-23,50.09681701660156,50.09681701660156,48.67761518515123,49.03483160660407,115900
2022-11-24,50.347835540771484,50.405759742584344,49.855457728133615,50.02923769931505,20100
2022-11-25,50.14509201049805,50.637469844980245,49.84580713353003,50.1064771018668,46500
2022-11-28,49.729949951171875,50.25128987308633,49.27619440390988,49.27619440390988,47900
2022-11-29,50.50230407714844,50.51195688275109,49.6430570636614,49.93269279193881,32800
2022-11-30,51.3905143737793,51.52567576224295,50.44438097166209,50.58919884951408,122900
2022-12-01,52.433189392089844,52.674550044208495,51.26500103685339,51.26500103685339,64700
2022-12-02,52.027706146240234,52.53938959510701,51.62222198288277,51.89254475845441,45100
2022-12-05,51.22638702392578,52.09528317696745,50.96571707315188,52.00839319337614,45800
2022-12-06,50.347835540771484,51.30362169939794,50.328526245876716,51.30362169939794,49800
2022-12-07,50.492652893066406,50.772632162282484,50.04855013126469,50.27060151216555,51300
2022-12-08,50.125789642333984,51.16846965978366,50.06786542994596,50.415425435762515,48700
2022-12-09,50.193359375,50.50230069378543,50.00027013004135,50.463682108219494,34300
2022-12-12,50.193359375,50.4540256203925,49.951998739519446,50.019579422824314,70500
2022-12-13,50.50230407714844,51.80565012291171,50.13543485543598,50.50230407714844,44600
2022-12-14,51.12019348144531,51.18777417816856,50.135441451214234,50.35749283800089,94100
2022-12-15,50.11613082885742,51.03330213810298,49.66237157754325,51.03330213810298,53200
2022-12-16,49.67202377319336,50.318868563909476,49.324463839071306,50.203016480159235,63800
2022-12-19,49.189308166503906,50.569891574476124,48.97690958593225,49.75891952841462,36200
2022-12-20,48.967254638671875,49.14103461829426,48.513495393783245,48.99621674098507,30400
2022-12-21,50.66643142700195,51.042953483110054,49.063796724803645,49.063796724803645,44900
2022-12-22,51.59325408935547,51.767034061656105,50.46368795227277,50.46368795227277,131300
2022-12-23,51.33258819580078,51.75738535411714,51.187773995997084,51.50636818186261,53400
2022-12-28,51.8249626159668,52.38491744726661,50.78228276869809,51.950471193776146,134400
2022-12-29,52.87055969238281,53.58698710112462,51.776551484059915,51.776551484059915,58300
2022-12-30,52.31871032714844,53.26749477019734,52.27030367363194,52.49297723436057,40200
2023-01-03,54.21628952026367,54.22596937553083,53.10291781176732,53.12228121549327,93400
2023-01-04,56.152584075927734,56.181627334145716,53.84839079871845,54.40023486400931,106800
2023-01-05,55.62010955810547,56.510804044971415,55.51361267528629,55.881509990518374,78200
2023-01-06,56.11385726928711,56.11385726928711,55.658830220043875,56.08481401106924,48100
2023-01-09,55.397430419921875,56.297808366398414,55.31029695112765,56.297808366398414,63600
2023-01-10,55.281246185302734,55.7653201578297,55.18443286807387,55.42646985433735,53800
2023-01-11,54.9036750793457,55.37806924928391,54.69068501952128,55.37806924928391,70000
2023-01-12,54.79717254638672,55.01984982511316,54.56481910634632,54.82621949628527,57800
2023-01-13,54.44865036010742,54.7778208593631,54.05170978981603,54.506736882028385,41200
2023-01-16,54.02265548706055,54.64226959121171,53.67412163017768,54.31309913673248,34600
2023-01-17,53.9742546081543,54.10979474630445,53.625720713944325,54.02266127275196,56400
2023-01-18,52.90929412841797,54.19692915628425,52.899610579416056,54.19692915628425,92400
2023-01-19,52.647891998291016,52.96737893436286,52.425218389952036,52.88992901081491,44800
2023-01-20,52.75438690185547,53.13196403636181,52.19285928106747,52.37680607415755,60400
2023-01-23,53.53858184814453,53.761255437420154,52.66725089356923,53.006101204816616,39100
2023-01-24,53.48049545288086,53.76125555717205,53.19973165539827,53.19973165539827,34500
2023-01-25,52.77374267578125,53.141639927711886,52.14444872960632,53.141639927711886,56500
2023-01-26,52.80278778076172,53.08355156040547,52.22189682013419,52.3380772281744,107000
2023-01-27,54.20661544799805,54.52610241058137,52.85120658811378,52.85120658811378,49300
2023-01-30,54.95207595825195,55.242523297494536,53.91615794831466,54.07106147242141,56300
2023-01-31,55.126346588134766,55.61042059513937,54.59386591906802,54.97144305362096,62000
2023-02-01,55.552330017089844,56.14290085337563,54.661631988851404,56.14290085337563,57100
2023-02-02,56.046085357666016,57.072323534779116,55.67818809520035,55.67818809520035,86100
2023-02-03,55.79436492919922,56.43334240025987,55.34901408503662,55.7459582724747,49800
2023-02-06,55.27157211303711,55.707239472526545,54.82622489808866,55.69755592387583,48400
2023-02-07,55.1844367980957,55.59105719124445,54.61322932210705,55.22316360502175,95300
2023-02-08,55.765316009521484,55.94926646904034,55.0779319060327,55.29092561992147,120800
2023-02-09,57.62416458129883,57.62416458129883,56.01703918350779,56.036402585070476,85500
2023-02-10,56.90774154663086,57.40149912335023,55.86214356666987,57.28531869753876,78800
2023-02-13,56.57857131958008,57.13041541854643,56.19131431133956,56.59793472397087,55700
2023-02-14,57.81780242919922,58.04047603636613,56.57857042022933,56.57857042022933,88700
2023-02-15,58.66008758544922,58.66008758544922,56.94646517882727,57.58544271238193,148500
2023-02-16,58.553585052490234,59.06670226208286,58.17600795915293,59.04734255392454,79000
2023-02-17,57.85652542114258,58.73753999249111,57.78875535359205,58.47614327090576,67900
2023-02-21,56.68506622314453,57.23691030289358,56.46239262019243,56.965830037246086,85500
2023-02-22,56.820613861083984,57.08201430599597,55.94928273790282,56.11386615144438,120100
2023-02-23,57.111045837402344,57.798429955118564,56.849645463089594,57.7693830069564,64100
2023-02-24,58.66976547241211,59.63791344187892,56.80123959588585,56.83028654634002,137800
2023-02-27,58.80530548095703,59.192562427742054,58.292184579009906,58.87307553897419,58900
2023-02-28,59.057029724121094,59.58951040102812,57.12073366759253,57.12073366759253,87800
2023-03-01,58.040470123291016,59.15383804569733,57.498305943777076,58.572950755154146,128300
2023-03-02,56.96582794189453,57.779072402115396,56.57856726819259,57.24659174566886,74600
2023-03-03,57.343406677246094,57.99206776992736,56.80124245748202,57.33372682206798,63200
2023-03-06,57.49831008911133,58.059837711218826,57.091689695054114,57.091689695054114,66200
2023-03-07,58.1760139465332,58.46645761028533,57.02391914660008,57.49830960231719,87000
2023-03-08,58.24378204345703,58.398685571769754,57.68225813827018,57.70161784776677,40100
2023-03-09,57.2465934753418,58.727858764603006,57.101369795017845,58.09856107412137,54500
2023-03-10,55.17475509643555,57.111051059637205,54.64227075200192,57.111051059637205,80700
2023-03-13,56.16226577758789,56.50111980510273,54.409920201242755,54.729407131720095,79500
2023-03-14,56.1235466003418,56.72379738890603,55.62978900061309,56.51080362485114,52500
2023-03-15,54.555137634277344,55.55233257306371,54.09042704332463,55.10698169185815,65800
2023-03-16,56.8690185546875,56.9658318832155,54.50673492941,54.5454617380979,66400
2023-03-17,55.842777252197266,57.66289653661467,55.74596392892475,57.66289653661467,68300
2023-03-20,56.210670471191406,56.77219435338699,55.44583271569188,55.44583271569188,52300
2023-03-21,56.50111389160156,57.43053501977752,56.41398043001061,56.636654011144984,45200
2023-03-22,55.56201171875,56.617293159691286,55.56201171875,56.617293159691286,47000
2023-03-23,55.68788146972656,56.39462916891794,55.368390810715525,56.06545865350902,64000
2023-03-24,53.141639709472656,55.42646943335656,53.141639709472656,55.42646943335656,136100
2023-03-27,53.67412567138672,54.25501670765816,53.344955192123734,53.82902920908744,85400
2023-03-28,54.1001091003418,54.11947250274675,53.0157807248124,53.470811448350474,90800
2023-03-29,54.59385681152344,55.18442759245855,53.87742946886092,54.00328603058833,48800
2023-03-30,55.43840408325195,55.77815818287509,54.89479382081298,55.68108664099476,63900
2023-03-31,55.710205078125,55.79757094345098,54.31235493595117,55.3316208960597,154900
2023-04-03,54.516204833984375,56.03054519436009,54.351182486676585,56.020835819199846,71300
2023-04-04,54.826839447021484,55.370449674223735,54.35118373838102,54.71035286370733,61400
2023-04-05,54.642398834228516,55.34132199604587,54.574448022705184,54.74917973891989,63600
2023-04-06,54.788002014160156,55.001563807503224,53.74932116969539,55.001563807503224,34900
2023-04-10,55.23455047607422,55.33162201593806,54.10850357966102,54.438551999456706,32500
2023-04-11,55.3025016784668,55.45781836515219,54.77830647226287,55.234550859482056,44000
2023-04-12,55.6519660949707,56.2926479013154,55.360744062325146,55.47723435660016,68500
2023-04-13,55.52576446533203,56.04995962698773,55.28308193157013,55.65196041973987,32900
2023-04-14,55.63254928588867,55.63254928588867,55.15688985691897,55.409281783487984,39600
2023-04-17,56.24410629272461,56.24410629272461,54.254110129071144,55.593718838060084,39300
2023-04-18,56.23440170288086,56.64210661609549,55.92376833003869,55.92376833003869,35100
2023-04-19,56.61298751831055,56.88479080158256,55.632551601477914,55.82669468779107,44400
2023-04-20,53.623138427734375,56.30235217789582,53.283380632421945,56.30235217789582,141900
2023-04-21,53.11835861206055,53.7299159820375,53.01157769579863,53.370746838918066,73000
2023-04-24,52.778594970703125,53.95318121648681,52.75917992416505,52.92420596821792,53600
2023-04-25,51.73020935058594,52.75918091514051,51.61371906916947,52.75918091514051,44000
2023-04-26,50.94392013549805,52.19616297445718,50.88567499076443,51.80786941565004,94800
2023-04-27,51.41958236694336,51.58460473146799,50.90509281798099,51.20602052763664,84400
2023-04-28,52.225284576416016,52.390310637757906,51.48753124588569,51.48753124588569,95300
2023-05-01,51.85640335083008,52.652405488538164,51.807867583456115,52.652405488538164,49800
2023-05-02,50.60416793823242,51.788456301032575,50.565337840293545,51.6719697102579,121000
2023-05-03,50.380897521972656,51.4195785121187,50.1285056029784,50.963334145273365,179800
2023-05-04,50.380897521972656,50.759481697422295,50.0217246913302,50.11879993057481,134500
2023-05-05,42.90627670288086,44.692420465721575,41.01335202276045,43.77022601099194,807200
2023-05-08,41.45018005371094,42.77037371097092,40.945399908109074,42.71212856619469,357100
2023-05-09,40.36296463012695,41.39193630115718,40.28530443447987,41.24632898888182,152400
2023-05-10,40.57652282714844,41.68315469560055,40.53769272926262,40.566817154197956,118700
2023-05-11,39.858177185058594,40.55710030297236,39.6154946725649,40.450319404988534,66800
2023-05-12,39.25632858276367,40.0620364391101,38.829208621027455,39.98437624440794,100600
2023-05-15,39.314571380615234,39.65432545453968,38.95540225917487,39.256326238067466,76700
2023-05-16,39.38252258300781,39.59608440474318,39.02335345803245,39.27574167214013,54600
2023-05-17,39.7222785949707,39.80964446238658,39.042770407338196,39.19808709351732,68000
2023-05-18,40.25617980957031,40.382372060698856,39.86788627506603,39.86788627506603,48400
2023-05-19,40.28530502319336,40.61535345343277,40.22705987560688,40.566817681965034,55800
2023-05-23,40.401790618896484,40.89686510356659,39.285453090502735,40.26588898092176,86100
2023-05-24,39.974666595458984,40.081447501032414,39.460180817377775,39.83876497128973,96600
2023-05-25,40.421199798583984,40.47944493627696,39.867883951145494,40.19793232532296,51300
2023-05-26,41.47929763793945,41.5763728718924,40.217349220883456,40.217349220883456,81900
2023-05-29,41.90641784667969,42.01319875324221,41.3142755791775,41.3142755791775,41200
2023-05-30,42.12968826293945,42.20734474617211,41.362810587168916,41.362810587168916,65000
2023-05-31,42.87714385986328,42.94509836909752,41.770512212672536,41.770512212672536,94700
2023-06-01,44.15851593017578,44.33324394949643,42.45973817624161,42.45973817624161,123000
2023-06-02,45.82817077636719,45.92524601591115,44.10997791837748,44.10997791837748,188800
2023-06-05,45.95436477661133,46.16792659145933,45.26514726892754,45.682561523562306,132300
2023-06-06,46.0611457824707,46.546510851404975,45.71168234035137,45.91553478057378,101100
2023-06-07,45.643733978271484,45.983488063555555,45.40105143077092,45.94466167026724,50500
2023-06-08,46.138797760009766,46.158212805235216,45.0127510582223,45.49811607973485,89800
2023-06-09,46.26499557495117,46.38148214797723,45.750509816298134,45.83787567182803,45900
2023-06-12,46.29411697387695,46.614459683215664,45.96406859291046,46.09997391698962,74900
2023-06-13,46.59504318237305,46.7018240821526,46.28440985740053,46.29411552872534,59600
2023-06-14,46.614463806152344,47.06099880135447,45.886416169306436,46.614463806152344,115200
2023-06-15,46.50768280029297,46.59504866466088,45.983487614085504,46.36207179199919,45500
2023-06-16,45.73109817504883,46.925095820825014,45.06129199843759,46.925095820825014,109200
2023-06-19,46.15821838378906,46.20675415119796,45.488415906246125,45.488415906246125,41200
2023-06-20,45.459293365478516,46.32324258109216,45.333097412836956,46.15821653486219,131600
2023-06-21,43.935245513916016,45.6922684406763,43.62461215824062,45.35251436510688,489900
2023-06-22,42.66359329223633,43.85759100119331,42.556812377094815,43.85759100119331,140600
2023-06-23,42.255882263183594,42.498564800790746,41.634615559395954,42.498564800790746,186700
2023-06-26,42.1782341003418,42.634474843011176,41.74140470583505,42.071453170235436,47600
2023-06-27,41.8967170715332,42.64417980179107,41.8967170715332,42.24618055093085,54100
2023-06-28,42.85774230957031,43.26544723987703,41.88701205298246,42.19764543884721,69100
2023-06-29,42.31227493286133,43.12072950884217,42.07850753147674,42.91618210371419,119200
2023-06-30,42.78955841064453,43.120732011548725,42.54604851926398,42.555787280026124,119000
2023-07-04,43.013580322265625,43.344753871256906,42.71162676664651,42.78955170319292,26500
2023-07-05,42.56552505493164,42.87721738421787,42.28305272037047,42.87721738421787,85700
2023-07-06,42.263572692871094,43.14994847629133,42.049282816989574,42.458381333157405,97600
2023-07-07,42.322017669677734,42.83825742361215,42.08824655118588,42.2635739611383,189600
2023-07-10,42.331756591796875,42.682411413042495,42.13694794491976,42.28305535899407,36500
2023-07-11,42.555782318115234,42.760333426930906,42.136945056522904,42.5460435584886,138500
2023-07-12,43.60774612426758,43.69540982239286,42.61422545073626,42.98436147789473,203900
2023-07-13,43.403202056884766,43.96814304253838,43.28631463999157,43.78307687262296,33100
2023-07-14,42.70188522338867,43.40319474392136,42.56552030898848,43.40319474392136,60400
2023-07-17,42.760337829589844,43.60775119965191,42.71163287944505,42.85774029854741,39600
2023-07-18,42.633705139160156,43.65644576975209,42.56552267816506,42.98435991894378,88100
2023-07-19,42.73110580444336,43.29605041837075,42.62396088003194,43.188905493959325,52700
2023-07-20,42.3707160949707,42.72137089164248,42.22460869113559,42.72137089164248,91400
2023-07-21,42.53629684448242,42.76032916589232,42.22460454817117,42.448636869581065,50500
2023-07-24,42.4194221496582,43.24735800612724,42.4194221496582,43.24735800612724,20100
2023-07-25,42.78955841064453,43.17917572311985,42.32201986507379,42.370721100216684,57400
2023-07-26,42.64344787597656,42.906438985345424,42.477862945447534,42.75059281486748,63200
2023-07-27,42.3609733581543,43.101241636107716,41.990837361344944,42.82851180459834,170800
2023-07-28,42.059024810791016,42.61422701406385,41.83499617751125,42.40967961615611,68200
2023-07-31,42.886962890625,43.0915140328762,41.96162823255031,42.08825070672219,66900
2023-08-01,43.27657699584961,43.520086880491725,42.54604734192327,42.73111351661153,54000
2023-08-02,43.64671325683594,43.74411572486367,42.662931237692355,42.935664836368765,44200
2023-08-03,44.00709915161133,44.13372531043645,43.48111699864418,43.48111699864418,39500
2023-08-04,43.64671325683594,44.31879920382563,43.4519046051145,44.00710684733772,72600
2023-08-08,43.344757080078125,43.41293954677105,43.02332226652652,43.41293954677105,81800
2023-08-09,42.31227493286133,43.335019389832915,42.12720876379304,43.335019389832915,84400
2023-08-10,42.66292953491211,43.01358435088203,42.33175595490339,42.41941965889587,93600
2023-08-11,49.52017593383789,51.44877399414829,47.93249026461782,47.93249026461782,246600
2023-08-14,48.36106491088867,49.56887186629964,48.088331311549105,49.549390629513525,135900
2023-08-15,48.07858657836914,48.69223245606978,47.92274041910642,48.20521274391558,91600
2023-08-16,48.234439849853516,49.17925941976033,47.883785010891565,48.02989243234774,60600
2023-08-17,47.65974807739258,48.253912705127846,47.640266843538015,47.98117914682935,115100
2023-08-18,47.16299819946289,47.562358024103276,46.97793200309275,47.24092315519752,73900
2023-08-21,47.007144927978516,47.22143480832668,45.77011802505731,47.06558863598233,86900
2023-08-22,47.85456466674805,47.90326590165917,46.80260015747075,47.20195622880764,44000
2023-08-23,48.70197296142578,49.0428852858895,47.942223372240555,47.942223372240555,101400
2023-08-24,48.71171188354492,48.87730052431204,48.11755093259357,48.77989806433068,70300
2023-08-25,49.695499420166016,49.773420653796656,48.70197861062925,48.82860479540339,65500
2023-08-28,50.270179748535156,50.29939974484704,48.86756047491123,48.86756047491123,48000
2023-08-29,51.088375091552734,51.176038799595155,50.221480487392114,50.240961724253324,61000
2023-08-30,51.05915069580078,51.32214181641203,50.82538328792364,50.97149070459632,62200
2023-08-31,50.68901824951172,51.81890396051214,50.33836342270711,51.41954790013266,86900
2023-09-01,51.029930114746094,51.176037529746715,50.22147924122946,50.961747645256715,43700
2023-09-05,51.14681625366211,51.24422244019099,50.640318946376304,50.776683891850645,42200
2023-09-06,50.698760986328125,51.409809456154356,50.56239603535682,51.11759831612068,30400
2023-09-07,50.66953659057617,50.93252770848738,50.192255587922666,50.64031659380801,23100
2023-09-08,50.49420928955078,50.8253828777591,50.47472805310724,50.679275462265515,27200
2023-09-11,50.78642272949219,50.874086439667735,50.06563552641865,50.16303799742877,25400
2023-09-12,50.87408447265625,51.049411886228434,50.318882234899654,50.32862099535769,48100
2023-09-13,51.06888961791992,51.26369825470428,50.650052349316546,50.77667852057623,55700
2023-09-14,51.79941940307617,52.24747666830547,50.88382363730339,50.9714873383844,53500
2023-09-15,51.62409591674805,51.9455307503154,51.05915119678094,51.66305839033184,78700
2023-09-18,51.48773193359375,51.69227935021847,50.97149215382679,51.51695193149269,26400
2023-09-19,51.12733459472656,51.166293350519425,50.07537015933767,50.07537015933767,54000
2023-09-20,51.04941177368164,51.244220423406354,50.83512188741786,51.0591505341182,62900
2023-09-21,47.30910110473633,50.659795851569356,47.289619867667604,50.38706596393936,64800
2023-09-22,47.42597579956055,48.04936412030472,46.977918579118295,47.36753581512524,43200
2023-09-25,47.630531311035156,47.82533623144645,46.90000171249576,47.299357744404006,26700
2023-09-26,46.58831024169922,47.805859595090915,46.15973049127926,47.12403121405841,68500
2023-09-27,46.62726974487305,46.86104085936622,45.87725888527579,46.86104085936622,55800
2023-09-28,46.36345291137695,47.272157329992275,46.148489453579046,46.353679812015976,42400
2023-09-29,45.94329833984375,46.764063487443565,45.76741982769056,46.70543607427742,102100
2023-10-02,46.715213775634766,46.76406809441349,45.50360654225612,45.93352976579275,58600
2023-10-03,46.119178771972656,47.08650690174056,45.640397529546895,46.73475359013566,59200
2023-10-04,46.91062545776367,46.91062545776367,45.708791467838495,45.708791467838495,20900
2023-10-05,47.565284729003906,47.59459657103006,46.969252425504656,47.14513093235181,29100
2023-10-06,47.750938415527344,48.39582510995841,46.68589787333938,47.69231472434443,37800
2023-10-10,47.858421325683594,48.249263337430065,47.438267467627114,48.00498801192494,27600
2023-10-11,48.47399139404297,48.66941238058305,47.80956227621386,47.80956227621386,41600
2023-10-12,47.858421325683594,48.4446843433033,47.41872499430522,48.30788703005007,28900
2023-10-13,47.70207977294922,48.27856962384497,47.330780277284525,48.053836797542594,57900
2023-10-16,47.68253707885742,48.39582049657104,47.48711609640343,48.39582049657104,31500
2023-10-17,47.487117767333984,47.907271589823196,46.93017037051719,46.93017037051719,44300
2023-10-18,47.02788162231445,47.516432220472126,46.71520953768116,47.516432220472126,32800
2023-10-19,46.90085220336914,47.58482371013724,46.49047153571519,46.49047153571519,30200
2023-10-20,47.14513397216797,47.17444581608408,45.46451867719716,47.01810976962252,62800
2023-10-23,46.998565673828125,47.56528615225871,46.00192574166612,46.959484459072236,27900
2023-10-24,47.369869232177734,48.581476449819704,46.90086106877148,47.10605144138442,53900
2023-10-25,46.65658187866211,47.164674945355145,46.0312377126846,47.01810827574062,65100
2023-10-26,46.74452590942383,47.12559481652948,44.565590477827044,46.724983436322816,65600
2023-10-27,46.55887222290039,46.98879539568495,44.633981726016344,44.97596564444212,33700
2023-10-30,46.39276123046875,47.565283332578446,46.37321876057667,47.0278784562538,32900
2023-10-31,46.02146911621094,46.52956223261592,45.61108836489091,45.61108836489091,76400
2023-11-01,46.40253829956055,46.97902816499721,45.65016991739098,45.65016991739098,71000
2023-11-02,46.2462043762207,47.272159952671096,46.02146780659335,47.03765401048605,71300
2023-11-03,48.40559387207031,48.44467881425328,46.39276407779031,46.48070333402937,78500
2023-11-06,48.05384063720703,48.434909535183465,47.36986900443996,48.307885326742806,46200
2023-11-07,48.747581481933594,48.78666642707043,47.36009947568565,47.36009947568565,35500
2023-11-08,48.2785758972168,48.83552334941159,47.82911018620796,48.649875441128565,41400
2023-11-09,47.819332122802734,48.58147360513816,47.42849387318911,48.21017409976168,74400
2023-11-10,37.37412643432617,39.084053787530635,34.481907348611905,39.084053787530635,1059700
2023-11-13,37.03213882446289,37.75519166133962,36.13320373725004,36.807402257150585,320500
2023-11-14,38.00923538208008,38.9765634117908,36.95396437438292,37.54022356042912,194800
2023-11-15,37.82359313964844,38.23397765328472,37.168937010848325,37.168937010848325,128600
2023-11-16,38.4977912902832,38.61504239829959,37.295953455569546,37.823589032661566,188900
2023-11-17,37.8333625793457,38.790921382034874,37.54022921482518,38.07763789821576,154700
2023-11-20,38.966796875,39.171987232307295,38.214428504194636,38.22419787615653,179900
2023-11-21,38.917938232421875,39.91457806489072,38.478241996129825,39.91457806489072,124100
2023-11-22,38.69321060180664,39.42603658841166,38.69321060180664,39.06451014534332,76900
2023-11-23,39.015647888183594,39.33808931847658,38.49778548908079,38.54663979944701,22200
2023-11-24,39.33808898925781,39.80710080141422,39.12312927997646,39.80710080141422,61700
2023-11-27,39.357635498046875,39.62145327170655,39.26969624016032,39.543287113221446,44400
2023-11-28,38.97657012939453,39.3576390387362,38.830007171295385,39.347869665801184,45200
2023-11-29,39.02542495727539,39.455351918931186,38.87886199726648,39.289242758106255,49500
2023-11-30,39.08404541015625,39.22083897271659,38.24373783746269,38.9179400062887,116500
2023-12-01,39.08404541015625,39.308778223983246,38.58572547120857,38.58572547120857,49900
2023-12-04,38.88862609863281,39.73870307895527,38.644350804385944,39.03519276611901,45200
2023-12-05,38.341453552246094,38.87885847832946,38.08740514747154,38.781146119821805,58700
2023-12-06,38.63459014892578,38.87886549828316,38.25352120030364,38.41962664874056,57500
2023-12-07,38.14603042602539,38.9472530841851,38.14603042602539,38.83977135951938,67500
2023-12-08,38.21442794799805,38.66389359860897,38.077634378450824,38.56618497103102,48000
2023-12-11,38.22419357299805,38.3023634492742,37.97991830065235,38.292590351067254,39900
2023-12-12,38.15580368041992,38.44893331466315,38.0678644174124,38.214431098206774,33900
2023-12-13,39.02542495727539,39.211076591570645,38.019011801300586,38.019011801300586,682300
2023-12-14,41.03824996948242,41.04801934134802,39.27946857340223,39.53351324270521,119500
2023-12-15,41.37046813964844,41.72222519508371,40.833063183775906,41.038253556997965,86300
2023-12-18,41.145729064941406,41.272753255140714,40.9600774652628,40.9600774652628,45500
2023-12-19,41.3997802734375,41.575658802379856,41.057796315686026,41.20435927157426,31400
2023-12-20,42.015350341796875,42.23031379211001,41.14573089621398,41.40954865959505,60000
2023-12-21,42.21077346801758,43.402834422346565,42.07397989353272,42.279170255260006,81300
2023-12-22,42.76771545410156,42.98267888814734,41.94695038369799,42.37687352444467,64200
2023-12-27,41.92741012573242,42.992450526505564,41.79061656134148,42.992450526505564,106200
2023-12-28,41.927406311035156,42.26078622457429,41.780329247674494,41.966628357432754,44200
2023-12-29,41.31948471069336,42.26079149920014,40.868442342086446,41.99605200402441,185100
2024-01-02,40.85863494873047,41.43714711368298,40.750779918333116,41.13318556729109,73600
2024-01-03,39.72121810913086,40.78019095699644,39.66238877786301,40.78019095699644,93200
2024-01-04,40.45661926269531,40.515452341057475,39.23095818330606,39.760444667303204,138000
2024-01-05,40.740970611572266,40.75077799414028,39.96635196720158,40.18206949865178,104700
2024-01-08,42.66280746459961,43.38840043977298,40.280125864687186,40.57428376365237,90900
2024-01-09,43.80022048950195,43.99632700111822,42.250986902616745,42.33923464582303,78400
2024-01-10,42.996192932128906,43.85905945486076,42.86872686181868,43.85905945486076,57400
2024-01-11,43.43742752075195,43.447234903935836,42.23137747816523,42.98638514523251,49200
2024-01-12,42.71183776855469,43.71197763775511,42.388261454804244,43.41781599237445,49800
2024-01-15,43.09423828125,44.064959625928296,41.97643613141669,43.2805373927488,662500
2024-01-16,43.810028076171875,43.83944274390398,42.78047356092151,43.07463145950438,55300
2024-01-17,43.035404205322266,43.87865948894007,42.87851976235292,43.584501625925064,63200
2024-01-18,43.113853454589844,43.48645171345218,42.77066612300113,43.064824021205304,36400
2024-01-19,43.39820098876953,43.42761939486352,42.54514202045093,43.42761939486352,48400
2024-01-22,43.20209884643555,44.045350444607244,42.88832994004133,43.52567139472065,47200
2024-01-23,43.00600051879883,43.52567966745859,42.66281314066298,43.52567966745859,51000
2024-01-24,42.86872482299805,43.61392514326518,42.829502769189006,43.54528841930982,65400
2024-01-25,44.15321350097656,44.18263191035071,42.72164225879413,43.466846289259486,69600
2024-01-26,44.270877838134766,44.594450404585565,43.42762245220144,44.31009614832049,64700
2024-01-29,44.97685623168945,45.202377412971344,43.70216950511237,44.00613478792916,69800
2024-01-30,44.16302490234375,45.23180160979942,44.0355550912469,44.93764367223993,76300
2024-01-31,44.43757247924805,45.07491780388106,44.1041924808959,44.163025565459634,57700
2024-02-01,44.790557861328125,45.0553010978705,44.18263102579788,44.43756687927163,52500
2024-02-02,44.4179573059082,44.6042601860967,43.54528720530151,44.51601243769711,42100
2024-02-05,43.711978912353516,44.28068371313622,43.6335348071858,43.927692720723115,74500
2024-02-06,44.4473762512207,44.59445334004502,43.50606567680912,43.711979585836545,41400
2024-02-07,44.85919189453125,44.99646532590516,44.37873114430208,44.506200933615204,39200
2024-02-08,45.94758224487305,45.99660793900659,44.57484036660985,45.035690120390626,85400
2024-02-09,45.084716796875,45.859335498493415,44.81997355428058,45.61420328206385,76900
2024-02-12,45.26121520996094,45.53576211312764,44.918031581002566,44.918031581002566,43800
2024-02-13,44.99646759033203,45.04549328394413,44.08457547554851,44.08457547554851,58700
2024-02-14,45.20237731933594,45.56517567755238,44.85919372688323,45.10432593304105,48000
2024-02-15,46.06524658203125,46.08485760858754,44.976858920893015,44.976858920893015,68300
2024-02-16,46.43784713745117,46.95752623328811,45.36907053666263,45.36907053666263,41500
2024-02-20,45.45731735229492,46.34959844180629,45.408291658668716,46.084855207719976,62500
2024-02-21,45.09452819824219,45.58479267478553,44.721926148751336,45.58479267478553,99200
2024-02-22,45.39848327636719,46.56531495725789,45.08471435556143,45.10432538066436,77700
2024-02-23,49.05585479736328,50.21287908367011,45.82011049685289,45.83972152175544,250000
2024-02-26,47.928253173828125,48.800923287156905,46.77122878479736,48.800923287156905,135300
2024-02-27,48.92839050292969,48.96760881372241,47.134020934333904,47.134020934333904,95700
2024-02-28,48.447933197021484,49.006834375375014,47.996890797020555,49.006834375375014,80700
2024-02-29,49.11469268798828,49.448072663180014,48.45773638080713,48.45773638080713,99200
2024-03-01,50.83061218261719,51.03652232903144,48.65383709075091,48.65383709075091,94900
2024-03-04,50.17365646362305,51.05613387210554,50.17365646362305,50.46781809339755,139900
2024-03-05,49.350013732910156,50.36976078915769,49.26176599588273,50.21287633893343,113000
2024-03-06,49.595149993896484,50.47762369623653,49.52650953464119,49.74222707407617,65000
2024-03-07,49.68339157104492,50.19326698635585,49.516703473565435,50.173655961872306,92600
2024-03-08,49.742225646972656,50.614895681765425,49.595148571012615,49.771640314080564,72000
2024-03-11,49.68339157104492,49.82066874242978,49.09507579822025,49.43825937563123,35600
2024-03-12,49.98735809326172,50.06580219316278,49.11468805417546,49.65397814952332,57600
2024-03-13,49.359825134277344,50.00697406074068,49.18332963247635,49.908922666593874,50000
2024-03-14,50.114830017089844,50.17365935409747,49.26177096669288,49.29118563519669,59700
2024-03-15,49.7618408203125,50.49723748268165,49.693204097725044,50.212883208864575,54100
2024-03-18,49.99717330932617,50.11483573719211,49.66379331335506,49.977562281278324,51700
2024-03-19,49.98735809326172,50.10502050269275,49.52650835739437,49.72261486672647,34600
2024-03-20,50.1834716796875,50.3109414897928,49.78145496205178,49.8598953325943,58400
2024-03-21,50.6050910949707,50.79139021721096,49.859887125168754,50.49723233036091,22000
2024-03-22,50.36977005004883,50.93847862443618,49.840287270954946,50.93847862443618,17100
2024-03-25,50.752174377441406,50.90905885231677,50.09522180778236,50.09522180778236,31300
2024-03-26,51.57582092285156,51.693487089154026,50.48743693771188,50.497240581359875,98300
2024-03-27,51.6643180847168,51.81181578794157,50.454818912908195,51.565982531449144,147300
2024-03-28,51.015316009521484,52.06748199714127,50.36631639331566,51.67414730502723,95600
2024-04-01,51.63481903076172,51.919986527822346,50.96615597896701,50.96615597896701,133500
2024-04-02,51.595481872558594,52.29364737742212,50.94648226572026,50.94648226572026,75600
2024-04-03,51.24148941040039,51.87082200612518,50.671154401075945,51.35948833431925,58300
2024-04-04,50.838321685791016,52.057652621143696,50.75965323777184,52.057652621143696,55300
2024-04-05,51.556148529052734,51.69381454630773,50.29748351287265,50.621981446242614,41500
2024-04-08,52.323150634765625,52.75581957702242,51.310318794697025,51.55615205693642,48500
2024-04-09,53.26715087890625,53.27698631028356,52.27398612352338,52.332987458433266,51400
2024-04-10,51.47748565673828,53.13932097618627,51.45782229596201,52.40182116018075,64100
2024-04-11,51.40864562988281,51.91014753700103,50.41548099692879,51.447979848307284,47400
2024-04-12,51.15298843383789,51.634819553358135,50.93665395096539,50.93665395096539,38200
2024-04-15,51.09397888183594,51.919978705032435,51.07431177281727,51.26114743293585,21000
2024-04-16,51.22181701660156,51.56598207217854,50.73015050799572,50.81865062958948,38500
2024-04-17,50.80881881713867,51.38898548865482,50.66132110472354,51.15298764834339,100900
2024-04-18,50.621986389160156,50.80881832351809,49.9336524845561,50.80881832351809,147000
2024-04-19,48.99948501586914,50.54331752027646,48.173485148768854,49.19614861427393,104300
2024-04-22,49.70748519897461,49.77631821276142,47.858818004556895,48.96998540744348,52200
2024-04-23,50.45481872558594,50.92681812616488,48.8126506277321,49.00931798241944,36000
2024-04-24,50.031986236572266,50.79898480911711,49.894320210845535,50.42531720277465,35000
2024-04-25,49.69765853881836,49.913989282091975,49.15682605395689,49.707490219873314,28600
2024-04-26,49.79598617553711,50.40565162998205,49.638653034031385,49.71732148034324,20200
2024-04-29,50.149986267089844,50.24831807304872,49.56981960924938,49.89432132092599,47900
2024-04-30,49.6779899597168,49.953322034550645,49.14698917157878,49.14698917157878,34000
2024-05-01,50.45481872558594,50.87765222527249,48.18331809362684,48.77331640657107,70000
2024-05-02,49.9238166809082,50.543317518997156,48.940483684438355,50.32698305941613,92200
2024-05-03,48.527488708496094,50.090988543084286,47.19999047678384,47.19999047678384,457400
2024-05-06,48.25215148925781,49.61898380098425,47.90798642915325,48.66515331250111,72300
2024-05-07,48.35048294067383,48.77331644065588,47.78998341764977,48.32098415034134,70000
2024-05-08,50.41548538208008,50.41548538208008,48.28165073592004,48.429152192282764,111200
2024-05-09,48.9503173828125,50.985816469367556,48.625819431175096,50.78915286285657,114000
2024-05-10,47.29832077026367,48.93065357176531,47.02298870168593,48.84215344241988,80500
2024-05-13,47.22948455810547,48.03581734820842,46.66898502720751,46.66898502720751,29100
2024-05-14,46.99348831176758,47.288487482520125,46.57065479161234,47.258988690780264,32400
2024-05-15,47.101646423339844,47.58347743361643,46.87547656009643,47.03281342187176,49400
2024-05-16,47.101646423339844,47.24914410457835,46.95414499098409,47.03281342187176,64500
2024-05-17,47.376983642578125,47.54414844993337,46.76731824058009,47.54414844993337,42300
2024-05-21,47.56381607055664,47.87848232987756,47.268816921332984,47.54414896045937,42600
2024-05-22,47.31798553466797,47.88832050684399,47.23932084088523,47.26881963216402,48200
2024-05-23,47.072147369384766,47.3474831467483,46.21664875132213,47.30814892839386,41400
2024-05-24,47.38682174682617,47.42615597193141,47.081990880056,47.18032269170092,39100
2024-05-27,47.632652282714844,47.91781977162073,47.12131863916159,47.12131863916159,12900
2024-05-28,47.18031692504883,47.66215174589993,47.062318015273796,47.59331873593802,47100
2024-05-29,46.61981964111328,47.042653151711,46.48215361461502,46.678820974377345,25600
2024-05-30,46.00031661987305,46.59031867157271,45.8823177099802,46.550984451235855,43900
2024-05-31,46.19698715209961,46.590321880322314,45.59715337956308,45.59715337956308,86200
2024-06-03,46.560821533203125,47.072155203559014,46.216656443116534,46.216656443116534,33800
2024-06-04,46.934486389160156,47.54415183455974,46.2166537072456,46.2166537072456,48500
2024-06-05,47.16065216064453,47.937486170131365,46.550986720178436,46.81648709371638,73800
2024-06-06,46.560821533203125,47.671989004382624,46.31498825425037,47.219656671377926,43800
2024-06-07,45.77415466308594,46.55098870570689,45.734820439154184,46.55098870570689,29800
2024-06-10,46.21665573120117,46.31498754082032,45.32182275964179,45.74465629301669,37000
2024-06-11,45.99048614501953,46.22648397098694,45.931484812968776,46.04948747707029,126700
2024-06-12,46.668983459472656,47.59331888374797,46.118319378067156,46.20681949845272,71200
2024-06-13,47.003318786621094,47.36715096284852,46.668985401377064,47.36715096284852,31500
2024-06-14,47.072147369384766,47.15081580609364,46.27565007885379,46.639482220838524,145900
2024-06-17,46.491981506347656,47.59331713083061,46.029817562349756,46.64931463111414,94600
2024-06-18,46.334651947021484,46.78698799776015,46.167487130207746,46.305153156082085,41100
2024-06-19,46.18715286254883,46.678819369491464,45.675819245194354,46.33465056396096,51200
2024-06-20,47.770320892333984,47.79981968318158,46.00031841912114,46.1871540974702,84000
2024-06-21,47.957149505615234,48.39965009334063,47.21964977644544,47.21964977644544,90000
2024-06-24,47.98665237426758,48.379987097046644,47.75065454149448,47.90798768038252,42800
2024-06-25,47.33765411376953,48.07515392755145,47.278656529382516,47.9768221194944,30700
2024-06-26,47.199981689453125,47.36714649073353,46.8656483357748,46.88531544494617,32300
2024-06-27,48.989654541015625,49.04865587717618,47.219655718497584,47.219655718497584,59400
2024-06-28,49.8280143737793,50.350753616724646,48.51622993683435,48.51622993683435,59600
2024-07-02,50.61705017089844,50.972119716184444,49.768829315480964,49.946364088123964,139100
2024-07-03,51.3863639831543,51.71184564730649,50.42965301909369,50.903077815859376,47400
2024-07-04,51.060890197753906,51.5540415377796,51.05102506398355,51.25815148625341,21800
2024-07-05,50.686100006103516,51.52445963887562,50.35075690548399,50.35075690548399,69200
2024-07-08,51.6329460144043,51.69212553223096,50.69596143804971,50.69596143804971,79200
2024-07-09,54.700347900390625,54.700347900390625,51.57377008669828,51.583631458413294,275000
2024-07-10,54.700347900390625,55.16391138236816,53.81267771063445,54.69048652867561,181000
2024-07-11,54.15787887573242,54.83842635621995,53.99020922961294,54.73979759526097,74500
2024-07-12,53.6450080871582,54.25651476280118,53.46747328415757,54.1282981092036,35000
2024-07-15,54.57212448120117,54.739794116665614,53.09267058615615,53.40828711610343,42200
2024-07-16,55.19349670410156,55.44007237246775,54.54253709011265,54.73979837729483,63000
2024-07-17,54.68061828613281,55.07514085633934,54.226919964107566,55.02582647567504,46800
2024-07-18,55.21322250366211,55.223087637240546,54.39459325161711,54.72993630680864,60800
2024-07-19,55.43021011352539,55.60774489290162,54.35514006616759,55.20336095375489,53800
2024-07-22,55.75568771362305,56.1107572703347,55.05541373368952,55.05541373368952,181500
2024-07-23,55.96281433105469,56.45596565882679,55.5584303927794,55.97267570213387,126600
2024-07-24,55.588016510009766,56.643360017061994,55.53870213128176,56.2291109583657,37400
2024-07-25,55.933223724365234,56.26856678393202,55.331578491397224,55.60774579850559,53100
2024-07-26,57.2055549621582,57.40281624899969,56.18966441422677,56.268566671495705,129800
2024-07-29,58.10308837890625,58.72446009566603,57.11678573878736,57.14637361400821,52300
2024-07-30,56.988563537597656,58.783633984779144,56.988563537597656,58.181992553811654,79800
2024-07-31,56.968841552734375,57.50144590676775,56.01213050468869,56.988568057970376,44700
2024-08-01,55.75568771362305,57.323909080802174,55.686646828978674,56.78144337469094,42500
2024-08-02,54.49322509765625,55.36117254183691,54.24664941848133,55.36117254183691,56600
2024-08-06,54.21705627441406,55.27239977777279,53.388561922366975,54.01979499774649,112400
2024-08-07,53.09267044067383,54.85814922446437,52.796776652518965,54.85814922446437,78600
2024-08-08,54.14802169799805,54.956789640322484,53.694319580090934,53.92116875782131,85500
2024-08-09,50.30143356323242,52.412120565659066,48.87129401335722,50.15348666542103,306600
2024-08-12,49.85759735107422,50.82417348002565,49.2756786470432,50.48883043427141,165800
2024-08-13,49.79842758178711,50.26198731655718,49.216508807868316,50.26198731655718,87600
2024-08-14,50.27184295654297,50.8636229907355,49.69978566270392,49.798418176699805,72200
2024-08-15,52.20499801635742,52.93485984872963,50.439515422259554,50.47896843007586,96800
2024-08-16,52.431846618652344,52.64883439692421,51.5047235193518,52.20499746975261,60300
2024-08-19,52.56007385253906,52.87569042795275,52.07678385506078,52.28390652721732,58600
2024-08-20,53.09267044067383,53.44773621405721,52.44170711668978,52.56006613693005,54600
2024-08-21,53.55623245239258,53.83239974929722,52.708011582331274,53.09267277132924,75600
2024-08-22,53.112396240234375,53.9211641128891,52.17541173193767,53.2307552672907,72800
2024-08-23,54.59185028076172,54.97651147547905,53.52664537312165,53.65486577136076,60300
2024-08-26,54.3748664855957,55.05541396384062,54.2269195821987,54.631303520711654,45600
2024-08-27,53.87185287475586,54.20719594608128,53.270207620691465,53.595689320410074,54200
2024-08-28,52.92500305175781,54.15788143421811,52.92500305175781,53.871852746500224,49300
2024-08-29,52.77705383300781,53.32938467867791,52.31349413993708,52.855959852009,106300
2024-08-30,53.5858268737793,53.99021082557852,52.67842644386019,52.84609985738221,69100
2024-09-03,53.70417785644531,54.108561775968084,53.16171217354099,53.16171217354099,53600
2024-09-04,54.10856246948242,54.45376688236082,52.905272066113305,53.43787638522219,58500
2024-09-05,53.733768463134766,54.33541368770182,52.6784249179731,54.13815240322058,50700
2024-09-06,52.30363082885742,53.86199089641726,51.997879400689094,53.812676514046196,32100
2024-09-09,52.51075744628906,53.526648024134545,52.283904514151445,52.74746798751218,58200
2024-09-10,52.87568664550781,52.9545889024938,52.18527402526143,52.73760487394775,39100
2024-09-11,52.6685676574707,53.428017453960216,51.93870197666015,53.428017453960216,27500
2024-09-12,52.68828582763672,53.35897193153123,52.38253441369242,52.38253441369242,34200
2024-09-13,51.9781494140625,53.23075420711575,51.59349198990559,52.924999036978896,33700
2024-09-16,52.737606048583984,52.846099946496565,51.40609515935619,51.78089123511433,49900
2024-09-17,52.68828582763672,53.22089016233754,51.889383088031515,53.01376750854701,35100
2024-09-18,52.95458984375,54.72993768806742,52.14582194242591,52.68828766710239,46600
2024-09-19,53.34910583496094,53.940885868357185,52.609378911992785,53.50691409469632,73200
2024-09-20,52.915138244628906,53.40828956559489,52.31349303105904,53.00390563290062,69100
2024-09-23,53.625274658203125,53.90144196191701,52.925000671447705,53.90144196191701,51800
2024-09-24,54.53267288208008,54.55239938601674,53.41814986555715,53.96061555525464,65200
2024-09-25,54.28609848022461,55.006098959533844,54.118425074113695,54.48335976170087,49200
2024-09-26,54.43404769897461,54.956790717636245,54.167745503606554,54.956790717636245,169800
2024-09-27,54.0087776184082,54.879090408384414,53.880207783222005,54.5823902083086,34700
2024-09-30,54.28569412231445,54.49338124551378,53.52417089788382,54.00877795804869,45000
2024-10-01,53.24726104736328,54.167022727962795,52.960452830251555,54.167022727962795,44500
2024-10-02,54.0087776184082,54.03844612933588,52.11980571111765,53.30659519332161,39300
2024-10-03,53.01979064941406,54.14723941441089,52.376945202080776,54.10767888199345,70300
2024-10-04,52.74287414550781,53.23736947960318,52.693421593938275,53.23736947960318,21600
2024-10-07,51.724212646484375,52.663754562228476,50.64621263693169,52.663754562228476,40500
2024-10-08,52.100032806396484,52.22860265974565,51.61542568081905,51.743995534168214,20400
2024-10-09,52.86155319213867,52.960450752165464,52.139590440382854,52.139590440382854,29400
2024-10-10,52.67364501953125,53.04946255613924,52.465957870103246,52.703317307092576,28500
2024-10-11,54.038448333740234,54.117569396374655,52.41650427673367,52.653863691937026,25300
2024-10-15,54.14723587036133,54.691179951048746,53.88020795307119,54.24613342223185,41600
2024-10-16,54.038448333740234,54.671401744015974,53.63296231948859,54.36481705805736,56100
2024-10-17,54.20657730102539,54.35492363057149,53.94943762682577,54.15712475181021,50300
2024-10-18,54.137351989746094,54.33514710943681,53.9395530973553,54.265918063005046,29200
2024-10-21,53.47472381591797,54.27580759567981,53.06923780281134,54.01866791554395,27500
2024-10-22,53.57362365722656,54.07801101986924,53.464837850819386,53.8999923945483,25400
2024-10-23,53.14835739135742,53.78131078229331,52.76264788184981,53.57361988557388,30900
2024-10-24,53.45494079589844,53.573618610699825,52.7824268908577,53.06923506826913,67000
2024-10-25,53.55384826660156,54.06812011401069,53.41538639862203,53.8604329710916,40900
2024-10-28,53.29670715332031,53.979113137198816,53.12858054857926,53.771422227100985,32200
2024-10-29,53.15824890136719,53.52417439558803,52.37694536090373,53.52417439558803,43400
2024-10-30,53.0000114440918,53.385717211132324,52.77254403718841,53.15824980422894,50600
2024-10-31,52.100032806396484,53.00990248191291,51.96157470557445,52.871444381090875,40600
2024-11-01,52.16925811767578,52.47584658516494,51.635202247610806,52.43628605270826,43700
2024-11-04,52.62419128417969,52.63408330333584,51.98134962892615,52.169256493194126,30200
2024-11-05,53.049461364746094,53.059353384611136,52.376947376530055,52.69342410360817,68200
2024-11-06,54.0582275390625,54.28569493062489,52.376942718058025,53.32637281484884,100100
2024-11-07,53.524173736572266,54.513164401630064,53.25714580428266,54.058229601151474,83700
2024-11-08,55.98676300048828,56.590047918942446,48.98470717493509,49.61766060652633,321700
2024-11-11,57.24278259277344,57.430689467011895,55.78896506107033,56.0164324686327,98600
2024-11-12,56.83729553222656,57.460356943683585,56.431809504724356,56.78784298011407,90800
2024-11-13,57.09443283081055,57.8955166584034,56.224119955824506,56.58015721253244,96200
2024-11-14,56.47136688232422,57.668048484315314,56.27357176251088,57.09443207329643,150900
2024-11-15,55.60105895996094,56.234012411144384,54.92854497490348,55.62083922689794,76200
2024-11-18,55.35380935668945,55.858192941586324,55.00766035638373,55.60105702575067,69700
2024-11-19,56.03621292114258,56.125222235066545,54.67140469854176,54.67140469854176,78200
2024-11-20,56.8274040222168,56.965862114893056,55.73951577458901,56.03621222642386,81200
2024-11-21,56.68894577026367,57.12410031355214,56.04610031584429,56.81751561568756,91600
2024-11-22,57.11420440673828,57.23288221668212,56.28345219173229,56.67904992181116,93100
2024-11-25,58.963623046875,58.963623046875,56.99553371434331,57.035090474131366,547100
2024-11-26,58.62736129760742,59.31965546904025,58.202095039700104,58.785599641989236,149700
2024-11-27,59.37900161743164,59.42845039712879,57.96474463643281,58.53835727177986,85200
2024-11-28,58.86472702026367,59.52734897953313,58.7559374394403,59.1020826759691,15500
2024-11-29,58.86472702026367,59.003185114875194,57.99441414637681,57.99441414637681,41700
2024-12-02,59.16141891479492,59.84382108820876,58.73615264401968,59.27020848723043,114800
2024-12-03,59.03285217285156,59.22076281607609,58.34056171686657,58.924066367411086,78500
2024-12-04,60.13063049316406,60.2888688455395,58.884503939794996,59.13175160117536,45400
2024-12-05,58.54825210571289,60.41744398609634,58.518579818308226,60.15041603565581,133400
2024-12-06,58.23176574707031,59.032845693267404,58.014186614671296,58.577910937069106,45300
2024-12-09,57.05487060546875,58.488907836820665,57.05487060546875,58.488907836820665,41800
2024-12-10,56.60982894897461,57.14388105614694,56.402138036113044,56.85707662231924,145900
2024-12-11,57.18343734741211,57.65815239229501,56.501035177774156,56.609824749607704,67300
2024-12-12,57.312007904052734,57.37134492747083,56.866961364917756,56.87684961125415,60000
2024-12-13,56.392250061035156,57.4702500729228,56.30324074729397,57.31201171212737,57500
2024-12-16,56.135108947753906,57.420799841003145,55.897753298910985,56.23401027868847,57400
2024-12-17,56.2735710144043,56.372468572996205,55.6208373186776,55.69995461101113,105200
2024-12-18,55.29446792602539,56.56037476988776,55.23512712795685,56.56037476988776,56700
2024-12-19,55.314247131347656,56.055990115830916,55.23512606877348,55.680172614003425,61900
2024-12-20,55.591163635253906,55.9867614050754,54.90876144364676,55.28457894770719,60400
2024-12-23,55.432926177978516,55.591164533925166,55.106561219394806,55.58127628723474,26300
2024-12-24,55.71973419189453,55.71973419189453,55.324136416992836,55.71973419189453,9200
2024-12-27,55.72962188720703,55.88786024106223,55.17578953506382,55.45270571113543,90000
2024-12-30,54.67140579223633,56.06588255647476,54.5725082293202,55.72962556077967,61300
2024-12-31,55.5341682434082,55.73250531515623,54.4929033454373,55.216830441797356,44900
2025-01-02,55.11766052246094,55.911004979349634,54.50281525827802,55.80191940722154,89100
2025-01-03,55.46474838256836,55.75233693473488,55.10774242580507,55.24657723499861,44600
2025-01-06,54.80031967163086,55.69283456162681,54.69123788104453,55.643251241730326,68800
2025-01-07,54.04664611816406,54.88957394810539,53.8780620653618,54.81024138883521,79600
2025-01-08,54.542484283447266,54.800319817373584,53.67972240946653,53.67972240946653,73500
2025-01-09,54.423484802246094,54.70115442712087,53.00537987583862,54.26481590475123,43000
2025-01-10,53.33263397216797,54.11606332549322,53.33263397216797,53.99706259554666,90500
2025-01-13,53.451637268066406,53.58055314633788,52.74754048974842,52.955796491119465,90800
2025-01-14,54.611900329589844,54.651568497811695,53.42188176368742,53.4813840160202,87600
2025-01-15,55.15732192993164,56.287838192827834,54.84990309740365,55.19699009637544,83800
2025-01-16,54.97882080078125,55.89116974464794,54.79040267832489,55.29615857700496,75400
2025-01-17,55.38541030883789,55.81183365683711,54.93915665983077,54.998655128783874,64400
2025-01-20,55.95066833496094,56.396925765922056,55.57383208922906,55.57383208922906,25700
2025-01-21,57.32910919189453,57.408441745188824,56.119256544697606,56.525845810613255,75200
2025-01-22,56.89276885986328,56.99193928358867,56.25809327988021,56.93243702935344,78800
2025-01-23,57.01176834106445,57.27951900410075,56.75392904507944,56.80351236108747,45100
2025-01-24,57.28944396972656,57.29935912078644,56.89276983396299,57.00185541044622,38300
2025-01-27,57.32910919189453,57.339024342444546,56.35726177050993,57.25969178915025,51100
2025-01-28,58.75712585449219,58.85629248620848,56.734094790577934,57.368770312677036,74100
2025-01-29,57.894371032714844,58.78688217465454,57.448113570262514,58.78688217465454,53300
2025-01-30,58.687713623046875,58.90588477158971,56.8531042940098,57.924118386111786,80700
2025-01-31,58.85629653930664,59.262885810086146,58.29103837707574,58.29103837707574,85700
2025-02-03,58.886051177978516,59.08438824349284,57.299358436828804,57.51752958719105,109300
2025-02-04,59.44138717651367,59.50088942780876,58.55879125527552,58.81663056125624,40800
2025-02-05,58.67779541015625,60.482659308791916,57.86461684300633,59.50089291125171,119200
2025-02-06,58.83646774291992,59.22322293929004,57.81503318154528,58.34062697158083,91800
2025-02-07,59.104217529296875,59.15380463204664,58.2712048948292,58.59846161474659,50900
2025-02-10,58.9852180480957,59.50089290724763,58.54887952864325,59.00505213302057,54300
2025-02-11,58.10261917114258,59.044717351678734,58.092704020658175,59.044717351678734,46200
2025-02-12,56.287841796875,57.993535233526146,56.25809256161963,57.805117105300766,161300
2025-02-13,56.149009704589844,56.87293680022056,55.34575005011884,56.476266440089134,106400
2025-02-14,57.210105895996094,57.39852780710907,56.28784177380937,56.28784177380937,62200
2025-02-18,56.972103118896484,57.458024937033784,56.33742756208426,57.3191901318517,46400
2025-02-19,56.515933990478516,57.70594884077209,56.33743100634149,57.70594884077209,67100
2025-02-20,55.36558151245117,56.51593193337131,55.226742920869846,56.51593193337131,92400
2025-02-21,54.542484283447266,60.49257347800515,53.61030500483387,57.7852833484371,381100
2025-02-24,54.04664611816406,55.84159114010261,53.40205157788069,55.3358314157658,129100
2025-02-25,53.8383903503418,54.879655184365014,53.81855626608858,54.016893325656035,113700
2025-02-26,54.36397933959961,54.95898672435868,53.29296529044034,53.7392189375273,183400
2025-02-27,54.175559997558594,55.27632703925147,54.076389580354736,54.601983334123666,147400
2025-02-28,54.294559478759766,54.49289652568604,53.64996502199051,54.314393561748844,186700
2025-03-03,54.11606216430664,55.23666338090619,53.878060709520405,54.42348480828419,149400
2025-03-04,53.114463806152344,54.433398266398605,52.261617089935385,54.08631124606138,140100
2025-03-05,53.431800842285156,53.87805827858068,52.88637676813051,53.084710043848744,193500
2025-03-06,53.42188262939453,53.957391560173306,52.45995412369725,52.945875951912775,144100
2025-03-07,52.50953674316406,54.25489453732558,52.30128453384841,53.17396153944679,116000
2025-03-10,51.577354431152344,52.05336489198054,50.982347029564295,51.80544451082472,114000
2025-03-11,51.21043395996094,51.636857323462785,50.813763614982015,51.37902178837473,81900
2025-03-12,51.458351135253906,51.94427672253457,51.20051561624441,51.4484359850078,80900
2025-03-13,51.101348876953125,51.67652598970527,50.903015594039175,51.379022282369455,176500
2025-03-14,51.14101791381836,51.8451109158095,50.96251492979738,51.40877238984984,71800
2025-03-17,51.30960464477539,51.77569239707377,51.03193124061448,51.40877128578402,97700
2025-03-18,51.12118148803711,51.607107096283,50.93276336151491,51.24018221094772,76300
2025-03-19,51.41868591308594,51.56743965604893,50.982347400940554,51.37902152686532,75700
2025-03-20,51.279850006103516,51.45835298065179,50.9625122253432,51.369101493377656,71400
2025-03-21,51.11126708984375,51.180684494477326,50.565843003594985,51.09143300523918,71800
2025-03-24,51.64677429199219,51.835192414964986,51.279849413568996,51.279849413568996,81800
2025-03-25,51.05176544189453,51.76577736427336,51.041850290956994,51.76577736427336,61900
2025-03-26,51.319515228271484,51.835190038144155,51.071594864849885,51.071594864849885,74300
2025-03-27,51.63685607910156,52.241782407303916,51.081513069956095,51.349267532420974,53800
2025-03-28,50.6749267578125,51.98394612871186,50.66501160660848,51.79552799211566,54400
2025-03-31,51.17222595214844,51.430820561660276,49.81956788614311,50.45611196565103,92700
2025-04-01,50.80422592163086,51.371148244125855,50.53568316980132,51.03298371894444,81500
2025-04-02,51.73915100097656,51.79882843438009,50.31687108806106,50.7346017395792,107700
2025-04-03,48.8448600769043,51.60984988959224,48.79513078128585,50.764440481772446,127400
2025-04-04,48.86475372314453,49.47146100887145,47.472310647899064,48.039232978538486,173500
2025-04-07,48.138694763183594,49.34216118373766,47.054579412294686,47.8602038751621,171700
2025-04-08,47.0943603515625,49.173076792801446,46.81587325895126,48.75534615388459,127700
2025-04-09,48.83491134643555,49.65048392576976,46.10970652108035,46.676628831249204,267400
2025-04-10,47.49220275878906,48.297831019631666,46.68657449794645,48.297831019631666,87800
2025-04-11,47.2833366394043,47.89998825168484,46.38819414246314,47.362902753520146,65700
2025-04-14,48.665828704833984,48.715557997517095,47.70106449155388,47.70106449155388,65900
2025-04-15,48.93437576293945,49.61070482668716,48.5962112310656,48.66583300579532,71300
2025-04-16,48.83491134643555,49.212860817915455,48.52658744089579,48.86475195872476,69400
2025-04-17,49.3819465637207,49.71016295665278,48.566373958129326,48.72550998375442,58600
2025-04-21,48.99404525756836,49.2725361270329,48.46690792374559,49.2725361270329,89900
2025-04-22,49.023887634277344,49.730053483153654,48.94431772753535,49.26258976629937,121600
2025-04-23,49.093509674072266,49.749946231875256,49.08356153862413,49.292430647912994,89300
2025-04-24,49.80962371826172,49.978704080050136,48.934373708839644,49.073617252454106,145400
2025-04-25,49.67037582397461,49.98864786127049,49.45156616964742,49.73005325375583,130900
2025-04-28,50.018489837646484,50.35665436076076,49.56097424581602,49.70021779166859,96000
2025-04-29,50.585411071777344,50.684869661224084,49.68032424904484,49.8494046099247,69400
2025-04-30,51.06282043457031,51.13244220778146,49.978705087865464,49.978705087865464,245400
2025-05-01,50.91362762451172,51.79882576763175,50.89373514773467,51.06281930328865,70600
2025-05-02,51.351253509521484,51.58995563791993,50.923574752530534,51.102603245880324,58500
2025-05-05,51.94801712036133,52.22650422562795,51.023037756037475,51.351257953617925,58100
2025-05-06,51.18217468261719,52.0375322855957,51.102608562906475,51.49050240748921,49800
2025-05-07,51.928123474121094,52.00769338475148,50.953414833511964,51.08271404123525,61300
2025-05-08,52.027584075927734,52.415477891676225,51.689419555564584,51.689419555564584,59500
2025-05-09,54.474300384521484,55.46890144220323,51.848554199297986,51.848554199297986,185600
2025-05-12,55.86674118041992,56.26458313246764,54.70305973094872,54.81246645746695,169100
2025-05-13,55.458953857421875,56.68231650932337,54.89203155244409,55.88663261999837,72700
2025-05-14,55.04122543334961,55.956256630956496,54.464354969908825,55.478848554713494,110700
2025-05-15,54.921871185302734,55.51863029755538,54.60359915288773,54.882086232725385,119000
2025-05-16,55.817012786865234,55.896582696201335,54.88208911677869,54.92187407144673,140700
2025-05-20,55.74739074707031,56.22479881850112,55.598202858930605,55.84685313326553,87800
2025-05-21,55.16057586669922,56.015933416208924,55.11084657072583,55.71755384626653,104400
2025-05-22,54.663272857666016,55.747388155125016,54.613543563931586,55.747388155125016,53400
2025-05-23,54.45440673828125,55.26997928453192,53.320562163937716,53.529427470979556,181300
2025-05-26,55.369441986083984,55.45895623776998,53.738296772341066,54.484247605023654,21600
2025-05-27,54.68316650390625,55.260036947052924,54.553867302148895,55.14068208661445,182800
2025-05-28,54.474300384521484,54.832357372343225,54.40467861401192,54.48424472569345,51200
2025-05-29,54.17592239379883,54.703059755512015,54.06651566723148,54.703059755512015,83500
2025-05-30,54.20576095581055,54.703061515038165,53.93721819853537,54.3052195500152,298800
2025-06-02,53.84770202636719,54.70305956480039,53.65872918647461,54.643382133943874,144900
2025-06-03,52.64423751831055,53.69851607004921,52.465209013409606,53.52943190693068,119400
2025-06-04,52.4652099609375,52.733752723138835,52.246396496750734,52.703915903150545,117400
2025-06-05,52.26628494262695,52.42542096045815,51.66952582428546,52.415476619263295,180100
2025-06-06,51.699363708496094,52.50499194956845,50.9931978519338,52.33590779295236,419600
2025-06-09,51.898284912109375,52.544777134916494,51.49049861907625,51.729200754748206,227400
2025-06-10,52.604454040527344,52.78348255045683,51.828666360234415,52.0076948701639,217600
2025-06-11,52.32596206665039,52.9028287051328,52.21655534363599,52.80337011735712,118900
2025-06-12,52.25634002685547,52.54477524165992,51.689417732433974,52.24639189166806,115900
2025-06-13,52.01763916015625,52.34585935939919,51.719259575273206,51.739152053479046,187500
2025-06-16,52.316017150878906,52.644237340120405,51.8783940259924,52.325965286729826,123900
2025-06-17,52.10715103149414,52.485100511912,51.71925720947938,51.98779996182085,88300
2025-06-18,52.564666748046875,52.81331702366508,51.81871592119227,51.81871592119227,163100
2025-06-19,52.813316345214844,53.002292980482395,52.216557209038086,52.39558570871153,51800
2025-06-20,53.012237548828125,53.63883730036655,52.524885137488745,52.53482947902335,277800
2025-06-23,53.469749450683594,53.648777938765605,52.644232572618144,52.75363929245736,175800
2025-06-24,53.95711135864258,54.00684065637388,53.36035219766253,53.847704627172384,239700
2025-06-25,53.012237548828125,53.93721686973178,52.87299400273116,53.93721686973178,116200
2025-06-26,52.8630485534668,53.30067165975872,52.495043424662455,53.181320593334014,176100
2025-06-27,52.664127349853516,52.863048322426636,52.44531390061289,52.863048322426636,120900
2025-06-30,52.55440902709961,52.913483231304106,52.19533862777584,52.78381670092343,118100
2025-07-02,51.96592712402344,52.354926714977964,51.40737063320188,52.265158163970106,146200
2025-07-03,52.6142578125,52.80376751353673,51.78639183479463,51.78639183479463,127500
2025-07-04,52.83369445800781,52.903514023861455,52.354930090062396,52.6142593625358,28100
2025-07-07,52.65415573120117,53.083049511093684,52.42474804972764,52.85364182962015,153500
2025-07-08,53.89096450805664,54.36972887746198,52.71400067310481,52.78382023917136,205900
2025-07-09,53.69147872924805,53.94083539329646,52.85364018585013,53.741349301081584,116400
2025-07-10,53.851070404052734,53.9807331384204,53.23266309679364,53.43214920220363,100400
2025-07-11,53.362327575683594,53.781244956476996,52.85364164116577,53.38227656594245,105400
2025-07-14,53.671531677246094,53.72140225088011,52.99328122215701,53.28253207118666,98500
2025-07-15,53.46207046508789,53.930862239252576,53.36232931542266,53.811172098678114,58900
2025-07-16,53.76129913330078,53.98073041378326,52.983303741958615,53.49199347532243,96000
2025-07-17,54.60911178588867,54.68890774817436,53.372301004626884,53.372301004626884,72800
2025-07-18,54.11039733886719,54.53929111525236,53.66155457231516,54.48942054227565,75400
2025-07-21,54.100425720214844,54.309884413416476,53.40222627132851,54.309884413416476,102500
2025-07-22,54.519344329833984,55.10782624647118,54.000681979163836,54.000681979163836,123600
2025-07-23,54.688907623291016,55.077903426343184,54.39965296798728,54.54926468960994,66300
2025-07-24,55.27738571166992,55.905765596036,54.40962555079928,54.818570344302074,102500
2025-07-25,56.1850471496582,56.344635267509666,55.03800493674522,55.48684770722773,125100
2025-07-28,56.13517379760742,56.773526280683406,55.47687232382519,55.815997556069426,97500
2025-07-29,56.9331169128418,57.24231674956135,55.985560802668466,56.065352958799664,154800
2025-07-30,57.272239685058594,57.282216082861126,56.82340071084891,56.963039841036895,118700
2025-07-31,57.71110916137695,58.01033640879654,56.55409434777524,57.22236840684962,115500
2025-08-01,57.90061950683594,58.349462285392065,57.26226702394764,57.47172571898019,162200
2025-08-05,57.90061950683594,59.11748130539234,57.820827348915365,57.93054489532697,246800
2025-08-06,57.09270477294922,58.16992360759613,56.60396402615294,58.16992360759613,170300
2025-08-07,52.115543365478516,57.17249626420721,51.726547574019506,57.17249626420721,497100
2025-08-08,52.79379653930664,54.649010845365964,52.145467650025786,53.5817645604619,338000
2025-08-11,52.973331451416016,53.36232724686457,52.48459070528783,52.79379434507348,268700
2025-08-12,58.010337829589844,58.329514075305475,52.315032176805424,52.8237181293894,1017200
2025-08-13,60.793155670166016,61.84045290188305,59.10750218013617,59.10750218013617,380600
2025-08-14,61.232025146484375,61.49135822193784,60.31439439920214,60.50390410443279,361700
2025-08-15,61.01258850097656,61.670893765825504,60.84302779085306,61.23202358925955,154700
2025-08-18,60.88292694091797,61.34174231170401,60.84302895957634,60.992644487167006,132100
2025-08-19,61.10235595703125,61.251971479059904,60.693411175684474,60.74328555294788,169300
2025-08-20,60.73331069946289,61.132282898427846,60.2645189364112,60.892898818072695,143700
2025-08-21,60.2944450378418,60.89289953848859,59.985241389741766,60.66349185307796,90300
2025-08-22,61.41156005859375,61.66091672727567,60.41413338386605,60.47398035410681,101400
2025-08-25,61.14225387573242,61.59109663648866,60.94276778152068,61.15223027312744,118100
2025-08-26,60.982666015625,61.71078702838534,60.852999483114566,61.202101100661004,141100
2025-08-27,61.222049713134766,61.51130055403947,60.733308973535834,61.07243419155448,132600
2025-08-28,61.31182098388672,61.64096981912588,60.92282517638547,60.92282517638547,132200
2025-08-29,61.45145797729492,61.640967675546555,60.942768242959296,61.31181885175363,193300
2025-09-02,61.092384338378906,61.40158797988944,60.62359257977152,60.62359257977152,121300
2025-09-03,61.351715087890625,61.92025181150516,61.16220538327307,61.2021033647339,153700
2025-09-04,61.37166213989258,61.72076375932535,61.142254461061164,61.451458100293486,174900
2025-09-05,61.03253936767578,61.83048378418958,60.63357096429985,61.37166460322986,160300
2025-09-08,61.33176803588867,62.13968120904289,60.82307829994338,60.94276843580312,122500
2025-09-09,60.88292694091797,61.441483460177174,60.553774302170865,61.33176971880906,105600
2025-09-10,59.79573059082031,61.022564958099636,59.60621708534343,61.022564958099636,117600
2025-09-11,60.2944450378418,61.07243664965881,60.09495893599922,60.284468640065164,132200
2025-09-12,59.89547348022461,60.62359452565516,59.825653914558735,60.493931792207654,117900
2025-09-15,59.586273193359375,60.713362633569055,59.48652823965878,59.97526900058934,246700
2025-09-16,59.44662857055664,60.08498484147542,59.23716988105309,59.62616567723992,159700
2025-09-17,59.396759033203125,59.92539776982381,59.297017885475924,59.406735430904384,200100
2025-09-18,58.668636322021484,59.84560009494589,58.509048207296864,59.63614140778496,158400
2025-09-19,58.04025650024414,59.576294483699115,57.95048794783753,59.576294483699115,1406800
2025-09-22,59.34688949584961,59.725912712618346,58.06020812133959,58.06020812133959,142400
2025-09-23,58.548946380615234,59.77578073002879,58.379381867914724,59.77578073002879,155700
2025-09-24,58.19984436035156,58.76837725481137,57.671209445649126,58.32951089212263,190000
2025-09-25,58.34946060180664,58.62873885379189,57.78092770033335,58.159950902942484,176100
2025-09-26,58.1400032043457,58.54894799878594,57.64128985479026,58.38935987912343,186100
2025-09-29,58.5,59.04999923706055,58.029998779296875,58.369998931884766,165900
2025-09-30,59.439998626708984,59.45000076293945,58.22999954223633,58.4900016784668,229800
2025-10-01,59.689998626708984,59.709999084472656,58.20000076293945,58.209999084472656,127900
2025-10-02,60.83000183105469,60.86000061035156,59.540000915527344,59.540000915527344,114500
2025-10-03,62.33000183105469,62.369998931884766,60.88999938964844,60.88999938964844,177100
2025-10-06,61.63999938964844,63.06999969482422,61.59000015258789,62.38999938964844,168900
2025-10-07,61.11000061035156,61.900001525878906,60.790000915527344,61.68000030517578,110900
2025-10-08,61.099998474121094,61.59000015258789,60.959999084472656,61.290000915527344,155300
2025-10-09,60.20000076293945,61.060001373291016,60.16999816894531,61.060001373291016,142100
2025-10-10,59.08000183105469,60.61000061035156,59.04999923706055,60.25,115300
2025-10-14,57.849998474121094,59.34000015258789,57.83000183105469,58.83000183105469,196100
2025-10-15,57.349998474121094,58.47999954223633,57.290000915527344,58.029998779296875,146500
2025-10-16,56.81999969482422,57.599998474121094,56.75,57.349998474121094,101500
2025-10-17,56.290000915527344,56.97999954223633,56.279998779296875,56.630001068115234,107500
2025-10-20,56.58000183105469,56.79999923706055,56.16999816894531,56.66999816894531,130100
2025-10-21,56.560001373291016,57.11000061035156,56.43000030517578,56.86000061035156,116600
2025-10-22,57.41999816894531,58.130001068115234,56.2599983215332,56.310001373291016,163000
2025-10-23,58.34000015258789,58.599998474121094,57.16999816894531,57.459999084472656,115400
2025-10-24,58.33000183105469,59.029998779296875,57.970001220703125,58.470001220703125,60000
2025-10-27,58.369998931884766,58.779998779296875,58.02000045776367,58.619998931884766,204000
2025-10-28,58.08000183105469,58.650001525878906,57.939998626708984,58.099998474121094,109300
2025-10-29,57.709999084472656,58.16999816894531,57.5099983215332,58.08000183105469,150300
2025-10-30,56.779998779296875,57.709999084472656,56.529998779296875,57.220001220703125,136100
2025-10-31,57.619998931884766,57.720001220703125,56.529998779296875,56.7400016784668,132200
2025-11-03,57.150001525878906,57.619998931884766,56.61000061035156,57.619998931884766,167100
2025-11-04,56.540000915527344,57.38999938964844,56.22999954223633,57.0099983215332,121000
2025-11-05,56.099998474121094,56.599998474121094,55.7400016784668,56.56999969482422,110900
2025-11-06,53.630001068115234,56.16999816894531,53.58000183105469,55.720001220703125,194900
2025-11-07,47.18000030517578,50.060001373291016,43.84000015258789,49.970001220703125,1309500
2025-11-10,48.34000015258789,48.72999954223633,47.470001220703125,47.66999816894531,548800
2025-11-11,50.18000030517578,50.209999084472656,48.380001068115234,48.630001068115234,416200
2025-11-12,50.15999984741211,50.63999938964844,49.7400016784668,50.31999969482422,251400
2025-11-13,50.18000030517578,50.380001068115234,49.7400016784668,49.810001373291016,191700
2025-11-14,49.79999923706055,50.099998474121094,49.41999816894531,49.900001525878906,315100
2025-11-17,49.97999954223633,50.34000015258789,49.79999923706055,49.79999923706055,280900
2025-11-18,49.4900016784668,50.0099983215332,49.029998779296875,49.720001220703125,344600
2025-11-19,49.79999923706055,49.81999969482422,49.220001220703125,49.61000061035156,232300
2025-11-20,52.47999954223633,55.2400016784668,52.25,53.540000915527344,589100
2025-11-21,54.099998474121094,55.08000183105469,53.959999084472656,54.22999954223633,541500
2025-11-24,54.209999084472656,55.290000915527344,54.150001525878906,54.4900016784668,435400
2025-11-25,54.09000015258789,55.04999923706055,54.04999923706055,54.189998626708984,289600
2025-11-26,54.18000030517578,54.5099983215332,53.91999816894531,54.33000183105469,113200
2025-11-27,55.0099983215332,55.150001525878906,54.150001525878906,54.150001525878906,95800
2025-11-28,55.63999938964844,55.779998779296875,54.65999984741211,55.0099983215332,121700
2025-12-01,55.11000061035156,55.77000045776367,54.79999923706055,55.2599983215332,103000
2025-12-02,55.310001373291016,55.40999984741211,54.939998626708984,55.13999938964844,81700
2025-12-03,55.13999938964844,55.529998779296875,54.93000030517578,55.2400016784668,90500
2025-12-04,55.310001373291016,55.70000076293945,55.060001373291016,55.15999984741211,87300
2025-12-05,55.529998779296875,55.65999984741211,55.189998626708984,55.310001373291016,99100
2025-12-08,55.68000030517578,55.84000015258789,55.189998626708984,55.5099983215332,143100
2025-12-09,55.88999938964844,56.060001373291016,55.560001373291016,55.560001373291016,98400
2025-12-10,56.189998626708984,56.66999816894531,55.58000183105469,56.029998779296875,78700
2025-12-11,55.61000061035156,56.130001068115234,55.29999923706055,56.130001068115234,93500
2025-12-12,54.779998779296875,55.86000061035156,54.72999954223633,55.61000061035156,87300
2025-12-15,54.36000061035156,55.029998779296875,54.119998931884766,55.029998779296875,105400
2025-12-16,54.900001525878906,55.31999969482422,54.15999984741211,54.15999984741211,80300
2025-12-17,55.09000015258789,55.5,54.97999954223633,55.0,104500
2025-12-18,55.279998779296875,56.25,55.20000076293945,55.4900016784668,111900
2025-12-19,55.540000915527344,55.790000915527344,55.209999084472656,55.29999923706055,815900
2025-12-22,56.09000015258789,56.689998626708984,55.599998474121094,55.650001525878906,99400
2025-12-23,56.380001068115234,56.45000076293945,56.01499938964844,56.290000915527344,25506
