Date,Close,High,Low,Open,Volume
2010-01-04,3.041581392288208,3.0847980076234323,2.9834619591758225,2.9834619591758225,22800
2010-01-05,3.041581392288208,3.041581392288208,3.041581392288208,3.041581392288208,0
2010-01-06,2.9819705486297607,3.0102854040043767,2.900007099479573,3.0102854040043767,106200
2010-01-07,3.0311508178710938,3.0311508178710938,2.98942367600643,2.992404795227398,17400
2010-01-08,2.9938926696777344,2.995383228482045,2.9819711837717477,2.9819711837717477,3600
2010-01-11,3.0177371501922607,3.0177371501922607,2.9581271579593333,2.9581271579593333,9600
2010-01-12,3.1295053958892822,3.1339762202101156,3.029659046803496,3.029659046803496,19800
2010-01-13,3.122053861618042,3.122053861618042,3.122053861618042,3.122053861618042,600
2010-01-14,3.122053861618042,3.122053861618042,3.122053861618042,3.122053861618042,0
2010-01-15,3.122053861618042,3.122053861618042,3.122053861618042,3.122053861618042,0
2010-01-18,3.0624442100524902,3.1295050757401888,3.0624442100524902,3.1295050757401888,8400
2010-01-19,3.0624442100524902,3.0624442100524902,3.0624442100524902,3.0624442100524902,0
2010-01-20,2.987931966781616,3.014756265914752,2.987931966781616,3.014756265914752,6600
2010-01-21,2.907459259033203,2.907459259033203,2.907459259033203,2.907459259033203,1200
2010-01-22,2.907459259033203,2.907459259033203,2.907459259033203,2.907459259033203,600
2010-01-25,2.907459259033203,2.907459259033203,2.907459259033203,2.907459259033203,0
2010-01-26,3.0281686782836914,3.0281686782836914,2.980480393378537,2.980480393378537,25800
2010-01-27,3.0281686782836914,3.0281686782836914,3.0281686782836914,3.0281686782836914,0
2010-01-28,3.0743651390075684,3.0818168655465894,3.0743651390075684,3.0818168655465894,15000
2010-01-29,2.980480432510376,2.980480432510376,2.980480432510376,2.980480432510376,6000
2010-02-01,3.050523042678833,3.0684059136414845,3.0192279119038745,3.0684059136414845,9600
2010-02-02,3.041581392288208,3.050522827137758,3.041581392288208,3.050522827137758,3600
2010-02-03,3.0788369178771973,3.0788369178771973,3.040091122867502,3.040091122867502,5400
2010-02-04,3.0788369178771973,3.0788369178771973,3.0788369178771973,3.0788369178771973,0
2010-02-05,3.047541618347168,3.047541618347168,3.016246490717555,3.017737049585589,6000
2010-02-08,3.047541618347168,3.047541618347168,3.047541618347168,3.047541618347168,0
2010-02-09,2.835928201675415,2.835928201675415,2.835928201675415,2.835928201675415,9600
2010-02-10,2.832946538925171,2.832946538925171,2.832946538925171,2.832946538925171,3000
2010-02-11,2.832946538925171,2.832946538925171,2.832946538925171,2.832946538925171,0
2010-02-12,2.832946538925171,2.832946538925171,2.832946538925171,2.832946538925171,3000
2010-02-16,2.832946538925171,2.832946538925171,2.832946538925171,2.832946538925171,0
2010-02-17,2.832946538925171,2.832946538925171,2.832946538925171,2.832946538925171,0
2010-02-18,2.956637382507324,2.956637382507324,2.832946799007141,2.832946799007141,9600
2010-02-19,2.965578556060791,2.980480305254476,2.8389077188581133,2.9789905993323926,7200
2010-02-22,2.965578556060791,2.965578556060791,2.965578556060791,2.965578556060791,0
2010-02-23,2.9640886783599854,2.9640886783599854,2.9640886783599854,2.9640886783599854,3600
2010-02-24,2.9775004386901855,2.9775004386901855,2.9775004386901855,2.9775004386901855,3000
2010-02-25,2.9775004386901855,2.9775004386901855,2.9775004386901855,2.9775004386901855,0
2010-02-26,2.905968189239502,2.905968189239502,2.905968189239502,2.905968189239502,1200
2010-03-01,2.8389081954956055,2.8389081954956055,2.8389081954956055,2.8389081954956055,600
2010-03-02,2.8389081954956055,2.8389081954956055,2.8389081954956055,2.8389081954956055,0
2010-03-03,2.8389081954956055,2.8389081954956055,2.8389081954956055,2.8389081954956055,0
2010-03-04,2.8389081954956055,2.8389081954956055,2.8389081954956055,2.8389081954956055,0
2010-03-05,2.8403995037078857,2.8403995037078857,2.8403995037078857,2.8403995037078857,3000
2010-03-08,2.8403995037078857,2.8403995037078857,2.8403995037078857,2.8403995037078857,0
2010-03-09,2.835928201675415,2.8374176946974896,2.8091036837181145,2.835928201675415,22800
2010-03-10,2.8001620769500732,2.8001620769500732,2.779298303709572,2.779298303709572,11400
2010-03-11,2.7569456100463867,2.7569456100463867,2.660080142458989,2.685414109115131,12000
2010-03-12,2.6898834705352783,2.7554546221070297,2.6824325957573008,2.6898834705352783,4200
2010-03-15,2.6898834705352783,2.6898834705352783,2.6898834705352783,2.6898834705352783,0
2010-03-16,2.745145320892334,2.745145320892334,2.68839067443408,2.6898845438655474,17400
2010-03-17,2.7780041694641113,2.8138495651261777,2.7765102997325743,2.7765102997325743,18000
2010-03-18,2.7780041694641113,2.7780041694641113,2.7780041694641113,2.7780041694641113,0
2010-03-19,2.7780041694641113,2.7780041694641113,2.7780041694641113,2.7780041694641113,0
2010-03-22,2.7780041694641113,2.7780041694641113,2.7780041694641113,2.7780041694641113,0
2010-03-23,2.640597343444824,2.778003634353298,2.61520647694476,2.778003634353298,4200
2010-03-24,2.745145320892334,2.745145320892334,2.745145320892334,2.745145320892334,1800
2010-03-25,2.7526133060455322,2.7526133060455322,2.689884256825753,2.689884256825753,1800
2010-03-26,2.7526133060455322,2.7526133060455322,2.7526133060455322,2.7526133060455322,0
2010-03-29,2.7765095233917236,2.7765095233917236,2.7765095233917236,2.7765095233917236,2400
2010-03-30,2.8004069328308105,2.8004069328308105,2.7556004646363363,2.7556004646363363,18600
2010-03-31,2.8004069328308105,2.8004069328308105,2.8004069328308105,2.8004069328308105,0
2010-04-01,2.8004069328308105,2.8004069328308105,2.8004069328308105,2.8004069328308105,0
2010-04-05,2.613713026046753,2.613713026046753,2.6077386175388773,2.6077386175388773,1800
2010-04-06,2.613713026046753,2.613713026046753,2.613713026046753,2.613713026046753,0
2010-04-07,2.6958580017089844,2.6958580017089844,2.6958580017089844,2.6958580017089844,6000
2010-04-08,2.6958580017089844,2.6958580017089844,2.6958580017089844,2.6958580017089844,0
2010-04-09,2.8004069328308105,2.8004069328308105,2.6256616000453143,2.6256616000453143,18000
2010-04-12,2.985607624053955,2.9871006389562402,2.9527493315736715,2.957229871859278,25800
2010-04-13,2.842226982116699,2.9273591723971197,2.8377462280734598,2.9273591723971197,9600
2010-04-14,2.840733051300049,2.840733051300049,2.840733051300049,2.840733051300049,600
2010-04-15,2.836252450942993,2.842227074734152,2.836252450942993,2.842227074734152,1800
2010-04-16,2.8496949672698975,3.0707407007026046,2.8496949672698975,3.0707407007026046,1200
2010-04-19,2.8496949672698975,2.8496949672698975,2.8496949672698975,2.8496949672698975,0
2010-04-20,2.731703042984009,2.7899515539581397,2.731703042984009,2.7391715348947,6000
2010-04-21,2.6883909702301025,2.7481333621245767,2.6883909702301025,2.7481333621245767,6000
2010-04-22,2.764561891555786,2.764561891555786,2.7197554212011754,2.7197554212011754,6000
2010-04-23,2.763068914413452,2.763068914413452,2.763068914413452,2.763068914413452,2400
2010-04-26,2.7765095233917236,2.7780033927055596,2.7630676907242955,2.7630676907242955,9600
2010-04-27,2.7914459705352783,2.8153429700629875,2.770536496550005,2.8153429700629875,4200
2010-04-28,2.788458824157715,2.921384576272624,2.788458824157715,2.807874426721855,25800
2010-04-29,2.840733051300049,2.8989813570271847,2.7809906623977922,2.7809906623977922,45000
2010-04-30,2.840733051300049,2.845213591592548,2.840733051300049,2.845213591592548,4200
2010-05-03,2.8825528621673584,2.8825528621673584,2.869111026590749,2.8706038279572774,6000
2010-05-04,2.842226982116699,2.8825527002352898,2.842226982116699,2.8825527002352898,6000
2010-05-05,2.8392391204833984,2.8392391204833984,2.8392391204833984,2.8392391204833984,1800
2010-05-06,2.8392391204833984,2.8392391204833984,2.8392391204833984,2.8392391204833984,0
2010-05-07,2.6958580017089844,2.7809903956415356,2.6958580017089844,2.7809903956415356,3600
2010-05-10,2.801900863647461,2.8033938784847585,2.6958581388075866,2.6958581388075866,6600
2010-05-11,2.801900863647461,2.801900863647461,2.801900863647461,2.801900863647461,0
2010-05-12,2.7780041694641113,2.7780041694641113,2.7780041694641113,2.7780041694641113,600
2010-05-13,2.7780041694641113,2.7780041694641113,2.7780041694641113,2.7780041694641113,0
2010-05-14,2.7780041694641113,2.7780041694641113,2.68839121444429,2.7780041694641113,4200
2010-05-17,2.7780041694641113,2.7780041694641113,2.7780041694641113,2.7780041694641113,10200
2010-05-18,2.9124231338500977,2.972165517185903,2.8422266559987643,2.9422938982098246,12600
2010-05-19,2.9124231338500977,2.9124231338500977,2.9124231338500977,2.9124231338500977,0
2010-05-20,2.7033259868621826,2.842226339647378,2.7033259868621826,2.842226339647378,3600
2010-05-21,2.7033259868621826,2.7033259868621826,2.7033259868621826,2.7033259868621826,0
2010-05-25,2.7033259868621826,2.7033259868621826,2.7033259868621826,2.7033259868621826,0
2010-05-26,2.830277919769287,2.830277919769287,2.6689744079744497,2.6689744079744497,7800
2010-05-27,2.830277919769287,2.830277919769287,2.830277919769287,2.830277919769287,0
2010-05-28,2.8004069328308105,2.8974875070917916,2.798913063409855,2.8974875070917916,11400
2010-05-31,2.8004069328308105,2.912423210144043,2.8004069328308105,2.8422267304538402,18600
2010-06-01,2.8004069328308105,2.8004069328308105,2.8004069328308105,2.8004069328308105,0
2010-06-02,2.942294120788574,2.942294120788574,2.9408011059101593,2.9408011059101593,15600
2010-06-03,2.9049556255340576,2.940800798110508,2.9049556255340576,2.940800798110508,3600
2010-06-04,2.897489070892334,2.897489070892334,2.897489070892334,2.897489070892334,1200
2010-06-07,2.960216522216797,2.960216522216797,2.960216522216797,2.960216522216797,600
2010-06-08,2.960216522216797,2.960216522216797,2.960216522216797,2.960216522216797,0
2010-06-09,2.960216522216797,2.960216522216797,2.960216522216797,2.960216522216797,0
2010-06-10,2.843719482421875,2.843719482421875,2.843719482421875,2.843719482421875,1200
2010-06-11,2.822810173034668,2.8422266290406166,2.822810173034668,2.8392388903053103,12600
2010-06-14,2.822810173034668,2.822810173034668,2.822810173034668,2.822810173034668,0
2010-06-15,2.822810173034668,2.822810173034668,2.822810173034668,2.822810173034668,0
2010-06-16,2.6898844242095947,2.6898844242095947,2.6898844242095947,2.6898844242095947,600
2010-06-17,2.8272905349731445,2.8272905349731445,2.8272905349731445,2.8272905349731445,3000
2010-06-18,2.8272905349731445,2.8272905349731445,2.8272905349731445,2.8272905349731445,0
2010-06-21,2.8272905349731445,2.8272905349731445,2.8272905349731445,2.8272905349731445,0
2010-06-22,2.8272905349731445,2.8272905349731445,2.8272905349731445,2.8272905349731445,0
2010-06-23,2.8272905349731445,2.8272905349731445,2.8272905349731445,2.8272905349731445,0
2010-06-24,2.679429769515991,2.679429769515991,2.679429769515991,2.679429769515991,1800
2010-06-25,2.763068914413452,2.763068914413452,2.688391653359042,2.688391653359042,9600
2010-06-28,2.763068914413452,2.763068914413452,2.763068914413452,2.763068914413452,0
2010-06-29,2.704819917678833,2.704819917678833,2.704819917678833,2.704819917678833,1800
2010-06-30,2.704819917678833,2.704819917678833,2.704819917678833,2.704819917678833,3000
2010-07-02,2.704819917678833,2.704819917678833,2.703326902573804,2.703326902573804,1200
2010-07-05,2.704819917678833,2.704819917678833,2.704819917678833,2.704819917678833,0
2010-07-06,2.8048887252807617,2.8048887252807617,2.8048887252807617,2.8048887252807617,2400
2010-07-07,2.822810173034668,2.822810173034668,2.6988457222801663,2.8048875863963723,3000
2010-07-08,2.822810173034668,2.822810173034668,2.822810173034668,2.822810173034668,0
2010-07-09,2.875084638595581,2.875084638595581,2.8467077382114794,2.8467077382114794,21000
2010-07-12,2.875084638595581,2.875084638595581,2.875084638595581,2.875084638595581,0
2010-07-13,3.0692458152770996,3.128988197445549,3.0692458152770996,3.128988197445549,7200
2010-07-14,2.987100601196289,3.1125587187648645,2.987100601196289,3.1125587187648645,8400
2010-07-15,2.987100601196289,2.987100601196289,2.987100601196289,2.987100601196289,0
2010-07-16,2.9542436599731445,2.9572303312039545,2.9542436599731445,2.9572303312039545,3600
2010-07-19,2.987100601196289,2.987100601196289,2.987100601196289,2.987100601196289,12000
2010-07-20,3.060431480407715,3.060431480407715,2.9451978378463157,3.0140392073318814,7800
2010-07-21,3.141244649887085,3.1427415131609795,3.0679146197192293,3.0679146197192293,12000
2010-07-22,3.2175683975219727,3.2175683975219727,3.1217901283260803,3.1217901283260803,13800
2010-07-23,3.322326898574829,3.322326898574829,3.111314127039232,3.111314127039232,25200
2010-07-26,3.3268163204193115,3.3268163204193115,3.251989426624254,3.251989426624254,2400
2010-07-27,3.2175683975219727,3.2175683975219727,3.2175683975219727,3.2175683975219727,3600
2010-07-28,3.3357954025268555,3.3357954025268555,3.2280443727018002,3.2280443727018002,36000
2010-07-29,3.1726725101470947,3.275934037550663,3.1726725101470947,3.190631018036211,25200
2010-07-30,3.2385201454162598,3.2385201454162598,3.2385201454162598,3.2385201454162598,4200
2010-08-03,3.1726725101470947,3.232534417193116,3.1726725101470947,3.232534417193116,10800
2010-08-04,3.1442389488220215,3.1607005943506232,3.1442389488220215,3.1577077235871065,10800
2010-08-05,3.165189743041992,3.165189743041992,3.142741503810436,3.142741503810436,36600
2010-08-06,3.165189743041992,3.165189743041992,3.165189743041992,3.165189743041992,0
2010-08-09,3.2175683975219727,3.2175683975219727,3.2175683975219727,3.2175683975219727,1800
2010-08-10,3.2175683975219727,3.2175683975219727,3.2175683975219727,3.2175683975219727,0
2010-08-11,3.2175683975219727,3.2175683975219727,3.2175683975219727,3.2175683975219727,0
2010-08-12,3.213078260421753,3.213078260421753,3.213078260421753,3.213078260421753,3600
2010-08-13,3.210085868835449,3.210085868835449,2.9975762510272297,2.9975762510272297,4200
2010-08-16,3.1517210006713867,3.1876380149565073,3.1517210006713867,3.1876380149565073,1800
2010-08-17,3.2175683975219727,3.2175683975219727,3.1128108754485386,3.1128108754485386,3000
2010-08-18,3.2175683975219727,3.2175683975219727,3.2175683975219727,3.2175683975219727,0
2010-08-19,3.2175683975219727,3.2175683975219727,3.2175683975219727,3.2175683975219727,0
2010-08-20,3.2175683975219727,3.2175683975219727,3.2175683975219727,3.2175683975219727,0
2010-08-23,3.2175683975219727,3.2175683975219727,3.2175683975219727,3.2175683975219727,0
2010-08-24,3.3747055530548096,3.47347755239399,3.2534855277438397,3.2534855277438397,32400
2010-08-25,3.5153820514678955,3.5153820514678955,3.3836858682921904,3.439058268227161,18000
2010-08-26,3.355250597000122,3.3702155888698853,3.1711758235374345,3.3103543368973027,33600
2010-08-27,3.5019116401672363,3.5019116401672363,3.3687195116862423,3.3687195116862423,7800
2010-08-30,3.404637336730957,3.442050359815015,3.403140473275912,3.403140473275912,5400
2010-08-31,3.379150390625,3.379150390625,3.379150390625,3.379150390625,600
2010-09-01,3.590536117553711,3.637010113054454,3.5215734803811922,3.5215734803811922,7800
2010-09-02,3.5050811767578125,3.5050811767578125,3.5050811767578125,3.5050811767578125,1200
2010-09-03,3.509580612182617,3.5905362509667778,3.509580612182617,3.589036750781662,5400
2010-09-07,3.55305552482605,3.55305552482605,3.509579681658193,3.509579681658193,9000
2010-09-08,3.4945874214172363,3.5605510423423072,3.4945874214172363,3.4975855631117247,7800
2010-09-09,3.4481124877929688,3.4930878289063885,3.403137146679549,3.4930878289063885,24000
2010-09-10,3.4481124877929688,3.4481124877929688,3.4481124877929688,3.4481124877929688,0
2010-09-13,3.4301233291625977,3.4301233291625977,3.3971420463222435,3.3971420463222435,9600
2010-09-14,3.4571080207824707,3.4571080207824707,3.3776518958225186,3.3776518958225186,3600
2010-09-15,3.3176846504211426,3.3176846504211426,3.2981958676279817,3.299694509859628,13800
2010-09-16,3.4481124877929688,3.4481124877929688,3.4106335730134765,3.4106335730134765,7200
2010-09-17,3.4481124877929688,3.4481124877929688,3.4481124877929688,3.4481124877929688,0
2010-09-20,3.521573543548584,3.521573543548584,3.4466148346485204,3.4466148346485204,3600
2010-09-21,3.521573543548584,3.521573543548584,3.521573543548584,3.521573543548584,0
2010-09-22,3.541063070297241,3.541063070297241,3.541063070297241,3.541063070297241,6000
2010-09-23,3.541063070297241,3.541063070297241,3.541063070297241,3.541063070297241,0
2010-09-24,3.5605504512786865,3.5665473770501994,3.479594848563989,3.479594848563989,17400
2010-09-27,3.4511122703552246,3.5605517557496764,3.4511122703552246,3.5605517557496764,13800
2010-09-28,3.3731541633605957,3.4481128588227876,3.3596614523450326,3.4481128588227876,11400
2010-09-29,3.3731541633605957,3.3731541633605957,3.3731541633605957,3.3731541633605957,0
2010-09-30,3.3731541633605957,3.3731541633605957,3.3731541633605957,3.3731541633605957,0
2010-10-01,3.3731541633605957,3.3731541633605957,3.3731541633605957,3.3731541633605957,0
2010-10-04,3.3731541633605957,3.3731541633605957,3.3731541633605957,3.3731541633605957,0
2010-10-05,3.5455596446990967,3.5455596446990967,3.5455596446990967,3.5455596446990967,1200
2010-10-06,3.538064479827881,3.538064479827881,3.538064479827881,3.538064479827881,600
2010-10-07,3.5455596446990967,3.5455596446990967,3.4706001029773184,3.4706001029773184,12000
2010-10-08,3.5605504512786865,3.5605504512786865,3.524570183405488,3.524570183405488,4800
2010-10-12,3.566549062728882,3.566549062728882,3.566549062728882,3.566549062728882,1200
2010-10-13,3.5080807209014893,3.5095802209194344,3.5080807209014893,3.5095802209194344,21000
2010-10-14,3.4481124877929688,3.4661026242383364,3.4166296417839037,3.4481124877929688,16200
2010-10-15,3.4481124877929688,3.4481124877929688,3.4481124877929688,3.4481124877929688,0
2010-10-18,3.4481124877929688,3.4481124877929688,3.4481124877929688,3.4481124877929688,0
2010-10-19,3.410635232925415,3.4481141659454178,3.410635232925415,3.4481141659454178,4800
2010-10-20,3.437619686126709,3.4481133990112784,3.437619686126709,3.4481133990112784,12000
2010-10-21,3.55305552482605,3.595032726043773,3.5245708192652705,3.595032726043773,7800
2010-10-22,3.55305552482605,3.55305552482605,3.55305552482605,3.55305552482605,0
2010-10-25,3.5515570640563965,3.5515570640563965,3.5515570640563965,3.5515570640563965,1200
2010-10-26,3.590536117553711,3.596532187936702,3.590536117553711,3.5950335456449056,15000
2010-10-27,3.62801456451416,3.6939792689350233,3.589036356815512,3.589036356815512,30600
2010-10-28,3.62801456451416,3.62801456451416,3.62801456451416,3.62801456451416,0
2010-10-29,3.635511875152588,3.635511875152588,3.635511875152588,3.635511875152588,600
2010-11-01,3.7104687690734863,3.7104687690734863,3.7104687690734863,3.7104687690734863,1800
2010-11-02,3.686483860015869,3.686483860015869,3.686483860015869,3.686483860015869,3000
2010-11-03,3.6564998626708984,3.6564998626708984,3.652002219987209,3.652002219987209,10200
2010-11-04,3.6804850101470947,3.6804850101470947,3.5980297052226073,3.643005248105316,7200
2010-11-05,3.5605504512786865,3.701473381574696,3.5605504512786865,3.577041943535519,9600
2010-11-08,3.64750337600708,3.64750337600708,3.5305674927159933,3.6430061637233506,14400
2010-11-09,3.5950326919555664,3.59653133389149,3.5950326919555664,3.59653133389149,8400
2010-11-10,3.583038568496704,3.584537853697755,3.583038568496704,3.584537853697755,6600
2010-11-11,3.583038568496704,3.583038568496704,3.583038568496704,3.583038568496704,0
2010-11-12,3.583038568496704,3.583038568496704,3.583038568496704,3.583038568496704,0
2010-11-15,3.723963499069214,3.723963499069214,3.6400099167996194,3.6400099167996194,4800
2010-11-16,3.6879823207855225,3.6894818208849562,3.6879823207855225,3.6894818208849562,1200
2010-11-17,3.6969778537750244,3.6969778537750244,3.6969778537750244,3.6969778537750244,2400
2010-11-18,3.7914249897003174,3.7914249897003174,3.744949934636772,3.744949934636772,4800
2010-11-19,3.714966058731079,3.714966058731079,3.7104684183138716,3.7104684183138716,1800
2010-11-22,3.7779324054718018,3.7779324054718018,3.767438051091782,3.767438051091782,2400
2010-11-23,3.785429000854492,3.785429000854492,3.7629412163372615,3.7629412163372615,1200
2010-11-24,3.969827175140381,3.969827175140381,3.9143581197025803,3.9683285331378007,12000
2010-11-25,3.9368462562561035,3.972826535142878,3.9368462562561035,3.972826535142878,6600
2010-11-26,3.9368462562561035,3.9368462562561035,3.9368462562561035,3.9368462562561035,0
2010-11-29,3.9578354358673096,3.9728274365979397,3.9578354358673096,3.9728274365979397,1800
2010-11-30,3.8887410163879395,3.9067652910402115,3.8887410163879395,3.9067652910402115,9000
2010-12-01,3.8887410163879395,3.8887410163879395,3.8887410163879395,3.8887410163879395,0
2010-12-02,3.869213581085205,3.869213581085205,3.869213581085205,3.869213581085205,1800
2010-12-03,3.902259111404419,3.902259111404419,3.8301620128607277,3.8827324915827157,7800
2010-12-06,3.8812313079833984,3.990878450054615,3.8812313079833984,3.990878450054615,6600
2010-12-07,3.8872385025024414,3.924789395364495,3.8872385025024414,3.9097689522731565,5400
2010-12-08,3.849688768386841,4.03143300687326,3.849688768386841,4.03143300687326,13800
2010-12-09,3.8226511478424072,3.9353029464646196,3.815140712797087,3.9353029464646196,4200
2010-12-10,3.8151416778564453,3.8151416778564453,3.8151416778564453,3.8151416778564453,1800
2010-12-13,3.920283555984497,3.920283555984497,3.8812311741133807,3.882732659899041,3600
2010-12-14,3.771582841873169,3.771582841873169,3.771582841873169,3.771582841873169,600
2010-12-15,3.9052634239196777,3.9052634239196777,3.8857376611552077,3.8857376611552077,4800
2010-12-16,3.9037623405456543,3.9037623405456543,3.9037623405456543,3.9037623405456543,6000
2010-12-17,3.980365514755249,3.9803655147552486,3.9803655147552486,3.9803655147552486,3000
2010-12-20,3.9458179473876953,3.9458179473876953,3.9262921856470503,3.9262921856470503,7200
2010-12-21,4.043449401855469,4.043449401855469,4.043449401855469,4.043449401855469,2400
2010-12-22,4.08550500869751,4.08550500869751,4.08550500869751,4.08550500869751,600
2010-12-23,4.08550500869751,4.08550500869751,4.08550500869751,4.08550500869751,600
2010-12-24,3.9097697734832764,3.9097697734832764,3.9097697734832764,3.9097697734832764,3000
2010-12-29,4.055466175079346,4.055466175079346,3.9142753612567907,3.9142753612567907,1800
2010-12-30,4.100527286529541,4.100527286529541,4.099024941078357,4.099024941078357,2400
2010-12-31,4.093017101287842,4.24171749430928,4.093017101287842,4.127563309983601,15000
2011-01-04,4.130568027496338,4.172625112681275,4.061475595281169,4.077997530480675,16800
2011-01-05,4.025426864624023,4.1305678542453546,4.025426864624023,4.1305678542453546,3600
2011-01-06,4.062976360321045,4.062976360321045,4.025426318927187,4.025426318927187,1800
2011-01-07,4.062976360321045,4.062976360321045,4.062976360321045,4.062976360321045,0
2011-01-10,4.029931545257568,4.029931545257568,4.029931545257568,4.029931545257568,2400
2011-01-11,4.14408540725708,4.2056691083071955,4.046454010149633,4.2056691083071955,6600
2011-01-12,4.02842903137207,4.02842903137207,4.02842903137207,4.02842903137207,7200
2011-01-13,4.055466175079346,4.129065628144316,4.053963829703005,4.129065628144316,6600
2011-01-14,4.093017101287842,4.093017101287842,4.091514755901595,4.091514755901595,2400
2011-01-17,4.109539031982422,4.109539031982422,4.029931915836425,4.029931915836425,2400
2011-01-18,4.053964138031006,4.114045495407066,3.9893778928465955,3.9893778928465955,10800
2011-01-19,3.980365514755249,3.9803655147552486,3.9803655147552486,3.9803655147552486,1200
2011-01-20,3.980365514755249,3.9803655147552486,3.9803655147552486,3.9803655147552486,0
2011-01-21,4.007401943206787,4.053963907449838,4.007401943206787,4.053963907449838,5400
2011-01-24,4.029931545257568,4.0419477288437955,4.029931545257568,4.0419477288437955,14400
2011-01-25,4.029931545257568,4.029931545257568,4.029931545257568,4.029931545257568,7800
2011-01-26,4.068984031677246,4.130566866707057,4.044951663886819,4.044951663886819,33000
2011-01-27,4.010404586791992,4.0269265155317715,4.010404586791992,4.0269265155317715,13800
2011-01-28,4.017913818359375,4.017913818359375,3.968347182236917,3.981865277591678,10800
2011-01-31,4.053964138031006,4.053964138031006,4.053964138031006,4.053964138031006,1800
2011-02-01,4.053964138031006,4.053964138031006,4.053964138031006,4.053964138031006,0
2011-02-02,4.053964138031006,4.093017385598233,4.053964138031006,4.053964138031006,4200
2011-02-03,4.053964138031006,4.053964138031006,4.053964138031006,4.053964138031006,0
2011-02-04,3.9698522090911865,3.9698522090911865,3.9698522090911865,3.9698522090911865,1800
2011-02-07,3.968348979949951,3.9713536709738446,3.968348979949951,3.9713536709738446,3600
2011-02-08,3.920283555984497,3.965344459393995,3.860202208194292,3.965344459393995,11400
2011-02-09,3.920283555984497,3.920283555984497,3.920283555984497,3.920283555984497,0
2011-02-10,3.9172794818878174,3.9172794818878174,3.8902432853057642,3.8902432853057642,3600
2011-02-11,3.9172794818878174,3.9172794818878174,3.9172794818878174,3.9172794818878174,0
2011-02-14,3.9172794818878174,3.9172794818878174,3.9172794818878174,3.9172794818878174,0
2011-02-15,3.9172794818878174,3.9172794818878174,3.9172794818878174,3.9172794818878174,0
2011-02-16,3.9172794818878174,3.9172794818878174,3.9172794818878174,3.9172794818878174,0
2011-02-17,4.091514587402344,4.091514587402344,3.9968870294009236,3.9968870294009236,14400
2011-02-18,4.055466175079346,4.055466175079346,4.055466175079346,4.055466175079346,600
2011-02-22,4.130568027496338,4.130568027496338,4.093017979437118,4.093017979437118,14400
2011-02-23,4.049458026885986,4.049458026885986,4.019417992308415,4.019417992308415,1800
2011-02-24,3.9353041648864746,3.9653446251711517,3.803125709901254,3.9653446251711517,18000
2011-02-25,3.9052634239196777,3.9788628767256564,3.9007572472718306,3.9578347685901325,33000
2011-02-28,3.9007556438446045,3.9067641633936705,3.8887398939439155,3.9067641633936705,22800
2011-03-01,3.7760884761810303,3.94281309252564,3.740039933713683,3.740039933713683,32400
2011-03-02,3.773085355758667,3.8511901160676993,3.7685791796692674,3.8511901160676993,16200
2011-03-03,3.9503228664398193,3.9503228664398193,3.827157235099029,3.828658720448126,15000
2011-03-04,3.890244960784912,3.978864025288834,3.8647098091650927,3.978864025288834,34200
2011-03-07,3.8181450366973877,3.920282130524421,3.8181450366973877,3.920282130524421,20400
2011-03-08,3.740041494369507,3.777592397408407,3.740041494369507,3.777592397408407,33000
2011-03-09,3.719012975692749,3.770081115292215,3.719012975692749,3.770081115292215,7200
2011-03-10,3.861703872680664,3.861703872680664,3.800121479693539,3.800121479693539,5400
2011-03-11,3.779092788696289,3.8286594334799875,3.779092788696289,3.8286594334799875,4800
2011-03-14,3.779092788696289,3.779092788696289,3.779092788696289,3.779092788696289,0
2011-03-15,3.7039928436279297,3.756563333040293,3.7039928436279297,3.756563333040293,4200
2011-03-16,3.755061149597168,3.755061149597168,3.7535588043849075,3.7535588043849075,1800
2011-03-17,3.7625863552093506,3.7625863552093506,3.7625863552093506,3.7625863552093506,0
2011-03-18,3.8107457160949707,3.8965328911202732,3.789675907088606,3.789675907088606,10200
2011-03-21,3.8107457160949707,3.8107457160949707,3.8107457160949707,3.8107457160949707,0
2011-03-22,3.81526255607605,3.9115851074727814,3.81526255607605,3.816767912158979,8400
2011-03-23,3.8092410564422607,3.8152616181061503,3.8092410564422607,3.8152616181061503,4200
2011-03-24,3.9055635929107666,3.9055635929107666,3.7896766077928437,3.7896766077928437,22200
2011-03-25,3.873960256576538,3.905565855426518,3.873960256576538,3.905565855426518,3600
2011-03-28,3.8182718753814697,3.8453626833819623,3.8182718753814697,3.8453626833819623,23400
2011-03-29,3.860412836074829,3.9507148025866323,3.860412836074829,3.944694240892104,7800
2011-03-30,3.881481885910034,3.885996659901833,3.881481885910034,3.885996659901833,9000
2011-03-31,3.837838888168335,3.839344244536572,3.837838888168335,3.839344244536572,7200
2011-04-01,3.8724524974823,3.8724524974823,3.8378370681194838,3.8378370681194838,5400
2011-04-04,3.839341878890991,3.839341878890991,3.839341878890991,3.839341878890991,1800
2011-04-05,3.9115853309631348,3.9115853309631348,3.9115853309631348,3.9115853309631348,3600
2011-04-06,3.9130892753601074,3.9130892753601074,3.911584780590596,3.911584780590596,27600
2011-04-07,3.9582393169403076,3.958239316940307,3.9130881245686293,3.9130881245686293,18600
2011-04-08,3.9130892753601074,3.9176044820438785,3.9130892753601074,3.9130892753601074,13800
2011-04-11,4.015432357788086,4.015432357788086,3.9130892524003973,3.9130892524003973,9600
2011-04-12,4.013926982879639,4.013926982879639,3.9130892339165633,3.9130892339165633,37800
2011-04-13,3.988342046737671,4.138844935241773,3.9281402885046255,4.138844935241773,28200
2011-04-14,4.010916233062744,4.010916233062744,4.010916233062744,4.010916233062744,6000
2011-04-15,3.9477055072784424,4.180985727875537,3.9446947954142084,4.180985727875537,98400
2011-04-18,4.025965690612793,4.0334916070269085,3.9356637361107767,3.9356637361107767,24600
2011-04-19,3.988342046737671,4.02747269440621,3.946200686796381,3.946200686796381,43800
2011-04-20,4.062087059020996,4.0635924147586815,3.9868356346990734,3.9883409904367593,69000
2011-04-21,4.062087059020996,4.0635924147586815,4.062087059020996,4.062087059020996,30600
2011-04-25,4.062087059020996,4.062087059020996,4.062087059020996,4.062087059020996,154200
2011-04-26,4.062087059020996,4.062087059020996,4.062087059020996,4.062087059020996,0
2011-04-27,4.062087059020996,4.062087059020996,4.062087059020996,4.062087059020996,0
2011-04-28,3.935662031173706,3.9627523904918682,3.935662031173706,3.9627523904918682,3000
2011-04-29,3.935662031173706,3.935662031173706,3.935662031173706,3.935662031173706,0
2011-05-02,3.943190574645996,3.980815863687117,3.943190574645996,3.980815863687117,8400
2011-05-03,3.9732916355133057,3.9732916355133057,3.935665481505698,3.9507160292275163,31800
2011-05-04,3.9732916355133057,3.9732916355133057,3.9732916355133057,3.9732916355133057,0
2011-05-05,3.9732916355133057,3.9732916355133057,3.9732916355133057,3.9732916355133057,0
2011-05-06,3.917604446411133,3.9883415355633303,3.9176044464111333,3.9883415355633303,4200
2011-05-09,3.9130892753601074,3.9130892753601074,3.9130892753601074,3.9130892753601074,600
2011-05-10,3.9130892753601074,3.9130892753601074,3.9130892753601074,3.9130892753601074,0
2011-05-11,3.9130892753601074,3.9130892753601074,3.9130892753601074,3.9130892753601074,0
2011-05-12,3.9130892753601074,3.9130892753601074,3.9130892753601074,3.9130892753601074,1200
2011-05-13,3.9130892753601074,3.9130892753601074,3.9130892753601074,3.9130892753601074,0
2011-05-16,3.988342046737671,3.988342046737671,3.913089741297899,3.913089741297899,3600
2011-05-17,3.9416849613189697,3.9537252252637427,3.9416849613189697,3.9537252252637427,2400
2011-05-18,3.9416849613189697,3.9416849613189697,3.9416849613189697,3.9416849613189697,0
2011-05-19,4.062087059020996,4.062087059020996,4.062087059020996,4.062087059020996,600
2011-05-20,4.062087059020996,4.062087059020996,4.062087059020996,4.062087059020996,0
2011-05-24,4.086169242858887,4.086169242858887,4.025967482469571,4.025967482469571,27600
2011-05-25,4.134329795837402,4.138845003132871,3.9341609163959896,3.9341609163959896,10200
2011-05-26,4.1990461349487305,4.1990461349487305,4.123794700706069,4.123794700706069,10200
2011-05-27,4.2140960693359375,4.2140960693359375,4.212590713617989,4.212590713617989,7200
2011-05-30,4.18399715423584,4.19001728845007,4.102725127046747,4.102725127046747,3000
2011-05-31,4.2140960693359375,4.2140960693359375,4.212590713617989,4.212590713617989,3000
2011-06-01,4.138844966888428,4.140350323036313,4.138844966888428,4.140350323036313,1800
2011-06-02,4.274296760559082,4.299882639507425,4.274296760559082,4.299882639507425,31800
2011-06-03,4.274296760559082,4.274296760559082,4.274296760559082,4.274296760559082,13200
2011-06-06,4.274296760559082,4.274296760559082,4.274296760559082,4.274296760559082,0
2011-06-07,4.090683937072754,4.0921892930742025,4.090683937072754,4.0921892930742025,1200
2011-06-08,4.090683937072754,4.090683937072754,4.090683937072754,4.090683937072754,0
2011-06-09,4.090683937072754,4.090683937072754,4.090683937072754,4.090683937072754,0
2011-06-10,4.215600490570068,4.215600490570068,4.215600490570068,4.215600490570068,1200
2011-06-13,4.215600490570068,4.215600490570068,4.215600490570068,4.215600490570068,0
2011-06-14,4.164430618286133,4.164430618286133,4.164430618286133,4.164430618286133,1800
2011-06-15,4.164430618286133,4.164430618286133,4.164430618286133,4.164430618286133,0
2011-06-16,4.205066204071045,4.205066204071045,4.205066204071045,4.205066204071045,2400
2011-06-17,4.205066204071045,4.205066204071045,4.205066204071045,4.205066204071045,0
2011-06-20,4.182490348815918,4.191520329852765,4.00339048602811,4.00339048602811,9600
2011-06-21,4.173460006713867,4.173460006713867,4.173460006713867,4.173460006713867,1800
2011-06-22,4.3465375900268555,4.3465375900268555,4.2050651856471415,4.2050651856471415,5400
2011-06-23,4.4338297843933105,4.4338297843933105,4.214095257229848,4.214095257229848,3600
2011-06-24,4.36760950088501,4.36760950088501,4.364598789536354,4.366104145210682,3600
2011-06-27,4.40222692489624,4.510589330474222,4.40222692489624,4.4955387810692065,27600
2011-06-28,4.485002040863037,4.485002040863037,4.485002040863037,4.485002040863037,1800
2011-06-29,4.500052452087402,4.500052452087402,4.500052452087402,4.500052452087402,1200
2011-06-30,4.500052452087402,4.500052452087402,4.500052452087402,4.500052452087402,0
2011-07-04,4.500052452087402,4.500052452087402,4.500052452087402,4.500052452087402,0
2011-07-05,4.500052452087402,4.500052452087402,4.500052452087402,4.500052452087402,0
2011-07-06,4.500052452087402,4.500052452087402,4.376639969846292,4.376639969846292,3600
2011-07-07,4.378143787384033,4.378143787384033,4.378143787384033,4.378143787384033,600
2011-07-08,4.378143787384033,4.378143787384033,4.378143787384033,4.378143787384033,0
2011-07-11,4.515102386474609,4.515102386474609,4.513597030835808,4.513597030835808,4800
2011-07-12,4.5903544425964355,4.5903544425964355,4.5903544425964355,4.5903544425964355,1800
2011-07-13,4.6806559562683105,4.816109119445083,4.668616124828277,4.801059437793475,6000
2011-07-14,4.665607452392578,4.703232742503984,4.665607452392578,4.703232742503984,5400
2011-07-15,4.665607452392578,4.665607452392578,4.665607452392578,4.665607452392578,0
2011-07-18,4.591858863830566,4.591858863830566,4.590353508289348,4.590353508289348,4800
2011-07-19,4.824567794799805,4.824567794799805,4.824567794799805,4.824567794799805,1800
2011-07-20,4.824567794799805,4.824567794799805,4.824567794799805,4.824567794799805,0
2011-07-21,4.8999738693237305,4.8999738693237305,4.8999738693237305,4.8999738693237305,1200
2011-07-22,4.723520755767822,4.7506676177223754,4.723520755767822,4.7506676177223754,3600
2011-07-25,4.9406938552856445,4.9406938552856445,4.901482252702957,4.901482252702957,2400
2011-07-26,4.9406938552856445,4.9406938552856445,4.9406938552856445,4.9406938552856445,0
2011-07-27,4.9406938552856445,4.9406938552856445,4.9406938552856445,4.9406938552856445,0
2011-07-28,4.637556076049805,4.637556076049805,4.637556076049805,4.637556076049805,1800
2011-07-29,4.675259590148926,4.675259590148926,4.675259590148926,4.675259590148926,1200
2011-08-02,4.714473247528076,4.714473247528076,4.714473247528076,4.714473247528076,1200
2011-08-03,4.7883710861206055,4.7883710861206055,4.583262683756917,4.583262683756917,2400
2011-08-04,4.7883710861206055,4.7883710861206055,4.7883710861206055,4.7883710861206055,0
2011-08-05,4.824567794799805,4.824567794799805,4.515396860638538,4.516905331467072,3600
2011-08-08,4.298224449157715,4.400778478562451,4.298224449157715,4.400778478562451,10200
2011-08-09,4.376646995544434,4.449038049409987,4.376646995544434,4.37815460314407,6000
2011-08-10,4.376646995544434,4.376646995544434,4.376646995544434,4.376646995544434,0
2011-08-11,4.497297763824463,4.598344136693455,4.497297763824463,4.551591478987841,7200
2011-08-12,4.599853515625,4.599853515625,4.599853515625,4.599853515625,1200
2011-08-15,4.599853515625,4.599853515625,4.599853515625,4.599853515625,1800
2011-08-16,4.749159812927246,4.749159812927246,4.749159812927246,4.749159812927246,1200
2011-08-17,4.474677085876465,4.474677085876465,4.474677085876465,4.474677085876465,2400
2011-08-18,4.474677085876465,4.474677085876465,4.474677085876465,4.474677085876465,0
2011-08-19,4.449038028717041,4.449038028717041,4.449038028717041,4.449038028717041,1200
2011-08-22,4.449038028717041,4.449038028717041,4.449038028717041,4.449038028717041,0
2011-08-23,4.449038028717041,4.449038028717041,4.449038028717041,4.449038028717041,0
2011-08-24,4.449038028717041,4.449038028717041,4.449038028717041,4.449038028717041,0
2011-08-25,4.622477054595947,4.622477054595947,4.622477054595947,4.622477054595947,600
2011-08-26,4.812502384185791,4.812502384185791,4.812502384185791,4.812502384185791,4800
2011-08-29,4.598344802856445,4.892434004743396,4.598344802856445,4.762732285120454,17400
2011-08-30,4.344976425170898,4.495790271910158,4.343467954460243,4.495790271910158,9600
2011-08-31,4.337436199188232,4.337436199188232,4.337436199188232,4.337436199188232,600
2011-09-01,4.498806953430176,4.5621493435908755,4.418874838288729,4.418874838288729,4800
2011-09-02,4.384187698364258,4.384187698364258,4.384187698364258,4.384187698364258,600
2011-09-06,4.4294304847717285,4.4294304847717285,4.417365744236439,4.417365744236439,3600
2011-09-07,4.4858078956604,4.4858078956604,4.43895429001262,4.43895429001262,6600
2011-09-08,4.508478164672852,4.516035002148801,4.3845440409706775,4.3845440409706775,6600
2011-09-09,4.458602428436279,4.458602428436279,4.458602428436279,4.458602428436279,1800
2011-09-12,4.458602428436279,4.458602428436279,4.458602428436279,4.458602428436279,0
2011-09-13,4.458602428436279,4.458602428436279,4.458602428436279,4.458602428436279,0
2011-09-14,4.4329071044921875,4.4329071044921875,4.4329071044921875,4.4329071044921875,1200
2011-09-15,4.434418678283691,4.434418678283691,4.434418678283691,4.434418678283691,600
2011-09-16,4.434418678283691,4.434418678283691,4.434418678283691,4.434418678283691,0
2011-09-19,4.587071418762207,4.587071418762207,4.315021291773582,4.315021291773582,6000
2011-09-20,4.534171104431152,4.534171104431152,4.534171104431152,4.534171104431152,600
2011-09-21,4.667174816131592,4.667174816131592,4.591604704112876,4.591604704112876,6600
2011-09-22,4.437442302703857,4.437442302703857,4.272701430822012,4.272701430822012,4800
2011-09-23,4.405701160430908,4.408724585831644,4.307461023099891,4.307461023099891,5400
2011-09-26,4.383029937744141,4.383029937744141,4.383029937744141,4.383029937744141,1200
2011-09-27,4.472204208374023,4.472204208374023,4.470692495157724,4.470692495157724,1800
2011-09-28,4.472204208374023,4.472204208374023,4.472204208374023,4.472204208374023,0
2011-09-29,4.472204208374023,4.472204208374023,4.472204208374023,4.472204208374023,0
2011-09-30,4.472204208374023,4.472204208374023,4.472204208374023,4.472204208374023,0
2011-10-03,4.472204208374023,4.472204208374023,4.472204208374023,4.472204208374023,0
2011-10-04,4.3845415115356445,4.3845415115356445,4.3845415115356445,4.3845415115356445,1800
2011-10-05,4.428374767303467,4.428374767303467,4.428374767303467,4.428374767303467,3600
2011-10-06,4.428374767303467,4.428374767303467,4.428374767303467,4.428374767303467,0
2011-10-07,4.458602428436279,4.64601424623593,4.339202147866503,4.460113277035509,19200
2011-10-11,4.642990589141846,4.642990589141846,4.641478876074548,4.641478876074548,2400
2011-10-12,4.647524356842041,4.647524356842041,4.647524356842041,4.647524356842041,2400
2011-10-13,4.819823265075684,4.819823265075684,4.720071393586256,4.720071393586256,7200
2011-10-14,4.819823265075684,4.819823265075684,4.819823265075684,4.819823265075684,0
2011-10-17,4.649036884307861,4.649036884307861,4.649036884307861,4.649036884307861,1200
2011-10-18,4.611252307891846,4.611252307891846,4.5568423034592085,4.611252307891846,3600
2011-10-19,4.611252307891846,4.611252307891846,4.611252307891846,4.611252307891846,0
2011-10-20,4.760879039764404,4.760879039764404,4.760879039764404,4.760879039764404,1200
2011-10-21,4.647524356842041,4.686820244063622,4.647524356842041,4.686820244063622,4800
2011-10-24,4.800177574157715,4.800177574157715,4.800177574157715,4.800177574157715,3000
2011-10-25,4.6717095375061035,4.6717095375061035,4.6717095375061035,4.6717095375061035,600
2011-10-26,4.67019510269165,4.67019510269165,4.67019510269165,4.67019510269165,600
2011-10-27,4.67019510269165,4.67019510269165,4.67019510269165,4.67019510269165,0
2011-10-28,4.67019510269165,4.67019510269165,4.67019510269165,4.67019510269165,0
2011-10-31,4.67019510269165,4.67019510269165,4.67019510269165,4.67019510269165,0
2011-11-01,4.67019510269165,4.67019510269165,4.67019510269165,4.67019510269165,0
2011-11-02,4.685309886932373,4.685309886932373,4.68379817387148,4.68379817387148,3600
2011-11-03,4.685309886932373,4.685309886932373,4.68379817387148,4.68379817387148,2400
2011-11-04,4.685309886932373,4.685309886932373,4.685309886932373,4.685309886932373,0
2011-11-07,4.685309886932373,4.685309886932373,4.685309886932373,4.685309886932373,0
2011-11-08,4.685309886932373,4.685309886932373,4.685309886932373,4.685309886932373,0
2011-11-09,4.77146053314209,4.77146053314209,4.77146053314209,4.77146053314209,2400
2011-11-10,4.685309886932373,4.685309886932373,4.68379817387148,4.68379817387148,7200
2011-11-11,4.8364481925964355,4.8364481925964355,4.8364481925964355,4.8364481925964355,600
2011-11-14,4.8364481925964355,4.8364481925964355,4.8364481925964355,4.8364481925964355,0
2011-11-15,4.8364481925964355,4.8364481925964355,4.8364481925964355,4.8364481925964355,0
2011-11-16,4.8364481925964355,4.8364481925964355,4.8364481925964355,4.8364481925964355,0
2011-11-17,4.760879039764404,4.762390752803531,4.760879039764404,4.762390752803531,3600
2011-11-18,4.760879039764404,4.760879039764404,4.760879039764404,4.760879039764404,0
2011-11-21,4.760879039764404,4.760879039764404,4.760879039764404,4.760879039764404,0
2011-11-22,4.609742164611816,4.614276441295277,4.609742164611816,4.614276441295277,5400
2011-11-23,4.609742164611816,4.609742164611816,4.609742164611816,4.609742164611816,0
2011-11-24,4.56439733505249,4.6112509208470245,4.5417268310006245,4.5417268310006245,5400
2011-11-25,4.464646816253662,4.540216908141098,4.464646816253662,4.540216908141098,3600
2011-11-28,4.618808269500732,4.618808269500732,4.534170925356596,4.534170925356596,3000
2011-11-29,4.574981212615967,4.574981212615967,4.534173581199176,4.534173581199176,1800
2011-11-30,4.5863423347473145,4.5863423347473145,4.5863423347473145,4.5863423347473145,0
2011-12-01,4.648464202880859,4.648464202880859,4.590888971454365,4.590888971454365,4200
2011-12-02,4.648464202880859,4.648464202880859,4.648464202880859,4.648464202880859,0
2011-12-05,4.6893720626831055,4.6893720626831055,4.687857894876194,4.687857894876194,3000
2011-12-06,4.846948623657227,4.846948623657227,4.846948623657227,4.846948623657227,1200
2011-12-07,4.846948623657227,4.846948623657227,4.846948623657227,4.846948623657227,0
2011-12-08,4.695432662963867,4.846947398474351,4.545433395588356,4.846947398474351,3600
2011-12-09,4.695432662963867,4.695432662963867,4.695432662963867,4.695432662963867,0
2011-12-12,4.621189117431641,4.621189117431641,4.365130556048774,4.365130556048774,4200
2011-12-13,4.621189117431641,4.621189117431641,4.621189117431641,4.621189117431641,0
2011-12-14,4.621189117431641,4.621189117431641,4.621189117431641,4.621189117431641,0
2011-12-15,4.621189117431641,4.621189117431641,4.621189117431641,4.621189117431641,0
2011-12-16,4.621189117431641,4.621189117431641,4.621189117431641,4.621189117431641,0
2011-12-19,4.621189117431641,4.621189117431641,4.621189117431641,4.621189117431641,0
2011-12-20,4.621189117431641,4.621189117431641,4.621189117431641,4.621189117431641,0
2011-12-21,4.659069061279297,4.659069061279297,4.657553593199359,4.657553593199359,2400
2011-12-22,4.659069061279297,4.659069061279297,4.659069061279297,4.659069061279297,0
2011-12-23,4.659069061279297,4.659069061279297,4.659069061279297,4.659069061279297,0
2011-12-28,4.719675064086914,4.848461670198931,4.409070007440954,4.409070007440954,7800
2011-12-29,4.719675064086914,4.719675064086914,4.719675064086914,4.719675064086914,0
2011-12-30,4.848461627960205,4.848461627960205,4.848461627960205,4.848461627960205,1800
2012-01-03,4.848461627960205,4.848461627960205,4.848461627960205,4.848461627960205,1800
2012-01-04,4.8227033615112305,4.8227033615112305,4.6939159147963325,4.6939159147963325,3000
2012-01-05,4.696949005126953,4.696949005126953,4.696949005126953,4.696949005126953,2400
2012-01-06,4.696949005126953,4.696949005126953,4.696949005126953,4.696949005126953,0
2012-01-09,4.696949005126953,4.696949005126953,4.696949005126953,4.696949005126953,0
2012-01-10,4.696949005126953,4.696949005126953,4.696949005126953,4.696949005126953,0
2012-01-11,4.712099552154541,4.712099552154541,4.7105849507861235,4.7105849507861235,1200
2012-01-12,4.712099552154541,4.712099552154541,4.712099552154541,4.712099552154541,0
2012-01-13,4.712099552154541,4.712099552154541,4.712099552154541,4.712099552154541,0
2012-01-16,4.712099552154541,4.712099552154541,4.712099552154541,4.712099552154541,0
2012-01-17,4.712099552154541,4.712099552154541,4.712099552154541,4.712099552154541,0
2012-01-18,4.712099552154541,4.712099552154541,4.712099552154541,4.712099552154541,0
2012-01-19,4.712099552154541,4.712099552154541,4.712099552154541,4.712099552154541,0
2012-01-20,4.712099552154541,4.712099552154541,4.712099552154541,4.712099552154541,0
2012-01-23,4.545433521270752,4.880280029631194,4.545433521270752,4.546948989447628,5400
2012-01-24,4.554523944854736,4.554523944854736,4.545432871039254,4.545432871039254,3000
2012-01-25,4.727250576019287,4.727250576019287,4.601494029975057,4.601494029975057,1200
2012-01-26,4.548463821411133,4.625736229871937,4.548463821411133,4.625736229871937,7800
2012-01-27,4.601494789123535,4.601494789123535,4.395434870104157,4.395434870104157,3600
2012-01-30,4.601494789123535,4.601494789123535,4.601494789123535,4.601494789123535,0
2012-01-31,4.601494789123535,4.601494789123535,4.601494789123535,4.601494789123535,0
2012-02-01,4.601494789123535,4.601494789123535,4.601494789123535,4.601494789123535,0
2012-02-02,4.601494789123535,4.601494789123535,4.601494789123535,4.601494789123535,0
2012-02-03,4.475738525390625,4.601495992029827,4.475738525390625,4.601495992029827,9600
2012-02-06,4.663614749908447,4.687857471625045,4.619675710862622,4.687857471625045,9000
2012-02-07,4.718160152435303,4.718160152435303,4.718160152435303,4.718160152435303,1200
2012-02-08,4.566644668579102,4.7075528452748046,4.566644668579102,4.7075528452748046,4800
2012-02-09,4.566644668579102,4.566644668579102,4.566644668579102,4.566644668579102,0
2012-02-10,4.475738525390625,4.475738525390625,4.475738525390625,4.475738525390625,2400
2012-02-13,4.475738525390625,4.475738525390625,4.475738525390625,4.475738525390625,0
2012-02-14,4.606039524078369,4.606039524078369,4.604524055951886,4.604524055951886,2400
2012-02-15,4.606039524078369,4.606039524078369,4.606039524078369,4.606039524078369,0
2012-02-16,4.606039524078369,4.606039524078369,4.606039524078369,4.606039524078369,0
2012-02-17,4.5984625816345215,4.5984625816345215,4.466645044678398,4.466645044678398,1200
2012-02-21,4.5984625816345215,4.5984625816345215,4.5984625816345215,4.5984625816345215,0
2012-02-22,4.643918514251709,4.643918514251709,4.643918514251709,4.643918514251709,600
2012-02-23,4.643918514251709,4.643918514251709,4.643918514251709,4.643918514251709,0
2012-02-24,4.643918514251709,4.643918514251709,4.643918514251709,4.643918514251709,0
2012-02-27,4.5984625816345215,4.5984625816345215,4.5984625816345215,4.5984625816345215,1200
2012-02-28,4.674221038818359,4.681796645809567,4.598463234960991,4.598463234960991,6600
2012-02-29,4.5984625816345215,4.5984625816345215,4.5984625816345215,4.5984625816345215,1800
2012-03-01,4.643918514251709,4.643918514251709,4.643918514251709,4.643918514251709,600
2012-03-02,4.643918514251709,4.643918514251709,4.643918514251709,4.643918514251709,0
2012-03-05,4.653008937835693,4.653008937835693,4.643918295064547,4.643918295064547,2400
2012-03-06,4.653008937835693,4.653008937835693,4.653008937835693,4.653008937835693,0
2012-03-07,4.78937292098999,4.78937292098999,4.7878583193192705,4.7878583193192705,3000
2012-03-08,4.78937292098999,4.78937292098999,4.78937292098999,4.78937292098999,0
2012-03-09,4.78937292098999,4.78937292098999,4.78937292098999,4.78937292098999,0
2012-03-12,4.78937292098999,4.78937292098999,4.78937292098999,4.78937292098999,0
2012-03-13,4.871191024780273,4.916645115174309,4.834827579070458,4.8408881533554275,10200
2012-03-14,4.940885543823242,4.940885543823242,4.939370075843213,4.940885543823242,3000
2012-03-15,4.940885543823242,4.940885543823242,4.940885543823242,4.940885543823242,0
2012-03-16,4.940885543823242,4.940885543823242,4.940885543823242,4.940885543823242,0
2012-03-19,4.940885543823242,4.940885543823242,4.940885543823242,4.940885543823242,1200
2012-03-20,4.940885543823242,4.940885543823242,4.940885543823242,4.940885543823242,0
2012-03-21,4.952276706695557,4.952276706695557,4.952276706695557,4.952276706695557,0
2012-03-22,5.049468994140625,5.049468994140625,5.011502774374666,5.011502774374666,6600
2012-03-23,5.0661749839782715,5.0661749839782715,5.063137928916185,5.063137928916185,1800
2012-03-26,5.087432861328125,5.087432861328125,5.087432861328125,5.087432861328125,1200
2012-03-27,5.125401496887207,5.125401496887207,5.087435270216115,5.087435270216115,2400
2012-03-28,5.044912338256836,5.049468353568472,5.044912338256836,5.049468353568472,2400
2012-03-29,5.028208255767822,5.028208255767822,5.028208255767822,5.028208255767822,1200
2012-03-30,5.028208255767822,5.028208255767822,5.028208255767822,5.028208255767822,0
2012-04-02,5.034282207489014,5.034282207489014,5.034282207489014,5.034282207489014,600
2012-04-03,5.132992267608643,5.199812657562699,5.095026926926517,5.199812657562699,4800
2012-04-04,5.132992267608643,5.132992267608643,5.132992267608643,5.132992267608643,0
2012-04-05,5.132992267608643,5.132992267608643,5.132992267608643,5.132992267608643,0
2012-04-09,5.201331615447998,5.201331615447998,5.201331615447998,5.201331615447998,1800
2012-04-10,5.163367748260498,5.164885841192949,5.163367748260498,5.164885841192949,1800
2012-04-11,5.163367748260498,5.163367748260498,5.163367748260498,5.163367748260498,0
2012-04-12,5.163367748260498,5.2392993329946105,5.163367748260498,5.222594662423934,3000
2012-04-13,5.190701007843018,5.190701007843018,5.177032963959322,5.177032963959322,2400
2012-04-16,5.163367748260498,5.208927046689502,5.163367748260498,5.208927046689502,3000
2012-04-17,5.3152313232421875,5.3152313232421875,5.163368142187907,5.163368142187907,16200
2012-04-18,6.073032379150391,6.226414538306806,5.9226872753803645,6.226414538306806,26400
2012-04-19,5.8771257400512695,6.224894084575914,5.875606778448327,6.224894084575914,12000
2012-04-20,5.939389705657959,5.983430902497909,5.939389705657959,5.983430902497909,2400
2012-04-23,5.91964864730835,6.013803856558258,5.91964864730835,6.013803856558258,7800
2012-04-24,6.2415995597839355,6.312975122880461,5.945465443772156,5.945465443772156,21000
2012-04-25,6.5255842208862305,6.5255842208862305,6.373720211529249,6.378276227396787,6600
2012-04-26,6.323604583740234,6.578735358994408,6.323604583740234,6.578735358994408,3600
2012-04-27,6.454208850860596,6.454208850860596,6.376758306415531,6.376758306415531,6600
2012-04-30,6.470913410186768,6.470913410186768,6.470913410186768,6.470913410186768,1800
2012-05-01,6.530139923095703,6.530139923095703,6.486098728148624,6.486098728148624,6000
2012-05-02,6.757934093475342,6.757934093475342,6.499765430281604,6.499765430281604,7200
2012-05-03,6.833867073059082,6.833867073059082,6.818680499025686,6.832348111515846,9000
2012-05-04,6.568105220794678,6.826273935395876,6.568105220794678,6.826273935395876,6000
2012-05-07,6.560513973236084,6.671375167845722,6.381314697874838,6.381314697874838,2400
2012-05-08,6.545326232910156,6.545326232910156,6.519509967143608,6.519509967143608,2400
2012-05-09,6.530139923095703,6.530139923095703,6.200595221103811,6.200595221103811,4200
2012-05-10,6.527101516723633,6.527101516723633,6.4952102785152,6.4952102785152,138000
2012-05-11,6.484582424163818,6.484582424163818,6.484582424163818,6.484582424163818,1200
2012-05-14,6.484582424163818,6.484582424163818,6.484582424163818,6.484582424163818,0
2012-05-15,6.484582424163818,6.484582424163818,6.484582424163818,6.484582424163818,0
2012-05-16,6.484582424163818,6.484582424163818,6.484582424163818,6.484582424163818,0
2012-05-17,6.347903251647949,6.347903251647949,6.302343966933662,6.331197282649262,7200
2012-05-18,6.347903251647949,6.347903251647949,6.347903251647949,6.347903251647949,0
2012-05-22,5.991023540496826,6.452689674929316,5.991023540496826,6.452689674929316,90000
2012-05-23,5.899905681610107,5.95913258702297,5.7495606272873045,5.7495606272873045,13800
2012-05-24,6.074549674987793,6.074549674987793,5.97431948847386,5.97431948847386,3000
2012-05-25,6.074549674987793,6.074549674987793,6.074549674987793,6.074549674987793,3000
2012-05-28,6.074549674987793,6.074549674987793,6.074549674987793,6.074549674987793,2400
2012-05-29,6.173259258270264,6.173259258270264,6.036581846545711,6.036581846545711,1800
2012-05-30,6.173259258270264,6.173259258270264,6.173259258270264,6.173259258270264,0
2012-05-31,6.176299095153809,6.22641398042498,6.176299095153809,6.224895887353554,4800
2012-06-01,6.226412773132324,6.226412773132324,6.141369163622598,6.141369163622598,2400
2012-06-04,6.074549674987793,6.074549674987793,6.039620506225669,6.039620506225669,1800
2012-06-05,6.378274917602539,6.378274917602539,6.074547830230846,6.074547830230846,10800
2012-06-06,6.302344799041748,6.484581092988753,6.302344799041748,6.37372035497346,25200
2012-06-07,6.302344799041748,6.302344799041748,6.302344799041748,6.302344799041748,0
2012-06-08,6.4162445068359375,6.4162445068359375,6.390426930469604,6.390426930469604,11400
2012-06-11,6.200596809387207,6.481544807233737,6.200596809387207,6.481544807233737,8400
2012-06-12,6.2826032638549805,6.2826032638549805,6.281084301952614,6.281084301952614,2400
2012-06-13,6.2826032638549805,6.2826032638549805,6.2826032638549805,6.2826032638549805,0
2012-06-14,6.237042427062988,6.241598442674977,6.237042427062988,6.241598442674977,3000
2012-06-15,6.237042427062988,6.237042427062988,6.237042427062988,6.237042427062988,0
2012-06-18,6.276526927947998,6.276526927947998,6.135293915565788,6.165667064245688,24000
2012-06-19,6.530139923095703,6.530139923095703,6.467875100039381,6.467875100039381,11400
2012-06-20,6.756417274475098,6.756417274475098,6.756417274475098,6.756417274475098,600
2012-06-21,6.833867073059082,6.833867073059082,6.779196188612878,6.779196188612878,3600
2012-06-22,6.754898548126221,6.849054625405541,6.754898548126221,6.849054625405541,6000
2012-06-25,6.742749214172363,6.742749214172363,6.742749214172363,6.742749214172363,1200
2012-06-26,6.780715465545654,6.780715465545654,6.719969601072182,6.719969601072182,4800
2012-06-27,6.721489429473877,6.745787170116825,6.721489429473877,6.727563538770381,3000
2012-06-28,6.757934093475342,6.757934093475342,6.706300273939499,6.706300273939499,10800
2012-06-29,6.773120880126953,6.932577944493261,6.773120880126953,6.9310598519954105,3000
2012-07-03,6.924984455108643,6.924984455108643,6.868794615275301,6.868794615275301,3600
2012-07-04,6.833867073059082,6.833867073059082,6.727562358282012,6.727562358282012,1200
2012-07-05,6.879428386688232,6.879428386688232,6.792865801624598,6.794384763615174,4800
2012-07-06,6.757934093475342,6.7594521857300585,6.757934093475342,6.7594521857300585,6000
2012-07-09,6.791345119476318,6.791345119476318,6.791345119476318,6.791345119476318,2400
2012-07-10,6.970545291900635,6.970545291900635,6.6744107577940825,6.691115426293946,34200
2012-07-11,7.137596607208252,7.137596607208252,7.137596607208252,7.137596607208252,1800
2012-07-12,7.221120834350586,7.221120834350586,7.219601872571753,7.219601872571753,14400
2012-07-13,7.289459228515625,7.289459228515625,7.016104333652038,7.016104333652038,25200
2012-07-16,7.350203990936279,7.3805771404597476,7.350203990936279,7.3805771404597476,2400
2012-07-17,7.300774097442627,7.300774097442627,7.293169240467137,7.300774097442627,4200
2012-07-18,7.44222354888916,7.604969863764957,7.44222354888916,7.601928096184416,7200
2012-07-19,7.44222354888916,7.44222354888916,7.44222354888916,7.44222354888916,0
2012-07-20,7.3768229484558105,7.446788845491462,7.3768229484558105,7.446788845491462,2400
2012-07-23,7.3768229484558105,7.3768229484558105,7.3768229484558105,7.3768229484558105,0
2012-07-24,7.291645526885986,7.299250381364583,7.195823316071899,7.299250381364583,2400
2012-07-25,7.291645526885986,7.291645526885986,7.291645526885986,7.291645526885986,0
2012-07-26,7.192781925201416,7.192781925201416,7.192781925201416,7.192781925201416,2400
2012-07-27,7.192781925201416,7.192781925201416,7.192781925201416,7.192781925201416,0
2012-07-30,7.300774097442627,7.300774097442627,7.300774097442627,7.300774097442627,1800
2012-07-31,7.239932060241699,7.246016466437635,7.239932060241699,7.246016466437635,2400
2012-08-01,7.239932060241699,7.239932060241699,7.239932060241699,7.239932060241699,0
2012-08-02,7.239932060241699,7.239932060241699,7.239932060241699,7.239932060241699,0
2012-08-03,7.2171173095703125,7.2171173095703125,7.2171173095703125,7.2171173095703125,1200
2012-08-07,7.255141258239746,7.264267431182278,7.255141258239746,7.264267431182278,5400
2012-08-08,7.431578636169434,7.433099955469431,7.427015548589408,7.427015548589408,4200
2012-08-09,7.528922080993652,7.528922080993652,7.527400761714406,7.527400761714406,3600
2012-08-10,7.6049699783325195,7.606491297305591,7.603449529679226,7.603449529679226,4800
2012-08-13,7.290125370025635,7.741860124437854,7.290125370025635,7.741860124437854,1200
2012-08-14,7.633869647979736,7.633869647979736,7.632348328866886,7.632348328866886,2400
2012-08-15,7.542612075805664,7.542612075805664,7.542612075805664,7.542612075805664,1200
2012-08-16,7.490895748138428,7.834640744051405,7.490895748138428,7.716003098296659,19800
2012-08-17,7.463520050048828,7.483292851126987,7.463520050048828,7.483292851126987,1800
2012-08-20,7.463520050048828,7.463520050048828,7.463520050048828,7.463520050048828,0
2012-08-21,7.580636024475098,7.580636024475098,7.300772476134799,7.366175275983902,7800
2012-08-22,7.580636024475098,7.580636024475098,7.580636024475098,7.580636024475098,600
2012-08-23,7.580636024475098,7.580636024475098,7.580636024475098,7.580636024475098,0
2012-08-24,7.6049699783325195,7.942630553812843,7.6049699783325195,7.942630553812843,1200
2012-08-27,7.722085952758789,7.722085952758789,7.722085952758789,7.722085952758789,1800
2012-08-28,7.722085952758789,7.722085952758789,7.722085952758789,7.722085952758789,1200
2012-08-29,7.589757442474365,7.589757442474365,7.589757442474365,7.589757442474365,1200
2012-08-30,7.6049699783325195,7.606491297305591,7.6049699783325195,7.606491297305591,2400
2012-08-31,7.793572425842285,7.793572425842285,7.793572425842285,7.793572425842285,1800
2012-09-04,7.793572425842285,7.793572425842285,7.793572425842285,7.793572425842285,0
2012-09-05,7.471124649047852,7.627785714586263,7.471124649047852,7.627785714586263,3600
2012-09-06,7.620182991027832,7.620182991027832,7.6186616715688436,7.6186616715688436,3000
2012-09-07,7.544132232666016,7.620181656212924,7.544132232666016,7.620181656212924,1800
2012-09-10,7.528922080993652,7.662769457008835,7.528922080993652,7.662769457008835,6000
2012-09-11,7.446788311004639,7.465040661234338,7.446788311004639,7.465040661234338,2400
2012-09-12,7.278459072113037,7.403372469675268,7.266272462959774,7.2906461170938215,9600
2012-09-13,7.159640789031982,7.23733054625112,7.053008592217378,7.23733054625112,17400
2012-09-14,7.075856685638428,7.235806254972418,7.075856685638428,7.235806254972418,11400
2012-09-17,6.94789981842041,6.94789981842041,6.912862760163972,6.914386413707415,12600
2012-09-18,6.902196407318115,6.95398883171737,6.902196407318115,6.95398883171737,12000
2012-09-19,6.8976287841796875,6.9600846206338245,6.8976287841796875,6.906768524495936,5400
2012-09-20,6.858021259307861,6.897628396486569,6.858021259307861,6.897628396486569,1800
2012-09-21,6.841264247894287,6.854974074010604,6.824507987453239,6.8397405949044074,4800
2012-09-24,6.848881721496582,6.848881721496582,6.801659364929492,6.818415628765865,14400
2012-09-25,6.938758373260498,6.938758373260498,6.911338281968202,6.911338281968202,7200
2012-09-26,6.938758373260498,6.938758373260498,6.938758373260498,6.938758373260498,0
2012-09-27,6.938758373260498,6.938758373260498,6.938758373260498,6.938758373260498,0
2012-09-28,6.888487815856934,6.914384252240389,6.888487815856934,6.914384252240389,4200
2012-10-01,6.938758373260498,6.938758373260498,6.900674888919667,6.900674888919667,2400
2012-10-02,6.893057823181152,6.893057823181152,6.893057823181152,6.893057823181152,4200
2012-10-03,6.915907859802246,6.928094033466452,6.908290466171725,6.928094033466452,1800
2012-10-04,6.900675296783447,6.902198950042983,6.900675296783447,6.902198950042983,2400
2012-10-05,7.327208995819092,7.327208995819092,6.925049878556176,6.925049878556176,9000
2012-10-09,7.516098499298096,7.516098499298096,7.516098499298096,7.516098499298096,1200
2012-10-10,7.497819423675537,7.51762342991072,7.374429656305819,7.374429656305819,9000
2012-10-11,7.464306831359863,7.505436753459997,7.464306831359863,7.505436753459997,4200
2012-10-12,7.541996479034424,7.6181625806622195,7.5206696916489815,7.5206696916489815,9600
2012-10-15,7.577032566070557,7.586172742217059,7.577032566070557,7.586172742217059,4200
2012-10-16,7.577032566070557,7.577032566070557,7.577032566070557,7.577032566070557,0
2012-10-17,7.577032566070557,7.577032566070557,7.543519167970166,7.577032566070557,6600
2012-10-18,7.570937633514404,7.570937633514404,7.564844764812194,7.564844764812194,3600
2012-10-19,7.50391149520874,7.54047132129427,7.50391149520874,7.538947668336744,2400
2012-10-22,7.452120780944824,7.452120780944824,7.452120780944824,7.452120780944824,1200
2012-10-23,7.438408374786377,7.478015506841649,7.436885593481759,7.436885593481759,8400
2012-10-24,7.438408374786377,7.438408374786377,7.438408374786377,7.438408374786377,0
2012-10-25,7.438408374786377,7.438408374786377,7.438408374786377,7.438408374786377,1200
2012-10-26,7.488677978515625,7.488677978515625,7.488677978515625,7.488677978515625,600
2012-10-29,7.430790901184082,7.430790901184082,7.430790901184082,7.430790901184082,1200
2012-10-30,7.5694169998168945,7.5694169998168945,7.5694169998168945,7.5694169998168945,1200
2012-10-31,7.5694169998168945,7.5694169998168945,7.5694169998168945,7.5694169998168945,0
2012-11-01,7.487155914306641,7.487155914306641,7.487155914306641,7.487155914306641,600
2012-11-02,7.347009181976318,7.348532835103589,7.347009181976318,7.348532835103589,2400
2012-11-05,7.311975002288818,7.414037998317838,7.311975002288818,7.414037998317838,2400
2012-11-06,7.304355621337891,7.311972142765938,7.304355621337891,7.311972142765938,3600
2012-11-07,7.310449123382568,7.311972776462228,7.310449123382568,7.311972776462228,6600
2012-11-08,7.273890018463135,7.304356981503671,7.273890018463135,7.289123499983403,138000
2012-11-09,7.365289211273193,7.4033726928960455,7.363766429867523,7.365289211273193,4800
2012-11-12,7.321111679077148,7.398801411189263,7.308925071523384,7.398801411189263,5400
2012-11-13,7.2632293701171875,7.311975390403897,7.261705716492841,7.3058816475619,6600
2012-11-14,7.261704444885254,7.3454875106174375,7.261704444885254,7.3454875106174375,3000
2012-11-15,7.21904993057251,7.21904993057251,7.21904993057251,7.21904993057251,3000
2012-11-16,7.21904993057251,7.21904993057251,7.21904993057251,7.21904993057251,0
2012-11-19,7.356148719787598,7.356148719787598,7.214479063332805,7.214479063332805,3600
2012-11-20,7.311975002288818,7.311975002288818,7.311975002288818,7.311975002288818,1200
2012-11-21,7.333297252655029,7.333297252655029,7.304354823053535,7.304354823053535,2400
2012-11-22,7.28150749206543,7.348533416834462,7.276937403976945,7.276937403976945,17400
2012-11-23,7.235806941986084,7.237329723464972,7.235806941986084,7.237329723464972,1200
2012-11-26,7.193152904510498,7.235806472946486,7.193152904510498,7.234282819911252,4800
2012-11-27,7.094135284423828,7.141358058481833,7.062145550816165,7.072808504800431,10800
2012-11-28,7.273890018463135,7.273890018463135,6.973794834372446,7.091090855185418,16800
2012-11-29,7.401849269866943,7.409465792097203,7.401849269866943,7.409465792097203,3000
2012-11-30,7.45973539352417,7.45973539352417,7.426222000594056,7.426222000594056,3000
2012-12-03,7.502388000488281,7.528284871382366,7.502388000488281,7.528284871382366,1800
2012-12-04,7.472639560699463,7.480268573637263,7.420767685227309,7.420767685227309,9600
2012-12-05,7.451282024383545,7.451282024383545,7.451282024383545,7.451282024383545,1200
2012-12-06,7.3658447265625,7.475691513233149,7.34753649229173,7.475691513233149,11400
2012-12-07,7.323126316070557,7.346010736614403,7.323126316070557,7.346010736614403,2400
2012-12-10,7.414663314819336,7.445175865547103,7.3688936157432865,7.445175865547103,4800
2012-12-11,7.628255844116211,7.628255844116211,7.460434150944791,7.460434150944791,11400
2012-12-12,7.567229747772217,7.632831915626324,7.553498574229996,7.626729753819463,33600
2012-12-13,7.567229747772217,7.567229747772217,7.567229747772217,7.567229747772217,0
2012-12-14,7.368894577026367,7.47874134534792,7.368894577026367,7.471113206670876,6000
2012-12-17,7.3658447265625,7.448230034811651,7.288036476881042,7.42992180054088,5400
2012-12-18,7.414663314819336,7.414663314819336,7.323123916667236,7.323123916667236,7800
2012-12-19,7.318548202514648,7.318548202514648,7.318548202514648,7.318548202514648,1200
2012-12-20,7.362789630889893,7.362789630889893,7.362789630889893,7.362789630889893,1200
2012-12-21,7.350587368011475,7.411614231883453,7.349061390870053,7.411614231883453,7800
2012-12-24,7.359740734100342,7.37652298900543,7.327702201275917,7.327702201275917,4200
2012-12-27,7.31549596786499,7.376521943880561,7.313969991095442,7.376521943880561,9000
2012-12-28,7.346008777618408,7.346008777618408,7.346008777618408,7.346008777618408,600
2012-12-31,7.442122936248779,7.442122936248779,7.442122936248779,7.442122936248779,600
2013-01-02,7.483318328857422,7.628254708251364,7.468061178670292,7.628254708251364,9000
2013-01-03,7.497048377990723,7.497048377990723,7.497048377990723,7.497048377990723,1200
2013-01-04,7.497048377990723,7.497048377990723,7.497048377990723,7.497048377990723,0
2013-01-07,7.497048377990723,7.497048377990723,7.497048377990723,7.497048377990723,0
2013-01-08,7.6129961013793945,7.6129961013793945,7.611470124932298,7.611470124932298,1800
2013-01-09,7.6129961013793945,7.6129961013793945,7.6129961013793945,7.6129961013793945,0
2013-01-10,7.571803569793701,7.571803569793701,7.571803569793701,7.571803569793701,600
2013-01-11,7.571803569793701,7.571803569793701,7.571803569793701,7.571803569793701,0
2013-01-14,7.51077938079834,7.51077938079834,7.51077938079834,7.51077938079834,1200
2013-01-15,7.475691318511963,7.5016268190737945,7.474165341367593,7.5016268190737945,8400
2013-01-16,7.475691318511963,7.475691318511963,7.475691318511963,7.475691318511963,0
2013-01-17,7.47721529006958,7.47721529006958,7.475690186140859,7.475690186140859,4200
2013-01-18,7.5062031745910645,7.551972881804975,7.5062031745910645,7.550446904803508,6600
2013-01-21,7.5062031745910645,7.5062031745910645,7.5062031745910645,7.5062031745910645,0
2013-01-22,7.5062031745910645,7.5062031745910645,7.504677197589597,7.504677197589597,1800
2013-01-23,7.336855411529541,7.336855411529541,7.336855411529541,7.336855411529541,13800
2013-01-24,7.379573345184326,7.379573345184326,7.33838070533333,7.33838070533333,2400
2013-01-25,7.323126316070557,7.3399085736632514,7.323126316070557,7.3399085736632514,8400
2013-01-28,7.301764965057373,7.301764965057373,7.301764965057373,7.301764965057373,1200
2013-01-29,7.391778945922852,7.391778945922852,7.381098853455483,7.381098853455483,4800
2013-01-30,7.394830703735352,7.513831597798246,7.393305599660761,7.393305599660761,2400
2013-01-31,7.393304347991943,7.527561497978858,7.393304347991943,7.475689635548205,6000
2013-02-01,7.393304347991943,7.393304347991943,7.393304347991943,7.393304347991943,0
2013-02-04,7.393304347991943,7.393304347991943,7.393304347991943,7.393304347991943,0
2013-02-05,7.625199317932129,7.625199317932129,7.399402876410016,7.399402876410016,10800
2013-02-06,8.064592361450195,8.064592361450195,7.741154189675142,7.741154189675142,12000
2013-02-07,8.053911209106445,8.053911209106445,8.053911209106445,8.053911209106445,1200
2013-02-08,8.053911209106445,8.053911209106445,8.053911209106445,8.053911209106445,0
2013-02-11,8.14849853515625,8.218678602910131,8.14849853515625,8.182062156269726,21600
2013-02-12,8.146973609924316,8.146973609924316,8.146973609924316,8.146973609924316,1200
2013-02-13,8.16223430633545,8.16223430633545,8.16223430633545,8.16223430633545,3600
2013-02-14,8.18664264678955,8.18664264678955,8.18664264678955,8.18664264678955,1200
2013-02-15,8.18664264678955,8.18664264678955,8.18664264678955,8.18664264678955,600
2013-02-19,8.33768367767334,8.33768367767334,8.133247254076771,8.133247254076771,6000
2013-02-20,8.177490234375,8.282759954365442,8.14392572278831,8.282759954365442,5400
2013-02-21,8.00966739654541,8.085949652184354,8.00966739654541,8.085949652184354,3600
2013-02-22,8.00966739654541,8.00966739654541,8.00966739654541,8.00966739654541,0
2013-02-25,8.040181159973145,8.070694590612883,8.040181159973145,8.069168613536286,9600
2013-02-26,7.910501003265381,7.9333854188635105,7.910501003265381,7.9333854188635105,3600
2013-02-27,7.910501003265381,7.910501003265381,7.910501003265381,7.910501003265381,0
2013-02-28,8.08747673034668,8.08747673034668,8.085950753292003,8.085950753292003,3000
2013-03-01,8.08747673034668,8.08747673034668,8.08747673034668,8.08747673034668,0
2013-03-04,8.139349937438965,8.139349937438965,8.089003167585426,8.089003167585426,19200
2013-03-05,8.200373649597168,8.200373649597168,8.192745511166642,8.198848545701754,3000
2013-03-06,8.200373649597168,8.200373649597168,8.200373649597168,8.200373649597168,0
2013-03-07,8.42159366607666,8.423119643048981,8.42159366607666,8.423119643048981,2400
2013-03-08,8.626030921936035,8.691633963923207,8.542120521223241,8.542120521223241,7800
2013-03-11,8.67485237121582,8.745031596439397,8.650441105201056,8.650441105201056,9000
2013-03-12,8.429220199584961,8.650439677274111,8.413963924705536,8.650439677274111,7200
2013-03-13,8.429220199584961,8.429220199584961,8.429220199584961,8.429220199584961,0
2013-03-14,8.636712074279785,8.636712074279785,8.636712074279785,8.636712074279785,2400
2013-03-15,8.636712074279785,8.636712074279785,8.636712074279785,8.636712074279785,0
2013-03-18,8.482624053955078,8.482624053955078,8.481098076347592,8.481098076347592,1800
2013-03-19,8.37125015258789,8.546700015905007,8.238518053799535,8.546700015905007,15600
2013-03-20,8.208001136779785,8.391079044068158,8.200372126781486,8.391079044068158,20400
2013-03-21,8.229362487792969,8.230888464930315,8.208004045777923,8.208004045777923,11400
2013-03-22,8.229362487792969,8.229362487792969,8.229362487792969,8.229362487792969,1200
2013-03-25,8.276653289794922,8.276653289794922,8.249191828428005,8.249191828428005,1800
2013-03-26,8.181172370910645,8.18270046052465,8.181172370910645,8.18270046052465,2400
2013-03-27,8.364503860473633,8.364503860473633,8.106311787572675,8.16589417015298,7200
2013-03-28,8.416446685791016,8.416446685791016,8.413390507164571,8.413390507164571,1800
2013-04-01,8.454642295837402,8.454642295837402,8.454642295837402,8.454642295837402,2400
2013-04-02,8.631860733032227,8.631860733032227,8.520333819138273,8.520333819138273,3000
2013-04-03,8.402697563171387,8.555473294408248,8.358391709435754,8.555473294408248,4200
2013-04-04,8.564640045166016,8.564640045166016,8.48214069608269,8.524918460123331,14400
2013-04-05,8.396588325500488,8.546308791970453,8.375200311857148,8.546308791970453,22800
2013-04-08,8.390472412109375,8.448528433709848,8.390472412109375,8.428666772076042,4800
2013-04-09,8.468390464782715,8.468390464782715,8.468390464782715,8.468390464782715,1800
2013-04-10,8.573808670043945,8.573808670043945,8.573808670043945,8.573808670043945,1800
2013-04-11,8.573808670043945,8.573808670043945,8.573808670043945,8.573808670043945,0
2013-04-12,8.721997261047363,8.929772782760713,8.671580813985795,8.767829441074827,19800
2013-04-15,8.738802909851074,8.978662210016726,8.738802909851074,8.978662210016726,10200
2013-04-16,8.891582489013672,8.891582489013672,8.738805863185487,8.828944798004471,15600
2013-04-17,8.822834014892578,8.822834014892578,8.798389822751883,8.822834014892578,12000
2013-04-18,9.074912071228027,9.085606948636503,8.960329843691344,8.960329843691344,29400
2013-04-19,9.319356918334961,9.319356918334961,9.149774798347316,9.149774798347316,18600
2013-04-22,9.166580200195312,9.181858474937325,9.166580200195312,9.178802295472996,7800
2013-04-23,9.021443367004395,9.021443367004395,8.974082200275499,8.974082200275499,3600
2013-04-24,9.016855239868164,9.166575613556576,9.016855239868164,9.15129734645928,51600
2013-04-25,9.097833633422852,9.097833633422852,9.015334248083628,9.015334248083628,1800
2013-04-26,9.06727123260498,9.06727123260498,9.06727123260498,9.06727123260498,600
2013-04-29,9.021443367004395,9.021443367004395,9.018387187465398,9.018387187465398,2400
2013-04-30,9.369770050048828,9.47212929758633,9.03977271778786,9.03977271778786,37200
2013-05-01,9.206298828125,9.395741681050911,9.206298828125,9.365186889787788,10200
2013-05-02,9.43393611907959,9.43393611907959,9.273520841098232,9.273520841098232,4200
2013-05-03,9.23532485961914,9.44157316291938,9.23532485961914,9.398795413274595,7200
2013-05-06,9.227689743041992,9.235328442543606,9.227689743041992,9.235328442543606,6000
2013-05-07,9.206298828125,9.206298828125,9.206298828125,9.206298828125,1800
2013-05-08,9.267413139343262,9.267413139343262,9.160469577056544,9.160469577056544,3000
2013-05-09,9.178802490234375,9.180330579998962,9.178802490234375,9.180330579998962,1800
2013-05-10,9.148244857788086,9.148244857788086,9.148244857788086,9.148244857788086,600
2013-05-13,9.322410583496094,9.322410583496094,9.215467049049563,9.215467049049563,2400
2013-05-14,9.244497299194336,9.33463537218214,9.244497299194336,9.320885185488073,16800
2013-05-15,9.125329971313477,9.125329971313477,9.125329971313477,9.125329971313477,1200
2013-05-16,9.119216918945312,9.238382538804354,9.119216918945312,9.238382538804354,7800
2013-05-17,9.242969512939453,9.242969512939453,9.239914207193722,9.239914207193722,3000
2013-05-21,9.472131729125977,9.542408989192156,9.472131729125977,9.472131729125977,4800
2013-05-22,9.380463600158691,9.381991689429796,9.380463600158691,9.381991689429796,1800
2013-05-23,9.090191841125488,9.313244849564466,9.090191841125488,9.313244849564466,3000
2013-05-24,9.02602767944336,9.02602767944336,9.02602767944336,9.02602767944336,1200
2013-05-27,8.977136611938477,9.091718855833582,8.977136611938477,9.065747451690212,7800
2013-05-28,9.019912719726562,9.024496113542249,9.013801236574652,9.013801236574652,4800
2013-05-29,8.899216651916504,8.905328133446432,8.899216651916504,8.905328133446432,1800
2013-05-30,8.807549476623535,8.85643870033591,8.807549476623535,8.85643870033591,10800
2013-05-31,8.8610258102417,8.941997063833178,8.746443583704924,8.746443583704924,6600
2013-06-03,8.922137260437012,8.93894362460978,8.922137260437012,8.93894362460978,2400
2013-06-04,8.922137260437012,8.922137260437012,8.922137260437012,8.922137260437012,0
2013-06-05,8.769360542297363,8.769360542297363,8.769360542297363,8.769360542297363,600
2013-06-06,8.784634590148926,8.784634590148926,8.708246752141761,8.708246752141761,8400
2013-06-07,8.712830543518066,8.784634992143665,8.712830543518066,8.737274722734373,6600
2013-06-10,8.781583786010742,8.830472167255977,8.741862194797292,8.830472167255977,3000
2013-06-11,8.812138557434082,8.812138557434082,8.812138557434082,8.812138557434082,6600
2013-06-12,8.812138557434082,8.812138557434082,8.812138557434082,8.812138557434082,0
2013-06-13,9.010747909545898,9.010747909545898,8.694500660405474,8.694500660405474,1800
2013-06-14,9.051994323730469,9.0871325057638,9.015328052576743,9.0871325057638,10200
2013-06-17,9.412548065185547,9.412548065185547,9.149772639091395,9.149772639091395,10800
2013-06-18,9.563796043395996,9.598935103805019,9.4400470356992,9.4400470356992,7800
2013-06-19,9.563796043395996,9.563796043395996,9.563796043395996,9.563796043395996,0
2013-06-20,9.40338134765625,9.40338134765625,9.362131675846914,9.388103950450724,3000
2013-06-21,9.40338134765625,9.40338134765625,9.40338134765625,9.40338134765625,4800
2013-06-24,9.169632911682129,9.227688066377558,9.168105696575173,9.197132399729925,4200
2013-06-25,9.203243255615234,9.319353557094182,9.203243255615234,9.31782546789839,1800
2013-06-26,9.386574745178223,9.386574745178223,9.2949094986492,9.2949094986492,5400
2013-06-27,9.397270202636719,9.426296905994962,9.308659380672447,9.395742113326087,12000
2013-06-28,9.548518180847168,9.548518180847168,9.397269692446004,9.397269692446004,3000
2013-07-02,9.548518180847168,9.548518180847168,9.548518180847168,9.548518180847168,1200
2013-07-03,9.548518180847168,9.548518180847168,9.548518180847168,9.548518180847168,0
2013-07-04,9.548518180847168,9.548518180847168,9.548518180847168,9.548518180847168,0
2013-07-05,9.754769325256348,9.754769325256348,9.601992703644349,9.601992703644349,10800
2013-07-08,9.386574745178223,9.747126871201566,9.372825439004973,9.747126871201566,10800
2013-07-09,8.951165199279785,8.951165199279785,8.705195222705019,8.828944255800364,50400
2013-07-10,9.57143783569336,9.62490961405097,9.146719788425035,9.203246872181959,73200
2013-07-11,9.536298751831055,9.536298751831055,9.472132967560595,9.472132967560595,1800
2013-07-12,9.443102836608887,9.508795812699573,9.441574747367714,9.488935897721886,5400
2013-07-15,9.660045623779297,9.660045623779297,9.653935014364626,9.653935014364626,1200
2013-07-16,9.434432029724121,9.637866371409952,9.420666394918543,9.637866371409952,25200
2013-07-17,9.75411319732666,9.75411319732666,9.50938108839006,9.520087789944387,15000
2013-07-18,9.822946548461914,9.90860368409979,9.751056800975261,9.751056800975261,9600
2013-07-19,9.85506534576416,9.85506534576416,9.85506534576416,9.85506534576416,1200
2013-07-22,9.888715744018555,9.888715744018555,9.888715744018555,9.888715744018555,1800
2013-07-23,9.89483642578125,9.936135086198652,9.873422143484964,9.881070789129597,10800
2013-07-24,9.902485847473145,9.902485847473145,9.829066188983907,9.850479599619742,4200
2013-07-25,9.826006889343262,9.826006889343262,9.789297061466057,9.789297061466057,4800
2013-07-26,9.69904899597168,9.69904899597168,9.69904899597168,9.69904899597168,600
2013-07-29,9.584332466125488,9.584332466125488,9.584332466125488,9.584332466125488,1800
2013-07-30,9.636338233947754,9.787766371186255,9.636338233947754,9.76482305881698,10200
2013-07-31,9.663869857788086,9.663869857788086,9.57515467117855,9.57515467117855,6000
2013-08-01,9.65316104888916,9.65316104888916,9.65316104888916,9.65316104888916,1200
2013-08-02,9.708227157592773,9.708227157592773,9.708227157592773,9.708227157592773,600
2013-08-06,9.335012435913086,9.487969611546326,9.335012435913086,9.487969611546326,4200
2013-08-07,9.214173316955566,9.422196499755021,9.212643412952952,9.422196499755021,4800
2013-08-08,9.497148513793945,9.497148513793945,9.443613232838338,9.443613232838338,1800
2013-08-09,9.573629379272461,9.573629379272461,9.573629379272461,9.573629379272461,1200
2013-08-12,9.422199249267578,9.422199249267578,9.422199249267578,9.422199249267578,1200
2013-08-13,9.20805835723877,9.315128925378497,9.20805835723877,9.315128925378497,2400
2013-08-14,8.981679916381836,9.215705395837196,8.879198204799344,9.215705395837196,12000
2013-08-15,9.114749908447266,9.631746220245653,8.98779415446239,9.631746220245653,9600
2013-08-16,9.024506568908691,9.070394066975203,9.024506568908691,9.070394066975203,3600
2013-08-19,9.139223098754883,9.556797586996835,9.087217744518579,9.556797586996835,9600
2013-08-20,9.026039123535156,9.027569028171404,9.026039123535156,9.027569028171404,4800
2013-08-21,8.944966316223145,8.957202920277746,8.944966316223145,8.957202920277746,1800
2013-08-22,8.839427947998047,8.955675278258813,8.821072599665138,8.955675278258813,4200
2013-08-23,8.984735488891602,9.013797534310525,8.871547114798634,8.871547114798634,2400
2013-08-26,8.925087928771973,8.98627099007139,8.925087928771973,8.967915634065792,9000
2013-08-27,8.642111778259277,8.804246593777888,8.642111778259277,8.804246593777888,5400
2013-08-28,8.642111778259277,8.642111778259277,8.642111778259277,8.642111778259277,0
2013-08-29,8.695647239685059,8.695647239685059,8.695647239685059,8.695647239685059,1800
2013-08-30,9.253947257995605,9.374784360260735,9.217237418427391,9.29830574663486,8400
2013-09-03,9.361015319824219,9.419139435619872,9.338072004488165,9.417610406402963,7800
2013-09-04,9.539974212646484,9.697520198934441,9.419137171981648,9.419137171981648,10200
2013-09-05,9.598097801208496,9.746466994301596,9.598097801208496,9.680695120053363,2400
2013-09-06,9.559858322143555,9.565976187832565,9.559858322143555,9.565976187832565,2400
2013-09-09,9.533513069152832,9.536577191895296,9.533513069152832,9.536577191895296,1200
2013-09-10,9.718854904174805,9.747957940510934,9.573340598959634,9.680561250792426,7800
2013-09-11,9.845987319946289,9.845987319946289,9.656052897177801,9.656052897177801,6600
2013-09-12,9.706602096557617,9.706602096557617,9.706602096557617,9.706602096557617,1200
2013-09-13,9.706602096557617,9.706602096557617,9.706602096557617,9.706602096557617,0
2013-09-16,9.803094863891602,9.82453845546771,9.789308946622713,9.789308946622713,16200
2013-09-17,9.643797874450684,9.731106967302189,9.643797874450684,9.731106967302189,4800
2013-09-18,9.677495956420898,9.677495956420898,9.625417264953153,9.625417264953153,2400
2013-09-19,9.734170913696289,9.784717544250029,9.728043544755206,9.784717544250029,5400
2013-09-20,9.744890213012695,9.74795345846449,9.683620921651407,9.688216228061638,6600
2013-09-23,9.85211181640625,9.85211181640625,9.769398052907876,9.769398052907876,4800
2013-09-24,10.066556930541992,10.066556930541992,9.810757887561218,9.810757887561218,4200
2013-09-25,9.856712341308594,9.986909546467336,9.852117032407449,9.957806507737121,7200
2013-09-26,9.956270217895508,9.956270217895508,9.562614646012165,9.562614646012165,3600
2013-09-27,9.956270217895508,9.956270217895508,9.951674910945817,9.951674910945817,2400
2013-09-30,9.826075553894043,9.979248400796948,9.826075553894043,9.951677428588889,11400
2013-10-01,10.077278137207031,10.109444411007619,10.02673063468312,10.02673063468312,2400
2013-10-02,10.065027236938477,10.065027236938477,10.065027236938477,10.065027236938477,1200
2013-10-03,10.169182777404785,10.372903994807466,10.161525099875812,10.161525099875812,52200
2013-10-04,10.198287010192871,10.201350256595225,10.172246348144133,10.172246348144133,53400
2013-10-07,10.189094543457031,10.189094543457031,9.956270329868522,9.960865636869894,3000
2013-10-08,10.147735595703125,10.19521896429717,10.147735595703125,10.155394146994745,3600
2013-10-09,10.222792625427246,10.222792625427246,10.222792625427246,10.222792625427246,600
2013-10-10,10.515355110168457,10.52454572562015,10.431110139102149,10.431110139102149,4800
2013-10-11,10.484720230102539,10.529141246864754,10.477061675892598,10.484720230102539,5400
2013-10-15,10.553650856018066,10.63023817108868,10.486255035455997,10.486255035455997,10800
2013-10-16,10.62410831451416,10.691504113747621,10.530671854756278,10.530671854756278,5400
2013-10-17,10.568964958190918,10.734392516266267,10.568964958190918,10.734392516266267,14400
2013-10-18,10.677718162536621,10.87224875885795,10.608790302143024,10.87224875885795,11400
2013-10-21,10.742050170898438,10.875311453841434,10.660869329760153,10.723669818075585,21600
2013-10-22,10.7604341506958,11.026955908243027,10.7604341506958,10.873783048526997,22200
2013-10-23,10.806381225585938,10.849270166869784,10.726731586723169,10.760429038914692,12000
2013-10-24,10.833955764770508,10.833955764770508,10.706821836325997,10.712949205589338,8400
2013-10-25,10.702226638793945,10.794130159441957,10.653211194057596,10.722139053659927,16200
2013-10-28,10.745115280151367,10.875312452525568,10.740520848872686,10.875312452525568,18600
2013-10-29,10.766559600830078,10.872249048008788,10.752773677798599,10.752773677798599,19200
2013-10-30,10.855401992797852,10.942710219222153,10.775751444754793,10.942710219222153,34800
2013-10-31,10.89216423034668,11.033083225551891,10.87684624327606,10.87684624327606,12600
2013-11-01,11.013163566589355,11.100472624229285,10.905942977840015,11.100472624229285,8400
2013-11-04,10.916668891906738,11.030017766460963,10.916668891906738,10.982533506057141,5400
2013-11-05,11.028488159179688,11.046869393481757,10.930457246809965,10.930457246809965,6000
2013-11-06,10.94424057006836,10.9779389099973,10.909011045166055,10.918201660867648,31800
2013-11-07,10.841612815856934,10.951897550202712,10.841612815856934,10.896754744797244,2400
2013-11-08,11.028488159179688,11.028488159179688,10.950369666326878,10.950369666326878,6000
2013-11-11,11.028488159179688,11.181661897990125,11.028488159179688,11.12345582465423,5400
2013-11-12,11.028488159179688,11.028488159179688,10.89982214846168,10.89982214846168,3000
2013-11-13,11.126517295837402,11.126517295837402,11.114263433746816,11.114263433746816,3000
2013-11-14,11.016229629516602,11.275092726533213,11.016229629516602,11.275092726533213,3600
2013-11-15,11.020827293395996,11.020827293395996,10.990192201469794,10.991724262828962,3000
2013-11-18,11.138772964477539,11.138772964477539,11.005512521303974,11.020829632285086,12600
2013-11-19,11.169402122497559,11.169402122497559,11.020824635704393,11.020824635704393,9600
2013-11-20,11.33023738861084,11.334832696349588,11.319515588197318,11.319515588197318,7800
2013-11-21,11.328707695007324,11.337898311694689,11.328707695007324,11.337898311694689,6000
2013-11-22,11.229142189025879,11.334831627656245,11.184722053693209,11.334831627656245,17400
2013-11-25,11.426735877990723,11.449711537765673,11.279688675449234,11.279688675449234,6600
2013-11-26,12.002671241760254,12.002671241760254,11.357810025724214,11.474222168285712,29400
2013-11-27,11.870940208435059,11.952121933141315,11.809670899556249,11.947526625417238,12000
2013-11-28,12.67509937286377,12.721051568993223,12.024111826704521,12.024111826704521,22800
2013-11-29,12.076193809509277,12.684292527324532,12.076193809509277,12.684292527324532,40200
2013-12-02,12.25387191772461,12.35803017040848,12.157373094775123,12.223237704648039,25200
2013-12-03,12.244675636291504,12.390372078033401,12.244675636291504,12.390372078033401,5400
2013-12-04,12.20939826965332,12.417974650558607,12.20939826965332,12.417974650558607,8400
2013-12-05,12.062164306640625,12.402635596243211,12.062164306640625,12.402635596243211,10800
2013-12-06,11.962480545043945,11.979350803521811,11.882730312017884,11.979350803521811,12000
2013-12-09,11.962480545043945,12.094374654916464,11.962480545043945,12.094374654916464,4200
2013-12-10,11.962480545043945,11.962480545043945,11.962480545043945,11.962480545043945,0
2013-12-11,12.025357246398926,12.183323702006566,11.962478161939528,11.962478161939528,4800
2013-12-12,11.855122566223145,12.241602703203581,11.855122566223145,12.241602703203581,5400
2013-12-13,12.1158447265625,12.1158447265625,12.023825303886648,12.023825303886648,1800
2013-12-16,12.192527770996094,12.192527770996094,12.014624829573188,12.014624829573188,1800
2013-12-17,12.306018829345703,12.422576666431812,12.115846670892566,12.269211229880993,14400
2013-12-18,12.17718505859375,12.247734015508001,12.171051778418189,12.247734015508001,2400
2013-12-19,12.178722381591797,12.178722381591797,12.017689727233131,12.017689727233131,14400
2013-12-20,12.12504768371582,12.132715823209269,12.12504768371582,12.132715823209269,5400
2013-12-23,12.129646301269531,12.129646301269531,12.129646301269531,12.129646301269531,4800
2013-12-24,12.129646301269531,12.129646301269531,12.129646301269531,12.129646301269531,0
2013-12-27,12.269208908081055,12.307550479353678,12.269208908081055,12.307550479353678,3000
2013-12-30,12.269208908081055,12.281478983143053,12.241603433097124,12.269208908081055,6600
2013-12-31,12.345893859863281,12.345893859863281,12.342825901867071,12.342825901867071,1200
2014-01-02,12.224732398986816,12.370428780940196,12.224732398986816,12.370428780940196,6600
2014-01-03,12.240073204040527,12.344360968478782,12.240073204040527,12.318289466150436,5400
2014-01-06,12.192527770996094,12.27687906008653,12.051432425477476,12.27534508117132,22200
2014-01-07,12.57594108581543,12.57594108581543,12.2354705989142,12.382700984864751,31800
2014-01-08,12.2232027053833,12.669495879754058,12.2232027053833,12.557539091358002,7800
2014-01-09,12.272276878356934,12.447112723519476,12.269208920807138,12.447112723519476,18000
2014-01-10,12.307551383972168,12.307551383972168,12.230869113352918,12.230869113352918,4200
2014-01-13,12.085171699523926,12.421041111728846,11.962479716872004,12.421041111728846,11400
2014-01-14,11.977814674377441,12.077501343508462,11.964011499776783,12.025356602280722,10200
2014-01-15,12.220132827758789,12.220132827758789,12.115845081735392,12.115845081735392,4200
2014-01-16,12.09130573272705,12.148050660293135,12.040694965002709,12.148050660293135,7200
2014-01-17,12.42104434967041,12.42104434967041,12.192530582107088,12.192530582107088,4800
2014-01-20,12.361227989196777,12.459381566503831,12.361227989196777,12.422573975013686,10800
2014-01-21,12.459380149841309,12.459380149841309,12.42563964208784,12.42563964208784,1200
2014-01-22,12.57594108581543,12.57594108581543,12.57594108581543,12.57594108581543,2400
2014-01-23,12.473186492919922,12.57594114327939,12.473186492919922,12.57594114327939,3600
2014-01-24,12.40723991394043,12.55753827483807,12.38423549260912,12.460918652171662,6000
2014-01-27,12.192527770996094,12.30448453762417,12.192527770996094,12.30448453762417,6000
2014-01-28,12.408772468566895,12.408772468566895,12.192527949164527,12.264609163111208,5400
2014-01-29,12.40723991394043,12.575942513953056,12.402639731724106,12.574408534839332,15000
2014-01-30,12.582073211669922,12.651087334227956,12.463982301731761,12.47318441875608,9000
2014-01-31,12.614279747009277,12.617347704392976,12.556001720151688,12.565202959616245,4800
2014-02-03,12.57594108581543,12.84739743899763,12.57594108581543,12.84739743899763,5400
2014-02-04,12.565203666687012,12.565203666687012,12.565203666687012,12.565203666687012,1200
2014-02-05,12.67255973815918,12.67255973815918,12.560602978232204,12.629617984288915,4200
2014-02-06,12.563672065734863,12.563672065734863,12.563672065734863,12.563672065734863,1200
2014-02-07,12.994625091552734,12.994625091552734,12.76611054355923,12.805986089538166,18600
2014-02-10,12.994625091552734,12.994625091552734,12.994625091552734,12.994625091552734,0
2014-02-11,12.986960411071777,13.230811316382574,12.967023947770736,13.230811316382574,7800
2014-02-12,13.17253303527832,13.276821682048698,13.17253303527832,13.276821682048698,6600
2014-02-13,13.341233253479004,13.341233253479004,13.339700152012055,13.339700152012055,4800
2014-02-14,13.506867408752441,13.51913660786624,13.38110833722659,13.38110833722659,12000
2014-02-18,13.296753883361816,13.420979823938529,13.296753883361816,13.420979823938529,4800
2014-02-19,13.097379684448242,13.328961327004373,13.097379684448242,13.296754794476634,13800
2014-02-20,13.572813987731934,13.572813987731934,13.207805107505457,13.209338208864457,12000
2014-02-21,13.420982360839844,13.497664632173136,13.420982360839844,13.473127112703798,6600
2014-02-24,13.522205352783203,13.534474553407291,13.42098466702509,13.42098466702509,4800
2014-02-25,13.516068458557129,13.56821321222427,13.516068458557129,13.56821321222427,3600
2014-02-26,13.439386367797852,13.439386367797852,13.420983007917975,13.420983007917975,1800
2014-02-27,13.397974967956543,13.48079138137887,13.397974967956543,13.448584852120947,5400
2014-02-28,13.554408073425293,13.559009132057488,13.420980883340464,13.420980883340464,4200
2014-03-03,13.551342964172363,13.551342964172363,13.551342964172363,13.551342964172363,3000
2014-03-04,13.493060111999512,13.557473168294726,13.38417133218798,13.557473168294726,4200
2014-03-05,13.508401870727539,13.508401870727539,13.411781375775192,13.486930552120086,12000
2014-03-06,13.526803016662598,13.526803016662598,13.526803016662598,13.526803016662598,1200
2014-03-07,13.451656341552734,13.451656341552734,13.451656341552734,13.451656341552734,600
2014-03-10,13.419450759887695,13.419450759887695,13.419450759887695,13.419450759887695,2400
2014-03-11,13.189400672912598,13.235410386676568,13.189400672912598,13.235410386676568,3000
2014-03-12,13.100447654724121,13.100447654724121,13.100447654724121,13.100447654724121,1800
2014-03-13,12.934816360473633,12.934816360473633,12.934816360473633,12.934816360473633,4200
2014-03-14,12.934816360473633,12.934816360473633,12.934816360473633,12.934816360473633,0
2014-03-17,13.296753883361816,13.296753883361816,12.934813034342199,12.934813034342199,1800
2014-03-18,13.563611030578613,13.563611030578613,13.30442389533023,13.30442389533023,7200
2014-03-19,14.232287406921387,14.232287406921387,13.644897974508638,13.644897974508638,21000
2014-03-20,14.002236366271973,14.002236366271973,14.002236366271973,14.002236366271973,1800
2014-03-21,14.440860748291016,14.569687779800304,14.322769814652212,14.322769814652212,16200
2014-03-24,14.569685935974121,14.585023091339234,14.569685935974121,14.585023091339234,8400
2014-03-25,14.204292297363281,14.273379146116692,14.204292297363281,14.273379146116692,4200
2014-03-26,13.949440002441406,14.040020804495885,13.921804556111955,13.921804556111955,4800
2014-03-27,13.837364196777344,14.069189011083955,13.828153260527131,13.895704518797048,164400
2014-03-28,13.855789184570312,13.894170285592974,13.84350617805855,13.848112085878688,15600
2014-03-31,13.898776054382324,13.909523465350835,13.849647542775081,13.878817706352766,5400
2014-04-01,13.87881851196289,14.124461084257685,13.848112751182475,14.124461084257685,43800
2014-04-02,13.986282348632812,13.986282348632812,13.863461106466325,13.954041003888143,75000
2014-04-03,14.139814376831055,14.228859589495721,14.130602560765846,14.228859589495721,4200
2014-04-04,14.370102882385254,14.380849414254556,14.201223413733025,14.202758130578907,13200
2014-04-07,13.924873352050781,14.552797355314272,13.911056509749415,14.552797355314272,16800
2014-04-08,13.970931053161621,13.970931053161621,13.970931053161621,13.970931053161621,1200
2014-04-09,13.96325397491455,14.066117762059136,13.940225319530681,13.969395476775718,6600
2014-04-10,13.740639686584473,13.828150149928831,13.740639686584473,13.828150149928831,8400
2014-04-11,13.906452178955078,13.917197832196772,13.906452178955078,13.917197832196772,2400
2014-04-14,13.798978805541992,13.848107300664319,13.798978805541992,13.848107300664319,6600
2014-04-15,13.591721534729004,13.717613992341937,13.534915930032584,13.717613992341937,9000
2014-04-16,13.974007606506348,13.974007606506348,13.593261554652395,13.600937776532088,4800
2014-04-17,13.636246681213379,13.745251125153068,13.636246681213379,13.745251125153068,4800
2014-04-21,13.682300567626953,13.802050628739936,13.682300567626953,13.693047097679589,6000
2014-04-22,13.656204223632812,13.68230407564984,13.656204223632812,13.68230407564984,5400
2014-04-23,14.466826438903809,14.466826438903809,13.812802410034951,13.812802410034951,17600
2014-04-24,14.411554336547852,14.724748122815475,14.32864976311434,14.724748122815475,30000
2014-04-25,14.577362060546875,14.62342025278848,14.45761111211348,14.503669304355086,9400
2014-04-28,14.85371208190918,15.134666296977427,14.646450631697022,15.134666296977427,23000
2014-04-29,14.692509651184082,14.955041128966617,14.614210974333945,14.955041128966617,15200
2014-04-30,14.96425724029541,14.96425724029541,14.69251386876318,14.950438634225529,4200
2014-05-01,14.872138023376465,14.876743053219384,14.66948244928766,14.858319419898953,13400
2014-05-02,14.803049087524414,14.876741857910735,14.803049087524414,14.876741857910735,5600
2014-05-05,14.807653427124023,14.816863484547968,14.655661125019753,14.803046641438106,6800
2014-05-06,14.558943748474121,14.807657535297414,14.508279633716663,14.807657535297414,15000
2014-05-07,14.37470531463623,14.64644765932796,14.324042098133734,14.6280249110962,11600
2014-05-08,14.277984619140625,14.54512107042378,14.277984619140625,14.52209241436832,8600
2014-05-09,14.347073554992676,14.411555382614159,14.305621265267096,14.411555382614159,5000
2014-05-12,14.277984619140625,14.277984619140625,14.158233674981016,14.277984619140625,16000
2014-05-13,14.245746612548828,14.277987087996049,14.245746612548828,14.277987087996049,4800
2014-05-14,14.199684143066406,14.208895955705515,14.167443677316335,14.208895955705515,7600
2014-05-15,14.181265830993652,14.181265830993652,13.92334026736184,14.13981353964165,5000
2014-05-16,14.116782188415527,14.208898574812682,13.941762108445293,13.974002580138206,3800
2014-05-20,14.047698020935059,14.264170428280984,14.029274388741975,14.153631270583885,6400
2014-05-21,13.950977325439453,13.955582355244212,13.835832253602497,13.955582355244212,3400
2014-05-22,13.95557975769043,13.95557975769043,13.835829678337811,13.835829678337811,2000
2014-05-23,14.001635551452637,14.19047333144117,13.863461866066297,14.19047333144117,10200
2014-05-26,13.978607177734375,14.112174959161417,13.978607177734375,14.112174959161417,600
2014-05-27,13.95557975769043,14.047696149409232,13.817406048599244,13.817406048599244,30400
2014-05-28,13.693044662475586,13.955575150164869,13.683832850647642,13.955575150164869,10800
2014-05-29,13.743715286254883,14.04309228516819,13.743715286254883,14.04309228516819,2600
2014-05-30,13.826615333557129,13.83122124014901,13.665412116788735,13.665412116788735,3600
2014-06-02,13.679230690002441,13.79437572652271,13.656201155606242,13.665412969364722,6000
2014-06-03,13.670022010803223,13.817407550787012,13.670022010803223,13.679233826673988,2000
2014-06-04,13.633172988891602,13.633172988891602,13.518027948239624,13.633172988891602,1000
2014-06-05,13.748318672180176,13.904916005065639,13.748318672180176,13.904916005065639,2200
2014-06-06,13.90952205657959,13.90952205657959,13.762135658198227,13.812799760094538,6400
2014-06-09,13.886489868164062,14.273377223247108,13.886489868164062,14.273377223247108,4600
2014-06-10,13.817403793334961,13.918731104897475,13.817403793334961,13.918731104897475,1400
2014-06-11,14.047698020935059,14.273382244377526,13.596329574050122,13.596329574050122,10000
2014-06-12,14.070727348327637,14.208901960850932,13.983217726732109,14.052304593750168,18800
2014-06-13,14.070727348327637,14.070727348327637,13.835832176163668,13.835832176163668,4800
2014-06-16,14.010849952697754,14.149023663606277,13.854252611808343,13.854252611808343,14200
2014-06-17,14.02927303314209,14.162841718174265,13.886493411390529,14.024668004025921,10600
2014-06-18,14.070727348327637,14.070727348327637,14.05691050201633,14.05691050201633,2000
2014-06-19,13.964792251586914,13.964792251586914,13.83122444343574,13.83122444343574,6600
2014-06-20,13.748318672180176,14.038483801652072,13.748318672180176,14.038483801652072,8400
2014-06-23,13.62396240234375,13.679232413370872,13.49499962893848,13.679232413370872,2800
2014-06-24,13.66541576385498,13.66541576385498,13.554876611609403,13.623963471952003,4400
2014-06-25,13.485791206359863,13.559483982474902,13.485791206359863,13.550272165838726,2000
2014-06-26,13.587117195129395,13.591723102986874,13.587117195129395,13.591723102986874,800
2014-06-27,13.494998931884766,13.683836735535657,13.407489330135213,13.683836735535657,7400
2014-06-30,13.59632682800293,13.59632682800293,13.494998628380472,13.591720920884912,3200
2014-07-02,13.679230690002441,13.74831753621722,13.504209742538967,13.74831753621722,3600
2014-07-03,13.550271034240723,13.711474297962804,13.550271034240723,13.711474297962804,2800
2014-07-04,13.550271034240723,13.550271034240723,13.550271034240723,13.550271034240723,0
2014-07-07,13.485791206359863,13.587118553896245,13.218654673321051,13.564089890792989,13400
2014-07-08,13.430517196655273,13.430517196655273,13.223255776326333,13.3568244424243,4600
2014-07-09,13.706867218017578,13.706867218017578,13.545663968079253,13.587116257448738,5000
2014-07-10,13.573299407958984,13.623963515666764,13.573299407958984,13.614751699994969,2600
2014-07-11,13.679230690002441,13.68383571839477,13.490392900388157,13.531844305327494,2800
2014-07-14,13.605443954467773,13.826820458537826,13.605443954467773,13.826820458537826,7400
2014-07-15,13.65156078338623,13.65156078338623,13.550095918584132,13.605440470264531,3000
2014-07-16,13.739189147949219,13.739189147949219,13.365615407240025,13.365615407240025,4600
2014-07-17,13.485527038574219,13.808368327546006,13.485527038574219,13.808368327546006,2200
2014-07-18,13.619279861450195,13.771476312879418,13.619279861450195,13.771476312879418,1200
2014-07-21,13.503974914550781,13.5823791738373,13.503974914550781,13.5823791738373,2000
2014-07-22,13.605443954467773,13.605443954467773,13.536263906904885,13.536263906904885,7600
2014-07-23,13.605443954467773,13.610056074928236,13.605443954467773,13.610056074928236,800
2014-07-24,13.67000961303711,13.711517810620977,13.57776985815109,13.57776985815109,8000
2014-07-25,13.960566520690918,13.960566520690918,13.711517343669186,13.711517343669186,15200
2014-07-28,13.72073745727539,13.882158073883536,13.72073745727539,13.882158073883536,3200
2014-07-29,13.771475791931152,13.771475791931152,13.697683629161245,13.748415191270576,2400
2014-07-30,13.951338768005371,14.020518784309086,13.8268142108557,13.8268142108557,5000
2014-07-31,13.974400520324707,13.974400520324707,13.734576487438265,13.974400520324707,5200
2014-08-01,14.029747009277344,14.06664308710583,13.845266620134923,13.845266620134923,1400
2014-08-05,14.089702606201172,14.17733111967896,14.029746810456498,14.029746810456498,2600
2014-08-06,14.241897583007812,14.251121821311724,14.13582148152818,14.177329674223998,2200
2014-08-07,13.951338768005371,14.209611239386007,13.951338768005371,14.186551527175313,7600
2014-08-08,13.743803024291992,13.937507670820734,13.72535542349838,13.937507670820734,9400
2014-08-11,13.863710403442383,13.905218589533929,13.720738251166855,13.720738251166855,3000
2014-08-12,13.863710403442383,13.95595101246174,13.748410082004005,13.951338894043609,3200
2014-08-13,13.794535636901855,13.794535636901855,13.794535636901855,13.794535636901855,1000
2014-08-14,13.932893753051758,13.951342231137073,13.919058274159624,13.946730111615745,3200
2014-08-15,14.241897583007812,14.241897583007812,13.932892637201043,13.932892637201043,1200
2014-08-18,14.297242164611816,14.297242164611816,14.297242164611816,14.297242164611816,400
2014-08-19,14.716931343078613,14.846067125929208,14.527838907043202,14.527838907043202,18600
2014-08-20,14.550901412963867,14.638529910787579,14.435601082022245,14.624693554392767,6600
2014-08-21,14.435603141784668,14.739995988529492,14.435603141784668,14.739995988529492,7400
2014-08-22,14.430991172790527,14.440214531565339,14.426379053567226,14.435602412342035,2800
2014-08-25,14.689261436462402,14.735381741943133,14.620081418077136,14.735381741943133,9000
2014-08-26,14.87374210357666,14.887577579752904,14.753829658576372,14.753829658576372,13800
2014-08-27,14.989046096801758,14.993657336874122,14.887581221771857,14.887581221771857,4200
2014-08-28,15.25192928314209,15.348781149348875,15.191972611962054,15.191972611962054,6600
2014-08-29,15.104342460632324,15.228867021810645,15.081282747675596,15.228867021810645,5600
2014-09-02,15.413346290588379,15.441019001393752,15.127401982972746,15.247315303786054,4400
2014-09-03,16.381868362426758,16.381868362426758,15.50558529699242,15.50558529699242,72400
2014-09-04,17.0644474029541,17.341167467913348,16.598634883092608,16.598634883092608,15000
2014-09-05,17.036775588989258,17.16591315086139,16.861520359655454,17.16591315086139,6200
2014-09-08,17.225875854492188,17.401132922533648,17.05062054579488,17.401132922533648,4000
2014-09-09,17.133634567260742,17.922288624335152,17.133634567260742,17.922288624335152,11400
2014-09-10,16.715730667114258,17.19596201604022,16.646465886633507,17.19596201604022,6800
2014-09-11,16.877351760864258,16.932762546818356,16.697265385405597,16.697265385405597,5400
2014-09-12,17.015880584716797,17.094380817352047,16.854265049110737,16.87735273112914,3000
2014-09-15,16.734207153320312,16.96970431571292,16.692648623312543,16.96970431571292,4200
2014-09-16,17.062055587768555,17.062055587768555,16.734205964049803,16.734205964049803,600
2014-09-17,16.531036376953125,16.868121551395678,16.531036376953125,16.868121551395678,4800
2014-09-18,16.290916442871094,16.498709103923474,16.27706418596001,16.498709103923474,2200
2014-09-19,15.792218208312988,16.369419153342868,15.750659669811737,16.369419153342868,18000
2014-09-22,16.133922576904297,16.1385411715777,15.903042164611275,15.903042164611275,38200
2014-09-23,16.577207565307617,16.59105982073863,16.157005456288918,16.157005456288918,13200
2014-09-24,16.44791603088379,16.641856445451683,16.401740664379552,16.600297911006944,8000
2014-09-25,16.39250946044922,16.595683591460816,16.39250946044922,16.51718509589194,3600
2014-09-26,16.323244094848633,16.60030164055178,16.11545313741842,16.11545313741842,6800
2014-09-29,16.623380661010742,16.641851506721853,16.23088487777204,16.323235583373997,7600
2014-09-30,16.854272842407227,16.90044822779521,16.424835064682444,16.757303476205642,12400
2014-10-01,16.68803596496582,16.761917626645293,16.67418370386272,16.761917626645293,4600
2014-10-02,16.461774826049805,16.937387932646253,16.3694223047699,16.937387932646253,8000
2014-10-03,16.692649841308594,16.692649841308594,16.600297349944164,16.623385032415957,2600
2014-10-06,16.60029411315918,17.075906972954986,16.535647910252205,17.075906972954986,6200
2014-10-07,16.43868064880371,16.877353677664484,16.43868064880371,16.877353677664484,1800
2014-10-08,16.831172943115234,16.831172943115234,16.40635230743389,16.40635230743389,3400
2014-10-09,16.715730667114258,16.840406215093683,16.715730667114258,16.840406215093683,2200
2014-10-10,16.507946014404297,16.66956156449982,16.4987105884735,16.4987105884735,4400
2014-10-14,16.092361450195312,16.434065180612453,16.092361450195312,16.203184805364444,10600
2014-10-15,15.976912498474121,16.374026807900986,15.792209356480663,15.884561808215645,9200
2014-10-16,16.39250946044922,16.39250946044922,15.085725466402668,15.699868215641505,12400
2014-10-17,16.715730667114258,16.94661092008137,16.715730667114258,16.734201510105997,3200
2014-10-20,16.743444442749023,16.858884633164077,16.57259345414845,16.646475105554984,8600
2014-10-21,17.371437072753906,17.49149584140212,16.928147222692694,16.928147222692694,9600
2014-10-22,16.854272842407227,17.316033742199206,16.849656008459647,17.316033742199206,8200
2014-10-23,17.26984977722168,17.311408308015974,16.854264469278736,17.265231184090556,13600
2014-10-24,17.70852279663086,17.722376815948795,17.28832061451859,17.28832061451859,6000
2014-10-27,17.546911239624023,17.86552557273784,17.546911239624023,17.86552557273784,5800
2014-10-28,17.754703521728516,17.86552512985663,17.754703521728516,17.86552512985663,1600
2014-10-29,17.639257431030273,17.777785275688267,17.546904947432573,17.777785275688267,11400
2014-10-30,17.82396125793457,17.833196682763916,17.777785895265012,17.80087357659979,4200
2014-10-31,18.124107360839844,18.285722900230947,18.10563651020164,18.142578211478046,4200
2014-11-03,17.939401626586914,18.48427936726802,17.916313944994094,18.48427936726802,10200
2014-11-04,18.26263999938965,18.28572768799383,17.939407074497904,17.985584213183998,6000
2014-11-05,18.373458862304688,18.5673975127647,18.24416466718738,18.5673975127647,6800
2014-11-06,18.507362365722656,18.72900720249174,18.46580384873617,18.72900720249174,5800
2014-11-07,18.239543914794922,18.701304520232767,18.239543914794922,18.585864368873306,8800
2014-11-10,18.47042465209961,18.7151572150673,18.091781087649725,18.091781087649725,17800
2014-11-11,18.35036277770996,18.650506041451372,18.32727334386513,18.354979607593034,2400
2014-11-12,18.442720413208008,18.590483685788804,18.424251325243276,18.562779173103124,7200
2014-11-13,18.86292266845703,18.97374600432783,18.742865669284402,18.742865669284402,9200
2014-11-14,19.153837203979492,19.1815434852889,18.86292741540234,19.01530932038767,4400
2014-11-17,18.816757202148438,19.514015405631675,18.816757202148438,19.223107298746122,14000
2014-11-18,19.0245361328125,19.352385719867947,18.96450676456338,18.96450676456338,5400
2014-11-19,19.51401138305664,19.51401138305664,19.389337512364595,19.389337512364595,2200
2014-11-20,19.070716857910156,19.85571041256275,18.992218383183552,19.85571041256275,14800
2014-11-21,18.535072326660156,19.647915429755546,18.47042611708669,19.647915429755546,12200
2014-11-24,18.47042465209961,18.978360625441564,18.47042465209961,18.488895499506178,11400
2014-11-25,18.802894592285156,18.922951588537757,18.26725229847139,18.618189624151945,11600
2014-11-26,18.886014938354492,19.00145512315745,18.447341883807777,19.00145512315745,8600
2014-11-27,18.955276489257812,19.200010859438088,18.886013440754834,19.200010859438088,3800
2014-11-28,19.116891860961914,19.624827877917163,18.978362254994927,19.343153595950717,11600
2014-12-01,19.25541877746582,19.477063670263203,19.13074319499035,19.347771256500653,10200
2014-12-02,19.780088424682617,19.86329529256457,19.6414108993395,19.86329529256457,5600
2014-12-03,19.368669509887695,19.863286925400935,19.2068776623232,19.863286925400935,3200
2014-12-04,19.183765411376953,19.632157600936424,18.971126507136674,19.632157600936424,4200
2014-12-05,19.52121925354004,19.52121925354004,19.18377001665983,19.493483047614774,5000
2014-12-08,18.84169578552246,19.525841373383365,18.84169578552246,19.525841373383365,13800
2014-12-09,19.405651092529297,19.498103333266886,19.183766772786978,19.484236114339186,11200
2014-12-10,19.438016891479492,19.4749985079267,19.128303788946518,19.438016891479492,14200
2014-12-11,19.683012008666992,19.803198712868564,19.53046551443941,19.53046551443941,7600
2014-12-12,19.683012008666992,19.683012008666992,19.646030399140233,19.67838842578605,2200
2014-12-15,20.293201446533203,20.334804889886346,19.68301878627431,19.68301878627431,6600
2014-12-16,20.52431869506836,20.662996166647254,20.108284516951947,20.108284516951947,6800
2014-12-17,20.598285675048828,20.755453988709682,20.330174296235523,20.51507881702954,5000
2014-12-18,21.998931884765625,21.998931884765625,21.03743118178503,21.361013216956586,23200
2014-12-19,21.980436325073242,23.561364548821558,21.957323705427708,23.561364548821558,16000
2014-12-22,22.26703643798828,22.955803781319286,22.18845317940022,22.955803781319286,7800
2014-12-23,22.604494094848633,22.789396868227346,22.442702184339364,22.780151465051357,11400
2014-12-24,22.92807388305664,23.0991111929669,22.891094034549226,23.0991111929669,3200
2014-12-29,22.904964447021484,22.928077075979783,22.539778913986517,22.928077075979783,7800
2014-12-30,22.659963607788086,23.05750710740581,22.37798499697178,23.05750710740581,5400
2014-12-31,23.22392463684082,23.22392463684082,22.65996732275086,22.65996732275086,4800
2015-01-02,22.965055465698242,23.223921458441712,22.710813056125,23.223921458441712,4400
2015-01-05,22.280908584594727,22.881845590870874,22.24392697762139,22.881845590870874,10000
2015-01-06,21.217716217041016,22.280912937935398,20.97271743142392,22.280912937935398,34000
2015-01-07,21.763181686401367,22.012800517294085,21.513561092128306,21.513561092128306,8000
2015-01-08,21.495067596435547,21.938836310699116,21.397993520824166,21.938836310699116,3600
2015-01-09,21.50893783569336,21.75855843375929,21.495070612483154,21.72157858407195,7000
2015-01-12,21.471956253051758,21.471956253051758,20.792434156508467,21.176110425908625,8200
2015-01-13,21.90185546875,22.035909382754895,21.772421610449356,22.035909382754895,5400
2015-01-14,21.393373489379883,21.610636063281774,21.393373489379883,21.52742919512277,4400
2015-01-15,21.51355743408203,21.522802835636444,21.26393688225307,21.31940752819949,8200
2015-01-16,21.268566131591797,21.532055759493463,21.217719050348986,21.518186770626645,8200
2015-01-19,21.092906951904297,22.179216353426316,21.032812707564712,22.179216353426316,5000
2015-01-20,21.305543899536133,21.619880551861076,21.065168708735865,21.619880551861076,4600
2015-01-21,21.62912368774414,21.726197765185862,21.263938238267013,21.36563589847081,3200
2015-01-22,22.14223289489746,22.271665003122525,21.726198599345146,22.174590921953726,12800
2015-01-23,22.341005325317383,22.54902071609263,22.188458824476577,22.54902071609263,12000
2015-01-26,22.193078994750977,22.757036178907203,22.188457175393367,22.757036178907203,7400
2015-01-27,22.08213996887207,22.15147784665275,21.735445289827695,21.735445289827695,21200
2015-01-28,22.641475677490234,22.692324517160728,21.957331660515617,21.957331660515617,14600
2015-01-29,22.88184928894043,22.886471108869017,22.61836146850185,22.696944750950383,36800
2015-01-30,23.413440704345703,23.459665941736134,22.803258401217235,22.89570887599809,24400
2015-02-02,23.561365127563477,23.561365127563477,22.881843160338526,23.459667482569298,9600
2015-02-03,22.419588088989258,24.49975605600888,22.35024845140318,23.584482362125875,20600
2015-02-04,22.595247268676758,23.071374040282524,22.572134643882542,22.74317018341603,4600
2015-02-05,22.248554229736328,22.867982141664154,22.211572616663446,22.701568409596923,6000
2015-02-06,21.753936767578125,22.710813970213934,21.670729900968023,22.525909430329175,13600
2015-02-09,21.77242088317871,22.710808830147954,21.77242088317871,22.52590433211205,10600
2015-02-10,22.414966583251953,22.414966583251953,22.012799501029853,22.035912126088764,4200
2015-02-11,22.618358612060547,22.706187286654856,22.618358612060547,22.706187286654856,2600
2015-02-12,22.766279220581055,22.960427354313882,22.646092532562633,22.646092532562633,6800
2015-02-13,22.188453674316406,22.743165368850292,22.188453674316406,22.604487886061786,7600
2015-02-17,22.743173599243164,22.877229311915958,22.368742673171724,22.368742673171724,4400
2015-02-18,22.49355125427246,23.062130330161956,22.317892118860794,23.062130330161956,6400
2015-02-19,22.49355125427246,22.62760695664927,22.2947794923704,22.62760695664927,3200
2015-02-20,22.49355125427246,22.498173074218393,22.419589791474976,22.419589791474976,1000
2015-02-23,22.387229919433594,22.88184749182278,22.387229919433594,22.53515283285577,10800
2015-02-24,22.983543395996094,22.983543395996094,22.313266753980052,22.313266753980052,3000
2015-02-25,22.983543395996094,22.983543395996094,22.983543395996094,22.983543395996094,1200
2015-02-26,22.803268432617188,22.97430400225786,22.664589132679858,22.97430400225786,8800
2015-02-27,22.974302291870117,23.089867190960632,22.76628512083111,22.803266734962676,22000
2015-03-02,22.78477668762207,23.182320235889815,22.757040476098574,23.075998973406644,10400
2015-03-03,22.21156883239746,22.696940959312023,22.20694701324097,22.696940959312023,8200
2015-03-04,22.405717849731445,22.525904540199043,22.405717849731445,22.525904540199043,1000
2015-03-05,22.55364418029785,22.95118768094852,22.55364418029785,22.95118768094852,3800
2015-03-06,22.304019927978516,22.909580482083427,22.304019927978516,22.909580482083427,6800
2015-03-09,22.276277542114258,22.41957857607693,22.109865656602764,22.41957857607693,11200
2015-03-10,21.971195220947266,22.590623070826187,21.966573401466313,22.590623070826187,5400
2015-03-11,22.003551483154297,22.304020863349365,22.003551483154297,22.132985342185123,5800
2015-03-12,22.271663665771484,22.285530886997133,22.109873540205196,22.179211409713556,3200
2015-03-13,22.230064392089844,22.23468621223521,22.07751787658607,22.109877671125417,4000
2015-03-16,22.858734130859375,23.062127689417657,22.359492991607006,22.359492991607006,11200
2015-03-17,23.41806983947754,23.422691659308715,22.225441061057637,22.37336398297979,24800
2015-03-18,23.829479217529297,23.898818854705457,23.40420128209751,23.8387246200448,10200
2015-03-19,23.112977981567383,24.03287528112109,23.112977981567383,24.03287528112109,13400
2015-03-20,23.575233459472656,23.69542014828082,22.90495686138028,23.334858318476357,7200
2015-03-23,23.5521183013916,23.8387186541262,22.992784814535117,23.8387186541262,11600
2015-03-24,24.276193618774414,24.276193618774414,23.244444059070823,23.244444059070823,5600
2015-03-25,23.980091094970703,24.382611891846768,23.980091094970703,24.266944854186146,5400
2015-03-26,23.549806594848633,24.058740790204396,23.41563242454874,24.058740790204396,6400
2015-03-27,23.901443481445312,23.906069387712076,23.545188690963595,23.545188690963595,8000
2015-03-30,24.105010986328125,24.15127886235929,23.943077832566562,23.943077832566562,8200
2015-03-31,24.012470245361328,24.012470245361328,23.919936291065806,23.984709529591157,6200
2015-04-01,24.003215789794922,24.0541095510308,23.855162174347814,24.0541095510308,5800
2015-04-02,24.07262420654297,24.253064509599895,23.975464314887542,23.975464314887542,3600
2015-04-06,23.683979034423828,24.072620302963035,23.683979034423828,24.072620302963035,4600
2015-04-07,24.058744430541992,24.058744430541992,23.781144239242096,23.781144239242096,3800
2015-04-08,24.105010986328125,24.105010986328125,24.0679984504422,24.105010986328125,1600
2015-04-09,23.878307342529297,24.410374741600258,23.878307342529297,24.20217545258161,3800
2015-04-10,23.596080780029297,23.8274149053237,23.596080780029297,23.8274149053237,1800
2015-04-13,24.035612106323242,24.040238011512024,23.596076985950095,23.596076985950095,2600
2015-04-14,24.165159225463867,24.165159225463867,24.04023860302482,24.04023860302482,1200
2015-04-15,23.734878540039062,23.86905274294176,23.734878540039062,23.86905274294176,1000
2015-04-16,23.2213191986084,23.596081122401166,23.13341286509918,23.596081122401166,7800
2015-04-17,22.82342529296875,23.45265262141276,22.82342529296875,23.45265262141276,5000
2015-04-20,22.531930923461914,23.332346315096846,22.531930923461914,23.332346315096846,10600
2015-04-21,22.485666275024414,22.85580212287647,22.485666275024414,22.55044128385549,5200
2015-04-22,22.661489486694336,23.096396983545247,22.661489486694336,23.096396983545247,5200
2015-04-23,22.661489486694336,22.661489486694336,22.661489486694336,22.661489486694336,0
2015-04-24,22.670743942260742,22.809544062388767,22.670743942260742,22.670743942260742,3800
2015-04-27,22.707752227783203,22.962219341367096,22.675363835566735,22.675363835566735,2200
2015-04-28,23.040874481201172,23.040874481201172,22.592087557079306,22.592087557079306,4600
2015-04-29,22.874319076538086,23.13341394813539,22.670745669172685,22.795666316285345,2600
2015-04-30,21.717636108398438,22.582826571971776,21.699130729049653,22.582826571971776,8600
2015-05-01,21.398399353027344,21.930468367240266,21.398399353027344,21.6297334000871,10600
2015-05-04,22.24508285522461,22.52730891063185,21.75927994351372,21.75927994351372,10000
2015-05-05,21.745399475097656,22.573575751032394,21.282731401159406,22.573575751032394,8200
2015-05-06,21.51407241821289,22.20344884861705,21.171697155844424,22.20344884861705,12600
2015-05-07,21.352136611938477,21.51869566950124,21.21333474989435,21.231841900158766,8200
2015-05-08,21.708393096923828,21.717646673569096,21.708393096923828,21.717646673569096,2000
2015-05-11,21.88883399963379,21.88883399963379,21.736152640727525,21.74540621686783,1400
2015-05-12,21.814809799194336,21.814809799194336,21.814809799194336,21.814809799194336,1200
2015-05-13,21.31974983215332,21.708389395350647,20.884840628679967,21.63436255975035,7200
2015-05-14,21.847192764282227,21.86107224537179,21.06528238404018,21.06528238404018,2400
2015-05-15,22.38389015197754,22.39314372865566,21.84256738841292,22.06002202800051,3600
2015-05-19,22.31448745727539,22.37000714804553,22.208073981241306,22.212699886747508,1600
2015-05-20,22.07389259338379,22.342240913827034,22.036880066562503,22.342240913827034,3800
2015-05-21,22.28209686279297,22.47179072372968,22.28209686279297,22.462537149423152,2000
2015-05-22,22.27747344970703,22.453286086378093,21.291989737577104,21.291989737577104,3200
2015-05-25,22.25896453857422,22.30060474184807,22.25896453857422,22.30060474184807,800
2015-05-26,21.91196632385254,22.152554000627507,21.91196632385254,22.152554000627507,2000
2015-05-27,22.29598045349121,22.3006081239673,21.84719348896415,21.84719348896415,3200
2015-05-28,22.670743942260742,22.670743942260742,22.198822121874027,22.208075698541133,5800
2015-05-29,22.52269744873047,22.670751192876516,22.462550063627432,22.670751192876516,2200
2015-06-01,22.633726119995117,22.633726119995117,22.39314022377664,22.39776612892203,2800
2015-06-02,22.855806350708008,22.855806350708008,22.633724094940938,22.633724094940938,5400
2015-06-03,23.448022842407227,23.559062214110273,22.966847525190047,22.966847525190047,3400
2015-06-04,23.14727783203125,23.535918995039765,23.133398357796807,23.535918995039765,2800
2015-06-05,23.443397521972656,23.54518509368454,23.443397521972656,23.54518509368454,4400
2015-06-08,23.318471908569336,23.318471908569336,23.313844239409523,23.313844239409523,800
2015-06-09,23.72100067138672,23.72100067138672,23.480412976875286,23.480412976875286,5600
2015-06-10,24.100383758544922,24.336343736067658,23.614582558982413,23.614582558982413,5000
2015-06-11,24.105010986328125,24.41499957845041,23.873676900989317,24.41499957845041,4600
2015-06-12,24.285449981689453,24.391863435684126,24.05874183017817,24.05874183017817,9600
2015-06-15,24.891542434692383,24.970196926324903,24.123513489907978,24.234554606054285,6600
2015-06-16,24.947072982788086,25.06274005358723,24.4797787933329,24.748127244757843,9800
2015-06-17,24.808258056640625,25.146005490168815,24.808258056640625,24.947058105839577,11400
2015-06-18,24.840654373168945,24.840654373168945,24.660214062276772,24.660214062276772,3800
2015-06-19,25.099742889404297,25.099742889404297,24.826768656507237,24.826768656507237,2800
2015-06-22,24.97945213317871,24.984078037723744,24.729610929216165,24.785130608450473,5400
2015-06-23,24.960948944091797,25.021096302349683,24.873040859344332,24.937815887820012,5200
2015-06-24,25.14139175415039,25.14139175415039,25.13213817773363,25.13213817773363,800
2015-06-25,25.28019142150879,25.28019142150879,25.215418152681167,25.215418152681167,800
2015-06-26,25.3865966796875,25.391224348784657,25.164516216367,25.29869038116646,4000
2015-06-29,24.86842155456543,25.409742627744997,24.72036783720318,25.409742627744997,4600
2015-06-30,25.039602279663086,25.058109431093147,24.84528248446476,24.84528248446476,2600
2015-07-02,24.937820434570312,25.44675482509649,24.52141828600207,25.44675482509649,8400
2015-07-03,24.984079360961914,25.252427727194757,24.937813253306054,24.937813253306054,3000
2015-07-06,25.192283630371094,25.261682800821912,24.877669115831235,24.877669115831235,3200
2015-07-07,25.247804641723633,25.26168412355272,25.192284949468082,25.192284949468082,1200
2015-07-08,25.002588272094727,25.21078930109713,25.002588272094727,25.21078930109713,3000
2015-07-09,24.600067138671875,25.173776478390558,24.51216081679379,24.854536058469943,3200
2015-07-10,24.692602157592773,24.854537091919244,24.692602157592773,24.854537091919244,1400
2015-07-13,25.099742889404297,25.146008990598254,24.868408853557252,24.868408853557252,3000
2015-07-14,25.636442184448242,25.636442184448242,24.646332623384257,25.215414237502184,7800
2015-07-15,26.663564682006836,26.663564682006836,25.63181496947454,25.63181496947454,10800
2015-07-16,26.797739028930664,27.029073109352808,26.612672823556327,26.612672823556327,4800
2015-07-17,27.061460494995117,27.066086399857873,26.71908529216739,26.797738029406556,5800
2015-07-20,26.922664642333984,27.519507104212057,26.830132404937725,27.32981319364685,6800
2015-07-21,26.864768981933594,26.980545441851028,26.76288689850009,26.980545441851028,1800
2015-07-22,26.952762603759766,27.05001441469793,26.832354085505028,26.883296015027515,12000
2015-07-23,26.97128677368164,27.110218182017043,26.786043718161963,27.110218182017043,5600
2015-07-24,27.2537784576416,27.2537784576416,26.989808265518423,27.119479104297408,7200
2015-07-27,26.92498016357422,27.36030089550186,26.92498016357422,27.207475081116446,8000
2015-07-28,27.216724395751953,27.216724395751953,26.79992852549828,26.846240159197684,4600
2015-07-29,27.300098419189453,27.304728701773854,27.300098419189453,27.304728701773854,1000
2015-07-30,27.624265670776367,27.624265670776367,27.2306246238956,27.448284946681333,2200
2015-07-31,27.151905059814453,27.94381588956235,27.151905059814453,27.94381588956235,4200
2015-08-04,27.980857849121094,28.254090402924888,27.489966721907,27.489966721907,3400
2015-08-05,28.295761108398438,28.406907267630952,28.221664257779516,28.24482095896715,6400
2015-08-06,28.17999267578125,28.675515836329204,28.17999267578125,28.675515836329204,3800
2015-08-07,27.832666397094727,27.832666397094727,27.44828938401587,27.790986791666032,2400
2015-08-10,27.675209045410156,28.30966542876621,27.670578763510786,28.30966542876621,8400
2015-08-11,27.786348342895508,27.786348342895508,27.665941610717347,27.665941610717347,2200
2015-08-12,27.309356689453125,27.615006526232065,27.01296918307462,27.615006526232065,7400
2015-08-13,27.670578002929688,27.670578002929688,27.327878853702668,27.327878853702668,600
2015-08-14,27.76319122314453,27.990112060803227,27.485326701596662,27.485326701596662,8400
2015-08-17,27.841922760009766,27.841922760009766,27.527010645740813,27.763195614746824,9800
2015-08-18,28.06421661376953,28.06884866203422,27.786353782587177,27.84192599550189,1800
2015-08-19,27.60110855102539,28.240195132514458,27.60110855102539,28.240195132514458,7600
2015-08-20,27.323246002197266,27.42976013902635,27.1055856805938,27.346400942097734,6200
2015-08-21,25.72553062438965,26.860140354766163,25.49860973827956,26.619325091316597,17200
2015-08-24,25.123489379882812,26.424817299870515,21.302866570960543,21.302866570960543,34600
2015-08-25,25.669960021972656,27.077802373383587,25.669960021972656,25.72090195331978,15000
2015-08-26,26.531339645385742,26.531339645385742,25.591233388768885,25.674592599042477,5800
2015-08-27,26.55912208557129,27.3695573930931,26.55912208557129,26.864771902315162,8400
2015-08-28,26.651748657226562,26.790680097183014,26.466507326154332,26.790680097183014,6800
2015-08-31,26.086753845214844,26.971285963876497,26.04970452857982,26.79067319519374,10000
2015-09-01,26.813831329345703,26.92960780008276,26.049705915837635,26.08675523444569,5600
2015-09-02,27.91139030456543,27.966962512936554,27.022226137584166,27.022226137584166,10800
2015-09-03,28.342079162597656,28.342079162597656,27.832661653446124,27.832661653446124,14600
2015-09-04,27.91139030456543,28.36523383391503,27.81876877954112,28.337446846425145,2600
2015-09-08,28.712566375732422,28.712566375732422,27.934548306803222,27.934548306803222,4000
2015-09-09,28.481014251708984,28.712567213104993,28.481014251708984,28.712567213104993,2400
2015-09-10,28.295761108398438,28.295761108398438,27.920646575031267,27.920646575031267,1600
2015-09-11,28.20314598083496,28.65698948589789,28.054952255369866,28.65698948589789,6000
2015-09-14,28.031801223754883,28.179994979212925,27.647424222600872,27.647424222600872,5000
2015-09-15,27.980857849121094,28.175363247280675,27.902130693476877,27.902130693476877,5200
2015-09-16,28.318923950195312,28.476380012728956,28.133680900176206,28.133680900176206,4400
2015-09-17,27.957700729370117,28.38838932752073,27.957700729370117,28.38838932752073,1200
2015-09-18,28.43008041381836,28.43008041381836,28.249469335152757,28.249469335152757,1000
2015-09-21,29.14788818359375,29.39796582338178,27.809512255756026,27.809512255756026,7400
2015-09-22,28.60141944885254,28.999690803312053,28.596789167185968,28.9441185902692,4200
2015-09-23,28.860759735107422,28.860759735107422,28.754245589405034,28.754245589405034,1600
2015-09-24,28.56437110900879,28.717195132319944,28.318925555437882,28.425439696923533,4000
2015-09-25,28.828340530395508,29.10157306552465,28.670884463259924,28.758873942955894,2400
2015-09-28,28.481014251708984,29.10620654083465,28.481014251708984,29.10620654083465,2400
2015-09-29,28.110525131225586,28.75887225394684,28.110525131225586,28.744979643918313,34600
2015-09-30,28.800556182861328,28.800556182861328,28.328187938142467,28.328187938142467,3400
2015-10-01,28.411548614501953,28.726460793946057,28.32818940426034,28.721830511869946,2400
2015-10-02,28.47637939453125,28.47637939453125,28.365233213610942,28.411543091806045,1000
2015-10-05,29.337757110595703,29.50447551186725,28.703302542742325,28.70793459089362,29200
2015-10-06,28.666255950927734,29.407224685170394,28.666255950927734,29.407224685170394,16200
2015-10-07,28.87002182006836,29.15714698285502,28.87002182006836,29.15714698285502,2000
2015-10-08,28.666255950927734,28.666255950927734,28.5736344174952,28.624576349213534,2000
2015-10-09,28.175355911254883,28.453218674439846,28.1336763201163,28.453218674439846,6200
2015-10-13,28.874649047851562,28.907066316030726,28.57363130524381,28.610678854616303,2800
2015-10-14,28.309667587280273,28.587530454259728,28.295773207304983,28.587530454259728,8400
2015-10-15,28.26335906982422,28.5875336283664,28.212417126346402,28.5875336283664,2600
2015-10-16,28.33281707763672,28.43006888569746,28.17999129359097,28.17999129359097,1600
2015-10-19,28.328184127807617,28.48100990698799,28.21240766477108,28.240194651878955,4600
2015-10-20,28.939485549926758,28.939485549926758,28.606048770237127,28.606048770237127,1800
2015-10-21,28.712566375732422,28.98579893287552,28.712566375732422,28.948749612160395,2200
2015-10-22,28.907062530517578,28.95800445001622,28.84686004984499,28.856122377627326,3400
2015-10-23,28.79129981994629,28.86076642815324,28.63847575514392,28.63847575514392,1800
2015-10-26,28.555112838745117,28.9394916256537,28.555112838745117,28.9394916256537,7600
2015-10-27,27.554800033569336,28.70330241121077,27.55016975204801,28.70330241121077,8200
2015-10-28,27.114849090576172,27.95770165612867,26.397035325400196,27.95770165612867,16400
2015-10-29,26.762887954711914,27.689099670604833,26.68879108810483,27.689099670604833,13000
2015-10-30,26.63321876525879,27.37418924390091,26.63321876525879,27.37418924390091,13400
2015-11-02,26.447973251342773,26.730468079804684,26.392401048457824,26.40166161009825,9400
2015-11-03,27.313982009887695,27.684466325564024,26.443342543091894,26.443342543091894,14400
2015-11-04,28.189254760742188,28.189254760742188,27.494595932368785,27.494595932368785,4000
2015-11-05,28.31429100036621,28.31429100036621,28.059583139660077,28.244826183778315,4000
2015-11-06,27.892866134643555,28.4300688692606,27.82340131461548,28.4300688692606,3200
2015-11-09,27.920656204223633,27.920656204223633,27.920656204223633,27.920656204223633,600
2015-11-10,27.628890991210938,28.170725676900492,27.624260710680556,28.170725676900492,1400
2015-11-11,27.82340431213379,28.207781304203802,27.82340431213379,28.207781304203802,600
2015-11-12,27.12411117553711,28.119789521437244,27.12411117553711,28.119789521437244,5200
2015-11-13,26.586912155151367,26.86014473257816,26.508184992700603,26.813834844855236,8200
2015-11-16,27.786348342895508,27.786348342895508,26.53596231414352,26.53596231414352,7200
2015-11-17,27.71687889099121,28.156829714116586,27.462171077584394,28.156829714116586,6400
2015-11-18,27.962337493896484,28.212413361932693,27.837298676573884,27.920657888122285,2200
2015-11-19,28.254091262817383,28.43470405467982,28.013277740218555,28.013277740218555,19200
2015-11-20,28.35597801208496,28.675520491810648,28.27725084604305,28.45322984070464,3600
2015-11-23,28.47174835205078,28.91169927687287,28.365234215154263,28.67088401521648,7000
2015-11-24,28.96727180480957,29.592465789051005,28.717194211112997,28.717194211112997,6600
2015-11-25,29.175670623779297,29.573941965745426,29.013584271401797,29.01821455292312,10200
2015-11-26,29.36091423034668,29.36091423034668,29.35628218213035,29.35628218213035,2200
2015-11-27,29.175670623779297,29.60635923622093,29.175670623779297,29.60635923622093,2000
2015-11-30,28.763505935668945,29.397960484403246,28.425438861770854,29.397960484403246,6000
2015-12-01,29.17519760131836,29.305008814960487,28.8506677986679,28.8506677986679,19200
2015-12-02,29.601713180541992,29.986513129318244,29.47653912605865,29.47653912605865,12800
2015-12-03,29.277191162109375,30.00970128921229,29.277191162109375,30.00970128921229,14800
2015-12-04,29.323551177978516,29.495087662008878,29.20764781363868,29.24937309554282,4000
2015-12-07,29.532184600830078,29.532184600830078,29.342103108913815,29.490459309016973,3800
2015-12-08,28.999019622802734,29.768617844003536,28.730124753695044,29.768617844003536,14200
2015-12-09,28.563220977783203,29.536808380398,28.38704739601334,29.536808380398,8400
2015-12-10,29.295732498168945,29.323549941113363,28.971204506541962,28.971204506541962,3600
2015-12-11,28.971206665039062,29.28646219917266,28.61885943567115,29.230829077683794,5400
2015-12-14,29.06856346130371,29.30037018464976,28.98974825572268,29.198374660443115,9800
2015-12-15,29.703710556030273,29.763979025001692,29.267914594366093,29.56926224485752,7400
2015-12-16,29.856706619262695,29.856706619262695,29.75007397040084,29.842798781821994,10000
2015-12-17,29.249366760253906,30.134868201272592,29.249366760253906,30.130231077318186,5600
2015-12-18,29.184463500976562,29.221551652846898,29.059287672392777,29.221551652846898,4000
2015-12-21,29.138103485107422,29.24009900605142,29.138103485107422,29.24009900605142,3600
2015-12-22,29.207651138305664,29.207651138305664,28.771855075458006,28.975844383239746,5000
2015-12-23,28.975841522216797,29.20301289791078,28.90629879514547,29.20301289791078,7400
2015-12-24,29.328189849853516,29.45336570971668,29.077839898672373,29.077839898672373,5200
2015-12-29,29.388456344604492,29.624900194747703,29.18910241940334,29.277190106868247,4000
2015-12-30,29.114925384521484,29.38845740089316,29.114925384521484,29.38845740089316,4600
2015-12-31,28.572500228881836,29.11492716982954,28.419506926432916,29.11492716982954,3800
2016-01-04,28.00225067138672,28.280418009968486,27.58499789496926,28.187694974259628,9400
2016-01-05,27.923437118530273,28.31287247663443,27.886348963186737,28.31287247663443,3200
2016-01-06,27.659177780151367,28.002252504165323,27.561819382130015,27.886349144079446,9000
2016-01-07,27.70090675354004,27.81681012907786,27.255838215925632,27.334651662389675,10000
2016-01-08,28.03934097290039,28.159881459121088,27.80753425013976,27.80753425013976,8000
2016-01-11,27.821447372436523,28.048618782054408,27.496919313761374,28.048618782054408,3600
2016-01-12,28.322145462036133,28.373143224018587,28.043978102098134,28.043978102098134,3200
2016-01-13,27.714815139770508,28.56322871435705,27.663817370559926,28.56322871435705,5400
2016-01-14,28.442689895629883,28.442689895629883,27.631366202796404,27.65918365179843,3200
2016-01-15,27.81681251525879,28.043983928960007,27.631366391072273,28.043983928960007,10400
2016-01-18,27.121383666992188,27.816803761017628,26.745856179542336,27.65453977982959,12000
2016-01-19,27.534008026123047,27.5896411560708,27.158482188294066,27.158482188294066,3600
2016-01-20,27.306835174560547,27.348560459258938,26.85249239960249,27.232657087157314,18600
2016-01-21,28.048614501953125,28.127427941734695,27.580365682642306,27.585001039110924,3000
2016-01-22,28.512229919433594,28.966570931940616,28.400961902563754,28.465869277389153,5800
2016-01-25,28.655948638916016,29.02683905372007,28.51686318588762,29.02683905372007,3400
2016-01-26,29.15665054321289,29.36527695626012,28.744034842155603,28.744034842155603,10000
2016-01-27,28.099611282348633,28.980475769791617,28.099611282348633,28.980475769791617,7000
2016-01-28,28.05788230895996,28.424137308037597,28.04860982902252,28.424137308037597,2800
2016-01-29,28.64667510986328,28.739398152309647,28.354598145147964,28.354598145147964,4800
2016-02-01,28.442689895629883,28.442689895629883,28.442689895629883,28.442689895629883,600
2016-02-02,28.016159057617188,28.016159057617188,28.016159057617188,28.016159057617188,600
2016-02-03,28.06715965270996,28.280421422593466,28.025434370033185,28.275786066093836,1600
2016-02-04,27.81681251525879,28.155250188635666,27.68236416365083,28.081072092670123,4200
2016-02-05,27.24192237854004,27.82143912370469,27.24192237854004,27.82143912370469,4800
2016-02-08,25.71200180053711,27.14920457276151,25.211300188572366,27.14920457276151,11000
2016-02-09,25.73518943786621,25.962360873670843,25.568290032113673,25.568290032113673,2600
2016-02-10,26.147798538208008,26.342515332727228,25.80935917308571,25.80935917308571,7000
2016-02-11,25.56828498840332,25.962355752224386,25.56828498840332,25.721276522299743,5000
2016-02-12,25.837181091308594,25.846453573874424,25.498743436109294,25.517288401240954,3400
2016-02-16,26.727319717407227,27.107482656377922,26.416697744221782,27.107482656377922,9000
2016-02-17,27.839982986450195,27.839982986450195,27.107474769083417,27.107474769083417,4400
2016-02-18,28.141340255737305,28.145975612651895,27.747267713280312,28.090342486950913,3800
2016-02-19,28.20624542236328,28.20624542236328,27.645273511582985,27.70554199325531,7400
2016-02-22,28.113521575927734,28.512229457817273,28.113521575927734,28.20624462706055,7800
2016-02-23,28.27114486694336,28.27114486694336,28.104243760288092,28.206239274031816,2600
2016-02-24,28.28041648864746,28.28041648864746,28.025429480573518,28.104242907132218,3200
2016-02-25,28.693035125732422,28.693035125732422,27.8538959426917,27.8538959426917,14800
2016-02-26,28.744033813476562,28.827484375708963,28.744033813476562,28.744033813476562,5000
2016-02-29,28.586410522460938,28.69767854911857,28.51223242753761,28.69767854911857,2400
2016-03-01,28.89238929748535,28.985112338739164,28.693035377780372,28.80893873721141,2600
2016-03-02,29.09174156188965,29.09174156188965,28.586402872781964,28.994383169957985,4800
2016-03-03,28.396316528320312,28.989741026161578,28.396316528320312,28.892382651086592,1400
2016-03-04,27.561819076538086,28.73012514547549,27.552546595608636,28.73012514547549,4600
2016-03-07,27.515457153320312,27.802898761527892,27.4690965164068,27.4690965164068,3400
2016-03-08,27.677722930908203,27.677722930908203,27.557182445211954,27.63599765025103,1400
2016-03-09,27.86317253112793,29.0361159682399,27.86317253112793,29.0361159682399,7800
2016-03-10,27.89098358154297,28.18769589062137,27.89098358154297,28.17378805380359,2800
2016-03-11,28.64667510986328,28.67912790943777,28.363870626247095,28.363870626247095,5200
2016-03-14,28.628129959106445,28.64667492118256,28.34996260214443,28.64667492118256,6600
2016-03-15,28.553953170776367,28.628131253890803,28.048614426888964,28.618858772433374,7600
2016-03-16,28.29432487487793,28.744030433071593,28.29432487487793,28.739395077290464,2800
2016-03-17,27.955888748168945,28.104244900426668,27.932708430980835,28.104244900426668,2400
2016-03-18,27.05184555053711,27.909531540151153,27.05184555053711,27.909531540151153,7800
2016-03-21,27.33001708984375,27.33001708984375,26.769045160592768,27.056485044982868,4200
2016-03-22,26.479694366455078,26.92991936562776,26.354373951100182,26.92527688510302,20600
2016-03-23,27.10629653930664,27.10629653930664,26.549317503728755,26.56324140417725,4600
2016-03-24,27.40334701538086,27.40334701538086,27.152706225283456,27.37085673932237,3800
2016-03-28,27.53795623779297,27.53795623779297,27.245541922807405,27.500823474359038,4400
2016-03-29,27.180553436279297,27.72360666383389,27.180553436279297,27.72360666383389,600
2016-03-30,27.44512176513672,27.835006866676814,27.38478191938041,27.835006866676814,4800
2016-03-31,27.407989501953125,27.407989501953125,27.38478241334742,27.407989501953125,2600
2016-04-01,27.431198120117188,27.431198120117188,27.384783940317735,27.384783940317735,4000
2016-04-04,27.384782791137695,27.844290942454222,27.384782791137695,27.844290942454222,4200
2016-04-05,26.953123092651367,27.384781657027773,26.953123092651367,27.384781657027773,1800
2016-04-06,26.772109985351562,26.920637498870736,26.721053320594166,26.920637498870736,12000
2016-04-07,27.180553436279297,27.180553436279297,26.781385198630403,26.851006453898194,3200
2016-04-08,27.384782791137695,27.505460715904597,27.199122538556043,27.199122538556043,2400
2016-04-11,27.26874542236328,27.26874542236328,27.171274587071125,27.25017904309219,1200
2016-04-12,26.66999053955078,27.26874293706732,26.66999053955078,27.26874293706732,10600
2016-04-13,26.846370697021484,26.97169110432381,26.433278486240155,26.433278486240155,8200
2016-04-14,27.018112182617188,27.018112182617188,26.864943937191732,26.864943937191732,1600
2016-04-15,27.384782791137695,27.384782791137695,27.11557560195304,27.11557560195304,8400
2016-04-18,27.34300994873047,27.500820635861015,27.34300994873047,27.384783417988185,5200
2016-04-19,27.370861053466797,27.500822178184976,27.33837077228725,27.500822178184976,1400
2016-04-20,27.496187210083008,27.5008279209688,27.370866769111842,27.370866769111842,4600
2016-04-21,26.456491470336914,27.445129278940406,26.456491470336914,27.445129278940406,13200
2016-04-22,25.987695693969727,26.456485267903954,25.528187539205568,26.456485267903954,14800
2016-04-25,25.607097625732422,25.932002256321436,25.384306334336816,25.932002256321436,23600
2016-04-26,25.504981994628906,25.667433398753847,25.47249171380392,25.6442263082485,6600
2016-04-27,24.845890045166016,25.537472685078512,24.61845807574306,25.537472685078512,24800
2016-04-28,25.597810745239258,25.639584214128583,24.827323696181935,24.827323696181935,11800
2016-04-29,25.7509708404541,26.034101843688227,25.212558394669923,25.667423928988722,10400
2016-05-02,26.20119857788086,26.22440566240274,25.53282321189346,26.219764953733186,9000
2016-05-03,25.880935668945312,26.4471977575304,25.797390515951445,26.4471977575304,5400
2016-05-04,25.52818489074707,25.639581385692342,25.254337018368293,25.639581385692342,7000
2016-05-05,25.61637306213379,25.61637306213379,25.556034989594032,25.565318178581823,3800
2016-05-06,25.658153533935547,25.658153533935547,25.263627632448408,25.61638005737674,4400
2016-05-09,25.648868560791016,25.764905790884434,25.532831330697594,25.658151751669003,15800
2016-05-10,25.811323165893555,25.811323165893555,25.811323165893555,25.811323165893555,400
2016-05-11,25.500335693359375,25.676712741830265,25.486411795259944,25.676712741830265,4200
2016-05-12,25.398223876953125,25.611731908203126,25.29611057044781,25.611731908203126,3400
2016-05-13,25.672075271606445,25.672075271606445,25.388944170614767,25.402868070470923,6800
2016-05-16,26.010900497436523,26.010900497436523,25.532826005166847,25.532826005166847,9600
2016-05-17,25.72776985168457,25.862373437655844,25.551392800087296,25.551392800087296,2800
2016-05-18,25.597810745239258,25.94592239578782,25.57460188539942,25.78346922984604,3600
2016-05-19,26.256900787353516,26.256900787353516,25.5978102580737,25.5978102580737,2400
2016-05-20,26.642141342163086,26.911346720546252,26.270820892467903,26.516820955979032,9200
2016-05-24,27.273387908935547,27.384784421232958,26.80923902044007,26.80923902044007,4200
2016-05-25,27.06451988220215,27.06451988220215,27.06451988220215,27.06451988220215,600
2016-05-26,27.018112182617188,27.045961759325394,26.94384841531651,27.045961759325394,2200
2016-05-27,27.129501342773438,27.18519871045873,27.00882164710334,27.00882164710334,1400
2016-05-30,27.38014030456543,27.835005946222722,27.324441170053476,27.835005946222722,9000
2016-05-31,27.189838409423828,27.5008172653271,27.17127203189871,27.5008172653271,2000
2016-06-01,27.036672592163086,27.15270981358868,27.036672592163086,27.15270981358868,1600
2016-06-02,27.333728790283203,27.5101058703228,27.25946503614878,27.25946503614878,2600
2016-06-03,27.43583869934082,27.45904578763246,27.36157495445517,27.36621566387856,2600
2016-06-06,27.152706146240234,27.83036300289777,27.152706146240234,27.83036300289777,6800
2016-06-07,26.962417602539062,26.962417602539062,26.818530763804723,26.818530763804723,800
2016-06-08,26.085166931152344,26.953124825050768,26.085166931152344,26.953124825050768,5400
2016-06-09,26.284748077392578,26.405425991098163,26.08980465299158,26.405425991098163,4600
2016-06-10,25.82988166809082,25.99233304136448,25.5281842370544,25.99233304136448,4000
2016-06-13,25.65351104736328,25.77418898762936,25.65351104736328,25.77418898762936,3200
2016-06-14,25.333248138427734,25.713850099686695,25.333248138427734,25.713850099686695,5200
2016-06-15,25.286828994750977,25.333244941844974,25.012981103952065,25.333244941844974,6800
2016-06-16,25.064037322998047,25.296111742655434,25.064037322998047,25.296111742655434,1600
2016-06-17,24.878387451171875,25.286839095822316,24.71593599791843,25.286839095822316,3400
2016-06-20,24.961923599243164,25.296111324614998,24.906226235210283,24.906226235210283,2600
2016-06-21,24.688077926635742,25.045472771449088,24.688077926635742,25.040832061775834,5200
2016-06-22,24.56739616394043,25.050111341633762,24.56739616394043,25.050111341633762,3400
2016-06-23,24.985132217407227,25.365734114054334,24.985132217407227,25.05475347913306,4800
2016-06-24,24.715930938720703,24.97585498130943,23.704086112634045,23.704086112634045,13800
2016-06-27,24.813396453857422,24.822679643087643,23.94079791326425,24.451360926815305,6400
2016-06-28,25.26826286315918,25.26826286315918,24.9480007927199,24.9480007927199,5600
2016-06-29,25.89487075805664,25.96913452041647,25.648870606637153,25.96913452041647,4000
2016-06-30,26.1455078125,26.154789232179066,25.853093516159444,25.992337828982922,3800
2016-07-04,26.020185470581055,26.024826180076513,25.853091599346637,25.853091599346637,1200
2016-07-05,25.862375259399414,25.90878943754782,25.737054853693838,25.90878943754782,2400
2016-07-06,25.486412048339844,25.53282622285701,25.27290401262125,25.53282622285701,4000
2016-07-07,25.29611587524414,25.30075658533702,25.29611587524414,25.30075658533702,3400
2016-07-08,25.38893699645996,25.41214407985842,25.31003078820084,25.41214407985842,3600
2016-07-11,26.456491470336914,26.456491470336914,25.639590056627256,25.639590056627256,11200
2016-07-12,27.171274185180664,27.171274185180664,26.730332422244818,26.730332422244818,8000
2016-07-13,27.811798095703125,27.8164405757076,27.38014129641594,27.384782005833074,14600
2016-07-14,27.533308029174805,27.94640019820774,27.533308029174805,27.94640019820774,3400
2016-07-15,27.175914764404297,27.84429024037561,27.175914764404297,27.84429024037561,12000
2016-07-18,27.361572265625,27.361572265625,27.106290778328876,27.254818253504336,1800
2016-07-19,27.55585479736328,27.55585479736328,27.23981517209353,27.407130476405015,2600
2016-07-20,27.816116333007812,27.97413611644548,27.685983019447416,27.88583162123427,8800
2016-07-21,27.699920654296875,27.932302544930014,27.42106309471036,27.932302544930014,3800
2016-07-22,28.039203643798828,28.085679319165163,27.067847136002115,27.699924476477776,9000
2016-07-25,27.960189819335938,28.04849430207647,27.960189819335938,28.04849430207647,3000
2016-07-26,27.885831832885742,27.89047869143384,27.885831832885742,27.89047869143384,1000
2016-07-27,27.792877197265625,27.881183461288316,27.597677236036542,27.597677236036542,7400
2016-07-28,27.876537322998047,27.876537322998047,27.76499498458739,27.788232824011818,1800
2016-07-29,27.85794448852539,27.88583095773915,27.853297630123123,27.88118409933688,6600
2016-08-02,26.974889755249023,27.723159711917795,26.970241124685998,27.723159711917795,4800
2016-08-03,27.072494506835938,27.072494506835938,26.974894522959087,26.974894522959087,800
2016-08-04,27.02136993408203,27.458249087415854,27.02136993408203,27.458249087415854,2200
2016-08-05,27.21656608581543,27.21656608581543,27.123612980383335,27.123612980383335,3800
2016-08-08,27.383886337280273,27.42571515644856,27.383886337280273,27.402477317562504,1200
2016-08-09,27.383886337280273,27.383886337280273,27.383886337280273,27.383886337280273,0
2016-08-10,27.68133544921875,27.862593066427106,27.332762562915494,27.50937154879711,5600
2016-08-11,27.909067153930664,27.95554459988633,27.57443840771626,27.644151917249843,7000
2016-08-12,28.094966888427734,28.155386667717412,27.80216525195161,27.80216525195161,2200
2016-08-15,28.06243896484375,28.094972289269272,27.885828223010055,28.094972289269272,8600
2016-08-16,28.954788208007812,28.954788208007812,28.345948684306418,28.345948684306418,14800
2016-08-17,29.08026885986328,29.08026885986328,28.685220365721133,29.08026885986328,7000
2016-08-18,29.108156204223633,29.14533638491096,28.93154547039273,29.14533638491096,21400
2016-08-19,28.954788208007812,29.033798986364033,28.9083125310454,29.019854864928565,4800
2016-08-22,31.1995906829834,31.43662119912911,29.526441815898885,29.526441815898885,32400
2016-08-23,31.1298828125,31.487749400486585,30.590755069088242,31.208891812386224,30600
2016-08-24,31.836332321166992,31.943229595711838,30.916098089512044,31.413395401453226,5200
2016-08-25,31.743371963500977,31.84097194523683,31.67365667772773,31.79914135542619,5400
2016-08-26,31.822362899780273,32.29177510856757,31.70152337610078,32.29177510856757,2400
2016-08-29,31.65042495727539,31.827037531377368,31.371567290533065,31.827037531377368,6000
2016-08-30,31.55745506286621,31.69688204147514,31.371548878855442,31.69688204147514,18000
2016-08-31,31.54351806640625,31.54351806640625,31.38084791165731,31.51098474462969,3200
2016-09-01,31.836332321166992,31.84562604049502,31.566768364373672,31.60395033342125,10200
2016-09-02,31.93857192993164,32.059411522225346,31.854914296169344,31.896741340117128,14800
2016-09-06,31.738718032836914,32.282490788514934,31.738718032836914,32.282490788514934,13200
2016-09-07,30.96540641784668,31.770365371232792,30.91887404372766,31.770365371232792,16800
2016-09-08,30.709489822387695,30.988666292606936,30.709489822387695,30.988666292606936,4000
2016-09-09,30.41169548034668,30.47218258021373,30.267455099937152,30.47218258021373,15800
2016-09-12,30.332597732543945,30.33724812898567,30.206966030198373,30.332597732543945,4600
2016-09-13,29.597431182861328,30.104601302193768,29.597431182861328,30.104601302193768,5400
2016-09-14,30.2255802154541,30.2255802154541,29.867304420678156,29.867304420678156,2000
2016-09-15,30.12786865234375,30.4442695770988,29.871954834556142,29.871954834556142,5600
2016-09-16,30.090646743774414,30.12787122042946,30.030159631651077,30.12787122042946,2000
2016-09-19,30.234882354736328,30.234882354736328,30.234882354736328,30.234882354736328,600
2016-09-20,30.113910675048828,30.486144763972014,30.113910675048828,30.244192783668005,3800
2016-09-21,30.379125595092773,30.38842993760581,30.19766074176143,30.220923373004442,1600
2016-09-22,30.52337074279785,30.52337074279785,30.4768419231285,30.4768419231285,600
2016-09-23,30.53268051147461,30.756020279569736,30.50941432525063,30.756020279569736,1800
2016-09-26,30.234882354736328,30.383776670321637,30.01153910639811,30.383776670321637,3200
2016-09-27,30.234882354736328,30.234882354736328,30.234882354736328,30.234882354736328,600
2016-09-28,29.774240493774414,30.31863679828162,29.643956631393024,30.31863679828162,7400
2016-09-29,29.616046905517578,29.62069907758993,29.443886364508188,29.62069907758993,3000
2016-09-30,29.825424194335938,30.2209244386212,29.825424194335938,30.2209244386212,1000
2016-10-03,29.92778778076172,29.92778778076172,29.778893455481143,29.80215963596153,2400
2016-10-04,29.871957778930664,30.360519279255108,29.871957778930664,30.355865332130833,6800
2016-10-05,29.871957778930664,30.020852137613677,29.783554083098633,29.783554083098633,4000
2016-10-06,29.96501922607422,30.05807686982016,29.96501922607422,30.05807686982016,1600
2016-10-07,29.895219802856445,30.048768087287964,29.77889599039397,30.048768087287964,1600
2016-10-11,30.420997619628906,30.420997619628906,29.32755465556344,29.32755465556344,4400
2016-10-12,30.50942039489746,30.518724741285126,30.30468927514569,30.30468927514569,11000
2016-10-13,31.198047637939453,31.198047637939453,30.52336740185623,30.52336740185623,4000
2016-10-14,30.97470474243164,31.15616960647652,30.97470474243164,31.15616960647652,1200
2016-10-17,31.16548728942871,31.81224760802039,30.881656812933407,31.81224760802039,2800
2016-10-18,31.616802215576172,31.616802215576172,30.9095551899615,30.9095551899615,12600
2016-10-19,31.45395851135254,31.588894561221583,31.3655548268957,31.588894561221583,2600
2016-10-20,31.370210647583008,31.44465960517832,31.370210647583008,31.402781179050535,3000
2016-10-21,31.45395851135254,31.63542337671272,31.17478206848465,31.63542337671272,4000
2016-10-24,31.556337356567383,31.812251274681653,31.449317840831622,31.449317840831622,11200
2016-10-25,31.52375030517578,31.644728053092262,31.4493013680208,31.644728053092262,2000
2016-10-26,31.467926025390625,31.644740545977147,31.319031642220036,31.523762750300385,3000
2016-10-27,31.314376831054688,31.523758307594047,31.286456697573588,31.421392767980453,4600
2016-10-28,31.314376831054688,31.314376831054688,31.314376831054688,31.314376831054688,0
2016-10-31,31.700576782226562,31.700576782226562,31.547031986260897,31.62613135841328,4400
2016-11-01,31.388811111450195,31.472564382363988,31.388811111450195,31.472564382363988,4600
2016-11-02,31.40744972229004,31.70989254071157,31.40744972229004,31.649401847073264,6000
2016-11-03,31.45395851135254,31.45395851135254,31.077070490976944,31.077070490976944,600
2016-11-04,31.058454513549805,31.402771966613624,30.984005577795116,31.402771966613624,2000
2016-11-07,31.058454513549805,31.058454513549805,31.058454513549805,31.058454513549805,0
2016-11-08,31.44000816345215,31.4772326452164,31.44000816345215,31.472578697515377,1000
2016-11-09,31.174787521362305,31.356252418463065,30.490802809249423,30.490802809249423,6200
2016-11-10,29.732372283935547,31.33298580448636,29.5462534420329,31.33298580448636,24200
2016-11-11,29.509033203125,29.871963044519084,29.509033203125,29.72307043455125,6800
2016-11-14,29.197277069091797,30.61177506145745,28.848305630018988,30.61177506145745,16400
2016-11-15,29.411314010620117,29.411314010620117,29.411314010620117,29.411314010620117,1200
2016-11-16,29.778898239135742,29.778898239135742,29.778898239135742,29.778898239135742,800
2016-11-17,29.685840606689453,29.834736739774637,29.5927811891215,29.834736739774637,4800
2016-11-18,29.271728515625,29.56951723648645,29.271728515625,29.56951723648645,7400
2016-11-21,29.429927825927734,29.6160466565503,28.764555402649034,29.602086590529144,9400
2016-11-22,29.904523849487305,30.197662125936745,29.54624807261921,29.774243523768497,16800
2016-11-23,29.783554077148438,29.87195777296281,29.532294181310768,29.867307375760994,6600
2016-11-24,29.9091796875,30.058074033396053,29.848692579765146,29.91848758094919,11800
2016-11-25,29.848695755004883,29.848695755004883,29.848695755004883,29.848695755004883,600
2016-11-28,29.499717712402344,29.78354808111959,29.499717712402344,29.78354808111959,7800
2016-11-29,30.058876037597656,30.058876037597656,29.895791858422818,29.947043839047637,3400
2016-11-30,29.355268478393555,30.268543071125308,29.355268478393555,30.268543071125308,7800
2016-12-01,28.21368408203125,29.495065291002387,28.21368408203125,29.495065291002387,13200
2016-12-02,28.656341552734375,28.870681241817195,28.31153275846216,28.31153275846216,1800
2016-12-05,28.423358917236328,29.094335930470375,28.423358917236328,29.094335930470375,4800
2016-12-06,28.40471649169922,28.428013968320535,28.199696208954673,28.428013968320535,5000
2016-12-07,28.861358642578125,29.122295046085224,28.348806960760555,28.348806960760555,4000
2016-12-08,28.595760345458984,29.117633095743095,28.58178221415118,29.117633095743095,5200
2016-12-09,28.782150268554688,28.782150268554688,28.754192222098748,28.754192222098748,1400
2016-12-12,29.36925506591797,29.36925506591797,28.69361916170603,28.69361916170603,5600
2016-12-13,29.718719482421875,29.723380045083328,29.555635338948093,29.616210211160006,8200
2016-12-14,29.2900390625,29.788612599788568,29.126953147579314,29.788612599788568,4600
2016-12-15,29.341297149658203,29.38789211371761,29.126955693526686,29.38789211371761,3400
2016-12-16,29.434490203857422,29.79327715316831,29.434490203857422,29.79327715316831,2000
2016-12-19,29.811906814575195,29.95169345670839,29.634842786548564,29.755992513218633,6600
2016-12-20,29.355268478393555,29.523013154096024,29.066375857730147,29.523013154096024,16800
2016-12-21,29.574270248413086,29.574270248413086,29.131611058890247,29.308675090196108,4400
2016-12-22,29.22946548461914,29.35527401512488,29.131614997831516,29.35527401512488,2000
2016-12-23,29.015121459960938,29.793268229732146,29.01046089796555,29.793268229732146,3400
2016-12-28,29.06171989440918,29.690762527828138,29.03842241409377,29.690762527828138,4400
2016-12-29,29.057058334350586,29.085014597065694,29.05239777224231,29.085014597065694,3400
2016-12-30,29.05240249633789,29.667465260854133,29.05240249633789,29.667465260854133,2200
2017-01-03,29.122295379638672,29.150253423097308,28.982508717313173,29.029103678927058,10200
2017-01-04,29.37858009338379,29.439154983757522,29.12230417216561,29.12230417216561,5400
2017-01-05,29.639503479003906,30.049544060735187,29.499716836255352,30.049544060735187,10000
2017-01-06,29.462444305419922,29.774636243906407,29.168891063033744,29.639508363405035,4000
2017-01-09,29.634845733642578,30.030908221987758,29.564953294367186,30.030908221987758,1800
2017-01-10,29.355268478393555,29.634841752908653,29.345949132245245,29.634841752908653,7200
2017-01-11,29.341297149658203,29.62553105187883,29.23878609574678,29.52767878337977,8800
2017-01-12,28.9918270111084,28.9918270111084,28.67031574421636,28.9638689686662,5200
2017-01-13,29.420503616333008,29.420503616333008,29.2713976253636,29.327311927606225,3800
2017-01-16,30.142749786376953,30.226622161637714,29.816579635638927,29.863172832195325,26600
2017-01-17,30.380380630493164,30.380380630493164,29.872489446736697,30.12876709769425,12800
2017-01-18,30.10546875,30.389702678787142,30.007618249839084,30.385042115455228,7000
2017-01-19,29.93305778503418,30.34310196131512,29.914419090206177,30.34310196131512,5200
2017-01-20,30.12410545349121,30.207977813070436,30.12410545349121,30.20331725004715,2000
2017-01-23,30.263893127441406,30.548127063496324,30.147403925942452,30.194002450516678,5800
2017-01-24,30.655290603637695,30.70188556094798,30.287184397441933,30.3803743120625,11200
2017-01-25,30.333782196044922,30.84633388440226,30.333782196044922,30.753143961052817,19200
2017-01-26,29.821226119995117,30.28718277812004,29.811906773534588,30.28718277812004,19600
2017-01-27,29.821226119995117,30.221949130379926,29.821226119995117,30.221949130379926,5200
2017-01-30,29.858510971069336,29.90976650067537,29.83521171035093,29.90976650067537,2600
2017-01-31,29.33197784423828,29.821232077513194,29.33197784423828,29.821232077513194,5200
2017-02-01,29.8072509765625,29.8072509765625,29.136272184022356,29.136272184022356,4400
2017-02-02,29.92374610900879,30.11012953903211,29.807256909615244,30.11012953903211,4400
2017-02-03,30.049545288085938,30.110121931645438,29.72803581888409,29.82588807254002,6800
2017-02-06,29.8072509765625,30.07750671855423,29.8072509765625,30.054207461325877,1800
2017-02-07,29.64883041381836,29.779297743444246,29.355277144676066,29.369255279283394,2200
2017-02-08,30.086824417114258,30.086824417114258,29.60222901542623,29.63484584270487,6600
2017-02-09,29.821226119995117,30.082160710955577,29.816567335506647,29.872481636786233,6200
2017-02-10,30.52016830444336,30.659956756832596,30.049550973365477,30.049550973365477,10600
2017-02-13,30.72052764892578,30.729845219430313,30.715867086189636,30.715867086189636,8200
2017-02-14,30.310487747192383,30.70655027027144,30.291849050757527,30.70655027027144,5600
2017-02-15,30.333782196044922,30.385037720377426,30.235931710037693,30.31048649269141,6400
2017-02-16,30.70189094543457,30.70189094543457,30.05421132681992,30.333784674680462,2200
2017-02-17,30.473569869995117,30.701887664939214,30.473569869995117,30.701887664939214,4000
2017-02-21,30.655290603637695,30.70654612316922,30.403673568201327,30.403673568201327,9400
2017-02-22,30.706544876098633,30.706544876098633,30.552778323748917,30.69722375203471,3600
2017-02-23,30.287189483642578,30.7065512797943,30.249912089547323,30.7065512797943,2400
2017-02-24,29.93771743774414,30.11477970077832,29.82122826483463,30.068184742608004,7600
2017-02-27,29.355268478393555,30.01226905072274,29.355268478393555,30.01226905072274,3000
2017-02-28,29.93771743774414,30.007611652483334,29.373910267458204,30.007611652483334,7400
2017-03-01,30.492202758789062,30.492202758789062,30.054202392533266,30.380370608915072,8800
2017-03-02,30.706544876098633,30.706544876098633,30.287183167402688,30.520161499459633,8000
2017-03-03,30.958166122436523,31.0746553043482,30.375720212878146,30.375720212878146,8400
2017-03-06,30.948843002319336,31.307631650263783,30.2545685182656,31.275014823629515,7600
2017-03-07,30.43163299560547,30.98146208095485,30.43163299560547,30.948845251949706,5000
2017-03-08,30.31980323791504,30.552781594916066,30.217292192039768,30.217292192039768,10000
2017-03-09,30.054208755493164,30.319803946482534,30.054208755493164,30.301165250890758,2000
2017-03-10,29.984315872192383,30.054210095034872,29.919082212197488,30.054210095034872,1600
2017-03-13,30.450271606445312,30.459592731830895,30.287187461874915,30.385037948617153,3600
2017-03-14,29.14558982849121,29.686099503409867,28.889314011306993,29.68144071872666,17800
2017-03-15,28.53984832763672,29.364591913015047,28.42335915078922,29.364591913015047,16600
2017-03-16,29.19219207763672,29.877149091905906,28.959213694822328,29.276064437648618,7800
2017-03-17,28.94057273864746,29.192189799043216,28.94057273864746,29.192189799043216,1000
2017-03-20,29.154916763305664,29.238789129301594,28.880002180871035,28.880002180871035,3000
2017-03-21,28.562297821044922,28.935599843709525,28.548299551458893,28.6836220909387,18200
2017-03-22,28.744281768798828,28.93093366575696,28.3149848978573,28.324317670709647,6000
2017-03-23,28.744281768798828,28.744281768798828,28.58562819039774,28.641624827511823,1400
2017-03-24,29.000926971435547,29.042923556930926,28.748947458463277,28.748947458463277,3600
2017-03-27,29.355566024780273,29.355566024780273,29.159583128441607,29.159583128441607,2400
2017-03-28,29.15958023071289,29.16424572680969,28.650955714035558,29.061587012237148,9800
2017-03-29,29.15958023071289,29.16424572680969,28.790943737515384,28.790943737515384,2800
2017-03-30,29.14090919494629,29.164240231122395,29.14090919494629,29.14090919494629,4000
2017-03-31,28.991596221923828,29.164248072098207,28.991596221923828,29.06625662578662,4000
2017-04-03,29.164241790771484,29.164241790771484,28.552958642021053,29.15490901979315,3200
2017-04-04,29.210905075073242,29.210905075073242,28.86093415909372,29.0755843403947,5800
2017-04-05,29.364891052246094,29.364891052246094,29.19223924433962,29.19223924433962,3200
2017-04-06,29.30890655517578,29.509556746029833,29.25757718820689,29.28090823318058,7000
2017-04-07,29.322900772094727,29.448890533587402,29.140916154397875,29.430224988171215,9800
2017-04-10,29.374221801757812,29.64953228841615,29.178237190555734,29.178237190555734,4800
2017-04-11,29.24823570251465,29.397556481924067,29.24823570251465,29.397556481924067,3200
2017-04-12,29.56554412841797,29.584209671691458,29.37889225577144,29.37889225577144,7000
2017-04-13,29.280908584594727,29.280908584594727,29.27624308756185,29.280908584594727,1200
2017-04-17,29.62620735168457,29.62620735168457,28.9402637413452,28.9402637413452,3200
2017-04-18,29.257568359375,29.780191085265205,29.257568359375,29.756860047331948,2000
2017-04-19,29.425556182861328,29.434888954519927,28.837604028678875,29.168909412360314,6000
2017-04-20,29.397558212280273,29.397558212280273,29.15957876235269,29.397558212280273,2800
2017-04-21,29.663537979125977,29.663537979125977,29.28090321104259,29.28090321104259,7600
2017-04-24,29.658864974975586,29.677528735002003,29.607535629804225,29.607535629804225,2600
2017-04-25,29.6495361328125,29.94351041766688,29.224904830200956,29.224904830200956,8200
2017-04-26,29.58420753479004,29.924843884683664,29.58420753479004,29.65886792244701,2200
2017-04-27,29.831520080566406,29.854851118221102,29.36022493173884,29.36022493173884,6800
2017-04-28,30.008838653564453,30.008838653564453,29.14091226799615,29.14091226799615,2800
2017-05-01,30.316822052001953,30.316822052001953,30.316822052001953,30.316822052001953,1600
2017-05-02,30.120834350585938,30.120834350585938,30.060170441138517,30.060170441138517,2200
2017-05-03,30.312150955200195,30.312150955200195,29.55154868459491,29.55154868459491,1000
2017-05-04,29.84085464477539,29.864185683832048,29.817523605718733,29.84552014056905,3000
2017-05-05,30.704120635986328,30.806775794852655,30.30282031284674,30.30282031284674,25600
2017-05-08,30.60611343383789,30.797432526556904,30.33080476100301,30.396132363373567,4800
2017-05-09,30.312150955200195,30.36348031408465,30.312150955200195,30.36348031408465,800
2017-05-10,30.237491607666016,30.330815770617086,30.186162250016345,30.19082596610187,3200
2017-05-11,29.6495361328125,29.990172493980367,29.6495361328125,29.990172493980367,5000
2017-05-12,29.6495361328125,29.6495361328125,29.6495361328125,29.6495361328125,800
2017-05-15,29.794193267822266,30.004177976951855,29.77552950304916,29.77552950304916,1600
2017-05-16,29.546875,29.86418207697134,29.53287673426549,29.86418207697134,2400
2017-05-17,28.91693687438965,29.696204756921247,28.91693687438965,29.696204756921247,7000
2017-05-18,28.963592529296875,28.963592529296875,28.71628032114393,28.818937244881397,2400
2017-05-19,29.024259567260742,29.024259567260742,28.90760257686182,28.916935349699063,1400
2017-05-23,29.075586318969727,29.098917358947197,29.075586318969727,29.098917358947197,1000
2017-05-24,29.08492088317871,29.392895257973723,28.977594888589277,29.392895257973723,1600
2017-05-25,29.164241790771484,29.252900444999568,28.91692958999984,29.252900444999568,2600
2017-05-26,29.164241790771484,29.16890728623862,29.164241790771484,29.164241790771484,2200
2017-05-29,29.397558212280273,29.402223708142138,29.397558212280273,29.402223708142138,1600
2017-05-30,28.97759246826172,29.168909839957127,28.97759246826172,29.159578848205925,2000
2017-05-31,29.668210983276367,29.668210983276367,29.02426380386638,29.02426380386638,2400
2017-06-01,29.91084861755371,30.20949019812769,29.85485376620715,30.20949019812769,2400
2017-06-02,30.377479553222656,30.377479553222656,29.69153766088936,29.69153766088936,2400
2017-06-05,30.470806121826172,30.470806121826172,30.438142308198394,30.438142308198394,2600
2017-06-06,30.470806121826172,30.47546983799537,30.372811120854166,30.377478397112043,2000
2017-06-07,29.962177276611328,30.47080354301327,29.929513465747966,30.47080354301327,800
2017-06-08,29.868850708007812,29.92951104897341,29.868850708007812,29.92951104897341,800
2017-06-09,29.397558212280273,29.817524041616245,29.397558212280273,29.588875583412392,1800
2017-06-12,29.397558212280273,29.397558212280273,29.378892668744406,29.378892668744406,1200
2017-06-13,29.397558212280273,29.397558212280273,29.397558212280273,29.397558212280273,0
2017-06-14,29.168909072875977,29.514214500048546,29.168909072875977,29.514214500048546,4600
2017-06-15,28.93092918395996,28.940261955366534,28.8702670598393,28.940261955366534,2200
2017-06-16,29.392898559570312,29.397564056359652,28.697622055017757,29.112920691006817,14000
2017-06-19,29.122251510620117,29.67287265713439,29.05692387968528,29.67287265713439,5400
2017-06-20,29.761524200439453,29.761524200439453,29.266899810406777,29.266899810406777,1600
2017-06-21,29.640213012695312,29.640213012695312,29.640213012695312,29.640213012695312,800
2017-06-22,29.164241790771484,29.36022464118432,29.140910753347676,29.36022464118432,3600
2017-06-23,28.991596221923828,29.16891356857019,28.84227541419824,29.16891356857019,2600
2017-06-26,29.994840621948242,29.994840621948242,29.41155575123491,29.41155575123491,3000
2017-06-27,30.330810546875,30.330810546875,29.854849921611066,29.994837921972458,5000
2017-06-28,30.480131149291992,31.15674011063583,30.382139727585585,30.382139727585585,5800
2017-06-29,29.523548126220703,29.822189704288196,29.080251255007425,29.462885999411927,12200
2017-06-30,29.164241790771484,29.444217799945267,29.01492101520626,29.444217799945267,4000
2017-07-04,29.397558212280273,30.153496705085022,29.397558212280273,30.153496705085022,1600
2017-07-05,29.206239700317383,29.257569053013928,28.87493432569586,28.982258526768575,6600
2017-07-06,28.160991668701172,28.93092837787185,28.160991668701172,28.93092837787185,7200
2017-07-07,27.9976749420166,28.34764587879181,27.717698904614128,28.34764587879181,4400
2017-07-10,27.81102180480957,28.02567198914884,27.81102180480957,28.02567198914884,2600
2017-07-11,28.54829216003418,29.094245893070205,28.417636930940567,29.094245893070205,6600
2017-07-12,29.682199478149414,30.013504842909796,29.294897486635435,29.34622683780419,3200
2017-07-13,29.444223403930664,29.864189277665595,29.164247341470308,29.8455237321564,6800
2017-07-14,29.234241485595703,29.392895058202367,29.164246581781686,29.280903568108812,3200
2017-07-17,29.1735782623291,29.234240391361045,29.01492469566082,29.234240391361045,12400
2017-07-18,29.206239700317383,29.262234548693552,29.042920650868503,29.11758104205144,2200
2017-07-19,29.20623779296875,29.43521548161283,29.20623779296875,29.407176851592958,2800
2017-07-20,28.98193359375,29.089412333035494,28.98193359375,29.04268306642693,1600
2017-07-21,28.97258949279785,29.09408666438814,28.963243282274384,29.09408666438814,1800
2017-07-24,28.78567123413086,29.164184769980135,28.45388875477333,29.164184769980135,4400
2017-07-25,28.762300491333008,28.949221112404167,28.7389358593509,28.7389358593509,6800
2017-07-26,29.20623779296875,29.20623779296875,28.570709773376585,28.570709773376585,3400
2017-07-27,29.131467819213867,29.327732867542572,29.047353717756664,29.24362054869253,4800
2017-07-28,28.5987606048584,28.785679536916685,28.509972463218265,28.603432820551433,2400
2017-07-31,28.27631187438965,28.776324331523597,28.27631187438965,28.50996178893879,3000
2017-08-01,28.38846778869629,28.393140003161907,28.38846778869629,28.38846778869629,1000
2017-08-02,28.22023582458496,28.374445620727208,28.033316966281824,28.033316966281824,9200
2017-08-03,28.061357498168945,28.27164280114526,28.061357498168945,28.24827816361624,2600
2017-08-04,28.43519401550293,28.43519401550293,27.5706900408251,27.5706900408251,1200
2017-08-08,28.0847225189209,28.0847225189209,28.05668566654654,28.05668566654654,2800
2017-08-09,28.50061798095703,28.50529019500239,28.24827563992959,28.24827563992959,1600
2017-08-10,28.13144874572754,28.13144874572754,28.13144874572754,28.13144874572754,800
2017-08-11,28.738935470581055,28.738935470581055,28.411825279435128,28.71089684301753,4200
2017-08-14,29.019317626953125,29.21091047866652,28.972588358772228,28.972588358772228,5600
2017-08-15,29.229610443115234,29.229610443115234,29.01932511681212,29.075402392231467,1200
2017-08-16,29.229610443115234,29.229610443115234,29.229610443115234,29.229610443115234,0
2017-08-17,29.20623779296875,29.210910006668417,29.20623779296875,29.210910006668417,800
2017-08-18,28.734270095825195,28.96792003330672,28.734270095825195,28.96792003330672,1800
2017-08-21,28.97258949279785,28.97258949279785,28.734267363575313,28.734267363575313,400
2017-08-22,28.97258949279785,29.03333896989669,28.65949946199497,29.03333896989669,1200
2017-08-23,28.738935470581055,29.201563021039984,28.738935470581055,29.201563021039984,1400
2017-08-24,28.738935470581055,28.738935470581055,28.738935470581055,28.738935470581055,400
2017-08-25,28.869783401489258,28.869783401489258,28.869783401489258,28.869783401489258,600
2017-08-28,28.61743927001953,28.61743927001953,28.61743927001953,28.61743927001953,1200
2017-08-29,28.304351806640625,28.598751211632145,28.042663248580663,28.042663248580663,6800
2017-08-30,28.622114181518555,28.622114181518555,28.136121937386186,28.136121937386186,1200
2017-08-31,28.430517196655273,28.439863405678366,28.430517196655273,28.439863405678366,1400
2017-09-01,28.164155960083008,28.164155960083008,28.164155960083008,28.164155960083008,1600
2017-09-05,27.991268157958984,28.495951184934597,27.921172451314213,28.26230120626251,5800
2017-09-06,28.304351806640625,28.977262949728072,28.03799103442221,28.266968745550606,4200
2017-09-07,28.33706283569336,28.98193713275974,28.33706283569336,28.98193713275974,2000
2017-09-08,28.280988693237305,28.963246083980785,28.280988693237305,28.337064179195075,1800
2017-09-11,28.411832809448242,28.972593031087587,28.276315414218946,28.37912195992498,5600
2017-09-12,28.528654098510742,28.97258929094181,28.285657974415763,28.97258929094181,7000
2017-09-13,28.78567123413086,28.78567123413086,28.561367510793055,28.561367510793055,2000
2017-09-14,28.617202758789062,28.62188181009607,28.34577136736487,28.612521922265987,2600
2017-09-15,28.556360244750977,28.556360244750977,28.523601534698088,28.523601534698088,800
2017-09-18,28.687389373779297,28.818425973119446,28.682710324081466,28.818425973119446,4200
2017-09-19,28.780986785888672,28.780986785888672,28.687389723850817,28.687389723850817,1600
2017-09-20,28.78567123413086,29.014983989868323,28.748233473423895,28.748233473423895,2600
2017-09-21,28.80438804626465,28.80438804626465,28.75290956852026,28.75290956852026,3400
2017-09-22,28.640602111816406,28.668679990606314,28.640602111816406,28.668679990606314,1400
2017-09-25,27.91522216796875,28.72951262390184,27.877782623448923,28.72951262390184,2600
2017-09-26,28.07901382446289,28.125811466750747,28.07901382446289,28.10241264560682,1600
2017-09-27,27.89182472229004,28.336409545181507,27.100932999406098,28.317689770799227,7000
2017-09-28,27.47063446044922,27.84969998952556,27.47063446044922,27.578270461620004,4400
2017-09-29,26.866931915283203,27.395753755414557,26.866931915283203,27.395753755414557,9000
2017-10-02,27.40044403076172,27.40044403076172,26.866942922679847,26.909061525171367,11200
2017-10-03,27.47999382019043,27.47999382019043,27.4097955756659,27.4097955756659,4200
2017-10-04,27.61102867126465,27.634427491061597,27.61102867126465,27.61570772113783,5600
2017-10-05,27.89182472229004,27.89182472229004,27.611035247419604,27.611035247419604,1600
2017-10-06,28.07901382446289,28.07901382446289,27.91053945588161,27.990097590029713,3400
2017-10-10,27.882461547851562,28.00413648876902,27.788864478183573,27.877780712499575,5800
2017-10-11,28.09305763244629,28.09305763244629,27.821628046713013,27.821628046713013,1400
2017-10-12,29.01498031616211,29.01498031616211,28.07901320918914,28.07901320918914,13600
2017-10-13,28.66399574279785,28.790351530094036,27.75610819378528,27.75610819378528,6600
2017-10-16,28.242809295654297,28.67335513215143,28.219410472904787,28.67335513215143,4800
2017-10-17,28.25217056274414,28.654636760484685,28.219411852250452,28.256851398652284,5400
2017-10-18,28.0602970123291,28.219411512187794,27.985419705643586,28.219411512187794,7800
2017-10-19,27.98542022705078,28.0275388244221,27.980741176327676,28.0275388244221,1400
2017-10-20,28.069656372070312,28.069656372070312,27.751427378324717,27.9854191804779,7400
2017-10-23,28.523601531982422,28.523601531982422,28.079016743172364,28.079016743172364,4200
2017-10-24,28.430007934570312,28.54700385199653,27.611036512586804,28.079020182291668,3800
2017-10-25,28.383203506469727,28.48615867528197,28.186649483799805,28.186649483799805,3800
2017-10-26,28.76226806640625,28.85586513186087,28.172609588908553,28.37852170473629,13600
2017-10-27,28.38788604736328,28.926067919322797,28.38788604736328,28.63123774167097,3000
2017-10-30,28.430007934570312,28.603161392500624,28.32237190476412,28.32237190476412,12200
2017-10-31,28.546995162963867,28.837144450005788,28.350442938417384,28.42999928114844,4800
2017-11-01,28.406606674194336,28.589120004106565,28.331729364865833,28.387886900558243,2800
2017-11-02,28.902667999267578,29.38001151272369,28.53764134171355,28.85587035068429,11600
2017-11-03,29.295764923095703,29.309805641341068,28.66398794372822,29.309805641341068,12200
2017-11-06,29.248971939086914,29.426806188336922,28.897984275817873,29.06177780459053,9600
2017-11-07,29.09453773498535,29.41276670589468,29.052420927427242,29.408087655682326,2800
2017-11-08,29.936904907226562,29.936904907226562,29.384684237343052,29.384684237343052,10800
2017-11-09,30.264497756958008,30.27385942815277,29.824593827236875,29.824593827236875,7000
2017-11-10,30.10070037841797,30.26449389913327,30.10070037841797,30.13345908256103,1800
2017-11-13,30.189620971679688,30.409573819910722,29.716956568274565,29.838631510460807,7000
2017-11-14,29.716962814331055,29.96031274985202,29.716962814331055,29.950954647514763,2400
2017-11-15,30.418933868408203,30.418933868408203,29.950950270432692,29.950950270432692,2000
2017-11-16,30.035186767578125,30.25045878922592,30.035186767578125,30.23173901728723,5400
2017-11-17,29.932235717773438,29.950955493408674,29.932235717773438,29.950955493408674,800
2017-11-20,29.950950622558594,30.105386068609732,29.656120452507366,29.899472140541548,3000
2017-11-21,30.16153907775879,30.16153907775879,29.99774554549785,30.00242638082851,11200
2017-11-22,30.067947387695312,30.418935100392147,29.918192773095264,30.04922761456635,3400
2017-11-23,29.908828735351562,30.255137349308356,29.908828735351562,30.255137349308356,1200
2017-11-24,30.180259704589844,30.208341146939006,30.13814289671308,30.13814289671308,1400
2017-11-27,30.184938430786133,30.2925762163352,30.007105970347542,30.13814079071609,8200
2017-11-28,30.325334548950195,31.308099260074382,30.325334548950195,30.479766402241392,14400
2017-11-29,30.615488052368164,30.868199639655295,30.27853926931866,30.840121764545078,8600
2017-11-30,30.858840942382812,31.003914721560665,30.55933171221661,30.933716464708535,5600
2017-12-01,30.746522903442383,31.008596162777426,30.746522903442383,30.854160708774373,10400
2017-12-04,30.87755584716797,31.069427243851365,30.793318666313258,31.069427243851365,5600
2017-12-05,30.910320281982422,31.11623065190376,30.886919672239838,30.886919672239838,2400
2017-12-06,31.046220779418945,31.046220779418945,30.736928410980113,30.882203724324256,3400
2017-12-07,31.257091522216797,31.294582146948933,31.257091522216797,31.294582146948933,14200
2017-12-08,31.228979110717773,31.571074845910328,31.228979110717773,31.257095295009176,4400
2017-12-11,31.397686004638672,31.63199709422553,31.1586876921751,31.163374915051815,6600
2017-12-12,31.660118103027344,31.674176198495182,31.39769078681691,31.39769078681691,4400
2017-12-13,31.397686004638672,31.463292823698712,31.196178324581837,31.463292823698712,3000
2017-12-14,31.444541931152344,31.67885297918672,31.196172792284365,31.491403425698646,10000
2017-12-15,31.48672866821289,31.856940657660893,31.435179937067986,31.767901290173537,2200
2017-12-18,31.402372360229492,31.71166113078424,31.402372360229492,31.599192811973733,3200
2017-12-19,31.210229873657227,31.6975972668417,31.210229873657227,31.6975972668417,1600
2017-12-20,30.8118953704834,31.210223340820885,30.8118953704834,31.210223340820885,2800
2017-12-21,30.746301651000977,30.900947829153722,30.460441833919912,30.900947829153722,5800
2017-12-22,30.71818733215332,30.924378673592003,30.544795827137772,30.816597567333908,6600
2017-12-27,30.905630111694336,30.905630111694336,30.460440488521897,30.690064346504276,3000
2017-12-28,30.929065704345703,30.999359750552685,30.647893094821484,30.999359750552685,3000
2017-12-29,30.933746337890625,31.027469329332256,30.718180597332513,30.933746337890625,2000
2018-01-02,30.71818733215332,31.0181052608857,30.71818733215332,30.807223120952674,1400
2018-01-03,30.727558135986328,30.727558135986328,30.727558135986328,30.727558135986328,2200
2018-01-04,30.999361038208008,30.999361038208008,30.676010557406745,30.676010557406745,6200
2018-01-05,30.999361038208008,31.069655087334873,30.793166114183567,30.854085716598128,6200
2018-01-08,31.383621215820312,31.383621215820312,31.01340934421896,31.01340934421896,4200
2018-01-09,31.163368225097656,31.163368225097656,31.04621270545443,31.11650673230091,2400
2018-01-10,31.121200561523438,31.191491027990583,31.121200561523438,31.18680738042843,1400
2018-01-11,30.915014266967773,31.168070742620294,30.74162272569536,31.168070742620294,5800
2018-01-12,30.493236541748047,30.502607409581525,30.390139119067292,30.502607409581525,4600
2018-01-15,30.282360076904297,30.516671116751056,30.113655842190408,30.516671116751056,9000
2018-01-16,30.43701171875,30.43701171875,30.23082037342843,30.39015021187254,3000
2018-01-17,30.35265350341797,30.48387070184678,30.35265350341797,30.48387070184678,3200
2018-01-18,30.74161148071289,30.76504401769069,29.996503998820607,30.394832100321064,6000
2018-01-19,30.980607986450195,30.999353299891588,30.741609709201136,30.741609709201136,3200
2018-01-22,31.186805725097656,31.219609132809016,30.69475103412397,30.943120203267593,5600
2018-01-23,31.257091522216797,31.397679577310935,30.938428362599144,31.27115318796842,14800
2018-01-24,31.046220779418945,31.43049084077093,31.046220779418945,31.41643274680619,3600
2018-01-25,31.514827728271484,31.58512173938006,31.16336124803054,31.16336124803054,6600
2018-01-26,31.397686004638672,31.5148415494321,31.1868074541319,31.5148415494321,3000
2018-01-29,31.163368225097656,31.30395627879061,30.985293122348935,31.027467393275188,6800
2018-01-30,30.460439682006836,31.07433355303947,30.460439682006836,31.07433355303947,6400
2018-01-31,30.22612762451172,30.376086564287867,29.99181655765504,30.315166974014264,9600
2018-02-01,29.80436897277832,30.226129636251812,29.52319638889712,30.226129636251812,5000
2018-02-02,29.195161819458008,29.66378400528447,28.600011428940196,29.66378400528447,10200
2018-02-05,29.031145095825195,29.17173139562314,28.78746134193792,28.792146777282074,7200
2018-02-06,29.28420066833496,29.317004077758792,28.468797292645508,28.623443469345062,13400
2018-02-07,29.157670974731445,29.359178643830905,28.96553596322401,29.359178643830905,6800
2018-02-08,29.0545654296875,29.555990851349048,28.899919304005323,29.157662846808954,3800
2018-02-09,29.242023468017578,29.242023468017578,28.820262809404646,29.02177048100286,3200
2018-02-12,29.007713317871094,29.01239875304954,28.670304780167882,28.721853505389397,1600
2018-02-13,28.857751846313477,28.998338128868777,28.820261217551224,28.998338128868777,5600
2018-02-14,28.726537704467773,28.871811215872604,28.726537704467773,28.820262492869222,6000
2018-02-15,29.14361000061035,29.14361000061035,28.72653658550409,28.72653658550409,6400
2018-02-16,29.53725242614746,29.72938742888002,29.434156772646872,29.434156772646872,2600
2018-02-20,29.307621002197266,30.44168541094676,29.209210808905997,30.44168541094676,9000
2018-02-21,29.21859359741211,29.40604319338686,29.054576541673075,29.293573078271642,3800
2018-02-22,29.424785614013672,29.424785614013672,29.054573681614766,29.054573681614766,2000
2018-02-23,29.410728454589844,29.410728454589844,29.28420203385614,29.3826122667165,1800
2018-02-26,29.09674835205078,29.38729357439347,29.09674835205078,29.38729357439347,4200
2018-02-27,29.616920471191406,29.616920471191406,29.05925896419472,29.05925896419472,12200
2018-02-28,29.312314987182617,29.523195311221667,29.28888423732308,29.523195311221667,1800
2018-03-01,29.195161819458008,29.827802842914792,29.195161819458008,29.523197707066885,3800
2018-03-02,29.645038604736328,29.645038604736328,29.246710462974278,29.246710462974278,4000
2018-03-05,29.28888511657715,29.56068682853179,28.820262954711914,29.56068682853179,2400
2018-03-06,29.630979537963867,29.74813508024001,29.312316319960622,29.448217178037357,4800
2018-03-07,29.720012664794922,29.80436478563921,29.52787767568326,29.61691701860303,3000
2018-03-08,29.452903747558594,29.71533281591939,28.70310896317315,28.70310896317315,2400
2018-03-09,29.968387603759766,30.146464525781003,29.527881627583636,29.527881627583636,4800
2018-03-12,30.015249252319336,30.090226934950167,30.015249252319336,30.090226934950167,1400
2018-03-13,29.17172622680664,30.45106615494688,29.17172622680664,30.45106615494688,8200
2018-03-14,29.490392684936523,29.991818253347542,29.307630328479455,29.307630328479455,1800
2018-03-15,29.930896759033203,29.940269416720206,29.780937811344472,29.827801099779492,1400
2018-03-16,29.874662399291992,30.151147754763382,29.874662399291992,29.89340771453971,3000
2018-03-19,30.221439361572266,30.451066773404055,29.89340530938831,29.898090743997432,4200
2018-03-20,28.023603439331055,28.46879482707907,27.428453110732363,28.46879482707907,28600
2018-03-21,27.42845916748047,28.051727605488047,27.42845916748047,28.051727605488047,22800
2018-03-22,27.180086135864258,27.583101492178937,27.133224633449323,27.583101492178937,10400
2018-03-23,26.68334197998047,27.231630771686657,26.411542089017424,27.194140145263365,14600
2018-03-26,26.2381534576416,26.908281449002143,26.10693804757703,26.894223357358324,16800
2018-03-27,26.18660545349121,26.43028917866676,26.10225332602077,26.411543864195203,11600
2018-03-28,26.820261001586914,26.857812104359244,26.285170320827127,26.30394587221329,6800
2018-03-29,27.22393226623535,27.22393226623535,26.839042332610727,26.9892431949747,5000
2018-04-02,27.18168067932129,27.22392477214084,26.87189126215626,27.22392477214084,3200
2018-04-03,26.735769271850586,27.23331057451326,26.735769271850586,27.181678710303423,7600
2018-04-04,26.989240646362305,27.148829271370904,26.688838950001493,26.688838950001493,2200
2018-04-05,26.45883560180664,26.918825796399496,26.144353222144783,26.918825796399496,8000
2018-04-06,26.425987243652344,26.75455227886833,26.425987243652344,26.47761912225512,4400
2018-04-09,26.3039493560791,26.519862854011592,26.299254572343187,26.35088645022604,4400
2018-04-10,25.88150978088379,26.712309285179384,25.792328580848334,26.712309285179384,10200
2018-04-11,25.62335205078125,25.933141543296955,25.599883502514317,25.881509662788428,4800
2018-04-12,25.501314163208008,25.670288782650797,25.341725530510292,25.590495361569655,2600
2018-04-13,25.8157958984375,26.00354785754938,25.53416975030506,25.797020344419234,3400
2018-04-16,25.440292358398438,26.00354641392892,25.440292358398438,26.00354641392892,5600
2018-04-17,25.524776458740234,25.552937993148028,24.858258759374166,25.44028827444686,11000
2018-04-18,25.520090103149414,25.69376131184331,25.214995372929206,25.346420684991106,6400
2018-04-19,25.247852325439453,25.463765855034698,25.03193879584421,25.463765855034698,5200
2018-04-20,25.14458656311035,25.811104446270598,24.830104071937246,25.811104446270598,7600
2018-04-23,25.72191619873047,25.72191619873047,25.23845739116261,25.23845739116261,4600
2018-04-24,25.70784568786621,25.70784568786621,25.679682349674987,25.679682349674987,1600
2018-04-25,25.515390396118164,25.674979000434107,25.34641401619127,25.35110700872919,7000
2018-04-26,26.02701187133789,26.02701187133789,25.68905912001633,25.68905912001633,4000
2018-04-27,26.989240646362305,26.989240646362305,26.022321119482513,26.027015903164283,3800
2018-04-30,26.425987243652344,27.308418592094753,26.318030493180807,27.308418592094753,10200
2018-05-01,26.21476936340332,26.416602114242146,26.167832263897555,26.416602114242146,8800
2018-05-02,25.67498207092285,26.261704687760506,25.67498207092285,26.261704687760506,8600
2018-05-03,25.698455810546875,25.740699919117148,25.590499042097445,25.740699919117148,5800
2018-05-04,26.04109764099121,26.04109764099121,25.74538892678641,25.759471487819773,2000
2018-05-07,25.8157958984375,26.03640418181365,25.8157958984375,26.03640418181365,9200
2018-05-08,25.538862228393555,25.815795377703058,25.229072755482534,25.815795377703058,5000
2018-05-09,25.36050033569336,25.792329155647845,25.351112558027445,25.792329155647845,3800
2018-05-10,25.72191619873047,25.72191619873047,25.360494893560325,25.393351213072602,2200
2018-05-11,25.58110809326172,25.815797158337514,25.459070567257914,25.815797158337514,5600
2018-05-14,25.651512145996094,25.77354965590521,25.34641568542046,25.534167628933965,7000
2018-05-15,25.534168243408203,25.768857283180207,25.534168243408203,25.717225407944724,3200
2018-05-16,25.890899658203125,25.890899658203125,25.670291346417052,25.670291346417052,4800
2018-05-17,25.430906295776367,25.698451676840364,25.430906295776367,25.698451676840364,800
2018-05-18,25.11172103881836,25.393347100609866,24.99437654798276,25.393347100609866,6000
2018-05-22,24.844181060791016,25.243151698816792,24.806629956229184,25.031933002529744,10200
2018-05-23,25.4825382232666,25.4825382232666,24.6658195175685,24.736226950839775,3800
2018-05-24,25.656208038330078,25.797021116611308,25.543556501383833,25.797021116611308,4800
2018-05-25,25.95661163330078,25.97538718924372,25.62804656644167,25.62804656644167,5000
2018-05-28,25.656208038330078,26.191298810120017,25.656208038330078,26.036404961171293,9600
2018-05-29,25.9096736907959,26.073955323611425,25.768860606877517,25.768860606877517,1000
2018-05-30,25.787635803222656,25.79702358140976,25.768862037384057,25.79702358140976,2400
2018-05-31,25.628040313720703,25.87211710982239,25.59987877721271,25.87211710982239,4600
2018-06-01,25.895587921142578,26.18190883761129,25.792325960679893,25.792325960679893,5600
2018-06-04,26.472929000854492,26.538641656919324,25.651517218972923,26.257013685952863,6200
2018-06-05,26.402517318725586,26.519861840142145,26.402517318725586,26.46822996423321,4200
2018-06-06,26.402517318725586,26.519861840142145,26.214765368244972,26.515168847121014,3800
2018-06-07,25.510700225830078,26.318031169000427,25.510700225830078,26.28517484368865,11200
2018-06-08,25.459068298339844,25.71722588880906,25.40743642213894,25.40743642213894,7200
2018-06-11,25.557636260986328,25.72191786921682,25.557636260986328,25.642124456800648,10000
2018-06-12,25.48723030090332,25.53416918490963,25.48723030090332,25.53416918490963,600
2018-06-13,25.41213035583496,25.581106760370776,25.34641770752334,25.34641770752334,1600
2018-06-14,25.829875946044922,25.829875946044922,25.68436988281263,25.740694752756248,2600
2018-06-15,26.073955535888672,26.149055967292263,25.815797914847302,25.900286123993283,4000
2018-06-18,26.468233108520508,26.48231387979192,25.57172093001847,25.57172093001847,7400
2018-06-19,26.824960708618164,27.04556721102658,26.45884455152518,26.45884455152518,9400
2018-06-20,27.040874481201172,27.153524230223777,26.961079267652636,27.05495525219513,9600
2018-06-21,27.08312225341797,27.08312225341797,26.914145816458912,27.03149036539873,11000
2018-06-22,27.613513946533203,27.613513946533203,27.336580801286512,27.336580801286512,5600
2018-06-25,27.176992416381836,27.862284005344975,27.176992416381836,27.862284005344975,6000
2018-06-26,27.482091903686523,27.69331244143169,27.453930359010933,27.453930359010933,3200
2018-06-27,27.256792068481445,27.500868948579015,27.256792068481445,27.500868948579015,1200
2018-06-28,27.585346221923828,27.585346221923828,26.914135515637035,27.40698207445044,3800
2018-06-29,27.08312225341797,27.566581222078604,26.989246256158967,27.566581222078604,11600
2018-07-03,26.28517723083496,27.181689454050943,26.28517723083496,27.181689454050943,12400
2018-07-04,26.379043579101562,26.379043579101562,26.29455539707266,26.29455539707266,1200
2018-07-05,26.28517723083496,26.501090756931134,26.28517723083496,26.501090756931134,2200
2018-07-06,26.44945526123047,26.44945526123047,26.25231731837108,26.397825174197312,2800
2018-07-09,26.810874938964844,26.989239107459664,26.477616937975107,26.989239107459664,2200
2018-07-10,28.725940704345703,29.641228377406463,28.359824560800163,28.862060786041667,29600
2018-07-11,28.622676849365234,28.946547099726878,28.3739070247629,28.946547099726878,11600
2018-07-12,29.336130142211914,29.336130142211914,28.608594472792117,28.6273700258116,9800
2018-07-13,29.800817489624023,29.800817489624023,29.265724931234388,29.415925785700995,4000
2018-07-16,29.796123504638672,29.852448378939975,29.575515210366653,29.575515210366653,6600
2018-07-17,29.429424285888672,29.55635652586622,29.405918714046944,29.546953938457495,2600
2018-07-18,29.02982521057129,29.170860439966795,28.69604141588454,29.170860439966795,6400
2018-07-19,29.011022567749023,29.020425156310935,28.865286928440398,28.898195091726887,2200
2018-07-20,28.69134521484375,29.105050195013114,28.69134521484375,29.105050195013114,2600
2018-07-23,28.371660232543945,29.14265633644496,28.371660232543945,29.14265633644496,3800
2018-07-24,28.25883674621582,28.630230968051904,28.25883674621582,28.45628574920071,1000
2018-07-25,28.28704261779785,28.30114739893103,27.66648604875604,28.258836642252696,5000
2018-07-26,28.409271240234375,28.489190552951918,28.188314892480516,28.188314892480516,800
2018-07-27,28.475088119506836,28.475088119506836,28.2635343562064,28.2635343562064,800
2018-07-30,28.113100051879883,28.258837505638066,28.113100051879883,28.258837505638066,1600
2018-07-31,28.23533058166504,28.258836158670626,28.10839831380218,28.258836158670626,1800
2018-08-01,28.202423095703125,28.465688433895153,28.04258265750342,28.465688433895153,2600
2018-08-02,28.27764129638672,28.31995205227931,28.122501260327027,28.20712277211221,4000
2018-08-03,28.301145553588867,28.34815670533922,28.25413260847803,28.2917429645667,2800
2018-08-07,28.263538360595703,28.4891951423005,28.263538360595703,28.409275816708682,4600
2018-08-08,28.423376083374023,28.569113525531478,28.263535654135712,28.277640434577087,2600
2018-08-09,28.67723846435547,28.888792221535088,28.6255251244493,28.6255251244493,3200
2018-08-10,28.296449661254883,28.677246531296777,28.296449661254883,28.677246531296777,1400
2018-08-13,28.46568489074707,28.46568489074707,28.44217931610006,28.44217931610006,800
2018-08-14,28.733654022216797,28.733654022216797,28.46098611274646,28.46098611274646,1000
2018-08-15,28.67723846435547,28.69134145038065,28.578513975458442,28.578513975458442,1600
2018-08-16,29.37771987915039,29.52345553597509,28.931106732263064,28.931106732263064,11000
2018-08-17,29.833728790283203,29.852533966495344,29.199069336686087,29.434128659256917,6400
2018-08-20,29.241382598876953,29.72560427110146,29.17086407870269,29.72560427110146,6200
2018-08-21,29.471738815307617,29.476441006295605,29.471738815307617,29.476441006295605,1200
2018-08-22,29.970064163208008,30.134604974603054,29.467037347388484,29.467037347388484,15600
2018-08-23,29.448232650756836,29.824327221046378,29.448232650756836,29.824327221046378,2600
2018-08-24,29.250789642333984,29.429433478822613,29.250789642333984,29.429433478822613,1200
2018-08-27,29.645687103271484,29.68799785976946,28.291744688696873,28.291744688696873,8000
2018-08-28,29.43412971496582,29.692694620395574,29.189667795520844,29.692694620395574,2400
2018-08-29,29.62217903137207,29.75851388723378,29.293097370134223,29.424730034629363,6200
2018-08-30,29.852540969848633,29.99827842964201,29.852540969848633,29.885449139259922,3200
2018-08-31,29.59396743774414,29.852532319635873,29.565759674982054,29.852532319635873,2400
2018-09-04,29.68798828125,29.739699817298366,29.481134963616476,29.481134963616476,7600
2018-09-05,29.70680046081543,29.899549059023,29.382419198474075,29.382419198474075,3600
2018-09-06,31.16887092590332,31.497952577849166,30.797476726295294,30.797476726295294,21200
2018-09-07,31.192373275756836,31.27229258945517,30.910302788943344,31.12655694839105,8800
2018-09-10,31.145360946655273,31.4979499385042,31.079544621781128,31.30050096388177,4600
2018-09-11,31.380414962768555,31.50734540019145,31.215874178435136,31.215874178435136,6200
2018-09-12,31.16887092590332,31.38042290405122,31.14536355645533,31.38042290405122,5800
2018-09-13,31.121784210205078,31.121784210205078,31.074702046743838,31.074702046743838,1000
2018-09-14,30.853410720825195,30.876953597704752,30.749827809977027,30.876953597704752,6000
2018-09-17,31.145328521728516,31.263035731869486,30.914623395651127,30.914623395651127,41800
2018-09-18,31.427820205688477,31.427820205688477,31.060574342072016,31.060574342072016,8600
2018-09-19,31.065282821655273,31.437234376858488,30.62270264266741,30.62270264266741,18800
2018-09-20,31.027620315551758,31.102951059711472,31.004077437423735,31.032329609605135,4600
2018-09-21,30.88166046142578,31.07941129509473,30.88166046142578,31.07941129509473,2000
2018-09-24,30.721586227416992,30.895794216436165,30.46733818620232,30.895794216436165,9400
2018-09-25,30.698041915893555,30.938165653439533,30.698041915893555,30.839292018482794,4800
2018-09-26,30.787494659423828,30.933450436587368,30.679206048024636,30.679206048024636,26000
2018-09-27,30.735708236694336,30.999371255935344,30.64624960139218,30.712168948341663,5200
2018-09-28,30.542667388916016,30.69803817224943,30.33550155495295,30.69803817224943,7200
2018-10-01,29.90704917907715,30.730997881845923,29.81759234293117,30.53325062423811,11400
2018-10-02,30.246044158935547,30.30725420808223,29.81759177560394,29.95884007064627,7400
2018-10-03,29.88821029663086,30.50028734236041,29.85525242620406,30.311955114719364,5200
2018-10-04,29.591590881347656,29.666923421373838,29.210220683245485,29.666923421373838,9000
2018-10-05,29.30909538269043,29.6716338061653,29.23376283989497,29.6716338061653,7200
2018-10-09,29.379718780517578,29.4173841517693,29.309093739825183,29.309093739825183,1600
2018-10-10,28.786474227905273,29.426801720719233,28.68760060518032,29.32792809799428,8200
2018-10-11,29.04072380065918,29.233763558572544,28.084941803681968,28.08964930194201,12600
2018-10-12,29.153722763061523,29.346764323953746,28.866518661111463,29.003057668374094,6600
2018-10-15,29.21021842956543,29.22905201213625,29.064260858745513,29.1395933929595,2600
2018-10-16,29.25730323791504,29.285553614328126,29.25730323791504,29.285553614328126,1000
2018-10-17,29.18667984008789,29.761089788961947,29.09722121327702,29.761089788961947,13400
2018-10-18,28.77235221862793,29.262014669133283,28.6499357079668,29.238471789034893,5800
2018-10-19,28.97010040283203,29.040725453238373,28.819435304963502,28.85239318286789,5600
2018-10-22,29.07368278503418,29.111349956828608,28.84297584796733,28.84297584796733,4000
2018-10-23,29.017181396484375,29.120762518116557,28.6311018982303,28.65464298059809,2200
2018-10-24,28.602855682373047,29.017185617379372,28.56989780305013,29.017185617379372,4400
2018-10-25,29.017181396484375,29.073680353380972,28.50868539620664,28.50868539620664,2400
2018-10-26,28.527523040771484,28.988935145915672,28.339190762885412,28.988935145915672,6200
2018-10-29,28.579313278198242,28.758228754890393,28.48985464181735,28.527521814202913,5000
2018-10-30,29.35617446899414,29.35617446899414,28.54164087418982,28.54164087418982,5400
2018-10-31,29.676342010498047,29.83642389225645,29.502135837901104,29.502135837901104,5200
2018-11-01,29.775218963623047,29.94471585059829,29.662219242903255,29.662219242903255,800
2018-11-02,30.222503662109375,30.340210869278035,29.770506621568945,29.770506621568945,4800
2018-11-05,30.519128799438477,30.726294662514174,30.180131420638023,30.208383596964325,15800
2018-11-06,30.57091522216797,30.59445809986631,30.36845868723419,30.55208163843706,6600
2018-11-07,31.197118759155273,31.197118759155273,30.570915563628674,30.74041422696127,7400
2018-11-08,31.192411422729492,31.192411422729496,31.022912748759385,31.022912748759385,2000
2018-11-09,31.45136070251465,31.45136070251465,31.06057199323836,31.121778435166465,5800
2018-11-12,31.310108184814453,31.310108184814453,31.22535887611741,31.263026033791178,2200
2018-11-13,31.432537078857422,31.437242781323764,31.098249004643442,31.164164760565114,4400
2018-11-14,31.592607498168945,31.68677540074425,31.4560667335384,31.4560667335384,6200
2018-11-15,31.004077911376953,31.343075245625016,30.782787785290637,31.343075245625016,3200
2018-11-16,30.966411590576172,31.192411016976187,30.660375714686865,30.660375714686865,2200
2018-11-19,30.745126724243164,31.074705497206335,30.698040963414815,31.074705497206335,1600
2018-11-20,30.307254791259766,30.580332798050765,30.2837119115751,30.580332798050765,11400
2018-11-21,30.74983024597168,30.74983024597168,30.133045617963457,30.133045617963457,2200
2018-11-22,30.75453758239746,31.07470131539312,30.730994705151517,30.95228481956394,2200
2018-11-23,31.004077911376953,31.427824579187035,30.495581910004855,30.495581910004855,3400
2018-11-26,31.310108184814453,31.310108184814453,31.004068814956362,31.074693837560208,11200
2018-11-27,30.94757652282715,31.5361124832388,30.815741450298656,31.5361124832388,10400
2018-11-28,32.51072692871094,32.51543262991542,31.88923311657823,31.92219098570124,23400
2018-11-29,32.92977523803711,32.95802382325811,32.53427708424546,32.553110671772636,17000
2018-11-30,32.91093444824219,33.07572381286787,32.65197716658844,33.0333509443093,17200
2018-12-03,32.7414436340332,33.33468908095611,32.49661058324107,33.15106608893181,6200
2018-12-04,32.506019592285156,33.1934291840471,32.43539455644458,32.95330549904456,3000
2018-12-05,32.48244857788086,32.68048267639212,32.39286018207115,32.58146562713649,5200
2018-12-06,32.50602340698242,32.55788999079795,31.864767095580753,32.23726183509712,5600
2018-12-07,31.511140823364258,32.421158925103555,31.511140823364258,32.289136170007744,3400
2018-12-10,31.577152252197266,31.671453192461637,31.506424748323848,31.51114087454215,2200
2018-12-11,32.46359634399414,32.770079824412,32.39286883353608,32.68992365798982,6400
2018-12-12,32.06279754638672,32.741775586756006,32.058081421842765,32.65218720716589,2400
2018-12-13,32.03922653198242,32.15710448625366,32.03922653198242,32.15710448625366,1000
2018-12-14,31.638446807861328,31.907208438789656,31.539429743556173,31.907208438789656,1400
2018-12-17,31.331954956054688,31.47812604758623,31.331954956054688,31.435688118641835,3200
2018-12-18,31.591299057006836,32.03923394797942,31.39797744052676,31.39797744052676,3200
2018-12-19,31.143352508544922,32.180676919009215,31.07262502661573,31.58657110709282,5200
2018-12-20,30.950044631958008,31.190516737770004,30.70957252614601,31.086783531445192,3800
2018-12-21,30.950044631958008,31.374406113581898,30.836882769308556,31.162223574094575,3600
2018-12-24,31.011341094970703,31.091500864919475,30.86517353348623,30.86517353348623,2800
2018-12-27,31.921350479125977,31.921350479125977,30.99247516591333,30.997187694273116,1600
2018-12-28,32.02979278564453,32.157099373181495,32.015648008956994,32.14767072117284,2200
2018-12-31,32.03922653198242,32.40229264565365,31.54414128245303,32.40229264565365,3200
2019-01-02,32.06279754638672,32.06279754638672,31.397964282300297,31.478124010151507,1800
2019-01-03,31.105634689331055,32.020368752119815,30.884023562997726,31.223512641861582,6400
2019-01-04,31.789335250854492,31.992085536088094,31.21409008822191,31.21409008822191,2400
2019-01-07,32.64275360107422,32.64275360107422,31.751593259670862,31.916625217520515,7200
2019-01-08,33.2274284362793,33.2274284362793,32.845505129261845,32.89736810414383,5000
2019-01-09,33.38303756713867,33.5857877892124,33.07183804599544,33.213293027851385,3000
2019-01-10,33.302879333496094,33.595217963806014,33.01054430053596,33.27930590035241,3000
2019-01-11,33.47734069824219,33.85455160983838,33.18028953357134,33.18028953357134,5400
2019-01-14,33.92055892944336,33.92055892944336,33.35945875471402,33.47733670084375,9000
2019-01-15,33.93470001220703,34.05729407009036,33.93470001220703,33.94412866403696,3800
2019-01-16,33.774383544921875,33.94884417810499,33.590494260078394,33.93469940193995,2800
2019-01-17,33.854549407958984,33.97242736049735,33.6706600897871,33.6753726177969,1400
2019-01-18,33.868690490722656,34.09030159288713,33.72251939932845,33.878119143062975,3400
2019-01-21,33.7225227355957,33.92527295578897,33.486766832922115,33.684804525153616,3000
2019-01-22,33.47734069824219,33.83097457885742,33.47734069824219,33.5857900044648,2400
2019-01-23,33.68950271606445,33.68950271606445,33.55276751637104,33.590485710761605,1800
2019-01-24,33.61408233642578,33.807400336486054,33.406615958199986,33.670665057037404,1600
2019-01-25,33.14727783203125,34.41564200741866,33.09069512635721,34.41564200741866,6600
2019-01-28,33.26043701171875,33.45375494543266,33.06711548065592,33.06711548065592,3400
2019-01-29,33.62822341918945,33.68480613357875,33.00582795030624,33.43018931485156,5800
2019-01-30,33.4301872253418,33.57163860644916,33.21800475765644,33.57163860644916,2800
2019-01-31,33.62822341918945,33.62822341918945,33.62822341918945,33.62822341918945,800
2019-02-01,33.6329345703125,33.90169612854892,33.6329345703125,33.73666773267554,1600
2019-02-04,33.996009826660156,34.085598245548326,33.63765974845804,33.63765974845804,2800
2019-02-05,34.56181335449219,34.656114267300254,34.1798863837163,34.1798863837163,1400
2019-02-06,34.56181335449219,34.56181335449219,34.26947476902842,34.26947476902842,1600
2019-02-07,34.89187240600586,34.89187240600586,34.55238334215529,34.59010514866079,1800
2019-02-08,34.87772750854492,34.986173205190276,34.65611639277034,34.986173205190276,2800
2019-02-11,34.6278190612793,34.96259192366324,34.6278190612793,34.92015400168149,3600
2019-02-12,34.660831451416016,34.684404881663845,34.12330831781449,34.514660355542375,5800
2019-02-13,34.65612030029297,34.70327076490503,34.56181937106885,34.70327076490503,4400
2019-02-14,34.79756546020508,35.2455001434905,34.56180960640247,35.2455001434905,5400
2019-02-15,35.06634521484375,35.06634521484375,34.769290382359486,34.769290382359486,1800
2019-02-19,34.56181335449219,34.627824712927676,34.453364067148605,34.46279271948972,3800
2019-02-20,34.547672271728516,35.306806651311874,34.42979430716402,35.306806651311874,1600
2019-02-21,34.29305648803711,34.53824105329488,34.29305648803711,34.53824105329488,1600
2019-02-22,34.67969512939453,34.79285695674859,34.458084002703515,34.79285695674859,5800
2019-02-25,34.53825378417969,34.84473730173477,34.18933591361828,34.56183082297279,5400
2019-02-26,35.481258392333984,35.82074742030161,34.750413757273186,34.750413757273186,8200
2019-02-27,35.52841567993164,35.52841567993164,35.35395860509179,35.448259532175506,1600
2019-02-28,35.08049011230469,35.7076018747612,35.023907382753855,35.7076018747612,3400
2019-03-01,36.04707336425781,36.54216216151484,35.363382736949845,35.363382736949845,5800
2019-03-04,35.88203811645508,36.070643507861334,35.801881994245726,36.070643507861334,3400
2019-03-05,35.99992370605469,35.99992370605469,35.735878260241286,35.90562278893544,3800
2019-03-06,36.108367919921875,36.108367919921875,35.999918642873055,35.999918642873055,2200
2019-03-07,35.929195404052734,35.97634945889149,35.61799950674295,35.88204494656329,3400
2019-03-08,35.47183609008789,36.30169430994912,35.41053725068526,36.30169430994912,3200
2019-03-11,35.44826126098633,35.74531243340201,35.44826126098633,35.5331335384408,2200
2019-03-12,35.42940139770508,35.59914595760883,35.306807305030134,35.363390024114736,1400
2019-03-13,35.26907730102539,35.35394955260885,35.26907730102539,35.316227752494235,1000
2019-03-14,35.25493621826172,35.429396881856526,35.25493621826172,35.429396881856526,400
2019-03-15,34.93901824951172,35.36337952326065,34.821140317767515,35.353950871554666,7600
2019-03-18,35.01917266845703,35.08990014351712,34.896582215524944,35.085187616568916,4000
2019-03-19,34.23175048828125,34.943734199722215,34.23175048828125,34.943734199722215,4600
2019-03-20,34.123313903808594,34.1846091493062,33.57164230493039,33.57635843069173,13600
2019-03-21,33.87340545654297,34.16102793784144,33.41132591427131,33.98185475168399,5000
2019-03-22,34.39677429199219,34.39677429199219,34.06671756764643,34.090294589677626,1600
2019-03-25,35.51898956298828,35.56142390400175,34.344922432048456,34.42036605698356,27200
2019-03-26,35.580284118652344,35.608573678778114,35.386966128876274,35.50955662098794,4400
2019-03-27,36.61697769165039,36.61697769165039,35.639328603032816,35.65822080804471,25200
2019-03-28,37.09871292114258,37.09871292114258,36.54140558991648,36.54140558991648,5600
2019-03-29,37.2923469543457,37.34429960092605,36.93340237887744,37.34429960092605,3000
2019-04-01,37.145938873291016,37.3112411196129,37.00897312539039,37.3112411196129,4000
2019-04-02,37.73157501220703,37.73157501220703,36.93339683751805,36.96173693351253,8600
2019-04-03,37.448204040527344,37.55210933131972,37.34429874973497,37.55210933131972,3200
2019-04-04,37.92522430419922,37.92522430419922,37.42931397114056,37.43403792189579,11000
2019-04-05,38.048011779785156,38.12830451580667,37.71740734905437,38.123580565848215,2200
2019-04-08,37.93939208984375,37.93939208984375,37.68907675265289,37.69379710003183,2800
2019-04-09,38.128318786621094,38.25583665668284,38.019689516826766,38.09053437944747,1400
2019-04-10,38.312503814697266,38.312503814697266,38.09052498146973,38.09052498146973,2200
2019-04-11,38.232208251953125,38.61948929310131,38.02440128571733,38.52030795853731,9600
2019-04-12,38.77063751220703,38.77063751220703,38.12359662474809,38.51087780816161,8200
2019-04-15,38.50614929199219,38.72812816409795,38.3502913260474,38.61005460262205,18400
2019-04-16,38.30305099487305,38.902866522949786,38.25109835532882,38.902866522949786,7800
2019-04-17,37.2923469543457,38.255827486401444,37.089260318618486,38.255827486401444,12600
2019-04-18,37.4434814453125,37.4434814453125,37.311239653451494,37.39152879803588,5800
2019-04-22,37.462379455566406,37.59462126793998,37.31124544095101,37.31124544095101,3000
2019-04-23,37.434043884277344,37.783540626139754,37.31124636831301,37.45293608698872,3200
2019-04-24,37.33013153076172,37.34902372991013,37.13648919197943,37.34902372991013,4400
2019-04-25,37.33013153076172,37.33013153076172,37.16482929236132,37.16482929236132,2000
2019-04-26,37.400970458984375,37.41513870527428,37.301789131637065,37.33012562421687,2000
2019-04-29,37.39152908325195,37.39152908325195,36.84366971231758,37.34902433696609,3600
2019-04-30,37.40569305419922,37.40569305419922,37.13648554855354,37.27345127645302,7000
2019-05-01,37.37263870239258,37.37263870239258,37.2876256023654,37.358470452941184,1200
2019-05-02,37.4434814453125,37.4434814453125,37.325407902105376,37.325407902105376,2800
2019-05-03,37.33484649658203,37.50014869520172,37.29706210737819,37.39624342655001,2200
2019-05-06,37.41042709350586,37.476548000211,37.11760336144086,37.11760336144086,1400
2019-05-07,37.54738998413086,37.54738998413086,37.38681168108739,37.4104242297779,2000
2019-05-08,37.74102783203125,37.74102783203125,37.42458800818031,37.51904900161285,3800
2019-05-09,38.397518157958984,38.44947080586567,37.5804476435963,37.5804476435963,8000
2019-05-10,38.18498229980469,38.46835807650996,37.90160652309942,37.90160652309942,5800
2019-05-13,38.32666015625,38.32666015625,37.745736930546705,37.745736930546705,13600
2019-05-14,38.64311599731445,38.64311599731445,37.429319899898466,37.429319899898466,8400
2019-05-15,39.497962951660156,39.52630305413423,38.78007734761596,38.78007734761596,7800
2019-05-16,39.59715270996094,39.59715270996094,39.082353648295815,39.49797133853884,3000
2019-05-17,39.95608901977539,39.989149469990515,39.672713217457314,39.672713217457314,13600
2019-05-21,39.64909362792969,39.70104627423708,39.460178844977555,39.474347093367115,3600
2019-05-22,40.239471435546875,40.239471435546875,39.649103582306346,39.649103582306346,2000
2019-05-23,40.414207458496094,40.414207458496094,40.25362918826534,40.25834953504755,1000
2019-05-24,40.036373138427734,40.20639931911505,39.84273441245063,40.20639931911505,3000
2019-05-27,40.30086898803711,40.30086898803711,39.913587849373,39.913587849373,1800
2019-05-28,40.59368896484375,40.59368896484375,40.39060229511874,40.39060229511874,600
2019-05-29,39.318477630615234,41.08013593153672,39.2334645618758,41.08013593153672,2600
2019-05-30,39.51213455200195,39.69632900197144,39.20041865001125,39.20041865001125,5200
2019-05-31,39.233482360839844,39.56408688741254,39.025671742240384,39.56408688741254,4400
2019-06-03,39.45545959472656,39.60659360108393,38.66200516052065,38.66200516052065,3000
2019-06-04,39.74356460571289,39.74356460571289,39.20514941175674,39.20514941175674,3200
2019-06-05,40.23002243041992,40.74482140864616,40.23002243041992,40.26308288220217,5600
2019-06-06,40.239471435546875,40.90068415184015,40.239471435546875,40.806226736649435,10600
2019-06-07,40.414207458496094,41.08486424002126,40.35753086724622,41.080143893239054,3000
2019-06-10,40.947906494140625,40.99985914541538,40.77315994286996,40.77315994286996,49800
2019-06-11,40.90067672729492,41.32574222513146,40.85344802827281,41.089595126702136,8600
2019-06-12,41.23128128051758,41.2879542731418,40.673974032029236,40.673974032029236,2400
2019-06-13,40.62675476074219,41.67997265231805,40.40949981161005,41.67997265231805,4200
2019-06-14,40.631473541259766,40.76371535404616,40.631473541259766,40.76371535404616,3600
2019-06-17,41.38713836669922,41.38713836669922,40.84400293355504,40.853447231847845,3200
2019-06-18,41.61383819580078,41.61383819580078,40.96679390764798,40.96679390764798,4800
2019-06-19,41.49103927612305,41.892488572502856,41.42964233541687,41.892488572502856,1600
2019-06-20,40.329200744628906,41.08959468159988,40.069437497843026,41.06597853068526,7600
2019-06-21,39.0587272644043,40.19695796837225,39.0587272644043,40.19695796837225,5600
2019-06-24,39.616031646728516,39.67270824141086,39.006771766337216,39.06344836101956,5000
2019-06-25,39.27125930786133,39.27125930786133,39.27125930786133,39.27125930786133,800
2019-06-26,38.72339630126953,39.65381635213993,38.72339630126953,39.65381635213993,5800
2019-06-27,39.43655776977539,39.43655776977539,38.728116612234516,38.728116612234516,3800
2019-06-28,38.959556579589844,39.058737952181055,38.3030677776864,38.85093090626979,9400
2019-07-02,39.12484359741211,39.162627992220074,38.48252690226778,39.01621796648698,8000
2019-07-03,40.28668975830078,40.38114714069444,39.66798201267238,39.66798201267238,9000
2019-07-04,39.93720245361328,40.145013086180406,39.83329713732972,40.145013086180406,3200
2019-07-05,39.483795166015625,39.842739773914715,39.26654026219531,39.83329187187274,4000
2019-07-08,39.36571502685547,39.46017601487526,39.10595541726711,39.46017601487526,5200
2019-07-09,39.69632339477539,40.02220389690301,39.521573268041536,39.67270724675358,3800
2019-07-10,40.51811218261719,40.5984013166265,38.73284102099879,39.54046351776339,9200
2019-07-11,40.069435119628906,40.598405880179634,39.77189109368579,40.598405880179634,4200
2019-07-12,39.63964080810547,40.168611455277805,39.63964080810547,40.14027136127293,2200
2019-07-15,39.1531867980957,39.20513944424439,38.921763667363344,39.20513944424439,2600
2019-07-16,39.24765396118164,39.24765396118164,38.491983833578935,38.73285492539334,9600
2019-07-17,38.60672378540039,39.26892883127172,38.60672378540039,39.26892883127172,3000
2019-07-18,37.69853973388672,38.32763796216793,37.58975048162506,38.32763796216793,28200
2019-07-19,37.67490005493164,37.84045130765329,37.44785575923719,37.764768672839594,5000
2019-07-22,37.66071701049805,37.7269375230993,37.54246557960333,37.64179634850522,7600
2019-07-23,38.332374572753906,38.38440547788214,38.07222004711275,38.07222004711275,3200
2019-07-24,38.81011199951172,39.15540407618702,37.85936970670335,39.15540407618702,7200
2019-07-25,38.668209075927734,38.82430179517742,38.5688783296997,38.82430179517742,5000
2019-07-26,39.425018310546875,39.425018310546875,38.78646143549234,38.78646143549234,3600
2019-07-29,39.09391784667969,39.51016152115383,39.0466180032446,39.51016152115383,3400
2019-07-30,38.93309783935547,39.05608033125867,38.7060571252618,39.05608033125867,2800
2019-07-31,38.38441848754883,38.8101243970891,38.06750549162625,38.8101243970891,15400
2019-08-01,38.360755920410156,38.81957195949758,38.280345829306285,38.280345829306285,15200
2019-08-02,38.3513069152832,38.3513069152832,38.27562426340177,38.27562426340177,2000
2019-08-06,38.455360412597656,38.455360412597656,37.85464122207152,37.85464122207152,4200
2019-08-07,38.90471267700195,38.90471267700195,38.3607554862125,38.38913827767528,3000
2019-08-08,39.212181091308594,39.477063181466505,38.93310579596552,39.08446750587687,4800
2019-08-09,39.16486358642578,39.25000473543417,38.73915784138386,39.131753340075086,3800
2019-08-12,39.00403594970703,39.5385309046516,38.84321580014252,39.16485970801739,2200
2019-08-13,39.372982025146484,39.372982025146484,38.9661969525615,38.9661969525615,2600
2019-08-14,38.748626708984375,38.99931915666777,38.620916755753136,38.99931915666777,2600
2019-08-15,38.99932098388672,39.103382821856634,38.77701132219783,38.77701132219783,3400
2019-08-16,39.443939208984375,39.443939208984375,39.089184986376594,39.26419836867853,4000
2019-08-19,39.43447494506836,39.57164699089606,39.31622355474234,39.53853313720858,4800
2019-08-20,38.635101318359375,38.84322495744534,38.54996015771027,38.814842164731175,4600
2019-08-21,38.474273681640625,39.283116431441954,38.176281453487626,39.283116431441954,1600
2019-08-22,38.02019119262695,38.44116591409991,37.84045035260086,38.44116591409991,4000
2019-08-23,37.570831298828125,38.15735717534328,37.48095908876879,38.15735717534328,5600
2019-08-26,37.91139602661133,37.92085454988096,37.778955048360515,37.778955048360515,1600
2019-08-27,38.819576263427734,38.819576263427734,38.30872925963625,38.31346032691589,2600
2019-08-28,38.824302673339844,38.824302673339844,38.63983076778002,38.63983076778002,1400
2019-08-29,39.4013671875,39.42974636817107,39.0229612710699,39.0229612710699,6200
2019-08-30,39.756126403808594,39.86491568262335,39.14121761410642,39.30676887018109,7800
2019-09-03,38.73915481567383,39.42974247758317,38.43170049000461,39.25946019286625,12600
2019-09-04,39.10337448120117,39.391908203575184,38.73916173473949,38.73916173473949,2200
2019-09-05,39.590572357177734,40.200750092531685,38.857415748339214,40.200750092531685,11400
2019-09-06,40.41832733154297,40.4608997123597,39.49596784922137,39.68043974568569,12400
2019-09-09,41.056888580322266,41.12310907732711,40.41832811688835,40.68321371365413,14000
2019-09-10,41.03323745727539,41.156219928691456,40.61226274497252,41.156219928691456,4600
2019-09-11,40.796730041503906,40.97174339996098,40.489275702050605,40.73524061711168,5400
2019-09-12,40.02698516845703,41.59017065021529,39.828035340301376,41.59017065021529,8800
2019-09-13,39.52013397216797,40.15961761551368,39.47749980182007,39.93224742027188,6400
2019-09-16,37.956947326660156,39.5059225442084,37.956947326660156,39.5059225442084,14200
2019-09-17,38.48748779296875,38.72907180518485,38.27906208721491,38.388012873581964,16400
2019-09-18,38.506446838378906,38.59644953030623,38.25539050193467,38.25539050193467,10400
2019-09-19,39.41120147705078,39.5438383687885,38.70540089816462,38.70540089816462,14200
2019-09-20,39.24539566040039,39.875407115441064,38.96118108048252,39.548558360844055,4400
2019-09-23,39.373291015625,39.40171138685551,39.17433757505904,39.32591891159531,1800
2019-09-24,39.26908493041992,40.0459398656739,39.26908493041992,39.41119042502409,10200
2019-09-25,38.86643600463867,39.22170505910892,38.82853977147242,39.22170505910892,5800
2019-09-26,38.89012908935547,39.21697786544549,38.72433754133324,39.1032927487995,4000
2019-09-27,38.36906814575195,39.35908310763958,38.09906373669308,39.35908310763958,7200
2019-09-30,38.60590744018555,39.0322310672298,38.60590744018555,38.8427534981008,14100
2019-10-01,38.32169723510742,39.02275962213175,38.18906400588576,38.99433924843695,10100
2019-10-02,38.2838134765625,38.35013011279575,38.17012833073201,38.30276160319852,3400
2019-10-03,39.07012939453125,39.1743386298437,38.7006464886655,38.71012235532023,4300
2019-10-04,38.65327835083008,39.35434431633815,38.511172875567595,39.35434431633815,8300
2019-10-07,38.43539810180664,38.61539989897915,38.17013153460802,38.61539989897915,4400
2019-10-08,38.13220977783203,38.605901824761624,37.89536375436724,38.605901824761624,5100
2019-10-09,38.93749237060547,38.93749237060547,37.895371110656114,37.895371110656114,3900
2019-10-10,38.12274169921875,39.070125896760146,37.895367901655895,39.070125896760146,3200
2019-10-11,37.516414642333984,38.16063621781107,37.17535935000855,37.17535935000855,4800
2019-10-15,37.620635986328125,37.94274684683445,37.488002740352265,37.90485060113138,7500
2019-10-16,37.677467346191406,37.98062997917491,37.374304713207906,37.667991481044865,2800
2019-10-17,37.32695770263672,37.89538706298723,37.13748004452464,37.89538706298723,3300
2019-10-18,37.165889739990234,37.49747644982342,36.881675141550865,37.49747644982342,4300
2019-10-21,37.3553581237793,37.3553581237793,36.99535112715242,37.05219547840418,2500
2019-10-22,37.27010726928711,37.516425655046945,37.04273339367521,37.35537202089343,2000
2019-10-23,37.65852737426758,37.65852737426758,37.12799084481583,37.12799084481583,2300
2019-10-24,37.20378112792969,37.345886601610395,37.06167204026475,37.14693677006687,3400
2019-10-25,37.8953742980957,37.8953742980957,37.2037841508336,37.2037841508336,4400
2019-10-28,37.27957534790039,37.97116915233024,37.27957534790039,37.37431595795196,4500
2019-10-29,37.32695770263672,37.53537987397285,36.97642277023436,37.42169472469989,8500
2019-10-30,37.37430953979492,37.39325765855134,37.09009498641686,37.36483367342465,2300
2019-10-31,37.573265075683594,37.69642605932476,37.13746912001138,37.42168371658088,3700
2019-11-01,37.677467346191406,37.99010223033779,37.54483414600908,37.54483414600908,2300
2019-11-04,37.15641784667969,38.00906165027212,37.02378460705318,38.00906165027212,7700
2019-11-05,37.34589385986328,37.34589385986328,36.512198133083444,37.18484023559385,7000
2019-11-06,38.3596076965332,38.3596076965332,37.345902753147485,37.345902753147485,4200
2019-11-07,38.14168930053711,38.710122033617495,38.08484855701801,38.53011670851582,5500
2019-11-08,37.990116119384766,38.681709968580186,37.73432549065054,38.681709968580186,2700
2019-11-11,38.21747589111328,38.21747589111328,37.44062119480376,37.44062119480376,3500
2019-11-12,38.25538635253906,38.388019601633985,38.236438229241934,38.35959922368078,2300
2019-11-13,38.46380615234375,38.78591700092528,38.2553840366626,38.2553840366626,2900
2019-11-14,38.74803161621094,38.83329637483773,38.18907455720986,38.83329637483773,6000
2019-11-15,39.27855682373047,39.27855682373047,38.766968374290514,38.84276086190446,4500
2019-11-18,39.74277114868164,39.74277114868164,39.1269699229491,39.1269699229491,6600
2019-11-19,39.9322624206543,39.9322624206543,39.553307134252904,39.553307134252904,5000
2019-11-20,39.60067367553711,39.96068081834694,39.60067367553711,39.96068081834694,4300
2019-11-21,39.5438232421875,39.55329549526677,38.94697010663072,38.94697010663072,4100
2019-11-22,39.34486770629883,39.41118431629866,39.126969757158776,39.3164473345801,2100
2019-11-25,40.83226013183594,40.936472978600484,38.87117500412684,38.87117500412684,12100
2019-11-26,41.2206916809082,41.467013636949964,40.7280549967937,41.467013636949964,11200
2019-11-27,42.24386215209961,42.24386215209961,40.83225808625178,41.675433070567735,12600
2019-11-28,41.59966278076172,42.243884677469254,41.495449883649336,42.243884677469254,9600
2019-11-29,41.37226104736328,41.68489952853938,41.25857596965536,41.68489952853938,3900
2019-12-02,41.32490921020508,41.62807194885058,41.211224086709244,41.211224086709244,10800
2019-12-03,41.400699615478516,41.448068113382575,40.595420695170525,41.21122200987753,6000
2019-12-04,40.673011779785156,41.327653210310686,40.35992538974495,41.327653210310686,4900
2019-12-05,40.87224578857422,41.07148287843327,40.31248185573044,40.89121764733973,4900
2019-12-06,41.65971374511719,41.73561566705764,41.251749962694355,41.35611329576106,5000
2019-12-09,41.080970764160156,41.593297836083316,41.014558397711134,41.57432235721181,4500
2019-12-10,41.28020477294922,41.47944547658209,41.080967688518605,41.080967688518605,1400
2019-12-11,41.080970764160156,41.47944858205679,40.71095797417205,41.47944858205679,3200
2019-12-12,41.12841033935547,41.43201078273393,40.900711816423,41.22328773991297,3100
2019-12-13,40.84376907348633,40.91967096363644,40.492731879545374,40.8153076742807,3900
2019-12-16,40.568641662597656,40.606592618442,40.18914296176129,40.59710668908209,2900
2019-12-17,40.9196891784668,41.251751047682944,40.27453730181577,41.24226511679231,3700
2019-12-18,40.103755950927734,40.91968342246041,39.97093122192519,40.91968342246041,4000
2019-12-19,40.08477783203125,40.284014912410335,39.75271603139944,40.02785140083629,4500
2019-12-20,39.36372375488281,40.36939860157702,39.36372375488281,39.98989995687797,17500
2019-12-23,40.03733444213867,40.217596016156826,39.94245707223312,39.94245707223312,3700
2019-12-24,40.24606704711914,40.24606704711914,39.96144210770407,40.04682995144884,2000
2019-12-27,40.056312561035156,40.27452509742409,39.819124549412166,40.27452509742409,3500
2019-12-30,39.487060546875,40.13221225065842,39.373211310678506,40.13221225065842,3500
2019-12-31,39.25936508178711,39.32577744292248,38.66165021236653,39.30680196556919,6900
2020-01-02,40.0278434753418,40.0278434753418,39.25935671198186,39.25935671198186,3700
2020-01-03,39.72425079345703,39.72425079345703,39.249874726979435,39.70527531649367,4000
2020-01-06,39.98991012573242,40.07529797586292,39.08859473417779,39.08859473417779,3600
2020-01-07,40.61608123779297,40.644542644423915,40.39786867548378,40.502228372864664,4900
2020-01-08,41.17584228515625,41.365589808400514,40.559151977006344,40.6730012147933,8600
2020-01-09,41.82099914550781,41.9917712136068,41.09045950965216,41.09045950965216,7300
2020-01-10,41.17584228515625,42.3807542584058,41.080964904332106,41.754578021774485,4100
2020-01-13,41.033531188964844,41.27071923051955,40.80582907662331,41.27071923051955,3700
2020-01-14,41.7356071472168,41.7356071472168,40.54017745510769,40.54017745510769,9400
2020-01-15,41.858943939208984,41.858943939208984,40.98609369645374,41.61226997210058,5200
2020-01-16,42.16254806518555,42.16254806518555,41.78304934230476,41.896898597248736,3600
2020-01-17,42.3143424987793,42.37126892807741,42.181517782952426,42.352293451644705,5400
2020-01-20,42.665401458740234,42.665401458740234,42.15307423562122,42.314360424823356,8300
2020-01-21,42.532562255859375,42.532562255859375,42.10562304811551,42.41870938765943,5700
2020-01-22,42.3143424987793,42.69384478902927,42.172031854337106,42.504093643904284,5100
2020-01-23,42.437686920166016,42.760262823944174,42.22896027089705,42.6843645273389,6500
2020-01-24,41.88740158081055,42.43767585006502,41.75457326279585,42.43767585006502,2900
2020-01-27,42.89308547973633,42.89308547973633,41.41303438520041,41.53636956361016,7600
2020-01-28,42.598968505859375,42.93103027578136,42.342805017975905,42.93103027578136,4300
2020-01-29,42.371280670166016,42.73180758389386,42.0392187885766,42.5515423174284,3600
2020-01-30,42.14356994628906,42.38075799043307,41.36559345103293,41.36559345103293,6300
2020-01-31,42.1151123046875,42.17203874328475,41.69766261258234,42.17203874328475,4300
2020-02-03,42.2479362487793,42.542050747204165,41.91587441120492,42.124601062938865,4600
2020-02-04,43.09231948852539,43.32950751816951,42.380755399593056,42.67486985926451,6200
2020-02-05,42.64640426635742,43.1682171564967,42.5989673889269,43.1682171564967,4800
2020-02-06,43.784915924072266,43.87978969735855,43.30105027038586,43.386438114024486,4500
2020-02-07,43.443363189697266,43.48131414550486,43.07335041857911,43.32002439292376,3200
2020-02-10,43.7469596862793,43.87978440052749,43.26309409100143,43.26309409100143,2200
2020-02-11,42.523067474365234,43.68054615754242,42.523067474365234,43.68054615754242,9000
2020-02-12,42.124595642089844,43.25360936375696,41.73560741704469,43.25360936375696,8200
2020-02-13,41.76406478881836,42.27639175355213,41.50790130645147,42.27639175355213,9700
2020-02-14,41.96329879760742,42.172025387156395,41.745086280897816,41.8494495756723,5400
2020-02-18,41.89689254760742,42.029717262396794,41.650218594313166,41.963304905002104,6900
2020-02-19,42.020233154296875,42.020233154296875,41.74509416505503,41.84945747954002,4000
2020-02-20,42.09612274169922,42.124587761076064,41.54584849616664,41.74508553579733,3600
2020-02-21,41.92535400390625,42.020231385445165,41.83048024156937,41.90637852759846,2500
2020-02-24,41.62174987792969,41.74508865323618,40.98608776519951,41.27071264581305,24800
2020-02-25,40.83428955078125,42.0202296263555,40.0088726523562,40.0088726523562,14600
2020-02-26,40.464271545410156,41.12839500569757,40.397859199381415,40.55914529139366,16000
2020-02-27,40.132225036621094,40.511727437119944,38.04496907228364,38.05445862285783,17500
2020-02-28,38.80397033691406,39.240395524272316,37.74136516003816,37.959577753717284,14700
2020-03-02,39.30679702758789,39.48705861099506,37.9690568054563,37.9690568054563,12400
2020-03-03,39.82862091064453,40.07529853410335,39.46809402516007,40.03734757369387,12300
2020-03-04,40.72042465209961,41.32762883130477,40.05630130159537,41.32762883130477,9800
2020-03-05,41.45096969604492,41.669182201309546,39.99938043010134,39.99938043010134,12500
2020-03-06,39.91400146484375,40.815316704174094,39.6483520289493,40.815316704174094,6400
2020-03-09,37.71289825439453,39.18346337443613,37.010820065511524,37.010820065511524,17000
2020-03-10,39.46809768676758,39.52502413266308,38.42447151310523,38.42447151310523,10200
2020-03-11,38.01649475097656,42.03920507743522,37.475706366365166,42.03920507743522,13700
2020-03-12,33.29171371459961,35.58769222357778,31.716785260737883,32.26705963610527,26600
2020-03-13,36.621829986572266,36.621829986572266,33.870451039976054,35.938730928648795,59200
2020-03-16,31.498577117919922,35.09434920741898,31.308825933874065,35.09434920741898,28300
2020-03-17,31.555500030517578,33.30120441419907,31.40369980668453,31.40369980668453,18800
2020-03-18,32.15321350097656,33.50044359168633,30.227247572001332,31.30882456894708,25500
2020-03-19,32.43783950805664,35.0943488167185,31.840128170890214,31.840128170890214,14100
2020-03-20,32.200645446777344,33.77557381127519,31.59344467287968,33.20632399054665,25300
2020-03-23,29.50619125366211,32.28603344140441,29.0033519792918,31.3088199172824,21600
2020-03-24,32.59912109375,32.63707204444771,30.701616989286805,30.701616989286805,16300
2020-03-25,32.000186920166016,33.939593067228245,32.000186920166016,32.66566984826661,19200
2020-03-26,32.8367919921875,33.21706533588385,32.31391387798629,32.31391387798629,18000
2020-03-27,31.125551223754883,32.32341745124872,30.203381977137003,32.32341745124872,22200
2020-03-30,31.35371971130371,31.581886644637155,30.460073444477676,31.572377724678475,18000
2020-03-31,31.838571548461914,32.675175134941064,31.201608125807578,32.066734844196155,16300
2020-04-01,30.564653396606445,31.372737611726723,30.04177334843376,31.372737611726723,17000
2020-04-02,32.36144256591797,32.58010052056195,30.2414054950688,31.47730182993744,13600
2020-04-03,31.37273406982422,32.37095670127328,31.049499694950295,31.8670927388426,9600
2020-04-06,33.1695442199707,33.1790531424641,31.676962528545882,32.4184989130116,22200
2020-04-07,34.89027404785156,35.546247908288876,33.51177478526737,33.89205169445935,34700
2020-04-08,34.50050735473633,35.24204367170851,33.87305271116195,35.24204367170851,17000
2020-04-09,33.89205551147461,35.413156066374235,33.654383323109684,35.1754838780093,40400
2020-04-13,34.690643310546875,34.85225870027178,33.51178735128405,34.85225870027178,15700
2020-04-14,35.26103973388672,35.30857343778003,34.23429432216332,34.70013332413171,17600
2020-04-15,36.37336349487305,36.582516258098515,34.61459010448596,34.97585297916874,15600
2020-04-16,36.78215789794922,37.07687280789237,36.11667846677259,36.37336131788877,12400
2020-04-17,38.55043029785156,38.607472931694986,36.89623380888215,37.65678412717786,16900
2020-04-20,38.502899169921875,39.215915821216726,38.21769323472198,38.3127606709252,15800
2020-04-21,37.56172180175781,38.56945347435924,37.33355846652896,37.33355846652896,28600
2020-04-22,39.054298400878906,39.054298400878906,37.419112472711895,37.419112472711895,9300
2020-04-23,37.71382141113281,39.025772916863225,37.63776819607342,38.96873391221613,11100
2020-04-24,38.702545166015625,38.702545166015625,37.599746160938714,37.599746160938714,4200
2020-04-27,38.55043029785156,39.90991557843825,38.26522438181442,39.90991557843825,8200
2020-04-28,38.379310607910156,38.99725985530583,38.17966680549264,38.99725985530583,7200
2020-04-29,37.96100997924805,38.968741569580665,37.94199576509944,38.968741569580665,9200
2020-04-30,37.40960693359375,38.06558459857902,36.601522815574356,38.06558459857902,10100
2020-05-01,38.502899169921875,39.43457382575632,36.38286342859602,36.38286342859602,139500
2020-05-04,37.9324836730957,38.96873458564003,37.55220671145765,37.56171200353315,39400
2020-05-05,38.027557373046875,38.027557373046875,37.40960811509867,37.78988513946533,23100
2020-05-06,37.85643768310547,38.27473955955741,37.65679385297551,38.046576218434865,3200
2020-05-07,38.33176803588867,38.4553585821468,37.894452104931695,37.894452104931695,9200
2020-05-08,38.721561431884766,39.03529053371222,38.30325958937211,38.39832703602797,10900
2020-05-11,39.634220123291016,39.66274325722731,38.58846375258515,38.72155962231967,10300
2020-05-12,38.98775100708008,39.63421976270086,38.84514984505781,39.63421976270086,5300
2020-05-13,38.626495361328125,39.00676878808972,38.20818987732238,38.978249278395054,7500
2020-05-14,38.597965240478516,38.597965240478516,37.54270368023447,38.01804809761272,9600
2020-05-15,38.502899169921875,38.97824360411844,38.34128380305835,38.616980818683786,12500
2020-05-19,39.501129150390625,39.501129150390625,37.476160466226524,38.52192059316253,7100
2020-05-20,40.08103561401367,40.090540905353876,39.35851379470127,39.463086505801925,7100
2020-05-21,39.662750244140625,39.92894203050148,39.14937726193803,39.92894203050148,7700
2020-05-22,40.22365188598633,40.80356911509459,39.472606724455275,39.64373103028743,9600
2020-05-25,40.38526916503906,40.794065734076376,40.2616785768999,40.71801249824591,2500
2020-05-26,40.33772659301758,40.70849464953261,40.3092070891595,40.328217674004875,4700
2020-05-27,40.29969787597656,40.40427422481283,39.548652849416094,40.40427422481283,9100
2020-05-28,41.069759368896484,41.069759368896484,40.11907051140624,40.29970008875692,12100
2020-05-29,41.088775634765625,41.34546207430745,40.4042784626541,41.0222277015426,5200
2020-06-01,40.2426643371582,41.725736753923805,40.19512698916199,41.40250237113814,3000
2020-06-02,41.01271438598633,41.01271438598633,39.68175223758387,40.96518067114874,8100
2020-06-03,42.144046783447266,42.67643032355933,41.23138255101496,41.23138255101496,7700
2020-06-04,40.73702621459961,42.3056646698484,40.73702621459961,41.45004303487795,6600
2020-06-05,41.288414001464844,41.68770154826241,40.76553589783427,41.46904356407471,6300
2020-06-08,39.662750244140625,41.354975674447964,39.634227105179754,41.354975674447964,24400
2020-06-09,39.71978759765625,39.71978759765625,38.97825129451363,39.4535958224955,6000
2020-06-10,41.25989532470703,41.59263495370065,39.69125735581719,39.900410052093164,15000
2020-06-11,40.59442138671875,41.2599044179615,39.75781404382526,39.75781404382526,9800
2020-06-12,39.74830627441406,41.373983507278425,39.54865883885925,40.75603423961884,11100
2020-06-15,39.85288619995117,39.928943070372796,39.120858768394584,39.23494044743583,8200
2020-06-16,40.537376403808594,40.870119713543936,40.40428053055068,40.68948649133058,4100
2020-06-17,40.860599517822266,40.87961372683945,40.40426938117852,40.64194155400899,9400
2020-06-18,40.8796272277832,41.145818988757405,40.214144198756955,40.86061301248637,4400
2020-06-19,41.602149963378906,42.49579996413958,41.38349192373918,41.39300084484006,12600
2020-06-22,40.74652862548828,41.35496896798111,40.62293804760989,41.35496896798111,11700
2020-06-23,39.966957092285156,41.04123280014023,39.66273697349205,41.04123280014023,8600
2020-06-24,40.74652862548828,40.76554283951499,39.57718166227416,39.57718166227416,3500
2020-06-25,41.069759368896484,41.19334993581547,39.843369872352426,40.29970008875692,6300
2020-06-26,40.40427780151367,41.04123761668007,40.16660557915183,41.04123761668007,6300
2020-06-29,40.36625289916992,41.16483178107819,40.07154163873335,40.090552226782286,6900
2020-06-30,40.7845458984375,42.08698837701314,40.480325810399236,41.61164403612967,7700
2020-07-02,41.07927322387695,41.9539090408942,40.86061517627038,41.35497392039474,14100
2020-07-03,41.43102264404297,41.48806165515457,41.079265151433724,41.079265151433724,2600
2020-07-06,41.61166000366211,42.29615727770328,41.12680655901931,42.29615727770328,11600
2020-07-07,41.4215202331543,41.716235134371175,41.30743856641487,41.40250601759926,36200
2020-07-08,41.94523239135742,41.94523239135742,41.21202356725429,41.93571180276497,5400
2020-07-09,43.1640739440918,43.65922445468854,41.945231579564435,41.945231579564435,11700
2020-07-10,43.65923309326172,43.70684694200156,42.62131439495717,43.5544920703434,6700
2020-07-13,42.9926872253418,44.04012662175322,42.9926872253418,43.697327217130706,6200
2020-07-14,43.80207061767578,43.944904909617236,43.28787152559886,43.82111543209644,6100
2020-07-15,43.74492263793945,44.325776584535156,43.40212698172349,44.08772192658123,4500
2020-07-16,43.278343200683594,43.69731814578565,42.868888844877056,43.07837813364122,4100
2020-07-17,44.268653869628906,44.51622916081176,43.525920731227394,43.67827559482295,21600
2020-07-20,44.344825744628906,44.53527021616556,44.05916085353701,44.306736123836345,6800
2020-07-21,43.468788146972656,44.182952221901495,43.468788146972656,44.13533837763185,5700
2020-07-22,43.79254913330078,44.6019337513189,43.1259951718834,44.6019337513189,4300
2020-07-23,43.85920333862305,44.049644210497284,43.52592454798955,44.030603029251296,3700
2020-07-24,43.821102142333984,43.91632255313254,43.525913056977124,43.85919175962374,3000
2020-07-27,44.154380798339844,44.33530467894613,43.792540301979535,43.87824013162827,3500
2020-07-28,44.278175354003906,44.46861984545267,43.93537599588143,43.93537599588143,4900
2020-07-29,44.801883697509766,45.001848728576476,44.201984971884,44.28768478983054,3400
2020-07-30,45.201820373535156,45.297040785345004,44.13533287265034,44.4495667699894,5900
2020-07-31,44.35434341430664,44.792363091441224,43.61161044826797,44.792363091441224,6800
2020-08-04,44.259117126464844,44.37338233372915,42.98314414266617,44.37338233372915,9900
2020-08-05,44.278175354003906,44.56384027496378,43.9734656206565,44.25913054161637,4400
2020-08-06,44.52574920654297,44.554318240411256,44.059164031669326,44.47813899333107,2500
2020-08-07,43.97346496582031,44.63049463748645,43.97346496582031,44.34482972078059,3900
2020-08-10,43.28785705566406,43.80205597585849,43.11645741559926,43.74492155169498,4700
2020-08-11,43.402130126953125,44.0972493426608,43.344995697230516,43.849670446288926,1500
2020-08-12,42.80222702026367,43.478301358016154,42.61178257278285,43.478301358016154,12200
2020-08-13,43.383079528808594,43.383079528808594,42.80222561761847,42.80222561761847,3800
2020-08-14,43.37355422973633,44.27816257879904,43.09740997843052,44.27816257879904,2600
2020-08-17,43.468788146972656,43.59257397128003,43.06885437615082,43.32595387901635,2000
2020-08-18,43.192649841308594,43.4211803429174,43.08790518122671,43.20217043203111,1700
2020-08-19,43.497344970703125,43.602089595560486,43.421165740833914,43.421165740833914,4500
2020-08-20,43.735408782958984,43.80206380685357,43.47830927689716,43.7830189953942,2900
2020-08-21,43.23072814941406,43.678268444724125,42.90697366321855,42.926018472103685,6600
2020-08-24,43.31642532348633,43.33546649878082,42.89744681849437,43.230725504958485,4600
2020-08-25,42.54512023925781,43.30689426565845,42.47846523897432,43.30689426565845,22300
2020-08-26,42.77366638183594,42.78319060391223,42.23090196113267,42.78319060391223,12000
2020-08-27,42.89745330810547,43.77349643363354,42.55465398213475,43.77349643363354,11600
2020-08-28,41.773826599121094,42.897444774080675,41.70717159149006,42.897444774080675,15900
2020-08-31,40.65974426269531,42.24994794548821,40.56452020142157,41.99284842868891,14900
2020-09-01,40.96445083618164,41.46912560853686,40.469296653006644,40.80257176070797,11200
2020-09-02,43.78301239013672,44.163901297008984,42.84983856396806,42.84983856396806,33100
2020-09-03,43.61161804199219,44.46861637032578,43.39260816529055,43.802062518558124,11000
2020-09-04,42.697486877441406,43.80206042994292,42.60226645991197,43.80206042994292,11700
2020-09-08,42.04045486450195,43.12598354467612,41.98332043780957,41.98332043780957,8400
2020-09-09,44.325782775878906,44.59240650007836,42.67844474863172,42.83079960570584,13000
2020-09-10,42.60919952392578,44.75491792755182,42.60919952392578,44.75491792755182,12000
2020-09-11,42.962066650390625,43.81081723295286,42.49477872057202,43.81081723295286,6100
2020-09-14,42.914371490478516,44.764456418425354,42.532908955404615,42.96205339788867,6000
2020-09-15,42.57106399536133,43.29584222162585,42.38033269171819,42.92391454246806,5400
2020-09-16,41.29317092895508,42.73318888306821,41.29317092895508,42.44709009522249,12100
2020-09-17,42.18959426879883,42.34217854522919,41.01659832373883,41.30269702520485,18800
2020-09-18,42.6378173828125,42.656890876061496,42.056088571357286,42.075162064606275,5200
2020-09-21,42.86669158935547,43.019275882947156,42.008402664216916,42.122839974936554,8900
2020-09-22,44.011077880859375,44.31624648378699,42.85715523577407,43.0002046099762,18900
2020-09-23,44.611873626708984,45.10777348376179,44.1636593165604,44.1636593165604,14900
2020-09-24,44.926578521728516,45.29850248639551,44.04921616081226,44.04921616081226,11400
2020-09-25,44.745384216308594,45.26989612661242,44.630946907649786,44.821678180678774,8200
2020-09-28,44.47835922241211,45.06962284957251,43.98245940554023,44.7453808015369,6400
2020-09-29,44.47835922241211,44.81213983421428,43.89663052112209,44.49743271204905,5900
2020-09-30,44.25902557373047,44.821680861981854,44.25902557373047,44.34485446983311,4000
2020-10-01,44.46882629394531,44.54511661802363,44.05875534307244,44.05875534307244,5000
2020-10-02,44.07782745361328,44.354383962372324,43.41980478481998,43.41980478481998,9900
2020-10-05,44.28763961791992,44.39254201957933,43.83942522614401,43.88710714383543,4500
2020-10-06,43.744056701660156,44.2590301313054,43.39120615374636,44.2590301313054,6800
2020-10-07,43.8775749206543,44.573744843598895,43.705920719729676,44.573744843598895,3500
2020-10-08,43.67729949951172,44.51651502030277,43.45795978208051,44.51651502030277,2900
2020-10-09,43.43888473510742,44.50697486288951,43.219545025520716,44.50697486288951,4400
2020-10-13,42.81901550292969,43.438887688366336,42.26589508975233,43.42935276029987,6100
2020-10-14,42.990665435791016,43.00973528843052,42.58059448401112,42.75225226093742,3600
2020-10-15,42.84762191772461,43.13371703897693,42.437550910034105,42.91437732475359,4200
2020-10-16,42.67595291137695,43.114632224633525,42.59012403374885,42.79992876526107,2000
2020-10-19,42.1037712097168,42.73318189178889,42.1037712097168,42.5710590293403,4600
2020-10-20,41.98933410644531,42.52338101571393,41.9607256848781,42.065628081153804,5400
2020-10-21,41.54111862182617,42.113308865182354,41.48389814233182,41.82721374350426,4500
2020-10-22,41.388526916503906,41.8462797569482,41.19779565684473,41.541111196652004,4300
2020-10-23,41.21687316894531,41.398065882461175,41.01660332591599,41.21687316894531,5600
2020-10-26,40.835411071777344,41.20733506774975,40.730508685652495,41.16918808408679,5100
2020-10-27,40.45395278930664,41.131049088295114,40.33951546411158,40.99753826925138,6300
2020-10-28,39.938987731933594,40.310911811240494,39.76732990488466,40.310911811240494,8500
2020-10-29,39.73870086669922,40.05340796115545,39.52889977495759,39.61472865181875,6600
2020-10-30,39.33818054199219,39.69103108218194,38.59433247405246,39.69103108218194,8200
2020-11-02,39.90083694458008,40.10110317778984,39.30003460705374,39.93898393316205,8100
2020-11-03,41.48389434814453,41.72230753405341,40.101097142293746,40.101097142293746,17700
2020-11-04,41.531578063964844,42.246817652797404,41.48389615228867,41.48389615228867,6100
2020-11-05,43.69636154174805,44.05875054587738,42.265882651543556,43.38165807760895,20400
2020-11-06,43.48655700683594,43.86801950113462,43.29582939758255,43.86801950113462,4300
2020-11-09,43.26722717285156,44.5355871622566,43.26722717285156,44.43068477060393,10400
2020-11-10,43.8680305480957,44.05876184327549,42.942986131106686,43.400739056800056,5000
2020-11-11,43.648681640625,44.068287491344954,43.38166006633922,43.62960815133371,27500
2020-11-12,43.019283294677734,43.515183243762735,43.019283294677734,43.486571182730906,2400
2020-11-13,43.16232681274414,43.3053761968029,42.88577024833921,42.93345216372648,4900
2020-11-16,42.9429817199707,42.962055211319125,42.609204716114554,42.92390822862228,8200
2020-11-17,43.24815368652344,43.66776325319723,42.895303163736024,43.66776325319723,2800
2020-11-18,42.42801284790039,43.095566868872375,42.418474283088464,43.04788495850246,9200
2020-11-19,41.48389434814453,42.54244947564339,41.283628145076236,42.54244947564339,9300
2020-11-20,41.827213287353516,42.72364562894123,41.53157960336867,41.617408502725766,9900
2020-11-23,41.72230529785156,42.847615766059604,41.53157403176783,42.847615766059604,15600
2020-11-24,41.95118713378906,42.09423286716764,41.35991979455507,41.741382359357864,17600
2020-11-25,41.67462921142578,43.534252949153895,41.007071505844294,43.534252949153895,23100
2020-11-26,41.76044845581055,41.960714629812344,41.48388832720084,41.731836403884586,8500
2020-11-27,41.29317092895508,41.80814438160073,41.15966010150559,41.80814438160073,5700
2020-11-30,41.19780349731445,41.71277690503139,41.02614569474214,41.02614569474214,5100
2020-12-01,41.388526916503906,41.95118213165556,41.388526916503906,41.48389072738539,9300
2020-12-02,42.45687484741211,42.45687484741211,41.472618062239405,41.71151562332307,6900
2020-12-03,42.92512512207031,42.972907565095284,42.28488121276806,42.972907565095284,6400
2020-12-04,42.42821502685547,42.92511882476199,42.28487500938639,42.81044899795956,7300
2020-12-07,42.57154846191406,42.87733707581541,42.4377663989932,42.8582248317856,68300
2020-12-08,42.67667770385742,43.18313957498977,42.58112009827022,42.58112009827022,38700
2020-12-09,42.72444152832031,42.810444801313366,42.16064310431865,42.70532928484544,5000
2020-12-10,42.21798324584961,42.9824548201732,42.1510922109268,42.71489068048195,9600
2020-12-11,42.20842361450195,42.47599138879209,41.969526029239105,42.055529305745246,5300
2020-12-14,43.001556396484375,43.097113952583946,42.31353032764875,42.52376132541232,12300
2020-12-15,43.14490509033203,43.24046266573233,42.8773373176931,42.953786294243606,6100
2020-12-16,42.79132843017578,43.28823577672745,42.79132843017578,43.24045699529288,12200
2020-12-17,43.37425231933594,43.47936785784282,42.6862259911371,42.80089947602923,6700
2020-12-18,43.01112747192383,43.54625947257421,43.01112747192383,43.479368428153975,7900
2020-12-21,42.877342224121094,43.40291623953951,42.29443146972879,43.20224312106328,6700
2020-12-22,43.01112747192383,43.832935897987845,42.69578449755538,42.83912453290647,9500
2020-12-23,42.399539947509766,43.46024574767468,42.303982377073574,43.46024574767468,8400
2020-12-24,42.762664794921875,42.91555909306987,42.44731825451736,42.91555909306987,3500
2020-12-29,42.81045150756836,43.0780193128433,42.16064970878222,42.16064970878222,7500
2020-12-30,42.18931579589844,42.90600856494345,42.18931579589844,42.90600856494345,2600
2020-12-31,41.568172454833984,42.76266016905335,41.568172454833984,42.151083042618986,8900
2021-01-04,42.08420181274414,42.514218218959876,41.759300933079814,41.92174955026795,8000
2021-01-05,41.854854583740234,42.52376852555939,41.56817822161423,42.04597337358681,11400
2021-01-06,41.281497955322266,41.99819061550047,41.13815796517167,41.99819061550047,30900
2021-01-07,41.185943603515625,41.90263638301036,40.94704601035071,41.90263638301036,41800
2021-01-08,41.06171798706055,41.56817969966784,40.75592937054809,41.56817969966784,15900
2021-01-11,40.58392333984375,40.9948274820564,40.46924987321145,40.717705405626866,13700
2021-01-12,39.5136604309082,40.73681858607525,39.5136604309082,40.73681858607525,53000
2021-01-13,35.63396453857422,38.98808501723285,35.547961262440005,38.98808501723285,484600
2021-01-14,35.33772659301758,37.69803564932073,35.261281269463865,37.69803564932073,410400
2021-01-15,36.74245834350586,37.06735928486779,35.69130652366959,36.2933296066938,222600
2021-01-18,37.55470657348633,38.99765029492021,37.182026855256865,38.83519801154746,134900
2021-01-19,36.69467544555664,38.22361873691803,36.37932884123866,38.22361873691803,125700
2021-01-20,36.933563232421875,37.153348544226475,36.69466567890113,37.01956649750084,71700
2021-01-21,36.608680725097656,37.21070023648682,36.551343971269986,37.21070023648682,51500
2021-01-22,36.91446304321289,36.93357529116915,36.59911641986745,36.809347502097744,40500
2021-01-25,37.583370208740234,38.03249519436682,36.924010534369984,37.64070329674607,115900
2021-01-26,37.86048889160156,38.17583545888275,37.26802389144384,37.60247905799548,67300
2021-01-27,37.48780822753906,38.08983115642596,37.411362896649834,38.08983115642596,73300
2021-01-28,37.79359436035156,37.927376414590185,37.60247557774457,37.927376414590185,46600
2021-01-29,37.764930725097656,37.87004624588529,37.45914210750884,37.84137605685093,33000
2021-02-01,37.92738723754883,38.204509369144155,37.66937735419683,38.08028157820684,48900
2021-02-02,38.137603759765625,38.44339232431365,37.88915191805307,38.22360702137521,73300
2021-02-03,38.615413665771484,38.9689811457164,38.27140048732189,38.30962498388043,119700
2021-02-04,39.29386901855469,39.53276657472708,38.61540083389407,38.978526139956585,90600
2021-02-05,38.18539047241211,39.50410620929014,38.1376116827669,39.50410620929014,181300
2021-02-08,38.0898323059082,38.55806954061581,37.89871350498578,38.22361437296752,83800
2021-02-09,37.44003677368164,38.175841909717214,37.18202689647785,37.98472307712679,83800
2021-02-10,37.49736404418945,37.87004366868305,37.411360773514964,37.45913955827021,49600
2021-02-11,37.612037658691406,37.76493197253617,37.20113350674211,37.535588679125034,57600
2021-02-12,38.118499755859375,38.25228182609724,37.42091921441334,37.7075955999642,76000
2021-02-16,37.74582290649414,38.223618133158624,37.564262032665425,38.12806054594105,58600
2021-02-17,37.26802062988281,37.84137333530443,37.26802062988281,37.736261467364294,50300
2021-02-18,37.1151237487793,37.79359192020558,36.94311722006738,37.172460473445724,47300
2021-02-19,36.59910583496094,37.11512544467511,36.398432757390154,37.11512544467511,76900
2021-02-22,36.427101135253906,36.56088319371383,36.111758232496626,36.40798889186139,25200
2021-02-23,36.21687698364258,36.59911094977348,36.11176145823797,36.48444112446302,23300
2021-02-24,36.3984375,37.029127001176256,35.93019661270357,36.31243422050833,29600
2021-02-25,36.87623596191406,36.92401475581067,36.36021623913879,36.388886431707405,35600
2021-02-26,36.91446304321289,37.02913288566188,36.646895217113816,37.02913288566188,83200
2021-03-01,37.076904296875,37.29668963665604,36.88578550067345,36.88578550067345,26300
2021-03-02,37.79359436035156,37.812706603141024,37.24890819935856,37.35402371205679,50800
2021-03-03,37.47826385498047,37.803164799213384,37.33492380932612,37.803164799213384,16100
2021-03-04,38.118499755859375,38.22361528112856,37.440031459488466,37.440031459488466,69200
2021-03-05,38.77785110473633,38.902075203050906,38.14715808889048,38.15671603201451,35200
2021-03-08,39.02631759643555,39.246102982057806,38.624967676172886,38.94031430247131,38000
2021-03-09,39.102760314941406,39.676116784587734,38.9689782322771,39.370328125558366,15500
2021-03-10,39.437217712402344,39.52322099741298,38.921198002338535,39.1314290646508,19500
2021-03-11,39.27476119995117,39.79078085426929,39.1983158689158,39.40854690851677,58100
2021-03-12,39.82900619506836,40.373692404524114,39.4085477521533,39.41810205175431,85400
2021-03-15,39.76211929321289,40.49792437872906,39.51366373431741,40.22080227276422,59500
2021-03-16,40.02967071533203,40.2303437715374,39.905442975415184,39.9150009182557,21800
2021-03-17,39.71434020996094,40.04879540762475,39.42766016020538,40.04879540762475,54600
2021-03-18,38.892539978027344,39.083658836072715,38.00384038661204,38.94987308373864,83300
2021-03-19,38.347843170166016,38.98808697836834,38.20450315430292,38.768301627256136,23300
2021-03-22,38.730079650878906,38.892531922420744,37.82227164244871,38.34784565924732,27000
2021-03-23,38.66318130493164,39.1600886809103,38.5867359791667,38.59629027790447,22800
2021-03-24,38.08027267456055,38.644071107405395,38.08027267456055,38.63451680816196,13500
2021-03-25,38.33693313598633,38.43270583588104,37.97300783645128,38.30820315269539,20800
2021-03-26,38.490169525146484,38.70086583193797,38.16454962072114,38.308206857779936,29000
2021-03-29,39.553218841552734,39.69687606405291,38.0879312468127,38.0879312468127,50100
2021-03-30,39.4287223815918,39.56280418198507,39.25633880208289,39.56280418198507,19800
2021-03-31,39.00733184814453,39.62026258360252,39.00733184814453,39.36168174457705,20600
2021-04-01,39.553218841552734,39.62983700111414,38.49016562444528,39.055211764468396,46100
2021-04-05,39.44788360595703,39.629849967776266,39.275496343894666,39.61069542161866,12900
2021-04-06,39.03605651855469,39.275482782821314,38.882823855558236,39.275482782821314,13300
2021-04-07,40.54924011230469,40.54924011230469,39.07437316209589,39.07437316209589,79600
2021-04-08,39.936302185058594,40.42473016371523,39.495758729273405,40.42473016371523,31800
2021-04-09,39.79265213012695,39.97461846450921,39.49576584283896,39.97461846450921,6600
2021-04-12,39.955467224121094,40.19489355474818,39.725616339242514,39.802234518654,8700
2021-04-13,39.955467224121094,40.242778090202414,39.86927359896111,40.03208175017671,14800
2021-04-14,40.00334548950195,40.175732712802166,39.57237743125142,40.03207547560022,11800
2021-04-15,40.14700698852539,40.47262695747276,40.08954700500034,40.08954700500034,32600
2021-04-16,39.878849029541016,40.30024170943216,39.754346314722646,40.214048084304956,19200
2021-04-19,40.338539123535156,40.36727276176714,39.89799563976636,39.89799563976636,18500
2021-04-20,40.48220443725586,40.48220443725586,40.079966301894096,40.33854717747897,13100
2021-04-21,40.5396614074707,40.84612676814902,40.223616949258854,40.48219778233529,12600
2021-04-22,40.09911346435547,40.39600337500307,39.96503532837113,40.39600337500307,12000
2021-04-23,40.06081008911133,40.30023638803256,39.9650373775296,40.09911552038863,7700
2021-04-26,39.85969161987305,40.06081249961866,39.50534169908747,40.06081249961866,23100
2021-04-27,39.878849029541016,40.319392600921866,39.62026815415942,39.70646177928662,25200
2021-04-28,39.936302185058594,40.44388470353479,39.869263122367585,40.11826483331206,9000
2021-04-29,40.166160583496094,40.80782506006836,39.993773330288974,39.993773330288974,62700
2021-04-30,39.993770599365234,40.376854169968446,39.93631062112373,40.11827330781463,15600
2021-05-03,40.06081008911133,40.46304451768841,39.99376736432642,40.01292190664277,11800
2021-05-04,39.773494720458984,40.0608091954394,39.47660845456701,40.0608091954394,11800
2021-05-05,40.348121643066406,40.348121643066406,39.313798259507124,39.313798259507124,32400
2021-05-06,40.11826705932617,40.328963355677196,39.69687811997923,40.22361520750169,12000
2021-05-07,40.22362518310547,40.25235517487662,39.69688796495029,39.99377428886822,12500
2021-05-10,40.894012451171875,41.18132327825607,40.1469999167265,40.15657901453069,20300
2021-05-11,40.233192443847656,40.999359499858684,40.233192443847656,40.788663194120126,13700
2021-05-12,40.4151611328125,40.87485920135363,40.22361935758149,40.22361935758149,27800
2021-05-13,40.66416549682617,40.72162912909542,39.93631108819436,40.4630482639174,8100
2021-05-14,41.6122932434082,41.6122932434082,40.72162708147703,40.72162708147703,22300
2021-05-17,41.851715087890625,41.98579322211835,41.33455343870785,41.33455343870785,30400
2021-05-18,42.043270111083984,42.21565738187079,41.70807101639573,41.74638011064975,17300
2021-05-19,42.15818405151367,42.15818405151367,41.50694421229123,41.76552505904327,17000
2021-05-20,43.05842208862305,43.05842208862305,42.13902603378213,42.13902603378213,44000
2021-05-21,42.234806060791016,42.80943148439834,42.234806060791016,42.60831423014603,10700
2021-05-25,42.388031005859375,42.713650923537514,42.14860470325355,42.14860470325355,9600
2021-05-26,42.598724365234375,42.790266124698746,41.66974920651305,41.66974920651305,21300
2021-05-27,42.90519714355469,42.95308167836815,42.435923587684606,42.656195370511185,11700
2021-05-28,42.47422409057617,43.029694859296406,42.47422409057617,43.029694859296406,16700
2021-05-31,41.82297897338867,42.790263147370695,41.82297897338867,42.790263147370695,9300
2021-06-01,42.36888122558594,42.70407659666547,41.82298588026913,41.82298588026913,10400
2021-06-02,42.924346923828125,42.924346923828125,42.40718523719033,42.42633977966086,10900
2021-06-03,42.94350814819336,43.10631630449216,42.36888639808982,42.36888639808982,13900
2021-06-04,43.12546920776367,43.22124193137132,42.80942835324808,43.01054559279035,10100
2021-06-07,43.09672546386719,43.19249450355613,42.83814467268142,43.19249450355613,12500
2021-06-08,43.32659149169922,43.38405147435276,42.94350789168112,43.230818765016714,8900
2021-06-09,43.11589050292969,43.336162270543035,42.617883337882105,43.30743228231038,15900
2021-06-10,43.202091217041016,43.57559573883692,43.048858499038694,43.22124576346083,10200
2021-06-11,43.58517074584961,43.58517074584961,43.33616895161537,43.33616895161537,1500
2021-06-14,43.60431671142578,43.60431671142578,43.192503181981536,43.54685673740918,7100
2021-06-15,43.43193435668945,43.8437479323483,43.43193435668945,43.60432160479575,7900
2021-06-16,42.95308303833008,43.269127554145875,42.80942942934139,43.269127554145875,55600
2021-06-17,43.460670471191406,43.67136316713441,42.93393325129984,42.94350869746978,19600
2021-06-18,43.068016052246094,43.403211504603995,42.866895127474926,43.403211504603995,6600
2021-06-21,41.736793518066406,42.95307588229818,41.736793518066406,42.87646136760613,22900
2021-06-22,42.42634201049805,43.19250548282772,41.89002940654508,42.11030117650513,16200
2021-06-23,42.00494384765625,42.4933718130071,41.439897725114385,42.4933718130071,87400
2021-06-24,41.909183502197266,42.196498022983036,41.72722080527472,41.947492592082824,4000
2021-06-25,42.234806060791016,42.34015423778683,41.89961063703716,41.909186083420366,6500
2021-06-28,42.52212142944336,42.52212142944336,41.98580508761044,42.12946235965595,8800
2021-06-29,42.723228454589844,43.48939186415735,42.5221112445825,42.5221112445825,19200
2021-06-30,44.16936492919922,44.772720257209194,43.278698758017306,43.278698758017306,31200
2021-07-02,45.2515754699707,45.2515754699707,43.91078658729592,43.91078658729592,27200
2021-07-05,44.82059860229492,45.27072117492611,44.68652047087842,45.27072117492611,15200
2021-07-06,44.274715423583984,44.5045663022454,44.016134555098304,44.5045663022454,8100
2021-07-07,43.821807861328125,44.339955820906354,43.74504723416248,43.95614536443272,2800
2021-07-08,44.138465881347656,44.138465881347656,43.44760176581432,43.51476870367744,4600
2021-07-09,44.954071044921875,45.0596201466035,44.14806404882689,44.29199530754255,9800
2021-07-12,45.57775115966797,45.79844298920239,44.95405415335401,45.097985357987255,24700
2021-07-13,45.558563232421875,45.70249444698802,45.12677324904629,45.67370600788109,6200
2021-07-14,45.3378791809082,45.95197896934706,45.270712245317924,45.95197896934706,13900
2021-07-15,47.49681854248047,47.76548624374066,45.54897038769823,45.54897038769823,31300
2021-07-16,47.55439758300781,48.427571379319154,47.2473476981724,47.679134082249895,19600
2021-07-19,46.6428337097168,47.4296493634397,46.2878080270181,47.4296493634397,18200
2021-07-20,47.362483978271484,47.5831758238849,46.546879859798054,46.546879859798054,14300
2021-07-21,47.28572082519531,47.727108187365204,47.28572082519531,47.37207882428041,9100
2021-07-22,47.247344970703125,47.93820534153952,46.99786466597412,47.9286116345837,5100
2021-07-23,47.66953659057617,47.928610596650536,46.99786364819704,47.30491350865783,5000
2021-07-26,48.22606658935547,48.28363981499057,47.55439725856263,47.94780514959415,13200
2021-07-27,47.94780349731445,48.20687751325972,47.65034733226843,48.20687751325972,14800
2021-07-28,47.51601791381836,47.81347410667861,47.266537581658525,47.784685661999525,4700
2021-07-29,47.93820571899414,47.95739679338003,47.64075321682082,47.95739679338003,6100
2021-07-30,48.90733337402344,48.90733337402344,47.81346778916108,47.81346778916108,11200
2021-08-03,49.857269287109375,50.41379946392671,48.907334896091065,48.907334896091065,32400
2021-08-04,49.818878173828125,49.95321567050038,49.5598078667665,49.70373540843156,9500
2021-08-05,48.90733337402344,49.88605617635372,48.88814230021425,49.88605617635372,4400
2021-08-06,49.40628433227539,49.55980924384418,48.55229812258123,48.964897008732834,11800
2021-08-09,49.166412353515625,49.49265332062745,48.98409896404748,49.49265332062745,5900
2021-08-10,49.50224685668945,49.895654757402184,48.465950731695855,48.465950731695855,8200
2021-08-11,49.41588592529297,49.42547963240616,48.801786180999294,49.42547963240616,4700
2021-08-12,49.41588592529297,49.65576886667789,48.926526335409946,49.65576886667789,6800
2021-08-13,49.252769470214844,49.684555855631714,48.936122216564215,48.936122216564215,3100
2021-08-16,49.694156646728516,49.703750354928786,49.27196027944424,49.31993980141644,15200
2021-08-17,49.89565658569336,49.96282352288667,49.521439746952424,49.694155774113405,5100
2021-08-18,49.722938537597656,50.34663568369876,49.66536531077615,49.8188902553101,7600
2021-08-19,50.20269775390625,50.23148253331779,49.12802328544154,49.818883613578826,9400
2021-08-20,50.183509826660156,50.25067675637945,49.89565103353134,50.19310719394757,6900
2021-08-23,49.991600036621094,50.50974803238085,49.71333862585199,50.50974803238085,9000
2021-08-24,49.5118408203125,50.06837103705411,49.45427125328643,49.92443979884206,4800
2021-08-25,49.65576934814453,49.73253364708716,49.0512633051027,49.40629269722748,5500
2021-08-26,49.137630462646484,49.64618488704647,48.76341358641512,49.64618488704647,6000
2021-08-27,49.30073928833008,49.71333820811736,49.22397499612644,49.25276343586426,9000
2021-08-30,50.1643180847168,50.1643180847168,49.31993279082086,49.31993279082086,9500
2021-08-31,49.3391227722168,49.91484404109656,49.11843090025937,49.91484404109656,7000
2021-09-01,48.55230712890625,49.483054136874614,48.55230712890625,48.93612130918604,11000
2021-09-02,49.53103256225586,49.53103256225586,48.1205232462951,48.1205232462951,8000
2021-09-03,48.67704391479492,49.444668561859565,48.60028328024998,49.444668561859565,8300
2021-09-07,48.43716049194336,48.8017835682175,48.360399858177914,48.67704342048527,8300
2021-09-08,48.963897705078125,48.963897705078125,48.339115170786,48.3487256302672,5200
2021-09-09,48.60825729370117,48.925457491607055,48.32950627130786,48.925457491607055,3400
2021-09-10,48.1180419921875,48.87739302352266,48.069978690585124,48.87739302352266,4700
2021-09-13,48.21416091918945,48.97351561184118,48.21416091918945,48.27183468067322,7000
2021-09-14,48.43523406982422,48.44484819594823,48.21415683626392,48.38717443934846,4900
2021-09-15,48.4929084777832,48.5890277400258,48.03152941893207,48.483294351530056,9200
2021-09-16,48.20455551147461,48.57942583362301,48.16610633312209,48.483302887741715,6400
2021-09-17,47.147216796875,48.02191528328487,46.81079571237691,47.387518619149304,17500
2021-09-20,46.4455451965332,47.09916657706233,46.33020132547381,47.089556115605525,10800
2021-09-21,47.56053924560547,47.733556861970364,46.62816694260744,46.68584070363409,7900
2021-09-22,47.20490264892578,47.858524066317834,47.089558771361226,47.78162570346429,3000
2021-09-23,46.66661071777344,47.41635485752189,46.66661071777344,47.41635485752189,5200
2021-09-24,47.39714050292969,47.58937905884112,46.41670846757664,46.89731219078605,4600
2021-09-27,47.28178405761719,47.29139818362994,46.61855236461217,47.29139818362994,4600
2021-09-28,46.849246978759766,46.95497670524759,45.89765010664951,46.95497670524759,10600
2021-09-29,47.07993698120117,47.36829846154458,46.849249263612506,46.849249263612506,2400
2021-09-30,46.858856201171875,47.26256150995882,46.51282098408884,47.09915802784455,6400
2021-10-01,46.858856201171875,46.858856201171875,46.2821332838434,46.6954527190576,6600
2021-10-04,46.01298904418945,46.705059422698476,45.76307677790263,46.14755746962963,11600
2021-10-05,46.61856460571289,46.61856460571289,45.98416779073676,46.128350385069574,4100
2021-10-06,46.13794708251953,46.61855069796245,45.96492948762292,46.234066338922275,3900
2021-10-07,46.695457458496094,46.695457458496094,46.13795540400768,46.13795540400768,3600
2021-10-08,46.14756774902344,46.59933642081681,45.513170982982835,46.59933642081681,8500
2021-10-12,45.38821792602539,46.56088854655688,44.93644924158456,46.56088854655688,14800
2021-10-13,45.945709228515625,45.945709228515625,45.17674410475638,45.272863370208185,4200
2021-10-14,46.1091194152832,46.47437558141744,45.96493684089877,46.13795446347402,7500
2021-10-15,45.93610382080078,46.3205845916089,45.80153536768217,46.3205845916089,2700
2021-10-18,47.416358947753906,47.416358947753906,45.66695824857705,45.66695824857705,8600
2021-10-19,46.580108642578125,46.580108642578125,46.0033856826535,46.42631560881722,16900
2021-10-20,46.04183578491211,47.07993786702362,46.04183578491211,47.07993786702362,7100
2021-10-21,46.67623519897461,46.77235447750869,46.13795770572361,46.13795770572361,2700
2021-10-22,46.76274108886719,46.94536917333511,46.47437593788651,46.74351650102079,7100
2021-10-25,47.550926208496094,47.550926208496094,46.55126973849963,46.97419962962974,3400
2021-10-26,46.14756774902344,47.454810458856294,46.14756774902344,47.454810458856294,10800
2021-10-27,45.378604888916016,46.387872023765524,45.17675219528923,46.387872023765524,6900
2021-10-28,46.08989334106445,46.08989334106445,45.03256305201573,45.388212412902654,7400
2021-10-29,45.27286911010742,45.59967978747901,44.936447971658176,45.13830065472772,4000
2021-11-01,46.4455451965332,46.4455451965332,45.176751614733256,45.176751614733256,11100
2021-11-02,46.474369049072266,47.04148147297554,46.474369049072266,46.5704919740561,109300
2021-11-03,46.570499420166016,46.906920544612795,46.26291334446746,46.47437647981318,9400
2021-11-04,47.9642448425293,47.9642448425293,46.74351115428061,46.74351115428061,24900
2021-11-05,47.76239776611328,48.3775736256899,47.76239776611328,47.78162235547963,14000
2021-11-08,47.829673767089844,47.935407157057,47.2241158064477,47.77200367562766,9300
2021-11-09,48.6370964050293,48.6370964050293,47.81046106274472,47.820071524068105,7900
2021-11-10,48.416011810302734,48.76204703309612,48.300667958276584,48.68515235398367,6500
2021-11-11,48.46406936645508,48.82932916005433,48.31027634810509,48.41600973572973,3600
2021-11-12,48.46406936645508,48.82932916005433,48.194932501021306,48.59864146588675,9900
2021-11-15,49.117698669433594,49.29071630180216,48.464077317533516,48.464077317533516,15800
2021-11-16,49.348384857177734,49.454118250984116,49.00234962898048,49.098472562765835,22900
2021-11-17,50.23269271850586,50.27114189115568,49.3483837478495,49.5886855768385,16000
2021-11-18,50.213478088378906,50.60757299061458,49.80976905841911,49.85782869689363,24700
2021-11-19,49.10808181762695,50.54028232880355,49.06002218527121,50.14618381002768,32700
2021-11-22,49.04080581665039,49.50218496466471,48.53136702822708,49.156149686975084,27700
2021-11-23,48.78126907348633,49.5982937883268,48.069974078567704,48.675535686849734,12200
2021-11-24,46.61856460571289,47.95464246856293,45.42666567047996,47.95464246856293,77900
2021-11-25,46.378257751464844,47.051103674984596,46.378257751464844,46.49360161452914,31800
2021-11-26,45.11907196044922,46.28213564765043,45.022952691556924,45.657349399705275,53800
2021-11-29,45.62852478027344,46.28214622492119,45.128696401030105,45.19598063797479,45600
2021-11-30,45.15751266479492,45.89764262993255,43.975228278940605,45.89764262993255,40200
2021-12-01,44.56980514526367,46.03426962172916,44.4927300019341,45.43692347847362,23900
2021-12-02,45.966835021972656,46.42929698365776,44.56981244534753,44.56981244534753,45500
2021-12-03,46.101722717285156,46.82432027508161,45.95720541091861,46.24624369897294,32600
2021-12-06,47.0555419921875,47.35421690195321,46.28477218105707,46.294405195743536,179600
2021-12-07,47.816680908203125,47.9708348772624,47.3542190010253,47.556545396293,36200
2021-12-08,49.61836242675781,49.85922826378091,47.267513180527956,47.96120429193619,2228000
2021-12-09,50.53365707397461,50.95757965532265,49.2907883810835,49.61836609063648,936400
2021-12-10,48.173160552978516,50.2831436620836,47.739601372937614,50.2831436620836,1402300
2021-12-13,47.73960494995117,49.011376189814925,47.026644178526126,47.604720678347554,2476200
2021-12-14,46.535282135009766,47.75888111114136,45.90903312145411,47.00738082474607,1507900
2021-12-15,46.25586700439453,47.40239057425485,45.764502385397584,47.40239057425485,2293800
2021-12-16,45.68742752075195,46.58344867591136,45.53327354111811,46.0535446006276,1193000
2021-12-17,46.101722717285156,47.20970710936821,45.29241330554028,45.68743315678949,3952400
2021-12-20,46.51601028442383,47.12299323605167,45.95720344150824,46.101720741681774,1271700
2021-12-21,49.07881164550781,49.58944961534534,46.7761353000096,46.93992594703529,1167000
2021-12-22,49.695438385009766,50.13863061742665,48.394760735107035,48.98247393150892,1244400
2021-12-23,50.75524139404297,51.063549322340904,49.782141509154776,49.79177819928182,1752200
2021-12-24,50.53365707397461,50.97684936474591,50.032655654933514,50.69744409109046,327600
2021-12-29,51.06356430053711,51.40077504748753,49.85923495382633,49.85923495382633,954500
2021-12-30,51.52602005004883,51.978849005336514,50.437305424195124,50.967213212434345,617800
2021-12-31,51.06356430053711,51.99812504968755,50.74561958885115,51.15990917814538,797900
2022-01-04,50.19643020629883,51.34295374266792,49.859219563437534,50.96720369053096,1726600
2022-01-05,48.90540313720703,50.735985163546424,48.77051884216924,50.23498372817647,2080200
2022-01-06,48.78014373779297,49.705067544642674,48.539277933384994,48.57781366884669,1299000
2022-01-07,48.36585235595703,49.22333399783794,48.30804324205976,48.79941152188568,1187300
2022-01-10,48.94393539428711,49.07881966958438,47.855220825312095,48.404398293098026,1358500
2022-01-11,48.81869125366211,49.03065438879238,47.95157635374275,48.49111720892826,1174600
2022-01-12,49.6858024597168,49.85922614904349,48.50074303286499,48.63562730782556,1163700
2022-01-13,49.62799835205078,50.20607859998308,49.512383772592806,49.62799835205078,1172900
2022-01-14,49.502742767333984,49.974837701208536,49.242607249041214,49.61835732813501,1200400
2022-01-17,49.87849807739258,49.945940217876164,49.28115182940037,49.753246812785484,346100
2022-01-18,49.57981872558594,50.08082006433108,49.271510774869036,49.319683203045926,1511400
2022-01-19,48.6356315612793,49.83996080063939,48.491114257748784,49.74361593161905,2280300
2022-01-20,48.29841995239258,49.42567033546096,48.06718712556463,48.886133198397566,1564000
2022-01-21,46.795413970947266,48.83795521572486,46.679799399629545,47.79741672322343,1424600
2022-01-24,47.93229675292969,48.12499013825685,45.75487142209848,46.44856246382738,2010200
2022-01-25,48.08645248413086,48.38512742607331,46.41002474841248,47.29641288319483,2100500
2022-01-26,47.161529541015625,49.15589828944797,46.99773886790779,48.26951013718868,1617900
2022-01-27,47.12298583984375,47.95156479527791,46.99773459242869,47.604717448787284,1459300
2022-01-28,47.922664642333984,47.96120037987047,46.6797961425952,46.988104094811234,1234300
2022-01-31,49.39675521850586,49.608718283647576,47.51800137604839,47.67215533015504,2218100
2022-02-01,51.179176330566406,51.76688961043616,49.57019416793927,49.61836660433553,3302600
2022-02-02,51.55491256713867,52.31604935288927,51.150259800225385,51.23697163246685,1935300
2022-02-03,50.9961051940918,51.78614468880705,50.610718461163266,51.21770127916361,1521700
2022-02-04,51.42967224121094,52.15226971983759,51.102094570554016,51.130997293596415,1733200
2022-02-07,51.9499397277832,52.219711952849714,50.65890242524559,51.0153828195982,1633100
2022-02-08,52.27751541137695,52.63399946749639,51.728341641520274,51.96920745901253,1386100
2022-02-09,53.086822509765625,53.39513044938002,52.21970780784535,52.60509089470307,1863000
2022-02-10,51.93067169189453,53.327690492297734,51.85359286618696,52.633999437533035,2976200
2022-02-11,51.68980026245117,52.68216614610809,51.410395062577955,52.152262140523916,2136200
2022-02-14,50.72634506225586,51.86323206926748,50.19643729814977,51.641632272284454,1509700
2022-02-15,50.34095764160156,51.1502669640966,49.65689957773527,50.177170644050825,1813300
2022-02-16,49.61836242675781,50.53365334250978,49.522017562076975,50.013382252462854,1387800
2022-02-17,48.94393539428711,49.57982103163199,48.61635772199909,49.42566704910356,1499400
2022-02-18,47.8455924987793,49.1366336072372,47.79742006364037,48.82832561196258,1184500
2022-02-22,47.40239715576172,48.25987894198721,46.98810762472588,47.797416978921355,1417000
2022-02-23,47.46983337402344,48.2598729217889,47.28677668501649,47.45056366855105,1648500
2022-02-24,47.66252136230469,47.73959650015574,45.84157666731725,46.255862424491866,1724200
2022-02-25,49.33895492553711,49.367861323881,47.084450646717656,47.60472171305772,2013100
2022-02-28,47.93229675292969,49.08845338957202,47.778142779732086,49.08845338957202,4333200
2022-03-01,47.34458541870117,48.202067157593476,46.978468339905085,47.874489492422406,1597100
2022-03-02,47.57582092285156,48.16353415033578,47.25787625539775,47.25787625539775,1482000
2022-03-03,46.50637435913086,47.72033651113815,46.28477823913432,47.46020097671069,1605800
2022-03-04,46.74723815917969,46.90139213489774,45.12861957647973,45.86085004231033,2241500
2022-03-07,44.829952239990234,46.843590956520266,44.74324038424219,46.24624465876782,1847000
2022-03-08,44.67578887939453,45.13825078806649,43.57744138688356,44.79140711305293,2780700
2022-03-09,46.96882629394531,46.997729010946856,45.28276586288061,45.76449741461338,2519200
2022-03-10,47.38312911987305,47.604725255287235,45.47547207666641,46.15953019146514,2174500
2022-03-11,47.0555419921875,47.768506364558384,46.7568670824218,47.64325512171207,2395500
2022-03-14,47.421661376953125,47.57581534680613,46.708696969307624,46.94956277691048,1219500
2022-03-15,46.15953063964844,47.42166899742333,46.034279370477826,47.42166899742333,2111800
2022-03-16,48.96320343017578,49.40639565540169,46.84358348627175,47.2097005605248,2645300
2022-03-17,50.75524139404297,50.83231653845725,48.65489133543803,48.89575713412832,2372000
2022-03-18,51.15026092529297,51.314047903507,50.051913476289435,50.572184481181765,7068600
2022-03-21,50.75524139404297,51.063549322340904,50.00374127823181,51.063549322340904,1344500
2022-03-22,50.86123275756836,51.12136831143854,50.43730651778534,50.69744207165552,1721300
2022-03-23,50.56193161010742,50.880540171369745,50.43642249475742,50.880540171369745,1419300
2022-03-24,51.55636978149414,51.95221440957511,50.56192796324578,50.793643598632364,1852900
2022-03-25,52.42530059814453,52.502540378998546,51.10260065648089,51.55637516150959,1581700
2022-03-28,53.496971130371094,54.62657882778615,52.25150746088614,52.52184297304249,2016800
2022-03-29,53.23629379272461,54.25969867400587,53.081817931681684,53.76730433487246,1312600
2022-03-30,53.39077377319336,53.71903546361135,52.67632424186882,53.02389219378611,1405800
2022-03-31,54.375553131103516,54.95483667309456,53.371458220857086,53.72868663198001,2078000
2022-04-01,53.64180374145508,54.74244488640467,53.21699229393374,54.54934910871276,1503200
2022-04-04,54.51071548461914,54.98379983663847,53.61282347508867,53.61282347508867,1397900
2022-04-05,54.82933044433594,55.244485021612974,54.114877267651345,54.114877267651345,1123400
2022-04-06,54.742431640625,55.05138333697816,54.47209614406993,54.645881933642926,1058900
2022-04-07,55.42792510986328,55.61136405221119,54.79071169387111,54.93553443145828,1943900
2022-04-08,55.43757629394531,55.978243654560536,54.993458649330165,55.41827003374037,1525700
2022-04-11,55.3603401184082,56.12306630014983,54.71346991269218,55.205864256042375,2031900
2022-04-12,54.713470458984375,56.23892283769866,54.655544311890736,55.55343642179317,1840300
2022-04-13,54.781063079833984,55.15759780900964,54.414181481895554,54.694170166716866,1593300
2022-04-14,54.472103118896484,55.360342121891556,54.43348691415382,54.713471892765384,1356800
2022-04-18,54.62657928466797,55.00311395929057,54.25969773988403,54.3562437702506,1338700
2022-04-19,56.171348571777344,56.42237050835887,54.57831298621611,54.75209882038627,2294300
2022-04-20,55.72721862792969,56.383741927863326,55.456883121313275,56.25822914561267,1304400
2022-04-21,55.34103775024414,55.96859809868966,55.26380164998679,55.75619237773969,1139300
2022-04-22,54.72312545776367,55.78514652654586,54.68450557231833,55.15758996153638,1829300
2022-04-25,55.003116607666016,55.176902417089536,54.26935348276777,54.45279610548991,1099700
2022-04-26,54.17280960083008,55.27345064892684,54.09556982335191,55.27345064892684,1647800
2022-04-27,54.65555191040039,55.292765397984994,53.76731280719406,54.32729019358434,1631300
2022-04-28,56.374088287353516,56.673386882486,54.192116267501596,54.790709774771486,1627000
2022-04-29,55.21551513671875,56.48028874037279,54.93553017964604,55.99755122977132,1910900
2022-05-02,56.1037483215332,57.54230389321662,55.4279151393556,55.514808029678356,2494600
2022-05-03,55.94928741455078,57.18509446632488,55.862394501035695,56.277549123052715,1771300
2022-05-04,55.505165100097656,56.46098338628591,54.73278207397172,56.190651536938965,1751100
2022-05-05,53.35214614868164,55.45688191449123,53.197670298117394,55.128620271667856,1998200
2022-05-06,53.30387878417969,54.2403907991456,52.685975316447816,53.00458386368185,1889400
2022-05-09,53.02388381958008,54.23072753742917,52.840444900345126,52.87906478323504,1960300
2022-05-10,53.02388381958008,54.06659855963917,52.31908753031558,53.883159640404216,2838700
2022-05-11,53.02388381958008,53.54524118960963,51.94255287962582,53.04319376102503,2963900
2022-05-12,55.756187438964844,55.83342721537602,52.541153564256945,52.541153564256945,2732200
2022-05-13,56.422359466552734,56.84717083716488,55.514814263599895,55.99755177893555,1633600
2022-05-16,56.92440414428711,57.35886862346905,55.90100301887497,56.238917789908264,1553100
2022-05-17,55.90100860595703,57.33956441269928,55.67894609651829,57.33956441269928,1444400
2022-05-18,52.77286148071289,55.74652614306811,52.550802680549175,55.4086076952579,1704200
2022-05-19,53.612831115722656,54.288664422211795,51.57567806577472,51.57567806577472,2012600
2022-05-20,53.6900634765625,54.452789584019335,53.303872016763044,53.58386064096791,2348200
2022-05-24,53.35214614868164,54.095562330457945,52.94664842207354,54.06659925941302,1601200
2022-05-25,53.70937728881836,54.15349492150008,53.43904177427711,53.87350627711574,1266100
2022-05-26,54.317623138427734,54.56864870672299,53.38111487115833,53.7093765260864,1649300
2022-05-27,55.061038970947266,55.29275459525042,54.520375319231405,54.896909986103495,2016000
2022-05-30,56.06513977050781,56.36443838276799,55.08035470884026,55.34103343248714,435300
2022-05-31,55.48585510253906,56.72166205035427,55.38930538286899,55.73687700769082,3903800
2022-06-01,55.447227478027344,56.09409393608001,55.05138289010094,55.369987713068674,1009400
2022-06-02,55.99755096435547,56.14237369004746,55.0706958323125,55.44723049951778,815500
2022-06-03,55.70791244506836,56.20030311174842,55.50516356367041,55.70791244506836,922800
2022-06-06,55.35068893432617,56.07479525518552,55.283102289357046,55.93962564824247,769200
2022-06-07,55.48585510253906,55.53412812087649,54.74243883455797,55.03208062757776,1026200
2022-06-08,55.17689895629883,56.267883078924,54.86794724403392,55.49550379826174,1928700
2022-06-09,54.69416427612305,55.630672591083325,54.616924502561936,55.21551801568012,1212800
2022-06-10,52.811485290527344,54.4334836482492,52.60873641656085,54.317623991986935,2673000
2022-06-13,51.83635711669922,52.74390607348135,51.68188124705475,51.78808409799693,2667600
2022-06-14,52.47357177734375,52.65701440893368,51.343967644479875,51.807395264346745,1943800
2022-06-15,52.183929443359375,52.763216724534445,51.6239557895183,52.618393983491856,1148700
2022-06-16,50.861228942871094,51.556372198626356,49.8474808168915,51.17983381309542,1581600
2022-06-17,51.20879364013672,51.61429136245029,50.426757583253014,51.121900744927416,4468900
2022-06-20,51.66257095336914,51.884633467288396,51.044667478972656,51.17018027314545,483200
2022-06-21,51.65291213989258,52.048756739813086,51.44050646281505,51.67222208171734,1908400
2022-06-22,51.44050979614258,52.14530614494015,50.43641853715409,51.08328505672355,1373900
2022-06-23,51.51774597167969,52.33839823864369,51.382580062579244,51.72049483533035,1352700
2022-06-24,53.265254974365234,53.28456491668432,51.9425552309651,52.25150694208053,1465900
2022-06-27,53.42939376831055,54.423831972289456,53.04320224364157,53.506629863447145,2698500
2022-06-28,51.53706359863281,53.97006137423469,51.33431102175281,53.83489176198291,1719500
2022-06-29,50.82261276245117,51.53706601443349,49.702661703691824,51.13156452466095,1784700
2022-06-30,48.47650146484375,50.195049561409384,47.86825483399272,49.73161829552997,2802100
2022-07-04,49.95368576049805,50.47503954115848,48.51512616996518,48.51512616996518,1061300
2022-07-05,49.3840446472168,50.39779259747456,48.47649584662854,49.83781536451631,1725400
2022-07-06,49.24888610839844,50.050232256063744,48.901318145803884,49.37439890997159,1180200
2022-07-07,51.47427749633789,51.55168050449738,49.23920888730628,49.58753165141039,1778300
2022-07-08,51.13563537597656,51.52266153998286,50.59380317551379,50.98082564856505,1247600
2022-07-11,49.897151947021484,50.7679588726581,49.83909692166083,50.66152650497422,889100
2022-07-12,50.30352783203125,51.08725034438258,49.95520507500644,49.95520507500644,1447900
2022-07-13,51.16465377807617,51.52265050397935,49.539150142955975,49.81974386721042,1893300
2022-07-14,51.03887176513672,51.522652540161715,50.02293287577512,50.80665536910479,2257500
2022-07-15,50.72925567626953,51.735520639844836,50.56476828272614,51.522655903831506,1009700
2022-07-18,49.7713737487793,51.28077136681037,49.7229964007752,51.28077136681037,939900
2022-07-19,50.57444381713867,50.70022785498031,49.69396293415615,50.158392045854725,1256300
2022-07-20,50.90340805053711,51.0582177336079,49.81006258768808,50.448652991724316,725300
2022-07-21,50.94212341308594,51.271094528596485,50.56477126130086,50.76796201717124,844000
2022-07-22,51.96772384643555,52.14188520020763,50.913081733461915,50.9711367483706,926600
2022-07-25,53.148155212402344,53.21588422432059,51.56135489153893,52.2483226929693,1034700
2022-07-26,52.635353088378906,52.83854014075787,51.36784604986104,52.71275609792367,881600
2022-07-27,53.244911193847656,53.79642098495552,52.40313367441267,52.52891771003771,1358600
2022-07-28,54.8510627746582,55.05425350466825,53.0997787366722,53.264262428016,1328100
2022-07-29,55.35419845581055,55.78960191561898,54.899447011970274,55.15101140488481,1263500
2022-08-02,55.60576629638672,55.96376305468303,54.39631429718537,54.4446916389625,1607500
2022-08-03,55.68316650390625,55.93473457401961,55.19938572856222,55.528356803434335,772000
2022-08-04,56.58299255371094,56.60234422542043,55.41224409744145,55.52835043674443,896200
2022-08-05,55.4412727355957,56.26370221810396,54.69624994408058,56.25402453625273,961900
2022-08-08,55.267120361328125,56.08954997760926,55.228420700491014,55.46063342933279,1072300
2022-08-09,53.922203063964844,55.499329374952474,53.86414804402423,55.499329374952474,1096200
2022-08-10,55.286460876464844,55.39289322692949,54.53176412364865,54.580141458145114,1256800
2022-08-11,56.51527786254883,56.54430353198778,55.218745057255255,55.28647407991608,1022600
2022-08-12,57.56024169921875,57.59894135842352,56.49592171556347,56.62170575810415,1058500
2022-08-15,57.56024169921875,58.12142551271131,57.40543198953584,57.43445765667807,1056200
2022-08-16,58.160125732421875,58.42136779550451,57.405428899708326,57.405428899708326,1160800
2022-08-17,57.66667175292969,58.421372335243035,57.434459028336896,58.092401232940986,1051600
2022-08-18,57.782779693603516,58.692286265090075,57.676347327491925,57.85050871004642,1393800
2022-08-19,57.14418411254883,57.773096879511556,56.94099339031221,57.444125818454935,927300
2022-08-22,57.4731559753418,57.68601700067421,56.53462011639145,56.582997454378166,1158100
2022-08-23,57.18288803100586,57.46348177566984,56.989378667331614,57.40543044294938,959500
2022-08-24,56.13792419433594,57.531211562628606,56.10889852758648,57.15386313106734,1262900
2022-08-25,56.418514251708984,56.544294593364135,55.87667846512182,56.36045923105361,2103900
2022-08-26,55.12198257446289,56.53462154881115,55.10263090058703,56.31208283567035,1027100
2022-08-29,54.996192932128906,55.53802867254221,54.74462857930195,54.889760582141115,855800
2022-08-30,54.734954833984375,55.596083995332734,54.483390463066875,55.112303235837764,1279100
2022-08-31,54.609169006347656,57.08612774221081,53.88349789098057,55.90570154677502,3042200
2022-09-01,56.86359786987305,56.88294954553458,54.88009725150002,55.09295830186742,1690600
2022-09-02,57.53120422363281,58.034336631850366,56.73780411208508,57.52153023293525,2100500
2022-09-06,56.8829460144043,58.09239798601034,56.650729611835956,58.05369463708986,1323500
2022-09-07,57.09619903564453,57.65843471177898,56.50487958983442,57.057423141325515,1116600
2022-09-08,56.71814727783203,56.96049110326741,55.65183592506568,56.85386292628942,1512600
2022-09-09,57.600276947021484,57.96864058616816,56.592129473479154,56.84416541739644,1151800
2022-09-12,58.34669876098633,58.61812636319301,57.43548729795778,57.50334327404111,1509300
2022-09-13,57.17375183105469,58.414550968382,57.11558798479005,57.66813527962131,1626600
2022-09-14,57.251304626464844,57.65844046381211,56.950796962322926,57.464564670748715,1203700
2022-09-15,56.87324905395508,57.32885664411963,56.369177134553006,57.241612716170536,1489100
2022-09-16,57.270694732666016,57.299774808465216,56.31101155468588,56.52427530487553,4739100
2022-09-19,56.86355972290039,57.25131135459546,56.48550391582819,56.85386759615114,1183000
2022-09-20,55.826324462890625,56.89263582879204,55.57428850839745,56.76661970048213,1426000
2022-09-21,54.56613540649414,56.41764204364404,54.53705163353619,55.91356645422715,1241800
2022-09-22,53.12176513671875,54.81817189371717,52.91819721336852,54.566135945455926,1851700
2022-09-23,52.86003112792969,54.110526086233676,52.462587423880336,52.821258928365516,2172900
2022-09-26,53.14115524291992,53.54829480401685,52.71463142937051,52.792179532800674,1233500
2022-09-27,53.974815368652344,54.071751416573505,52.724320381954065,53.49012773330013,1729600
2022-09-28,54.323787689208984,55.01204320124162,53.587060458348255,53.800324187998406,1633300
2022-09-29,54.80847930908203,55.157455002117295,53.519208409576564,54.10083579725975,1824000
2022-09-30,53.90695571899414,55.09928677689695,53.81001597981122,55.04112293338721,1611500
2022-10-03,54.90541458129883,55.59367013400701,53.55798355059956,53.55798355059956,1544300
2022-10-04,56.02019500732422,56.466106722276706,55.603363365733365,55.73907530525168,1786900
2022-10-05,55.55490493774414,56.05898058433988,54.94419740657786,55.6421488707679,1096700
2022-10-06,55.341636657714844,56.572743746536645,55.021741030077834,55.41918475970744,1854600
2022-10-07,54.07175064086914,55.27377758636276,53.89726279881567,55.02173794878634,1254400
2022-10-11,54.546749114990234,55.34163657303315,53.85849353266317,53.916653684600284,1424500
2022-10-12,55.3028678894043,56.223775293265305,54.43043221564689,54.66308024949934,1503400
2022-10-13,56.2916259765625,57.3385531239231,54.352875286967446,54.352875286967446,1696500
2022-10-14,55.88448715209961,56.80539072267007,55.622755379097285,56.80539072267007,1183900
2022-10-17,56.19468688964844,56.747230510544604,56.06866706621869,56.25284704055965,1122900
2022-10-18,56.04927444458008,56.97987376032117,55.709994599634776,56.97987376032117,829600
2022-10-19,55.32224655151367,56.18498995309271,54.91511071170598,55.942646134767216,1380400
2022-10-20,55.36102294921875,56.14621456103589,55.01204725602303,55.399798847990105,1033100
2022-10-21,56.40794372558594,56.72783932886456,55.070208560620074,55.24469639915876,1464200
2022-10-24,57.30946350097656,57.939558889947314,56.05897224417589,56.42733217514137,1212100
2022-10-25,57.75537872314453,58.472714331785795,56.979875570845856,57.251303153299624,1400000
2022-10-26,58.17220687866211,59.102809925097944,57.48395134157132,57.75537892497361,1376600
2022-10-27,58.61811828613281,59.09311005326645,58.191590840525485,58.424242510663376,1652900
2022-10-28,59.568111419677734,60.03341110817785,58.385472400235834,58.58904032060341,1629100
2022-10-31,59.131893157958984,59.60688868088225,58.74414155974108,59.28699305767149,2220100
2022-11-01,59.946170806884766,60.10127071242124,59.48087109027535,59.597195094959346,1280900
2022-11-02,59.529335021972656,60.333918268878286,59.47117117469543,59.76198671320837,1400400
2022-11-03,60.04310989379883,60.440553652927214,59.025266481189426,59.14159049174871,1348300
2022-11-04,59.76198196411133,60.77012935168999,59.22882265112155,60.39207361911388,1185800
2022-11-07,60.28544998168945,60.372693908639015,59.13189467902165,59.7619901178655,1087900
2022-11-08,60.21759796142578,60.585961643623634,59.95586616338049,60.31453771877976,1081300
2022-11-09,59.44209289550781,60.13034846864852,59.08342507114725,60.1012683930681,1609200
2022-11-10,60.89616012573242,60.954323978859506,59.994640740567085,60.382392365667236,1461200
2022-11-11,60.97370910644531,61.535944869144664,60.56656954915586,61.07064515929484,1690300
2022-11-14,60.392086029052734,61.38084937013305,60.36300595068597,60.97371348150367,2098100
2022-11-15,60.17882537841797,61.10942485592993,59.96556161145221,60.95432494301127,1407300
2022-11-16,60.70228576660156,61.21605723684173,60.20790594574161,60.20790594574161,1688800
2022-11-17,60.159427642822266,61.09971909414423,59.93647178538003,60.64411525409835,1563100
2022-11-18,59.82984924316406,60.52779699761663,59.36454950757115,60.343617007863266,1825700
2022-11-21,59.98494338989258,60.246675159359924,59.56811172346754,59.810455543581014,3095800
2022-11-22,59.57780838012695,60.198208015139414,59.20944840800925,60.198208015139414,2021600
2022-11-23,58.25945281982422,59.36454374468714,58.026804823549135,58.72475620812083,2459300
2022-11-24,58.307918548583984,58.530874396210315,57.29007165141776,58.50179062626055,1047400
2022-11-25,59.01557159423828,59.19005945085314,58.288540090967494,58.424252046584954,1129400
2022-11-28,60.10126876831055,60.17882056750691,58.94771348931446,58.94771348931446,2616900
2022-11-29,59.37424087524414,60.19820845313893,59.325772846757424,60.07219231864818,1321700
2022-11-30,59.53940200805664,60.07378277595133,58.10144036523235,59.753154315214516,4372200
2022-12-01,59.957191467285156,60.345831370544566,59.568555270370545,59.79202191752403,1281000
2022-12-02,59.636566162109375,59.908611868141826,59.35480242009304,59.451960541863265,1318300
2022-12-05,59.75315856933594,59.82116999802922,59.354804327127496,59.38395102332607,1280100
2022-12-06,58.71355056762695,60.16122663048138,58.45121918503333,59.75315806178787,1698300
2022-12-07,59.160491943359375,59.65600808022911,58.723272912693545,58.723272912693545,1881800
2022-12-08,60.598445892333984,61.15225535613043,59.131337456355375,59.238213617148524,2002300
2022-12-09,60.02520751953125,60.71504358628795,59.81145889197891,60.51100558286535,1141800
2022-12-12,60.54986572265625,60.92878759028732,59.99605626898855,60.01548863480871,1644900
2022-12-13,61.249420166015625,61.44374013087757,60.812201171662515,61.161976367145,1597700
2022-12-14,60.55958557128906,61.73521594100926,60.36526561361629,61.317429329233505,1759000
2022-12-15,59.47140121459961,60.77334024244049,59.199355470567134,60.423565025058565,1232600
2022-12-16,59.51026153564453,59.79202529611161,58.781564455616234,59.092474913254044,3465600
2022-12-19,59.56855010986328,60.326393778586784,59.27706835449779,59.617129166976035,1116200
2022-12-20,59.32565689086914,59.88918067963303,58.645538906075615,59.26735979285432,1124900
2022-12-21,59.743446350097656,60.45271106463196,59.46168258907382,59.5491263871038,891500
2022-12-22,58.480369567871094,59.840605628628396,58.39292576816034,59.451965695170564,1227000
2022-12-23,58.03343200683594,58.64553856017428,57.635077771946335,58.49979766916926,878700
2022-12-28,57.89741134643555,58.441506492953025,57.3338838332912,57.54763615984181,1796100
2022-12-29,58.878726959228516,59.24793454498987,57.635085036258,58.111168794714374,1937900
2022-12-30,57.809974670410156,58.68441274460159,57.343608932956535,58.5095251297633,1777600
2023-01-03,58.43178939819336,59.25764831459311,58.324913233195566,58.67468842542652,1139200
2023-01-04,58.37348937988281,59.0050245552196,57.95570280394182,58.616388379553406,1062100
2023-01-05,59.092472076416016,59.14105113815011,57.37274660534627,58.39292172714159,1233700
2023-01-06,60.11265563964844,60.40413375732922,58.86901369415957,59.16049181184035,1289000
2023-01-09,60.31669235229492,60.92879527427315,60.11265433862357,60.11265433862357,1185600
2023-01-10,60.792762756347656,60.82190945095641,60.10293047074609,60.326397110884145,1260600
2023-01-11,60.345829010009766,61.511744967836314,60.25838522051416,60.91907080640438,1442000
2023-01-12,60.51100158691406,60.88020912844333,60.0252035556605,60.472140561235854,1313400
2023-01-13,61.19112014770508,61.453451531811744,60.54015255874566,60.54015255874566,1356000
2023-01-16,61.52146530151367,61.686638567279026,60.91907675194389,60.91907675194389,418600
2023-01-17,61.278568267822266,61.74493397037143,61.21055683451375,61.4437415389609,1266100
2023-01-18,61.17169189453125,61.73521943302341,60.91907852970916,61.28828609953695,1292400
2023-01-19,61.142547607421875,61.5214695227692,60.9676599993623,61.006524735896704,1467700
2023-01-20,60.40412902832031,61.31743175358887,60.345835633155126,61.22998795449603,1234300
2023-01-23,59.957191467285156,60.355545700270895,59.5102581729782,60.355545700270895,1330800
2023-01-24,60.58873748779297,60.60816985586895,59.82117562734525,59.95719849753189,1342900
2023-01-25,60.49156951904297,60.899641794606524,59.81145523701182,60.27782090455241,1266100
2023-01-26,59.18963623046875,60.75390663955946,59.0633313983604,60.72475994081834,1490200
2023-01-27,57.975135803222656,59.238213661158426,57.936274777187535,59.12161946401844,1692000
2023-01-30,58.41236114501953,58.81071542948273,57.62537061342008,57.809972552833905,1622200
2023-01-31,59.034175872802734,59.12161966778667,58.082012164280336,58.45121971047307,1882800
2023-02-01,58.2957649230957,59.228496272342454,58.18888876105484,58.937018188995964,2205100
2023-02-02,57.547637939453125,58.64554259658079,57.26587417416765,58.402643565750914,2950700
2023-02-03,58.616390228271484,58.684401653816714,57.46990661715945,57.5184856773568,1784600
2023-02-06,57.96541976928711,58.42207109546568,57.73223508820695,58.295762572116224,1156400
2023-02-07,58.03343200683594,58.13059383628756,57.24643786682949,57.61564540605601,1475600
2023-02-08,59.1313362121582,59.160482907635824,57.83911168625992,58.004284942104306,1211000
2023-02-09,59.840599060058594,60.07378373580614,59.07303731422274,59.26735725962158,2507300
2023-02-10,60.78305435180664,60.8996448479511,59.39367160940618,59.656003005490014,1726600
2023-02-13,61.56032943725586,61.64777323443614,60.511003871092534,60.61788003501787,1062700
2023-02-14,62.17243957519531,62.44448160615819,61.06481684541559,61.36601298768181,1514500
2023-02-15,62.735965728759766,63.19261712435936,61.87124571216548,62.02670095440327,1306100
2023-02-16,62.998287200927734,63.20232890391279,62.33760897293775,62.726241480534235,1217100
2023-02-17,63.72697448730469,64.07674962059029,62.745667919792815,62.80396130444415,1268500
2023-02-21,61.851810455322266,63.55210741577138,61.74493428633479,63.31891900378581,1516200
2023-02-22,63.72697448730469,63.9504448162828,61.86151205157398,61.86151205157398,1751700
2023-02-23,62.50277328491211,63.717268300959574,62.03640393716659,63.250898953214055,2023100
2023-02-24,62.46391677856445,62.50278151371743,61.30771499900692,62.22101774337608,1309200
2023-02-27,62.298744201660156,62.63880135194473,61.99754807830457,62.18215000183834,649500
2023-02-28,62.19186782836914,62.29874399133918,61.49231745717976,62.21129648859556,2580400
2023-03-01,61.375728607177734,61.929541836868914,61.239705735667556,61.91982379956375,1549400
2023-03-02,61.76436233520508,61.832373764106016,60.52072054233672,61.11339474248333,1058600
2023-03-03,63.44523620605469,63.61040578460407,61.76437148188428,61.89068002841028,870000
2023-03-06,63.23147964477539,63.600683515680984,62.98858060564766,63.25090830632183,672300
2023-03-07,63.328636169433594,63.81443423535048,63.14403053232431,63.639546635112794,789900
2023-03-08,63.2606315612793,63.93103533662874,63.027450540036845,63.30921433818819,1031500
2023-03-09,62.75538635253906,63.688125099180304,62.551352068176826,63.357778582101176,1258300
2023-03-10,61.11339569091797,62.891418318951395,60.928790061312014,62.76510608282525,1689700
2023-03-13,60.74418258666992,61.42430053042342,60.30696364380376,60.96764922272493,1889100
2023-03-14,61.142547607421875,61.346581914709624,60.34583904019281,60.70532858727293,1619200
2023-03-15,59.20906448364258,60.2389576749501,58.538664514770055,60.2389576749501,1848400
2023-03-16,60.831634521484375,60.97737171772634,58.247188954201874,59.26736415327613,2159500
2023-03-17,59.840599060058594,60.83162744588248,58.36377266390994,60.802480751293295,4994100
2023-03-20,60.938507080078125,63.05658682252041,59.76287301115463,60.12236622788619,1592900
2023-03-21,61.045387268066406,61.249421567986424,60.62760063127105,61.08424829685226,906400
2023-03-22,61.81465530395508,63.090289896293314,61.11354270790696,61.11354270790696,1456900
2023-03-23,62.29180908203125,62.7494802677383,61.49332129928,61.90230121573304,2264500
2023-03-24,62.963706970214844,63.14871744024018,61.98993735079565,62.02888887849685,1375100
2023-03-27,63.65508270263672,63.70376654249558,63.0805569300432,63.29478662730707,1227100
2023-03-28,63.95694351196289,64.08353040226332,63.47980030933686,63.50901209715664,948300
2023-03-29,65.04756927490234,65.24231949572902,63.898525141837624,64.12248715286384,1770600
2023-03-30,65.80709838867188,65.93368527553405,64.71647795447653,65.33968750851847,1379500
2023-03-31,66.16739654541016,66.39136599365888,65.63182970443751,65.77789608988276,1709300
2023-04-03,65.71945190429688,66.60558235025495,65.55391350095641,65.55391350095641,1935400
2023-04-04,64.6872787475586,66.16739986894491,64.42436518394717,65.97264963139907,970400
2023-04-05,64.97940063476562,65.08650804698001,64.51198974210635,64.51198974210635,918800
2023-04-06,65.33968353271484,65.57338524394926,64.83332858683303,64.83332858683303,1128900
2023-04-10,65.80709838867188,65.9239455367773,65.09624604430697,65.14493730884683,1178400
2023-04-11,66.1479263305664,66.57638575863434,65.81684201908341,65.81684201908341,1082700
2023-04-12,65.69999694824219,66.34267868161544,65.29101698798235,66.22583150968144,1281400
2023-04-13,65.94342803955078,66.20634156409346,65.59287172066438,65.81683371763698,769900
2023-04-14,66.16739654541016,66.39136599365888,65.97264631764646,65.98238605780814,397200
2023-04-17,65.00860595703125,66.20633371349913,64.95991469603129,66.19660140469384,1295100
2023-04-18,64.70674896240234,65.39812937332408,64.32698080949892,65.0475730122986,1159200
2023-04-19,64.87228393554688,65.3007358598671,64.56067915911221,64.64831452002639,894100
2023-04-20,65.03782653808594,65.62208460288755,64.26855057155348,64.26855057155348,904100
2023-04-21,65.9239501953125,65.96290172384812,65.12546243344316,65.14494191233318,771300
2023-04-24,65.68050384521484,66.16738677195252,65.46628159801512,65.67077153573568,660000
2023-04-25,64.83333587646484,65.98237994399007,64.62884592748716,65.68050746090888,1102600
2023-04-26,64.9112319946289,65.33968389606737,64.6677905438766,64.6677905438766,768200
2023-04-27,65.7681655883789,66.26478839695694,65.3007545751444,65.77790532990876,1086700
2023-04-28,65.84605407714844,66.14791913449614,65.44680648456463,65.54418159055638,804000
2023-05-01,65.50523376464844,66.10897134271127,65.42733813299903,65.84605779874934,486700
2023-05-02,65.47601318359375,65.57338828201594,64.68726522835713,65.25205120014711,886200
2023-05-03,65.56366729736328,66.02133851116862,65.43707296122857,65.5344555057153,707100
2023-05-04,64.79438018798828,65.49549278474461,64.75542866269694,65.37863820887061,697100
2023-05-05,65.4468002319336,65.60260633003053,64.75542738742669,65.08650420201718,455500
2023-05-08,65.7681655883789,65.9434437896861,65.04758072933647,65.58314764554187,539000
2023-05-09,66.20634460449219,66.20634460449219,65.38838477569017,65.52471141382385,587000
2023-05-10,65.21309661865234,66.16738293940747,64.69700193488265,66.108959368941,629400
2023-05-11,65.4468002319336,65.55391506706432,64.55093745560723,65.19361903714791,646300
2023-05-12,64.93070983886719,66.17712898932089,64.68726836638032,65.44680457186028,1047300
2023-05-15,64.87228393554688,65.28126381163413,64.54119968163536,65.02808260914226,600700
2023-05-16,64.27828979492188,65.00861422737226,63.392159250844806,64.43408847730426,907600
2023-05-17,64.67752075195312,64.73595175012126,63.68428293401391,64.27828064889437,893600
2023-05-18,64.32698822021484,65.0962643550196,63.64535490038582,64.61912103113927,851900
2023-05-19,64.27828979492188,64.57041511035544,63.55769767251493,63.99589678953174,1232700
2023-05-23,63.76219177246094,64.38540132843144,62.88580101273869,63.5674341429427,1361500
2023-05-24,64.28800964355469,64.38539215906717,63.27529983125935,63.6745399137376,851200
2023-05-25,64.862548828125,65.24231694435709,63.820619586034155,64.16143617377519,662300
2023-05-26,65.62207794189453,65.6610294661601,64.56067676532136,64.862541791825,749500
2023-05-29,64.95993041992188,65.72920646861958,64.70674917407632,65.72920646861958,336600
2023-05-30,63.684295654296875,64.48278344914738,63.55770132401605,64.48278344914738,952500
2023-05-31,64.0056381225586,64.33671497414264,63.16819882482372,63.440852097715165,3013700
2023-06-01,64.88201904296875,65.0086133642958,63.67455141086993,63.83035752042808,805200
2023-06-02,65.89474487304688,65.96290819736258,64.85281552750956,64.96967012458441,1092800
2023-06-05,65.93368530273438,66.32319313148224,65.64156000310639,65.64156000310639,1212500
2023-06-06,65.50523376464844,65.98238444069179,64.96966693680162,65.98238444069179,945000
2023-06-07,64.42435455322266,65.84605185459866,64.28802049434276,65.51496759030884,1238600
2023-06-08,63.470069885253906,64.40488437890191,63.36295502803167,64.28802978122896,1178500
2023-06-09,62.885799407958984,63.70375914333032,62.76894483323005,63.40189411183525,1315200
2023-06-12,62.895538330078125,63.19741082255575,62.48655841939239,62.88580601976026,1268200
2023-06-13,63.138973236083984,63.265567549471726,62.70078158161007,63.03186582903522,704000
2023-06-14,63.333736419677734,63.4992748432979,62.99291983303493,62.99291983303493,911200
2023-06-15,63.25583267211914,64.20038679424528,63.17792961623889,63.47980210046377,1258500
2023-06-16,63.0318717956543,64.00563772376779,62.94422899891697,63.27531327768268,4846400
2023-06-19,63.431114196777344,63.61613210699276,62.856595844995354,63.23636397599405,288900
2023-06-20,63.5869255065918,63.684300624930934,63.109774797012996,63.236369137174655,1738500
2023-06-21,62.84685134887695,63.88878055262729,62.817639560894705,63.47006092331206,980100
2023-06-22,63.04159927368164,63.76219135430757,62.78842550083414,63.05133901240466,1342900
2023-06-23,61.81465530395508,62.84684843540126,61.68806470419708,62.817636648773224,1272800
2023-06-26,63.06108474731445,63.27531444412774,61.62964761792075,61.64912338259671,4136500
2023-06-27,63.63558578491211,63.713488822431636,62.77867465992498,63.03185581724217,915000
2023-06-28,66.21607208251953,67.09246275769564,64.7846352179391,64.91122952222428,2037700
2023-06-29,66.1479263305664,66.46927090161736,65.88501277286257,66.41083988827025,1309400
2023-06-30,66.1479263305664,66.43031936913435,65.69999485087956,65.99212020063437,1906800
2023-07-04,65.90447998046875,66.78087082380836,65.738941551517,66.32319963732853,436800
2023-07-05,66.21607208251953,66.59584013688864,65.73892893740712,65.74866124601121,1122800
2023-07-06,64.59629821777344,66.01117635118769,64.55727377129554,65.75747278164927,1539600
2023-07-07,63.6790657043457,64.76217633083463,63.57172988049034,64.40113697381467,1256600
2023-07-10,63.513187408447266,64.09865832936997,63.36682712278859,63.77665081177688,670600
2023-07-11,63.815677642822266,63.97179775000331,63.24972643457671,63.55221426038283,747500
2023-07-12,63.864463806152344,64.06938308502451,63.366823970524585,64.06938308502451,689300
2023-07-13,64.70362091064453,64.97683664791039,63.98154968436042,63.98154968436042,924900
2023-07-14,65.25981903076172,65.25981903076172,64.69387527786633,64.70362766623656,904600
2023-07-17,65.51351928710938,65.69891888083629,64.79144802167592,64.98660000328358,641300
2023-07-18,65.69892120361328,66.36244838693753,65.42570544187467,66.34292872134411,952800
2023-07-19,65.4549789428711,65.92334670347232,65.39642738936745,65.71843487763788,633500
2023-07-20,65.50375366210938,65.67939340785267,64.91829032448845,65.36714579815016,481600
2023-07-21,65.99165344238281,66.30390111087493,65.57206993991794,65.7672293855828,1004200
2023-07-24,65.52328491210938,66.03068457588823,65.4744931901086,65.95262079851562,696800
2023-07-25,65.46472930908203,65.84528833910049,64.93781745582498,65.6794009612977,870900
2023-07-26,65.52328491210938,65.65989280022566,64.69387775009717,65.31837307993494,1630300
2023-07-27,65.32811737060547,66.08922793878384,65.13296539593654,65.65988466102742,531700
2023-07-28,65.07442474365234,65.90383184683861,65.07442474365234,65.6208562573617,720900
2023-07-31,65.1427230834961,65.80625019792556,64.97683572146093,65.19150735327199,878700
2023-08-01,65.1524887084961,65.3866800514572,64.49872129301644,64.88903275337972,593700
2023-08-02,64.43040466308594,64.97683613328988,63.97178934577744,64.83047587846413,1135900
2023-08-03,64.21575164794922,64.63533520409698,63.747383807572355,64.1474476943704,1069400
2023-08-04,64.39136505126953,64.7816763879528,63.503414018770414,64.22548515266425,614700
2023-08-08,65.60134887695312,65.70867726543274,64.26453460277024,64.4889586576434,1284300
2023-08-09,65.97213745117188,66.08923311188121,65.40618625793357,65.6110980807465,703700
2023-08-10,67.24066162109375,67.29920574126642,66.0209428203446,66.0209428203446,903100
2023-08-11,68.04077911376953,68.08956338633448,66.93814884089602,67.00645277814361,834600
2023-08-14,67.83586120605469,68.20666039668818,66.44050293633885,67.88465292416045,1037400
2023-08-15,66.8308334350586,67.89443214805728,66.64544123136285,67.43581666733317,1177200
2023-08-16,66.93814849853516,67.53337171060728,66.54783709715774,66.86984456163691,925600
2023-08-17,68.15787506103516,68.26521089526223,67.06501194100922,67.31870805411715,1290800
2023-08-18,67.81635284423828,68.16763238978854,67.27967369282223,68.16763238978854,1139200
2023-08-21,67.49435424804688,68.13836931461685,67.35774634506035,67.9529696843184,1436300
2023-08-22,66.93814849853516,67.66021975211237,66.75275635242323,67.47482760600045,1172700
2023-08-23,67.96272277832031,68.19690666813254,66.94791599637183,67.113795941465,1102000
2023-08-24,69.13363647460938,69.27024433796956,67.74803817791592,68.0797980047706,1601800
2023-08-25,69.56298828125,70.13869185554645,69.2117087481104,69.23122096903099,1560100
2023-08-28,68.34326171875,69.8947399373664,68.30422983692333,69.66055609097661,823700
2023-08-29,69.58250427246094,69.64105582753754,67.91393012192258,68.05053800948211,979100
2023-08-30,69.53370666503906,70.03134639807355,69.4361306847129,69.76789050673588,1015300
2023-08-31,68.94825744628906,69.92403233834814,68.80188972356588,69.49468900357923,1866200
2023-09-01,70.63634490966797,70.8022248571314,69.20195460550025,69.28977821829201,2019300
2023-09-05,70.1874771118164,71.21204356322633,69.76789367723345,70.48021251066794,1021100
2023-09-06,69.82644653320312,70.33385362888252,69.0653433342554,70.09966230261293,1363000
2023-09-07,68.45060729980469,70.02160540578427,68.41157541240858,68.87994317201924,1848900
2023-09-08,69.76790618896484,69.77766602256229,68.4506115470386,68.4506115470386,1027400
2023-09-11,70.35336303710938,70.56803468865303,69.63129175474798,69.84596340629163,1222900
2023-09-12,70.39240264892578,70.65586604821613,69.91427501910316,70.35337075849121,1576500
2023-09-13,71.24132537841797,71.3291415433671,70.31433478471658,70.61683005687479,1278500
2023-09-14,72.16031646728516,72.31674398761628,71.51507159310604,71.58350676853223,1942100
2023-09-15,71.74969482421875,72.82510776169899,71.32930524897323,72.33628302112855,5200300
2023-09-18,71.11422729492188,71.89634993074989,71.06534929197902,71.73992242003459,844500
2023-09-19,69.82371520996094,70.95779204309162,69.73573034818665,70.86979972244468,1162000
2023-09-20,69.79440307617188,70.61563260383012,69.7846244918651,69.80418166047865,1016200
2023-09-21,69.05138397216797,70.03881209100716,68.50390261940518,69.78462112342129,1535300
2023-09-22,69.14915466308594,69.56954426009646,68.68965818974024,69.12959749548136,832100
2023-09-25,68.80696868896484,69.2860223113195,68.48435002475244,69.03183135444496,788800
2023-09-26,68.3865737915039,68.78741363306067,67.8586496697007,68.44523782860558,2666300
2023-09-27,68.69943237304688,69.01227993878162,68.083515825815,68.57234061345518,1562900
2023-09-28,69.72595977783203,69.77484523479436,68.56255452376504,68.7092034357785,1152200
2023-09-29,67.43827056884766,69.88239449197548,67.38938510683539,69.72596698063565,2356500
2023-10-02,68.57233428955078,68.8949604097698,67.38937930762138,67.44803588988897,1283300
2023-10-03,69.46200561523438,69.55976908142105,67.86843202678145,68.2888216443711,1171600
2023-10-04,70.05835723876953,70.33209786818527,69.12958586454016,69.41310507611296,1013500
2023-10-05,70.41031646728516,71.3879660055966,69.46200268057726,69.46200268057726,1428000
2023-10-06,70.26366424560547,70.71338206930778,70.07790847492757,70.21477879262511,787900
2023-10-10,71.0164566040039,71.44662475582572,70.28321950460226,70.66450219958124,1234500
2023-10-11,72.678466796875,72.72735225982828,71.05557235929325,71.34887021926407,1299100
2023-10-12,73.01087188720703,73.52902497796082,72.44383333326444,72.8544443721024,1077700
2023-10-13,72.73713684082031,73.72456509466198,72.35585406674903,73.32372515024728,1119500
2023-10-16,72.3558349609375,72.97175140436967,72.09186544312867,72.97175140436967,1066200
2023-10-17,72.83488464355469,73.17706046218596,72.15053300629214,72.15053300629214,792800
2023-10-18,72.27763366699219,73.2748329555732,72.25808395731875,72.4242825956032,892800
2023-10-19,72.15052795410156,72.54158174294119,71.79857357704758,72.15052795410156,710500
2023-10-20,71.84747314453125,72.36562628331286,71.65194619140144,72.15054961842014,675500
2023-10-23,71.65193176269531,72.37539029424134,71.55416830581724,71.66171034604521,584700
2023-10-24,71.29998779296875,71.81814090329411,70.83071268880397,71.81814090329411,772000
2023-10-25,72.16031646728516,72.79579021559961,71.16311713123572,71.16311713123572,814400
2023-10-26,72.10164642333984,72.74689863599774,71.97455468094056,72.07231813346873,635500
2023-10-27,71.23155212402344,72.37540039273179,70.96758254886016,72.21898033167643,692900
2023-10-30,73.2455062866211,73.26506345560277,71.57372636466462,71.57372636466462,969000
2023-10-31,73.8027572631836,74.32091029491131,72.82510778177323,73.24549735713462,1416000
2023-11-01,74.68264770507812,75.18125105857021,73.80276162799622,74.19382293546307,866300
2023-11-02,76.25666046142578,76.35442391896056,74.95638484547948,74.97594201231065,947200
2023-11-03,75.08349609375,76.25667269004693,74.5848926838301,76.25667269004693,1109700
2023-11-06,75.54297637939453,75.86560251646657,74.83907497879287,75.27901428652817,608500
2023-11-07,75.69940948486328,76.2566694633559,75.210584680611,75.67008119002809,760800
2023-11-08,76.37397003173828,76.72592439502203,75.8362599048124,76.05134395558275,589000
2023-11-09,76.81392669677734,77.2929728993402,76.33488049421449,76.40331566600918,754900
2023-11-10,76.89213562011719,77.13654799814752,76.26644052906944,76.92146391206101,977600
2023-11-13,77.0387954711914,77.18543695172025,76.8628182356819,77.00945971621074,750600
2023-11-14,76.78459167480469,77.74268399597837,76.54995788619308,77.35163016791691,887500
2023-11-15,75.65052032470703,77.35163593078049,75.46477198020129,77.23431529829722,1478600
2023-11-16,76.33487701416016,76.58906052130993,75.37677719383925,75.37677719383925,899000
2023-11-17,76.49128723144531,76.9019056496056,76.10022597832138,76.3837452003644,752900
2023-11-20,77.08766174316406,77.19520378509708,75.9731419075616,76.3642032001477,719300
2023-11-21,76.5401840209961,77.46894810820433,76.22733646393787,76.6477260680043,1001600
2023-11-22,78.24129486083984,78.45637896231844,76.41309491602055,76.45219433549451,1237900
2023-11-23,77.19519805908203,78.48569500768092,77.13654148015083,78.45636671821532,323300
2023-11-24,77.42984008789062,77.7133593477373,76.89213731966336,77.00945049003164,318200
2023-11-27,76.98990631103516,77.69381521929883,76.8432573786678,77.42984564926267,1085300
2023-11-28,76.98990631103516,77.76225039322033,76.35443257669297,77.03879177478245,1267300
2023-11-29,74.5262222290039,76.15889505046624,72.83488536742644,76.15889505046624,2255400
2023-11-30,75.6700668334961,75.84604402799455,73.42147017700161,74.70219599319111,2433900
2023-12-01,75.2105712890625,75.76783116833272,73.9689597892405,75.53319739255402,1289100
2023-12-04,76.24688720703125,76.53040647490933,74.6826494005265,75.75806242631887,1081400
2023-12-05,75.78738403320312,77.04855275123607,75.44520820866866,76.37397968540343,1681200
2023-12-06,76.02745819091797,76.8897411860669,75.9196802922751,75.98827030545735,1170600
2023-12-07,75.4591293334961,76.33120539098549,75.3415432729388,76.33120539098549,1213200
2023-12-08,75.0181884765625,75.91966667118453,74.84181312063095,75.57670919105416,1100400
2023-12-11,74.92020416259766,75.57670952758586,74.55765274163802,74.99859487130506,1274200
2023-12-12,75.28277587890625,75.41015520808365,73.85217870019662,74.96922043529526,1773500
2023-12-13,75.72369384765625,75.8510806243164,74.5478630639845,75.39054453339085,1374800
2023-12-14,72.98009490966797,75.7628982520509,71.56909182014947,75.48853820147802,1881300
2023-12-15,72.78411865234375,73.48962020240697,72.59794255559075,73.00949011029479,5933200
2023-12-18,73.23485565185547,73.47002782405114,72.47056478159682,72.79392091155269,1064200
2023-12-19,74.50867462158203,74.7634407227928,73.48961769248945,73.87176310643035,998200
2023-12-20,73.22506713867188,74.72425432324872,73.17607106403482,74.46948819148851,1434600
2023-12-21,73.21525573730469,74.03833584560668,73.04868106906504,73.25445109614054,908200
2023-12-22,74.48907470703125,74.83203224378444,73.11727446302106,73.11727446302106,964000
2023-12-27,75.84127807617188,76.10583737956654,74.4400758971566,74.46947054467272,903500
2023-12-28,75.92947387695312,77.10531229148084,75.82168850206098,75.82168850206098,957900
2023-12-29,76.4585952758789,76.51738457642773,75.684503757068,76.18423523898396,610800
2024-01-02,76.4977798461914,76.61536590645598,75.70409449771606,76.1842244945685,762700
2024-01-03,76.73294830322266,77.26207438707739,76.28221293010557,76.28221293010557,543400
2024-01-04,77.71280670166016,77.7911974093126,76.87992599116365,76.91912134498986,870100
2024-01-05,77.57562255859375,78.27132323142264,77.15428187214819,77.65401326206012,940500
2024-01-08,78.40850830078125,78.43791042329634,77.10529828109054,77.73240899792275,1070700
2024-01-09,78.0165786743164,78.29093870998803,77.50704648599742,78.28113800135682,1554200
2024-01-10,78.74166107177734,79.19239640935533,77.83038968961452,78.03615968226431,1151200
2024-01-11,78.18315124511719,79.15321205257825,77.26207902799753,78.78086736783312,901100
2024-01-12,76.44880676269531,78.6045069942941,76.32142743260258,78.467326953963,1233200
2024-01-15,76.59577941894531,76.86034623716236,76.24302864515639,76.42920474125353,438400
2024-01-16,77.22289276123047,77.89899967898651,75.55713097852109,76.79175872702095,1745000
2024-01-17,77.32086181640625,77.64421037657154,76.03723837934571,76.93870901666776,1223100
2024-01-18,79.66275024414062,79.67254347749854,77.55604633083851,77.60503492488002,1259900
2024-01-19,80.0546875,80.0840896268117,79.04543127623013,79.84891746682123,1413400
2024-01-22,79.47657012939453,80.29965023486156,78.85926005029425,80.29965023486156,925300
2024-01-23,79.8097152709961,80.0546806431916,79.00622914922484,79.2903898780616,1025000
2024-01-24,79.7215347290039,80.66220090130555,79.5647532957452,79.92730475334331,699400
2024-01-25,78.96704864501953,79.8783203000124,78.77107930070439,79.67255024575611,743500
2024-01-26,78.04596710205078,79.26099322418997,77.95777568290173,78.95723856259261,674500
2024-01-29,78.40850830078125,78.4770983018176,77.8009989989591,78.04596435633886,546500
2024-01-30,78.66329193115234,78.96704664989174,77.83041102522905,78.3791311560489,682700
2024-01-31,77.19348907470703,78.80046136372695,77.07591047720564,78.41831597034722,1330700
2024-02-01,78.6730728149414,78.80045210585278,77.50703535504387,77.50703535504387,715400
2024-02-02,78.44770812988281,78.97683422909553,77.8010034369005,78.67307956085762,641000
2024-02-05,77.11509704589844,79.00623003958998,76.97791703398299,78.9082453847575,666500
2024-02-06,77.59522247314453,77.8597817475459,77.03670180429829,77.71280105032345,549900
2024-02-07,77.64423370361328,78.17335988250912,77.13470894379748,77.47765902018801,501600
2024-02-08,78.47710418701172,78.59469025864188,77.02691334898984,77.65402411285065,820400
2024-02-09,79.49616241455078,79.74112779451448,78.35952693890926,78.4673123041533,1444100
2024-02-12,78.95723724365234,80.02528263320177,78.7808618840502,79.37857796516028,487000
2024-02-13,79.01603698730469,79.30999845076475,78.29094151338724,78.64369227923909,1491700
2024-02-14,82.59251403808594,82.75908867330436,79.27078466167703,79.27078466167703,1676300
2024-02-15,81.59306335449219,83.19024237494465,81.3383047484721,82.6219209139769,1386100
2024-02-16,80.34864044189453,82.06339801230081,80.211460434322,82.06339801230081,1030600
2024-02-20,83.35682678222656,83.53320217088427,80.35845265079637,80.35845265079637,1619800
2024-02-21,82.955078125,83.88594355910124,82.80809740494455,83.08245742864807,1002200
2024-02-22,84.45426177978516,85.01278251394812,83.36661495919154,83.38620889909652,1443400
2024-02-23,84.53265380859375,85.06177995006631,84.00353514287164,84.45427056507039,1039500
2024-02-26,84.3660659790039,85.51250203551815,84.2484873941815,84.66982809987681,1184500
2024-02-27,84.23869323730469,84.80701469397026,83.68017248871952,84.07211857868715,1032600
2024-02-28,82.84730529785156,84.56206318121305,82.65132848287388,84.26810169662207,1153600
2024-02-29,82.47493743896484,83.36661495749175,82.36715208011545,82.79829351551304,2057900
2024-03-01,82.32796478271484,82.76890696909844,81.63226397388782,82.1711908208843,775800
2024-03-04,81.86742401123047,82.50432794880703,81.65185330434332,82.22017471781865,591900
2024-03-05,81.96540832519531,83.07264902565244,81.6420522661749,81.81842761875428,1138100
2024-03-06,81.88703155517578,82.67092380577712,81.6812615214368,82.12219624005596,680700
2024-03-07,83.30782318115234,83.43520996329372,81.97521839100129,82.38675843541927,799100
2024-03-08,80.8973617553711,83.55278548085894,80.54461102294653,83.52339083244854,1019600
2024-03-11,80.86797332763672,81.87722953802906,80.51522256807719,81.25991944667511,1086100
2024-03-12,81.7988510131836,81.99482034613158,81.0835487439968,81.22072877221056,1133500
2024-03-13,81.40690612792969,82.05361091723964,81.06395605210236,81.5342854487367,1797100
2024-03-14,80.86797332763672,81.37750552511176,80.28005788695432,80.9561647554018,1370400
2024-03-15,82.03401947021484,82.88649433096177,80.79939168391613,81.74005798155999,5387100
2024-03-18,79.23159790039062,82.68070693488225,79.00622647626564,82.16138155951771,1456700
2024-03-19,80.70138549804688,80.98554620112266,79.30018339708658,79.30018339708658,1158500
2024-03-20,79.87831115722656,80.81898483437436,79.28060248275308,80.69159804697392,985900
2024-03-21,76.51738739013672,77.4090650185845,73.32304401368239,74.46948027104331,3891800
2024-03-22,76.33121490478516,76.6741649461354,74.5576604468021,76.11564417143637,2241300
2024-03-25,76.20382690429688,76.91912910119214,75.53752077356228,75.96866223337587,3240200
2024-03-26,75.61589813232422,76.7035448223683,74.68503284570033,75.09657281605519,2867100
2024-03-27,75.70409393310547,76.35079857036422,75.44932787564028,76.16462998768705,2360000
2024-03-28,75.92507934570312,76.55361389459418,75.62063503091233,75.6697423364631,3175600
2024-04-01,74.28498840332031,75.64026445823785,74.16713537965367,75.62062603398772,2238100
2024-04-02,73.3421859741211,73.94125905963139,72.99845735769433,73.72519893138546,2582600
2024-04-03,73.25379180908203,73.76448072964625,72.75293333929072,73.10648490192084,2055800
2024-04-04,72.85114288330078,73.89215168997876,72.71365143686111,73.6564531378996,1825600
2024-04-05,74.098388671875,74.50104754451503,72.34046125503359,72.68418987026175,1497200
2024-04-08,74.7760238647461,75.86613987203378,73.99035210522878,73.99035210522878,1488200
2024-04-09,74.38318634033203,75.07065098788974,73.73501352187475,74.7170994531963,1974400
2024-04-10,74.098388671875,74.31444879936751,73.58770722821058,73.99035860812874,1351100
2024-04-11,74.39302062988281,74.52068912302276,73.74484021996729,74.47158931460993,1475600
2024-04-12,74.07876586914062,74.29482604219452,73.66629144388688,74.1376886462559,1040300
2024-04-15,74.71710968017578,75.17869132991173,74.06892928027712,74.51087250549585,1766300
2024-04-16,73.7546615600586,74.93316932693445,73.68591583561165,74.83495472681996,2822400
2024-04-17,73.92161560058594,74.26535172116307,73.28326564573615,74.10821435258813,1283500
2024-04-18,74.05912017822266,74.65818583650041,73.34219399182577,74.05912017822266,1469400
2024-04-19,74.69746398925781,75.22779136549387,73.71537792053668,73.83323094616317,1399100
2024-04-22,76.36700439453125,76.84822440466245,74.67781538769563,74.67781538769563,1890300
2024-04-23,76.4161148071289,77.49641547969343,76.2197005899656,76.60271355833952,2124700
2024-04-24,76.20005798339844,77.14286724636791,76.00364375770121,76.41611812729884,1104200
2024-04-25,75.99382019042969,76.11167322053832,74.53051399034547,75.63045312652557,1007400
2024-04-26,76.35718536376953,76.84822835646258,75.9643494710708,76.111663867423,780200
2024-04-29,76.28843688964844,76.88750991851855,75.99380810758338,76.3866439860964,1334000
2024-04-30,74.93317413330078,76.12149744223196,74.93317413330078,76.11167448304604,1779700
2024-05-01,74.40283203125,74.81530632291224,74.21623330718903,74.65816897786699,674100
2024-05-02,73.65645599365234,74.74657214177617,73.46985724079732,74.46176627947405,1641000
2024-05-03,73.64662170410156,74.30462497087761,72.87077292120881,74.03945757417297,796300
2024-05-06,73.90196228027344,74.26533675231998,73.47966505324877,73.78410927759657,1190700
2024-05-07,73.3814697265625,74.52068563083114,73.04755657848115,74.06892695390376,1018000
2024-05-08,73.67609405517578,73.88233872453658,72.92971403288026,73.15558963422265,1968100
2024-05-09,73.42076110839844,74.19661004950274,73.2734466904911,73.89215825443489,1485600
2024-05-10,74.33409118652344,74.5108669649216,73.36182065897277,73.36182065897277,970500
2024-05-13,74.01982116699219,75.53223443766183,73.36181788230726,74.41264955503419,1126500
2024-05-14,74.86441802978516,74.88405645271303,74.01000052435481,74.06892328585985,935100
2024-05-15,75.33583068847656,75.65992092922662,74.73675751353483,74.80550324708274,1076700
2024-05-16,74.1376724243164,75.71883153454179,74.09838808392749,75.53224028359668,1535500
2024-05-17,74.05912017822266,74.59926306516354,73.84306002635722,74.15732729469165,866900
2024-05-21,74.55015563964844,74.93316859966718,73.33236354309051,73.87251386758975,1239000
2024-05-22,76.21969604492188,76.29826472419093,74.11803257716555,74.55996828579106,1258100
2024-05-23,77.94818115234375,78.55706977569939,76.17060010915715,76.34737591752038,1704000
2024-05-24,78.77311706542969,78.79276298132996,77.3490953642437,77.98745276201456,800100
2024-05-27,79.10702514648438,79.35254663049864,78.42938345293426,78.70436631619486,346500
2024-05-28,78.91061401367188,79.25434263870277,78.19369538042488,78.75348413911007,975000
2024-05-29,76.69110107421875,78.76330337494568,76.6518242232399,78.73384199035033,2564100
2024-05-30,76.76966857910156,77.34910327386699,75.62062964124765,76.59289278153001,1637300
2024-05-31,78.12493896484375,78.30171473248717,76.15094414161237,76.789301496587,2821800
2024-06-03,78.15441131591797,78.4883169834979,77.30981669557545,77.75175243036584,1197000
2024-06-04,78.23296356201172,78.44901615831492,77.36872320591681,78.14457193799268,1272100
2024-06-05,78.14457702636719,78.49812856002374,77.80084844995693,78.39992146572382,872000
2024-06-06,78.57670593261719,79.24452473760746,77.98745580885443,77.98745580885443,1018800
2024-06-07,78.70437622070312,78.91061339410238,78.28207891534598,78.56688477177029,686800
2024-06-10,76.54379272460938,78.59634906886866,75.89561230470288,78.51778038293048,2076000
2024-06-11,75.71883392333984,76.38665274557637,75.45367398325156,76.36701432112325,1552500
2024-06-12,78.64544677734375,78.74365387642571,75.8661416662681,75.8661416662681,1930800
2024-06-13,77.46694946289062,78.37047437626745,77.00537528624842,78.37047437626745,925000
2024-06-14,74.54032897949219,77.41784126232591,74.26534609802901,77.41784126232591,1832500
2024-06-17,75.36528015136719,75.41438745015603,73.89215110036388,74.38319411736498,2591300
2024-06-18,74.93317413330078,75.85632999326965,74.71711398754556,75.13941131987008,1223400
2024-06-19,75.08047485351562,75.71883227884734,74.54033202648253,74.8349533432128,684500
2024-06-20,75.6402587890625,76.40629214639914,74.63853438750134,75.1295773768928,2463400
2024-06-21,76.65182495117188,77.70265680381235,75.93489878407954,76.44558027160096,7460500
2024-06-24,77.01518249511719,77.87942297240448,75.96435077246049,76.8089453337795,1254900
2024-06-25,78.07584381103516,78.32136533245351,76.40630046247927,76.9464433139663,1456100
2024-06-26,75.73846435546875,76.91696439247946,73.60733234100566,73.65643963118131,2939200
2024-06-27,76.1116714477539,76.27862428364404,74.70728804907355,75.62062840615549,1550700
2024-06-28,75.39474487304688,76.32773114230726,75.20815361337252,76.06256370545726,2801500
2024-07-02,76.21969604492188,76.40629478500546,74.71710564432915,74.77602840742011,3197900
2024-07-03,76.36700439453125,77.26069869906061,76.09202153159913,76.17058271192184,590400
2024-07-04,76.58307647705078,76.70092201232706,76.13131028275097,76.22952488577751,1243400
2024-07-05,76.6962661743164,77.05061298236656,75.89898961099108,76.75532898204146,1488100
2024-07-08,78.12349700927734,78.20223490215749,76.17458960117698,76.33208040608706,1686700
2024-07-09,78.48767852783203,78.84202531654614,77.621501660739,77.97584844945311,3505100
2024-07-10,80.3775405883789,80.5842416559611,78.4680057122736,78.55658866570501,3341200
2024-07-11,79.63931274414062,80.74171834755771,79.01920208264356,80.36768894776618,1816900
2024-07-12,80.21018981933594,80.62359938729763,79.35385805690095,79.47196863954072,802200
2024-07-15,80.27909088134766,80.77123833895195,79.72788813189462,80.39720897461942,1068500
2024-07-16,80.94841766357422,81.68663890414683,80.50548792306057,80.50548792306057,645800
2024-07-17,80.02318572998047,80.49564312004972,79.59009353110464,80.49564312004972,870500
2024-07-18,80.94841766357422,81.37166480855217,79.72789398184177,79.91491243251744,1007500
2024-07-19,80.76140594482422,81.19449062861247,80.29878610365463,80.80077113551657,672000
2024-07-22,81.68663787841797,81.81460103130495,79.96412167204464,81.05668969513884,875500
2024-07-23,81.1944808959961,81.97207473651888,80.93856963929782,81.30275393135837,933000
2024-07-24,81.54883575439453,81.79490949385232,80.88935993494557,81.07637837999735,1081400
2024-07-25,81.10590362548828,81.60789614179801,80.49563806625734,81.3716599520203,597400
2024-07-26,81.32244873046875,81.85396888669624,80.83030127206266,81.4602494180565,914800
2024-07-29,82.0114517211914,82.57249952033193,81.38150357863272,81.64725990051015,1745600
2024-07-30,82.68077850341797,82.92685224896385,82.0016125626474,82.30674911363514,1123200
2024-07-31,83.77334594726562,84.18674803458737,82.7890509719807,83.17292541157585,986800
2024-08-01,81.3027572631836,83.82255731447187,81.10590128695247,83.66506652582767,1041300
2024-08-02,80.47595977783203,80.92873456810392,78.7829712083786,80.15114063168869,1299500
2024-08-06,79.44245147705078,80.33816356466212,78.0152266782741,78.3991011416575,2296100
2024-08-07,77.15888214111328,80.02318411002688,76.84390805091837,80.02318411002688,1217500
2024-08-08,78.408935546875,78.68453691807522,77.34589524975344,77.77897990039344,745500
2024-08-09,78.63533020019531,78.9207766631453,77.7494631616566,78.56642984772982,2393100
2024-08-12,79.33417510986328,79.4227655644087,78.20223436348745,78.63532656443208,964600
2024-08-13,81.03700256347656,81.18464830338701,79.5703977258269,79.72788851761784,1443000
2024-08-14,81.25355529785156,81.39135599716023,79.92475103947173,81.09606449317029,721100
2024-08-15,82.5232925415039,82.70046594907082,81.67680571599001,81.77523371806603,1126200
2024-08-16,82.25752258300781,82.83826046550452,82.10987684952059,82.27720517633827,471000
2024-08-19,80.48580169677734,82.56266482111056,78.54674678613452,78.74360278927765,1668500
2024-08-20,79.59994506835938,81.06654262097341,79.540882257608,80.60392273622743,921900
2024-08-21,79.16683197021484,80.70232947272062,78.89123062459313,79.03887634819718,1201000
2024-08-22,77.68054962158203,79.53102879006228,77.3163653244803,79.24558237557173,1394900
2024-08-23,77.04076385498047,78.2514499700507,76.8340628128123,77.96600352813049,1182900
2024-08-26,77.15888214111328,77.53291152647765,76.9521810984455,77.08013674117089,1795700
2024-08-27,78.20223236083984,78.85187064562048,77.78883027574744,77.80852038050878,1134400
2024-08-28,77.72977447509766,78.59595133959733,77.55260108127106,78.08412126275084,852200
2024-08-29,76.53878021240234,77.90694964214707,76.38128941004982,77.89710458960634,2471300
2024-08-30,75.72180938720703,76.3517575426554,74.91468784369042,76.28285719782744,2471200
2024-09-03,73.82212829589844,75.71197297797539,73.71385524029844,75.69229038130958,1415500
2024-09-04,73.26107788085938,74.60956474775192,72.81814813027295,72.83783072625624,1963200
2024-09-05,74.2256851196289,74.33395065435117,71.22358254517387,72.50316897254883,1685500
2024-09-06,75.65290832519531,75.97772745183691,73.93039221125112,74.50128506845617,1494800
2024-09-09,76.6962661743164,76.75532898204146,75.10171304766575,75.91867220718274,2847800
2024-09-10,75.63320922851562,76.60766649257636,74.81625024745874,76.5781388499515,2173200
2024-09-11,75.46588897705078,75.93835383824904,74.5997121593572,75.73165280821675,1352600
2024-09-12,74.67845916748047,76.09583876254112,74.4914407274038,75.80055478879174,3773400
2024-09-13,73.9927978515625,75.17667960641285,73.94346630888681,74.79191765973965,1526200
2024-09-16,74.73271942138672,74.88070650978656,73.99279150632348,74.40714933229425,2916600
2024-09-17,74.30848693847656,75.22599776972903,74.22955949500778,75.14707032626025,2180600
2024-09-18,74.3676986694336,74.87085184759633,74.28877873176944,74.32823493713286,1921400
2024-09-19,74.87083435058594,75.76861711501051,74.67352326213037,75.21613251885094,1395200
2024-09-20,75.06815338134766,75.45292284033553,74.2098417761264,74.53541188076579,11452600
2024-09-23,75.54171752929688,76.51842040610961,75.21614739471362,75.57131344572498,1037800
2024-09-24,74.33808898925781,75.69956115729454,74.1999697152448,75.69956115729454,970900
2024-09-25,73.9237289428711,74.53540537147775,73.81520558413547,74.45647792386353,667100
2024-09-26,74.1111831665039,74.48607726955436,73.2134003441005,74.18024280461678,1272700
2024-09-27,74.30848693847656,75.15693813842768,73.99278469153674,74.01251278893629,1168700
2024-09-30,73.76588439941406,74.6537994923384,73.49951363500514,73.49951363500514,1127900
2024-10-01,73.20352935791016,73.84480169941111,73.10487381158748,73.667218705256,1057900
2024-10-02,72.16763305664062,73.22326318290212,71.78287116658782,72.0196459773275,1941800
2024-10-03,72.85823059082031,73.61789409790265,72.07883898540788,72.22682606715834,1167500
2024-10-04,72.96675872802734,73.43044810197871,72.70038798497876,72.84836754948567,762900
2024-10-07,72.82864379882812,73.12461799938833,72.45374966813023,72.58200114067347,846900
2024-10-08,73.4008560180664,73.59816713232588,72.80891514835146,73.00622626261094,938300
2024-10-09,72.79904174804688,73.42057848451111,72.47347166025972,73.00622066020162,1401200
2024-10-10,73.79548645019531,74.11118875206724,72.58200125825647,72.80891581597845,1368900
2024-10-11,71.29944610595703,74.08157459079659,71.25012209754534,73.87439569082227,2172300
2024-10-15,72.0196533203125,72.43401116308794,71.08241426732953,71.79273877197188,1651300
2024-10-16,73.19367218017578,73.35151955560764,71.93086306897682,72.02951861948874,1409500
2024-10-17,72.75958251953125,73.54884201865327,71.75328380874026,73.1640800827388,1198000
2024-10-18,72.73986053466797,73.27260208538789,72.3748266684205,72.79905236765083,831500
2024-10-21,73.18380737304688,73.29233074114835,72.70038988682705,72.7694495277156,763300
2024-10-22,73.09500885009766,73.45017485226184,72.21696165778508,72.93716147521135,704700
2024-10-23,72.48333740234375,73.33178865279463,72.40440995417721,72.93715893889771,691600
2024-10-24,71.03307342529297,72.8187635569484,71.0133453278597,72.04923979915071,1519300
2024-10-25,70.47073364257812,71.63488717539252,70.35234246863678,71.1514697206031,1372700
2024-10-28,73.19367218017578,73.32192364314767,70.40167569176607,70.51019905540998,1895500
2024-10-29,72.32548522949219,73.1838043250186,71.76314031226757,72.92729387228611,1175200
2024-10-30,73.18380737304688,73.22327110025981,71.46717663743419,71.96046193719134,1187200
2024-10-31,71.6348876953125,73.00622014727536,71.27972169784655,73.00622014727536,2188000
2024-11-01,72.05911254882812,72.80890826056859,71.54609165718725,71.56582728290812,786300
2024-11-04,71.61515808105469,72.58200060574744,71.3389195102672,71.82234453608184,809800
2024-11-05,72.65105438232422,72.97662446886595,71.31918565103233,71.59542419951528,754600
2024-11-06,75.31478881835938,75.42331217617891,73.56856233451573,73.71654941580924,1543600
2024-11-07,75.76862335205078,75.9462063570531,74.77218496137468,75.26547025005486,736600
2024-11-08,75.99553680419922,76.54801396567895,75.245740994379,75.76862976727867,968900
2024-11-11,75.74888610839844,77.17941793119493,75.50224346932346,76.30136321130686,717100
2024-11-12,76.35069274902344,76.47894420828446,74.93002877656244,75.57130112673919,737000
2024-11-13,77.67269897460938,77.78121480510492,76.23229941723875,76.32109467647133,1039000
2024-11-14,80.23778533935547,81.39207108648091,77.67270339232024,77.8009548552444,2497900
2024-11-15,78.30411529541016,80.10953386663353,77.40633238988889,79.9122227471683,1560000
2024-11-18,77.30767059326172,78.63953935954363,76.79464968094196,78.0870622480634,2886200
2024-11-19,76.54801177978516,77.34713911060493,76.42962812109822,77.08076082468614,1039000
2024-11-20,76.16324615478516,76.65653144730821,75.11748374325587,76.62693553406662,1198500
2024-11-21,77.63323974609375,77.70229938419058,75.87714535425783,76.25203945722117,1145500
2024-11-22,77.53457641601562,78.09692885903284,77.06102676401882,77.55431204222816,936700
2024-11-25,76.77491760253906,78.20544184645821,76.51840715967272,77.69242848766125,3709900
2024-11-26,78.02786254882812,78.32383672976981,73.9927925418107,73.9927925418107,1986600
2024-11-27,81.36247253417969,81.74723443740434,77.62336933507972,77.93907160251882,1884400
2024-11-28,81.68804931640625,82.11227497873276,81.12570437117682,81.2934195679966,707200
2024-11-29,80.81000518798828,81.73737647646605,80.54362689861163,81.53019754413793,739700
2024-12-02,81.91494750976562,82.17145794761784,80.34630402579745,80.67186657072017,1075600
2024-12-03,81.91494750976562,82.60555137676225,81.08623190169239,81.42166225916901,1912800
2024-12-04,81.79133605957031,82.50334020003325,80.81233413876106,82.07811592418203,1037500
2024-12-05,80.64422607421875,82.36489775838079,80.52555619975233,81.55400581116376,925100
2024-12-06,80.47611236572266,81.56390073850717,80.1992235234339,80.71345212596025,781100
2024-12-09,80.61455535888672,81.2672283709962,80.38711419017339,80.59478081821142,1234600
2024-12-10,80.08055877685547,80.52555761075622,79.63555239829985,80.31789098529221,1186100
2024-12-11,80.67388916015625,80.71344578375428,79.76410945136507,80.07066385343167,1189900
2024-12-12,79.59600067138672,80.16956045967459,78.75544307525745,80.09044720377516,1409900
2024-12-13,80.00144958496094,81.23756590257574,79.14110991182514,80.07067179696115,1090900
2024-12-16,79.45755004882812,80.03110979238286,78.94332901489769,79.75422096298533,1519700
2024-12-17,79.22021484375,80.43654894748421,79.16088368102768,79.34876821119984,1132700
2024-12-18,79.06199645996094,80.59478370784961,78.3499998002977,80.59478370784961,1782000
2024-12-19,78.65655517578125,79.53666939871971,77.21277220843663,78.63677308950436,1575100
2024-12-20,79.89266204833984,80.65410629745158,78.66643690725604,79.12132675726045,4988800
2024-12-23,79.53666687011719,80.0410044289696,78.09288394867284,79.21033035882121,1113100
2024-12-24,79.69488525390625,79.69488525390625,78.3005500120415,79.69488525390625,313200
2024-12-27,79.24988555908203,79.57622206450444,78.59722009289217,79.3191077682939,1225400
2024-12-30,78.25110626220703,78.78510942774858,77.54899308473261,78.72577825757355,867100
2024-12-31,78.83454895019531,79.22021660577735,77.86543051780029,78.33021142187471,1290800
2025-01-02,78.1719970703125,79.19055568447097,77.63799392854247,79.14110801508936,940200
2025-01-03,77.68743896484375,78.53788762832015,77.32155334904601,78.34011202760006,1079800
2025-01-06,75.95687103271484,78.1225491773643,75.83820869798669,78.1225491773643,1145900
2025-01-07,75.0470962524414,76.16454273187595,74.88887728072275,75.98654167328274,1506600
2025-01-08,76.92599487304688,77.12377047446138,75.45254627193873,75.65032187335323,1473500
2025-01-09,77.10399627685547,77.15343640510231,76.3128787783498,76.5798841405741,404800
2025-01-10,75.68986511230469,76.93587230582109,75.15586202936908,76.73808919474074,965800
2025-01-13,74.41419219970703,75.57119510491901,74.38452661926378,74.6614154296064,1152800
2025-01-14,73.86042785644531,74.76031665182612,73.23742037652609,74.2955356889199,1011100
2025-01-15,74.44386291503906,75.15586707340556,73.81097200641435,74.32520058508115,1185200
2025-01-16,75.4327621459961,75.60087215711984,74.5427568743772,74.5427568743772,892500
2025-01-17,75.92720031738281,76.66887003792716,75.40308825534287,75.81842148813061,859400
2025-01-20,75.97665405273438,76.36232173465444,75.42286882012327,76.0260941779275,189600
2025-01-21,75.15586853027344,76.31287153771969,74.72075319291388,76.31287153771969,1184400
2025-01-22,75.4723129272461,75.83820605074769,74.55264214193002,75.15586747125856,860300
2025-01-23,75.89753723144531,76.26343035502117,75.44264735991185,75.44264735991185,1159300
2025-01-24,74.94820404052734,75.75909602757659,74.83942520308676,75.75909602757659,1100200
2025-01-27,74.84931182861328,75.50197727008374,74.48341871111998,74.66141974873095,1102700
2025-01-28,75.0866470336914,75.27453912108862,74.08786297466852,74.78009261291066,1345500
2025-01-29,75.18553161621094,75.6404214789537,74.88886825076374,75.2053137007002,715000
2025-01-30,76.56009674072266,76.87654220923432,75.05698265145604,75.20531811521418,1205900
2025-01-31,75.89753723144531,76.99520905751808,75.29431190199435,76.67876360146633,1456800
2025-02-03,74.37464141845703,75.35364337323965,73.54397492219417,73.54397492219417,1359400
2025-02-04,74.86909484863281,75.56132453759486,73.8999838466037,73.95931501764268,1079900
2025-02-05,74.76030731201172,75.41298029616847,74.06808524819819,75.11630938616001,1026000
2025-02-06,74.37464141845703,75.15586779164987,73.80108166932992,74.87897895956225,1024500
2025-02-07,73.69230651855469,74.71087269414006,73.38575208837518,74.44386734653096,1277800
2025-02-10,72.1595230102539,73.45497041865963,71.91229976164794,73.22752925494883,2058900
2025-02-11,71.68485260009766,72.18919015063976,71.46729492948518,72.17929910797875,1352600
2025-02-12,71.77385711669922,71.77385711669922,71.03218735258395,71.24974502386922,1457800
2025-02-13,72.74296569824219,73.71208414500123,71.84307700343106,72.00129595810627,1511600
2025-02-14,71.5464096069336,72.87153019767683,71.34863401770272,72.28807938353205,1195500
2025-02-18,71.2101821899414,71.64528994992604,70.52784365214929,71.26951335160878,1169800
2025-02-19,70.79484558105469,71.1508476612704,70.45862558565916,71.12118207869489,1374100
2025-02-20,70.25096130371094,70.80473898265159,69.90485025437303,70.79484793991192,1372600
2025-02-21,69.47962951660156,70.38940933428975,69.08407077792896,70.13229502245426,1449300
2025-02-24,70.3795166015625,70.67618753460914,69.2719612134529,69.47962784872344,1012100
2025-02-25,71.1805191040039,71.89251570293106,70.15206951268078,70.38940171232316,1088000
2025-02-26,69.71694946289062,71.17062323330406,69.51917390071569,71.14095765344322,1055300
2025-02-27,69.84552001953125,70.39930531033818,69.11374120573802,69.85541106347135,1097500
2025-02-28,71.1310806274414,71.17063725660135,69.8554076294914,71.03219282686932,3238700
2025-03-03,70.02351379394531,71.14096775845606,69.76640703552873,70.95307566644341,1146400
2025-03-04,69.85540771484375,70.36963634989584,68.75773577444454,69.37085221018955,1023100
2025-03-05,70.51795196533203,70.6366218322357,69.22250464974755,69.89495213955983,829600
2025-03-06,73.23741912841797,73.45497681327545,69.96418544621349,69.96418544621349,1872700
2025-03-07,71.94196319580078,72.99018732429549,71.60574320917213,72.79241174917918,1286200
2025-03-10,70.65641021728516,71.57608111821327,70.11252352953233,71.20030444969372,2288600
2025-03-11,68.81707000732422,70.39930506742049,68.50062450423616,70.21141295648647,1637500
2025-03-12,68.84674072265625,69.08407295547842,67.18540000358972,68.78740200595897,1903400
2025-03-13,67.39306640625,68.68851395550367,67.35350977681365,68.67862291198068,1716100
2025-03-14,67.01728057861328,67.62050595978553,66.87883615126117,67.39306477684511,1945000
2025-03-17,67.23483276367188,67.90728030351953,66.7502773075721,66.7502773075721,1549200
2025-03-18,65.80094146728516,67.10627993228199,65.2174906710328,67.10627993228199,2271000
2025-03-19,69.95429229736328,70.55751766189158,66.26572544308264,67.24472745081904,2055500
2025-03-20,69.86529541015625,70.8442974160139,69.49940226600602,70.8442974160139,1655500
2025-03-21,69.5884017944336,70.66629152237279,69.44995738065525,69.81584295507457,2758000
2025-03-24,69.30162811279297,70.70585446059376,69.22251485652536,69.75651801934863,1376500
2025-03-25,69.46974182128906,69.96418838229468,68.93573863004431,68.98518630400719,1246700
2025-03-26,68.63907623291016,69.538965063996,67.97651209744902,69.44996830313674,1327900
2025-03-27,69.80428314208984,69.83403230109131,68.57460331926427,68.64402054557111,1119700
2025-03-28,69.19937133789062,69.79437732727439,69.0902860238139,69.47704029520894,888500
2025-03-31,70.37946319580078,70.43896151754598,68.6936042758833,68.95144294663035,1505600
2025-04-01,70.84555053710938,71.45047533542211,69.85387153212592,70.15137069407473,903800
2025-04-02,72.3529052734375,72.37274309208597,70.20096347064974,70.66705385204574,1163500
2025-04-03,72.41239929199219,73.62224891663827,70.19104038783657,70.84555217792139,1676200
2025-04-04,69.57620239257812,71.54964148755357,69.5266154161278,71.23230450963837,1928900
2025-04-07,68.1581039428711,69.70512082859821,67.31517070373502,67.87051611254041,1848200
2025-04-08,68.42585754394531,69.62578834079213,67.68209822281547,69.2787021707804,2113100
2025-04-09,68.77294158935547,69.46712147384467,67.69201504101046,67.93001589796435,1807100
2025-04-10,68.20767974853516,68.6638511762057,67.24574991731042,68.42585033696677,1972000
2025-04-11,70.31996154785156,70.56788129794398,67.81100732155157,67.86059429793418,1145400
2025-04-14,69.78446197509766,70.87530748730275,69.1894484539756,70.80589025196001,1085600
2025-04-15,69.03077697753906,70.05220515448705,68.76301940604348,70.05220515448705,1141100
2025-04-16,69.79436492919922,69.95303720000167,68.56468509412143,69.16960988621274,1563800
2025-04-17,70.70672607421875,70.71663741821382,69.03078589785537,69.77454525670377,645900
2025-04-21,71.35130310058594,71.36122200932955,70.29020684233512,70.35962407171935,862700
2025-04-22,72.6801528930664,72.81898734411672,71.62897560199683,71.75789114485494,1017600
2025-04-23,72.54132843017578,73.76108949891012,72.47191119509262,73.0966663108411,970100
2025-04-24,71.62897491455078,72.47190052095506,70.93479510005133,72.46198161285805,918200
2025-04-25,71.81739807128906,72.11490482543769,71.31164718151186,71.66864469421475,592400
2025-04-28,72.29341125488281,73.10658785194724,71.74798469823105,71.77773386206452,860900
2025-04-29,71.85706329345703,72.95782764788137,71.70830992228143,72.1446511268203,665300
2025-04-30,71.36122131347656,71.7678133429842,70.79596457517093,71.7678133429842,1553400
2025-05-01,69.1001968383789,71.36122387268813,68.79277875249446,71.36122387268813,1405400
2025-05-02,70.83563995361328,70.83563995361328,69.36795152474609,69.53654272549896,1029300
2025-05-05,70.48855590820312,71.28189468989859,69.80429487253991,70.76622486009212,661400
2025-05-06,70.1910400390625,70.81580266575008,69.91337112316158,70.0720433984824,850400
2025-05-07,69.97286987304688,70.43896022727517,69.47703035849091,70.23070853907093,1090500
2025-05-08,69.04070281982422,70.55797065764135,68.97128558430028,70.16129749782827,2634400
2025-05-09,69.41753387451172,69.71504061748108,68.65394433089283,69.22911243290375,1226600
2025-05-12,68.93161010742188,70.0125365967455,68.39610253408259,69.96295718578898,1621300
2025-05-13,68.43577575683594,69.49687207487864,68.03910260975499,68.92169638990683,1075000
2025-05-14,67.78126525878906,68.42585818970035,67.07717400271743,68.40602793661728,898200
2025-05-15,69.02085876464844,69.04069658209795,67.37467551413458,67.43417383466203,1402600
2025-05-16,68.46552276611328,69.02086061501886,68.14818577160857,68.97128120188701,856100
2025-05-20,69.12002563476562,69.31836598108711,68.15810332727119,68.39610417694637,1046700
2025-05-21,67.93993377685547,68.76302163757157,67.84076738512096,68.50519053224397,1272700
2025-05-22,67.34493255615234,67.9994368399639,67.28542666423402,67.93001960431856,926900
2025-05-23,68.22752380371094,68.46552466471172,67.06725352877129,67.24575606599963,1607300
2025-05-26,68.80269622802734,69.13987107097233,68.17794109157089,68.48535920485577,399800
2025-05-27,72.1446533203125,72.45207141508762,69.12002908945391,69.20928414123728,1833600
2025-05-28,72.3529052734375,72.62066286381481,71.59922704892672,71.98598128755084,1490500
2025-05-29,71.00421905517578,72.9082410311344,70.97446989397498,72.45206957226372,1020200
2025-05-30,70.5579605102539,72.2537306478119,70.29020295037571,70.99429411397628,2914000
2025-06-02,72.57107543945312,72.88841244268961,69.6158684495106,70.41913364982092,1547500
2025-06-03,72.0653076171875,72.6900701990533,71.01413034928756,72.55123575106312,1163700
2025-06-04,72.37273406982422,72.70990128570561,71.77772063912283,72.03555928803277,786600
2025-06-05,71.78764343261719,72.69007496968976,71.56947283833983,72.44215521544923,740700
2025-06-06,71.53972625732422,72.59090363210682,71.42072204727098,72.10498301473326,705400
2025-06-09,71.17279815673828,71.83722883361631,70.80588177069566,71.42071790553909,756500
2025-06-10,73.70158386230469,74.18750445968428,71.09347078471657,71.15296910433968,1249300
2025-06-11,72.0653076171875,74.07841467895513,72.02563955120317,73.6420810849474,1226500
2025-06-12,73.07682800292969,73.41399523162418,71.74797420734998,72.13472841245735,1080600
2025-06-13,72.5115737915039,73.56275114792678,72.25373512384732,72.69998766340895,906600
2025-06-16,72.07523345947266,73.21566587703512,71.80748344570581,72.64049021378996,1327400
2025-06-17,71.41081237792969,72.34298556450737,71.26205900335435,71.89673300669227,921500
2025-06-18,70.77613067626953,71.74797182808751,70.66704538450689,71.46038401943237,1354800
2025-06-19,70.2802963256836,71.01413669721657,70.12162404756259,70.5083782680942,546800
2025-06-20,69.44728088378906,70.79596496254891,68.76301993570796,70.79596496254891,3086900
2025-06-23,69.70511627197266,70.54804189009599,69.42744736867651,69.42744736867651,958200
2025-06-24,70.23070526123047,70.28029223673595,69.397698547292,69.52661409133194,1620300
2025-06-25,68.23743438720703,70.19104336569853,68.16801715494184,70.13154504258861,1563200
2025-06-26,68.32669067382812,69.12002940465186,67.53334437709337,68.42585706944222,1986800
2025-06-27,67.07717895507812,68.22753043251714,66.6110885311472,68.21761152228773,3414000
2025-06-30,67.12676239013672,67.43418049778501,66.37308413670631,66.98792791791418,1387000
2025-07-02,67.91018676757812,67.96968509132182,66.65075009832287,67.29534301388642,2958000
2025-07-03,68.38618469238281,68.58452503703438,67.84076576788968,68.10851577578114,768700
2025-07-04,68.55477142333984,69.14978491839808,67.97960331251356,68.08868861554684,493100
2025-07-07,68.71886444091797,69.78296235125276,68.37079644918475,68.59953117935983,1152700
2025-07-08,68.71886444091797,69.03709911726165,68.40062976457429,68.73875837605311,1273400
2025-07-09,69.02715301513672,69.11665295258982,68.30117619966327,68.6890244365849,815900
2025-07-10,69.2757797241211,70.05147626128687,68.89787083563608,68.99731774780628,1531000
2025-07-11,68.25145721435547,69.12660828548144,68.00283613047893,68.6492524660206,1292500
2025-07-14,68.51997375488281,68.84815541384022,67.54537574603422,68.34096626702546,1432300
2025-07-15,67.72438049316406,68.56969064543757,67.52548666462201,68.44041041561657,974200
2025-07-16,67.94316864013672,68.0426155549686,67.54537339349591,68.0426155549686,817500
2025-07-17,73.59183502197266,80.51344454058878,72.05038138861435,78.82282433852261,6754700
2025-07-18,75.01394653320312,75.08356012651666,73.50233382668948,73.99957594673263,3618500
2025-07-21,76.24710845947266,77.67916826062027,75.4614649623049,75.47141192962202,3401900
2025-07-22,76.38633728027344,77.23165501204274,76.1377162032385,76.22722373637392,1743700
2025-07-23,75.84931182861328,77.25153828926625,75.69019829103806,76.42611452536327,1846600
2025-07-24,74.46697998046875,76.27694106233494,74.26808615985999,75.77969892350013,1802700
2025-07-25,73.9200210571289,74.67582367470861,73.79073324011966,74.60621007605486,1310000
2025-07-28,73.08464813232422,73.64156449245623,72.76641346395435,73.6316175251379,1401700
2025-07-29,72.27912139892578,73.2835526965489,72.22939414750662,73.2835526965489,1890300
2025-07-30,72.72663879394531,72.87581296597943,71.53326059229951,72.18961632701063,1702500
2025-07-31,71.60286712646484,73.3929418395516,71.41391268805214,72.26916976349216,1802400
2025-08-01,69.79290008544922,71.28462635608095,69.64372594092362,71.28462635608095,1447100
2025-08-05,70.63822174072266,71.07579728002526,69.8824115148309,70.25037345354568,2421700
2025-08-06,70.39954376220703,71.17524029402519,69.86252133541454,70.60838455251861,1344500
2025-08-07,69.87246704101562,70.60838327748833,69.50450512912285,70.26031529992102,1082900
2025-08-08,69.60395050048828,70.45920756207316,69.56417022002937,70.13102593877166,592900
2025-08-11,69.55422973632812,70.1011915125024,69.4150025505883,69.4150025505883,1330100
2025-08-12,69.2757797241211,69.80285518720486,68.18184092830981,69.61390074296236,1624700
2025-08-13,69.70339965820312,70.04152825936329,69.1962181374323,69.37522561161992,1273800
2025-08-14,68.90782165527344,69.70340458442435,68.64925359932549,69.52440468489901,1064800
2025-08-15,69.6337890625,69.72329659710716,68.86803947105913,68.9078197545164,1224900
2025-08-18,70.3100357055664,70.35976295459376,69.54428614681044,69.61389974306097,1007500
2025-08-19,69.94208526611328,70.35976686684108,69.53434304589327,69.59401726550678,1145000
2025-08-20,69.84263610839844,70.16087078264184,69.67356801011826,69.97191633667093,804800
2025-08-21,69.92218780517578,70.13102859501048,69.544286507472,69.84263482855755,906800
2025-08-22,69.3155517578125,70.62827071294859,69.3155517578125,69.99180137635612,1281000
2025-08-25,69.21610260009766,69.61389781938526,68.66914081247583,69.14648900577077,981000
2025-08-26,68.46028900146484,69.35532630305046,68.09233470164968,69.08681890623095,2480300
2025-08-27,69.41500854492188,69.51445545942198,68.51002417215054,68.53985748776924,1543500
2025-08-28,68.4404067993164,69.23599724607308,68.1718993862409,68.93764893171112,1356900
2025-08-29,69.2260513305664,69.46472543329389,68.40062755729737,68.59952896566439,1274500
2025-09-02,68.85808563232422,69.42494133722802,68.42051773258379,69.047040063063,1453900
2025-09-03,73.17415618896484,74.1586935157856,70.31003656575822,70.35976381539396,2760800
2025-09-04,73.70123291015625,74.42720220843825,73.39294520162387,73.50233908284113,1871500
2025-09-05,75.81947326660156,75.8890868570935,73.74100493097616,73.74100493097616,2467700
2025-09-08,73.9200210571289,75.74986855734906,73.69128632594479,75.72003524182792,1848500
2025-09-09,73.56200408935547,73.84045847637374,73.00509531531894,73.750958532252,1331400
2025-09-10,73.59183502197266,73.84045608623609,72.80619154842272,73.32332761098577,1877900
2025-09-11,73.696533203125,73.89595251047663,73.15809194444488,73.59681594209025,1557900
2025-09-12,73.42731475830078,73.61676844088655,72.60968335970476,72.76922490448426,842100
2025-09-15,72.99855041503906,73.5070795383688,72.40028488560588,73.4173355249064,2067800
2025-09-16,72.60968017578125,73.34754076963245,72.17094855423551,73.01849966083238,2855200
2025-09-17,71.99147033691406,72.91878463349747,71.92167281383185,72.61965565201346,1599400
2025-09-18,71.5926284790039,72.14103539076996,71.52283095905699,72.03135248694493,1406800
2025-09-19,73.4073715209961,74.28482714323333,71.89175736479828,74.28482714323333,5212900
2025-09-22,72.35043334960938,73.1182137336786,72.34046770841552,72.98858432456163,1431300
2025-09-23,73.39739990234375,73.68656323602823,72.29060520034287,72.450146739214,1569200
2025-09-24,74.08541107177734,74.41445218990846,72.97861634593414,73.62673294132172,1414200
2025-09-25,73.17803192138672,74.32471197412262,73.13814653785096,73.71647318808077,1454200
2025-09-26,72.4301986694336,73.3475396759331,72.33048901348523,73.29768865163848,1359000
2025-09-29,73.53699493408203,73.81618501970513,72.5598220270419,72.72933681390674,1438200
2025-09-30,74.03555297851562,74.05549186776997,73.35751663347524,73.50708492864112,1119500
2025-10-01,74.43439483642578,74.46430697222152,73.79624391491978,74.03554860864477,907900
2025-10-02,74.06546020507812,74.40448215879881,73.82615551309581,74.2449406259046,1145600
2025-10-03,74.57398986816406,75.34176258050044,73.98568997058558,74.00563646602026,1227600
2025-10-06,73.05838012695312,74.70361616094605,73.01850234839868,74.70361616094605,814800
2025-10-07,72.88887023925781,73.22789220327405,71.95159033079717,73.21791895532554,890200
2025-10-08,72.50997161865234,73.14812256475204,72.36040332655037,73.14812256475204,989000
2025-10-09,72.46011352539062,72.6994258374806,71.80202368554167,72.52991104791035,1081300
2025-10-10,72.91878509521484,73.03844125298178,72.42022918222521,72.89884620593345,684900
2025-10-14,72.87889862060547,73.72644974591448,72.32051844075337,72.85895973162192,1880200
2025-10-15,73.1880111694336,73.6965403420074,72.6495698585954,73.12817928554512,1283000
2025-10-16,73.13814544677734,73.188004077293,72.28062873194875,73.0982600638366,965800
2025-10-17,74.73352813720703,74.95289395558045,72.7093923524405,72.74927773826835,1100200
2025-10-20,74.24494171142578,75.08251955664844,73.54696651320617,74.84320725380819,719600
2025-10-21,73.59681701660156,74.38453622465137,73.49710736146999,74.08540725925666,673300
2025-10-22,73.68656158447266,73.97572491167605,73.16805920212205,73.8660420080003,784100
2025-10-23,72.5897445678711,73.72645145019465,72.55982482266504,73.60679529144917,1044000
2025-10-24,74.25491333007812,74.5341034032406,72.53987990081275,72.58973853131702,1366500
2025-10-27,73.85607147216797,75.07254909770627,73.43728633767887,74.17514694711578,1082100
2025-10-28,73.29769134521484,73.97572768088325,72.90881834757437,73.65665220570749,930200
2025-10-29,69.73799896240234,73.05837534321152,69.48872102228208,73.0484097029052,2466900
2025-10-30,70.49580383300781,70.69523076482372,69.68814567939229,69.99724791450745,1222900
2025-10-31,71.07412719726562,71.10403933379793,69.92744711691878,70.48583489250566,1207500
2025-11-03,69.40895080566406,70.85475982687443,69.00013132909507,70.84479418648914,1651200
2025-11-04,68.6012954711914,69.39898035361587,68.45172717843701,68.83062692703668,1403800
2025-11-05,70.0371322631836,70.19667380627251,68.342045208341,68.50157914407045,1424200
2025-11-06,69.54854583740234,70.04710172154142,69.25938251171858,69.8377091630861,1408500
2025-11-07,68.3121337890625,69.33915775957686,68.10274121707643,69.33915775957686,1611000
2025-11-10,69.56848907470703,69.72803061913787,68.31213364543216,68.35201903153985,1400300
2025-11-11,70.19667053222656,70.22658266832073,69.27932952432948,69.50866097262418,1196800
2025-11-12,71.0143051147461,71.45303675037788,69.90751038475463,70.28641013811695,1423800
2025-11-13,69.99724578857422,70.8846746879634,69.81776535907082,70.8846746879634,1224900
2025-11-14,70.09696197509766,70.21661052135016,69.35909377219737,69.79782539474789,2061200
2025-11-17,69.84768676757812,69.97730856689017,69.11979178409463,69.70809171990066,2597500
2025-11-18,69.30924224853516,69.96733207026834,69.2593836163824,69.62831771517895,1877000
2025-11-19,68.99016571044922,69.21949715712827,68.36198042746076,69.20953151673986,1862000
2025-11-20,69.80780029296875,69.84768567844888,68.68105907339333,69.26935900002606,1119900
2025-11-21,71.8119888305664,71.83193532678257,69.35909470377446,69.74796769903664,1866700
2025-11-24,70.72514343261719,72.26069658598557,70.62543376964203,71.81199169155786,2852500
2025-11-25,74.1950912475586,74.87311995531623,72.73930135337552,73.31762801190204,2630600
2025-11-26,75.51127624511719,76.27904894609485,73.94581110045247,74.47427911126759,1891800
2025-11-27,76.1793441772461,76.54827068003654,75.28194202239466,75.32182740787245,1508500
2025-11-28,76.10954284667969,76.56821334568734,75.56112833299714,76.02977207971513,2032800
2025-12-01,75.16228485107422,76.21922853356526,74.91300690072359,75.88020656526155,1386500
2025-12-02,74.22500610351562,75.43151048939235,73.52702326709012,75.43151048939235,1146000
2025-12-03,73.20999908447266,74.58999633789062,72.97000122070312,74.29000091552734,1045700
2025-12-04,74.48999786376953,74.58999633789062,73.30000305175781,73.33999633789062,1403900
2025-12-05,74.16999816894531,74.63999938964844,73.22000122070312,74.41000366210938,922300
2025-12-08,72.9000015258789,74.08999633789062,72.66000366210938,73.87999725341797,1162500
2025-12-09,72.11000061035156,73.19999694824219,72.0199966430664,72.70999908447266,1006200
2025-12-10,71.70999908447266,72.4800033569336,71.61000061035156,72.08999633789062,1055000
2025-12-11,72.3499984741211,72.63999938964844,71.83000183105469,71.83000183105469,1304200
2025-12-12,72.23999786376953,72.45999908447266,71.6500015258789,72.3499984741211,1069700
2025-12-15,73.08000183105469,73.36000061035156,72.16000366210938,72.36000061035156,917000
2025-12-16,72.7699966430664,73.75,72.5,73.08000183105469,1352800
2025-12-17,72.48999786376953,73.02999877929688,71.9000015258789,73.02999877929688,1611000
2025-12-18,74.25,74.51000213623047,72.51000213623047,72.62999725341797,1536500
2025-12-19,74.1500015258789,75.08000183105469,73.8499984741211,74.56999969482422,4774900
2025-12-22,74.43000030517578,74.66000366210938,73.22000122070312,73.7300033569336,918700
2025-12-23,74.1500015258789,74.7699966430664,74.0,74.43000030517578,296445
