Date,Close,High,Low,Open,Volume
2010-01-04,5.044150352478027,5.050032737917038,4.9720912360354905,5.050032737917038,39300
2010-01-05,5.029443264007568,5.030913754914594,5.000031342160475,5.000031342160475,14400
2010-01-06,5.000030994415283,5.029442914216819,5.000030994415283,5.008854780726389,27000
2010-01-07,5.000030994415283,5.027972423412065,5.000030994415283,5.000030994415283,28200
2010-01-08,5.0132670402526855,5.0132670402526855,4.977972730949431,5.000031779449304,37500
2010-01-11,5.017676830291748,5.017676830291748,4.986794427785099,4.992676810202611,104400
2010-01-12,4.992679595947266,5.029444401384934,4.964738158688416,5.029444401384934,18000
2010-01-13,4.90444278717041,4.992678554255817,4.891207527292931,4.992678554255817,39000
2010-01-14,4.911801815032959,4.941213774235789,4.891213653961905,4.925037091488769,51900
2010-01-15,4.902972221374512,4.933855057589015,4.875031208715706,4.933855057589015,69300
2010-01-18,4.98532772064209,5.0000334774752195,4.875032861427625,4.901503392023858,92700
2010-01-19,5.029443264007568,5.029443264007568,5.000031342160475,5.027972773100544,9600
2010-01-20,4.966207027435303,5.000030415736551,4.963265625424928,5.000030415736551,14100
2010-01-21,4.955913543701172,5.000031639465764,4.933854916560219,5.000031639465764,18300
2010-01-22,4.925031661987305,5.000032180457181,4.898561138257577,5.000032180457181,39300
2010-01-25,4.8235602378845215,4.901501732490545,4.780913052617983,4.855913565149727,107700
2010-01-26,4.705913543701172,4.785325967021721,4.558853469348937,4.785325967021721,94500
2010-01-27,4.705912113189697,4.742850057500504,4.692614520873461,4.742850057500504,23700
2010-01-28,4.661587715148926,4.728076114437516,4.661587715148926,4.713300679749533,34800
2010-01-29,4.618738651275635,4.654199182659016,4.606918474147841,4.639424172610713,33900
2010-02-01,4.6394243240356445,4.654199334566185,4.590665774749919,4.590665774749919,37200
2010-02-02,4.7738776206970215,4.787175211019297,4.603962510533949,4.645332697598188,288000
2010-02-03,4.691137313842773,4.770923723935051,4.691137313842773,4.750238624514432,41700
2010-02-04,4.632036209106445,4.726597625398823,4.614305943551624,4.726597625398823,39000
2010-02-05,4.728078365325928,4.728078365325928,4.587713571220054,4.654202002161681,51900
2010-02-08,4.646810531616211,4.874349539993147,4.621693187532869,4.874349539993147,146400
2010-02-09,4.677839756011963,4.698525278315896,4.654199400649126,4.682272005600321,9000
2010-02-10,4.728078365325928,4.728078365325928,4.654202002161681,4.676364953383269,40200
2010-02-11,4.728078365325928,4.7576284033238645,4.691139972382238,4.714780763682229,48300
2010-02-12,4.801950931549072,4.801950931549072,4.698524603062137,4.698524603062137,19200
2010-02-16,4.926063060760498,4.926063060760498,4.773878603332472,4.8078617169045845,28200
2010-02-17,4.949700832366943,4.949700832366943,4.85366163827463,4.902420154434458,14400
2010-02-18,4.926063060760498,4.949703836799115,4.862529928266553,4.948225997674734,16200
2010-02-19,4.850709915161133,4.920153989823016,4.816727220204603,4.912766061476763,24900
2010-02-22,4.8388895988464355,4.874350128995181,4.7428503459847695,4.874350128995181,22800
2010-02-23,4.765013694763184,4.831502088856766,4.757625766634974,4.800474227976148,26700
2010-02-24,4.824390888214111,4.876345925161256,4.78728032955112,4.78728032955112,15000
2010-02-25,4.765011310577393,4.839232813444292,4.765011310577393,4.830326470931165,21600
2010-02-26,4.833300590515137,4.889708622918825,4.750172650879215,4.767985780801198,200700
2010-03-01,4.898616313934326,4.943149359394986,4.794706582357114,4.794706582357114,54600
2010-03-02,4.941664218902588,4.943148540252346,4.898615502171378,4.917912953813818,207900
2010-03-03,4.941664218902588,4.965414634594304,4.876348983130893,4.941664218902588,24900
2010-03-04,4.975804805755615,4.987680223736695,4.9164277158502125,4.9164277158502125,143700
2010-03-05,5.042602062225342,5.045571127972614,4.972834325893075,4.972834325893075,80700
2010-03-08,5.002523422241211,5.0455721235318585,4.980257335885578,5.008461554907429,21600
2010-03-09,4.98619270324707,5.0455697550528775,4.98619270324707,4.98619270324707,40500
2010-03-10,5.036665439605713,5.0455717886171065,5.009945543174842,5.032212052750843,123900
2010-03-11,5.005492210388184,5.032212107107677,4.990648153642737,4.990648153642737,21600
2010-03-12,5.1138529777526855,5.143541927340527,5.009943352987884,5.1138529777526855,91800
2010-03-15,5.032212257385254,5.149481668211031,5.009945746903787,5.149481668211031,179100
2010-03-16,4.953533172607422,5.024785606872026,4.900093846908969,4.99212845351642,126900
2010-03-17,4.891189098358154,4.972833077178106,4.80954596893457,4.972833077178106,151800
2010-03-18,4.861502647399902,4.943146229246211,4.839236138769395,4.898613211985196,95700
2010-03-19,4.831812858581543,4.931269111919226,4.821421767287147,4.931269111919226,79800
2010-03-22,4.834781646728516,4.867439241879871,4.675947906015791,4.825875300131566,213600
2010-03-23,4.816967010498047,4.846655530960256,4.770949697607098,4.846655530960256,357600
2010-03-24,4.787280082702637,4.809546586631599,4.757591552363433,4.787280082702637,219600
2010-03-25,4.661104202270508,4.787280357274324,4.661104202270508,4.787280357274324,284400
2010-03-26,4.680401802062988,4.690792470109498,4.670010709318202,4.670010709318202,123300
2010-03-29,4.683383941650391,4.720671886303025,4.655044489225651,4.711722540618551,64800
2010-03-30,4.716196060180664,4.74304366394059,4.665484536130404,4.665484536130404,68100
2010-03-31,4.75199556350708,4.768402419062841,4.71321576189605,4.750504147564316,144600
2010-04-01,4.8549089431762695,4.862366446544098,4.7102309881620545,4.810163069512748,49200
2010-04-05,5.071178913116455,5.0935518472357435,4.883246949279592,4.883246949279592,129300
2010-04-06,4.960809707641602,5.083114363075198,4.9473861092117675,5.083114363075198,31200
2010-04-07,4.933960437774658,5.001079260985776,4.933960437774658,4.986163824696075,77400
2010-04-08,4.966774940490723,4.974232446470949,4.862368149853847,4.933961231412244,45900
2010-04-09,4.989148139953613,4.989148139953613,4.923521139560374,4.965284202902739,52200
2010-04-12,5.078638076782227,5.078638076782227,4.993620991809316,4.9966042495568725,98700
2010-04-13,5.063724040985107,5.078639480388477,5.026435655840907,5.078639480388477,92400
2010-04-14,4.995112895965576,5.071180641865469,4.93694341811693,5.033892690107463,47400
2010-04-15,5.069686412811279,5.069686412811279,4.929483604245585,4.99660196550865,69600
2010-04-16,4.986166477203369,5.071183186423373,4.954844172350875,5.069691770019516,51300
2010-04-19,4.987653732299805,5.02046742617898,4.923518186429219,4.923518186429219,26700
2010-04-20,5.0562663078308105,5.0562663078308105,4.9548423485859034,4.9548423485859034,24600
2010-04-21,5.059251308441162,5.059251308441162,5.011522144092792,5.017488236295267,8100
2010-04-22,5.0115180015563965,5.063721371858723,4.996602996743287,5.062229529994834,197400
2010-04-23,5.0562663078308105,5.0637238138337395,5.011520418356385,5.021961182797542,13800
2010-04-26,5.071178913116455,5.078636842308368,5.020467384289508,5.020467384289508,49200
2010-04-27,5.048807621002197,5.101011008682377,5.029417937599284,5.086095998904248,78000
2010-04-28,5.1162261962890625,5.123716896415011,5.068285029678454,5.068285029678454,21900
2010-04-29,5.153677463531494,5.19113137032809,5.116223128107316,5.119219663537386,73200
2010-04-30,5.1162261962890625,5.183643354678271,5.054801683726181,5.183643354678271,38700
2010-05-03,5.033824920654297,5.141692496491801,5.02034158083152,5.1312056925338885,44400
2010-05-04,5.0697808265686035,5.093751399200587,5.02933037809522,5.081766541512244,101700
2010-05-05,5.1177215576171875,5.1312048953451805,5.018842747480889,5.08176570459082,111900
2010-05-06,5.041317462921143,5.129708652049471,4.869028389527918,5.101243910784975,117900
2010-05-07,4.891500949859619,4.916969583228218,4.869028424591907,4.9049842935691395,47100
2010-05-10,5.033824920654297,5.123714567185551,4.884008843102207,4.884008843102207,200700
2010-05-11,4.966407775878906,5.083264530282562,4.928953863776255,5.083264530282562,85200
2010-05-12,4.94843053817749,5.08176718684606,4.846555162926754,4.981389865418149,60000
2010-05-13,4.931951999664307,5.018845574402269,4.863036361565803,5.018845574402269,96000
2010-05-14,4.8076043128967285,4.916969982765578,4.738688677443282,4.8135969582132105,71400
2010-05-17,4.8090996742248535,4.887004019716767,4.740184505988096,4.887004019716767,31500
2010-05-18,4.7566657066345215,4.824082846436337,4.510967295495982,4.82258479254974,263700
2010-05-19,4.605350971221924,4.746178305977967,4.542428000965826,4.7027313196899385,144000
2010-05-20,4.382124900817871,4.64430317081142,4.352161682207971,4.552915461208147,228900
2010-05-21,4.554409503936768,4.554409503936768,4.269758963519134,4.344667158386468,94500
2010-05-25,4.573888778686523,4.708723442847874,4.382123799164633,4.382123799164633,56700
2010-05-26,4.53193998336792,4.7416828954979415,4.53193998336792,4.641306028379167,79200
2010-05-27,4.696054935455322,4.705088912658534,4.649380391687459,4.658413938126929,149400
2010-05-28,4.667448043823242,4.690032556689273,4.63733593435354,4.690032556689273,39300
2010-05-31,4.667448043823242,4.667448043823242,4.659920016455817,4.667448043823242,18600
2010-06-01,4.622280597686768,4.667449638854676,4.595179517597144,4.6448651182707215,192300
2010-06-02,4.587649345397949,4.667447459332791,4.55452533990729,4.646368899190853,114000
2010-06-03,4.673469066619873,4.68250260960449,4.562052498052414,4.562052498052414,131100
2010-06-04,4.644864559173584,4.667449077039065,4.637336960903556,4.6584150975873335,72000
2010-06-07,4.607223987579346,4.647876033622727,4.592167929497411,4.619269437114283,89100
2010-06-08,4.596683025360107,4.6523911065332815,4.595177075561296,4.595177075561296,81900
2010-06-09,4.595178127288818,4.599695116191738,4.563560066495923,4.571088094158275,95400
2010-06-10,4.667448043823242,4.706594561508612,4.595177947262947,4.595177947262947,672900
2010-06-11,4.690032005310059,4.706594008182302,4.661424987760494,4.7050884890385625,51600
2010-06-14,4.659919738769531,4.711111269497763,4.652391711850703,4.696054784896378,89100
2010-06-15,4.717131614685059,4.720143082805267,4.643356030284578,4.690030555421033,96900
2010-06-16,4.774350643157959,4.778867634697429,4.720148036976388,4.720148036976388,126900
2010-06-17,4.831563472747803,4.861676023960241,4.7803719203047015,4.7803719203047015,112800
2010-06-18,4.923405647277832,4.9309341066263235,4.846618549575518,4.846618549575518,47700
2010-06-21,4.893292427062988,4.985136000027089,4.893292427062988,4.923404968010948,45300
2010-06-22,4.878233909606934,4.932436455953688,4.855649407604899,4.894795906459329,103500
2010-06-23,4.952012538909912,5.004709599105262,4.854146877664127,5.004709599105262,43500
2010-06-24,4.900820732116699,4.93846129943363,4.900820732116699,4.929427322049866,17700
2010-06-25,4.787901878356934,4.930936649033945,4.751766805602576,4.930936649033945,27900
2010-06-28,4.7576446533203125,4.914972464529765,4.725876733190098,4.914972464529765,52200
2010-06-29,4.70318603515625,4.719826542189516,4.64418814927819,4.689571271586091,75900
2010-06-30,4.672927379608154,4.70318219268807,4.636621084546044,4.69108052713921,37500
2010-07-02,4.5534186363220215,4.703182212278336,4.547368019924977,4.6351080169546215,23400
2010-07-05,4.523164749145508,4.559471051791851,4.432398992529651,4.554932655759741,63900
2010-07-06,4.568548679351807,4.576112386301616,4.479295552366825,4.479295552366825,86700
2010-07-07,4.64569616317749,4.6971302834274535,4.508034724090445,4.560981498017009,15300
2010-07-08,4.818151473999023,4.818151473999023,4.666874845861309,4.727385756799443,40800
2010-07-09,4.816638469696045,4.816638469696045,4.768230519168014,4.7727689133067654,8700
2010-07-12,4.958839416503906,4.969428427188245,4.836305354993756,4.83933066295924,117600
2010-07-13,4.943713188171387,4.973968441704516,4.931611086758135,4.961866340291264,56700
2010-07-14,4.916484355926514,4.967918514972276,4.8862295283536215,4.967918514972276,63000
2010-07-15,4.916484355926514,4.931612202518344,4.8181548678984605,4.916484355926514,28200
2010-07-16,4.927075386047363,4.990611669629215,4.9013585146762555,4.916485933316134,96600
2010-07-19,4.901353359222412,4.916480761950639,4.824202393454263,4.916480761950639,48600
2010-07-20,4.89984130859375,4.89984130859375,4.849920267519114,4.849920267519114,55200
2010-07-21,4.893792152404785,4.914971048259103,4.886228879321567,4.896817894443399,24300
2010-07-22,4.94674015045166,4.964893308638796,4.878665915451257,4.914972231825529,94500
2010-07-23,4.889252662658691,4.96035304021427,4.889252662658691,4.96035304021427,5400
2010-07-26,4.939176559448242,4.964893425952985,4.862025527128573,4.862025527128573,24000
2010-07-27,4.9875807762146,4.9906065165016145,4.961863931397816,4.961863931397816,104100
2010-07-28,5.104598522186279,5.122834641141468,5.037732752683919,5.037732752683919,79500
2010-07-29,5.121316909790039,5.151710889645192,5.100042080415274,5.13651433450118,93000
2010-07-30,5.121316909790039,5.121316909790039,5.090923799502015,5.090923799502015,100200
2010-08-03,5.121316909790039,5.121316909790039,5.069648100560121,5.069648100560121,43800
2010-08-04,5.144107341766357,5.144107341766357,5.090919013976425,5.1213120956945835,74100
2010-08-05,5.113718509674072,5.1410724798655,5.090923244658872,5.113718509674072,17400
2010-08-06,5.106117248535156,5.121313794434931,5.077243724368923,5.077243724368923,13500
2010-08-09,5.209455966949463,5.235289922519999,5.136511499044452,5.136511499044452,146700
2010-08-10,5.280879497528076,5.280879497528076,5.207935042535732,5.239848132899071,72900
2010-08-11,5.273283004760742,5.280881279357043,5.259606023530722,5.265684730164441,36000
2010-08-12,5.171468257904053,5.258089780679029,5.166909115972816,5.258089780679029,66000
2010-08-13,5.294557571411133,5.296077573959254,5.171463886796879,5.171463886796879,69300
2010-08-16,5.300637722015381,5.318873843017495,5.270244187011858,5.270244187011858,45000
2010-08-17,5.323431491851807,5.370541131832973,5.280880119974252,5.280880119974252,96300
2010-08-18,5.394858360290527,5.394858360290527,5.326473003856086,5.385740080881406,94500
2010-08-19,5.38573694229126,5.38573694229126,5.356863422150179,5.356863422150179,74100
2010-08-20,5.416133403778076,5.416133403778076,5.3568658991033455,5.3568658991033455,77700
2010-08-23,5.470841884613037,5.493637146088948,5.422212225348933,5.423731793505074,26100
2010-08-24,5.394858360290527,5.422212763734399,5.3796618076533145,5.382701379050853,54900
2010-08-25,5.425248146057129,5.425248146057129,5.318871046859501,5.349264131101802,49200
2010-08-26,5.391817092895508,5.47084026581709,5.326470898899139,5.407013639527229,21600
2010-08-27,5.413181304931641,5.4772789037085445,5.4024987356597975,5.4772789037085445,30000
2010-08-30,5.417761325836182,5.478806903925749,5.361294679142752,5.478806903925749,26400
2010-08-31,5.410131454467773,5.492542623840257,5.347560285970105,5.417761988926901,30300
2010-09-01,5.40250301361084,5.417764088443135,5.352140418753429,5.370453970529892,223500
2010-09-02,5.341457366943359,5.433025117698611,5.341457366943359,5.433025117698611,46200
2010-09-03,5.417761325836182,5.449809915945502,5.3490856508506965,5.417761325836182,31200
2010-09-07,5.426919460296631,5.455916017765039,5.379609356526499,5.379609356526499,16500
2010-09-08,5.440652847290039,5.494067450161622,5.425391781686302,5.425391781686302,23700
2010-09-09,5.478809833526611,5.494070908737356,5.417764222795051,5.434551754830491,124800
2010-09-10,5.516960144042969,5.516960144042969,5.419287915301233,5.433022963310713,30600
2010-09-13,5.500171661376953,5.5169591819216315,5.495593167295818,5.5169591819216315,74100
2010-09-14,5.6070027351379395,5.6070027351379395,5.501699955854433,5.501699955854433,123600
2010-09-15,5.709254264831543,5.748933837902465,5.547484369433836,5.5856374860035976,99600
2010-09-16,5.736723899841309,5.950382383067772,5.664995732183516,5.664995732183516,77400
2010-09-17,5.70620059967041,5.7596152137177254,5.616159333185023,5.692465550427465,39600
2010-09-20,5.745882034301758,5.745882034301758,5.6619448187167185,5.707728913264734,77100
2010-09-21,5.729091644287109,5.797767315201438,5.669572525734366,5.729091644287109,48900
2010-09-22,5.759612560272217,5.759612560272217,5.715354520566701,5.758086541421445,75900
2010-09-23,5.799292087554932,5.799292087554932,5.693989364505651,5.7000934398884855,73200
2010-09-24,5.84507942199707,5.84507942199707,5.799295337931722,5.799295337931722,27000
2010-09-27,5.875602722167969,5.906125305359136,5.855763152251079,5.8740767021657785,75900
2010-09-28,5.821975231170654,5.90011230027392,5.785204897279348,5.898579874275732,30300
2010-09-29,5.829637050628662,5.829637050628662,5.765288731224412,5.776013524181297,41700
2010-09-30,5.746903896331787,5.883260921665921,5.746903896331787,5.821977013090049,330600
2010-10-01,5.748436450958252,5.820444716387482,5.748436450958252,5.748436450958252,9000
2010-10-04,5.768355369567871,5.777547739691315,5.725456619538254,5.749970190983749,14700
2010-10-05,5.875598907470703,5.875598907470703,5.760691492713524,5.760691492713524,38100
2010-10-06,5.860281467437744,5.864877871828831,5.838831872504171,5.861813456122357,44100
2010-10-07,5.821975231170654,5.854149163741309,5.791333286261232,5.8403603981163075,51900
2010-10-08,5.812785625457764,5.837299194867327,5.75303412877485,5.821978433154949,14700
2010-10-12,5.668772220611572,5.794404572419797,5.605956263876214,5.794404572419797,52500
2010-10-13,5.78827428817749,5.78827428817749,5.653449604432515,5.6672383829584545,91500
2010-10-14,5.844959259033203,5.8602800187665105,5.779078501833706,5.82044525445306,418500
2010-10-15,5.821975231170654,5.84495679943696,5.803590064225001,5.823507218831886,12300
2010-10-18,5.831172466278076,5.8327040167665345,5.806658453379675,5.806658453379675,20400
2010-10-19,5.757630825042725,5.82963955390694,5.753034858948011,5.82963955390694,33600
2010-10-20,5.739245891571045,5.783676634084511,5.739245891571045,5.783676634084511,9000
2010-10-21,5.615147590637207,5.730055108171803,5.607486768020813,5.730055108171803,34200
2010-10-22,5.7177958488464355,5.7177958488464355,5.607484776393711,5.61820957357759,57600
2010-10-25,5.7453718185424805,5.7606925762788155,5.714729864732726,5.730051060806145,16200
2010-10-26,5.762226581573486,5.789804566727181,5.734649034756995,5.746905381302055,41100
2010-10-27,5.779143810272217,5.806832211182145,5.776068005870095,5.803755966687821,47400
2010-10-28,5.6960835456848145,5.7853013009630425,5.694545422341875,5.777610244155829,55800
2010-10-29,5.799145221710205,5.799145221710205,5.6299393334249785,5.694545354071568,30900
2010-11-01,5.845289707183838,5.845289707183838,5.752995749510408,5.752995749510408,170700
2010-11-02,5.829908847808838,5.834523657050933,5.69608246043511,5.794529817199263,18600
2010-11-03,5.837601184844971,5.845292681968005,5.814528013753452,5.829910127814465,60900
2010-11-04,5.768380165100098,5.845292047332259,5.700697902376487,5.845292047332259,156900
2010-11-05,5.836061000823975,5.83759912366848,5.768378754649634,5.768378754649634,19200
2010-11-08,5.836061000823975,5.836061000823975,5.783760863279434,5.836061000823975,103500
2010-11-09,5.143853187561035,5.346900272911647,4.456262861457012,5.346900272911647,1626300
2010-11-10,5.053097724914551,5.145391660876622,5.053097724914551,5.145391660876622,205500
2010-11-11,4.983875751495361,5.060787559666124,4.983875751495361,5.060787559666124,280200
2010-11-12,4.914658069610596,4.997722856845452,4.891584908794098,4.997722856845452,194100
2010-11-15,4.922350883483887,4.960806601917547,4.906968332054952,4.922350883483887,313800
2010-11-16,4.914658069610596,4.963881956925856,4.906967016005097,4.963881956925856,143400
2010-11-17,4.946963310241699,5.022336634606624,4.910045709725102,4.914660079720292,90900
2010-11-18,5.076175212860107,5.166931096197996,4.999263320513199,4.999263320513199,107400
2010-11-19,5.15924072265625,5.160778846282949,5.0438730888944745,5.07771400914484,247800
2010-11-22,5.168467998504639,5.280758903510284,5.153085887724999,5.1746209308349815,233400
2010-11-23,5.1007843017578125,5.211537052413257,5.076172579389936,5.162314047769814,120900
2010-11-24,5.114627361297607,5.18384770792531,5.0761716620702435,5.0761716620702435,242400
2010-11-25,5.156162261962891,5.17615962260272,5.108476925194754,5.108476925194754,41400
2010-11-26,5.17624568939209,5.230325483569285,5.149977868199043,5.204058546516972,25200
2010-11-29,5.1159892082214355,5.168524011042141,5.100537509581336,5.156162828958358,41400
2010-11-30,5.095902442932129,5.143802580674294,5.0603643725969985,5.115989697291601,39000
2010-12-01,5.183974266052246,5.183974266052246,5.083539800108126,5.085084836920652,69300
2010-12-02,5.262775897979736,5.262775897979736,5.176247663806676,5.176247663806676,198000
2010-12-03,5.253507137298584,5.299861790167955,5.205607447219096,5.205607447219096,287400
2010-12-06,5.26895809173584,5.3214928860287705,5.231874551504123,5.231874551504123,46800
2010-12-07,5.253507137298584,5.309132455499389,5.253507137298584,5.2813200174343535,36600
2010-12-08,5.265867233276367,5.287499518040264,5.253506054002894,5.253506054002894,33000
2010-12-09,5.253507137298584,5.284410091854587,5.222604624813314,5.253507137298584,63600
2010-12-10,5.253507137298584,5.315313488481323,5.2241496620234305,5.253507137298584,75000
2010-12-13,5.588803291320801,5.794307766953122,5.296770126817892,5.299860200311163,233400
2010-12-14,5.639792442321777,5.7108689879046475,5.485277290211776,5.5640799028495325,841500
2010-12-15,5.7464094161987305,5.7464094161987305,5.608891388487284,5.608891388487284,530400
2010-12-16,5.7325005531311035,5.825209367587975,5.672239713216513,5.735590625911084,1478700
2010-12-17,5.608888626098633,5.8174835626574035,5.568714586714725,5.729409860109389,1155900
2010-12-20,5.717049598693848,5.717049598693848,5.528541872742812,5.585712205163645,727500
2010-12-21,5.713959217071533,5.717049290082341,5.656788445666275,5.717049290082341,21900
2010-12-22,5.686144828796387,5.700051036685568,5.667603070920686,5.686144828796387,100800
2010-12-23,5.672239780426025,5.701597682536183,5.622795078796497,5.639791805499273,35100
2010-12-24,5.686144828796387,5.709321694588229,5.639790213071946,5.639790213071946,2700
2010-12-29,5.776133060455322,5.816471536006908,5.693904749029374,5.734243224580961,37800
2010-12-30,5.749753475189209,5.793194635995321,5.740444433076691,5.763716594478427,34800
2010-12-31,5.748205184936523,5.779234602078057,5.678388663458225,5.779234602078057,16200
2011-01-04,5.585301399230957,5.779235623553101,5.554271976604999,5.771477934986706,20700
2011-01-05,5.630294322967529,5.67838959451298,5.546514661008593,5.622536634500313,201300
2011-01-06,5.64736270904541,5.655119957117267,5.630296852063338,5.630296852063338,48900
2011-01-07,5.712525367736816,5.7404520874324785,5.678393203531174,5.707871284354332,63600
2011-01-10,5.732688903808594,5.740446145296428,5.676835966112744,5.676835966112744,264000
2011-01-11,5.715622901916504,5.740446431016872,5.655115438764426,5.740446431016872,130800
2011-01-12,5.693904399871826,5.731139708614625,5.689250319188896,5.731139708614625,73200
2011-01-13,5.717178821563721,5.74045100962725,5.700112964605196,5.709422017382635,59100
2011-01-14,5.724936008453369,5.740450503206994,5.6644285023781675,5.721832843174627,97500
2011-01-17,5.740448474884033,5.748206163399782,5.662875140765515,5.724933985612278,78000
2011-01-18,5.662874221801758,5.740447543331779,5.6008149431460215,5.740447543331779,25200
2011-01-19,5.693904399871826,5.700110728542186,5.644257765427987,5.662875419799387,29400
2011-01-20,5.686150550842285,5.700113687900177,5.6473634178546295,5.693907356007643,28500
2011-01-21,5.678387641906738,5.7001084519381,5.662873158066951,5.662873158066951,55800
2011-01-24,5.701663970947266,5.701663970947266,5.650465515494758,5.697009444847936,47100
2011-01-25,5.724936008453369,5.724936008453369,5.686149327689277,5.701663822442902,93000
2011-01-26,5.745100498199463,5.745100498199463,5.656666349881013,5.7249314933744175,262800
2011-01-27,5.740448474884033,5.788544634490114,5.701661807824774,5.745102999217508,116400
2011-01-28,5.740448474884033,5.771477897307414,5.724933985612278,5.771477897307414,157800
2011-01-31,5.695456504821777,5.74044906095926,5.631846293329484,5.738897700649671,56100
2011-02-01,5.706315517425537,5.724933168221387,5.664425692164923,5.6799401792215605,64200
2011-02-02,5.723381042480469,5.724932402202593,5.6551158881500285,5.709417917221856,114600
2011-02-03,5.712525367736816,5.760621557610516,5.69545950757407,5.717179894999452,126900
2011-02-04,5.709417343139648,5.748203995571241,5.678387488538729,5.693901971959485,37200
2011-02-07,5.70786714553833,5.724933437206334,5.664425958306937,5.69390357387551,29400
2011-02-08,5.7652716636657715,5.7668230236035765,5.697006499844615,5.697006499844615,61200
2011-02-09,5.849053859710693,5.8955982326683,5.763722805208439,5.763722805208439,123300
2011-02-10,5.863015651702881,5.863015651702881,5.7714782944059655,5.831985783264661,18300
2011-02-11,5.872323989868164,5.894044364130494,5.786992965246415,5.880081234684719,86100
2011-02-14,5.895594120025635,5.895594120025635,5.880079191902642,5.894042316497526,43200
2011-02-15,5.943694591522217,5.96386317090115,5.887841160546335,5.894047048001424,218400
2011-02-16,5.957653999328613,5.957653999328613,5.873874349169928,5.912661010523487,115800
2011-02-17,6.004197120666504,6.004197120666504,5.86766769990399,5.86766769990399,310500
2011-02-18,5.988684177398682,6.019713599196405,5.94369162676195,6.004198666357612,48600
2011-02-22,5.943694591522217,6.004201661299268,5.934385538399542,5.997996217724263,42300
2011-02-23,5.895594120025635,5.943689820163268,5.858358825186124,5.943689820163268,76800
2011-02-24,5.748205184936523,5.908006350305575,5.748205184936523,5.908006350305575,32700
2011-02-25,5.748205184936523,5.762168311680265,5.737344777967038,5.743550661395345,101100
2011-02-28,5.74665641784668,5.84129607185827,5.717177903412255,5.717177903412255,42600
2011-03-01,5.7544097900390625,5.8335349032460035,5.721829017734933,5.740446665320111,18300
2011-03-02,5.650461196899414,5.786990603011296,5.647358033911566,5.786990603011296,396300
2011-03-03,5.662874221801758,5.710969929723059,5.647359291167874,5.693903195309927,29700
2011-03-04,5.9266276359558105,5.973172012158109,5.786995395109051,5.802510335136508,220500
2011-03-07,5.880081653594971,5.993339389056888,5.880081653594971,5.993339389056888,48300
2011-03-08,5.957653999328613,5.965411242823364,5.850602174805871,5.898697883456975,232200
2011-03-09,6.022815704345703,6.022815704345703,5.943691019752154,5.9576541471651545,42000
2011-03-10,5.883184909820557,5.993339482524738,5.818022893615294,5.993339482524738,33900
2011-03-11,5.724936008453369,5.856810989379298,5.66287714167881,5.819575669314563,108300
2011-03-14,5.895594120025635,5.895594120025635,5.740446614314613,5.740446614314613,64800
2011-03-15,5.7544097900390625,5.895594172409663,5.707865893015982,5.895594172409663,62700
2011-03-16,5.616330146789551,5.776131765075491,5.585300727893244,5.776131765075491,112200
2011-03-17,5.678387641906738,5.695453929234277,5.5868507668369025,5.6163288187881575,41100
2011-03-18,5.768370151519775,5.7792305508761945,5.630289453003543,5.67838468294864,175200
2011-03-21,5.818019866943359,5.818019866943359,5.690799509119825,5.690799509119825,78600
2011-03-22,5.793200969696045,5.814921351906193,5.763722895950803,5.797855495841093,276900
2011-03-23,5.79475212097168,5.797855286249547,5.742002306168184,5.742002306168184,24000
2011-03-24,5.786992073059082,5.7947493166796935,5.773028501886205,5.793197956731534,63600
2011-03-25,5.779240131378174,5.794754632852574,5.701666292365508,5.771482436760753,151800
2011-03-28,5.814918518066406,5.864566032951643,5.786992262565778,5.786992262565778,207600
2011-03-29,5.880167007446289,5.924189604364413,5.8644444264937805,5.910039146560962,10800
2011-03-30,5.86444616317749,5.8958908845738325,5.817278856172589,5.8958908845738325,27900
2011-03-31,5.815703392028809,5.864442794652511,5.8046980832271,5.864442794652511,24900
2011-04-01,5.809415340423584,5.840860048570384,5.785832146678924,5.8062710945191975,12900
2011-04-04,5.815703392028809,5.840859154696459,5.785831261226362,5.839287031984861,16500
2011-04-05,5.807841777801514,5.82513692661032,5.777969647518698,5.82513692661032,60600
2011-04-06,5.8015570640563965,5.815707077067772,5.762251272437774,5.815707077067772,20100
2011-04-07,5.785830497741699,5.801552622424067,5.762246860897689,5.801552622424067,24300
2011-04-08,5.777973651885986,5.785835170396611,5.754389995995757,5.785835170396611,41100
2011-04-11,5.678922653198242,5.801557303888601,5.660055818462865,5.801557303888601,45600
2011-04-12,5.683640003204346,5.867591546535895,5.641189508644492,5.867591546535895,106200
2011-04-13,5.683640003204346,5.74967370601224,5.645906330222445,5.74967370601224,87300
2011-04-14,5.660055160522461,5.683638813655459,5.612887854256466,5.674205172473952,657300
2011-04-15,5.730808258056641,5.77325876290196,5.702508221373743,5.740241903498255,31900
2011-04-18,5.7543864250183105,5.7543864250183105,5.669485946248998,5.73080278376329,26400
2011-04-19,5.83928918838501,5.895889675289305,5.735521404150126,5.754388233118225,20500
2011-04-20,6.0326762199401855,6.10342673865845,5.966642072601198,5.9807925362015135,49700
2011-04-21,5.966643333435059,6.037394316924807,5.952493316665478,6.032677494727973,30800
2011-04-25,5.895885944366455,6.0279536635705515,5.7779682254791265,6.0279536635705515,40400
2011-04-26,5.8770270347595215,5.9430612081194285,5.825143330575956,5.895893877173637,87500
2011-04-27,5.88080358505249,5.961103751594231,5.861909454717469,5.88080358505249,25600
2011-04-28,5.928040981292725,5.951658764180692,5.838293496412797,5.861911279300765,57000
2011-04-29,5.824117660522461,5.942206016089375,5.824117660522461,5.904417778345668,19000
2011-05-02,5.876076698303223,5.8949708182152705,5.767435621426783,5.8619062209870245,65900
2011-05-03,5.928040981292725,5.928040981292725,5.814676163996571,5.819399360196772,27200
2011-05-04,5.833566188812256,5.923313159968271,5.833566188812256,5.885524914168747,7200
2011-05-05,5.715476989746094,5.852459473774487,5.715476989746094,5.847735831108007,90800
2011-05-06,5.871354103088379,5.871354103088379,5.7202006779536685,5.753265729014816,13500
2011-05-09,5.871354103088379,5.871354103088379,5.767436207771652,5.871354103088379,44600
2011-05-10,5.838290214538574,5.871355272183585,5.743819586563157,5.871355272183585,34000
2011-05-11,5.814671993255615,5.828842472635515,5.73909505212951,5.800501063404298,19700
2011-05-12,5.8477349281311035,5.861905403471052,5.786328934362943,5.786328934362943,68000
2011-05-13,5.724926948547363,5.857185862079431,5.720203303303316,5.847739022062943,43000
2011-05-16,5.767432689666748,5.866626881399439,5.739091298969784,5.743814939164465,32000
2011-05-17,5.828843116760254,5.871355010069208,5.762713454893939,5.79577851106283,57100
2011-05-18,5.814671993255615,5.8619070746790864,5.7674364613607265,5.828842472635515,16500
2011-05-19,5.871354103088379,5.871354103088379,5.762712564695574,5.833565859422551,339200
2011-05-20,5.871354103088379,5.871354103088379,5.833565859422551,5.871354103088379,23100
2011-05-24,5.871354103088379,5.871354103088379,5.786330329604566,5.814671737589636,80000
2011-05-25,5.753264904022217,5.871353261162434,5.753264904022217,5.861905976364977,14100
2011-05-26,5.800500869750977,5.800500869750977,5.748542146778408,5.776883104592026,25100
2011-05-27,5.7506818771362305,5.812364163373854,5.7459369814645305,5.7696610073248715,25000
2011-05-30,5.783895015716553,5.793384806688942,5.769660781756108,5.769660781756108,9900
2011-05-31,5.741189479827881,5.788637053773997,5.726954800395922,5.774402826839954,99500
2011-06-01,5.703232288360596,5.8123621357511706,5.688997606311218,5.745934977014734,44600
2011-06-02,5.670021057128906,5.7364482460255815,5.6652761609581,5.7364482460255815,13900
2011-06-03,5.333141803741455,5.6937458138872294,5.299928431293223,5.598850140822094,76000
2011-06-06,5.176558494567871,5.333136306864773,5.17181360268062,5.309412299926317,75900
2011-06-07,5.1243672370910645,5.266710859440408,5.114877451102087,5.1480912495656055,106000
2011-06-08,4.982025623321533,5.214520043810331,4.982025623321533,5.190796021771088,47000
2011-06-09,5.029473304748535,5.048452430511818,4.863405614946271,4.982025264091303,110600
2011-06-10,4.910851955413818,5.053195123108681,4.906107062491218,5.053195123108681,21600
2011-06-13,5.119622230529785,5.124367123419019,4.887127908932008,5.114877337640551,218500
2011-06-14,5.152836799621582,5.205029728803845,4.98202468752017,5.005748705103199,55100
2011-06-15,5.333141803741455,5.347376494074922,5.038964990990406,5.038964990990406,150000
2011-06-16,5.4185471534729,5.4185471534729,5.266714104093038,5.285693235265521,63900
2011-06-17,5.532419204711914,5.532419204711914,5.356862215055298,5.375841336842555,286100
2011-06-20,5.49446439743042,5.608339199372402,5.4138029662636225,5.537167561283224,173200
2011-06-21,5.541910648345947,5.608337368207486,5.475483475986316,5.5371657533563825,119200
2011-06-22,5.5751237869262695,5.603592703235258,5.503952174900908,5.503952174900908,37600
2011-06-23,5.560887336730957,5.560887336730957,5.451757062327338,5.53241843177848,94900
2011-06-24,5.527676105499268,5.5751241516186685,5.484973406989532,5.5751241516186685,26600
2011-06-27,5.3568620681762695,5.556143067727389,5.3568620681762695,5.503950597367979,14200
2011-06-28,5.406924724578857,5.483212830333772,5.273420539507756,5.383084577852202,90200
2011-06-29,5.48321533203125,5.569039717519089,5.359246876262858,5.373551243652954,21000
2011-06-30,5.569038391113281,5.592878088325718,5.526126208589972,5.5308943299176905,23600
2011-07-04,5.578575611114502,5.578575611114502,5.554735453069055,5.573807488562774,49300
2011-07-05,5.578575611114502,5.578575611114502,5.440303240106742,5.573807488562774,104100
2011-07-06,5.5547332763671875,5.57857342507053,5.364012996166475,5.511821554356789,16000
2011-07-07,5.607184886932373,5.635792717893965,5.507056569140249,5.5881128480535525,13600
2011-07-08,5.578575611114502,5.578575611114502,5.540431540127064,5.578575611114502,5200
2011-07-11,5.487983226776123,5.545199329822828,5.411695089380517,5.530895417739443,75900
2011-07-12,5.530898571014404,5.554738286507151,5.483218230602059,5.483218230602059,22800
2011-07-13,5.611949920654297,5.611949920654297,5.535661352426645,5.578573529956879,11400
2011-07-14,5.578575611114502,5.626255927205396,5.554735453069055,5.611952014263405,9700
2011-07-15,5.702545642852783,5.702545642852783,5.569041357554955,5.602417315201082,39200
2011-07-18,5.645326614379883,5.697774585782736,5.56903849062552,5.673934433431226,35100
2011-07-19,5.540432453155518,5.59764856906553,5.530896661193816,5.57857653042886,58900
2011-07-20,5.425996780395508,5.5451970599611915,5.425996780395508,5.521356913105459,98000
2011-07-21,5.81697416305542,5.821742283870152,5.511821706321042,5.511821706321042,515400
2011-07-22,5.769296646118164,5.88372886355029,5.731152573640789,5.878960740812315,27400
2011-07-25,5.688241481781006,5.778833557808731,5.640561154579066,5.769297765196324,96200
2011-07-26,5.745458126068115,5.840818334463628,5.673937628736474,5.70731404270991,26300
2011-07-27,5.733479022979736,5.824486423497782,5.699949596011649,5.824486423497782,7200
2011-07-28,5.800540447235107,5.814910406051427,5.699953019512037,5.699953019512037,19400
2011-07-29,5.699953079223633,5.800540508000438,5.699953079223633,5.800540508000438,9700
2011-08-02,5.72390079498291,5.747850262436013,5.699951327529807,5.747850262436013,18300
2011-08-03,5.666423797607422,5.752641719788533,5.656844282252973,5.680793299038203,53000
2011-08-04,5.532310962677002,5.695166940201809,5.470042473811722,5.608948962265497,99000
2011-08-05,5.364659786224365,5.460457192678751,5.029368635234979,5.436508183663705,101300
2011-08-08,5.1155877113342285,5.220964654381018,5.029369797206699,5.220964654381018,111000
2011-08-09,5.106006622314453,5.235333465194655,5.029368696221625,5.038948665382264,423600
2011-08-10,5.177858352661133,5.350293797335011,5.029371932704296,5.134749377293072,73200
2011-08-11,5.249703884124756,5.311972324210687,5.091638019598222,5.149116474262584,47000
2011-08-12,5.278445243835449,5.331133732083423,5.220966311639803,5.316764227433669,29600
2011-08-15,5.278445243835449,5.355083211031889,5.244915790588269,5.355083211031889,31900
2011-08-16,5.2018046379089355,5.316761997282279,5.173065640664193,5.302392041861783,40200
2011-08-17,5.2353363037109375,5.288024792267102,5.187437345533829,5.288024792267102,258500
2011-08-18,5.216175556182861,5.288023519355251,5.101218175589544,5.235335043482046,18900
2011-08-19,5.101215362548828,5.283230619918747,5.101215362548828,5.110795329314699,11400
2011-08-22,5.1539082527160645,5.2592852278620414,4.919204366984147,5.062900325237444,24800
2011-08-23,5.110800266265869,5.2305472257251475,5.043741804521249,5.149119256748966,29300
2011-08-24,5.110800266265869,5.153909244758953,5.034162285299675,5.139539280728992,48200
2011-08-25,5.053317546844482,5.129955463603016,5.04852756284757,5.129955463603016,19800
2011-08-26,5.110800266265869,5.15869923276894,5.034162285299675,5.062901299762798,29300
2011-08-29,5.103573322296143,5.146905161359686,5.074684970422338,5.146905161359686,18600
2011-08-30,5.118020057678223,5.1228348621417785,5.074687735836272,5.103576103452581,45600
2011-08-31,5.098762035369873,5.185426691570183,5.055429707269718,5.0843180790581854,72400
2011-09-01,5.118020057678223,5.223943460051321,5.118020057678223,5.223943460051321,16800
2011-09-02,5.16135311126709,5.185426677832854,5.065059304169122,5.103576827008309,9600
2011-09-06,5.079501628875732,5.127648287377172,4.96876344190903,5.127648287377172,64200
2011-09-07,4.983209609985352,5.079503420110192,4.983209609985352,5.069873809515155,257500
2011-09-08,4.959136962890625,5.002469300278918,4.9350633911009965,4.9832105346802535,163500
2011-09-09,4.877285003662109,4.963949641289993,4.824323535758955,4.95913483716289,36900
2011-09-12,4.973580360412598,4.973580360412598,4.6124782018589325,4.915804070143828,153200
2011-09-13,4.915804386138916,5.0313569741043445,4.838769327495297,4.97358068012163,96300
2011-09-14,4.896544456481934,5.065058951545406,4.896544456481934,4.935061976639574,40800
2011-09-15,5.055431365966797,5.146910398175394,4.896546416912488,4.896546416912488,116100
2011-09-16,4.8195109367370605,5.180613146517586,4.8195109367370605,5.108392429062358,160200
2011-09-19,4.891730308532715,4.935062639319993,4.843583631453056,4.877286351325329,65500
2011-09-20,4.968760967254639,5.040981607785261,4.9206143327322724,4.939873078374162,8000
2011-09-21,4.959136962890625,5.007283647304691,4.877287094305003,4.959136962890625,26100
2011-09-22,4.896544456481934,4.959135541529364,4.814694611355682,4.906173606938814,107700
2011-09-23,4.766548156738281,4.838768861637421,4.732845436617757,4.819510098830675,48800
2011-09-26,4.862841606140137,4.862841606140137,4.790620913475652,4.814694477697147,50200
2011-09-27,4.853211402893066,4.93987603981919,4.8146938885181205,4.910987674455485,29500
2011-09-28,4.870157718658447,4.894362903563075,4.845952072069512,4.870157718658447,37400
2011-09-29,4.695875644683838,4.8846790621724,4.6910344248724085,4.802380172114627,75900
2011-09-30,4.792696475982666,4.816902107009652,4.695874413558736,4.695874413558736,74000
2011-10-03,4.647465705871582,4.792698634061641,4.647465705871582,4.792698634061641,49100
2011-10-04,4.289221286773682,4.516753479578,4.202081661493484,4.453819023624295,180000
2011-10-05,4.453817844390869,4.492546659079877,4.2892201511206425,4.337631400323846,300000
2011-10-06,4.647465705871582,4.787857875023733,4.478026674070888,4.507073536719431,30000
2011-10-07,4.628100872039795,4.744287388906691,4.623259651749296,4.720081749138376,17000
2011-10-11,4.749128818511963,4.749128818511963,4.652306255171314,4.695876316337766,85000
2011-10-12,4.821746826171875,4.9572978119762885,4.720083471397478,4.787859195141858,17000
2011-10-13,4.797540187835693,4.8411102539910935,4.7346056991316985,4.763652563796716,19000
2011-10-14,5.010548114776611,5.0492769507315645,4.812062253402298,4.812062253402298,11000
2011-10-17,4.923406600952148,5.126733162654551,4.855630926490011,5.117050725581098,108000
2011-10-18,4.976659297943115,4.986341736335935,4.778173927731049,4.860472807333721,19800
2011-10-19,4.966976165771484,5.02991061563221,4.9137236903671955,4.95729372963108,10000
2011-10-20,4.855630397796631,4.98634051395213,4.836265987442182,4.962134885588079,21100
2011-10-21,4.88952112197876,4.904044322223928,4.8701567010904645,4.88952112197876,23700
2011-10-24,4.93793249130249,4.93793249130249,4.8556335779737605,4.889521664551878,105800
2011-10-25,4.918564796447754,5.010546090951425,4.884677194095851,4.918564796447754,49100
2011-10-26,5.029913425445557,5.054118605950147,4.9766609202933205,4.9766609202933205,16700
2011-10-27,5.353558540344238,5.5238992250116015,5.110214970328591,5.110214970328591,165200
2011-10-28,5.202688694000244,5.353562009396324,5.1540202269450734,5.309760064147742,70300
2011-10-31,5.178351402282715,5.280555721542934,5.15888393500177,5.19781886956366,32200
2011-11-01,5.061546802520752,5.1734851022665005,4.939874999920339,5.158884615913957,30800
2011-11-02,5.12968111038208,5.202683976845467,5.076145705918323,5.11021364838245,17900
2011-11-03,5.13455057144165,5.1442840750714165,5.037213214438342,5.1102161161555415,26900
2011-11-04,5.202688694000244,5.2221561736505775,5.085883816098243,5.090750802046157,65500
2011-11-07,5.227022171020508,5.227022171020508,5.1102173152096135,5.207554695052026,119700
2011-11-08,5.231884956359863,5.2902873373851165,5.207550514897458,5.227017975239209,91000
2011-11-09,5.115081787109375,5.231886585532062,5.110214804473177,5.173484186320718,14300
2011-11-10,5.13455057144165,5.18321901787274,5.071281173354218,5.115083100040989,42200
2011-11-11,5.319493770599365,5.319493770599365,5.124818519669051,5.124818519669051,249800
2011-11-14,5.567702770233154,5.572569754856461,5.3535605523608485,5.3535605523608485,56000
2011-11-15,5.752639293670654,5.791574210462879,5.567698206837176,5.596899626501755,45200
2011-11-16,5.733175277709961,5.767243698464861,5.6747728674544025,5.767243698464861,19000
2011-11-17,5.703972816467285,5.718573299186586,5.611502009582768,5.708839334613067,14500
2011-11-18,5.762380123138428,5.7818476047378935,5.7039776783400296,5.7039776783400296,149000
2011-11-21,5.738041400909424,5.811044286747606,5.665038515071242,5.767242833729314,337700
2011-11-22,5.767245769500732,5.7915797677398055,5.694242382359717,5.7283108153486975,17800
2011-11-23,5.596900939941406,5.762374607210918,5.596900939941406,5.762374607210918,49900
2011-11-24,5.630971908569336,5.733176260064098,5.596903946118142,5.596903946118142,14200
2011-11-25,5.601768970489502,5.645570886395731,5.5969019878019175,5.5969019878019175,22600
2011-11-28,5.746036052703857,5.794938673742937,5.628670321854015,5.628670321854015,65900
2011-11-29,5.750919818878174,5.809602617066389,5.726468536374062,5.765590401832872,28500
2011-11-30,5.892735481262207,5.892735481262207,5.72646735420195,5.8144917664972215,74500
2011-12-01,5.848726749420166,5.966092391286084,5.760702284835925,5.765592636506073,216400
2011-12-02,5.819386005401611,5.936752131781042,5.765593527822893,5.873178949350006,117400
2011-12-05,5.794933319091797,5.863396365641136,5.770482031165807,5.863396365641136,95700
2011-12-06,5.750919818878174,5.81938285024638,5.721578186599355,5.765590401832872,114800
2011-12-07,5.672678470611572,5.834056350003816,5.618885533234412,5.8291659981750525,100000
2011-12-08,5.765591621398926,5.838945018057907,5.6628965862546385,5.6628965862546385,170100
2011-12-09,5.633557319641113,5.741142275614701,5.59932531876799,5.741142275614701,151400
2011-12-12,5.491739273071289,5.628666328282179,5.428166563743637,5.628666328282179,269000
2011-12-13,5.540639400482178,5.623773480547653,5.477066252998613,5.5015175353183565,123000
2011-12-14,5.4428391456604,5.540643887780799,5.408607602510711,5.530863646753658,166600
2011-12-15,5.550420761108398,5.5650913456999955,5.428164801316314,5.506408540964133,337000
2011-12-16,5.67756986618042,5.834057901735922,5.506411703975932,5.545533596272372,1161300
2011-12-19,5.530858993530273,5.711797730818046,5.525968643946154,5.711797730818046,91800
2011-12-20,5.574873924255371,5.677568992319691,5.521081447219649,5.540642390357155,124100
2011-12-21,5.658007621765137,5.672678677787239,5.5846542071331715,5.613995386438103,36000
2011-12-22,5.69224214553833,5.746034642382384,5.599327281643332,5.623778586161482,72300
2011-12-23,5.67756986618042,5.716691758476859,5.653119033272453,5.6971308123286395,40000
2011-12-28,5.694767475128174,5.7488160047980355,5.621064423480623,5.7045942675274235,102000
2011-12-29,5.616151332855225,5.680027124324634,5.616151332855225,5.680027124324634,8600
2011-12-30,5.665283679962158,5.694764981429437,5.611235173959769,5.660370520208771,12100
2012-01-03,5.866741180419922,5.866741180419922,5.645632930421797,5.6751142490967235,43900
2012-01-04,5.871652126312256,5.901133431504317,5.827430402818888,5.84708445008378,34400
2012-01-05,5.955183029174805,5.989577501006549,5.851999145090038,5.896220876639157,92200
2012-01-06,5.9944891929626465,5.9944891929626465,5.901132598775639,5.955181103979761,79600
2012-01-09,6.269646644592285,6.289300690212755,5.984662748800765,5.994489537316294,121800
2012-01-10,6.421967029571533,6.5251509127144445,6.294215934538501,6.318783146428623,204600
2012-01-11,6.43670654296875,6.534976775289535,6.392484821277039,6.534976775289535,39000
2012-01-12,6.505496025085449,6.579199057042155,6.456361139037115,6.466187928810994,30900
2012-01-13,6.421967029571533,6.510410491862466,6.421967029571533,6.451448339865021,52200
2012-01-16,6.343350410461426,6.436707496437215,6.32860999057717,6.436707496437215,44000
2012-01-17,6.451446056365967,6.456359684440617,6.343348581670484,6.343348581670484,100600
2012-01-18,6.387570381164551,6.451446141206921,6.333521877400717,6.446532513067654,117300
2012-01-19,6.4268798828125,6.431793512032613,6.36791773793957,6.36791773793957,27300
2012-01-20,6.397398471832275,6.456360611425593,6.382657585491872,6.456360611425593,70800
2012-01-23,6.392485618591309,6.461274555500967,6.372831569675765,6.456361394714198,50300
2012-01-24,6.392485618591309,6.412139667506852,6.363004310923249,6.363004310923249,28000
2012-01-25,6.348265171051025,6.38757327680574,6.264735329174861,6.382659646439005,36600
2012-01-26,6.328608512878418,6.358089345763302,6.2893004233056455,6.338435300976916,26200
2012-01-27,6.296534538269043,6.355749539088624,6.257057871055989,6.355749539088624,24700
2012-01-30,6.286662578582764,6.3360086278232775,6.217578674364608,6.217578674364608,20800
2012-01-31,6.365616321563721,6.390289347892027,6.266924686849329,6.390289347892027,73900
2012-02-01,6.340945720672607,6.38535661703631,6.3064032849244205,6.3804223867285526,77700
2012-02-02,6.207712650299072,6.350815706157513,6.178105381141634,6.321208437000075,74600
2012-02-03,6.286662578582764,6.306400904159209,6.192905649744351,6.192905649744351,157400
2012-02-06,6.375487327575684,6.3804220282051345,6.3162723318191265,6.321207032448578,58200
2012-02-07,6.32614278793335,6.360685230069947,6.281731412757058,6.281731412757058,36500
2012-02-08,6.444567680358887,6.459371302358404,6.3212030656327105,6.3212030656327105,131900
2012-02-09,6.439639568328857,6.4791162477642,6.395228186314312,6.419901228611186,97100
2012-02-10,6.454438209533691,6.484045931492481,6.414961560654489,6.444569282613279,73400
2012-02-13,6.3952250480651855,6.4889819980661585,6.3952250480651855,6.469243668034433,27300
2012-02-14,6.350819110870361,6.46431495841718,6.34095017272677,6.390295804643348,14600
2012-02-15,6.350819110870361,6.414968855901292,6.331080763983868,6.395230509014799,112200
2012-02-16,6.316272735595703,6.3508147010121,6.311338034650794,6.345880000067191,20200
2012-02-17,6.291599750518799,6.375487784840302,6.291599750518799,6.375487784840302,36200
2012-02-21,6.385359287261963,6.587677873652868,6.365620945979823,6.533397082177601,172300
2012-02-22,6.419899940490723,6.469245544584385,6.321208261704353,6.4396382762479965,44300
2012-02-23,6.390294075012207,6.46924744118824,6.3705557334681995,6.464313208751625,76100
2012-02-24,6.410028457641602,6.4692434457017,6.365617098946804,6.429766786994968,60100
2012-02-27,6.4025959968566895,6.536396131053877,6.4025959968566895,6.536396131053877,35600
2012-02-28,6.437284469604492,6.452151517920381,6.402595635400593,6.432328786832529,69100
2012-02-29,6.501707553863525,6.56613001830226,6.442240772673916,6.467018716319578,221100
2012-03-01,6.4918012619018555,6.53144581079833,6.4918012619018555,6.4967564760636884,25200
2012-03-02,6.526488780975342,6.546311051344431,6.491799925979486,6.526488780975342,104200
2012-03-05,6.516575336456299,6.541353284685421,6.467019912598108,6.516575336456299,63800
2012-03-06,6.44224214553833,6.496753255095323,6.377819667370939,6.496753255095323,138000
2012-03-07,6.4670209884643555,6.4917989408155865,6.437287351122852,6.486843255825313,46300
2012-03-08,6.833730220794678,6.893196997205518,6.585951749449548,6.620640584205889,99000
2012-03-09,7.041868209838867,7.150890932033613,6.838689822521522,6.88824526162808,103300
2012-03-12,7.036906719207764,7.0468180824130355,6.93283976855146,6.997262211586297,91700
2012-03-13,6.942751407623291,7.041862680615093,6.893195534827476,6.893195534827476,70300
2012-03-14,7.036906719207764,7.0468180824130355,6.937795450154096,6.937795450154096,24900
2012-03-15,7.076550006866455,7.126105869150004,7.017083255686033,7.041861186827807,39200
2012-03-16,7.1161980628967285,7.210354153755788,7.106287169048386,7.1112428522725395,311100
2012-03-19,7.249998569488525,7.259909463193521,7.150887269438776,7.180620423153722,42000
2012-03-20,7.249998569488525,7.284687406355948,7.190531789458675,7.249998569488525,60900
2012-03-21,7.418485164642334,7.517596426599525,7.259906672911052,7.2945959690459015,71300
2012-03-22,7.259909629821777,7.413532502874784,7.259909629821777,7.383798875877439,28700
2012-03-23,7.215311527252197,7.284689218243035,7.185577893541785,7.284689218243035,15400
2012-03-26,7.259909629821777,7.304509834017811,7.185576271228368,7.215309898225712,91900
2012-03-27,7.383795738220215,7.398662781701296,7.259906544809811,7.259906544809811,41000
2012-03-28,7.3987274169921875,7.428581267231973,7.339020191023468,7.4236055464402,29800
2012-03-29,7.458434581756592,7.458434581756592,7.363898260042936,7.413654044019811,62700
2012-03-30,7.463412761688232,7.513169036570555,7.36390068643459,7.468388484078665,39100
2012-04-02,7.368869304656982,7.463405566379819,7.363893587063531,7.463405566379819,96100
2012-04-03,7.40867805480957,7.463409554048706,7.36389752156355,7.36389752156355,33100
2012-04-04,7.413649559020996,7.413649559020996,7.363893805144613,7.363893805144613,45900
2012-04-05,7.373847961425781,7.443506616450581,7.363896996142676,7.363896996142676,48000
2012-04-09,7.343993663787842,7.413651835506595,7.343993663787842,7.373847030378534,67000
2012-04-10,7.27931022644043,7.363895550034561,7.219603022934691,7.363895550034561,56000
2012-04-11,7.309162139892578,7.383796485341034,7.254430666172173,7.254430666172173,86100
2012-04-12,7.1698503494262695,7.339021080769133,7.090240705149841,7.274338126166809,41200
2012-04-13,7.2594099044799805,7.329068091265863,7.179800277004224,7.194726963528226,50300
2012-04-16,7.2594099044799805,7.299214718217859,7.224580811087039,7.299214718217859,9100
2012-04-17,7.199705123901367,7.239509951129368,7.189753679838883,7.239509951129368,41900
2012-04-18,7.339017868041992,7.339017868041992,7.159896246832278,7.229554417825149,36200
2012-04-19,7.309162139892578,7.339015972974076,7.289259742675105,7.319113575756604,59100
2012-04-20,7.334040641784668,7.339016359979063,7.214626252182808,7.304187281639505,38600
2012-04-23,7.22955846786499,7.274339016881413,7.18975364085283,7.254436603375333,66900
2012-04-24,7.219606399536133,7.2643869417369125,7.164874414841449,7.259411220489961,65100
2012-04-25,7.264387130737305,7.264387130737305,7.214630865995045,7.264387130737305,41000
2012-04-26,7.414272785186768,7.419269040178807,7.289369269200384,7.294365524192424,30400
2012-04-27,7.424263000488281,7.424263000488281,7.369305638442292,7.399282684584003,47000
2012-04-30,7.329337120056152,7.434256074848186,7.294364293948481,7.374302454462598,38000
2012-05-01,7.369306564331055,7.419268155354815,7.2643876043563935,7.329337482099664,71600
2012-05-02,7.394283771514893,7.394283771514893,7.314345645844809,7.394283771514893,29000
2012-05-03,7.3992815017700195,7.414269784210428,7.364308207450524,7.3992815017700195,43000
2012-05-04,7.394283771514893,7.399280023486476,7.304353141901642,7.399280023486476,16000
2012-05-07,7.424263000488281,7.444247539093094,7.269382945418227,7.314348276396302,31600
2012-05-08,7.369306564331055,7.464233015513346,7.2943646542644585,7.429260187678141,189100
2012-05-09,7.294360637664795,7.369302506465062,7.2593873526183925,7.35931000317501,22000
2012-05-10,7.389291286468506,7.394287540987088,7.304356865528829,7.344325948739376,21000
2012-05-11,7.5691447257995605,7.5691447257995605,7.409268550002588,7.414264799613391,100400
2012-05-14,7.734020709991455,7.7639977449815145,7.544167902106701,7.594128991798391,136000
2012-05-15,7.389291286468506,7.694055665066193,7.384295031949923,7.689059887016667,89700
2012-05-16,7.019571781158447,7.394282013499979,6.969610226258763,7.394282013499979,113000
2012-05-17,7.129494667053223,7.174459543585114,7.004591120480903,7.0195794126582,36800
2012-05-18,7.094515800476074,7.214422997037971,7.084523772330338,7.164461903371603,72000
2012-05-22,7.219419956207275,7.244400743720781,7.139481817339172,7.184447139569703,53000
2012-05-23,7.369306564331055,7.369306564331055,7.169461153174101,7.214426013332633,86200
2012-05-24,7.4942097663879395,7.4942097663879395,7.344325475766376,7.389290810599747,53600
2012-05-25,7.444246292114258,7.494207868491764,7.429258009788567,7.444246292114258,202700
2012-05-28,7.354315280914307,7.494207011721836,7.324338243221125,7.494207011721836,29200
2012-05-29,7.389432907104492,7.404483013555506,7.243951893678034,7.379399981222865,36000
2012-05-30,7.3743815422058105,7.3994645686307186,7.324215967774929,7.38943116669318,31900
2012-05-31,7.128567695617676,7.374380259296492,7.128567695617675,7.374380259296492,43800
2012-06-01,7.218870162963867,7.218870162963866,6.98309039762052,7.128571427636818,93400
2012-06-04,7.0583343505859375,7.264014241807857,7.028235111022079,7.264014241807857,62400
2012-06-05,6.892791271209717,7.0583386243037305,6.8476419061078815,7.0583386243037305,91800
2012-06-06,7.023220062255859,7.0332534634144395,6.872722393809454,6.872722393809454,112500
2012-06-07,6.932921886444092,7.023220589980761,6.927905663906782,7.023220589980761,80400
2012-06-08,6.867706775665283,7.023221169201961,6.852657149974306,6.9479725623281015,41200
2012-06-11,6.546645164489746,6.9429554598630805,6.546645164489746,6.9429554598630805,70000
2012-06-12,6.687108993530273,6.747307967163999,6.446313098995373,6.446313098995373,102600
2012-06-13,6.802492141723633,6.872724053114423,6.727243050123338,6.727243050123338,44100
2012-06-14,6.6820902824401855,6.852654228963288,6.596808309178636,6.837604609687358,68600
2012-06-15,6.521559238433838,6.807504375025018,6.4613602874893115,6.631924221041502,421000
2012-06-18,6.606844902038574,6.6218945285909685,6.546645917409992,6.546645917409992,106400
2012-06-19,6.8476409912109375,6.852657692978444,6.611861749166259,6.611861749166259,47200
2012-06-20,6.7673749923706055,6.872723326741622,6.72724233912631,6.832590673497327,28600
2012-06-21,6.662026405334473,6.797474463711168,6.566711477098942,6.797474463711168,61700
2012-06-22,6.626911163330078,6.797475190598218,6.626911163330078,6.787441787385269,22600
2012-06-25,6.631924629211426,6.69714028301979,6.586775293619577,6.616874531734967,23400
2012-06-26,6.606844902038574,6.662027185010023,6.591795275486179,6.631927931905233,22000
2012-06-27,6.682433128356934,6.697551620512907,6.662274978612903,6.66731415559276,4300
2012-06-28,6.924337863922119,6.9999313616679855,6.712676839207584,6.712676839207584,26800
2012-06-29,7.176310062408447,7.211587194871189,6.999926322528079,6.999926322528079,41100
2012-07-03,7.256941795349121,7.2770999483125465,7.20150699485177,7.2770999483125465,122000
2012-07-04,7.256941795349121,7.261981453742047,7.206546653244695,7.206546653244695,76800
2012-07-05,7.156154632568359,7.256945448118347,7.105759465097625,7.206550280647613,54800
2012-07-06,7.100717544555664,7.135994198620184,7.0553615718393585,7.1107963825990845,28000
2012-07-09,6.989850044250488,7.130957193641061,6.979771202455434,7.055364198048247,40900
2012-07-10,7.045277118682861,7.080554227646258,6.979763517625161,6.979763517625161,12300
2012-07-11,7.201512336730957,7.201512336730958,7.035207331270254,7.035207331270254,26900
2012-07-12,7.1863932609558105,7.23174925532197,7.125918762003795,7.201511765541666,25100
2012-07-13,7.176310062408447,7.206547535861035,7.1561519069761665,7.206547535861035,6400
2012-07-16,7.125916957855225,7.171272460129627,7.0553631533031425,7.171272460129627,12700
2012-07-17,7.246866226196289,7.256945066917596,7.130956433946051,7.130956433946051,11700
2012-07-18,7.357735633850098,7.453486774019728,7.236786192835239,7.236786192835239,30400
2012-07-19,7.529080867767334,7.529080867767333,7.357736722151853,7.357736722151853,50700
2012-07-20,7.478682518005371,7.534117322649579,7.4585243635339955,7.518998826948125,6400
2012-07-23,7.423252105712891,7.468608103199304,7.37285692675692,7.418212924243333,82800
2012-07-24,7.080561637878418,7.403092247493543,7.055363813850107,7.403092247493543,43700
2012-07-25,7.035204887390137,7.125916851805894,7.004967405715394,7.095679370131153,24700
2012-07-26,7.020089626312256,7.055366304037664,6.979773285880736,7.055366304037664,22200
2012-07-27,7.065635681152344,7.111187850758109,6.994776697022561,7.035267407186055,110400
2012-07-30,7.090946197509766,7.1466208323777165,7.0352710799542235,7.040332542038835,20000
2012-07-31,6.949227809906006,7.111191209751231,6.8328170838708315,7.096007306939593,47100
2012-08-01,6.959348201751709,7.03526817087768,6.954286741760007,6.969471121735115,47500
2012-08-02,6.923923492431641,6.97453667751179,6.87837128797811,6.9542913069421886,35800
2012-08-03,7.136497974395752,7.1618043179666975,6.954289211484544,6.954289211484544,41800
2012-08-07,7.166869163513184,7.202298447390097,7.136501343815198,7.192176001720033,24100
2012-08-08,7.161803245544434,7.212416890482465,7.146619345138021,7.176987628638337,36100
2012-08-09,7.085885047912598,7.171927976395117,7.0049035817379,7.171927976395117,178000
2012-08-10,7.156742095947266,7.161803074169972,7.009963108364233,7.085883091267103,58500
2012-08-13,7.060578346252441,7.171928105592345,7.015026150036681,7.151682738683965,116700
2012-08-14,6.994781017303467,7.040333215044249,6.969474669836487,7.040333215044249,49400
2012-08-15,6.979592800140381,7.040328865374808,6.96947036394498,7.040328865374808,14300
2012-08-16,7.070698261260986,7.070698261260986,6.9694714698083695,6.9694714698083695,8500
2012-08-17,7.156742095947266,7.161803074169972,7.035269447540203,7.040330908450389,7900
2012-08-20,7.187110900878906,7.263031377083862,7.151681634929122,7.156743096546962,129300
2012-08-21,7.187110900878906,7.187110900878906,7.13143627114531,7.166865537095094,12700
2012-08-22,7.171923637390137,7.197230450931041,7.085880760963452,7.182046073194106,27500
2012-08-23,7.035271644592285,7.136498963658467,7.035271644592286,7.121314576185962,91600
2012-08-24,7.020087718963623,7.126376017517422,6.98971990948404,7.075762358134611,14500
2012-08-27,7.055515766143799,7.060577227740981,6.994779675040252,7.025147961935798,23500
2012-08-28,6.908738136291504,7.050456193146945,6.908738136291504,7.015026437589264,23800
2012-08-29,6.786733150482178,6.93416028894716,6.740979817024261,6.93416028894716,34700
2012-08-30,6.65963888168335,6.827400733505435,6.6596388816833505,6.7511450377925195,29400
2012-08-31,6.491873264312744,6.608797917838533,5.947918029090975,6.608797917838533,144700
2012-09-04,6.4003682136535645,6.415619153685319,6.125848868988757,6.278359723762237,68100
2012-09-05,6.512208938598633,6.557961754245241,6.308860990399795,6.3291957367378195,48900
2012-09-06,6.674886703491211,6.786728047311156,6.552878229225041,6.552878229225041,61200
2012-09-07,6.761310577392578,6.761310577392579,6.65963683254535,6.65963683254535,71600
2012-09-10,6.715559959411621,6.756229473631527,6.608802363379658,6.756229473631527,27200
2012-09-11,6.796896457672119,6.837565956752596,6.608799903220245,6.685055092791471,10900
2012-09-12,6.812145233154297,6.873149947201293,6.766392424846825,6.796894297051805,18900
2012-09-13,6.710473537445068,6.812147283426924,6.649469289855956,6.812147283426924,13800
2012-09-14,6.781641483306885,6.873148044223315,6.654549253064457,6.73080439728256,112400
2012-09-17,6.761310577392578,6.781645326362025,6.710473462559635,6.776561517914999,52700
2012-09-18,6.740975379943848,6.862983865643257,6.735891571835049,6.756226319451617,91600
2012-09-19,6.8985676765441895,6.8985676765441895,6.740973546581773,6.740973546581773,18000
2012-09-20,7.045999526977539,7.0612509576521,6.781647697929909,6.918907180269164,72700
2012-09-21,7.371356964111328,7.41711029180442,7.035833207453834,7.076502724332386,370400
2012-09-24,7.295096397399902,7.320514463215715,7.0409118606935435,7.300179719671947,127000
2012-09-25,7.259511470794678,7.345934266800928,7.2391767237825375,7.269679086710053,23200
2012-09-26,7.167619228363037,7.279932486802147,7.080831776868853,7.279932486802147,21900
2012-09-27,7.172727108001709,7.193147663646359,7.1216754754578595,7.152306552357059,26500
2012-09-28,7.351404190063477,7.376929997105808,7.096147093368714,7.152303966234697,41400
2012-10-01,7.274825096130371,7.402453606588799,7.213563469534022,7.356507264925504,50200
2012-10-02,7.3820366859436035,7.422877790377409,7.249302853101553,7.254408112871871,11100
2012-10-03,7.356510639190674,7.3769311907559025,7.325880055275007,7.3769311907559025,6800
2012-10-04,7.279935359954834,7.376932880390178,7.279935359954834,7.371827619613458,19200
2012-10-05,7.285042762756348,7.341199187218568,7.2748322382007045,7.2748322382007045,34500
2012-10-09,7.172727108001709,7.330986292531634,7.172727108001709,7.330986292531634,12800
2012-10-10,7.213560104370117,7.310557512848502,7.1318779736801305,7.172719039025124,44900
2012-10-11,7.152304172515869,7.22888110898716,7.101252556958816,7.22888110898716,48400
2012-10-12,7.147198677062988,7.203355062825916,7.101252321955013,7.182934514651736,8800
2012-10-15,7.162513732910156,7.198250056197825,7.1318831550798745,7.17272425009642,18300
2012-10-16,7.147198677062988,7.193145032170962,7.101252321955013,7.136988159543761,11700
2012-10-17,7.233983993530273,7.233983993530273,7.126776025540392,7.147196567687791,11200
2012-10-18,7.351404190063477,7.371824738324487,7.233986159278738,7.269721997019436,32900
2012-10-19,7.351404190063477,7.427981611190471,7.336088900583788,7.3514041900634775,22000
2012-10-22,7.53009033203125,7.530090332031249,7.3054641227877175,7.3054641227877175,40200
2012-10-23,7.479031562805176,7.484136820784018,7.356508292498167,7.484136820784018,16000
2012-10-24,7.484137535095215,7.484137535095215,7.40245534709452,7.47903227662911,19000
2012-10-25,7.417768955230713,7.509661639346539,7.397348412856544,7.509661639346539,21200
2012-10-26,7.463718891143799,7.4637188911438,7.402457234523194,7.407562494291003,10100
2012-10-29,7.530356407165527,7.550861102715591,7.386823538315083,7.386823538315083,6300
2012-10-30,7.458592891693115,7.484223892539139,7.458592891693116,7.458592891693116,30200
2012-10-31,7.473968982696533,7.566240361626536,7.43295958958776,7.458590582498376,81800
2012-11-01,7.51497745513916,7.561113138952041,7.432958678969803,7.499599056825023,11700
2012-11-02,7.473968982696533,7.535483072359693,7.438085885943989,7.438085885943989,18800
2012-11-05,7.535484313964844,7.535484313964844,7.4483392170323635,7.4483392170323635,14000
2012-11-06,7.535484313964844,7.535484313964844,7.494474914099042,7.52010591123282,13200
2012-11-07,7.561115741729736,7.571368336715412,7.484223234819723,7.484223234819723,30700
2012-11-08,7.509848594665527,7.555984262722265,7.5098485946655265,7.530353281705154,14900
2012-11-09,7.458592891693115,7.509854404514481,7.376574080082388,7.468844998709117,21400
2012-11-12,7.253542423248291,7.453463561879871,7.217659329982552,7.407327876897931,33500
2012-11-13,7.069003582000732,7.279176924857398,6.940849056954402,7.274050626526574,142100
2012-11-14,6.689664840698242,7.007487934571159,6.582015043671075,7.007487934571159,105900
2012-11-15,6.889584064483643,6.8947103605920175,6.699915508308291,6.699915508308291,83700
2012-11-16,6.945972919464111,6.961351320192956,6.828070543554845,6.869079938078795,50600
2012-11-19,7.069003582000732,7.12026558756755,6.976732167528745,6.976732167528745,53100
2012-11-20,7.012616157531738,7.074130274315435,6.997237261682757,7.06387767708278,20800
2012-11-21,6.997232437133789,7.043368115128979,6.981854040758861,7.043368115128979,17700
2012-11-22,7.033117771148682,7.048496171366096,7.002360481843324,7.022865178423386,11600
2012-11-23,7.135639190673828,7.16127017620496,7.033115737419684,7.033115737419684,13100
2012-11-26,7.09463357925415,7.1766523854398745,7.048497878557019,7.07412887770772,29200
2012-11-27,7.084378242492676,7.125387629715493,7.0741261401222015,7.104882936104085,9900
2012-11-28,7.032893657684326,7.074081868689625,7.002002744931456,7.058636412313189,20900
2012-11-29,7.1307148933410645,7.207942653946786,7.0792293922691645,7.0792293922691645,12100
2012-11-30,7.120419979095459,7.2079450656007955,7.1152713290651945,7.177053656421498,11200
2012-12-03,7.079230308532715,7.115269869346362,7.027744800797055,7.110121711374549,36900
2012-12-04,7.048339366912842,7.110122176639391,7.048339366912843,7.104973527328474,26100
2012-12-05,7.099827766418457,7.104976417823983,7.002005844725576,7.058639537179094,25000
2012-12-06,7.207944393157959,7.2336871499054,7.079231100422994,7.104973857170437,48000
2012-12-07,7.141013145446777,7.223389571046387,7.104973581997505,7.207944113997017,89700
2012-12-10,7.1101250648498535,7.171907408670841,7.027748115419447,7.171907408670841,43800
2012-12-11,7.1049723625183105,7.141011919781846,7.084378259653127,7.141011919781846,23200
2012-12-12,7.074082851409912,7.1616079347055654,6.986557768114259,7.13586517650056,29700
2012-12-13,7.063786506652832,7.079231966189327,7.002004177504547,7.017449637041042,24000
2012-12-14,7.002005100250244,7.074084248254234,7.002005100250243,7.053490135824184,28300
2012-12-17,6.950519561767578,7.007153248102609,6.873291763037775,7.007153248102609,75700
2012-12-18,7.027746200561523,7.058637609556211,6.940221114579243,6.9505184145782355,81100
2012-12-19,7.1101250648498535,7.166758757268487,7.00200584041252,7.048342230026443,39700
2012-12-20,7.068933963775635,7.15645904412702,6.960815266755725,7.15645904412702,143800
2012-12-21,6.806360244750977,7.079232335474051,6.75487472227387,7.074083685025874,1042300
2012-12-24,6.82695198059082,6.89388294012628,6.785763773338563,6.8732888365001505,24500
2012-12-27,6.708000183105469,6.852814232555794,6.708000183105469,6.847642178909736,29800
2012-12-28,6.723515510559082,6.816610498540214,6.697655736871638,6.707999843640279,20800
2012-12-31,6.837296962738037,6.852812626806399,6.739029939425584,6.790749477298882,16200
2013-01-02,7.049343585968018,7.049343585968017,6.863154205965027,6.863154205965027,48500
2013-01-03,6.982110977172852,7.049346179104085,6.961423260673554,7.039002074237403,42700
2013-01-04,6.982110977172852,7.0338305150381295,6.920047827674959,6.992455082039534,72000
2013-01-07,6.982110977172852,7.002798693672149,6.961423260673554,6.982110977172852,89100
2013-01-08,7.018314838409424,7.054518714688281,6.976939402577101,6.9821114553646675,85300
2013-01-09,7.1062397956848145,7.1114118499519074,6.9872855069471465,6.9872855069471465,14600
2013-01-10,7.157956600189209,7.1631286524680355,7.080377295708983,7.080377295708983,32600
2013-01-11,7.235538482666016,7.235538482666016,7.142443968302083,7.163131692964542,35200
2013-01-14,7.370006084442139,7.385521748619635,7.23036362714246,7.27691111290902,63900
2013-01-15,7.385519027709961,7.42172288843163,7.3182838500655905,7.33380000176083,44300
2013-01-16,7.478620529174805,7.509652366569049,7.401041675540676,7.401041675540676,48700
2013-01-17,7.6337761878967285,7.675151628489597,7.43724259846352,7.43724259846352,46800
2013-01-18,7.706180572509766,7.7320403381693295,7.654461534424642,7.675149248305492,28300
2013-01-21,7.7992777824401855,7.7992777824401855,7.6596357967526645,7.6596357967526645,43400
2013-01-22,7.79410457611084,7.79410457611084,7.711353708947913,7.783760964332512,55200
2013-01-23,7.602747440338135,7.7527335965479205,7.602747440338135,7.711358139195866,146400
2013-01-24,7.726866722106934,7.73203877283858,7.5923968557214785,7.5923968557214785,47600
2013-01-25,7.111404895782471,7.576878473485637,7.018309982948333,7.576878473485637,220300
2013-01-28,7.204503059387207,7.370004762894525,7.116580156090448,7.163127633510377,102600
2013-01-29,7.287613391876221,7.287613391876221,7.220087333930641,7.266836181382794,26000
2013-01-30,7.230474472045898,7.2720288831775,7.2200856215791696,7.2720288831775,56700
2013-01-31,7.25125789642334,7.266840690119865,7.17853736689275,7.220091813662207,197700
2013-02-01,7.136976718902588,7.2616399508927945,7.105811158588861,7.194114405090503,47800
2013-02-04,7.19931173324585,7.2616433786638535,7.116202872688511,7.116202872688511,31300
2013-02-05,7.272039413452148,7.29801108185958,7.220096076637284,7.220096076637284,72200
2013-02-06,7.194117546081543,7.396695262670254,7.178534263753283,7.272031976251375,38000
2013-02-07,7.142168045043945,7.209694056913907,7.1161964258066615,7.209694056913907,48500
2013-02-08,7.162949562072754,7.16814398812699,7.105812361579349,7.162949562072753,70000
2013-02-11,7.116205215454102,7.277229057321414,7.105816852148365,7.142176866770513,18800
2013-02-12,7.105814456939697,7.121397244329721,7.090231174181793,7.111008389157785,19700
2013-02-13,7.085038185119629,7.131786553512816,7.064260967377786,7.126592620603314,12400
2013-02-14,7.111008167266846,7.121397022114609,7.074648166035401,7.121397022114609,18800
2013-02-15,7.064260005950928,7.162951652951026,7.064260005950928,7.162951652951026,59300
2013-02-19,7.116205215454102,7.126594074127885,7.074650771495063,7.085039630168845,40300
2013-02-20,7.116205215454102,7.116205215454102,7.090233564137691,7.116205215454102,24700
2013-02-21,7.074646472930908,7.157755310351952,7.064258115937151,7.085035325292412,18300
2013-02-22,7.111008167266846,7.116202594690727,7.090230952939183,7.100619807786946,15000
2013-02-25,7.033092975616455,7.116201823925477,7.033092975616455,7.111007397064211,39700
2013-02-26,7.043528079986572,7.095702561089638,7.017440839435039,7.069615320538105,27200
2013-02-27,7.074831008911133,7.095700696353299,6.991351761569865,7.080048057592227,25200
2013-02-28,7.080047607421875,7.1478742116894525,7.043525781113397,7.111352385380974,64900
2013-03-01,7.1478753089904785,7.252223755585512,7.106135930352465,7.106135930352465,66800
2013-03-04,7.163527965545654,7.2157024413728355,7.12178858391298,7.14787582182657,34600
2013-03-05,7.247009754180908,7.2626619033595485,7.210487409333614,7.231357107429417,27400
2013-03-06,7.361791610717773,7.4296182425512205,7.226138844623649,7.262660685775209,165000
2013-03-07,7.434832572937012,7.4557022585020025,7.356571376461432,7.3722235162420375,38700
2013-03-08,7.434832572937012,7.5391810007619675,7.382658110238257,7.434832572937011,48700
2013-03-11,7.278314113616943,7.398315251854487,7.262661964306952,7.3617929067007015,122700
2013-03-12,6.975701332092285,7.278312123045225,6.897440109373418,7.2365727379188005,108100
2013-03-13,6.965269565582275,7.236575679174515,6.913095064181923,7.200053826738021,407500
2013-03-14,6.939180374145508,7.022659154980551,6.913093130741361,7.022659154980551,88700
2013-03-15,6.965269565582275,7.043530820109884,6.86092056278157,6.918312613836543,668800
2013-03-18,6.944398880004883,7.043529821523906,6.939181331089974,6.939181331089974,52700
2013-03-19,7.017444610595703,7.043531865166475,6.95483549816965,6.980922752740421,45200
2013-03-20,7.095703125,7.179181903340956,7.027876493204781,7.027876493204781,61300
2013-03-21,7.100921154022217,7.147878097703184,7.095704102836537,7.132225949000474,35000
2013-03-22,7.121786117553711,7.1739605753122575,7.121786117553711,7.121786117553711,47000
2013-03-25,6.986137390136719,7.1478774054028476,6.965267694696805,7.1270077099629345,44700
2013-03-26,6.961499214172363,7.03488869456561,6.961499214172363,7.0191625558831054,100200
2013-03-27,6.945773124694824,6.945773124694824,6.930046985900914,6.945773124694824,25100
2013-03-28,6.945773124694824,6.951015337601108,6.919562560088347,6.935288698882258,37600
2013-04-01,6.940530776977539,6.9667413410749095,6.914320212880169,6.9667413410749095,15200
2013-04-02,6.877623558044434,6.961496936813,6.877623558044434,6.961496936813,43400
2013-04-03,6.8461713790893555,6.935286470234426,6.8461713790893555,6.919560336494094,75800
2013-04-04,6.814720153808594,6.888109627745647,6.74133067987154,6.846172928331585,43800
2013-04-05,6.877623558044434,6.877623558044434,6.736087356353672,6.830444657505923,32900
2013-04-08,6.7937469482421875,6.882862495782576,6.778020822183452,6.877620287121486,35600
2013-04-09,6.877623558044434,6.893349691582348,6.8147185239680095,6.8147185239680095,71900
2013-04-10,6.919559955596924,6.940528299404727,6.8671393460397905,6.882865478914455,26500
2013-04-11,6.919559955596924,6.956254932204143,6.8671393460397905,6.956254932204143,29900
2013-04-12,6.898590564727783,6.919558905353032,6.835685542852035,6.919558905353032,75000
2013-04-15,6.746572494506836,6.86189866105841,6.694151873292384,6.840930312587656,62300
2013-04-16,6.814720153808594,6.840930715923605,6.757057317095482,6.840930715923605,53100
2013-04-17,6.599793434143066,6.877624150216716,6.552614529542391,6.877624150216716,55300
2013-04-18,6.657459735870361,6.683670307650083,6.610280806651879,6.678428093309123,56700
2013-04-19,6.473985195159912,6.67842650663499,6.453016842702853,6.67842650663499,51000
2013-04-22,6.542133331298828,6.578828330702069,6.46874433234247,6.578828330702069,36200
2013-04-23,6.552612781524658,6.605033883746728,6.453013287212343,6.563097201938945,22400
2013-04-24,6.573580741882324,6.641727970856083,6.5421279823849545,6.5421279823849545,295700
2013-04-25,6.840930461883545,6.840930461883545,6.578825850316551,6.6522148216033905,102800
2013-04-26,6.715118885040283,6.867139506172979,6.6784239075773835,6.867139506172979,24200
2013-04-29,6.830447673797607,6.851416027749269,6.751816471460121,6.751816471460121,49400
2013-04-30,6.851413249969482,6.867139884000898,6.772782079511563,6.840929327206662,22800
2013-05-01,6.757058620452881,6.840932035459202,6.6889113457789975,6.840932035459202,18300
2013-05-02,6.757058620452881,6.767542547366177,6.7046374861114355,6.767542547366177,23000
2013-05-03,6.798992156982422,6.814718289980368,6.7256027031174135,6.757055469038061,30800
2013-05-06,6.683667182922363,6.835687828262427,6.683667182922362,6.835687828262427,24900
2013-05-07,6.814720153808594,6.814720153808594,6.704636192865459,6.7098784052734395,26000
2013-05-08,6.97198486328125,6.97198486328125,6.7989958076445935,6.814721949086556,79900
2013-05-09,6.97198486328125,7.024405501396133,6.930048152819334,6.951016508050293,23300
2013-05-10,6.830447673797607,6.935289443555917,6.8304476737976065,6.877626595170095,15000
2013-05-13,6.741329193115234,6.835686995949319,6.736087481788171,6.819960862118566,55900
2013-05-14,6.605033874511719,6.694149448209829,6.526402221288555,6.688907238010015,107600
2013-05-15,6.568341255187988,6.715120193796835,6.552615118881633,6.557857330958704,31900
2013-05-16,6.463498592376709,6.568340319356402,6.458256381046527,6.563098607951009,63400
2013-05-17,6.238090991973877,6.5683429385971985,6.1647020037853535,6.5683429385971985,141200
2013-05-21,6.295753479003906,6.369142457158792,6.201395650033432,6.201395650033432,140800
2013-05-22,6.300993919372559,6.379625088114069,6.248572806928365,6.248572806928365,83900
2013-05-23,6.2695417404174805,6.316720646060791,6.2276050464956105,6.290510087378416,67100
2013-05-24,6.159459590911865,6.28526970938254,6.159459590911865,6.243333003225649,46300
2013-05-27,6.070347309112549,6.14897855148839,6.0493789444839745,6.14897855148839,68700
2013-05-28,6.033649444580078,6.101796716751592,5.8711443340287826,6.044133371108405,412100
2013-05-29,6.33040189743042,6.446362267468008,6.098480152002771,6.119563901343808,346800
2013-05-30,6.4779863357543945,6.535966504599362,6.404192982307632,6.425276725767265,75500
2013-05-31,6.451634883880615,6.578137410385798,6.446363819607143,6.483260766845089,84100
2013-06-03,6.4832563400268555,6.572862360786756,6.462172600005467,6.541236499416668,96000
2013-06-04,6.346212387084961,6.467444280839815,6.335670767401442,6.467444280839815,54500
2013-06-05,6.277690410614014,6.346212701315957,6.251335606086175,6.3409416398751715,36400
2013-06-06,6.346212387084961,6.34621238708496,6.214438873646588,6.219709934826378,81500
2013-06-07,6.4252800941467285,6.456905977253732,6.304048631368658,6.346216140393756,93700
2013-06-10,6.372569561004639,6.441091873805105,6.325130998090758,6.441091873805105,28800
2013-06-11,6.52015495300293,6.546509762565345,6.288233734741275,6.362026598304619,60600
2013-06-12,6.45690393447876,6.472716619691412,6.3831105656927125,6.4305491240068715,65000
2013-06-13,6.488529682159424,6.509613429594154,6.340942947440128,6.340942947440128,61900
2013-06-14,6.367297172546387,6.509612831665814,6.367297172546387,6.493799645535115,28400
2013-06-17,6.4779863357543945,6.509612202281892,6.3778386799901625,6.3778386799901625,53400
2013-06-18,6.467449188232422,6.593951736479029,6.420010606970834,6.509616704314625,71200
2013-06-19,6.4252800941467285,6.546512059601158,6.409467403931406,6.472718667469055,72000
2013-06-20,6.546510219573975,6.641387339551522,6.335672733708556,6.388381853836802,89900
2013-06-21,6.752074718475342,6.8100548805801,6.446359719835966,6.620301211502315,390400
2013-06-24,6.67828369140625,6.699367439732326,6.567593887025298,6.688825314231182,56000
2013-06-25,6.783705234527588,6.783705234527588,6.615035178262705,6.636118935295816,67600
2013-06-26,6.806478023529053,6.854149428303781,6.774696581863688,6.817071500651588,63100
2013-06-27,6.885931491851807,6.891228483465896,6.811775124701328,6.832962586008762,20700
2013-06-28,6.891232013702393,6.896529008030024,6.832966086396822,6.838263080724452,42300
2013-07-02,6.84885835647583,6.912420784905044,6.822373885009671,6.891233308761973,15300
2013-07-03,6.742918491363525,6.838262358595719,6.663465605436118,6.801184412516146,71600
2013-07-04,6.779994487762451,6.785291479612833,6.7429160499587235,6.753510033659487,40100
2013-07-05,6.779994487762451,6.779994487762451,6.658166200948396,6.75880702550987,26300
2013-07-08,6.674059867858887,6.779997221841743,6.626387932279314,6.779997221841743,95900
2013-07-09,6.647574424743652,6.68994936010042,6.621089963858403,6.674058885628901,20600
2013-07-10,6.605199813842773,6.647574751281052,6.562824876404494,6.642277757813992,22100
2013-07-11,6.5628228187561035,6.621088213178456,6.483369457108598,6.621088213178456,141400
2013-07-12,6.610495567321777,6.668761478684254,6.515152221258801,6.531042694744456,166900
2013-07-15,6.610495567321777,6.642277019442132,6.557527153986578,6.610495567321777,103100
2013-07-16,6.6528730392456055,6.705841468775353,6.584013626222654,6.584013626222654,51200
2013-07-17,6.642277240753174,6.700542648907926,6.62108977368335,6.658167714768277,27800
2013-07-18,6.700542449951172,6.737620895084203,6.647574036423912,6.668761502864625,141600
2013-07-19,6.700542449951172,6.748214375730036,6.674058495762065,6.711136435746051,101000
2013-07-22,6.689950466156006,6.727028414436039,6.6740599890573,6.705840943254711,21500
2013-07-23,6.779994487762451,6.785291479612833,6.716432101004706,6.716432101004706,48100
2013-07-24,6.801182746887207,6.880635613356383,6.716432887947019,6.774698289681147,69800
2013-07-25,6.79588508605957,6.838260011362208,6.742916176856797,6.8011820780096395,18700
2013-07-26,6.753507137298584,6.838256949962456,6.732319684132617,6.806476022787869,30900
2013-07-29,6.68058443069458,6.776401231244397,6.675261134092505,6.760431849095678,20400
2013-07-30,6.637996196746826,6.707197499614246,6.6220263138608395,6.707197499614246,15100
2013-07-31,6.648647785186768,6.691233159511057,6.627355098024622,6.648647785186767,31900
2013-08-01,6.8030171394348145,6.813663732533856,6.659291686200259,6.696553746731903,25900
2013-08-02,6.787045955657959,6.866893352073341,6.787045955657958,6.824308006297488,27300
2013-08-06,6.728493690490723,6.824310499665875,6.6805850320743705,6.824310499665875,21500
2013-08-07,6.749781608581543,6.760427687574774,6.707196277294237,6.760427687574774,44200
2013-08-08,6.813661575317383,6.813661575317383,6.707198216320946,6.755106347126338,8900
2013-08-09,6.893509387969971,6.893509387969972,6.8136619907684235,6.8136619907684235,18400
2013-08-12,6.877539157867432,6.893508533797507,6.834953816949027,6.866892568809177,11200
2013-08-13,6.334576606750488,6.776399990687909,6.228113232486787,6.765753907090246,416400
2013-08-14,6.393131732940674,6.472979135345276,6.361192467384392,6.398455028476289,195500
2013-08-15,6.3239336013793945,6.41442764046661,6.281348230945135,6.41442764046661,62400
2013-08-16,6.3239336013793945,6.355872375376259,6.281348230945135,6.350549584815221,18700
2013-08-19,6.302639007568359,6.361193747269237,6.249407056816648,6.345224365106726,47100
2013-08-20,6.233438968658447,6.29199372051475,6.185530304568012,6.276024335037142,140300
2013-08-21,6.201500415802002,6.244085787164428,6.121652971411872,6.196177625124952,86500
2013-08-22,6.174882888793945,6.233437628057107,6.126974235007039,6.169559592227066,167600
2013-08-23,6.174882888793945,6.2387609246239855,6.174882888793945,6.180205677703322,17700
2013-08-26,6.13762092590332,6.249407626547,6.13762092590332,6.185529584415976,124200
2013-08-27,6.047126770019531,6.148267381862991,6.047126770019531,6.121651404659052,39900
2013-08-28,6.048731803894043,6.086201659929381,5.989850018137367,6.0540847863243785,43900
2013-08-29,5.995204448699951,6.096909097488899,5.979146008018558,6.048733264956095,64400
2013-08-30,6.03267240524292,6.1450819554263685,5.989849063116495,6.0112604789354975,117700
2013-09-03,6.241434097290039,6.316374314089518,6.070142756592332,6.070142756592332,147300
2013-09-04,6.316372394561768,6.33243082524995,6.214667809063893,6.214667809063893,92500
2013-09-05,6.305670738220215,6.369905015309525,6.3003182646625975,6.369905015309525,38200
2013-09-06,6.42878532409668,6.509078024167453,6.3377866584225835,6.412726375691695,137100
2013-09-09,6.493017673492432,6.610780707994838,6.471606259081847,6.482311711042946,87600
2013-09-10,6.482315540313721,6.530491378818342,6.466257097641744,6.5090799517594755,65100
2013-09-11,6.487669467926025,6.530492328269662,6.471611022919353,6.519786868428134,127600
2013-09-12,6.402022361755371,6.514432473452553,6.369904968203897,6.4930210479144534,48300
2013-09-13,6.375256538391113,6.439490800760391,6.375256538391113,6.402020942000447,31500
2013-09-16,6.557254791259766,6.610783605996106,6.434139232050239,6.434139232050239,435500
2013-09-17,6.503728866577148,6.600080571722802,6.487670419215819,6.514434838477261,105100
2013-09-18,6.557254791259766,6.589372182199292,6.503725976523426,6.52513740032024,46200
2013-09-19,6.648249626159668,6.664308057100525,6.503722216227002,6.557251000014282,213500
2013-09-20,6.621490001678467,6.824898811838977,6.557255721178625,6.675018824006011,491700
2013-09-23,6.7231903076171875,6.77671858478757,6.621485713163262,6.680366971197188,53400
2013-09-24,6.824895858764648,6.824895858764648,6.717838770920935,6.723191752935236,123200
2013-09-25,6.835598468780518,6.851656896455595,6.760658288816472,6.851656896455595,41800
2013-09-26,6.810318470001221,6.826456521976835,6.7457657490793395,6.826456521976835,19700
2013-09-27,6.826460361480713,6.87487505765755,6.7834251899945714,6.8103223004283375,35900
2013-09-30,6.78342342376709,6.80494100390754,6.654317942924382,6.80494100390754,31200
2013-10-01,6.735004425048828,6.804936125608213,6.724245386181717,6.729624905615273,13300
2013-10-02,6.87487268447876,6.901769785627754,6.745767214587031,6.751146737420736,49800
2013-10-03,6.778045654296875,6.858736466340066,6.670457220879724,6.815701298181074,90200
2013-10-04,6.7888007164001465,6.831835862540607,6.724247997189457,6.767283143329917,25800
2013-10-07,6.778045654296875,6.788804189826786,6.7242514375883,6.767286605747291,32300
2013-10-08,6.724246501922607,6.804937254737961,6.686590885678016,6.735005542574946,22800
2013-10-09,6.86948823928833,6.885626282000936,6.72424431581749,6.72424431581749,41700
2013-10-10,6.810318470001221,6.912527329558766,6.778042366049991,6.912527329558766,22000
2013-10-11,6.81569766998291,6.842594764019076,6.76728300332169,6.837215242607963,32100
2013-10-15,6.78342342376709,6.896390847759353,6.761905843626638,6.815700050487555,77300
2013-10-16,6.8479743003845215,6.874871396494433,6.756524994441921,6.821077717294046,37800
2013-10-17,6.917905807495117,6.923285328747438,6.804938426293297,6.821076990050259,38600
2013-10-18,6.950181007385254,6.950181007385254,6.87486926423948,6.87486926423948,71200
2013-10-21,6.891003608703613,6.939417721441982,6.831829949213999,6.939417721441982,23800
2013-10-22,7.020114421844482,7.068529085439585,6.960940716108528,6.966320237178953,133400
2013-10-23,7.0362548828125,7.090049085909109,6.971702146908294,7.052392938533666,43600
2013-10-24,6.880251407623291,7.047013004948783,6.874871885414845,7.047013004948783,30700
2013-10-25,6.831833362579346,6.885627532079815,6.713486497489846,6.885627532079815,57800
2013-10-28,6.831833362579346,6.847971408221799,6.778039706098098,6.804936277829111,73100
2013-10-29,6.882113933563232,6.963207497202931,6.838864239186204,6.8658954270661035,47100
2013-10-30,6.914549350738525,6.952392692868495,6.838862150901719,6.892924510153277,23900
2013-10-31,7.076740741729736,7.082147084459283,6.919960411613419,6.963210122295353,82200
2013-11-01,7.022674560546875,7.08214326736534,6.865894314931096,7.076736927549671,44000
2013-11-04,7.082141399383545,7.082141399383544,7.001047870268535,7.02267270825051,56400
2013-11-05,7.076740741729736,7.109177766952578,7.0280846883182555,7.055115886388769,33500
2013-11-06,7.044299125671387,7.076736647705737,6.984830936781487,7.049705465273266,36700
2013-11-07,7.076740741729736,7.119990452411671,7.044303200929676,7.044303200929676,57300
2013-11-08,7.071332931518555,7.109176291617482,7.038895913027221,7.0929577823718155,56900
2013-11-11,6.65505313873291,6.719927678766632,6.417179309698915,6.617209270363812,293100
2013-11-12,6.63883638381958,6.698305119171712,6.595586675696497,6.644242726229263,218000
2013-11-13,6.649647235870361,6.703709098335149,6.649647235870361,6.649647235870361,57000
2013-11-14,6.63883638381958,6.698305119171712,6.622617872167721,6.649649068638945,21100
2013-11-15,6.665866374969482,6.703709733840051,6.622616674666807,6.638835183386036,31000
2013-11-18,6.665866374969482,6.757772117006946,6.628023016098915,6.628023016098915,60300
2013-11-19,6.649647235870361,6.730740287356066,6.649647235870361,6.698303272992603,94500
2013-11-20,6.671276092529297,6.7361506758143435,6.655057575602374,6.671276092529297,314400
2013-11-21,6.692896366119385,6.757770904937545,6.682083685194523,6.709114871929674,29700
2013-11-22,6.7848052978515625,6.806430154343169,6.692899528867922,6.692899528867922,18800
2013-11-25,6.7469563484191895,6.849674726342573,6.74695634841919,6.828049886081365,29600
2013-11-26,6.676673412322998,6.70911040233412,6.660454401740776,6.692891907328559,37200
2013-11-27,6.689176082611084,6.727213472411825,6.672873899935993,6.727213472411825,30300
2013-11-28,6.6294050216674805,6.7109144120095126,6.6294050216674805,6.7109144120095126,39500
2013-11-29,6.667443752288818,6.694613034140606,6.629405824898815,6.629405824898815,12100
2013-12-02,6.770683765411377,6.803287606966186,6.70547660052224,6.716344202226856,28800
2013-12-03,6.683742523193359,6.781553035479676,6.640271069239305,6.7652513698020575,28500
2013-12-04,6.792421817779541,6.846761399610041,6.651139319596768,6.662007443251132,34800
2013-12-05,6.803287506103516,6.830456769072494,6.781551266575574,6.803287506103515,67000
2013-12-06,6.7163472175598145,6.792422536528389,6.591366891633634,6.765252742738133,110200
2013-12-09,6.754384994506836,6.982610428405684,6.716347076709893,6.716347076709893,94100
2013-12-10,6.678305625915527,6.846757827118808,6.645701790185077,6.803286391625133,32800
2013-12-11,6.6620073318481445,6.7489502467465465,6.662007331848145,6.7489502467465465,21400
2013-12-12,6.6620073318481445,6.678308998836433,6.602233689190006,6.645705146639207,42500
2013-12-13,6.672876358032227,6.694612091385266,6.634838954219597,6.694612091385266,35900
2013-12-16,6.613100528717041,6.721779151239889,6.504421906194192,6.721779151239889,190600
2013-12-17,6.6294050216674805,6.678310552228545,6.602235224886804,6.602235224886804,70000
2013-12-18,6.656571388244629,6.672873050624304,6.623967545264777,6.623967545264777,24000
2013-12-19,6.6294050216674805,6.6891786782291245,6.613103350887383,6.672876489228256,28100
2013-12-20,6.906530380249023,6.955435870902817,6.683739161244272,6.700040818722087,283400
2013-12-23,6.906530380249023,6.928266096292893,6.781549624331512,6.928266096292893,22200
2013-12-24,6.998907566070557,7.009775165390816,6.906530639856692,6.911964698627006,20600
2013-12-27,7.093379020690918,7.0988397916687775,7.016930310072021,7.071536457547264,28700
2013-12-30,7.093379020690918,7.093379020690919,7.033312102237815,7.060615436359329,14200
2013-12-31,7.0988383293151855,7.137062676750457,7.038771423235805,7.038771423235805,21100
2014-01-02,7.093379020690918,7.109761333624497,7.05515466538147,7.087918249713059,54300
2014-01-03,7.082459926605225,7.1097632681558425,7.04423504012719,7.0933809507647165,48800
2014-01-06,7.060615539550781,7.098839895418882,7.0387729760878965,7.049693997435443,113600
2014-01-07,6.995081901550293,7.071530548285558,6.989621135135675,7.060609536223669,36300
2014-01-08,7.0387725830078125,7.066075395235851,6.896795668043863,6.989626687768926,28800
2014-01-09,7.240816593170166,7.257198385066016,7.060615320012482,7.093378903804183,52300
2014-01-10,7.279037952423096,7.284498721063788,7.137061092370467,7.224431307551297,190600
2014-01-13,7.279037952423096,7.371868936244619,7.208049522396782,7.262656167268581,82800
2014-01-14,7.328187465667725,7.371872594939272,7.23535643577373,7.289963107747075,31500
2014-01-15,7.2681193351745605,7.453780843338418,7.19713088171438,7.273579584850165,71600
2014-01-16,7.311807155609131,7.3554922937423655,7.208054561966755,7.311807155609131,26700
2014-01-17,7.339107990264893,7.371872095382194,7.273580300798074,7.273580300798074,18200
2014-01-20,7.371870040893555,7.371870040893555,7.284499812620601,7.350027483825316,16500
2014-01-21,7.382789134979248,7.464698566668684,7.350025049842993,7.350025049842993,24500
2014-01-22,7.377338409423828,7.486551307260414,7.377338409423827,7.399180988991145,17400
2014-01-23,7.4647016525268555,7.502926000347955,7.4046347458411725,7.426477304705755,31800
2014-01-24,7.371870040893555,7.492004365152685,7.273578273702663,7.492004365152685,32200
2014-01-27,7.142525672912598,7.289963380292092,7.126143879015267,7.268120814839705,36500
2014-01-28,7.2681193351745605,7.339107267867009,7.098839096805249,7.1261424282542,66700
2014-01-29,7.105164527893066,7.26976304101779,6.9625124483020215,7.26976304101779,39800
2014-01-30,7.275252819061279,7.3026860032481915,7.055787868810447,7.055787868810447,23900
2014-01-31,7.198441028594971,7.242333920219458,7.154548136970483,7.214900732143018,19700
2014-02-03,7.236845016479492,7.280738418238592,7.154546000075499,7.209412359841084,35600
2014-02-04,7.160033226013184,7.236845506998134,7.13260004427095,7.236845506998134,15300
2014-02-05,7.132598400115967,7.220384142859844,7.132598400115966,7.220384142859844,24700
2014-02-06,7.2972002029418945,7.2972002029418945,7.171007748703805,7.203927678622948,41600
2014-02-07,7.280741214752197,7.297200919706249,7.21490134844682,7.297200919706249,22000
2014-02-10,7.291714668273926,7.434366849472873,7.2752549622108535,7.2972014113764905,128400
2014-02-11,7.341094493865967,7.406933843014516,7.341094493865966,7.35206745710174,36500
2014-02-12,7.242329120635986,7.390467924128571,7.192949519471791,7.3685214928605065,22700
2014-02-13,7.313654899597168,7.34657480698045,7.231355916005229,7.286221730651796,18100
2014-02-14,7.390478134155273,7.406937849534551,7.330124972356393,7.341098464772523,23800
2014-02-18,7.390478134155273,7.406937849534551,7.352071433943736,7.357558180151801,13600
2014-02-19,7.384982585906982,7.406929021336727,7.363036150477238,7.406929021336727,8800
2014-02-20,7.45082426071167,7.489230404111439,7.374011450667672,7.412418117311901,95900
2014-02-21,7.406928539276123,7.461794885901799,7.297196369269034,7.406928539276124,41300
2014-02-24,7.3520612716674805,7.472766905176775,7.302682193783136,7.324628625035354,34900
2014-02-25,7.406928539276123,7.461794885901799,7.352062192650449,7.406928539276124,34300
2014-02-26,7.386532783508301,7.441656374337962,7.347946585346052,7.386532783508301,100600
2014-02-27,7.392046928405762,7.414096264611316,7.336923850740697,7.375510057676006,170700
2014-02-28,7.430637359619141,7.430637359619141,7.34795243326678,7.414100479488257,17100
2014-03-03,7.369996070861816,7.414094734169936,7.303848075899637,7.331409871891595,37300
2014-03-04,7.41409969329834,7.458198386103106,7.358976590141324,7.381025936543708,30800
2014-03-05,7.403072357177734,7.414096763173028,7.358973681801206,7.397559891331249,75200
2014-03-06,7.436145782470703,7.441658248081164,7.369997772238145,7.392047108982331,23200
2014-03-07,7.41409969329834,7.419612161323407,7.237704922079274,7.342439186066123,32400
2014-03-10,7.739324569702148,7.76137390648259,7.414096457917395,7.414096457917395,213600
2014-03-11,7.7172770500183105,7.88815984457574,7.717277050018311,7.739326391990453,61200
2014-03-12,7.607029438018799,7.717276134805042,7.540881419947053,7.717276134805042,31700
2014-03-13,7.557415962219238,7.711761290117546,7.507804832541822,7.651125757010457,49500
2014-03-14,7.452682971954346,7.557417187150912,7.42512117036652,7.557417187150912,56300
2014-03-17,7.568445682525635,7.656643600410341,7.4637114107283145,7.4637114107283145,50200
2014-03-18,7.612541675567627,7.700739030346777,7.5519055998836855,7.634591014262415,72500
2014-03-19,7.540881633758545,7.706251420777887,7.540881633758545,7.684202080795459,48700
2014-03-20,7.4416584968566895,7.568442055949736,7.4416584968566895,7.540880778371367,62200
2014-03-21,7.314877986907959,7.513322106959376,7.259754357378064,7.496785228379564,424500
2014-03-24,7.309362888336182,7.364485972330597,7.298337956118677,7.314875354444934,61100
2014-03-25,7.728303909301758,7.8054763625822945,7.347952008398298,7.480248093191714,185100
2014-03-26,7.882643699645996,7.9763534907274005,7.6897116531378025,7.717273449167192,167700
2014-03-27,7.834474086761475,7.884304749818952,7.77357023637112,7.884304749818952,114300
2014-03-28,7.806790828704834,7.828937731321457,7.773570210767995,7.812327158341134,47100
2014-03-31,7.817868709564209,7.81786870956421,7.7791117387228015,7.795721793651387,175700
2014-04-01,7.8510823249816895,7.889839261156644,7.78464163667163,7.7957148207114795,218900
2014-04-02,7.928602695465088,7.961823330858952,7.845551899016558,7.923066362919515,81900
2014-04-03,7.934138298034668,7.961822068469464,7.862160706113801,7.889844476548596,36000
2014-04-04,7.923064708709717,7.9728948593606415,7.923064708709718,7.934137899513042,31700
2014-04-07,7.873230457305908,7.939671156048202,7.834472987021769,7.834472987021769,52800
2014-04-08,7.795717716217041,7.851085241051999,7.773570811887827,7.834474666787202,43800
2014-04-09,7.756960391998291,7.7791072952607,7.745886676355175,7.7791072952607,43100
2014-04-10,7.768034934997559,7.768034934997559,7.712667931192919,7.751424886658558,65600
2014-04-11,7.651761531829834,7.7458859944143965,7.624078301206898,7.7182022357676825,63000
2014-04-14,7.640692234039307,7.751426796962534,7.624082181606834,7.6462290941914794,43400
2014-04-15,7.640692234039307,7.673912338904252,7.629618513734961,7.629618513734961,57800
2014-04-16,7.607472896575928,7.668377312572742,7.596399702410048,7.646230396216847,50200
2014-04-17,7.552104949951172,7.662839518244634,7.552104949951171,7.607471970085866,73700
2014-04-21,7.718206882476807,7.806795069085139,7.529958371997354,7.585325394600454,60700
2014-04-22,7.6683735847473145,7.7735712542920545,7.6683735847473145,7.756961207105808,23500
2014-04-23,7.684983253479004,7.751423966975935,7.662836348980027,7.707130157977981,49200
2014-04-24,7.8123321533203125,7.834479070097034,7.740354541789933,7.756965125390583,116300
2014-04-25,7.795717716217041,7.82340147863452,7.734813861317666,7.779107669976093,15600
2014-04-28,7.841878890991211,7.853001847353306,7.786262517989611,7.830755404232074,40000
2014-04-29,7.841878890991211,7.908618220354906,7.7973860047487475,7.819632447869979,35900
2014-04-30,7.841878890991211,7.869686547094969,7.7973860047487475,7.841878890991211,55000
2014-05-01,7.775139808654785,7.847440888627323,7.747332149770582,7.841879675088738,39000
2014-05-02,7.869686126708984,7.886371355956392,7.736207475111811,7.736207475111811,39500
2014-05-05,7.853007793426514,7.886377748573659,7.775144918348137,7.814076621086047,19700
2014-05-06,7.841878890991211,7.875248290474537,7.7973860047487475,7.841878890991211,27500
2014-05-07,7.791826248168945,7.89749674733994,7.76401805457747,7.841880890554165,151800
2014-05-08,7.73065185546875,7.87525410777012,7.680597719269753,7.786268269553103,65200
2014-05-09,7.613860130310059,7.725092992373715,7.591613663976846,7.725092992373715,33200
2014-05-12,7.36358118057251,7.3969511177593485,7.191171341232454,7.319088284588162,204500
2014-05-13,7.73065185546875,7.808514729107357,7.330215583492171,7.358023260136914,120700
2014-05-14,7.825193405151367,7.869686289939952,7.702838237181273,7.8585633339413175,70800
2014-05-15,7.769581317901611,7.853005384583683,7.758457826132118,7.81407422418502,49000
2014-05-16,7.686159610748291,7.7973924486766295,7.675036645193946,7.7973924486766295,35500
2014-05-20,7.586044788360596,7.725085195204761,7.569359557653413,7.725085195204761,30900
2014-05-21,7.636102676391602,7.675034370286016,7.569363311654874,7.630541460461533,31600
2014-05-22,7.61942195892334,7.663914892053593,7.591613743117532,7.597175492358214,52400
2014-05-23,7.797387599945068,7.836318750772532,7.64722368035831,7.64722368035831,49700
2014-05-26,7.780702590942383,7.85300368056366,7.741771438991375,7.841880721605015,78200
2014-05-27,7.747334957122803,7.786266117985599,7.713965011813772,7.769581410529727,56400
2014-05-28,7.760181903839111,7.90544047983667,7.6819653376813735,7.816050422974552,91400
2014-05-29,7.771356582641602,7.810464605295988,7.7154880549648865,7.72666154737749,14300
2014-05-30,7.8104658126831055,7.877508908750031,7.771357783983173,7.804879332016636,51600
2014-06-02,7.85516357421875,7.87751110152605,7.754599434932358,7.82164201685426,42400
2014-06-03,7.82163667678833,7.866331700888297,7.788115142309996,7.788115142309996,28400
2014-06-04,7.799293518066406,7.849575581446465,7.7266639301626565,7.849575581446465,15500
2014-06-05,7.754598140716553,7.810466683256996,7.698729065369118,7.799293187871704,23500
2014-06-06,7.709899425506592,7.810462967358166,7.687551912561049,7.760181462835747,66300
2014-06-09,7.743425369262695,7.743425369262696,7.620514236041359,7.69873031485365,60400
2014-06-10,7.838400363922119,7.860747885056337,7.709902250602101,7.709902250602101,24800
2014-06-11,7.793708324432373,7.843990399558894,7.76018729621945,7.8160558541767005,22800
2014-06-12,7.799293518066406,7.799293518066406,7.754598469019024,7.7713589792100395,29400
2014-06-13,7.598167419433594,7.810468681327888,7.598167419433594,7.810468681327888,36900
2014-06-16,7.642861843109131,7.749012465238054,7.553471733356967,7.614927300609809,178000
2014-06-17,7.659619331359863,7.687553862830237,7.603750268419116,7.603750268419116,15200
2014-06-18,7.637274265289307,7.659621791080653,7.598166228356213,7.659621791080653,18800
2014-06-19,7.626101493835449,7.654036038883903,7.609340979929231,7.654036038883903,16400
2014-06-20,7.570232391357422,7.65403548766037,7.547884863489496,7.598166934394102,46700
2014-06-23,7.553467750549316,7.581401745512462,7.514359198548669,7.547880738433966,24900
2014-06-24,7.531118392944336,7.614921961686502,7.5143578923185865,7.553466437520947,28100
2014-06-25,7.50318717956543,7.553469232857427,7.475252646313552,7.50318717956543,11900
2014-06-26,7.476809501647949,7.572234292551611,7.454356641159936,7.572234292551611,14700
2014-06-27,7.488034248352051,7.532939957626745,7.448741886566263,7.4599680462257965,19000
2014-06-30,7.527322769165039,7.527322769165038,7.482417082804403,7.521709424540457,30200
2014-07-02,7.54416561126709,7.549778958379487,7.471194240078922,7.493647093210261,31400
2014-07-03,7.768691062927246,7.807983403793793,7.516096448908883,7.516096448908883,70700
2014-07-04,7.796758651733398,7.796758651733398,7.723786766064525,7.768692459504126,11900
2014-07-07,7.718176364898682,7.824827293673595,7.678884001979234,7.796761626055873,60700
2014-07-08,7.746240139007568,7.757466295471047,7.718173944871682,7.757466295471047,57000
2014-07-09,7.779921531677246,7.807987734427744,7.718176313880786,7.796761574518521,35800
2014-07-10,7.718176364898682,7.774308770770718,7.695723509613527,7.70133685726439,13700
2014-07-11,7.757467746734619,7.757467746734619,7.650816831447799,7.718175388784458,11400
2014-07-14,7.718176364898682,7.75746872781813,7.70133685726439,7.75746872781813,19300
2014-07-15,7.656430244445801,7.729402149352981,7.633977391806532,7.690109255745587,23300
2014-07-16,7.690109729766846,7.690109729766846,7.633977862367801,7.6452040217203034,19700
2014-07-17,7.633975505828857,7.656428352921138,7.577843120439105,7.639588316113351,19200
2014-07-18,7.60590934753418,7.662041197859705,7.594682656278212,7.662041197859705,19500
2014-07-21,7.628361225128174,7.656427414382646,7.5946816909592,7.605908380788202,48200
2014-07-22,7.706942558288574,7.706942558288574,7.594678385450589,7.650810739528482,85200
2014-07-23,7.723788261413574,7.768693963547055,7.706948221624871,7.706948221624871,19200
2014-07-24,7.746240139007568,7.746240139007569,7.6732682483815156,7.678881594272319,25300
2014-07-25,7.690109729766846,7.757468291836658,7.684496382431461,7.757468291836658,8200
2014-07-28,7.639586448669434,7.746237847776149,7.6395864486694345,7.6676526345037255,25600
2014-07-29,7.66383695602417,7.708951478827235,7.641279694622638,7.669476405826436,11200
2014-07-30,7.720230579376221,7.833017434984036,7.596165898699761,7.669477139721807,32300
2014-07-31,7.517219543457031,7.737153393386543,7.500301720480268,7.731513939791657,147300
2014-08-01,7.551052570343018,7.6694783572857785,7.53413421663143,7.53413421663143,12400
2014-08-05,7.7089524269104,7.720230790094465,7.613083919711645,7.635641183887376,22400
2014-08-06,7.675113201141357,7.7484244149301,7.6130808838465995,7.7484244149301,26200
2014-08-07,7.917605400085449,7.9232448492600955,7.787901295913415,7.793540207280588,626300
2014-08-08,8.177013397216797,8.346193092306907,7.923244123485348,7.923244123485348,351800
2014-08-11,8.312360763549805,8.318000214803174,8.177017160314984,8.177017160314984,203500
2014-08-12,8.301081657409668,8.402589081865445,8.239048774778645,8.289802755910346,74900
2014-08-13,8.487180709838867,8.54357361374744,8.346197643355854,8.357476009014482,232100
2014-08-14,8.549210548400879,8.571767810884486,8.436424235982837,8.515374923579246,225000
2014-08-15,8.543571472167969,8.560489823126638,8.458981868604953,8.560489823126638,222900
2014-08-18,8.571768760681152,8.599965476361895,8.537933132110355,8.54357204500041,86900
2014-08-19,8.650716781616211,8.65635623056977,8.566126660735192,8.583045007595867,151800
2014-08-20,8.413865089416504,8.622519855118552,8.346193317119146,8.594323148876127,155000
2014-08-21,8.49846076965332,8.51537912822549,8.261609127721211,8.380034948687266,137400
2014-08-22,8.481538772583008,8.54921056012665,8.413866985039368,8.498456585017028,48100
2014-08-25,8.504097938537598,8.532294657443837,8.458983403410688,8.458983403410688,44800
2014-08-26,8.521016120910645,8.532295024080874,8.447704863727276,8.458983766897504,66600
2014-08-27,8.505722999572754,8.545363345517062,8.454756531896237,8.505722999572754,52900
2014-08-28,8.522712707519531,8.562353058419204,8.488734878134615,8.494397939708648,69200
2014-08-29,8.528373718261719,8.539699298627026,8.449092495467982,8.517047597837264,45400
2014-09-02,8.539706230163574,8.545369294972415,8.483076662194327,8.505728921429693,95700
2014-09-03,8.471746444702148,8.522712920020657,8.443431676185277,8.522712920020657,44800
2014-09-04,8.211251258850098,8.46608308645773,8.194262614358728,8.460420024940849,153300
2014-09-05,8.313183784484863,8.36981277660508,8.103655379515653,8.211250842585534,69400
2014-09-08,8.296192169189453,8.398125081212344,8.18859673765569,8.358484744340812,51600
2014-09-09,8.318843841552734,8.330169960657443,8.239563168056101,8.330169960657443,50700
2014-09-10,8.381136894226074,8.420777233233848,8.296192616276272,8.296192616276272,48600
2014-09-11,8.483067512512207,8.483067512512207,8.250887506370672,8.364146520150056,54900
2014-09-12,8.42644214630127,8.494397259570729,8.415116024060078,8.488734198450132,29800
2014-09-15,8.182939529418945,8.39246802280208,8.137636100582563,8.39246802280208,72000
2014-09-16,8.103658676147461,8.160287691304804,8.086669485546741,8.15462462777123,82600
2014-09-17,8.07534408569336,8.103658863957987,8.06968102202854,8.07534408569336,99900
2014-09-18,8.188594818115234,8.216909569268495,8.07533635356115,8.07533635356115,51500
2014-09-19,8.239567756652832,8.239567756652832,8.086668303944393,8.23390469394673,389100
2014-09-22,8.07534408569336,8.245232215221645,8.06968102202854,8.182939595027571,87900
2014-09-23,8.069673538208008,8.11497692539323,8.041358786202501,8.097988290213515,55000
2014-09-24,8.126307487487793,8.126307487487793,7.984734190075527,8.097992719993487,197000
2014-09-25,7.979070663452148,8.081003604466115,7.916778070583953,8.081003604466115,21900
2014-09-26,7.952333927154541,8.009217793558651,7.918204041299878,7.958022422291903,16000
2014-09-29,7.9978437423706055,8.020597187253506,7.9011414659970525,7.946648355762852,28900
2014-09-30,8.049036979675293,8.060413971088028,7.9807766586533075,7.9978421457724105,55100
2014-10-01,8.043352127075195,8.043352127075195,8.003533184265677,8.020598677963337,57700
2014-10-02,8.117294311523438,8.117294311523438,8.020592096527457,8.020592096527457,103100
2014-10-03,8.117294311523438,8.151424185942858,8.117294311523438,8.117294311523438,34700
2014-10-06,8.105926513671875,8.17987538205272,8.077484557758446,8.157121925819013,39700
2014-10-07,7.946651458740234,8.145744043585273,7.946651458740235,8.105925635113291,58600
2014-10-08,7.85563850402832,7.935275329694199,7.82150804839638,7.872703460601695,22500
2014-10-09,7.690673828125,7.849947980886362,7.679296831685235,7.821506032271999,54300
2014-10-10,7.599656105041504,7.7077353532240025,7.411940087129593,7.679293417255723,56800
2014-10-14,7.497263431549072,7.57121222377424,7.252663622072336,7.57121222377424,94000
2014-10-15,7.4574480056762695,7.520020382012802,7.337992291970476,7.3948761718246185,103600
2014-10-16,7.53708553314209,7.576903924627673,7.355057980653825,7.372122928078376,26300
2014-10-17,7.730491638183594,7.753245086834116,7.548464048979421,7.548464048979421,29200
2014-10-20,7.804442405700684,7.83288435914598,7.713428588663847,7.804442405700683,26400
2014-10-21,7.838571548461914,8.009222709942046,7.793064644398556,7.798753143027748,75700
2014-10-22,7.6565423011779785,7.849946873489892,7.6565423011779785,7.849946873489892,44300
2014-10-23,7.662230491638184,7.775997723003739,7.639477045365073,7.67929544072178,45100
2014-10-24,7.650851726531982,7.73048904129894,7.5427730173698775,7.662228718277901,40800
2014-10-27,7.616722583770752,7.667917424197185,7.593969140530711,7.605345590908292,42600
2014-10-28,7.565531253814697,7.793065808108379,7.542777798385329,7.713428985348174,44600
2014-10-29,7.670118808746338,7.7329884384661005,7.555810143316446,7.555810143316446,29900
2014-10-30,7.6986985206604,7.732990858487719,7.527235196323155,7.71584468957406,38300
2014-10-31,7.6986985206604,7.8187227931897825,7.641543897525691,7.755852598728226,25900
2014-11-03,7.607251167297363,7.738706030632789,7.572958286172074,7.658689671385017,26500
2014-11-04,7.590105056762695,7.658690279391247,7.487227495353316,7.590105056762695,42700
2014-11-05,7.60153865814209,7.60153865814209,7.544384014933842,7.544384014933842,31300
2014-11-06,7.578672885894775,7.612965217558186,7.544380009164582,7.612965217558186,15900
2014-11-07,7.555816173553467,7.6358320306810565,7.5272388481219785,7.578677924885228,49700
2014-11-10,7.275756359100342,7.515804932219259,7.258610188182403,7.430073532562623,224900
2014-11-11,6.955688953399658,7.247176458414116,6.921396081311665,7.247176458414116,391600
2014-11-12,6.87567138671875,6.932825981630994,6.789940039416999,6.932825981630994,460800
2014-11-13,6.801374912261963,6.8871068585914905,6.801374912261964,6.869960687352368,212600
2014-11-14,6.8413848876953125,6.892823957876545,6.8013764191837565,6.8013764191837565,202500
2014-11-17,7.001412391662598,7.01284353066876,6.835664691540192,6.841380261043273,238700
2014-11-18,7.024276256561279,7.092861476214578,6.95569103690798,7.075715307567972,119300
2014-11-19,6.984269142150879,7.075716112086252,6.978553570263184,7.075716112086252,73700
2014-11-20,7.024276256561279,7.035707399036933,6.949975465670153,6.9956989454390195,43200
2014-11-21,6.984269142150879,7.098577854570096,6.927114513407802,7.087146710794706,69000
2014-11-24,6.955688953399658,7.0471358855453605,6.915681056852591,6.955688953399658,59600
2014-11-25,6.9385457038879395,7.001415359874963,6.915683961250209,6.955691874599502,111600
2014-11-26,6.89430570602417,7.003465305289069,6.882814933517238,7.003465305289069,96200
2014-11-27,6.89430570602417,6.917286703127843,6.842598325563358,6.888560319770704,79100
2014-11-28,6.836849689483643,6.900047812410808,6.767906730943952,6.871321442708454,55700
2014-12-01,6.698965072631836,6.790889035193296,6.67598408199147,6.779398813828132,89100
2014-12-02,6.704715251922607,6.762168043563983,6.653007849027454,6.744931877325313,123000
2014-12-03,6.762163162231445,6.779398768117999,6.66449381569092,6.681729421577474,65000
2014-12-04,6.67024040222168,6.767909774384363,6.63002379529946,6.767909774384363,109900
2014-12-05,6.664493560791016,6.704710155624803,6.635767186805449,6.6644935607910165,42400
2014-12-08,6.549590587615967,6.693221964957635,6.463411980375056,6.630024356174981,128900
2014-12-09,6.767907619476318,6.767907619476318,6.319778056180162,6.480644980559038,126300
2014-12-10,6.56108283996582,6.710459637575913,6.538101836326602,6.710459637575913,45600
2014-12-11,6.859835624694824,6.911543017881397,6.5438469737285745,6.561082588820657,142100
2014-12-12,6.767907619476318,6.796633992950047,6.681729046965136,6.796633992950047,78400
2014-12-15,6.526612281799316,6.767913139118047,6.48639565488301,6.767913139118047,115000
2014-12-16,6.767907619476318,6.767907619476318,6.497881133389277,6.497881133389277,342100
2014-12-17,6.859835624694824,6.877071787697232,6.756421386232006,6.842600009602743,85300
2014-12-18,6.7162065505981445,6.928781584762918,6.6530089080611,6.865583394315358,106700
2014-12-19,6.727694034576416,6.796637033004743,6.693222261407128,6.698967648253717,117600
2014-12-22,6.739184379577637,6.756420540422317,6.681732153826139,6.716203379694986,55100
2014-12-23,6.739184379577637,6.756420540422317,6.698967766760562,6.7506751534740905,44100
2014-12-24,6.8713250160217285,6.871325016021729,6.72194825421664,6.72194825421664,85700
2014-12-29,7.011678695678711,7.029005588808977,6.873061898200573,6.873061898200573,23700
2014-12-30,6.977019786834717,7.029000982976248,6.948141283332571,7.029000982976248,17400
2014-12-31,6.890384197235107,6.953916458482524,6.873056766230875,6.953916458482524,42200
2015-01-02,6.85572624206543,6.907707405825789,6.85572624206543,6.8846047275779965,24700
2015-01-05,6.815300464630127,6.849954225774618,6.786421963135315,6.844178966124938,73000
2015-01-06,6.624703407287598,6.8095249434061955,6.549619520536511,6.803749132699583,142200
2015-01-07,6.555392265319824,6.642027182153805,6.555392265319824,6.6131486929386885,20500
2015-01-08,6.491863250732422,6.584274029263438,6.451433672828024,6.566947145991794,52300
2015-01-09,6.335918426513672,6.526515741596837,6.260834552267041,6.49186143394011,231500
2015-01-12,6.000932216644287,6.295491502489247,5.839212766629697,6.295491502489247,108600
2015-01-13,5.948951244354248,6.122221775900845,5.86809151608268,5.977829758080653,40700
2015-01-14,5.873863220214844,5.873863220214844,5.6601632494218075,5.86231160247992,127500
2015-01-15,5.891192436218262,5.931622563539475,5.804557472037332,5.8449870485468765,87900
2015-01-16,6.1337714195251465,6.191528433499759,5.879641769822606,5.891192842130504,197300
2015-01-19,6.12222146987915,6.289716180145809,5.9085208094727655,6.278164554907925,78200
2015-01-20,5.995154857635498,6.1048925160868635,5.977827974893002,6.0355844343052105,477000
2015-01-21,6.27238655090332,6.289713982706456,5.9431730580063675,5.977827370801022,148800
2015-01-22,6.4745378494262695,6.526519061950936,6.278164624693892,6.347472724456176,109000
2015-01-23,6.699787139892578,6.780646284678276,6.439881172191083,6.497638176305107,118500
2015-01-26,6.942367076873779,6.959693961279984,6.613152968285537,6.717115376346216,113300
2015-01-27,6.919260501861572,7.011671792806985,6.815298694616604,6.930812119784045,89800
2015-01-28,6.682951927185059,6.944231426121568,6.54360293491541,6.891975415589531,145100
2015-01-29,6.514569282531738,6.671336700872015,6.479731770831975,6.671336700872015,96100
2015-01-30,6.450699329376221,6.607467270478776,6.386831216551117,6.473924148014745,634300
2015-02-02,6.578435897827148,6.642304008604466,6.433280647559606,6.47392394044305,68700
2015-02-03,6.8745574951171875,6.903588675990823,6.590053140747749,6.590053140747749,380800
2015-02-04,6.694565773010254,6.839721148726926,6.6713409350445385,6.8223026586835935,83100
2015-02-05,6.787463665008545,6.8106884979790046,6.694564333126705,6.694564333126705,37200
2015-02-06,6.915196895599365,6.938421716386432,6.781654314504578,6.781654314504578,56400
2015-02-09,6.8745574951171875,7.176480336521321,6.781658159300532,6.781658159300532,119500
2015-02-10,6.926808834075928,6.9964832889054165,6.880359197522936,6.891971329799511,43300
2015-02-11,6.944230556488037,6.98487386904596,6.845524894227135,6.938424210773018,48900
2015-02-12,6.891970157623291,6.996482098953958,6.891970157623292,6.967450942615079,32400
2015-02-13,7.095191955566406,7.112610438331964,6.9035869839745345,6.990679951525901,50600
2015-02-17,7.060354232788086,7.135835060894446,6.990679750010732,7.048742095853644,191400
2015-02-18,7.100996971130371,7.246152270331468,7.031322493960667,7.031322493960667,198800
2015-02-19,7.071963787078857,7.1242197644175995,7.008095124232252,7.077769576109467,77400
2015-02-20,7.054547309875488,7.077772135566432,7.013904003347219,7.077772135566432,124900
2015-02-23,6.990680694580078,7.054548840658187,6.926812548501968,6.996487040693626,109000
2015-02-24,7.141646385192871,7.141646385192871,6.996490973110593,6.996490973110593,150700
2015-02-25,7.178412437438965,7.190084363184607,7.120051138986982,7.1317236213072155,49500
2015-02-26,7.21342134475708,7.265946347972445,7.207585666179609,7.265946347972445,27300
2015-02-27,7.155062198638916,7.283456060084449,7.09670094774612,7.283456060084449,37100
2015-03-02,7.090867519378662,7.1900813512413535,7.020834324518119,7.137556315952357,57400
2015-03-03,7.0733561515808105,7.160898022881335,7.061684236018538,7.114208690909925,128700
2015-03-04,7.114208221435547,7.120044457118597,7.061683770010306,7.061683770010306,36100
2015-03-05,7.032506465911865,7.0908671805531345,7.014998307176918,7.079195260254613,31800
2015-03-06,6.828241348266602,7.061685834675464,6.781552562299676,7.0033245739296905,70400
2015-03-09,6.61814022064209,6.962470351813719,6.588959597283221,6.793223404221201,150000
2015-03-10,6.3671875,6.635648227209238,6.244629329826781,6.536434443898818,66200
2015-03-11,6.419713497161865,6.472238514826875,6.34384408904287,6.34384408904287,83600
2015-03-12,6.507256984710693,6.530601382922483,6.413879391863535,6.419715630560072,110000
2015-03-13,5.999509811401367,6.507250374135913,5.89446040445291,6.507250374135913,181800
2015-03-16,5.68436336517334,6.081218489801762,5.497608274324234,6.081218489801762,373900
2015-03-17,5.83026647567749,5.90613587772196,5.6435113669982595,5.6435113669982595,199000
2015-03-18,5.894464015960693,5.993677807503087,5.789413988074834,5.853610918130564,319100
2015-03-19,5.736891269683838,5.911974534026474,5.701874950759923,5.911974534026474,61600
2015-03-20,5.836104393005371,5.841940630976206,5.690201783180237,5.795251840358105,48100
2015-03-23,5.771910667419434,5.836107651215954,5.7485662590775535,5.818599484103193,30200
2015-03-24,5.789422035217285,5.8244383888016165,5.7077162825623375,5.8244383888016165,583000
2015-03-25,5.812758922576904,5.836103313568209,5.719381358611682,5.830267076676837,64200
2015-03-26,5.7777419090271,5.836103163289664,5.731053128246716,5.836103163289664,134100
2015-03-27,5.761884689331055,5.8088724891101275,5.726643559427372,5.8088724891101275,152100
2015-03-30,5.562183380126953,5.77362836964751,5.550436156195466,5.756008093888748,75700
2015-03-31,5.538690567016602,5.591551964687501,5.51519667473382,5.562184459299382,73300
2015-04-01,5.532814979553223,5.538688590562592,5.450586105837176,5.491700822764387,56300
2015-04-02,5.5093255043029785,5.573933596691328,5.50345188859345,5.573933596691328,42300
2015-04-06,5.479959011077881,5.5269468252668865,5.479959011077881,5.497579301364025,83000
2015-04-07,5.573934555053711,5.620922368531213,5.456465021359955,5.456465021359955,751200
2015-04-08,5.84411096572876,5.891098748678532,5.579804546601656,5.579804546601656,145300
2015-04-09,5.885225772857666,5.9733277270057,5.844111042135161,5.844111042135161,86900
2015-04-10,6.061431884765625,6.079052730112078,5.891100967387948,5.914594867711118,99700
2015-04-13,6.0849289894104,6.1319168148005145,6.049688400437346,6.1319168148005145,113200
2015-04-14,6.225893020629883,6.2376396968982775,6.061435071759872,6.096676220843178,78200
2015-04-15,6.2141432762146,6.302245273156593,6.143661566633236,6.255257466769018,71200
2015-04-16,6.343356609344482,6.343356609344482,6.143658259621604,6.2258871566070635,53900
2015-04-17,6.143659591674805,6.431459953316282,6.143659591674805,6.378598548088529,130800
2015-04-20,6.161282539367676,6.202397294634488,6.1495358665335145,6.1495358665335145,80700
2015-04-21,6.167153835296631,6.184774117987217,6.14365993832962,6.17890106384948,60400
2015-04-22,6.026190280914307,6.167153658679412,5.996822770511908,6.167153658679412,87400
2015-04-23,6.2317657470703125,6.267006894278256,5.990953014922968,5.990953014922968,161600
2015-04-24,6.484320163726807,6.625283511600778,6.284621807502735,6.284621807502735,227100
2015-04-27,6.390347003936768,6.537184019945962,6.290497788239415,6.44320841932228,157600
2015-04-28,6.421658515930176,6.43938142694566,6.297597012019423,6.386212693899209,46500
2015-04-29,6.427567005157471,6.498459219948763,6.392120616061203,6.415751354324968,53300
2015-04-30,6.76430606842041,6.858829034081973,6.3921214685770185,6.415752209992409,1290000
2015-05-01,6.829285144805908,6.864730944683327,6.592977370886187,6.764300239362591,136200
2015-05-04,6.592978477478027,6.85291701607876,6.575255574564635,6.740670649691785,52900
2015-05-05,6.510272026062012,6.657964216525477,6.451194924516228,6.598887114979693,36000
2015-05-06,6.291687488555908,6.492548970505852,6.273964582325334,6.492548970505852,95300
2015-05-07,6.49845552444458,6.49845552444458,6.203071182424372,6.333040450665521,53500
2015-05-08,6.5220866203308105,6.734763155860822,6.474825167990809,6.49845589416081,81900
2015-05-11,6.4571027755737305,6.522087136837331,6.38621059144953,6.522087136837331,29600
2015-05-12,6.409842491149902,6.4452883079906655,6.333042470126782,6.415749751689296,43200
2015-05-13,6.740674018859863,6.841104791235263,6.492551000450194,6.492551000450194,114400
2015-05-14,6.746581077575684,6.841104014156595,6.628427406849545,6.829288928784552,129300
2015-05-15,6.793840408325195,6.841101861745815,6.717040405666447,6.764301859087067,47900
2015-05-19,6.740674018859863,6.835196966177603,6.699320370258654,6.7938433175763935,67700
2015-05-20,6.752486228942871,6.793839856476609,6.687501313217376,6.7111320380082145,117500
2015-05-21,6.870638847351074,6.870638847351074,6.7347617771392265,6.7347617771392265,158700
2015-05-22,6.8351945877075195,6.858825316314076,6.793840953496301,6.805656599500084,34300
2015-05-25,6.758396625518799,6.882458129122785,6.728858628366425,6.852920131970412,25600
2015-05-26,6.675685405731201,6.787931193735686,6.6579625051833045,6.740669750007393,78300
2015-05-27,6.778465270996094,6.796287545387316,6.6834123854963945,6.689353332480097,126800
2015-05-28,6.778465270996094,6.778465270996094,6.665590111105172,6.754702049621169,21500
2015-05-29,6.760640621185303,6.772521944418198,6.713114195134344,6.719055140030636,51400
2015-06-01,6.760640621185303,6.778462889314491,6.683410037212573,6.742818353056116,94400
2015-06-02,6.831929683685303,6.861633839100211,6.730935895210401,6.730935895210401,102100
2015-06-03,6.86757230758667,6.873512683280305,6.7903417579750505,6.796282133668686,38000
2015-06-04,6.825990676879883,6.867576732889007,6.766582915746536,6.867576732889007,68700
2015-06-05,6.742819309234619,6.867576336949719,6.73687836349586,6.772522904808878,18200
2015-06-08,6.754702091217041,6.820050808760534,6.624004089570163,6.796287587239274,41000
2015-06-09,6.748758792877197,6.921042230521431,6.736877469536058,6.8141080542123955,82800
2015-06-10,6.713111877441406,6.814105639571654,6.707170934596217,6.814105639571654,33800
2015-06-11,6.499248504638672,6.754703618678992,6.481426226107493,6.754703618678992,63800
2015-06-12,6.451719284057617,6.51112760909791,6.368548308872938,6.51112760909791,88900
2015-06-15,6.5111260414123535,6.5230073636238775,6.386369042113335,6.5051850970267715,76300
2015-06-16,6.445779323577881,6.5111280321200296,6.427956484971994,6.5111280321200296,77600
2015-06-17,6.416072368621826,6.481421048742242,6.398250104327088,6.481421048742242,82800
2015-06-18,6.356667518615723,6.433898127925393,6.326963350948945,6.422016800794607,96000
2015-06-19,6.380430698394775,6.410134865870479,6.309141036389009,6.3566674777261865,53900
2015-06-22,6.368549823760986,6.404194374016116,6.291319209461656,6.404194374016116,78300
2015-06-23,6.416072368621826,6.433894632916564,6.368545952796148,6.392309160708987,218700
2015-06-24,6.493304252624512,6.659646741743621,6.433895937516417,6.463600095070465,133200
2015-06-25,6.380430698394775,6.4814245278762455,6.3566674777261865,6.4576613072076565,179600
2015-06-26,6.573448657989502,6.639182939404443,6.352341816972719,6.358317816165709,53400
2015-06-29,6.5435709953308105,6.561498427838331,6.400150395465043,6.489788127905447,60900
2015-06-30,6.6571125984191895,6.663088029200836,6.471860566521134,6.5674742978609855,64700
2015-07-02,6.6093034744262695,6.6571103237611435,6.555520626448886,6.639182327833617,31400
2015-07-03,6.686988353729248,6.752723190897027,6.573447243016083,6.686988353729248,27800
2015-07-06,6.507716655731201,6.591378394122787,6.459909785249481,6.525644089686134,69600
2015-07-07,6.4539337158203125,6.507716587020099,6.424054279609003,6.459909717043143,46000
2015-07-08,6.352343559265137,6.4658847255602625,6.310512693246324,6.453933293798947,66300
2015-07-09,6.274654388427734,6.370268078400321,6.274654388427734,6.370268078400321,74700
2015-07-10,6.298560619354248,6.358319487183967,6.27465718620292,6.340391484893371,25800
2015-07-13,6.388195514678955,6.394171512788996,6.304533820748573,6.322461245176148,61400
2015-07-14,6.615280628204346,6.62125662840519,6.33441545759761,6.430029181200137,52700
2015-07-15,6.692971706390381,6.764682050363121,6.615285357944125,6.692971706390382,143600
2015-07-16,6.7228498458862305,6.782608739144214,6.67504295924106,6.752729292515221,400100
2015-07-17,6.710893630981445,6.788579915539804,6.69894220176622,6.7587010575504,309700
2015-07-20,6.57942533493042,6.698942481588457,6.513690476841468,6.698942481588457,47300
2015-07-21,6.591379165649414,6.7288243617995755,6.5316208555039275,6.5734517295960595,78500
2015-07-22,6.519668102264404,6.633209847327076,6.495764666972713,6.519668102264404,32300
2015-07-23,6.274654388427734,6.609302873234334,6.274654388427734,6.513688613359201,75300
2015-07-24,6.131236553192139,6.346367450357499,6.059526254137019,6.346367450357499,61400
2015-07-27,6.029647350311279,6.095381654413246,5.9041541734599985,6.077454220549591,42700
2015-07-28,6.3284406661987305,6.370271535789306,5.987816568326083,6.005744002450207,82100
2015-07-29,6.600767135620117,6.618802432041939,6.179953298773946,6.179953298773946,63300
2015-07-30,6.564698219299316,6.600767668427429,6.408395744241343,6.408395744241343,54800
2015-07-31,6.588741302490234,6.612787780577988,6.444462433963716,6.582729539639981,133500
2015-08-04,6.468512535095215,6.714989216875728,6.384349527991359,6.714989216875728,36800
2015-08-05,6.432440757751465,6.5466619914947115,6.252091833581841,6.534638462337138,59300
2015-08-06,6.342268466949463,6.51660567834518,6.312210208437044,6.432442669173126,98000
2015-08-07,6.185963153839111,6.510590936101591,6.149893145448464,6.510590936101591,66100
2015-08-10,6.432440757751465,6.4564872427531865,6.101801158992726,6.107812923571513,61000
2015-08-11,6.390359878540039,6.444464615884192,6.234057431393255,6.3663133923108,76300
2015-08-12,6.30619478225708,6.3723230272694416,6.185962391298145,6.3723230272694416,24800
2015-08-13,6.588741302490234,6.648857784366248,6.474520674901722,6.540648346314729,128300
2015-08-14,6.985509872436523,7.051637557053669,6.5887426181068935,6.666893830825362,179200
2015-08-17,7.003544807434082,7.039614819537946,6.877300625040647,6.9734871328798205,94100
2015-08-18,6.961465835571289,7.033605309586473,6.907361086731508,6.961465835571289,85600
2015-08-19,6.877301216125488,6.991522453176893,6.75706878763462,6.913371231329469,97100
2015-08-20,6.829206466674805,7.03961359173724,6.739032312112786,6.907357668174758,124500
2015-08-21,6.636836051940918,6.943429160386271,6.6067778028811635,6.847243222045787,120100
2015-08-24,6.588741302490234,6.672904262454002,6.312206517824443,6.32423004352495,165800
2015-08-25,6.793140888214111,6.865280367454191,6.71498964237562,6.763082628535674,171400
2015-08-26,6.87129020690918,6.877301398508055,6.696953037645727,6.853254912172181,95700
2015-08-27,7.072587013244629,7.151171383851802,6.921463356651833,6.921463356651833,206300
2015-08-28,7.066540718078613,7.18139500024881,7.000046528105431,7.01213669527741,147300
2015-08-31,7.284161567687988,7.362745951291042,7.066543097251503,7.066543097251503,172800
2015-09-01,7.253932952880859,7.29624737729561,7.120944020660621,7.133034185631004,65700
2015-09-02,7.2176690101623535,7.272073644590543,7.175354550714326,7.253938958611571,36400
2015-09-03,7.229757308959961,7.296251524621236,7.1511729214560225,7.247891990232831,44400
2015-09-04,7.320430278778076,7.429239504339989,7.139082338162947,7.175351695689555,163200
2015-09-08,7.5017781257629395,7.574317410827387,7.423193756153707,7.423193756153707,131700
2015-09-09,7.646857738494873,7.701262353833699,7.477599383600471,7.556183763924211,117000
2015-09-10,7.592452049255371,7.719395931954808,7.525957277632701,7.640811568713162,59100
2015-09-11,7.495730400085449,7.640809495586483,7.435281305409909,7.640809495586483,82100
2015-09-14,7.3627448081970215,7.592452837721884,7.296250029668953,7.471553450031215,104700
2015-09-15,7.471553802490234,7.5138688207745155,7.350654985587356,7.356700070555258,89500
2015-09-16,7.4413251876831055,7.556178852586514,7.392965112655112,7.405055275534784,62900
2015-09-17,7.429241180419922,7.495735401880882,7.423196093971332,7.435286266868511,42800
2015-09-18,7.423192501068115,7.441327751636232,7.3446081447456315,7.3446081447456315,106400
2015-09-21,7.386924743652344,7.435284269266187,7.368789489178888,7.435284269266187,52100
2015-09-22,7.447373867034912,7.48364379951326,7.350654815747345,7.350654815747345,47800
2015-09-23,7.417147636413574,7.507821578918669,7.36274304031417,7.447371899588028,22700
2015-09-24,7.223706245422363,7.386919971292228,7.151167003865972,7.3808748903731995,73500
2015-09-25,7.344612121582031,7.411106923354481,7.241847952016616,7.308342753789065,85900
2015-09-28,7.243136405944824,7.376818615108818,7.237059810188264,7.376818615108818,28500
2015-09-29,7.237055778503418,7.291743950854144,7.218826580885092,7.2431323708747755,113200
2015-09-30,7.291740894317627,7.334275864095919,7.2431293347151495,7.32212326394305,84200
2015-10-01,7.303896427154541,7.340354818854909,7.267437455958485,7.291743243590627,63000
2015-10-02,7.309972286224365,7.352507848310837,7.273513895288163,7.273513895288163,42100
2015-10-05,7.474037170410156,7.516572155200454,7.273514271404882,7.273514271404882,217100
2015-10-06,7.42542839050293,7.534804189660426,7.395045998710766,7.455810782295094,53700
2015-10-07,7.49226713180542,7.595566887839701,7.480114526122674,7.516572922666676,65600
2015-10-08,7.504422664642334,7.534804478101625,7.461887082706623,7.498346070152097,58000
2015-10-09,7.49226713180542,7.553031898706443,7.486190539216165,7.50442031698393,87000
2015-10-13,7.467958927154541,7.504417891410061,7.395041578139077,7.504417891410061,50500
2015-10-14,7.407196998596191,7.516573353488774,7.382891206341817,7.516573353488774,104100
2015-10-15,7.486190319061279,7.595566664468262,7.388967158475405,7.455808516000005,157600
2015-10-16,7.49226713180542,7.540878713527933,7.467961340944163,7.540878713527933,135500
2015-10-19,7.358590126037598,7.51050156977534,7.352514108705177,7.492272358785739,105400
2015-10-20,7.862931251525879,7.990536809200754,7.41327379286044,7.41327379286044,228200
2015-10-21,7.759629726409912,8.06345233597342,7.753553135139688,7.832547083165677,84500
2015-10-22,7.966230869293213,7.990536661759183,7.783937715546338,7.783937715546338,80300
2015-10-23,7.662403106689453,8.014837154134618,7.632021320819858,7.97230219032085,179100
2015-10-26,7.4436540603637695,7.735323492326234,7.370736702373153,7.735323492326234,96400
2015-10-27,7.565186500549316,7.5712630947419495,7.382892731241735,7.401122513819636,149700
2015-10-28,7.744128704071045,7.805201923356774,7.524263483802189,7.634196093936617,91000
2015-10-29,7.811315536499023,7.835744959830832,7.670846497951974,7.756349188391606,149600
2015-10-30,8.006746292114258,8.025068785848074,7.768559698005233,7.817418516409292,189300
2015-11-02,7.927346229553223,7.982312515796551,7.780769854532841,7.878487437879762,117600
2015-11-03,7.939563751220703,7.994530054996946,7.634195914635292,7.725806032633745,164500
2015-11-04,8.00063705444336,8.00063705444336,7.9029188635551035,7.927348265666445,93800
2015-11-05,7.976213455200195,8.0556086329916,7.9090321136859565,7.988427873920675,105600
2015-11-06,7.988422870635986,8.080032992214214,7.933456564711871,7.933456564711871,98300
2015-11-09,7.84184455871582,7.951777144146934,7.829629568137781,7.951777144146934,95900
2015-11-10,7.811315536499023,7.909033229826258,7.683060918396181,7.841852461274633,76200
2015-11-11,7.805197715759277,7.847949586899998,7.524259427651879,7.524259427651879,162800
2015-11-12,8.324326515197754,8.348755916537764,7.8174160005604,7.82963041000897,393700
2015-11-13,8.403730392456055,8.446481740789771,8.159435558900759,8.159435558900759,329200
2015-11-16,8.739631652832031,8.764061067400291,8.373189851864943,8.373189851864943,276800
2015-11-17,8.861777305603027,8.983924358870668,8.757952164714759,8.757952164714759,229200
2015-11-18,8.135002136230469,8.892315107418737,8.037284483804408,8.831241283430874,362100
2015-11-19,8.550301551818848,8.568623463488684,8.025068951886624,8.025068951886624,191600
2015-11-20,8.544194221496582,8.623589950215113,8.464798492778053,8.531979807624623,176600
2015-11-23,8.470909118652344,8.556412377098793,8.403728361443683,8.550304876686198,96800
2015-11-24,8.513656616210938,8.550301019713215,8.422046481119796,8.470905297494143,162500
2015-11-25,8.69687557220459,8.745734377923714,8.458689039934592,8.507547845653717,196000
2015-11-26,8.649641990661621,8.753928498359894,8.606700108942086,8.74165922214537,50500
2015-11-27,8.600568771362305,8.643510081608602,8.54535818102765,8.631240801520246,47700
2015-11-30,8.735525131225586,8.735525131225586,8.539221379747225,8.649642532469466,175000
2015-12-01,8.815272331237793,8.870482899173322,8.698717142842638,8.760061763302263,124800
2015-12-02,8.753927230834961,8.888885739465639,8.741657956396969,8.766195920241747,129500
2015-12-03,8.833677291870117,8.8888878700119,8.753929329033484,8.80300526848588,120800
2015-12-04,8.766199111938477,8.895023615285245,8.741661139159637,8.803006363622448,119000
2015-12-07,8.588298797607422,8.7109886634241,8.508550238568725,8.7109886634241,92200
2015-12-08,8.545354843139648,8.612834102173213,8.471740946458146,8.508547602283274,123200
2015-12-09,8.533087730407715,8.655777589303847,8.477877147646605,8.533087730407715,88200
2015-12-10,8.287707328796387,8.496280364226141,8.275438051403414,8.496280364226141,91400
2015-12-11,8.250897407531738,8.275435369333579,8.115938325106036,8.226359445729898,86500
2015-12-14,8.048457145690918,8.238626742809393,7.993246598623263,8.20795415165725,115400
2015-12-15,8.103673934936523,8.177287859387118,8.054597985302793,8.054597985302793,120900
2015-12-16,8.244765281677246,8.299975858802958,8.091402827453082,8.091402827453082,100000
2015-12-17,8.1343412399292,8.349048233166402,8.066861414457465,8.281568992725752,108300
2015-12-18,8.140477180480957,8.220225120586193,8.097535306926776,8.13434254354019,98700
2015-12-21,8.122074127197266,8.312243797221093,8.085267471728939,8.14047803996267,147000
2015-12-22,8.250897407531738,8.287704642750077,8.097535000012446,8.152745560324377,67200
2015-12-23,8.165013313293457,8.336779013921003,8.054592213231654,8.281568463890101,111500
2015-12-24,8.140477180480957,8.17728383206319,8.085266618076425,8.16501514321284,18300
2015-12-29,8.130001068115234,8.166983895339627,7.932760890444065,8.136164970622984,108600
2015-12-30,8.037545204162598,8.228622074811954,7.957416231814295,8.093019153313124,107800
2015-12-31,8.012887001037598,8.0930159415866,7.920430847692842,8.031378114142171,82900
2016-01-04,7.581425189971924,7.957414351865651,7.550606271300179,7.945087137090143,182800
2016-01-05,7.4150004386901855,7.59991328950342,7.3965093299553875,7.59991328950342,244600
2016-01-06,7.501298427581787,7.636901356652049,7.359531595412387,7.384186619986784,289000
2016-01-07,7.371859073638916,7.525953117328842,7.334876244511599,7.482806973198744,188900
2016-01-08,7.5321173667907715,7.575263512906507,7.402678340621411,7.402678340621411,341100
2016-01-11,6.92190408706665,7.59991810724834,6.903412966609949,7.501298014383102,347300
2016-01-12,7.063673496246338,7.199276467468473,6.934234430039376,6.983544494516091,263800
2016-01-13,7.082159996032715,7.35336576127292,7.02668606278713,7.106815012161647,288600
2016-01-14,7.230093479156494,7.328714177685033,6.952724270839438,7.304059150008455,244400
2016-01-15,7.069836139678955,7.14996512711052,7.0266894000944315,7.14996512711052,118100
2016-01-18,6.687678813934326,7.22392578151191,6.613713187945397,7.026685091911214,145900
2016-01-19,6.847936153411865,6.946556792853207,6.681514963259485,6.700006075982666,160300
2016-01-20,6.891082763671875,6.915737776207548,6.51509308772554,6.786298813439801,222100
2016-01-21,7.014358997344971,7.1931080150248725,6.780136045243382,6.903411128501596,182900
2016-01-22,7.032850742340088,7.193108658830328,6.965049587435148,7.094488583396955,143200
2016-01-25,6.736989974975586,7.082160211270913,6.736989974975586,7.002031259461148,174000
2016-01-26,7.125308990478516,7.149964014480636,6.736991921578512,6.780138066626688,296600
2016-01-27,7.021811008453369,7.201539599653973,6.984626108780595,7.145761659101488,189100
2016-01-28,7.393662452697754,7.4184525791434135,7.096180344306597,7.102378023678821,241600
2016-01-29,7.164352893829346,7.511414628148922,7.040401683386322,7.4494396139705845,4965400
2016-02-01,7.201537132263184,7.443241261496836,7.096178967549267,7.158154567160907,146900
2016-02-02,7.0775885581970215,7.170551393289077,7.021810620724471,7.120971135767542,134800
2016-02-03,7.145755290985107,7.1953355070597205,6.959829185183908,7.127162857717826,96200
2016-02-04,7.461833953857422,7.461833953857422,7.145759449172802,7.151957127549318,91300
2016-02-05,7.406052112579346,7.585780553115749,7.33168178453423,7.46183000637389,158000
2016-02-08,7.257317543029785,7.356478063586858,7.189144832907629,7.344083294038885,40000
2016-02-09,7.201537132263184,7.263512731874823,7.127166767355087,7.195339454093395,57400
2016-02-10,7.306895732879639,7.437044026993755,7.220130006455841,7.238723042074398,147600
2016-02-11,7.195338726043701,7.288302116054799,7.096178249532979,7.232524200256753,143900
2016-02-12,7.288305282592773,7.387465802185602,7.251119792223803,7.251119792223803,91500
2016-02-16,7.300700664520264,7.430849005165615,7.238725630096943,7.424651324410273,116500
2016-02-17,7.468033313751221,7.492823441795937,7.313094865710918,7.424650146390509,62600
2016-02-18,7.6291704177856445,7.709737900957867,7.41225632635577,7.468034269354501,137200
2016-02-19,7.43704080581665,7.548596607037628,7.381262905206161,7.548596607037628,73000
2016-02-22,7.616769313812256,7.64775710223017,7.437040850239843,7.486621075291343,62800
2016-02-23,7.554795742034912,7.6973393701715285,7.523808536435834,7.616771335319191,78300
2016-02-24,7.554795742034912,7.5795858611400115,7.437042824046458,7.449438179120537,60000
2016-02-25,7.513059616088867,7.612735267029724,7.419613247746507,7.58158647758227,72400
2016-02-26,7.612736701965332,7.687493454261982,7.525520193895646,7.531750071782165,38400
2016-02-29,7.382233142852783,7.780935636825383,7.369773392859349,7.637652076582375,73900
2016-03-01,7.6251935958862305,7.6376533479537265,7.450761225737033,7.450761225737033,71400
2016-03-02,7.600274085998535,7.6874905612462445,7.544206394347411,7.575355177943995,44800
2016-03-03,7.519284725189209,7.675027991869108,7.48813654714396,7.675027991869108,102000
2016-03-04,7.612736701965332,7.693723332148499,7.537979949668682,7.594047068305779,92900
2016-03-07,7.737329483032227,7.805856341446405,7.65011299532114,7.65011299532114,42800
2016-03-08,7.58781623840332,7.712410800176418,7.556667449431612,7.699951046942241,35100
2016-03-09,7.637652397155762,7.6937200862523705,7.531746894220748,7.618962771381157,53100
2016-03-10,7.531744956970215,7.662569333174913,7.488137029606467,7.631420559009328,38600
2016-03-11,7.319937229156494,7.631423919758898,7.3012481940721905,7.5317482738243235,80800
2016-03-14,7.369772434234619,7.432069987871261,7.288785852152387,7.288785852152387,50900
2016-03-15,6.896317481994629,7.432075152021169,6.6907362439052545,7.432075152021169,213600
2016-03-16,6.915003776550293,7.101895288797359,6.90877390104509,6.977300749261439,155300
2016-03-17,7.170424938201904,7.214032891933705,6.939924820583537,6.989762651738113,107900
2016-03-18,7.00845193862915,7.270100858533745,6.971073266879708,7.1641953150431315,89600
2016-03-21,7.0894341468811035,7.133042074980184,7.002217696569479,7.008447570330338,82000
2016-03-22,7.245182991027832,7.257642154005593,7.070750550541762,7.164196352273677,135700
2016-03-23,7.027137756347656,7.295016431105907,6.989759695845402,7.295016431105907,174600
2016-03-24,7.033367156982422,7.0520561859736315,6.989759224631761,7.00844825362297,74300
2016-03-28,7.133044719696045,7.164193505935893,7.089436775428465,7.133044719696044,47700
2016-03-29,7.091075897216797,7.141189461356782,7.047226677944511,7.11613267928679,45500
2016-03-30,7.185041904449463,7.272740375051324,7.141192071747506,7.141192071747506,51800
2016-03-31,6.940730571746826,7.147449035186546,6.903145722430736,7.147449035186546,159800
2016-04-01,7.05975341796875,7.1286594002810775,6.921940855943455,6.921940855943455,81900
2016-04-04,6.978317737579346,7.122394024451718,6.92193985231605,7.072280481417801,92300
2016-04-05,6.890618801116943,7.022167002125198,6.7465425129367675,6.984581545808314,180300
2016-04-06,6.890618801116943,6.94699668689199,6.846769599914379,6.909411230575105,335600
2016-04-07,6.884355545043945,6.896884231593202,6.7340148908567885,6.834241993648226,86700
2016-04-08,6.93447208404541,6.984585657031756,6.8718304165129345,6.953265121965974,69600
2016-04-11,7.097339630126953,7.109868318782085,6.8592999222862385,6.903149735178446,214900
2016-04-12,7.109871864318848,7.172513546630272,7.0722863770111495,7.091078821964472,133300
2016-04-13,7.347903251647949,7.36043193318003,7.066014488580713,7.109864276542579,94200
2016-04-14,7.360435962677002,7.454398736006198,7.203830942194512,7.366700306872479,100000
2016-04-15,7.37923002243042,7.460664722697587,7.329116452635375,7.329116452635375,60700
2016-04-18,7.341642379760742,7.429340795184428,7.310321261080576,7.360434812008582,50400
2016-04-19,7.485718250274658,7.604738374798367,7.360434380302818,7.360434380302818,91800
2016-04-20,7.554624080657959,7.648586824506216,7.460660739409147,7.504509940218259,110700
2016-04-21,7.460663318634033,7.560890439361827,7.416814102665815,7.554626692366911,105100
2016-04-22,7.548363208770752,7.617269212778816,7.441871731503217,7.441871731503217,94100
2016-04-25,7.448129653930664,7.610998304541017,7.372959369633506,7.517035598519648,119000
2016-04-26,7.61726713180542,7.661116340794877,7.404284235455488,7.410548578854172,108200
2016-04-27,7.562485218048096,7.6821246011206,7.455439169793382,7.587672488195565,71500
2016-04-28,7.45543909072876,7.543594235054074,7.392470615771922,7.524703932771775,84500
2016-04-29,7.323207855224609,7.442847271033786,7.316910885836744,7.436550902157974,44000
2016-05-02,7.442842960357666,7.518404747712722,7.3106096823583915,7.35468784203262,130700
2016-05-03,7.342094898223877,7.392469429903729,7.228751901688319,7.392469429903729,74100
2016-05-04,7.367280006408691,7.398764229615761,7.272827937299091,7.310608524738287,79000
2016-05-05,7.600265026092529,7.606561993097104,7.430251120551785,7.430251120551785,62600
2016-05-06,7.663232803344727,7.675826135705234,7.53729647718079,7.556186775977438,106600
2016-05-09,7.631750583648682,7.675828159298371,7.587673007998991,7.6380475517449025,72100
2016-05-10,7.770282745361328,7.789173053674867,7.625455446925336,7.688423941986564,114700
2016-05-11,7.871033191680908,7.871033191680908,7.694722216330665,7.776581033585607,70100
2016-05-12,8.5133056640625,8.658132316381726,8.072527538455377,8.185870553669995,415500
2016-05-13,8.330698013305664,8.551087097466826,8.185871346951485,8.368479222209157,200000
2016-05-16,8.695911407470703,8.721098671337984,8.355883045006554,8.37477334277908,171900
2016-05-17,8.588861465454102,8.677016548494638,8.53218999749292,8.677016548494638,59000
2016-05-18,8.645539283752441,8.796663519987083,8.544790193270645,8.670727156884837,113400
2016-05-19,8.582571029663086,8.714804355304718,8.557383758136677,8.620351636696741,42000
2016-05-20,8.576273918151855,8.68961693838016,8.551086647046889,8.626648460361789,49600
2016-05-24,8.601457595825195,8.733690864011145,8.59516063055166,8.59516063055166,34600
2016-05-25,8.727398872375488,8.853335847569502,8.557384916682771,8.557384916682771,114700
2016-05-26,8.80925464630127,8.872223112313167,8.727395880690525,8.727395880690525,70900
2016-05-27,8.703624725341797,8.798504112472303,8.678323515225099,8.760552598911472,36100
2016-05-30,8.501214981079102,8.602420431201725,8.418986495398952,8.602420431201725,90300
2016-05-31,8.43796443939209,8.551820223258654,8.317783200148801,8.463265657670368,148100
2016-06-01,8.520186424255371,8.596090015612777,8.393680438659697,8.412656185692017,82500
2016-06-02,8.564465522766113,8.621393381411188,8.494887363993397,8.520188567476955,30400
2016-06-03,8.558138847351074,8.690970297453116,8.53283764748536,8.570789748898024,43900
2016-06-06,8.678319931030273,8.678319931030273,8.583439979857287,8.583439979857287,39700
2016-06-07,8.804825782775879,8.868079082504774,8.634042235444765,8.634042235444765,58000
2016-06-08,8.893379211425781,8.975607646657648,8.823800469452214,8.849101665653121,163700
2016-06-09,8.893379211425781,8.943981603827591,8.792173823394059,8.861752565367624,30800
2016-06-10,8.703624725341797,8.912359859611653,8.665672608552535,8.836456229261563,76100
2016-06-13,8.646697044372559,8.823805519134432,8.62772128716947,8.65934734809847,32400
2016-06-14,8.48223876953125,8.653022391954345,8.317780600507922,8.653022391954345,85100
2016-06-15,8.456931114196777,8.697292731154215,8.393678438088806,8.482232305285562,103800
2016-06-16,8.381033897399902,8.488564191888969,8.317780570090415,8.437961771332754,71500
2016-06-17,8.526510238647461,8.545486586610076,8.393679422277444,8.41265516701201,61400
2016-06-20,8.362052917480469,8.627715761079271,8.34940201862907,8.513860084328911,36000
2016-06-21,8.532835960388184,8.608739544977801,8.343076697300102,8.343076697300102,46000
2016-06-22,8.627718925476074,8.722598288748332,8.520188658712433,8.520188658712433,41300
2016-06-23,8.539165496826172,8.703623643762073,8.539165496826172,8.659346079138803,21000
2016-06-24,8.330426216125488,8.52018547499131,8.31777531736134,8.374703155343893,26700
2016-06-27,8.317778587341309,8.381031899572797,8.286152534453855,8.317778587341309,62500
2016-06-28,8.383243560791016,8.415022468323338,8.35146525939094,8.402311268989758,34000
2016-06-29,8.434090614318848,8.504003729613208,8.332397983710308,8.504003729613208,45900
2016-06-30,8.497647285461426,8.573916298962182,8.415022369302546,8.415022369302546,38800
2016-07-04,8.44680404663086,8.465871154726138,8.364179103374733,8.364179103374733,44300
2016-07-05,8.465867042541504,8.504001846341016,8.28155013746351,8.459511747018372,65700
2016-07-06,8.364171981811523,8.45950865337965,8.294258907567102,8.427729762856941,58300
2016-07-07,8.383243560791016,8.44680137585566,8.345109356658027,8.389599463523929,63000
2016-07-08,8.52942180633545,8.631113772041017,8.446796932666695,8.446796932666695,63800
2016-07-11,8.497647285461426,8.631118210620809,8.389599364802296,8.535782095277924,29400
2016-07-12,8.440445899963379,8.599339839528147,8.357820978653827,8.542137924303665,58000
2016-07-13,8.408666610717773,8.510359236593414,8.370532406380127,8.402311314082999,36800
2016-07-14,8.408666610717773,8.440445518420645,8.351465304211304,8.421378416251823,65000
2016-07-15,8.383243560791016,8.434090176522078,8.326042254591531,8.421378371056251,74200
2016-07-18,8.465867042541504,8.484934747507332,8.332396138441428,8.332396138441428,43000
2016-07-19,8.491292953491211,8.52307186652793,8.408668022048678,8.408668022048678,90500
2016-07-20,8.59298038482666,8.707383553788494,8.491287803558832,8.491287803558832,39700
2016-07-21,8.567557334899902,8.650182221534827,8.497644249038975,8.612048031476874,115100
2016-07-22,8.58027458190918,8.6501877121467,8.542139761513546,8.58027458190918,16500
2016-07-25,8.61840534210205,8.643828341678017,8.434088443643269,8.61840534210205,32600
2016-07-26,8.402311325073242,8.592984165407625,8.357820611778127,8.580272359856949,32200
2016-07-27,8.480863571166992,8.525567333346697,8.365912518932225,8.44893248647714,33200
2016-07-28,8.423383712768555,8.487245851611645,8.397838979038218,8.448928446498892,27700
2016-07-29,8.602201461791992,8.621359868748362,8.397842887796532,8.397842887796532,75300
2016-08-02,8.225411415100098,8.704375584860344,8.167935617283359,8.704375584860344,95400
2016-08-03,8.104074478149414,8.27650189274395,8.084916079539303,8.212639751997562,61600
2016-08-04,8.244572639465332,8.346751599952068,8.04660105578094,8.136007341689512,65200
2016-08-05,7.376047134399414,8.142389559355408,7.3505024072020255,8.142389559355408,337700
2016-08-08,7.261099338531494,7.497388340407563,7.184465117033956,7.497388340407563,191000
2016-08-09,7.1780781745910645,7.331346604666732,7.120602361054038,7.254712389628898,201600
2016-08-10,7.184464931488037,7.235554411166959,7.146147517211526,7.178078594269512,160400
2016-08-11,7.241941452026367,7.2483277898654,7.165307225062056,7.203624034026863,112300
2016-08-12,7.165307998657227,7.267486978974623,7.120604237992293,7.261100640446095,201500
2016-08-15,7.139760971069336,7.216395181808211,7.120601961608691,7.184464108408371,130100
2016-08-16,7.0311970710754395,7.146148105295456,7.005652329133804,7.139762376586063,212000
2016-08-17,7.043969631195068,7.101445456850529,6.871542763263419,7.031197563846484,258100
2016-08-18,7.063124656677246,7.06951038222766,6.980104134177996,7.056738322092445,133500
2016-08-19,7.037581443786621,7.075898241482917,6.980105638207658,7.056739842634769,150500
2016-08-22,7.0311970710754395,7.056741813017076,6.967334911704007,7.024810733331359,102400
2016-08-23,7.165307998657227,7.165307998657227,7.024811596203424,7.050356341282773,116900
2016-08-24,7.063124656677246,7.216393032506146,7.043965652922844,7.19084830320133,145200
2016-08-25,7.126989364624023,7.133375702066597,7.06312781730226,7.088672558037897,126300
2016-08-26,7.171689510345459,7.210006909946681,7.114214324495234,7.139759054551247,137200
2016-08-29,7.218575477600098,7.269953191055064,7.186464253573079,7.205731355471683,99900
2016-08-30,7.173619270324707,7.321330025658901,7.173619270324708,7.244263464727507,128100
2016-08-31,7.327753067016602,7.3470195559060985,7.173619930959348,7.173619930959348,134700
2016-09-01,7.173619270324707,7.3470188793027,7.167196903796112,7.334174758716092,124300
2016-09-02,7.224997520446777,7.347019431305024,7.192886297861778,7.224997520446777,98000
2016-09-06,7.443350315093994,7.443350315093994,7.2378395473682495,7.2378395473682495,99800
2016-09-07,7.353442668914795,7.456198103375852,7.353442668914795,7.456198103375852,90900
2016-09-08,7.353442668914795,7.417665121688307,7.353442668914795,7.353442668914795,119600
2016-09-09,7.15435266494751,7.3727076110750795,7.135085565680211,7.3727076110750795,60700
2016-09-12,7.058019638061523,7.141508571617788,7.058019638061523,7.128664450093315,121000
2016-09-13,6.852508068084717,7.019485917510888,6.813974482651537,7.013063551193598,116400
2016-09-14,6.878198146820068,6.935998229036563,6.807553942150282,6.826820432065556,103500
2016-09-15,6.839663505554199,6.980952505695663,6.826819385070745,6.897463578906188,115500
2016-09-16,6.897463321685791,6.903885687923304,6.8203967642473,6.833241496722326,115000
2016-09-19,7.070863723754883,7.0772860901635894,6.871774652378985,6.942419457933612,115000
2016-09-20,7.115818500518799,7.1928850539124065,7.070863164156826,7.096552015288029,55300
2016-09-21,7.2635273933410645,7.282793872045276,7.122238453746113,7.141504932450324,106800
2016-09-22,7.2442626953125,7.334173979751585,7.224996210243595,7.2763739120743525,73000
2016-09-23,7.250686168670654,7.250686168670654,7.167197237325462,7.192886092164705,52300
2016-09-26,7.224997520446777,7.2378422544690295,7.167197442287903,7.212152786424526,74100
2016-09-27,7.218575477600098,7.237842579498702,7.154353642016717,7.199308988172149,97100
2016-09-28,7.239883899688721,7.278634664227461,7.078423509968563,7.207591698560187,473100
2016-09-29,7.304470062255859,7.336761655243862,7.201134870557223,7.233427079467881,132400
2016-09-30,7.3303046226501465,7.440097777119365,7.304470975476375,7.304470975476375,83200
2016-10-03,7.188220500946045,7.356139544637174,7.1494697155085385,7.343222410850393,67900
2016-10-04,7.143009662628174,7.304470091914389,7.117176018579285,7.188218385733063,102100
2016-10-05,7.349684238433838,7.349684238433839,7.175306550486594,7.18822369000407,117400
2016-10-06,7.117178440093994,7.349681315639653,7.09134417133272,7.349681315639653,146700
2016-10-07,7.226971626281738,7.29801463965933,7.104261918692231,7.143012709254819,96900
2016-10-11,7.110720157623291,7.298014302181881,7.09780302272544,7.298014302181881,101300
2016-10-12,7.136550426483154,7.201134222570306,7.071966014473403,7.123633297712164,169900
2016-10-13,7.130095958709717,7.188221839730323,7.091345166054993,7.117179438440111,243800
2016-10-14,7.117178440093994,7.194679398609214,7.020301780007819,7.136553525742083,128100
2016-10-17,7.143009662628174,7.155926176691288,7.065508114558851,7.104258888593511,91300
2016-10-18,7.1753010749816895,7.207593283209935,7.1107172744478415,7.181759639811867,89500
2016-10-19,7.181760311126709,7.246344733620226,7.155926665313841,7.168843796181625,29000
2016-10-20,7.252803802490234,7.298013151582145,7.130094119921438,7.2011365028904475,139900
2016-10-21,7.252803802490234,7.3238468013820395,7.226970152690341,7.265720935351579,77200
2016-10-24,7.298009395599365,7.330301595210476,7.2334249963771455,7.25280006977482,114400
2016-10-25,7.201137065887451,7.310930240101514,7.149469762248227,7.298013722153129,212600
2016-10-26,7.1753010749816895,7.252802005175893,7.1688431260741545,7.188218204642045,61200
2016-10-27,7.248697757720947,7.281174126486263,7.183745639625529,7.209726610750739,50200
2016-10-28,7.177249908447266,7.2811737881186,7.13178274651467,7.248697420862512,62500
2016-10-31,7.144776344299316,7.229214684518742,7.144776344299316,7.157767144072502,41400
2016-11-01,7.0083746910095215,7.157765762386594,6.982393715913766,7.151270363753828,82700
2016-11-02,6.8394975662231445,7.021364998646374,6.683611726519175,6.982393229002749,186300
2016-11-03,6.768050193786621,6.852488513680288,6.748564618252784,6.84599311535725,68000
2016-11-04,6.6576313972473145,6.787536276233368,6.618659623833836,6.761555300436157,101600
2016-11-07,6.69010591506958,6.761553423823419,6.631648580891371,6.7095914866505995,89900
2016-11-08,6.56020450592041,6.722585799438881,6.534223523734874,6.722585799438881,54500
2016-11-09,6.7225847244262695,6.7225847244262695,6.488755302712772,6.495250702079342,120000
2016-11-10,5.852219581604004,6.0146008089330705,4.71555099030054,4.968865618212952,642800
2016-11-11,5.943155288696289,5.975631672345522,5.754793006853333,5.845726757184086,371600
2016-11-14,5.73530387878418,5.975627978119625,5.715818308415121,5.936656837381506,225200
2016-11-15,5.8587164878845215,5.930164023309192,5.715820797599796,5.741801775884711,81200
2016-11-16,5.865210056304932,5.93665819640597,5.813248110468861,5.93665819640597,342200
2016-11-17,5.845726013183594,6.0340882710532044,5.819745033457973,5.852221412973854,147400
2016-11-18,5.715817928314209,5.85871354686671,5.68334156690204,5.85871354686671,138100
2016-11-21,5.754793167114258,5.832736118381694,5.663860033686673,5.735307584156277,365600
2016-11-22,6.040584564208984,6.0730609485279246,5.735307542707764,5.748298344209544,110000
2016-11-23,6.008106708526611,6.040583084892205,5.936659176070591,5.962640153275994,68700
2016-11-24,6.183480262756348,6.183480262756348,5.943155391265695,5.995117358227051,74400
2016-11-25,6.163992404937744,6.189973381440003,6.053573099944311,6.144506827419886,65800
2016-11-28,6.094027042388916,6.19210725411856,6.04825665105997,6.146336239214801,132000
2016-11-29,6.0221028327941895,6.087489649084638,5.956716016503741,6.087489649084638,79400
2016-11-30,6.0809502601623535,6.1463364466136605,6.028641061571373,6.054795660866863,90300
2016-12-01,5.9828715324401855,6.100567570316055,5.969794541328972,6.0221037529238055,90800
2016-12-02,5.96979284286499,5.995947441221169,5.897867853279199,5.9501770499915585,169100
2016-12-05,5.943638801574707,6.028641410092839,5.917484200767195,5.950177607670303,111800
2016-12-06,5.950176239013672,5.969792029213575,5.884789440247696,5.969792029213575,81900
2016-12-07,5.950176239013672,6.0417170089963665,5.904405230447598,5.930559825239043,166600
2016-12-08,5.91748571395874,6.022104143941321,5.891331106463095,5.989410728678007,104200
2016-12-09,6.0221028327941895,6.028641639138213,5.891329823788187,5.969793629191789,125000
2016-12-12,5.963255882263184,6.126722328455403,5.9371012758154285,6.048258509112138,104400
2016-12-13,5.995949745178223,6.054797769985814,5.910947111964485,5.937101720370631,126400
2016-12-14,6.009024620056152,6.074411429817196,6.002486437939914,6.015563425747223,365800
2016-12-15,5.995949745178223,6.0286431615796685,5.924024727955084,6.022104353584369,145400
2016-12-16,6.009024620056152,6.094027223315576,5.976331838750463,5.989408826557772,242900
2016-12-19,5.97633171081543,6.015563296972362,5.8978679149267474,6.015563296972362,121100
2016-12-20,5.96979284286499,6.002486246703917,5.897867853279199,5.982869830255673,110400
2016-12-21,5.9828715324401855,5.989410339783287,5.930562320845352,5.950178742874657,59000
2016-12-22,5.910943984985352,5.982868964159084,5.891328194951556,5.956714369589116,88700
2016-12-23,5.943638801574707,6.035179592613565,5.891329599959683,5.897868406055278,71300
2016-12-28,5.965366840362549,6.01804110857498,5.932445265748077,5.991703974468765,81400
2016-12-29,5.991703510284424,6.064130466483814,5.945613058224122,6.004871762353968,57600
2016-12-30,5.965366840362549,6.070715376787412,5.939029706256333,5.991703974468765,43800
2017-01-03,5.840264797210693,6.044378051006281,5.781006090369175,5.971950463565852,255600
2017-01-04,5.945613861083984,5.978535437593514,5.820512623859983,5.833680877707689,111200
2017-01-05,5.807344913482666,5.978536643521762,5.781007772547956,5.945615060371632,104400
2017-01-06,5.715163707733154,5.833680496321659,5.675657692919117,5.833680496321659,133200
2017-01-09,5.609817981719971,5.741503717174805,5.596649094210929,5.734919273420283,148300
2017-01-10,5.636152744293213,5.669073693283539,5.596646726407229,5.636152744293213,148400
2017-01-11,5.7678399085998535,5.781008165999947,5.622985309636749,5.649322452363949,172800
2017-01-12,5.688826084136963,5.761253039146894,5.662488952503647,5.761253039146894,109300
2017-01-13,5.734918117523193,5.781007958661002,5.682243833957985,5.6954120908857915,115800
2017-01-16,5.721748352050781,5.761254372607926,5.675658518006524,5.761254372607926,104000
2017-01-17,5.701994895935059,5.741500911227959,5.688826642788632,5.741500911227959,120900
2017-01-18,5.669076442718506,5.715166923926633,5.662492626483479,5.715166923926633,140900
2017-01-19,5.629570960998535,5.682245257762381,5.596649368539345,5.669076369607845,242500
2017-01-20,5.7480854988098145,5.7612543816585156,5.629568692805986,5.642736947727791,121100
2017-01-23,5.6822404861450195,5.761251864941595,5.629566233613969,5.728330300128033,228500
2017-01-24,5.79417610168457,5.8205132400952175,5.662490409631334,5.669074223288813,179500
2017-01-25,5.906108379364014,5.965367090570211,5.767838262525163,5.813928092162501,413400
2017-01-26,5.906108379364014,5.925861073790468,5.787590956951617,5.925861073790468,172100
2017-01-27,6.013828277587891,6.046870784520618,5.855221345181862,5.881655728875296,261400
2017-01-30,5.875049114227295,6.013829821815202,5.7759196772384565,6.013829821815202,137200
2017-01-31,5.855221271514893,5.95435068180215,5.742874984669915,5.855221271514892,1798900
2017-02-01,6.119569301605225,6.1790468563896,5.901485354226372,5.947745394504983,361500
2017-02-02,6.165829181671143,6.231915491991215,6.139394783592267,6.152612297754587,159000
2017-02-03,6.145999431610107,6.192259439758401,6.093130670799102,6.18565068709569,134300
2017-02-06,6.099743366241455,6.198872839764234,6.086526481252574,6.152612796934426,110400
2017-02-07,6.046872138977051,6.159218452400281,6.020437749362501,6.10634967317118,141600
2017-02-08,6.020439147949219,6.046873543704649,5.954353473683497,6.033656660949788,257600
2017-02-09,6.000611782073975,6.079914946521519,5.987394903122148,6.033654924821834,147100
2017-02-10,6.278175354003906,6.311218508232023,6.046873904652832,6.046873904652832,257000
2017-02-13,6.317825794219971,6.3905202124006255,6.278173892328779,6.304608283507707,75100
2017-02-14,6.218695163726807,6.311215830258032,6.165826391493385,6.311215830258032,57700
2017-02-15,6.271565914154053,6.298000308608769,6.192262730789903,6.238522763524237,80600
2017-02-16,6.278175354003906,6.298000994442478,6.152612124231956,6.278175354003906,62600
2017-02-17,6.251739978790283,6.271565616127782,6.185653680671089,6.251739978790283,71200
2017-02-21,6.245129108428955,6.264954739053815,6.185651586308943,6.238520354805524,65400
2017-02-22,6.073305606842041,6.2517381823435985,6.053479975201468,6.245129428381586,94600
2017-02-23,6.027048110961914,6.126177571125658,6.0072224710274575,6.106351300945471,57300
2017-02-24,5.9361796379089355,6.055566695917108,5.9361796379089355,6.035669063760519,115500
2017-02-27,5.9361796379089355,6.0290363088635495,5.9361796379089355,5.962710024962493,106100
2017-02-28,5.883117198944092,5.956075584561372,5.863219572418314,5.936177958035594,84400
2017-03-01,5.922914505004883,5.956077012989731,5.856588223966597,5.88975136448574,86300
2017-03-02,5.962709426879883,5.995872565504021,5.9030159038632855,5.909648658094965,38700
2017-03-03,5.9361796379089355,5.969342779859463,5.896384373595759,5.9361796379089355,56900
2017-03-06,5.843324184417725,5.909649842423797,5.836691428856803,5.909649842423797,37300
2017-03-07,5.849953651428223,5.863219156527218,5.816791153748929,5.836688778863325,38700
2017-03-08,5.77699613571167,5.903015290344726,5.77699613571167,5.836689652524136,105400
2017-03-09,5.75709867477417,5.796893932115126,5.737200413569481,5.790261178380231,57400
2017-03-10,5.849953651428223,5.876484029092116,5.763729765887046,5.763729765887046,74300
2017-03-13,5.9096479415893555,5.962708703941008,5.843322304916881,5.849954425810202,41100
2017-03-14,5.8300580978393555,5.929546891295605,5.8300580978393555,5.929546891295605,86100
2017-03-15,5.995871543884277,6.035667429959385,5.909647651166669,5.969341164012255,923200
2017-03-16,6.340771198272705,6.3673015952305585,6.015773044870795,6.055568956574855,272300
2017-03-17,6.572910785675049,6.61270668994508,6.294341353388153,6.294341353388153,246700
2017-03-20,6.579543590545654,6.665767523324039,6.52648280614887,6.6193388625760194,135600
2017-03-21,6.380561828613281,6.606070354718519,6.380561828613281,6.586172729631027,102100
2017-03-22,6.526482582092285,6.63260414724266,6.24791315730534,6.334137087123625,119000
2017-03-23,6.679030895233154,6.712194036127523,6.493318191772714,6.559644473561451,102200
2017-03-24,6.738724708557129,6.8249486255310465,6.672399056485575,6.698929443821062,69500
2017-03-27,6.632603168487549,6.725459840558733,6.566276883788942,6.639235923464275,54200
2017-03-28,6.725459098815918,6.871375897004938,6.566276159602222,6.632602436985784,69400
2017-03-29,6.660911560058594,6.747416979168377,6.634294556840154,6.660911560058594,57500
2017-03-30,6.687528133392334,6.727453318353834,6.574405718335795,6.640947904804753,47200
2017-03-31,6.660911560058594,6.714145566495474,6.614331328476763,6.647602741149667,56100
2017-04-03,6.567751884460449,6.667566124803881,6.554443699840982,6.647602895975537,25000
2017-04-04,6.760723114013672,6.860537321774429,6.494553162516764,6.554441560253374,95500
2017-04-05,6.820616245269775,6.960355725434899,6.67422235304925,6.813961833214373,137100
2017-04-06,6.913778305053711,6.940395327125338,6.800655802599329,6.800655802599329,53300
2017-04-07,7.0668230056762695,7.0668230056762695,6.833924320650725,6.907120941441681,133200
2017-04-10,6.933737754821777,7.106748636785366,6.900466333736537,7.0801316268370895,71200
2017-04-11,6.873848915100098,6.947045529456025,6.840577495993026,6.9004659234658465,36000
2017-04-12,6.807309627532959,6.960357981414666,6.800655847920607,6.880506914667637,35000
2017-04-13,6.75407075881958,6.840576177990792,6.727453755582239,6.807304765294262,33300
2017-04-17,6.747419357299805,6.827270395098664,6.720802344700185,6.720802344700185,21000
2017-04-18,6.760723114013672,6.787340109163363,6.607675550552756,6.7341061188639815,57700
2017-04-19,6.640953063964844,6.807309611273781,6.634299284368385,6.760729981099236,34500
2017-04-20,6.660911560058594,6.747416979168377,6.65425715060413,6.660911560058594,50000
2017-04-21,6.527830123901367,6.660915212978917,6.487904279878221,6.654260799875099,87600
2017-04-24,6.5012125968933105,6.6476058661128175,6.461286755997265,6.581063644085691,103600
2017-04-25,6.4612860679626465,6.547791518526059,6.421360231318131,6.507865681881543,98600
2017-04-26,6.536735534667969,6.570120419733371,6.429904411869657,6.510027753968391,42300
2017-04-27,6.456608295440674,6.5367315891779825,6.423223430525961,6.523378025270099,30400
2017-04-28,6.363134384155273,6.456611931201628,6.269657473872614,6.456611931201628,76500
2017-05-01,6.409872531890869,6.443256773923663,6.356456980522078,6.396518325666872,24100
2017-05-02,6.343103885650635,6.409873654941915,6.343103885650635,6.409873654941915,21300
2017-05-03,6.316397190093994,6.449936114847433,6.289689405143306,6.336427869616054,26500
2017-05-04,6.2295942306518555,6.349779533096446,6.209563559165612,6.309717553360394,71300
2017-05-05,6.242948532104492,6.269656306751164,6.149471002459352,6.176178777106024,54900
2017-05-08,6.149471282958984,6.296364368597795,6.1427941798018555,6.2696565927328844,44000
2017-05-09,6.316397190093994,6.343104975044682,6.149473374961239,6.209566050291242,69800
2017-05-10,6.369811058044434,6.469965065658392,6.309718398770599,6.309718398770599,80600
2017-05-11,6.20956563949585,6.376489443585718,6.20956563949585,6.329750345441186,32000
2017-05-12,6.169503211975098,6.2696578694359095,6.162826107458297,6.2162423068289705,39800
2017-05-15,6.055991172790527,6.08937603761042,5.855683257397839,5.855683257397839,170000
2017-05-16,6.0025787353515625,6.049317824877242,5.962517386345166,6.049317824877242,132700
2017-05-17,5.969193935394287,5.989225246936514,5.915778378142359,5.955840364463141,133600
2017-05-18,5.995902061462402,6.076026038746878,5.882394473297427,5.929132929410281,163000
2017-05-19,6.089381217956543,6.102735429950501,5.96251938783331,5.995903644290457,90100
2017-05-23,6.0092549324035645,6.109408926571532,5.9424851784492105,6.109408926571532,138700
2017-05-24,5.822299003601074,6.0493153440846505,5.768883468988868,6.022607576778547,150900
2017-05-25,5.822299003601074,5.9625149411489655,5.808944801566322,5.842329669889802,248700
2017-05-26,5.68876314163208,5.855686933767805,5.655378255852189,5.855686933767805,288800
2017-05-29,5.804720878601074,6.025916892553168,5.7309890870301805,5.7309890870301805,111000
2017-05-30,5.764504432678223,5.885156411001981,5.6974750586454235,5.885156411001981,1668500
2017-05-31,5.61704158782959,5.764505863767357,5.596933026323418,5.737694235345912,281800
2017-06-01,5.623745441436768,5.7309919701249985,5.603636237877924,5.630447870049982,78900
2017-06-02,5.482981204986572,5.670662527236757,5.322111180581008,5.670662527236757,436700
2017-06-05,5.43606424331665,5.543311428336174,5.409252606871728,5.44276731223784,124900
2017-06-06,5.382439613342285,5.496389199312841,5.362331050888562,5.449469007174262,120100
2017-06-07,5.375736236572266,5.449468045382569,5.342221225951596,5.362330104476086,249200
2017-06-08,5.208163261413574,5.409250454745884,5.188054382270448,5.375736401953519,167300
2017-06-09,5.39584493637085,5.422656562023741,5.228272116230386,5.228272116230386,151200
2017-06-12,5.556715488433838,5.603635680255942,5.402548778595684,5.402548778595684,349300
2017-06-13,5.704179763793945,5.764506089918811,5.563418549249147,5.576824044365967,495000
2017-06-14,5.7175822257995605,5.7175822257995605,5.630444316427036,5.6773651225441375,193900
2017-06-15,5.6438517570495605,5.710881130392744,5.563416892581428,5.710881130392744,225800
2017-06-16,5.663958549499512,5.690770162639278,5.6103353232199815,5.630443873264985,133800
2017-06-19,5.603634357452393,5.71088148939117,5.596931931088329,5.677366800612772,119100
2017-06-20,5.496389389038086,5.596933483256648,5.469577758427741,5.596933483256648,90800
2017-06-21,5.52990198135376,5.57011973157442,5.482981805462535,5.496387296043119,92500
2017-06-22,5.563419342041016,5.583527907201568,5.469578305892168,5.496389939186159,103800
2017-06-23,5.637149333953857,5.643852399899569,5.556714460323976,5.563417526269688,145200
2017-06-26,5.46957540512085,5.643851248725048,5.442763786046313,5.643851248725048,79100
2017-06-27,5.6438517570495605,5.6438517570495605,5.529902205909836,5.529902205909836,137700
2017-06-28,5.652601718902588,5.713165414179138,5.639143476482754,5.652601718902588,70000
2017-06-29,5.666058540344238,5.719892773935016,5.625682544273812,5.63914142354885,48600
2017-06-30,5.733351230621338,5.733351230621338,5.672787561857013,5.686245798385397,49300
2017-07-04,5.659329891204834,5.746810693447883,5.652600450627343,5.69297645233751,51600
2017-07-05,5.659329891204834,5.713164132315207,5.612225090671951,5.652600450627343,91000
2017-07-06,5.524745941162109,5.672790469380689,5.504558255145247,5.639143898182607,76200
2017-07-07,5.666058540344238,5.6862462175021085,5.484367520659347,5.518014077092255,92400
2017-07-10,5.618954658508301,5.773727944767256,5.605495777048501,5.65260057864822,69000
2017-07-11,5.558389186859131,5.659328198308109,5.470908410784544,5.659328198308109,89600
2017-07-12,5.699707984924316,5.753542245793907,5.565122332750339,5.565122332750339,67200
2017-07-13,5.686246395111084,5.75353951007879,5.59876560235495,5.706434072899514,71000
2017-07-14,5.719894886016846,5.773729139486022,5.68624831715988,5.68624831715988,60300
2017-07-17,5.71316385269165,5.73335217343603,5.645871375474617,5.719893292939777,60200
2017-07-18,5.652601718902588,5.740082540773725,5.652601718902588,5.713165414179138,28800
2017-07-19,5.753540992736816,5.760270434318671,5.645872494446633,5.645872494446633,45900
2017-07-20,5.793914794921875,5.888125026375576,5.6862463256917595,5.6862463256917595,96600
2017-07-21,5.760268688201904,5.800644041944261,5.726622132246823,5.7669974859891795,106900
2017-07-24,5.807374954223633,5.827562636214362,5.699706461266622,5.793916071726587,59300
2017-07-25,5.84774923324585,5.888125231491008,5.8275615550006306,5.84774923324585,34300
2017-07-26,5.84774923324585,5.941959467981405,5.84774923324585,5.874666351491048,39800
2017-07-27,5.7552080154418945,5.876796472587058,5.748452922211289,5.8700413793564525,62500
2017-07-28,5.660638809204102,5.782227914124369,5.640374173117778,5.74845309117972,79700
2017-07-31,5.721434593200684,5.721434593200684,5.626865197439878,5.647129837888156,76700
2017-08-01,5.674149036407471,5.687659224895706,5.633619759345253,5.653884397876362,26800
2017-08-02,5.640374183654785,5.680903455903144,5.62686399677122,5.680903455903144,27200
2017-08-03,5.525539875030518,5.653883422521918,5.410705869495571,5.640373880565465,135600
2017-08-04,5.545803546905518,5.599842993748363,5.505273639672872,5.552558638811128,43500
2017-08-08,5.498517990112305,5.572822052229717,5.4714982725968015,5.5660669618006215,81200
2017-08-09,5.4377264976501465,5.545805427995288,5.40395167086698,5.518785695409003,81700
2017-08-10,5.6336164474487305,5.701165417575413,5.3971934415031795,5.3971934415031795,274800
2017-08-11,6.268586158752441,6.3023609984716655,5.660641620612349,5.667396717396492,171600
2017-08-14,6.174012660980225,6.396925530843751,6.106463033178734,6.2685813668611186,135800
2017-08-15,6.3226213455200195,6.38341588683673,6.13348327357996,6.167258090333804,131600
2017-08-16,6.194279670715332,6.376662705106738,6.146995299614086,6.322623239790674,93800
2017-08-17,6.228052616119385,6.2753369729362225,6.153747890606014,6.187522707275632,33300
2017-08-18,6.228052616119385,6.241562156266604,6.153747890606014,6.228052616119385,33700
2017-08-21,6.228052616119385,6.288847157284489,6.174013167128413,6.288847157284489,25800
2017-08-22,6.07944393157959,6.180767739425492,5.984874571842637,6.1469935662775645,55000
2017-08-23,5.991628170013428,6.086197506167516,5.944343824036833,5.951098914662317,30100
2017-08-24,5.964608192443848,6.011892536365095,5.930833384985441,5.978118373107559,22100
2017-08-25,6.214543342590332,6.214543342590332,5.8700413216310166,5.951101151198854,74500
2017-08-28,6.146993637084961,6.2145426283599745,6.07944400160888,6.2145426283599745,26800
2017-08-29,6.121908187866211,6.162585604365537,5.9591998149601055,6.128687865040365,46300
2017-08-30,6.067673206329346,6.108350630489722,6.006657393361643,6.006657393361643,31400
2017-08-31,6.020218372344971,6.108352276317723,5.999879978057689,6.026998052622697,41900
2017-09-01,6.135470390319824,6.16258846505914,5.9659822615626235,6.006659050398647,44600
2017-09-05,6.088011264801025,6.1625864306243106,5.986318679736511,6.088011264801025,55700
2017-09-06,6.149024963378906,6.196482047122341,6.081230145459731,6.081230145459731,38500
2017-09-07,6.121908187866211,6.250719467992744,6.020215616436295,6.1015698028893475,65800
2017-09-08,6.088011264801025,6.155806752541159,6.081232233263562,6.094790942884176,25000
2017-09-11,6.142246723175049,6.162585106508835,6.081230926628142,6.108348986588373,70000
2017-09-12,6.196483135223389,6.237159903808632,6.128687658853877,6.155805720092566,22100
2017-09-13,6.467663288116455,6.481222641045267,6.189703018531131,6.216821077843222,136700
2017-09-14,6.44732666015625,6.481224405159321,6.399869558533667,6.406649236843424,42000
2017-09-15,6.508342266082764,6.542239363468424,6.393090324643592,6.4405467782200665,63300
2017-09-18,6.582917213439941,6.610035281038783,6.447326875445728,6.447326875445728,61700
2017-09-19,6.576137065887451,6.603255131552208,6.474444481281036,6.589696421992672,33300
2017-09-20,6.610031604766846,6.610031604766846,6.549015824967893,6.5829135522501305,38800
2017-09-21,6.5964741706848145,6.711726088983437,6.508340959322865,6.508340959322865,113600
2017-09-22,6.616816520690918,6.6507142748234545,6.54224133229016,6.576139086422697,47300
2017-09-25,6.643930912017822,6.664269294605613,6.589694794086699,6.589694794086699,39800
2017-09-26,6.71172571182251,6.854095682511861,6.610033152706769,6.610033152706769,185200
2017-09-27,6.820201396942139,6.881216569561527,6.684610400332506,6.684610400332506,121600
2017-09-28,6.781427383422852,6.815436676656984,6.624984894015165,6.754220078570207,35600
2017-09-29,6.767825603485107,6.8018349077586056,6.72701495729573,6.72701495729573,76400
2017-10-02,6.8222432136535645,6.8222432136535645,6.747423230478126,6.795035888073968,61500
2017-10-03,6.720213413238525,6.829042675206183,6.699808088787982,6.801835359714269,85600
2017-10-04,6.577371597290039,6.699804780891467,6.5365603198651465,6.699804780891467,32100
2017-10-05,6.570574760437012,6.658998723614221,6.48895279027507,6.597782083824326,32200
2017-10-06,6.597779750823975,6.624987064590678,6.536563132680511,6.536563132680511,27600
2017-10-10,6.69981050491333,6.740621168531801,6.597782548519549,6.611386535508241,44900
2017-10-11,6.6385931968688965,6.672602512265463,6.570574566075762,6.672602512265463,20600
2017-10-12,6.6181840896606445,6.6589953785776155,6.550166139696935,6.577373449417105,23800
2017-10-13,6.5841779708862305,6.6113852910686655,6.529763330521359,6.5705739864581725,47100
2017-10-16,6.495754241943359,6.577376205303042,6.434537607255172,6.577376205303042,72900
2017-10-17,6.495754241943359,6.509357578166456,6.461744928375066,6.50255623439176,20300
2017-10-18,6.570574760437012,6.570574760437012,6.48895279027507,6.509358120647116,26900
2017-10-19,6.604582786560059,6.624988112945696,6.522960832343884,6.550168150415942,16500
2017-10-20,6.65219783782959,6.6658018261244525,6.611387170292732,6.631792504061161,24600
2017-10-23,6.624984264373779,6.658993554375654,6.57056965984008,6.5841736353101314,34100
2017-10-24,6.570574760437012,6.631791400226907,6.522962106677651,6.631791400226907,19300
2017-10-25,6.482149600982666,6.563771556081321,6.448140290856483,6.563771556081321,51000
2017-10-26,6.65219783782959,6.761027149493032,6.52976518654515,6.52976518654515,60100
2017-10-27,6.5841779708862305,6.652195947005479,6.502556010338923,6.652195947005479,41900
2017-10-30,6.6408257484436035,6.654476268602531,6.552099970981081,6.552099970981081,20400
2017-10-31,6.674947261810303,6.6885977735106765,6.586220888434543,6.606696655985104,43000
2017-11-01,6.6817755699157715,6.770501983822025,6.593049156009518,6.66812570287232,159800
2017-11-02,6.634000778198242,6.6817762943690315,6.586224611134862,6.6817762943690315,18300
2017-11-03,6.620345592498779,6.647645961195783,6.504318862813478,6.620345592498779,52500
2017-11-06,6.620345592498779,6.647645961195783,6.572570110002055,6.647645961195783,88400
2017-11-07,6.565746307373047,6.606697194922489,6.5384459326375115,6.579396820186953,9600
2017-11-08,6.552096366882324,6.593046603048438,6.4292443565994475,6.52479599247416,44600
2017-11-09,6.647649765014648,6.688600666938534,6.586223737575072,6.586223737575072,46300
2017-11-10,6.715901851654053,6.763677367182022,6.620350169705531,6.627175429321692,55900
2017-11-13,6.674947261810303,6.7773241468864365,6.647646889301779,6.695423029360863,25200
2017-11-14,6.695426940917969,6.7159020695381475,6.5998752558694616,6.5998752558694616,22100
2017-11-15,6.647649765014648,6.729550917969915,6.586223737575072,6.599874255180535,20800
2017-11-16,6.729552745819092,6.777328919522447,6.593050787150966,6.688602483664995,26900
2017-11-17,6.743200778961182,6.825101923941386,6.620348736044656,6.777326418759377,30800
2017-11-20,6.75684928894043,6.811450041307811,6.681773417158357,6.688598673927358,37600
2017-11-21,6.709076404571533,6.784152305573783,6.654475630953067,6.784152305573783,61700
2017-11-22,6.674947261810303,6.750023774377912,6.6408216334515915,6.6885977735106765,25500
2017-11-23,6.7022504806518555,6.709075739400616,6.661300229944299,6.661300229944299,9300
2017-11-24,6.668128490447998,6.736379155982123,6.654477966805498,6.695428886840206,29200
2017-11-27,6.593048095703125,6.695425011080903,6.517972211806688,6.517972211806688,17000
2017-11-28,6.634000778198242,6.668126425845631,6.572574742611462,6.572574742611462,73400
2017-11-29,6.615509510040283,6.683993307666622,6.615509510040283,6.683993307666622,12800
2017-11-30,6.800414562225342,6.800414562225342,6.615508722511867,6.615508722511867,67700
2017-12-01,6.807261943817139,6.841503836165379,6.7045369198821945,6.786717069652105,34100
2017-12-04,6.711383819580078,6.786715442193819,6.677141935443062,6.704535312130751,22600
2017-12-05,6.759323596954346,6.759323596954346,6.670294939270883,6.725081705059204,42100
2017-12-06,6.7935686111450195,6.81411349448054,6.663449492763233,6.663449492763233,70300
2017-12-07,7.040106296539307,7.046954805892089,6.718234194276151,6.718234194276151,183600
2017-12-08,7.088044166564941,7.122285402073898,6.978469992363286,7.033257406018965,61000
2017-12-11,6.951078414916992,7.101742372049373,6.909988660405353,7.088046004915451,79800
2017-12-12,6.827805995941162,6.9716213902445645,6.759322226040634,6.9442280129062794,83400
2017-12-13,6.766171455383301,6.937380245287404,6.745626583465525,6.8072611992188525,77000
2017-12-14,6.731931686401367,6.868898630828219,6.718235318513636,6.766173585785557,27800
2017-12-15,6.711383819580078,6.807260311432183,6.711383819580078,6.75932206550613,48300
2017-12-18,6.677144527435303,6.786718076721277,6.5059356933984995,6.759324689399783,291900
2017-12-19,6.868899822235107,6.8757483339217975,6.601814397554405,6.601814397554405,45500
2017-12-20,6.8552045822143555,6.889446493183374,6.7524788493073,6.8552045822143555,56600
2017-12-21,6.820955753326416,6.8688939881972635,6.793562382956007,6.848349123696824,71200
2017-12-22,6.841501712799072,6.848350219765135,6.766170095501102,6.766170095501102,23900
2017-12-27,6.827805995941162,6.862047880891426,6.766170733652614,6.766170733652614,16500
2017-12-28,6.884835243225098,6.9054483379767415,6.836737148433304,6.836737148433304,27900
2017-12-29,6.967289447784424,6.974160043670026,6.85048079910767,6.871093897321633,48700
2018-01-02,6.836739540100098,6.974161311982164,6.809255185723684,6.816126438137461,29000
2018-01-03,6.795514106750488,6.843611568543537,6.747415989678668,6.781771600364605,39800
2018-01-04,6.822997570037842,6.871095025527354,6.740544508364955,6.740544508364955,46800
2018-01-05,6.740546703338623,6.802386028271466,6.726804194278725,6.754288557119621,70600
2018-01-08,6.713065147399902,6.768033896065519,6.678709515664099,6.678709515664099,239500
2018-01-09,6.850480556488037,6.905449253297529,6.603120765566772,6.603120765566772,64100
2018-01-10,6.795514106750488,6.9604202517084595,6.795514106750488,6.850482821736478,175900
2018-01-11,6.719929218292236,6.79551166570677,6.6855736199473155,6.70618737212139,43500
2018-01-12,6.713065147399902,6.795518270398327,6.713065147399902,6.7268070069267205,22300
2018-01-15,6.733670711517334,6.7680263047182345,6.699315118316434,6.733670711517334,67300
2018-01-16,6.733670711517334,6.795510648223267,6.706186368012302,6.795510648223267,44300
2018-01-17,6.822997570037842,6.850481923928804,6.713060154473994,6.713060154473994,32000
2018-01-18,6.788642406463623,6.864224220771916,6.768029303521129,6.79551365920403,19000
2018-01-19,6.836739540100098,6.836739540100098,6.692446515804253,6.7680289817984125,38200
2018-01-22,6.836739540100098,6.850482044927652,6.774899578933494,6.781770831347271,27900
2018-01-23,6.788642406463623,6.836739865089016,6.7474155452999085,6.768029303521129,19100
2018-01-24,6.774901390075684,6.795515152827717,6.740546429380038,6.781772644326361,24300
2018-01-25,6.678705215454102,6.774900136042435,6.6787052154541025,6.768029538342376,61400
2018-01-26,6.692444801330566,6.733671649973021,6.6718317046486035,6.678702955302101,32300
2018-01-29,6.568768501281738,6.7130615530913635,6.548154740109776,6.7130615530913635,53500
2018-01-30,6.412256240844727,6.563944203888899,6.3846766709774965,6.563944203888899,34800
2018-01-31,6.4398298263549805,6.494988914831615,6.419145332563293,6.43293477590835,18900
2018-02-01,6.336409568786621,6.467412969988849,6.281250449611547,6.467412969988849,41400
2018-02-02,6.205408573150635,6.281252218993814,6.177829005794138,6.281252218993814,28900
2018-02-05,6.1295623779296875,6.184721489701172,6.0675082127996465,6.074403266158202,55900
2018-02-06,6.164037704467773,6.164037704467773,6.033034949178437,6.033034949178437,23100
2018-02-07,6.377778053283691,6.688048205447263,6.239880280938598,6.281249283867903,84200
2018-02-08,6.2191996574401855,6.4881003167983335,6.205409542832663,6.37778203013357,36900
2018-02-09,6.088194370269775,6.2536717505656485,6.033035243504484,6.2536717505656485,46900
2018-02-12,6.136457443237305,6.184722164464474,6.06061382066397,6.088193379558687,28900
2018-02-13,6.308830261230469,6.391569600847001,6.08129872115649,6.11577333640528,76300
2018-02-14,6.50188684463501,6.529466401086917,6.067508337356096,6.3846735653272795,73300
2018-02-15,6.494992733001709,6.563941962904349,6.405358997147713,6.5018877875016905,22000
2018-02-16,6.4053568840026855,6.501885642511557,6.350197781297151,6.412251936227971,16400
2018-02-20,6.322617053985596,6.370881095489101,6.239878415316053,6.239878415316053,28000
2018-02-21,6.274354457855225,6.39846211567511,6.253669300261577,6.322618510476936,14900
2018-02-22,6.212300777435303,6.308828890094563,6.20540572437437,6.288144388460214,16400
2018-02-23,6.212300777435303,6.267459886825866,6.184721222740022,6.253669780704,188900
2018-02-26,6.239880561828613,6.357093837985443,6.164036290463326,6.164036290463326,23800
2018-02-27,6.235036849975586,6.3042377491367425,6.200436070417518,6.255797053728434,493900
2018-02-28,6.145073890686035,6.442639613013628,6.1381536041307765,6.228115349484581,25400
2018-03-01,6.089715480804443,6.186596893527921,6.006673987060694,6.186596893527921,31900
2018-03-02,6.075875282287598,6.145076861384415,6.006674363145949,6.041274492739189,39100
2018-03-05,6.048195838928223,6.138157643483414,6.006675412182924,6.041275547818911,11200
2018-03-06,5.930553436279297,6.062036325459658,5.902872932234264,5.965154231324407,36500
2018-03-07,6.048195838928223,6.0620364211468445,5.854432307554501,5.93055352989107,115900
2018-03-08,6.110474586486816,6.290398120438152,6.013592531292634,6.048193312430199,42200
2018-03-09,6.082794666290283,6.096635244030465,5.882110908743131,6.048193881894897,247600
2018-03-12,6.006672382354736,6.1035537691959725,5.895950420276208,5.895950420276208,44600
2018-03-13,6.165832996368408,6.207354048377859,5.9513094308579895,6.006670393567435,64500
2018-03-14,6.075875282287598,6.311159859270575,6.0689556523420505,6.18659728087837,73100
2018-03-15,5.985911846160889,6.096634474236703,5.937471150096774,6.082793898244106,31300
2018-03-16,5.88210916519165,6.089713150071742,5.88210916519165,5.951310713469972,91700
2018-03-19,5.999753475189209,6.089715255065605,5.895951776846116,5.895951776846116,40900
2018-03-20,5.978990077972412,6.158912881788869,5.951309595850285,6.055111238819577,24500
2018-03-21,6.006672382354736,6.096634141532278,5.944391113696826,5.944391113696826,29900
2018-03-22,5.923632621765137,6.041274245486713,5.902871752912675,5.965153039559778,27300
2018-03-23,5.9582319259643555,5.978992791945748,5.951312297258942,5.951312297258942,39900
2018-03-26,5.764469146728516,5.965152921994444,5.736788648759254,5.951313002987377,146300
2018-03-27,5.6814284324646,5.812910650872685,5.6745081420338535,5.771390228198645,130000
2018-03-28,5.620977878570557,5.732146677818408,5.5723416945542,5.676562278194482,61500
2018-03-29,5.940591335296631,5.940591335296631,5.579291903152917,5.579291903152917,368500
2018-04-02,6.017019271850586,6.162928544239001,5.912798646981106,5.912798646981106,132400
2018-04-03,5.91279935836792,6.017019995776501,5.905851139175708,6.017019995776501,30800
2018-04-04,5.919745922088623,5.947538128466663,5.732148032073006,5.90584948759037,24200
2018-04-05,5.947538375854492,6.017018563380385,5.871109308171966,5.926693723240079,13000
2018-04-06,6.086497783660889,6.086497783660889,5.926692136169515,5.926692136169515,44400
2018-04-09,5.8989033699035645,6.1351375395075864,5.850267157085808,6.100397103515459,28700
2018-04-10,5.878056049346924,5.919744681486522,5.822471648239679,5.919744681486522,17900
2018-04-11,5.9753313064575195,6.003123517354684,5.822473815213828,5.864161800250287,64900
2018-04-12,6.044809341430664,6.10039374335411,5.940588753478786,5.940588753478786,22900
2018-04-13,6.023965358734131,6.0934461924749455,6.003121373659222,6.072601544781698,21400
2018-04-16,5.871108531951904,6.023965984489156,5.871108531951904,5.989225564009998,21700
2018-04-17,5.905849456787109,5.968382086466162,5.878057250554026,5.891953022361336,19000
2018-04-18,6.010067939758301,6.072600547330108,5.878055172476442,5.940587780048249,95800
2018-04-19,6.003119945526123,6.093444742853715,5.989223517036564,6.017015711397502,19000
2018-04-20,6.010067939758301,6.010067939758301,5.940587780048249,6.003120387620056,14400
2018-04-23,5.940591335296631,6.023967974417805,5.926694897467122,6.017019755503051,25400
2018-04-24,5.8989033699035645,5.989228238435614,5.850267157085808,5.940592025617858,16000
2018-04-25,5.850263595581055,5.919744425266992,5.836367164596547,5.891951563297978,14200
2018-04-26,5.787734031677246,5.878058892825251,5.7113056088375425,5.843318459673149,33300
2018-04-27,5.859582424163818,5.866558277503663,5.761923138421948,5.824704487972573,39700
2018-04-30,6.054901123046875,6.0618763097467605,5.838654369257833,5.866557111818949,33200
2018-05-01,5.957242012023926,6.033974398322872,5.943290971448639,5.957242012023926,12700
2018-05-02,5.894460678100586,5.9990964762674786,5.894460678100586,5.950266171021348,11500
2018-05-03,5.873531818389893,5.894458704916365,5.803774642963346,5.810750493556747,27700
2018-05-04,6.033972263336182,6.054899814675287,5.859579993699255,5.880507545038361,32800
2018-05-07,6.11768102645874,6.138607912161947,6.006069417116336,6.033972153138512,79200
2018-05-08,5.964216709136963,6.166511747680611,5.943289819702467,6.1316331551205705,19600
2018-05-09,5.699141025543213,5.761922366685069,5.650311389212392,5.754946514279552,145300
2018-05-10,5.685189723968506,5.734020029016639,5.566603218306217,5.685189723968506,344900
2018-05-11,5.594508171081543,5.664264727686641,5.580556460608021,5.664264727686641,24700
2018-05-14,5.413138389587402,5.594506582725275,5.413138389587402,5.594506582725275,63200
2018-05-15,5.231767177581787,5.399183567603541,5.1062048850654715,5.399183567603541,912400
2018-05-16,5.315478324890137,5.343381072058039,5.2247942302809625,5.245721456970381,752500
2018-05-17,5.245718955993652,5.287573056790923,5.231767589061229,5.287573056790923,205600
2018-05-18,5.25269889831543,5.3294313099149715,5.224795810083588,5.3294313099149715,56500
2018-05-22,5.134109020233154,5.280598567861037,5.120157650584161,5.238744458914055,85900
2018-05-23,5.224794387817383,5.245721615137793,5.1201592490963135,5.1201592490963135,63700
2018-05-24,5.022498607635498,5.252696745990256,4.987620343734679,5.252696745990256,302000
2018-05-25,5.078304290771484,5.189915264427911,5.008547099609279,5.015522951776275,278900
2018-05-28,5.085280895233154,5.141086393967218,5.029475396499091,5.078305374204901,59200
2018-05-29,5.085280895233154,5.120159498255449,5.050402292210859,5.120159498255449,77500
2018-05-30,5.227531433105469,5.325635146100329,5.1084053288276365,5.115412903968485,194400
2018-05-31,5.101397514343262,5.332642121762285,5.04533792193724,5.332642121762285,923600
2018-06-01,5.26256799697876,5.297604865979673,5.1084047041282385,5.1084047041282385,103400
2018-06-04,5.248552322387695,5.290597095598209,5.171471017827252,5.290597095598209,85100
2018-06-05,5.276582717895508,5.30461234625531,5.185486258656386,5.185486258656386,105600
2018-06-06,5.388699531555176,5.395706769365042,5.2555586717735165,5.2555586717735165,73500
2018-06-07,5.388699531555176,5.542862438905853,5.339647530328431,5.339647530328431,60400
2018-06-08,5.577902793884277,5.598924853375969,5.360672952345671,5.388702587761,176700
2018-06-11,5.367680072784424,5.598924726803027,5.311620803221078,5.598924726803027,79800
2018-06-12,5.577902793884277,5.591917611591942,5.304613681515013,5.304613681515013,187000
2018-06-13,5.500820636749268,5.668998768318222,5.472791003844372,5.563887477855073,79900
2018-06-14,5.535855770111084,5.661989070908345,5.507826147711693,5.542863008641204,61700
2018-06-15,5.374686241149902,5.535856766010678,5.353663853498707,5.535856766010678,52700
2018-06-18,5.360671520233154,5.528849287796152,5.304612264378822,5.381693574108768,41100
2018-06-19,5.486804008483887,5.52884844395762,5.290596642939803,5.318626266588957,92300
2018-06-20,5.514833927154541,5.5498711256600695,5.465782250214187,5.514833927154541,142900
2018-06-21,5.3046112060546875,5.514833373566965,5.283588822233733,5.514833373566965,147800
2018-06-22,5.15045166015625,5.318629849483886,5.143444416593267,5.318629849483886,205200
2018-06-25,5.18548583984375,5.241545092035656,5.101396961555892,5.241545092035656,474700
2018-06-26,5.143442153930664,5.199501414332162,5.115412523729915,5.178479024611826,36700
2018-06-27,5.108405113220215,5.157457134717123,5.031323460622092,5.143442319166515,399700
2018-06-28,5.040122985839844,5.138673120399067,4.99788735773972,5.096437156640008,54300
2018-06-29,5.110517501831055,5.1597922475946785,5.026045885726642,5.096438619431127,62000
2018-07-03,5.216104507446289,5.279458112203582,5.08939763359061,5.10347617513013,88900
2018-07-04,5.138673782348633,5.216105609343943,5.110516693321433,5.216105609343943,27900
2018-07-05,5.117553234100342,5.223142432886712,5.103474696639413,5.103474696639413,55600
2018-07-06,5.131634712219238,5.159791803276378,5.082359635039743,5.110517061755885,88900
2018-07-09,5.061243057250977,5.202028542374604,5.0542036151652585,5.159792896837516,37500
2018-07-10,5.082359313964844,5.117555843392251,5.040123680047344,5.082359313964844,59700
2018-07-11,5.096436977386475,5.103476416318369,5.0542013507718755,5.061240789703771,65300
2018-07-12,5.096436977386475,5.124594397455129,5.061240789703771,5.117554958523235,27000
2018-07-13,5.209067344665527,5.244263543793984,5.040124447608223,5.082360087957792,82100
2018-07-16,5.209067344665527,5.244263543793984,5.1597922630948485,5.244263543793984,82000
2018-07-17,5.2442626953125,5.251302135394683,5.194987957373128,5.194987957373128,36500
2018-07-18,5.300578594207764,5.335774796839667,5.230185517625826,5.237224959547647,44600
2018-07-19,5.307618618011475,5.33577571924821,5.272422073635994,5.300579510531852,32100
2018-07-20,5.342813014984131,5.363930664594438,5.300577380104528,5.314655925064395,37200
2018-07-23,5.370969772338867,5.378008876553452,5.314655595986313,5.321694700200898,28300
2018-07-24,5.385045528411865,5.4132026020102995,5.349849018584425,5.370966991612648,40300
2018-07-25,5.385045528411865,5.4132026020102995,5.356888454813431,5.370966991612648,46900
2018-07-26,5.4624810218811035,5.511755763277582,5.349852322277008,5.349852322277008,41500
2018-07-27,5.546950817108154,5.546950817108154,5.455440127952109,5.469518669694661,28400
2018-07-30,5.435970783233643,5.577348301013603,5.40769527967765,5.549072797457611,41600
2018-07-31,5.492520332336426,5.527864870934376,5.457175793738474,5.457175793738474,36100
2018-08-01,5.570280075073242,5.619762042037428,5.492522265038723,5.492522265038723,43800
2018-08-02,5.58441686630249,5.58441686630249,5.464245817964741,5.549072321354719,22700
2018-08-03,5.591484069824219,5.598553111741543,5.563208576295866,5.5844153649773665,23900
2018-08-07,5.655105113983154,5.6763115694010935,5.549071825681864,5.549071825681864,103200
2018-08-08,5.662174224853516,5.754069764951163,5.648036138311845,5.65510518158268,40300
2018-08-09,5.414763927459717,5.5137285258875,5.167353105531431,5.167353105531431,257200
2018-08-10,5.407693386077881,5.506657613869773,5.400624344128938,5.435968879732707,81000
2018-08-13,5.513727188110352,5.584415929071662,5.407693908133132,5.407693908133132,75000
2018-08-14,5.605623722076416,5.605623722076416,5.485453002267194,5.527866256977023,91800
2018-08-15,5.619760990142822,5.633898740496405,5.4995902806726455,5.4995902806726455,119900
2018-08-16,5.534933567047119,5.655104593592235,5.471313532506647,5.619760055054083,44000
2018-08-17,5.513727188110352,5.5490713900557544,5.492520397286706,5.513727188110352,40900
2018-08-20,5.669244289398193,5.669244289398193,5.534935139621772,5.549072891639722,68800
2018-08-21,5.676310062408447,5.718723636125091,5.591483589116045,5.676310062408447,30300
2018-08-22,5.704587459564209,5.704587459564209,5.6338987082014995,5.6763119590191256,19400
2018-08-23,5.768208026885986,5.831828077411242,5.655106014459386,5.683381517566036,40800
2018-08-24,5.662174224853516,5.8388962617779745,5.648036138311845,5.8388962617779745,25600
2018-08-27,5.711653709411621,5.768204682840189,5.655102735983053,5.662171776196819,33600
2018-08-28,5.676310062408447,5.754068168532147,5.563208098018578,5.732861044603383,128600
2018-08-29,5.669244289398193,5.704588163837175,5.626830696273746,5.669244289398193,114000
2018-08-30,5.4726243019104,5.671370519239194,5.4016435100072595,5.671370519239194,53700
2018-08-31,5.4726243019104,5.529408935432913,5.373251193246004,5.451329895107902,45300
2018-09-04,5.280978202819824,5.465528338938972,5.238389709869251,5.465528338938972,32400
2018-09-05,5.231290817260742,5.2951737180878675,5.146113841800051,5.2951737180878675,53800
2018-09-06,5.288076877593994,5.366155961817105,5.1958019654721035,5.1958019654721035,29200
2018-09-07,5.302273750305176,5.344862593528257,5.202900572532468,5.252587330650497,42300
2018-09-10,5.288076877593994,5.3377636290929384,5.224194298196271,5.288076877593994,32600
2018-09-11,5.437136173248291,5.458430589593367,5.252586031598445,5.252586031598445,39000
2018-09-12,5.4726243019104,5.515212777052285,5.394545261585389,5.422937578346645,38500
2018-09-13,5.543606758117676,5.607489659241013,5.472625944904643,5.472625944904643,60200
2018-09-14,5.401643753051758,5.55070359198679,5.401643753051758,5.486820707168025,48800
2018-09-17,5.387449741363525,5.501019058785036,5.323566831082293,5.387449741363525,46600
2018-09-18,5.2951741218566895,5.394547267471586,5.238389467219605,5.344860863895757,58200
2018-09-19,5.280978202819824,5.309370531453539,5.217095294162338,5.273879951429768,23000
2018-09-20,5.316467761993408,5.366154499956574,5.231290787025022,5.295173687482918,42800
2018-09-21,5.238387584686279,5.373251260214655,5.238387584686279,5.2667799018013985,78500
2018-09-24,5.3235650062561035,5.366153485690575,5.2312897982498425,5.2312897982498425,33400
2018-09-25,5.394546985626221,5.415841399234192,5.26678151936806,5.323566171038354,19400
2018-09-26,5.56489896774292,5.6074874388066975,5.380348588003469,5.401642992766898,107200
2018-09-27,5.567037582397461,5.738111898651102,5.567037582397461,5.681086899970704,132900
2018-09-28,5.624063014984131,5.759496768183219,5.574166601627609,5.574166601627609,50400
2018-10-01,5.8093953132629395,5.9305729442693185,5.773755393380508,5.7808829694842565,65900
2018-10-02,5.830779552459717,5.959084747940782,5.816523041968578,5.859291893654158,91300
2018-10-03,5.930571556091309,5.959083893196065,5.7452417048042586,5.795138124790649,79900
2018-10-04,5.816522121429443,5.944827976392299,5.795138038864876,5.944827976392299,34400
2018-10-05,5.780882358551025,5.816522954454797,5.588424228331181,5.802267123965984,76600
2018-10-09,5.738113880157471,5.845034982357881,5.638320352926042,5.816522643118586,61300
2018-10-10,5.417349815368652,5.723857646933081,5.381709559546135,5.723857646933081,115600
2018-10-11,5.331813812255859,5.502887888635952,5.217764428002464,5.217764428002464,132100
2018-10-12,5.474372863769531,5.481501116744251,5.34606736926885,5.353195622243571,31300
2018-10-15,5.346068859100342,5.510014984375175,5.317556519043319,5.438734134232618,34500
2018-10-16,5.253401279449463,5.346066513932121,5.203504876184767,5.346066513932121,57700
2018-10-17,5.303300857543945,5.460118742894708,5.210635573526071,5.460118742894708,31100
2018-10-18,5.203506946563721,5.317556302139729,5.182122522446274,5.3104280474692835,61400
2018-10-19,5.174995422363281,5.224891853335977,5.132226567395336,5.210635681644644,33100
2018-10-22,5.060945510864258,5.182123135444937,4.946896141797233,5.182123135444937,83700
2018-10-23,4.975407600402832,5.018176106207033,4.918382925997232,4.996792023251867,58200
2018-10-24,4.718796253204346,5.032432304158182,4.718796253204346,5.032432304158182,39300
2018-10-25,4.626130104064941,4.775820016636251,4.590489859101273,4.775820016636251,61500
2018-10-26,4.79720401763916,4.818588434669585,4.504952470883951,4.504952470883951,228300
2018-10-29,4.825718879699707,4.904127996769941,4.733053590425245,4.733053590425245,139800
2018-10-30,4.827866077423096,4.935311240127383,4.727584084959847,4.842192417905173,74300
2018-10-31,4.8780059814453125,4.942473130688126,4.727582860917859,4.820702000588886,169400
2018-11-01,4.899495601654053,4.928147594752487,4.7777244602063575,4.885169605104836,46500
2018-11-02,4.677443504333496,4.9568006687397,4.648791163428381,4.9568006687397,86400
2018-11-05,4.5771613121032715,4.691769654729186,4.512694482282405,4.691769654729186,53700
2018-11-06,4.598649024963379,4.620137847570492,4.562833865206622,4.598649024963379,147900
2018-11-07,4.5771613121032715,4.620139312503445,4.548509311836489,4.562835311969881,75500
2018-11-08,5.042755603790283,5.1788527427761695,4.6774425183512855,4.6774425183512855,265400
2018-11-09,4.863682746887207,5.035595128593671,4.83503074019594,5.028431956141423,62500
2018-11-12,4.892332553863525,4.9854517045208775,4.8350285662462955,4.8350285662462955,58300
2018-11-13,4.820703506469727,4.920985504294344,4.820703506469727,4.86368150553742,34800
2018-11-14,4.870843410491943,4.935310221562649,4.784887093133193,4.863680241729262,85900
2018-11-15,4.920986175537109,4.978290182110536,4.727584982572384,4.856519338921415,53700
2018-11-16,5.042755603790283,5.171689573670158,4.935310458111036,4.978288448070995,83900
2018-11-19,5.057082176208496,5.121549339267577,4.949637018296276,5.042756177924116,46200
2018-11-20,4.935309886932373,5.143036985143958,4.906657896941717,5.143036985143958,51300
2018-11-21,4.949636459350586,5.092896767575224,4.928147635130046,4.971125625129828,48800
2018-11-22,4.906659126281738,4.999778287861262,4.885170299184155,4.971126290691985,12900
2018-11-23,4.856518745422363,4.928148744885482,4.799214404293089,4.928148744885482,42500
2018-11-26,4.885170936584473,4.935311767393536,4.82070376376277,4.8923337660319985,23000
2018-11-27,4.706096172332764,4.87084536276155,4.641628993864467,4.87084536276155,72700
2018-11-28,4.77772855758667,4.985455856476612,4.641631302872743,4.784891391224775,106000
2018-11-29,4.671905994415283,4.801481423445295,4.5999198356525435,4.5999198356525435,75200
2018-11-30,4.823077201843262,4.851871665959686,4.628714397428852,4.628714397428852,38100
2018-12-03,4.801483154296875,4.92385983993675,4.758291443469367,4.873469339009388,64400
2018-12-04,4.578322887420654,4.84467177245788,4.57112410191625,4.794281303698005,138700
2018-12-05,4.585521221160889,4.6863021562958584,4.491939071359978,4.535131096850381,96300
2018-12-06,4.621516704559326,4.628715150130469,4.4919412517073285,4.6071194701598985,109700
2018-12-07,4.520734786987305,4.671905533858079,4.499138769858881,4.635912629653437,24600
2018-12-10,4.470345497131348,4.5927221591127205,4.470345497131348,4.585523370404574,117500
2018-12-11,4.398360252380371,4.542332624284307,4.35516854080919,4.513538149903519,45800
2018-12-12,4.347967147827148,4.477542204975121,4.333569919255152,4.455946533745628,45400
2018-12-13,4.290380001068115,4.455948369484598,4.239989508678004,4.369564962464819,69300
2018-12-14,4.117611408233643,4.304775734781867,4.024029588216557,4.290378505297928,111300
2018-12-17,4.009632587432861,4.232789828790795,3.952043322955322,4.211193811704587,136700
2018-12-18,4.146407604217529,4.304777181774647,4.052825409487024,4.052825409487024,115400
2018-12-19,4.117611408233643,4.319172964265805,4.038426817700495,4.139207424088063,89900
2018-12-20,3.9232494831085205,4.031228899110713,3.8872565732791906,3.98083875669823,89800
2018-12-21,3.7792766094207764,4.009632640615153,3.6928932264442795,4.009632640615153,124800
2018-12-24,3.786475419998169,3.8656600165937416,3.6784960189731426,3.8296671117567684,79000
2018-12-27,3.851263999938965,3.9448461998752165,3.707291648696394,3.721688883820651,65300
2018-12-28,4.193872451782227,4.237332228775229,3.904140259774603,3.9620866290986068,67800
2018-12-31,4.425658702850342,4.432901827023142,4.063493514131699,4.063493514131699,62600
2019-01-02,4.324249744415283,4.454629359324123,4.251816816903395,4.382196431812235,57700
2019-01-03,4.143167495727539,4.273547118276502,4.121437788894354,4.266303652407132,33600
2019-01-04,4.121438026428223,4.186627841459837,4.114194560141384,4.186627841459837,32300
2019-01-07,4.150412559509277,4.201115803953273,4.063493007937509,4.150412559509277,161800
2019-01-08,4.273547649383545,4.331494001990101,4.150411477400862,4.331494001990101,43700
2019-01-09,4.469119071960449,4.47636219708608,4.251819791988597,4.29527957890543,46700
2019-01-10,4.802309036254883,4.853011926328328,4.367711010005523,4.367711010005523,122900
2019-01-11,4.860255718231201,4.976148440866054,4.628469927573936,4.628469927573936,112600
2019-01-14,4.773336410522461,4.93268891196614,4.751606351268172,4.751606351268172,34200
2019-01-15,4.766093730926514,4.824040104675904,4.693660763739777,4.787823793776351,21100
2019-01-16,4.816795349121094,4.853011647753575,4.729875817938123,4.773335583529609,15200
2019-01-17,4.679172039031982,4.8602545472131355,4.664685452192989,4.802308199857162,29200
2019-01-18,4.628468990325928,4.700901927305307,4.527062878554797,4.700901927305307,73900
2019-01-21,4.679172039031982,4.802308199857162,4.592252517998023,4.802308199857162,51600
2019-01-22,4.657439708709717,4.7443595326295585,4.621223432014813,4.621223432014813,27200
2019-01-23,4.5850090980529785,4.758848487258826,4.5705225110681145,4.621225738208878,85600
2019-01-24,4.563278675079346,4.664684768080297,4.411169362884206,4.621225013937033,112300
2019-01-25,4.679172039031982,4.737118386387955,4.54154929136781,4.57776593115903,27300
2019-01-28,4.5850090980529785,4.700901793931892,4.5850090980529785,4.613982272022707,42800
2019-01-29,4.613981246948242,4.650197879058,4.55603491188255,4.577764960225886,23500
2019-01-30,4.616167068481445,4.6452911224566,4.594323854407024,4.594323854407024,17600
2019-01-31,4.6380109786987305,4.688978258213488,4.594324887908733,4.6380109786987305,11100
2019-02-01,4.66713285446167,4.732662133564397,4.645289992884778,4.659852016331381,14500
2019-02-04,4.718101501464844,4.761787584687484,4.5870432517969215,4.7399447166692275,53900
2019-02-05,4.798192501068115,4.812754527817905,4.68897712685164,4.725382020133063,35400
2019-02-06,4.783632278442383,4.812756342925963,4.696259737805404,4.783632278442383,18200
2019-02-07,4.66713285446167,4.754505342327315,4.616165945991571,4.718100110117794,31900
2019-02-08,4.601606369018555,4.6671353357741525,4.587044337829954,4.638011273396951,18200
2019-02-11,4.790913105010986,4.812756326894027,4.601606686498314,4.601606686498314,83100
2019-02-12,4.871001720428467,4.93653100209436,4.79091041474638,4.805472438762574,53200
2019-02-13,4.783632278442383,4.914690568618498,4.732664992002998,4.878285314420904,43900
2019-02-14,4.688976287841797,4.885563787381134,4.659852239553453,4.798191642516104,34800
2019-02-15,4.688976287841797,4.769067594227762,4.674414263697625,4.703538311985969,29300
2019-02-19,4.812754154205322,4.841878205444011,4.739944026108601,4.739944026108601,42400
2019-02-20,4.914687156677246,4.921968341336415,4.790909794959319,4.790909794959319,38500
2019-02-21,4.805472373962402,4.9146877262041455,4.7690674880058435,4.849158445421892,43500
2019-02-22,4.871001720428467,4.878282558843544,4.820034462778768,4.820034462778768,26000
2019-02-25,4.871001720428467,4.914687792477049,4.849158510811156,4.9074066068759326,29100
2019-02-26,4.921969413757324,4.943812278122066,4.885564176901329,4.914688227511697,57100
2019-02-27,4.909532070159912,4.96806592840318,4.909532070159912,4.924165534720729,32300
2019-02-28,4.91684627532959,4.953430093671267,4.909529720994743,4.953430093671267,28800
2019-03-01,4.9680657386779785,4.9680657386779785,4.902214976224415,4.9095318826700565,36100
2019-03-04,5.085134029388428,5.2022021036160675,4.9534328383828425,4.96806630405013,58800
2019-03-05,5.085134029388428,5.143668240946918,5.04855053966488,5.0997674950557155,64200
2019-03-06,4.975381374359131,5.187566722638141,4.968064469782304,5.077815596210222,29800
2019-03-07,4.975381374359131,5.055865231368953,4.968064469782304,4.997331390311187,16100
2019-03-08,4.843680381774902,4.975381886603523,4.843680381774902,4.975381886603523,45000
2019-03-11,5.055866241455078,5.077816610681701,4.843680850784615,4.843680850784615,47900
2019-03-12,5.019282817840576,5.041232838439915,4.975382427752613,4.982698984989296,21900
2019-03-13,5.1802496910095215,5.407068493989971,5.172933135501355,5.2753673548401245,169800
2019-03-14,5.480237007141113,5.502187376305033,5.194884301345851,5.194884301345851,92600
2019-03-15,5.494871139526367,5.5826719235222475,5.450970398639125,5.458287305083433,130500
2019-03-18,5.509502410888672,5.546085881883045,5.458285132829553,5.524135869064254,79400
2019-03-19,5.553405284881592,5.582672214405161,5.524138355358024,5.524138355358024,80700
2019-03-20,5.458286762237549,5.553404443217947,5.414386374605657,5.487553687325477,40600
2019-03-21,5.663154125213623,5.714371408499475,5.43633532590062,5.458285689848613,108000
2019-03-22,5.494871139526367,5.714373099516068,5.48755423308206,5.699739635516755,102000
2019-03-25,5.502189636230469,5.597307360193211,5.450972319737587,5.494873076096871,93800
2019-03-26,5.560720443725586,5.626571193030049,5.5021865994057215,5.531453521565654,21400
2019-03-27,5.714372158050537,5.838756755996496,5.560720636927795,5.560720636927795,136800
2019-03-28,5.753316402435303,5.878228820939424,5.745968798601393,5.760664356638952,45200
2019-03-29,5.790056228637695,5.81209939338702,5.72392603365015,5.797403833430875,41700
2019-04-01,5.71657657623291,5.768010844225743,5.532881961127825,5.5990117843142775,55400
2019-04-02,5.709231376647949,5.768013625769344,5.701883770692696,5.716579332973045,38400
2019-04-03,5.745967864990234,5.768011023280105,5.701881198040807,5.753315467630297,31100
2019-04-04,5.768011569976807,5.768011569976807,5.679838227720814,5.679838227720814,71200
2019-04-05,5.768011569976807,5.768011569976807,5.709229341806145,5.709229341806145,46400
2019-04-08,5.870880126953125,5.878228080230868,5.731272518372975,5.731272518372975,29200
2019-04-09,5.97374963760376,6.0031407512888935,5.856184832493511,5.856184832493511,103600
2019-04-10,5.9517059326171875,6.025183359733095,5.92966207381699,6.025183359733095,27100
2019-04-11,5.790056228637695,5.885577543537531,5.7827082734747295,5.878229588374565,31800
2019-04-12,5.760663032531738,5.804749696510951,5.760663032531738,5.768010634676777,27000
2019-04-15,5.775359153747559,5.841488981018808,5.775359153747559,5.797402312714744,20100
2019-04-16,5.804749965667725,5.834141076350018,5.782706457471167,5.782706457471167,11200
2019-04-17,5.819446086883545,5.841489246853873,5.797402576543507,5.804750530113424,16300
2019-04-18,5.841489791870117,5.841489791870117,5.7680120011639655,5.790055513560683,49400
2019-04-22,5.760663032531738,5.834140805830427,5.745967477872001,5.760663032531738,12300
2019-04-23,5.745967864990234,5.80475008758947,5.701881198040807,5.701881198040807,52000
2019-04-24,5.819446086883545,5.856184803623994,5.709229235922777,5.709229235922777,18500
2019-04-25,5.790056228637695,5.797403833430875,5.709230473694005,5.709230473694005,13400
2019-04-26,5.8929243087768555,5.8929243087768555,5.723924877851572,5.804750616474595,144000
2019-04-29,5.8730010986328125,5.932026178728865,5.828732288560774,5.902513638680839,59100
2019-04-30,5.843490123748779,5.880380632781227,5.762330440969679,5.762330440969679,20200
2019-05-01,5.71806001663208,5.8434884861908944,5.695925435961668,5.8434884861908944,27200
2019-05-02,5.703305721282959,5.732818271182644,5.644280621483589,5.688549446333116,33400
2019-05-03,5.644279479980469,5.7033045678425625,5.563119808261452,5.6295232080149455,31800
2019-05-06,5.570497512817383,5.659035134957518,5.533606661017041,5.533606661017041,29500
2019-05-07,5.304886341094971,5.533608795768657,5.282751751112253,5.533608795768657,59000
2019-05-08,4.456398963928223,5.0540285878657105,4.367861320045037,5.0540285878657105,444900
2019-05-09,4.559692859649658,4.6113399942393745,4.279323655381068,4.4268863944698,282300
2019-05-10,4.382617473602295,4.655608710649669,4.375239160906106,4.655608710649669,236900
2019-05-13,4.271946430206299,4.412131243941974,4.212921319542311,4.353106133277986,117700
2019-05-14,4.124382495880127,4.426886279032472,4.124382495880127,4.426886279032472,87900
2019-05-15,4.065356731414795,4.16127231759639,4.013709606688355,4.16127231759639,101200
2019-05-16,4.124382495880127,4.183407589976457,4.065357401783797,4.065357401783797,105200
2019-05-17,4.271946430206299,4.294081022613999,4.176030449468614,4.183408764210318,75900
2019-05-21,4.286702632904053,4.301458910311983,4.220299208659662,4.271946355496122,63400
2019-05-22,4.220297813415527,4.330970033295116,4.205541540886068,4.330970033295116,58400
2019-05-23,4.124382495880127,4.212920137024621,4.109626222356044,4.212920137024621,133600
2019-05-24,4.02846622467041,4.094869626205651,3.9915753678581027,4.094869626205651,96700
2019-05-27,4.168652534484863,4.168652534484863,3.984198885629935,4.06535858963498,58500
2019-05-28,4.131761074066162,4.190786176981521,4.117004798337322,4.190786176981521,31900
2019-05-29,4.124382495880127,4.146516730257594,4.072735362637182,4.072735362637182,41100
2019-05-30,4.208250999450684,4.252782712990628,4.141453252187466,4.208250999450684,80600
2019-05-31,4.178562164306641,4.252781668647347,4.148874362570359,4.215671739523738,40500
2019-06-03,4.096920967102051,4.230516089084551,4.059811034042526,4.230516089084551,78700
2019-06-04,4.067234516143799,4.1562979604468016,4.0227027939922975,4.1562979604468016,50300
2019-06-05,4.1488752365112305,4.171140915550345,4.089499620531474,4.111765299570589,70900
2019-06-06,4.245359897613525,4.267625927737994,4.163718612939074,4.163718612939074,50100
2019-06-07,4.2602057456970215,4.297315694886639,4.245361836802515,4.252783968203121,31400
2019-06-10,4.200828552246094,4.289892326490627,4.13403116394591,4.260204165804734,99000
2019-06-11,4.29731559753418,4.408645088674242,4.252783871859494,4.334425545883099,241000
2019-06-12,4.2602057456970215,4.312159603781145,4.208252241519602,4.297315694886639,72700
2019-06-13,4.245359897613525,4.423487076889644,4.245359897613525,4.289891957862461,51100
2019-06-14,4.215672016143799,4.275047977418954,4.156296408775181,4.275047977418954,39900
2019-06-17,4.2602057456970215,4.275050008498233,4.223096150414109,4.237940059308615,50500
2019-06-18,4.28989315032959,4.327002738977048,4.275049244089279,4.304737056569901,56800
2019-06-19,4.2676262855529785,4.371533609063906,4.252782382194274,4.371533609063906,41700
2019-06-20,4.282470226287842,4.327001936752614,4.245360290613911,4.267626322799584,55100
2019-06-21,4.230517864227295,4.282471721529373,4.171142229543034,4.282471721529373,197300
2019-06-24,4.252782821655273,4.2602045971482685,4.1637193922996865,4.1711411677926815,84500
2019-06-25,4.230517864227295,4.304737761489321,4.223096086845112,4.289893852818255,52500
2019-06-26,4.185985088348389,4.252782837568327,4.141453373503967,4.21567289824467,51900
2019-06-27,4.218087673187256,4.23301894249454,4.143431326650839,4.143431326650839,20400
2019-06-28,4.218087673187256,4.255415668460694,4.165828052616994,4.165828052616994,17000
2019-07-02,4.247951507568359,4.270348240366262,4.218088959844722,4.218088959844722,17600
2019-07-03,4.277812480926514,4.29274374929317,4.247949944193201,4.247949944193201,41500
2019-07-04,4.255416393280029,4.32260729460211,4.240485121429523,4.315141836671658,11300
2019-07-05,4.24048376083374,4.285277562012783,4.24048376083374,4.270346294953102,17400
2019-07-08,4.225553035736084,4.262881386167699,4.188225041294002,4.21808757924348,24400
2019-07-09,4.165829658508301,4.233020574287363,4.15836419897156,4.218089299224203,15200
2019-07-10,4.143430709838867,4.173293244007946,4.121033631217314,4.173293244007946,35800
2019-07-11,4.106102466583252,4.233018417963235,4.061308664211992,4.233018417963235,36000
2019-07-12,4.098637580871582,4.150897206773232,4.053843768379986,4.1135692076916905,139300
2019-07-15,4.061310291290283,4.083707023453943,4.0389132031369845,4.083707023453943,18100
2019-07-16,4.053842067718506,4.135964200829472,4.038910803151915,4.053842067718506,36300
2019-07-17,4.053842067718506,4.150895465396063,4.023979538585324,4.150895465396063,34400
2019-07-18,4.098637580871582,4.173294291013819,3.9866532276373805,4.173294291013819,34400
2019-07-19,4.106102466583252,4.1583620806778026,4.0239803175745275,4.0239803175745275,56100
2019-07-22,4.106102466583252,4.1284995457636295,4.061308664211992,4.106102466583252,63900
2019-07-23,4.076239585876465,4.121033384447809,4.068773774786508,4.076239585876465,47800
2019-07-24,4.053842067718506,4.1061016716962895,4.023979538585324,4.053842067718506,78800
2019-07-25,4.061310291290283,4.106104111607242,4.0389132031369845,4.106104111607242,17500
2019-07-26,4.098637580871582,4.098637580871582,4.046378310959509,4.08370631004105,10000
2019-07-29,4.098637580871582,4.121034665112168,4.091172123451105,4.106103394281637,15100
2019-07-30,4.123423099517822,4.130934060627285,4.07835840728806,4.108401535441235,14000
2019-07-31,4.0783562660217285,4.130931891757084,4.070845666997907,4.130931891757084,10800
2019-08-01,3.9807183742523193,4.093379924464736,3.965696810347841,4.093379924464736,44300
2019-08-02,3.9281435012817383,4.018272902599975,3.905610971880977,4.018272902599975,27200
2019-08-06,3.9131200313568115,4.025781907285798,3.815479715008874,3.9957387881236985,54800
2019-08-07,3.8530333042144775,4.09337822701972,3.83801174653915,4.09337822701972,39100
2019-08-08,3.905609369277954,3.913120328710343,3.792947842930178,3.860544687110392,23100
2019-08-09,4.048314571380615,4.078357694281444,3.860544874179295,3.9281420797772983,23200
2019-08-12,3.8755664825439453,4.093379305282746,3.853034319166706,4.093379305282746,30400
2019-08-13,3.860544443130493,3.9056091224500435,3.84552288335731,3.8680554020882023,30000
2019-08-14,3.8229918479919434,3.9206318361849495,3.7478836688771597,3.845524015212506,234300
2019-08-15,3.8830771446228027,3.905609306271962,3.6652643385889196,3.785436822430441,122700
2019-08-16,3.792948007583618,3.9807177038374157,3.792948007583618,3.9206311001966907,73200
2019-08-19,3.8455231189727783,3.898098760471351,3.8154799975856672,3.8455231189727783,34100
2019-08-20,3.9356536865234375,3.9431646482379414,3.8305027295169554,3.8455242948035955,26300
2019-08-21,4.093378067016602,4.168486210599577,3.9882271673994762,3.9882271673994762,47100
2019-08-22,4.055824279785156,4.108399549568795,4.025781166153887,4.055824279785156,19000
2019-08-23,4.033292293548584,4.078356969895571,4.010760134446197,4.033292293548584,34100
2019-08-26,3.9506752490997314,4.003250543729588,3.883078032412963,3.9957399408434657,47100
2019-08-27,3.905609369277954,3.9957390917553357,3.8755662478329125,3.8755662478329125,110700
2019-08-28,3.943162679672241,3.943162679672241,3.8680548907354932,3.9281411218848916,18600
2019-08-29,4.073923110961914,4.1117147505969776,3.8849656336021696,3.8849656336021696,29800
2019-08-30,4.081480503082275,4.149504931855057,4.051247343537107,4.051247343537107,89400
2019-09-03,4.081480503082275,4.172179981717779,3.9907810244467714,4.172179981717779,81000
2019-09-04,4.0588059425354,4.194855537298023,4.005898087156811,4.119272268915351,20000
2019-09-05,4.24020528793335,4.262879980153249,4.051247837531425,4.051247837531425,77500
2019-09-06,4.2704362869262695,4.315786008790759,4.179736843197291,4.179736843197291,49500
2019-09-09,4.3006696701049805,4.315786244886766,4.232644903383161,4.232644903383161,48000
2019-09-10,4.391371250152588,4.497187324983034,4.270438593203507,4.300671757440777,89100
2019-09-11,4.406487941741943,4.482070854212831,4.330905029271055,4.330905029271055,54500
2019-09-12,4.3082275390625,4.421602023860471,4.2931109651166075,4.421602023860471,30500
2019-09-13,4.429162979125977,4.459396144001286,4.308229959216982,4.323346541654637,47800
2019-09-16,4.504744529724121,4.534977685461252,4.338461812762261,4.497186060586016,57600
2019-09-17,4.49718713760376,4.572770405455438,4.459395864085653,4.534978771529599,49800
2019-09-18,4.49718713760376,4.565211934507178,4.466953974626181,4.5500953530183885,102500
2019-09-19,4.482069492340088,4.497186070241107,4.459394805692383,4.459394805692383,52300
2019-09-20,4.436721324920654,4.474512963218504,4.383813463792992,4.436721324920654,42300
2019-09-23,4.398928642272949,4.482069643325462,4.346020437633265,4.383812063862705,66600
2019-09-24,4.346022605895996,4.504746938596129,4.346022605895996,4.414047422884007,102900
2019-09-25,4.391371250152588,4.459396049890319,4.353579975059874,4.353579975059874,20000
2019-09-26,4.346022605895996,4.429164008836027,4.330906019943976,4.429164008836027,27800
2019-09-27,4.287487030029297,4.3330985517597185,4.249477609831355,4.325496812715391,19700
2019-09-30,4.317893981933594,4.371107596209245,4.2722824679065035,4.333097819942624,40900
2019-10-01,4.295089244842529,4.3711084497315325,4.295089244842529,4.340700767775931,138100
2019-10-02,4.295089244842529,4.34830250702075,4.257079461153947,4.287487143109548,77000
2019-10-03,4.295089244842529,4.333098666042949,4.295089244842529,4.295089244842529,23600
2019-10-04,4.340698719024658,4.378708484773144,4.29508721761927,4.29508721761927,55200
2019-10-07,4.409116744995117,4.447126153364361,4.378709073304505,4.424320580840423,108900
2019-10-08,4.409116744995117,4.439524416685728,4.401514645828445,4.409116744995117,17200
2019-10-09,4.4623308181762695,4.553553850194594,4.439525241415741,4.447126979506549,117700
2019-10-10,4.507942199707031,4.5535537143555365,4.439525108978322,4.45472894719449,16100
2019-10-11,4.523146152496338,4.5611559302436095,4.507942313895049,4.515544414439747,35500
2019-10-15,4.6751837730407715,4.713193179129612,4.515543324998792,4.515543324998792,86800
2019-10-16,4.5611572265625,4.789215232885908,4.5535551238572225,4.713195655785967,90400
2019-10-17,4.599165916442871,4.644777434314025,4.515544619101695,4.576359976263234,23800
2019-10-18,4.599165916442871,4.6599812736044095,4.561156136972849,4.6599812736044095,29200
2019-10-21,4.6827874183654785,4.705593361306838,4.591564371576371,4.599166473386213,22500
2019-10-22,4.78161096572876,4.827222473849219,4.675184113447687,4.69038794948784,82100
2019-10-23,4.774008274078369,4.789212107077525,4.751202343335651,4.789212107077525,86000
2019-10-24,4.796816349029541,4.834826132634379,4.736000985252329,4.736000985252329,64500
2019-10-25,4.789212703704834,4.895639547957292,4.7740088688116264,4.789212703704834,32200
2019-10-28,4.6827874183654785,4.789214668774269,4.6751856790438024,4.789214668774269,28600
2019-10-29,4.697989463806152,4.697989463806152,4.6371741225252485,4.6675817931657,12100
2019-10-30,4.646783828735352,4.6620692874706355,4.585641993794216,4.654426740320035,43900
2019-10-31,4.700284004211426,4.707926552805382,4.585642859828874,4.623856696101108,27500
2019-11-01,4.76142692565918,4.791997855805127,4.677356685540708,4.76142692565918,38900
2019-11-04,4.791996479034424,4.822567400397153,4.730854636308965,4.730854636308965,12000
2019-11-05,4.6773552894592285,4.791996425505941,4.662069828948608,4.776710964995321,24900
2019-11-06,4.876065254211426,4.96013508090078,4.807280519252844,4.876065254211426,52800
2019-11-07,5.227631568908691,5.2352741154443425,4.898993685892445,4.898993685892445,173200
2019-11-08,5.197059154510498,5.204701698841223,5.097703527173439,5.181773701415101,62100
2019-11-11,5.189417362213135,5.212345729006085,5.128275536677302,5.128275536677302,54300
2019-11-12,4.906637191772461,5.174132912766023,4.898994279876083,5.143561994048707,45900
2019-11-13,5.097705364227295,5.128276281434895,4.853137662132419,4.906636949462758,27700
2019-11-14,5.11298942565918,5.189416697793716,5.051847607951551,5.120631970655643,52700
2019-11-15,5.097705364227295,5.166490110161433,5.059491535500756,5.059491535500756,17100
2019-11-18,4.983062744140625,5.158845647445766,4.952491836125294,5.067132923399772,35700
2019-11-19,5.036562919616699,5.0900618360313965,4.921921811760291,5.036562919616699,31500
2019-11-20,5.021277904510498,5.097705194992242,4.944850249594686,5.021277904510498,33600
2019-11-21,5.059492111206055,5.120633952578411,5.013635730176787,5.028921190519876,37400
2019-11-22,5.05185079574585,5.059493345564878,4.983066025203546,5.05185079574585,29700
2019-11-25,5.005993366241455,5.128277053481288,5.005993366241455,5.128277053481288,46500
2019-11-26,5.097705364227295,5.105347911312155,4.967778783877957,4.990707154000697,16200
2019-11-27,5.11298942565918,5.158845788939901,5.036562153524644,5.036562153524644,28800
2019-11-28,5.115293979644775,5.1767388951825195,5.046168632785107,5.046168632785107,17100
2019-11-29,5.122975826263428,5.176739955248197,5.1152950271280835,5.1152950271280835,31400
2019-12-02,5.115293979644775,5.122974777207286,5.046168632785107,5.046168632785107,5000
2019-12-03,5.0768938064575195,5.107616280661495,5.030810095151557,5.107616280661495,21500
2019-12-04,5.01544713973999,5.099933731735133,4.992405108860898,5.076892067096697,36700
2019-12-05,5.0077691078186035,5.0615336320844495,4.992407867491341,5.0077691078186035,38500
2019-12-06,5.061531066894531,5.084572732587453,4.992405337334424,5.000086136725846,22000
2019-12-09,5.061531066894531,5.099933965129623,5.038489034960938,5.038489034960938,19600
2019-12-10,5.061531066894531,5.138337229605388,5.038489034960938,5.038489034960938,23500
2019-12-11,5.092253684997559,5.138337384008856,5.046169985986261,5.084572885375334,31200
2019-12-12,5.107614517211914,5.11529494999078,5.0538500227972385,5.076892053615144,12100
2019-12-13,5.0768938064575195,5.115296716092098,5.061532569355532,5.107616280661495,17700
2019-12-16,5.115293979644775,5.130655208529212,5.0692102929914675,5.0692102929914675,25800
2019-12-17,5.1383376121521,5.184421313209523,5.076892677408869,5.1076151447804845,16600
2019-12-18,5.0999345779418945,5.130657046717873,5.076892909480268,5.107615378256248,48700
2019-12-19,5.107614517211914,5.14601741358755,5.030808358219988,5.107614517211914,30200
2019-12-20,5.184420585632324,5.192101384517661,5.069211166036809,5.069211166036809,28500
2019-12-23,5.238185405731201,5.238185405731201,5.146017644563343,5.146017644563343,60200
2019-12-24,5.514686584472656,5.54540904384371,5.222823220447643,5.276587341226685,64000
2019-12-27,5.3457136154174805,5.56077085344242,5.284268690267498,5.514687159579933,86300
2019-12-30,5.463787078857422,5.517807705631812,5.363463215413018,5.4020494299640704,28700
2019-12-31,5.517808437347412,5.517808437347412,5.386615732058892,5.386615732058892,18500
2020-01-02,5.432919502258301,5.494657165331724,5.417485086489944,5.417485086489944,24100
2020-01-03,5.402049541473389,5.47150458190481,5.378897738667774,5.409766931737067,44400
2020-01-06,5.386615753173828,5.471505215984828,5.348029533354611,5.378898362015799,42100
2020-01-07,5.50237512588501,5.540960985301041,5.3943338363548365,5.463788898483442,44800
2020-01-08,5.432919502258301,5.54867780451372,5.425202478366872,5.517808972977008,18400
2020-01-09,5.471505165100098,5.494656602387949,5.425201922538934,5.471505165100098,25800
2020-01-10,5.471505165100098,5.525525430762059,5.440636336725989,5.440636336725989,14500
2020-01-13,5.594978332519531,5.6335645371793115,5.440634249851051,5.471503066384748,61900
2020-01-14,5.378897190093994,5.633565523041387,5.309442524731419,5.633565523041387,58400
2020-01-15,5.3943328857421875,5.479222350274726,5.363464056454987,5.479222350274726,12700
2020-01-16,5.425200939178467,5.463786783659384,5.216836201428249,5.456069761957359,65200
2020-01-17,5.479221343994141,5.564110792936396,5.432918108567111,5.432918108567111,44500
2020-01-20,5.50237512588501,5.5100921505740015,5.448354481119923,5.448354481119923,23400
2020-01-21,5.471505165100098,5.502373993474207,5.409767508351879,5.4637877740138405,27300
2020-01-22,5.463787078857422,5.517807705631812,5.432918254410747,5.4406356445151225,19100
2020-01-23,5.425200939178467,5.471504173346805,5.409766527789021,5.432917960880492,14900
2020-01-24,5.355745792388916,5.409766415119584,5.340311381320923,5.402049025592895,19900
2020-01-27,5.185966968536377,5.332594059537703,5.016188444631648,5.070209068048575,89500
2020-01-28,5.2477030754089355,5.270854499902845,5.108793056504449,5.108793056504449,26100
2020-01-29,5.216838359832764,5.247707195383268,5.185969156296713,5.247707195383268,20700
2020-01-30,5.118345737457275,5.195896357611524,5.079570612275414,5.195896357611524,27900
2020-01-31,5.056306838989258,5.1338574836474,5.056306838989258,5.071816967920887,20300
2020-02-03,5.056306838989258,5.2734490138227,5.025286581126001,5.2734490138227,24200
2020-02-04,5.195898532867432,5.195898532867432,5.048552477783394,5.087327619198416,26700
2020-02-05,5.102838039398193,5.29671486685126,5.07181777658896,5.250184472637408,41700
2020-02-06,4.986509799957275,5.126101294469997,4.986509799957275,5.048550669624345,54500
2020-02-07,5.009775161743164,5.0640607839159335,4.963244786933882,4.986509789443249,23400
2020-02-10,5.040796756744385,5.071817014894944,5.017531378236142,5.033041507311421,11300
2020-02-11,5.033042907714844,5.095083811068989,5.017532774323994,5.017532774323994,20500
2020-02-12,5.118345737457275,5.126100984367963,5.017529746361488,5.025284993272177,46500
2020-02-13,5.087327480316162,5.141613120564031,5.033041840068293,5.056307220114714,13800
2020-02-14,5.281204700469971,5.288959951016269,5.09508312484722,5.09508312484722,24500
2020-02-18,5.172633171081543,5.312224336329427,5.141612912137569,5.195898180394196,41400
2020-02-19,5.219161510467529,5.2346716338502794,5.118345523584394,5.133855646967144,26000
2020-02-20,5.242427825927734,5.312223208842707,5.164876825236866,5.164876825236866,24900
2020-02-21,5.180388927459717,5.242429825635829,5.079573253728811,5.242429825635829,21100
2020-02-24,5.079572677612305,5.1183478185600055,4.994266775862279,5.1183478185600055,29800
2020-02-25,4.862429618835449,5.095081902331937,4.846919491255058,5.095081902331937,72500
2020-02-26,4.877939701080322,5.226917753291044,4.84691944620784,5.048551472669578,69500
2020-02-27,4.693175315856934,4.8101149748577745,4.443704068104534,4.8101149748577745,52800
2020-02-28,4.568439960479736,4.646399610643362,4.318968708215196,4.646399610643362,35700
2020-03-02,4.599623680114746,4.638603318136011,4.4982759521257965,4.638603318136011,29400
2020-03-03,4.467092037200928,4.778930996179568,4.443703957287639,4.778930996179568,93000
2020-03-04,4.435909748077393,4.5138694224720375,4.412521659888474,4.506073640903098,32600
2020-03-05,4.3657426834106445,4.5216622906607835,4.350150759859709,4.5216622906607835,25100
2020-03-06,4.248805046081543,4.342357002618127,4.202029253683728,4.318968920548742,56300
2020-03-09,3.86680269241333,4.085089731324827,3.3678605174460845,3.5939437079034757,61200
2020-03-10,3.975945472717285,4.3501521273107295,3.7030865389335212,4.3501521273107295,57500
2020-03-11,4.0227227210998535,4.092886610523094,3.8044356433802666,3.9057834010491623,159800
2020-03-12,3.9057819843292236,4.014925483600076,3.664106535475275,3.9603535480942016,129800
2020-03-13,4.248805046081543,4.911463034402973,3.952558360895381,3.952558360895381,116700
2020-03-16,3.8044328689575195,4.014924011983325,3.625125571436221,3.6719013396929823,100300
2020-03-17,3.843414545059204,3.93696650333615,3.6874952341658944,3.804434903206357,67200
2020-03-18,3.7732508182525635,3.8979862596027512,3.508187633642476,3.8979862596027512,79900
2020-03-19,3.843414545059204,3.8979864897423426,3.625127509808571,3.7030871652552255,52200
2020-03-20,3.820028066635132,4.077295198473841,3.6797002698205046,3.9525597095195772,122800
2020-03-23,3.4847986698150635,3.7498617872843374,3.3912471124991472,3.7498617872843374,123900
2020-03-24,3.6641056537628174,3.827821049143873,3.461410632463915,3.6874937267061716,31500
2020-03-25,3.6251280307769775,3.820027383273148,3.5081883449310722,3.6641076782316033,114100
2020-03-26,3.671902656555176,3.8044342333497916,3.586146864792619,3.7030865132432154,38100
2020-03-27,3.5003907680511475,3.6563104096474137,3.461411136457728,3.6563104096474137,55400
2020-03-30,3.4870407581329346,3.542016760050451,3.463479507455892,3.534162884993645,26200
2020-03-31,3.5812840461730957,3.714796890190504,3.455625075094723,3.557723176342538,77700
2020-04-01,3.2592825889587402,3.5027470209734357,3.2043066045064195,3.4870396503432377,90200
2020-04-02,3.3064048290252686,3.369234313981705,3.1414772437679876,3.2985509561590787,99700
2020-04-03,3.1885998249053955,3.322112687256244,3.110062957197051,3.282844066155409,65900
2020-04-06,3.361382007598877,3.3770893844080274,3.1807469870469425,3.290698624710997,40200
2020-04-07,3.4948930740356445,3.6912353899813155,3.4634783334437973,3.4634783334437973,38300
2020-04-08,3.6362617015838623,3.683383837357894,3.400650648220257,3.6284078250414673,24900
2020-04-09,3.840456485748291,3.8404564857482906,3.5577237548480496,3.6441141242653448,99400
2020-04-13,3.9896774291992188,4.0760681883493,3.7383594018439297,3.864018415521574,73500
2020-04-14,4.146751403808594,4.405923296329122,3.9975311438284815,3.9975311438284815,68300
2020-04-15,3.9032859802246094,4.044652720121732,3.9032859802246094,4.028945346187978,171400
2020-04-16,4.060361862182617,4.170313527598502,3.848312034490948,4.091776623730013,37400
2020-04-17,3.966115951538086,4.083921071797096,3.9111399541220955,4.083921071797096,67700
2020-04-20,3.9975318908691406,4.044654027906719,3.7854820869533126,3.8326042239908906,19200
2020-04-21,3.8247478008270264,3.9661144923151985,3.8090404322720306,3.9582606207910973,49700
2020-04-22,3.7069430351257324,3.9425539815270327,3.667674793721033,3.911139238605963,58100
2020-04-23,3.651968240737915,3.816895865283672,3.604846115795321,3.785481115321943,70100
2020-04-24,3.6912360191345215,3.7305046388140997,3.612699154268676,3.7305046388140997,41700
2020-04-27,3.8797247409820557,3.911139485889336,3.699089770518547,3.738358388899296,35300
2020-04-28,3.9504079818725586,3.9896762245433406,3.864017248807578,3.9896762245433406,20000
2020-04-29,4.174135208129883,4.189946310635562,4.023929545842722,4.031834908612352,88900
2020-04-30,4.09507942199707,4.2373797251063365,3.984401701663752,4.2373797251063365,34300
2020-05-01,3.9211583137512207,4.087175126076833,3.8104805645229884,4.087175126076833,40900
2020-05-04,3.9211583137512207,3.9764973768486005,3.8500081436212366,3.8500081436212366,16900
2020-05-05,3.9606857299804688,4.071363464123492,3.9606857299804688,3.9764968348580436,18800
2020-05-06,4.023929595947266,4.023929595947266,3.8816292946578623,3.960685185137052,6500
2020-05-07,4.031834602355957,4.110890108879331,4.023929240186814,4.071362544100839,33700
2020-05-08,4.023929595947266,4.071362904054926,3.992307390542159,4.008118493244712,23400
2020-05-11,4.1187968254089355,4.1187968254089355,4.016024454057382,4.039741300125617,17000
2020-05-12,4.134607315063477,4.213662828580035,4.102985109656853,4.150418417766788,12300
2020-05-13,4.071364402770996,4.189947905175309,4.008119968679779,4.150419945385017,73000
2020-05-14,4.197854042053223,4.197854042053223,4.016026072157887,4.063459406439283,72800
2020-05-15,4.158326148986816,4.3796816928383695,4.142514661745102,4.3796816928383695,48400
2020-05-19,4.284814357757568,4.300625465547699,4.189947711016781,4.269003249967437,41800
2020-05-20,4.387585163116455,4.450829571448026,4.3243403778184755,4.3480572194260185,67300
2020-05-21,4.537790298461914,4.593129342455253,4.411301485867306,4.427112587441632,98300
2020-05-22,4.648468971252441,4.664280074815895,4.3480576265803945,4.466641091789513,70200
2020-05-25,4.616847515106201,4.7670532118748215,4.6010364089708995,4.664280833512107,17000
2020-05-26,4.680092811584473,4.695903920665505,4.616848375260344,4.695903920665505,37100
2020-05-27,4.648468971252441,4.703807645241304,4.529885506043324,4.703807645241304,8500
2020-05-28,4.587254047393799,4.7224071740167615,4.539553010778778,4.65085542954716,29600
2020-05-29,4.523651599884033,4.603153308852442,4.436199530471758,4.603153308852442,21100
2020-06-01,4.571351051330566,4.658803090632753,4.531600020985776,4.531600020985776,36700
2020-06-02,4.9688615798950195,5.048363289354529,4.770107116699219,4.770107116699219,134000
2020-06-03,5.167616367340088,5.350470500117423,4.9688618916731615,4.9688618916731615,148700
2020-06-04,5.111964225769043,5.215316628896487,5.064263204116535,5.119914585591472,36300
2020-06-05,5.072213649749756,5.191466395445533,5.032462608153154,5.191466395445533,56100
2020-06-08,5.064264297485352,5.159666361387563,4.913210840093131,5.056314315040552,41600
2020-06-09,5.0324625968933105,5.072213638400972,4.960910873817132,5.048362937677569,26500
2020-06-10,5.0324625968933105,5.048362937677569,4.881409169895837,5.048362937677569,45100
2020-06-11,4.7462568283081055,4.9688620133055945,4.666755111914034,4.857559610353893,68900
2020-06-12,4.889358997344971,5.000661370713072,4.730355227725126,5.000661370713072,26200
2020-06-15,4.929111480712891,4.929111480712891,4.738307341425792,4.738307341425792,20000
2020-06-16,4.849607944488525,5.048362371550301,4.825757625533744,5.008611713594337,56200
2020-06-17,4.865509510040283,4.976812290200963,4.84960916703077,4.84960916703077,28400
2020-06-18,4.9688615798950195,4.9688615798950195,4.873459528543608,4.952961238003118,19300
2020-06-19,5.167616367340088,5.167616367340088,4.9688618916731615,4.9688618916731615,90600
2020-06-22,5.072213649749756,5.159665334711835,4.976811604830745,5.064263289792824,40500
2020-06-23,5.0324625968933105,5.207366724614187,5.024512616048195,5.151715342322267,30300
2020-06-24,4.92116117477417,4.929111157175581,4.770107718206344,4.8973104693817335,48700
2020-06-25,4.849607944488525,4.905259320539657,4.825757625533744,4.841657964534926,35900
2020-06-26,4.7939581871032715,4.849609198450079,4.730356435559076,4.817808512225023,21000
2020-06-29,4.732406139373779,4.9242602568823255,4.708424184095087,4.9242602568823255,22100
2020-06-30,4.756384372711182,4.788360036503729,4.732402815456761,4.780366311145582,11200
2020-07-02,4.820339202880859,4.868302729628402,4.732405879920251,4.764381564418613,30900
2020-07-03,4.868300914764404,5.020185550100347,4.8043495696082354,4.876294642318883,34100
2020-07-06,4.916264533996582,5.1400942470679185,4.852313187404772,5.1400942470679185,33500
2020-07-07,4.916264533996582,4.956233935026417,4.860306915138701,4.876294751786654,20100
2020-07-08,4.916264533996582,4.988209608322323,4.876294751786654,4.948240207292487,15100
2020-07-09,4.796355247497559,4.932252040498801,4.7883611391186305,4.932252040498801,20500
2020-07-10,4.804349899291992,4.860307139553491,4.756386005953406,4.804349899291992,28000
2020-07-13,4.844319820404053,4.90027744783191,4.748392785824999,4.772374353879687,12800
2020-07-14,4.900277137756348,4.9082708662087065,4.852313623501815,4.868301461586659,20600
2020-07-15,5.01219367980957,5.020187792114301,4.940248193788012,4.940248193788012,26000
2020-07-16,5.100125312805176,5.108119041270697,4.98021633638133,5.00419828413815,40000
2020-07-17,5.267998218536377,5.347937415389248,5.100125714555268,5.100125714555268,45800
2020-07-20,5.387905120849609,5.395899228599137,5.2200330510899375,5.2200330510899375,79300
2020-07-21,5.411887168884277,5.443862838148405,5.35592955708203,5.387905226346159,30800
2020-07-22,5.260002613067627,5.451857012158691,5.260002613067627,5.355929622023134,35500
2020-07-23,5.1880574226379395,5.355929887211993,5.132100188566634,5.260002873506839,20700
2020-07-24,5.140094757080078,5.260003734427417,5.116113190318689,5.260003734427417,18800
2020-07-27,5.148089408874512,5.267998398848113,5.116113729038908,5.164077248792314,31700
2020-07-28,5.228028297424316,5.236022407497697,5.156082831484484,5.156082831484484,16000
2020-07-29,5.339945316314697,5.395902965777296,5.260006089354056,5.283988048032399,82300
2020-07-30,5.366455078125,5.438757741043995,5.262018366553016,5.3744888775927295,79400
2020-07-31,5.511058807373047,5.58336106627296,5.382520734636198,5.382520734636198,74300
2020-08-04,5.5833611488342285,5.6636975891348955,5.5351595144973516,5.591394946093311,57600
2020-08-05,5.607463836669922,5.663699285105345,5.51909395572073,5.51909395572073,49200
2020-08-06,5.511058807373047,5.58336106627296,5.462857173748929,5.575327652205206,36500
2020-08-07,5.438755512237549,5.503024349351392,5.430722099134561,5.486957140072931,72200
2020-08-10,5.37448787689209,5.583361644217534,5.358420664020902,5.446790526348721,43900
2020-08-11,5.2941508293151855,5.406621298525671,5.270049822948117,5.358419668864035,62300
2020-08-12,5.503025531768799,5.719933095170494,5.342353404461087,5.703865882439723,156700
2020-08-13,5.462856769561768,5.575327239696553,5.454822973015888,5.575327239696553,65100
2020-08-14,5.358418941497803,5.503023810853658,5.358418941497803,5.422687772322627,56400
2020-08-17,5.382518291473389,5.527123509780955,5.3664510875583655,5.374484881052056,35200
2020-08-18,5.382518291473389,5.430720286290816,5.358417677137034,5.358417677137034,37000
2020-08-19,5.342354774475098,5.406623641879538,5.318253757662099,5.318253757662099,31100
2020-08-20,5.382518291473389,5.398585495388412,5.3262832693069875,5.358417677137034,32300
2020-08-21,5.470890045166016,5.543192679966853,5.358419577865542,5.390553997094249,143400
2020-08-24,5.4789252281188965,5.559261296522161,5.406622575019663,5.494992441799549,94900
2020-08-25,5.37448787689209,5.486958366990406,5.342353451149714,5.45482394124803,30900
2020-08-26,5.398587703704834,5.422688710972172,5.326285448047848,5.406621500484785,47700
2020-08-27,5.543193817138672,5.623529881691174,5.406622315863132,5.406622315863132,78600
2020-08-28,5.561758995056152,5.585975822340398,5.481036878964351,5.585975822340398,49900
2020-08-31,5.513325214385986,5.569830882869597,5.424530702458421,5.537542039425641,39100
2020-09-01,5.472964763641357,5.569831301249387,5.448747936782647,5.513325628521334,39900
2020-09-02,5.489109516143799,5.5294703834470535,5.456820668335824,5.497181535639078,23700
2020-09-03,5.392244338989258,5.513327750048872,5.327666622401077,5.481038891754782,44700
2020-09-04,5.238870620727539,5.392242847663276,5.222726196045538,5.392242847663276,55400
2020-09-08,5.230798721313477,5.2469431463672995,5.17429304116837,5.1985098712058315,32600
2020-09-09,5.368027210235596,5.376099231333585,5.25501622046921,5.271160647578694,45000
2020-09-10,5.408387184143066,5.432604013227853,5.311520637630797,5.311520637630797,34400
2020-09-11,5.400314807891846,5.505253752142709,5.359953557052771,5.408386827111612,90300
2020-09-14,5.368027210235596,5.464893772892498,5.327665950005135,5.464893772892498,69600
2020-09-15,5.432602405548096,5.481035664471289,5.327663485424513,5.368024726983838,124500
2020-09-16,5.351881980895996,5.448748529032909,5.34380957609453,5.432604104343424,32700
2020-09-17,5.303448677062988,5.384170800057379,5.28730425246411,5.35995397070234,41300
2020-09-18,5.303448677062988,5.327665121504583,5.206581744556274,5.303448677062988,56300
2020-09-21,5.037064552307129,5.3034481069215085,5.012848110468896,5.263086857306583,78800
2020-09-22,4.996703147888184,5.045136411246547,4.972486323752321,5.045136411246547,17400
2020-09-23,4.827186107635498,5.0047747242757366,4.827186107635498,5.0047747242757366,30200
2020-09-24,4.8917646408081055,4.907909063322453,4.778753683207671,4.811042528236366,20700
2020-09-25,4.940199375152588,4.9563438024604,4.891766093229152,4.932127353955437,51200
2020-09-28,5.061282634735107,5.1742936228155365,4.924054813894979,4.924054813894979,73600
2020-09-29,5.169211387634277,5.201671083400419,5.047487335036197,5.16109665716779,58100
2020-09-30,5.217900276184082,5.226015392581825,5.17732585504551,5.209785546736387,27900
2020-10-01,5.217900276184082,5.315279738206761,5.169210738647767,5.242245238427263,88400
2020-10-02,5.258471488952637,5.290931158450201,5.136747534861878,5.193552149957507,69200
2020-10-05,5.226014614105225,5.27470414438866,5.217899498916324,5.27470414438866,36800
2020-10-06,5.226014614105225,5.299049103005372,5.193554927249601,5.290933987816471,26600
2020-10-07,5.209784507751465,5.274703878186379,5.136750022537202,5.274703878186379,40700
2020-10-08,5.290933132171631,5.372082336187314,5.209783928155947,5.258473450565357,219400
2020-10-09,5.347739219665527,5.372083794001619,5.258474877549781,5.274704722757186,197400
2020-10-13,5.477577209472656,5.599301224850933,5.355853194094379,5.388312879935256,105700
2020-10-14,5.469463348388672,5.550612968544047,5.428888925261051,5.469463348388672,65000
2020-10-15,5.469463348388672,5.501923428620862,5.363969538696804,5.363969538696804,27700
2020-10-16,5.461348533630371,5.672336536683742,5.43700357057226,5.501923343077204,121100
2020-10-19,5.477577209472656,5.574956266995287,5.437002408696571,5.477577209472656,36100
2020-10-20,5.550612449645996,5.558727178732889,5.437003146829244,5.445118262866167,33600
2020-10-21,5.445117950439453,5.574956703980183,5.428888106246863,5.566841975358892,45600
2020-10-22,5.380197525024414,5.501921526218845,5.355852570005555,5.420771934122603,48000
2020-10-23,5.355853080749512,5.420772451057389,5.307163553018603,5.339623238172542,32700
2020-10-26,5.201669692993164,5.404542930778544,5.201669692993164,5.404542930778544,36700
2020-10-27,5.209784507751465,5.274703878186379,5.209784507751465,5.217899235580844,32300
2020-10-28,5.079946517944336,5.217900007039765,5.0069120219320284,5.193555433002348,68800
2020-10-29,5.1721296310424805,5.221077182216315,5.017128857825058,5.115023960172727,64000
2020-10-30,5.204761505126953,5.327130581636318,5.1068663995196895,5.163971683290308,64100
2020-11-02,5.155815124511719,5.261867985197371,5.106867560579727,5.253710252375702,36400
2020-11-03,5.212920665740967,5.278184087377681,5.196604810331788,5.212920665740967,26800
2020-11-04,5.1721296310424805,5.261866613694232,5.155813780651202,5.229234912911676,30000
2020-11-05,5.245551586151123,5.2618674391018025,5.221078001225413,5.253709707126772,32900
2020-11-06,5.1721296310424805,5.343446254651181,5.155813780651202,5.245550763302954,43000
2020-11-09,5.245551586151123,5.367920677781527,5.196604027299085,5.2373938541760925,38700
2020-11-10,5.286341190338135,5.36792045165496,5.245551365179421,5.302657042601499,101000
2020-11-11,5.522922992706299,5.645292117956953,5.392396133239321,5.392396133239321,181600
2020-11-12,5.376078128814697,5.531078907030966,5.343446426979753,5.531078907030966,119700
2020-11-13,5.4902873039245605,5.522918995172219,5.4658133409885945,5.498445032236253,79200
2020-11-16,5.596343040466309,5.645290599601506,5.433184121015028,5.506605654218135,144200
2020-11-17,5.514763355255127,5.645290169675171,5.449499559044514,5.645290169675171,106400
2020-11-18,5.522922992706299,5.522922992706299,5.425027848106065,5.506607135272927,77700
2020-11-19,5.637133598327637,5.6616075772570085,5.425027466609441,5.555554316897561,216500
2020-11-20,5.604500770568848,5.645290597667851,5.5066056523319835,5.645290597667851,114300
2020-11-23,5.922660827636719,5.930818560123487,5.59634335915249,5.59634335915249,282400
2020-11-24,5.963449001312256,6.012396552837323,5.881869748770476,5.9960807023289675,121700
2020-11-25,5.979764938354492,6.004238908971472,5.914501535376633,5.971607207482543,109100
2020-11-26,6.0123982429504395,6.0123982429504395,5.914503112381526,5.947134822571164,75300
2020-11-27,6.064025402069092,6.12958237007789,5.932911075301144,6.055830585692816,109600
2020-11-30,5.924713134765625,6.023048528440129,5.900129090971939,5.965686410838395,90700
2020-12-01,5.924713134765625,6.023048528440129,5.883739858692855,5.965686410838395,120100
2020-12-02,5.875547409057617,5.941104360167006,5.875547409057617,5.924715122389659,107300
2020-12-03,5.891936779022217,5.998467022340135,5.891936779022217,5.94110449345735,86000
2020-12-04,5.998466968536377,6.006661392160269,5.932909625793962,5.990272154162229,114300
2020-12-07,5.9820780754089355,6.023050977391021,5.900131489944209,5.998467314351825,70700
2020-12-08,6.014855861663818,6.064023572838835,5.932909285621891,5.99846662460548,108600
2020-12-09,6.236111640930176,6.268890119691283,6.047635192678664,6.064024432059218,153200
2020-12-10,6.457366943359375,6.4655613681509125,6.2525012438168845,6.260695668608422,103900
2020-12-11,6.613063335418701,6.637647777599044,6.432781724348838,6.449170961718826,142100
2020-12-14,6.457366943359375,6.703205939110489,6.416393647150752,6.6786214924849405,125700
2020-12-15,6.604869842529297,6.629453505217838,6.4573663033969595,6.4573663033969595,69900
2020-12-16,6.596673965454102,6.678619755052656,6.522922207765107,6.580284338634138,105700
2020-12-17,6.514730930328369,6.621261217977867,6.481952440397819,6.613066400120019,68100
2020-12-18,6.645843982696533,6.645843982696533,6.514730040875259,6.5229248576142735,86100
2020-12-21,6.3836140632629395,6.555701252398418,6.309862299133379,6.555701252398418,131200
2020-12-22,6.40000581741333,6.53111976897865,6.318059597685005,6.391811390815697,47000
2020-12-23,6.440978527069092,6.51472992262975,6.391810799778532,6.432783710478818,37200
2020-12-24,6.359030723571777,6.53111753064886,6.350835909032254,6.457366153544471,53400
2020-12-29,6.572091102600098,6.572091102600098,6.375419855196103,6.4081983313050594,150700
2020-12-30,6.500504016876221,6.599246147049205,6.434676191670756,6.599246147049205,94700
2020-12-31,6.5827860832214355,6.640385210336262,6.4922726647150455,6.4922726647150455,151600
2021-01-04,6.451133728027344,6.5827893902761225,6.409991137392188,6.541646799640968,135700
2021-01-05,6.500504016876221,6.541646211447242,6.41821923536939,6.451133147972122,110800
2021-01-06,6.599245071411133,6.706214681387414,6.500502957332531,6.541645145197618,76100
2021-01-07,6.6568427085876465,6.739127065723273,6.599243580119781,6.599243580119781,84000
2021-01-08,6.697984218597412,6.739125998283965,6.6074704199370435,6.6650703240106814,110700
2021-01-11,7.101181507110596,7.142324082439682,6.697985995290124,6.697985995290124,228600
2021-01-12,7.298666000366211,7.3562651434599236,7.117639113133794,7.117639113133794,187200
2021-01-13,7.158779621124268,7.306892557301144,7.1176370516607745,7.306892557301144,102400
2021-01-14,7.199925422668457,7.241068010601053,7.1505541602034235,7.241068010601053,101500
2021-01-15,7.109410285949707,7.199923325250282,7.0271251340551,7.199923325250282,79000
2021-01-18,7.199925422668457,7.2163827717333335,7.035355855667668,7.117640246803266,57200
2021-01-19,7.199925422668457,7.199925422668457,7.117640246803266,7.199925422668457,77300
2021-01-20,7.298666000366211,7.3644938166817315,7.1340964595774095,7.19992427589293,224300
2021-01-21,7.150551795959473,7.298664749653213,7.125866565253628,7.265750847135641,69500
2021-01-22,7.109410285949707,7.191694653114948,7.068267710002404,7.191694653114948,52400
2021-01-25,7.092953681945801,7.282209237163591,7.0764971206869856,7.12586758919288,63500
2021-01-26,7.092953681945801,7.16701016943409,7.0764971206869856,7.1423249351811435,61400
2021-01-27,6.994211673736572,7.117638624675451,6.7884995656854965,7.03535425229267,184200
2021-01-28,6.905823707580566,7.071035438078464,6.905823707580566,7.071035438078464,41600
2021-01-29,6.773653984069824,6.897562764211299,6.732351057355999,6.872780535510323,104800
2021-02-01,6.848001003265381,6.905824644108604,6.7653951268139005,6.773655872016653,53400
2021-02-02,6.9471259117126465,6.980168096789759,6.806696428187958,6.86452084291378,68900
2021-02-03,7.013209819793701,7.0214705624656695,6.9553861966654855,7.004949077121733,36800
2021-02-04,6.864522933959961,7.046254613348615,6.856262188227366,7.021473163938903,38400
2021-02-05,6.889303684234619,6.922345876023765,6.773655619078617,6.91408513112948,54600
2021-02-08,7.062774181365967,7.170161483280053,6.980168322112714,7.013210508256443,75900
2021-02-09,7.095818519592285,7.170163657910692,6.905825300802122,7.170163657910692,57000
2021-02-10,7.203203201293945,7.203203201293945,7.087555163412826,7.087555163412826,55800
2021-02-11,7.2114644050598145,7.277549572282437,7.145380025625136,7.203204448471438,52600
2021-02-12,7.1784210205078125,7.23624543372935,7.10407669685923,7.23624543372935,34200
2021-02-16,7.104077339172363,7.261027531449284,6.93886561535933,7.244506831740711,105700
2021-02-17,7.013209819793701,7.10407641360979,6.98016763689361,7.10407641360979,67000
2021-02-18,7.227987766265869,7.227987766265869,6.996692378326043,7.046255281847646,78000
2021-02-19,7.384934902191162,7.401456388268504,7.227984723395499,7.2692876508010364,147700
2021-02-22,7.170162677764893,7.384936529584605,7.13712048611663,7.351894337936343,79800
2021-02-23,7.120597839355469,7.2692880715056125,6.980168350722081,7.153640025634628,105500
2021-02-24,7.186682224273682,7.269288084007577,7.0627742224607015,7.079294921734763,121000
2021-02-25,7.048205852508545,7.214045832057148,6.990162057363384,7.214045832057148,122200
2021-02-26,7.122836112976074,7.32184414632418,6.998455499042785,7.0233320963020205,222000
2021-03-01,7.396470546722412,7.446222147492161,7.197462562068543,7.197462562068543,164500
2021-03-02,7.769611835479736,7.83594783992537,7.379887216270973,7.421347416746382,433300
2021-03-03,7.612062454223633,7.869114220790454,7.529142070357788,7.844238421945656,311900
2021-03-04,7.504268169403076,7.670108188289659,7.321843753234041,7.454515768343308,340900
2021-03-05,7.703276634216309,7.76132044646129,7.437932588767673,7.537436605810911,148000
2021-03-08,7.893991947174072,7.927159947339194,7.703275353133995,7.769611353464239,142100
2021-03-09,8.034955024719238,8.084707418316906,7.877407228103651,7.952035423106418,230700
2021-03-10,7.587184906005859,8.250545520759669,7.388176958815903,8.250545520759669,471900
2021-03-11,7.147711277008057,7.645232106448549,7.131127671113405,7.587187508848371,377000
2021-03-12,7.247215270996094,7.363303675188758,7.056499454237671,7.222339466807508,369000
2021-03-15,7.338428020477295,7.379887431373577,7.222339613920015,7.346719428184008,260700
2021-03-16,7.363302230834961,7.437930419549532,7.214045853405821,7.29696623881921,166300
2021-03-17,7.346720218658447,7.404764823576215,7.2223403910117385,7.388180424803236,142900
2021-03-18,7.396470546722412,7.48768234199191,7.272090754010603,7.338426748895226,127900
2021-03-19,7.462809085845947,7.504269294480411,7.313552651076963,7.4130566773270505,186200
2021-03-22,7.520852088928223,7.612064696202953,7.421348073454751,7.429640272441112,239900
2021-03-23,7.355011940002441,7.620355976822676,7.3467197411549074,7.495976157260093,150600
2021-03-24,7.355011940002441,7.404764342300039,7.272092323889922,7.363304138849975,127700
2021-03-25,7.31355094909668,7.388179149113996,7.139418745985449,7.37988695115929,96000
2021-03-26,7.3052592277526855,7.321842832161367,7.230631030944899,7.313550634563282,60000
2021-03-29,7.214045524597168,7.330133900727247,7.11454154110883,7.330133900727247,140600
2021-03-30,7.258162975311279,7.324751560917924,7.158280096901311,7.24151543201034,61600
2021-03-31,7.449604034423828,7.482898323088353,7.241514531820936,7.324750650381476,89600
2021-04-01,7.474572658538818,7.499543964058735,7.457925915323795,7.4745726585388175,110900
2021-04-05,7.516191482543945,7.541162790639571,7.499544737611866,7.532839021274362,108300
2021-04-06,7.516191482543945,7.532839021274362,7.416308631556457,7.532839021274362,121600
2021-04-07,7.416309833526611,7.516192700702234,7.308103195636736,7.516192700702234,146200
2021-04-08,7.4912238121032715,7.53284188093024,7.33307610311916,7.416311446974457,191500
2021-04-09,7.449604034423828,7.557810671033146,7.449604034423828,7.491222093704097,123000
2021-04-12,7.5494866371154785,7.616075212122131,7.457927544930939,7.516192349612153,117800
2021-04-13,7.5494866371154785,7.599428465269683,7.474574291783387,7.574457948091795,113900
2021-04-14,7.5494866371154785,7.657693269950896,7.541163660588469,7.566134177766356,128700
2021-04-15,7.4912238121032715,7.566136177232087,7.48290003957815,7.549488632181844,171100
2021-04-16,7.4912238121032715,7.574459949757208,7.474576267053029,7.4912238121032715,77000
2021-04-19,7.432959079742432,7.549488721274764,7.391341010424321,7.49954767313195,116100
2021-04-20,7.299779415130615,7.424632786906145,7.258161359939312,7.424632786906145,144700
2021-04-21,7.316426753997803,7.349721042090005,7.241514407340738,7.283132465905601,132600
2021-04-22,7.349719524383545,7.407984318063693,7.291454730703398,7.399661343108156,53000
2021-04-23,7.32474946975708,7.374690497804998,7.299778955733121,7.32474946975708,38800
2021-04-26,7.582777976989746,7.624396018640463,7.32474754759192,7.474571386217131,93300
2021-04-27,7.749256610870361,7.832491969839199,7.507872720402798,7.61607860768241,252400
2021-04-28,7.707635402679443,7.815842039790746,7.59942876556814,7.815842039790746,132000
2021-04-29,7.67672872543335,7.710142095421835,7.58484215712441,7.6767287254333505,66300
2021-04-30,7.56813383102417,7.668373913977404,7.5180133912288705,7.626607013587549,98300
2021-05-03,7.810382843017578,7.9356827787640905,7.609901830530569,7.609901830530569,241200
2021-05-04,7.726846694946289,7.793673413441866,7.584839718983858,7.793673413441866,188500
2021-05-05,7.6850786209106445,7.760258866874926,7.6516652667750975,7.751905329181739,118000
2021-05-06,7.668374061584473,7.743554324405871,7.584840259196835,7.743554324405871,123700
2021-05-07,7.67672872543335,7.743556262047901,7.609901985456379,7.609901985456379,119000
2021-05-10,7.693431854248047,7.768612097238162,7.65166496407163,7.65166496407163,140400
2021-05-11,7.768614768981934,7.852147781425859,7.584840866985387,7.668374676066756,288400
2021-05-12,8.228050231933594,8.244756518013597,7.668375707096331,7.668375707096331,443900
2021-05-13,8.044273376464844,8.30322669120667,8.019213558149854,8.127806369727226,265500
2021-05-14,8.278168678283691,8.319935582342488,8.111101858685938,8.111101858685938,266500
2021-05-17,8.303226470947266,8.328287085234733,8.18628012415471,8.31993354713891,147200
2021-05-18,8.161224365234375,8.319937684799912,8.144517280733984,8.311584142549718,147600
2021-05-19,8.169574737548828,8.169574737548828,7.935681198953923,7.960741021786883,103700
2021-05-20,8.086042404174805,8.186282500511169,8.002508592242432,8.111102229099528,117400
2021-05-21,8.169574737548828,8.22804871967561,8.019215003913663,8.102748012235999,93800
2021-05-25,8.07768726348877,8.2364005187547,8.027566826930558,8.2364005187547,129000
2021-05-26,8.069332122802734,8.111099012203999,8.044272307816836,8.111099012203999,83300
2021-05-27,8.169574737548828,8.177928277372283,8.027567747099713,8.052628366570078,127200
2021-05-28,8.096653938293457,8.188852374016648,8.08827211698508,8.155325088783142,92000
2021-05-31,8.004457473754883,8.130181614448606,8.004457473754883,8.121799791913132,53700
2021-06-01,7.987691402435303,8.05474436368267,7.912256621198428,7.979310381780144,122400
2021-06-02,7.987691402435303,8.063126183672178,7.9541649218116195,8.012836862403828,124100
2021-06-03,8.037984848022461,8.05474769560123,7.954168212124575,7.987694706616794,41800
2021-06-04,8.096653938293457,8.130180424192487,7.996074480596364,8.037982787803772,82200
2021-06-07,8.130181312561035,8.197234291685842,8.004457176535665,8.105036645222874,109700
2021-06-08,8.079893112182617,8.180472594989704,7.96254998257368,8.071511288781691,297000
2021-06-09,8.037984848022461,8.113419660463622,8.021221201109011,8.088274190093449,42200
2021-06-10,7.97092866897583,8.063126292097156,7.962546848873611,8.054744471994937,100300
2021-06-11,8.281049728393555,8.339720876885188,7.987692387266486,7.987692387266486,240400
2021-06-14,8.197233200073242,8.314576297582539,8.138562050985822,8.281049812484804,119800
2021-06-15,7.6859564781188965,8.088274423642451,7.585376991738008,8.054747928182154,618400
2021-06-16,7.484798908233643,7.68595791869867,7.292020923703517,7.627286740480083,514200
2021-06-17,7.367450714111328,7.493174809839801,7.359068894573615,7.468030150560968,227500
2021-06-18,7.325545310974121,7.409361940808822,7.216584011922859,7.409361940808822,337700
2021-06-21,7.283634185791016,7.3758326029029275,7.208200207246243,7.292016005407429,247600
2021-06-22,7.476414203643799,7.501558870434488,7.1411493153194545,7.283636293356392,233200
2021-06-23,7.42612361907959,7.535084900991738,7.333925980231386,7.42612361907959,92600
2021-06-24,7.484798908233643,7.5769965881964,7.392600428936031,7.493179934168545,124200
2021-06-25,7.367450714111328,7.501556629377514,7.359068894573615,7.501556629377514,77200
2021-06-28,7.208202838897705,7.384217118432067,7.199821016221162,7.35907165040244,201800
2021-06-29,7.446315765380859,7.4631431796386245,7.185484023870453,7.185484023870453,287800
2021-06-30,7.42948579788208,7.454727314527097,7.303277412243651,7.454727314527097,114000
2021-07-02,7.370589733123779,7.479970724421476,7.34534741038422,7.446315096515528,65700
2021-07-05,7.412661552429199,7.4799728271633885,7.311693837914227,7.395833332538808,60200
2021-07-06,7.320104598999023,7.4799694051667505,7.286448977028973,7.4799694051667505,215200
2021-07-07,7.219141483306885,7.353764041121153,7.202314064786971,7.278038651747192,115200
2021-07-08,7.076106548309326,7.202315828985313,7.050865013139703,7.202315828985313,180900
2021-07-09,7.177071571350098,7.235969540874407,7.12658851451637,7.135001822379511,84100
2021-07-12,7.227555751800537,7.286452921528601,7.109760609930652,7.160244471421676,198800
2021-07-13,7.135002613067627,7.269625985174968,7.11817519306284,7.244383651547073,160200
2021-07-14,7.050861358642578,7.1350000330698,7.050861358642578,7.1350000330698,188400
2021-07-15,7.084515571594238,7.210723959193049,7.034031735106699,7.034031735106699,62000
2021-07-16,7.050861358642578,7.084516988896171,7.025619836555764,7.067688772562615,89800
2021-07-19,6.941479206085205,7.034031973297522,6.815270814212647,7.025618668942502,221200
2021-07-20,7.101344108581543,7.143413845258811,6.899410335426842,6.966721593145076,126800
2021-07-21,7.059274196624756,7.202310800069139,7.059274196624756,7.092929820822648,115300
2021-07-22,7.09293270111084,7.210727032430529,7.067690370902019,7.126588338975565,96900
2021-07-23,7.168655872344971,7.193897392342396,7.050860775001232,7.067688187528364,198100
2021-07-26,7.269623279571533,7.311692215133217,7.160242281801432,7.160242281801432,194300
2021-07-27,7.278036117553711,7.336934067899643,7.185483341886476,7.3032784401648785,106700
2021-07-28,7.168655872344971,7.294864274745549,7.168655872344971,7.294864274745549,93100
2021-07-29,7.297889709472656,7.30633572853972,7.188083406265522,7.272549235670874,133200
2021-07-30,7.21342134475708,7.272547491715743,7.171188037415176,7.272547491715743,86600
2021-08-03,7.188085556030273,7.2387649077236205,7.137405398803154,7.162745074649828,108600
2021-08-04,7.112061977386475,7.280994403285597,7.044489007026827,7.137401639888006,214600
2021-08-05,7.196529865264893,7.230316356417303,7.002256936988414,7.052937076483775,125200
2021-08-06,7.340120792388916,7.365461261257261,7.1289550516862805,7.1289550516862805,196200
2021-08-09,7.340120792388916,7.365461261257261,7.297888288675088,7.348567615345031,73600
2021-08-10,7.475268363952637,7.483714382302844,7.340121598414328,7.407695383950213,139600
2021-08-11,7.846921443939209,7.998961084455817,7.618862788697932,7.618862788697932,562900
2021-08-12,7.956727981567383,7.998961305716177,7.711775668144763,7.813135162781675,231500
2021-08-13,7.787795543670654,7.939834383897115,7.7455622192335465,7.931388363436624,136900
2021-08-16,7.728667736053467,7.8131343758435845,7.618862232073321,7.770901055948525,164400
2021-08-17,7.610415458679199,7.728667788548269,7.576628963640383,7.728667788548269,112100
2021-08-18,7.618865013122559,7.703330878210954,7.559738021473425,7.568184849642425,95500
2021-08-19,7.424587249755859,7.551286369214483,7.416140426983056,7.517499883656626,81500
2021-08-20,7.6442036628723145,7.686436992497109,7.36546481509594,7.36546481509594,107600
2021-08-23,7.813134670257568,7.8384743409360205,7.644202189845207,7.779348174175096,151500
2021-08-24,7.8300275802612305,7.906046585104376,7.770900613560743,7.770900613560743,76500
2021-08-25,7.889153957366943,7.939833295316215,7.754007982124148,7.855367463556244,126100
2021-08-26,7.872262477874756,8.024302144703096,7.855369629079259,7.855369629079259,154500
2021-08-27,8.159442901611328,8.311482470509237,7.906043888625899,8.0242969761613,366800
2021-08-30,8.416254043579102,8.433204788995885,8.17893714138758,8.29759559248334,381200
2021-08-31,8.373873710632324,8.602713965995576,8.34844719521293,8.458629031461756,392800
2021-09-01,8.441683769226074,8.636621861112573,8.41625723730498,8.41625723730498,283100
2021-09-02,8.594244956970215,8.62814727046084,8.407781828624316,8.50101298864981,218700
2021-09-03,8.602718353271484,8.636620660551868,8.526438768111692,8.594243382672461,139800
2021-09-07,8.704429626464844,8.797660807361098,8.619673419617271,8.619673419617271,135000
2021-09-08,8.695950508117676,8.746803566081526,8.543389717636556,8.70442628720991,179700
2021-09-09,8.602718353271484,8.712901054006425,8.585767603778674,8.704426083407402,80100
2021-09-10,8.687477111816406,8.772233309396032,8.60272091423678,8.66205057586052,162500
2021-09-13,8.645097732543945,8.72985391756977,8.619671200354151,8.687475825056858,101400
2021-09-14,8.662050247192383,8.755281414356455,8.619672150010542,8.704428344374223,160400
2021-09-15,8.619670867919922,8.772231671764652,8.585768556876078,8.687475490007612,159000
2021-09-16,8.585768699645996,8.619671011253592,8.501012516479573,8.619671011253592,98300
2021-09-17,8.72985553741455,8.72985553741455,8.41625888790223,8.543392380735998,435200
2021-09-20,8.382353782653809,8.416256090025426,8.16198838059091,8.289121831160786,246100
2021-09-21,8.441683769226074,8.509488393212237,8.263696429188677,8.509488393212237,129800
2021-09-22,8.534914016723633,8.602718633493042,8.450158649909266,8.475585179124096,119000
2021-09-23,8.475584983825684,8.611194214239731,8.475584983825684,8.568816127661648,60500
2021-09-24,8.390830039978027,8.467110445335173,8.382355068056592,8.467110445335173,92200
2021-09-27,8.475584983825684,8.517963070403766,8.382353839989719,8.484060762800254,89300
2021-09-28,8.410106658935547,8.537661031720878,8.342077551987247,8.46112808366131,117900
2021-09-29,8.427117347717285,8.469635761563778,8.367592054914972,8.410110468761463,70700
2021-09-30,8.367588996887207,8.469632666243028,8.367588996887207,8.461128824387293,84700
2021-10-01,8.418611526489258,8.461129930354577,8.299560968831685,8.350582404693187,123100
2021-10-04,8.240032196044922,8.418608785357144,8.206017646222158,8.39309807573278,146300
2021-10-05,8.299561500549316,8.316568376602342,8.146495561216321,8.257043093960023,123100
2021-10-06,8.299561500549316,8.299561500549316,8.061458748037735,8.20602084385864,136100
2021-10-07,8.478140830993652,8.50365155859745,8.333578689619783,8.350585571031845,124100
2021-10-08,8.418611526489258,8.580181298983254,8.384596965591223,8.503648334219898,96600
2021-10-12,8.43561840057373,8.461129116049312,8.350581601027095,8.418610716275994,136400
2021-10-13,8.452624320983887,8.512150398344199,8.410106736974862,8.452624320983887,71900
2021-10-14,8.529156684875488,8.54616436608956,8.452623741353921,8.486638292811186,63000
2021-10-15,8.622700691223145,8.690729820817035,8.563174594600094,8.631203724193984,122400
2021-10-18,8.656713485717773,8.71623875919668,8.580180527832876,8.597187401267838,110300
2021-10-19,8.843793869018555,8.843793869018555,8.58868506990869,8.690728751746855,169000
2021-10-20,8.860801696777344,8.937334662124945,8.767261856336447,8.84379401071294,115100
2021-10-21,8.843793869018555,8.928830676035906,8.79277243358502,8.928830676035906,133100
2021-10-22,8.775764465332031,8.843793584367855,8.750253748436364,8.826786710094433,99000
2021-10-25,8.818280220031738,8.818280220031738,8.724740412182943,8.809776379962532,91000
2021-10-26,8.852298736572266,8.92883170955239,8.78426960747242,8.818284172022341,88500
2021-10-27,8.546167373657227,8.860802288105992,8.503648966629845,8.860802288105992,142800
2021-10-28,8.651106834411621,8.651106834411621,8.429283394483495,8.55725801786513,146900
2021-10-29,8.599916458129883,8.651106795437608,8.497536597157241,8.634043078454097,83100
2021-11-01,8.599916458129883,8.659637840286553,8.5231313589897,8.651106795437608,81700
2021-11-02,8.548723220825195,8.57431797153907,8.497532905754989,8.565786116753626,112900
2021-11-03,8.540194511413574,8.651106223546021,8.531662653485828,8.574321129481808,92500
2021-11-04,8.676700592041016,8.719359066111494,8.48900379431654,8.591383643900059,131200
2021-11-05,8.548723220825195,8.75348285382111,8.523127656468864,8.69376068396546,185400
2021-11-08,8.727890014648438,8.779080345702237,8.548725890066908,8.548725890066908,155400
2021-11-09,8.668168067932129,8.77907976652938,8.582851939994544,8.702294681835694,85400
2021-11-10,9.000899314880371,9.197127057506938,8.668164361368264,8.668164361368264,387000
2021-11-11,9.026498794555664,9.111815744395056,8.881460468014339,9.086220171257597,111300
2021-11-12,9.017967224121094,9.111816034662635,8.98384060582674,9.026499082105373,69000
2021-11-15,8.958248138427734,9.077691739851572,8.838804537003895,9.060628019515466,89000
2021-11-16,8.932647705078125,8.966774310458915,8.889989244941525,8.932647705078125,45400
2021-11-17,8.958248138427734,9.06915987968352,8.958248138427734,8.958248138427734,76400
2021-11-18,8.966778755187988,9.000905377484953,8.92412027390607,8.966778755187988,58800
2021-11-19,8.796143531799316,8.958244745379606,8.770547960989802,8.889991517172888,105000
2021-11-22,8.779083251953125,9.009438597488606,8.762020345048448,8.821741739679286,87500
2021-11-23,8.685232162475586,8.80467490955324,8.582852316276442,8.80467490955324,150900
2021-11-24,8.634040832519531,8.676699300238942,8.5316609981785,8.5316609981785,104900
2021-11-25,8.608448028564453,8.702296027904982,8.565789551175929,8.642574647746716,30100
2021-11-26,8.420754432678223,8.531666190795738,8.378095938995624,8.531666190795738,157200
2021-11-29,8.354837417602539,8.543163078663671,8.25211410710402,8.543163078663671,151900
2021-11-30,8.106587409973145,8.30347350720845,7.789857068960618,8.30347350720845,229700
2021-12-01,8.123708724975586,8.277794086927337,8.098028103441042,8.209311885253722,167000
2021-12-02,8.312029838562012,8.440433679972758,8.123703496970768,8.123703496970768,115200
2021-12-03,8.166513442993164,8.389081092137303,8.106591697597647,8.389081092137303,113900
2021-12-06,8.234992027282715,8.346275802615585,8.106588110714428,8.226431548478912,77400
2021-12-07,8.329155921936035,8.423319568208491,8.286355155127426,8.286355155127426,79600
2021-12-08,8.277791976928711,8.371954776134892,8.269231499808503,8.363395115386716,44300
2021-12-09,8.286355018615723,8.363397703797673,8.260673579306882,8.260673579306882,58200
2021-12-10,8.312029838562012,8.337710443569819,8.260667812174685,8.260667812174685,71300
2021-12-13,8.337715148925781,8.491800498673493,8.217871713675049,8.491800498673493,130600
2021-12-14,8.132266998291016,8.277791841464932,8.063784815194115,8.260670887504698,77000
2021-12-15,8.157947540283203,8.175068494091123,7.969621946628153,8.080904880891588,84600
2021-12-16,8.072347640991211,8.234992669078288,8.072347640991211,8.200751567566678,69600
2021-12-17,8.106587409973145,8.123707549728678,7.96962302644039,8.02954474014294,120200
2021-12-20,8.055224418640137,8.055224418640137,7.8412173902326,7.986742234859487,138900
2021-12-21,8.175069808959961,8.243552002462215,8.132268233928016,8.132268233928016,82600
2021-12-22,8.132266998291016,8.1836290437997,8.123706521310899,8.157947612859347,37700
2021-12-23,8.354837417602539,8.371957561166141,8.20075204366861,8.217873003604515,78300
2021-12-24,8.371956825256348,8.38907778368729,8.27779400300286,8.38907778368729,26200
2021-12-29,8.414761543273926,8.474683287385767,8.346279316753952,8.363400281570213,67400
2021-12-30,8.408746719360352,8.494638229359825,8.408746719360352,8.460281789184465,49600
2021-12-31,8.43450927734375,8.494633629434327,8.357207124028509,8.494633629434327,29400
2022-01-04,8.443106651306152,8.503230241697487,8.400160878545563,8.503230241697487,81200
2022-01-05,8.3142671585083,8.477460053292258,8.219786328629313,8.443103611278678,84600
2022-01-06,8.236963272094727,8.331443263500045,8.159661088616728,8.331443263500045,180700
2022-01-07,8.33144760131836,8.33144760131836,8.185432471863379,8.322858283321608,59400
2022-01-10,8.254141807556152,8.331443997847698,8.099538246095157,8.331443997847698,108000
2022-01-11,8.33144760131836,8.38298269017642,8.211200425853635,8.211200425853635,73500
2022-01-12,8.288495063781738,8.434510074030982,8.219782214149363,8.408742960199286,110200
2022-01-13,8.305672645568848,8.331439756173534,8.219781184724322,8.322850446264747,64700
2022-01-14,8.288495063781738,8.29708437476623,8.194015100317667,8.279906571919026,58300
2022-01-17,8.365798950195312,8.408744694855352,8.297086086388028,8.33144251829167,57800
2022-01-18,8.374387741088867,8.408744170851534,8.25413982735858,8.408744170851534,89100
2022-01-19,8.288495063781738,8.443099385015472,8.288495063781738,8.417332271183778,66300
2022-01-20,8.288495063781738,8.322851488597927,8.219782214149363,8.25413863896555,102600
2022-01-21,7.987880229949951,8.211197503656757,7.970701600069971,8.185429558836786,171200
2022-01-24,8.005058288574219,8.005058288574219,7.644315241146248,7.910578278675343,237100
2022-01-25,8.073768615722656,8.090947240695586,7.79032785664469,8.082357928209122,102900
2022-01-26,8.056591987609863,8.168250608890753,7.962111993813131,8.168250608890753,62700
2022-01-27,7.987880229949951,8.159662433138973,7.970701600069971,8.05659311122556,116900
2022-01-28,8.145621299743652,8.162861104828586,7.955987554005143,8.00770614722079,72800
2022-01-31,8.292155265808105,8.292155265808105,8.145620229987085,8.154240131397508,124500
2022-02-01,8.438692092895508,8.438692092895508,8.266298138288498,8.335255720131302,89200
2022-02-02,8.28353500366211,8.438689934136788,8.28353500366211,8.412831053070677,72300
2022-02-03,8.28353500366211,8.300774805732187,8.21457743945981,8.28353500366211,52500
2022-02-04,8.309395790100098,8.318014870219837,8.223198412589785,8.318014870219837,61500
2022-02-07,8.300775527954102,8.369733098156162,8.26629674285307,8.369733098156162,50400
2022-02-08,8.369728088378906,8.438685617305808,8.274911691614063,8.318009530664437,81900
2022-02-09,8.455931663513184,8.507649437433106,8.421452873553504,8.438691857513746,76700
2022-02-10,8.361114501953125,8.533508454377468,8.335255614599276,8.533508454377468,131100
2022-02-11,8.352490425109863,8.404208996013168,8.2749138018131,8.378350121580914,101200
2022-02-14,8.274914741516113,8.404209950399004,8.249055042108422,8.352491373622513,98900
2022-02-15,8.266292572021484,8.395587745403548,8.231813804317024,8.395587745403548,111200
2022-02-16,8.231815338134766,8.30077288639241,8.214575540050946,8.223195439092855,68700
2022-02-17,8.145621299743652,8.266297469220731,8.111142511612938,8.266297469220731,141300
2022-02-18,8.145621299743652,8.15424120228612,7.9732273590900755,8.15424120228612,137400
2022-02-22,8.050803184509277,8.18871830870866,7.904268159537688,8.145619626886607,151500
2022-02-23,7.912886619567871,8.102519469795054,7.8956468211624005,8.068040695022944,66100
2022-02-24,7.990464687347412,7.990464687347412,7.688774768189992,7.895647432849362,177500
2022-02-25,8.0363130569458,8.096866282328794,7.889254516750682,8.019012488968869,49600
2022-02-28,8.217972755432129,8.226623451063604,7.967108356949546,8.027661576418387,67700
2022-03-01,8.30447769165039,8.330428952412381,8.16606904264313,8.313127561920584,67800
2022-03-02,8.36502742767334,8.425580619246608,8.287172852807501,8.287172852807501,151500
2022-03-03,8.235273361206055,8.356379788592479,8.217971971593329,8.339079223955418,54800
2022-03-04,8.096867561340332,8.209324158369832,8.044965024234996,8.131469527735874,64500
2022-03-07,7.91520357131958,8.122816103909157,7.88925231411173,8.096864021725715,87800
2022-03-08,7.785449028015137,7.941158272567716,7.785449028015137,7.871954347205651,181300
2022-03-09,7.794097423553467,7.8979032809456395,7.551882931329443,7.776796034833628,467900
2022-03-10,8.096867561340332,8.140120225578748,7.690294662436706,7.802751259466205,181400
2022-03-11,7.8114013671875,8.200673707085034,7.7767993997516305,8.183373135855089,160500
2022-03-14,7.6989426612854,7.828700622415948,7.664340703312405,7.82004992667876,130000
2022-03-15,7.655690670013428,7.698942497829581,7.621088712775064,7.629738583352854,92000
2022-03-16,7.941156387329102,7.993058906541007,7.6556900567366135,7.681641316342566,121200
2022-03-17,7.897903919219971,7.984408394883221,7.854651268900502,7.958457134681815,82800
2022-03-18,8.027661323547363,8.105515931826737,7.915204758807791,7.915204758807791,150200
2022-03-21,8.001712799072266,8.166071942225933,7.993062100754705,8.03631476736651,100400
2022-03-22,8.088212966918945,8.148766166518774,8.01900907452615,8.027658942343646,183500
2022-03-23,8.0363130569458,8.200672165117851,8.010361792492493,8.105516978805172,422900
2022-03-24,8.010361671447754,8.096866159976885,7.975759711040939,8.096866159976885,61700
2022-03-25,7.967107772827148,8.062262942869681,7.923855122816659,8.019011117834873,120200
2022-03-28,7.889254570007324,7.993060453497125,7.889254570007324,7.958458492333858,56500
2022-03-29,8.088212966918945,8.096862834736442,7.923853103754451,7.949804357157881,134600
2022-03-30,7.951920509338379,8.142905734730117,7.943239174571106,8.142905734730117,126400
2022-03-31,7.925881385803223,7.969287253937359,7.899838196081971,7.925881385803223,95600
2022-04-01,7.821705341339111,7.95192207692766,7.7782994868436575,7.95192207692766,174000
2022-04-04,7.891152381896973,7.891152381896973,7.778297519906098,7.847746538377774,51300
2022-04-05,7.786978244781494,7.873789097128479,7.7522537382631915,7.873789097128479,131800
2022-04-06,7.726213455200195,7.830387852779946,7.665445746526957,7.786981991771373,109100
2022-04-07,7.795658588409424,7.839064427629242,7.6914850710203755,7.743572243663661,96000
2022-04-08,7.847748756408691,7.865111429882673,7.778299718308443,7.804342900621576,202600
2022-04-11,7.821705341339111,7.856429859355912,7.813024004860458,7.830386677817765,76600
2022-04-12,7.769615173339844,7.873788687474861,7.734890668628171,7.873788687474861,134300
2022-04-13,7.795658588409424,7.804339921832892,7.674123232070962,7.778296749460011,67600
2022-04-14,7.778298854827881,7.830386041569711,7.769617519054618,7.7869801906011435,65700
2022-04-18,7.726213455200195,7.804343839436039,7.717532945316831,7.786981991771373,82800
2022-04-19,7.899838447570801,7.925881638121129,7.778302178505768,7.804345369056096,112400
2022-04-20,7.969283103942871,7.969283103942871,7.847746902036736,7.9345585930979246,102300
2022-04-21,7.839067459106445,8.004009546347664,7.786981094218155,7.977965536005676,59000
2022-04-22,7.700170040130615,7.839068128897675,7.630720995747085,7.839068128897675,100300
2022-04-25,7.630715370178223,7.674121197892462,7.491817383810499,7.674121197892462,104700
2022-04-26,7.405009746551514,7.613357667055927,7.396329238616218,7.58731365955678,63400
2022-04-27,7.4657793045043945,7.491822487716289,7.4050107731461505,7.422373447219325,60900
2022-04-28,7.607827186584473,7.642686300971006,7.468394053386462,7.538110619985467,62100
2022-04-29,7.494537830352783,7.686257958661091,7.477108274459136,7.686257958661091,49300
2022-05-02,7.3463897705078125,7.5468246724222325,7.250528877342699,7.5468246724222325,132900
2022-05-03,7.407390594482422,7.477107145355308,7.3115305448039125,7.3115305448039125,54700
2022-05-04,7.494537830352783,7.520681333106285,7.337675151657832,7.477108274459136,41200
2022-05-05,7.355103492736816,7.529395718232306,7.311531267449869,7.520680940740147,72800
2022-05-06,7.372531890869141,7.450963213817769,7.276671846757925,7.3638171147444496,46900
2022-05-09,7.102380275726318,7.328959488453655,7.015235000045174,7.328959488453655,148300
2022-05-10,7.032662868499756,7.224383781449212,7.032662868499756,7.067521140755405,126500
2022-05-11,6.640509128570557,7.084952859059461,6.631794765613416,6.971663231812072,216600
2022-05-12,6.8147993087768555,6.928088493052554,6.631793160005498,6.631793160005498,151900
2022-05-13,6.884515285491943,7.058807058928937,6.814798742334496,6.84965701391322,201600
2022-05-16,6.997807025909424,7.041380089129412,6.840944746295818,6.9280904571922655,124900
2022-05-17,7.241813659667969,7.285385878637212,7.0936657881294884,7.119809285728396,70400
2022-05-18,7.015235900878906,7.285387370593811,6.971662841899638,7.285387370593811,54200
2022-05-19,7.058808326721191,7.137238828544711,6.997805717187031,7.0500935494896115,51200
2022-05-20,7.119809627532959,7.119809627532959,6.901945197880388,7.111094850886013,89300
2022-05-24,7.084950923919678,7.16338224682924,7.041377874404723,7.16338224682924,62300
2022-05-25,7.093665599822998,7.172096090537726,7.032662998929168,7.1198090967279075,29600
2022-05-26,7.259242057800293,7.337673378191445,7.189525513249662,7.215669009684457,60500
2022-05-27,7.294101238250732,7.372532568407225,7.28538646132515,7.3028160151763135,54400
2022-05-30,7.445461273193359,7.44546127319336,7.3492209368393615,7.3492209368393615,28800
2022-05-31,7.331721782684326,7.462957517237311,7.30547480264902,7.454209080143176,47900
2022-06-01,7.4804558753967285,7.489205146651191,7.357968580963552,7.410463374113894,55500
2022-06-02,7.594193935394287,7.646687894422704,7.462957369070376,7.48920518296102,48200
2022-06-03,7.541698932647705,7.602942161273019,7.480455704022391,7.602942161273019,45000
2022-06-06,7.506705284118652,7.655439606072482,7.506705284118652,7.559200094257469,82400
2022-06-07,7.51545524597168,7.567949226537714,7.445462715632449,7.471709705915466,97200
2022-06-08,7.489205837249756,7.567946782671523,7.462958021065992,7.515452819057011,41700
2022-06-09,7.445461273193359,7.5591993215538755,7.419213453618661,7.489206804774576,45500
2022-06-10,7.31422233581543,7.489204406096196,7.226732135051395,7.419211077358081,64000
2022-06-13,7.121743679046631,7.226732424798681,7.095495866826332,7.174237634734465,52700
2022-06-14,7.112995147705078,7.226733176020339,7.025504099962117,7.226733176020339,47400
2022-06-15,7.1479902267456055,7.2179827197016975,7.043001487311468,7.139240956532011,68400
2022-06-16,6.903018951416016,7.043004412660055,6.86802269040209,7.016757425493781,95300
2022-06-17,6.964261054992676,7.01675585192952,6.850523023609923,6.964261054992676,135100
2022-06-20,7.322973251342773,7.322973251342773,6.894268918472557,6.894268918472557,46800
2022-06-21,7.19173526763916,7.401712732615534,7.130491214572177,7.401712732615534,41900
2022-06-22,7.200483322143555,7.270476641144115,7.043000648926933,7.104243864379161,76700
2022-06-23,7.008006572723389,7.296725869633207,6.973009902405968,7.252980344627615,51400
2022-06-24,6.850523471832275,7.043003294025795,6.850523471832275,7.043003294025795,97400
2022-06-27,6.824275970458984,6.929264728850479,6.771781174074997,6.920515457057067,121400
2022-06-28,6.745535373687744,6.9292659416238545,6.693040985304329,6.841775294318162,98700
2022-06-29,6.677876949310303,6.739383862290701,6.633943799165646,6.721810518436525,50900
2022-06-30,6.563650608062744,6.607584181227105,6.4933572261850525,6.598797717983196,30700
2022-07-04,6.660302639007568,6.67787598031175,6.510929028431269,6.6427292977033865,15500
2022-07-05,6.300049781799316,6.5636499368857875,6.1946097197647285,6.546076593213356,77200
2022-07-06,6.440637111663818,6.502144029551637,6.2824770043572,6.396703958013891,51000
2022-07-07,6.546076774597168,6.572437000327006,6.4142769028927,6.423063365481597,87000
2022-07-08,6.616371154785156,6.616371154785156,6.484570852454308,6.484570852454308,29200
2022-07-11,6.528504371643066,6.660304681330574,6.387917598099931,6.62515798794479,186600
2022-07-12,6.546076774597168,6.642730376964476,6.466996935370802,6.5812234629159025,156100
2022-07-13,6.1858229637146,6.493356693701182,6.159463157162888,6.4494235431211395,85900
2022-07-14,6.045236587524414,6.247330265911996,6.018876360351427,6.150676658253171,161600
2022-07-15,6.106743812561035,6.203397431720055,6.0628106540208595,6.203397431720055,81000
2022-07-18,6.106743812561035,6.203397431720055,6.0628106540208595,6.185824084507656,147400
2022-07-19,6.361556529998779,6.387916756054168,6.115529708729184,6.194609967913772,202500
2022-07-20,6.2385430335998535,6.370343324101721,6.194609882753613,6.35276997996691,154200
2022-07-21,6.405490398406982,6.45821043398866,6.150676683604742,6.308836790349775,144400
2022-07-22,6.343982219696045,6.484569372283207,6.326408877995339,6.414276005480384,45900
2022-07-25,6.282476902008057,6.414277198773853,6.23854333009226,6.414277198773853,60300
2022-07-26,6.177035331726074,6.291261836793547,6.15946199102481,6.291261836793547,76400
2022-07-27,6.256115913391113,6.282476137127599,6.194609422975218,6.194609422975218,45300
2022-07-28,6.347042083740234,6.373524638142707,6.170489897015762,6.302903931825964,89900
2022-07-29,6.426489353179932,6.5412477684135215,6.2587649974600295,6.364696036567589,100500
2022-08-02,6.258763790130615,6.364694808803846,6.1263498063228505,6.364694808803846,135200
2022-08-03,6.1704888343811035,6.294075470084868,6.1704888343811035,6.276420296546122,122200
2022-08-04,6.196971416473389,6.2322817613361705,6.170488447360046,6.170488447360046,75400
2022-08-05,6.205799579620361,6.258765100042255,6.188144406146397,6.258765100042255,44700
2022-08-08,6.22345495223999,6.22345495223999,6.135178661112857,6.1793168066764235,113300
2022-08-09,6.108696937561035,6.241110971246369,6.108696937561035,6.241110971246369,80200
2022-08-10,6.267592430114746,6.329385747284415,6.15283359291359,6.205799533877613,165100
2022-08-11,6.22345495223999,6.302903024948837,6.1793168066764235,6.22345495223999,51600
2022-08-12,6.214627265930176,6.258765412283347,6.179316917220663,6.232282440284933,74900
2022-08-15,6.2940754890441895,6.329385836228046,6.179316650230387,6.179316650230387,81700
2022-08-16,6.267592430114746,6.355868296833891,6.267592430114746,6.338213123490061,40500
2022-08-17,6.196971416473389,6.276419902880905,6.179316244041998,6.276419902880905,78600
2022-08-18,6.267592430114746,6.276420227252928,6.179316563395602,6.241109880565271,51400
2022-08-19,6.214627265930176,6.232282440284933,6.179316917220663,6.205799889219078,79300
2022-08-22,6.108696937561035,6.196972819707054,6.055731408273425,6.196972819707054,93800
2022-08-23,6.161662578582764,6.179317755332122,6.0998692494937,6.117524426243059,34600
2022-08-24,6.179316997528076,6.249937695864901,6.152834025185484,6.16166182294387,30600
2022-08-25,6.267592430114746,6.267592430114746,6.161661390051773,6.179316563395602,55400
2022-08-26,6.05573034286499,6.249937249418648,6.0469025457371925,6.249937249418648,90200
2022-08-29,6.029247760772705,6.064558109693251,5.940971888471342,6.029247760772705,79800
2022-08-30,5.907721519470215,6.005296620190398,5.881110397531356,5.978685075275382,71800
2022-08-31,5.881110668182373,5.943203570881355,5.836758232274948,5.854499122042683,78300
2022-09-01,5.641607761383057,5.854498412805451,5.570644210908926,5.854498412805451,162000
2022-09-02,5.6859612464904785,5.748054580778928,5.6416092274069305,5.677091011864263,70500
2022-09-06,5.641607761383057,5.765793974712786,5.606125986145991,5.765793974712786,59000
2022-09-07,5.677090167999268,5.677090167999268,5.588385720041314,5.632737732532205,104600
2022-09-08,5.659350395202637,5.756925095723324,5.588386822832589,5.6504797371682525,168100
2022-09-09,5.898852825164795,5.907723060466113,5.659350550361474,5.703702572820597,83800
2022-09-12,5.95207405090332,5.996426485496657,5.872239837825781,5.996426485496657,65700
2022-09-13,5.916592597961426,5.9875561588343835,5.8988517077431855,5.9875561588343835,63300
2022-09-14,5.730312347412109,5.943203004330586,5.668219027656152,5.943203004330586,96700
2022-09-15,5.63273811340332,5.756924348941606,5.6149972226121365,5.677090551869379,57900
2022-09-16,5.588385581970215,5.68596026082512,5.579514925905499,5.668219371671849,181300
2022-09-19,5.739184379577637,5.756925273217124,5.56177544318276,5.56177544318276,86200
2022-09-20,5.6859612464904785,5.6859612464904785,5.597256785347147,5.677091011864263,60900
2022-09-21,5.623867988586426,5.703701787207251,5.58838620631579,5.703701787207251,67000
2022-09-22,5.53516149520874,5.659348119904281,5.5085503777569,5.659348119904281,64500
2022-09-23,5.419848442077637,5.526293806821482,5.340014207031612,5.526293806821482,122400
2022-09-26,5.340013027191162,5.473069915211073,5.3222721369869195,5.45532902500683,80300
2022-09-27,5.304531574249268,5.419847579183781,5.251308900350926,5.384365796584887,74700
2022-09-28,5.548037528991699,5.556957407931634,5.262608208085572,5.539118075375002,64500
2022-09-29,5.351806163787842,5.485601402947205,5.316127490055123,5.414244055481769,63400
2022-09-30,5.316127777099609,5.414244347824062,5.316127777099609,5.351806452758799,41200
2022-10-03,5.4677605628967285,5.503439226820751,5.289366817953392,5.289366817953392,57500
2022-10-04,5.610476016998291,5.655074565911581,5.521279344494996,5.521279344494996,34400
2022-10-05,5.485601902008057,5.601557814850325,5.34288676877012,5.601557814850325,46000
2022-10-06,5.414244174957275,5.485601523997346,5.387484956405573,5.449922849477311,44100
2022-10-07,5.325045585632324,5.423162125996732,5.289366921013127,5.423162125996732,55500
2022-10-11,5.218008041381836,5.485598371841665,5.218008041381836,5.414241063805206,56300
2022-10-12,5.235850811004639,5.253690149743261,5.182332794788771,5.209092015558397,37300
2022-10-13,5.253689765930176,5.333966997050943,5.119894522503348,5.226930972438822,84600
2022-10-14,5.164492607116699,5.3874845173560155,5.128813935504274,5.209091159293888,50000
2022-10-17,5.20017147064209,5.307207489429543,5.182332134177514,5.182332134177514,52200
2022-10-18,5.351806163787842,5.423163511253279,5.307207608960273,5.307207608960273,59300
2022-10-19,5.280449390411377,5.351806745634765,5.27152950834676,5.316128068023072,17300
2022-10-20,5.316127777099609,5.351806452758799,5.191252412292446,5.342886571182319,75300
2022-10-21,5.387484550476074,5.396404431095674,5.182331974781776,5.3250466621088295,52600
2022-10-24,5.4053215980529785,5.574795430168889,5.369642941325749,5.387482269689364,74000
2022-10-25,5.441002368927002,5.4499222492362716,5.333966357155578,5.432082913941034,39300
2022-10-26,5.548037528991699,5.610475405601533,5.396403414921938,5.441001533651901,48400
2022-10-27,5.548037528991699,5.5926360730449005,5.503439410261735,5.539118075375002,46600
2022-10-28,5.532793998718262,5.604531939124357,5.496925028515214,5.577629997676144,44600
2022-10-31,5.5058913230896,5.586596709080762,5.434153392249364,5.586596709080762,24600
2022-11-01,5.425187587738037,5.568663481763541,5.3893186142316605,5.568663481763541,27000
2022-11-02,5.452090263366699,5.523828225633316,5.434155772800045,5.4431232318793645,79800
2022-11-03,5.487958908081055,5.505893397548302,5.416220950212067,5.425188408741669,79500
2022-11-04,5.461056232452393,5.622466603513104,5.398285318799516,5.622466603513104,59200
2022-11-07,5.47899055480957,5.514859525087223,5.4431215845319185,5.4431215845319185,73600
2022-11-08,5.559695720672607,5.577630206445415,5.4162198344901515,5.505892263354187,160400
2022-11-09,5.999091625213623,6.223272924686815,5.828713786302971,5.828713786302971,314100
2022-11-10,6.232237815856934,6.277074231403659,6.12463093165489,6.169467347201616,168900
2022-11-11,6.438486576080322,6.501257492005173,6.2412072265323175,6.321912628779715,151000
2022-11-14,6.223272800445557,6.5460939849678885,6.223272800445557,6.474355611391458,117200
2022-11-15,6.097729206085205,6.312942966784062,6.02599085826052,6.277074006667585,148300
2022-11-16,6.286043643951416,6.312945159587155,6.079796837845931,6.097731324133718,86800
2022-11-17,6.250174522399902,6.277076466826739,6.178436574050872,6.223273005564966,28300
2022-11-18,6.295011043548584,6.321912988358477,6.2053386068354515,6.286044013673224,51000
2022-11-21,6.41158390045166,6.456419894350656,6.232238642080261,6.286042518905944,88200
2022-11-22,6.456419944763184,6.483321883386079,6.384682011891208,6.447452916950091,33600
2022-11-23,6.5819621086120605,6.5819621086120605,6.3667478708381715,6.411584295088683,44600
2022-11-24,6.5998969078063965,6.5998969078063965,6.483322541264449,6.581962422768546,42500
2022-11-25,6.617831707000732,6.653700678779175,6.572995278481743,6.58196273522229,30600
2022-11-28,6.438486576080322,6.608864409940449,6.330879658145046,6.608864409940449,81700
2022-11-29,6.495240211486816,6.513257504088141,6.342093009592481,6.477222918885491,58400
2022-11-30,6.684422016143799,6.693430447685057,6.450196782145119,6.513257521198489,67400
2022-12-01,6.60334587097168,6.711449657748119,6.576320139060702,6.6934323599520456,91300
2022-12-02,6.63938045501709,6.675415050546568,6.522267804763156,6.594337425388375,21500
2022-12-05,6.522265434265137,6.702438775995322,6.504248143048729,6.675412624387657,78600
2022-12-06,6.468215465545654,6.486232762068268,6.396146279455199,6.414163575977813,47700
2022-12-07,6.5042500495910645,6.612354258143399,6.405155133636921,6.495241616125339,67000
2022-12-08,6.432179927825928,6.558301414527383,6.432179927825928,6.513257965053125,52500
2022-12-09,6.387136936187744,6.450197250251411,6.3511023482753135,6.41416266233898,15900
2022-12-12,6.432179927825928,6.468214515578866,6.315067732411962,6.396145340072989,45200
2022-12-13,6.477222919464111,6.567309382478785,6.396144887967835,6.4952402120670465,28100
2022-12-14,6.423171520233154,6.495240696014625,6.423171520233154,6.45019724636812,75300
2022-12-15,6.486232280731201,6.522266871102337,6.3691200768081115,6.423171962364815,108300
2022-12-16,6.5583014488220215,6.603344468965648,6.396145373519682,6.5222664313144785,94800
2022-12-19,6.594335556030273,6.657395865547431,6.558300970715857,6.558300970715857,110400
2022-12-20,7.116837978363037,7.3780885256734,6.630370612484927,6.711448220420497,316900
2022-12-21,7.242960453033447,7.242960453033447,7.089813209818047,7.161882399668528,131300
2022-12-22,7.116837978363037,7.2429590359253915,7.116837978363037,7.197915586298608,149000
2022-12-23,7.116837978363037,7.188907154112954,7.116837978363037,7.1528725662379955,47600
2022-12-28,7.134855270385742,7.188907152183674,7.116837976453098,7.152872564318386,86100
2022-12-29,7.264218807220459,7.273265364273464,7.101384662538605,7.101384662538605,40100
2022-12-30,7.34563684463501,7.372775655835525,7.209941494541552,7.246127295081617,71000
2023-01-03,7.327542304992676,7.37277335530431,7.318495749839555,7.37277335530431,86500
2023-01-04,7.427053451538086,7.508470740309222,7.372774971448272,7.372774971448272,63800
2023-01-05,7.445144176483154,7.490376090162163,7.345634656570932,7.345634656570932,68000
2023-01-06,7.526562213897705,7.59893293805233,7.481331158346377,7.553701882501002,55900
2023-01-09,7.517517566680908,7.6622590351346815,7.508471009220746,7.580841743447633,58000
2023-01-10,7.680352687835693,7.68939924694549,7.481333563784333,7.481333563784333,50900
2023-01-11,7.6441650390625,7.734628877781838,7.61702623253754,7.6532115954798545,43100
2023-01-12,7.761767864227295,7.8160463412625125,7.689397136665088,7.716535943819134,60900
2023-01-13,7.924602508544922,7.996973236800636,7.770814495319745,7.770814495319745,163600
2023-01-16,7.888417720794678,7.987927263735298,7.870324606045186,7.960788454338255,92100
2023-01-17,7.996971607208252,8.02411040909212,7.870322427205273,7.8793689820755475,86800
2023-01-18,7.77081298828125,8.051249290203733,7.77081298828125,8.015063933093511,62400
2023-01-19,7.6441650390625,7.770814240724152,7.589887426012581,7.770814240724152,53100
2023-01-20,7.897464275360107,7.897464275360107,7.54465712660145,7.644166680377199,90400
2023-01-23,7.761767864227295,7.879370512197664,7.743675613700305,7.879370512197664,119600
2023-01-24,7.74367618560791,7.770814994766288,7.671304589973589,7.725583071017533,35200
2023-01-25,7.725584030151367,7.797954772043352,7.6622598466777045,7.707491776042018,25900
2023-01-26,7.834137916564941,7.879369833074562,7.761767195240369,7.770813751087703,90600
2023-01-27,7.825090408325195,7.88841542882219,7.743674003789535,7.788905052067031,64300
2023-01-30,7.764251232147217,7.809656382306329,7.700683675511976,7.773332435385281,94300
2023-01-31,7.718843936920166,7.8005730112878044,7.609872126440303,7.718843936920166,55300
2023-02-01,7.8732218742370605,7.8732218742370605,7.628034620325566,7.628034620325566,52600
2023-02-02,8.054841041564941,8.054841041564941,7.809654670110547,7.809654670110547,87500
2023-02-03,8.0366792678833,8.06392200478944,7.945868990154849,8.000355329998118,111800
2023-02-06,8.109329223632812,8.1274907642182,7.991276178718544,8.018518922612232,79700
2023-02-07,8.23646068572998,8.290947026846647,8.100246131984834,8.154731607070488,202600
2023-02-08,8.163811683654785,8.263703150936275,8.063921082404189,8.263703150936275,68500
2023-02-09,8.25462532043457,8.25462532043457,8.12749106746841,8.22738257552441,57800
2023-02-10,8.145649909973145,8.245540508282668,8.145649909973145,8.245540508282668,58600
2023-02-13,8.227380752563477,8.254623491437396,8.082084124496777,8.082084124496777,48300
2023-02-14,8.163811683654785,8.23645955111538,8.154730483714488,8.172892883595082,15700
2023-02-15,8.172893524169922,8.200136260095153,8.136569587592627,8.136569587592627,36200
2023-02-16,8.172893524169922,8.272784133249742,8.073002915090102,8.172893524169922,66700
2023-02-17,8.263705253601074,8.281866792071904,8.163813760902618,8.163813760902618,65500
2023-02-21,8.227380752563477,8.236461088167415,8.163813207149591,8.163813207149591,64300
2023-02-22,8.172893524169922,8.24554139732451,8.172893524169922,8.218298661399281,28500
2023-02-23,8.181974411010742,8.227379546498632,8.17289321070698,8.17289321070698,31000
2023-02-24,8.172893524169922,8.227379862051345,8.136569587592627,8.200136260095153,39800
2023-02-27,8.230317115783691,8.257660988661364,8.184744863539317,8.221203360709548,40600
2023-02-28,8.257660865783691,8.257660865783691,8.166516362651214,8.166516362651214,94600
2023-03-01,8.193859100341797,8.348804229114219,8.193859100341797,8.24854597429257,29700
2023-03-02,8.230317115783691,8.239431740076249,8.1482872355875,8.193859487831874,18500
2023-03-03,8.294116020202637,8.35791663184141,8.221200787124568,8.23031453934572,72000
2023-03-06,8.294116020202637,8.294116020202637,8.166513927706946,8.212086165685275,54800
2023-03-07,8.357915878295898,8.357915878295898,8.157398570800678,8.239428417922271,56000
2023-03-08,8.567547798156738,8.622234658139389,8.43083195202734,8.43083195202734,189100
2023-03-09,8.50374698638916,8.704264309331208,8.476403991648287,8.567547597190577,144900
2023-03-10,8.47640323638916,8.59489069533306,8.412601762054411,8.449060244084585,82200
2023-03-13,8.376145362854004,8.49463283896544,8.32145937032145,8.49463283896544,87800
2023-03-14,8.42171573638916,8.549317806050082,8.385258126374323,8.385258126374323,62100
2023-03-15,8.266773223876953,8.357917711608652,8.093599740248631,8.294117091727415,101700
2023-03-16,8.449057579040527,8.449057579040527,8.202968118267956,8.257654954845565,134100
2023-03-17,8.294116020202637,8.43083186491948,8.294116020202637,8.40348886981974,79200
2023-03-20,8.40349006652832,8.412603820047327,8.29411720133585,8.29411720133585,49000
2023-03-21,8.321455955505371,8.494629353085438,8.275883734283935,8.385256543684687,64400
2023-03-22,8.184741020202637,8.294114721917518,8.184741020202637,8.294114721917518,48600
2023-03-23,8.248541831970215,8.330571667092753,8.166511996847676,8.239427212685948,68800
2023-03-24,8.239429473876953,8.266772470015706,8.139171241889409,8.175628859813806,39300
2023-03-27,8.202971458435059,8.275886690750365,8.184742215747166,8.248543695936657,50100
2023-03-28,8.248541831970215,8.294114059173618,8.202969604766812,8.202969604766812,29600
2023-03-29,8.357915878295898,8.357915878295898,8.266771410556782,8.266771410556782,16100
2023-03-30,8.372554779052734,8.40915607804036,8.308502723985338,8.40915607804036,28400
2023-03-31,8.317656517028809,8.427460456897727,8.317656517028809,8.381708597124641,23300
2023-04-03,8.409159660339355,8.418310207145343,8.299355716600036,8.418310207145343,30800
2023-04-04,8.262754440307617,8.400010025100901,8.18955181080887,8.400010025100901,107700
2023-04-05,8.098045349121094,8.235300000064656,8.024842752265355,8.235300000064656,52000
2023-04-06,7.979094982147217,8.052297616352254,7.96079388727384,8.052297616352254,42500
2023-04-10,8.061445236206055,8.079745451789316,7.924189692433959,7.951640452130811,65700
2023-04-11,8.107196807861328,8.15294865915092,8.07059550135845,8.07059550135845,58200
2023-04-12,8.079748153686523,8.180401554663122,8.01569606875998,8.143800238613068,31000
2023-04-13,8.12549877166748,8.152949536337106,8.043145605014528,8.061446696556995,16000
2023-04-14,8.015693664550781,8.088896274694665,7.997392575692837,8.088896274694665,35600
2023-04-17,8.015693664550781,8.04314442519375,7.887588660477012,8.04314442519375,54100
2023-04-18,8.162096977233887,8.18039718917085,8.015691791163212,8.015691791163212,45400
2023-04-19,8.162096977233887,8.198698273751557,8.107194596135512,8.107194596135512,18800
2023-04-20,8.152949333190918,8.189550642719787,8.061446495690774,8.13464911474851,35000
2023-04-21,8.070595741271973,8.198700754162198,8.070595741271973,8.189550209103466,16800
2023-04-24,8.198700904846191,8.198700904846191,8.070595889601524,8.070595889601524,19000
2023-04-25,7.951641082763672,8.107196854455927,7.933340865729047,8.107196854455927,47700
2023-04-26,7.933340072631836,8.03399343786991,7.905889313502161,7.951640287836986,18300
2023-04-27,7.984795570373535,8.003172966722012,7.966419050307546,7.966419050307546,13600
2023-04-28,7.874533653259277,8.058304107696447,7.874533653259277,8.058304107696447,27100
2023-05-01,7.902102470397949,7.975610326991931,7.883725068108068,7.93885639869494,45100
2023-05-02,7.929666996002197,8.02155137047416,7.856159145911549,7.865347846243554,74800
2023-05-03,7.966419219970703,8.021549657625288,7.93885400114341,8.003173137167929,19100
2023-05-04,7.819404602050781,7.948042891387835,7.8102159024459565,7.9296663684608095,28200
2023-05-05,7.819404602050781,7.938855068065634,7.8102159024459565,7.902101145928959,48900
2023-05-08,7.865345001220703,7.948040645448305,7.810213695453257,7.819402392461561,34400
2023-05-09,7.948041915893555,7.948041915893555,7.801026245390659,7.846968861493443,55800
2023-05-10,7.993982791900635,8.251260159277674,7.902098455978569,8.039925398002831,66600
2023-05-11,7.791835784912109,8.01236011708085,7.791835784912109,7.993982724282488,62800
2023-05-12,7.846966743469238,7.92966325487661,7.773458928058748,7.902098043168246,41600
2023-05-15,7.938855171203613,7.948042994645178,7.709142935794416,7.8194047036369145,52200
2023-05-16,7.865345001220703,7.948040645448305,7.856156304212399,7.865345001220703,51100
2023-05-17,7.984795570373535,8.03992688313648,7.865345999238382,7.948041653959067,47400
2023-05-18,7.920474052429199,7.9939818631394575,7.902097537892748,7.94803926237499,27600
2023-05-19,8.168564796447754,8.168564796447754,7.920475240864141,7.993983062603947,76800
2023-05-23,8.085870742797852,8.141001187767364,7.975608976576202,8.141001187767364,23000
2023-05-24,7.865345001220703,8.012360648224055,7.865345001220703,8.012360648224055,30900
2023-05-25,7.782649993896484,7.883723051792395,7.764272596306747,7.883723051792395,30200
2023-05-26,7.83778190612793,7.902101933489517,7.7183314282080815,7.76427405452844,26600
2023-05-29,7.975607872009277,7.975607872009277,7.810214807441296,7.846968724425014,9400
2023-05-30,7.94423770904541,7.971918614463527,7.778156676197436,7.778156676197436,31800
2023-05-31,7.713566303253174,7.833514215137309,7.685886286643562,7.833514215137309,31600
2023-06-01,7.695115089416504,7.759702103570125,7.630528075262883,7.759702103570125,27800
2023-06-02,7.8058366775512695,7.888877633684604,7.750475746818333,7.750475746818333,13500
2023-06-05,7.842742443084717,7.870422464149937,7.796608488021347,7.796608488021347,12700
2023-06-06,7.842742443084717,7.870422464149937,7.768928466956127,7.768928466956127,10400
2023-06-07,7.9073309898376465,7.925784927424265,7.8427439681488345,7.879650963389895,29700
2023-06-08,7.879648685455322,7.935009602278664,7.842741700883734,7.842741700883734,9500
2023-06-09,7.8058366775512695,7.907330690640821,7.78738274066291,7.861197608284207,15800
2023-06-12,7.713566303253174,7.778154181918085,7.685886286643562,7.778154181918085,15900
2023-06-13,7.713566303253174,7.759700250890435,7.695113252157387,7.7320202342808235,8600
2023-06-14,7.77815580368042,7.824288881004666,7.695114856605504,7.695114856605504,10300
2023-06-15,7.704342365264893,7.787382438241237,7.69511539717904,7.787382438241237,5200
2023-06-16,7.676660060882568,7.861195869214203,7.676660060882568,7.750474032242443,28500
2023-06-19,7.8058366775512695,7.824289734507487,7.676661759129178,7.676661759129178,14600
2023-06-20,7.879648685455322,7.888875651581199,7.695113762597383,7.7689277317405585,60700
2023-06-21,7.658207416534424,7.85196932167328,7.658207416534424,7.805835367129363,15900
2023-06-22,7.575167655944824,7.63052858601933,7.482899732464694,7.62130161768489,28000
2023-06-23,7.492125988006592,7.5013529554631875,7.409085040761323,7.482899020549995,26600
2023-06-26,7.390632152557373,7.547487083130905,7.390632152557373,7.482899189409289,28300
2023-06-27,7.648980140686035,7.66743407373102,7.418311257215489,7.455218243373499,23900
2023-06-28,7.759702682495117,7.787382707778629,7.556713777241046,7.556713777241046,34900
2023-06-29,7.72819709777832,7.820860799640266,7.66333241810346,7.66333241810346,18200
2023-06-30,7.820861339569092,7.857926999615769,7.718930995369492,7.718930995369492,13800
2023-07-04,7.885725975036621,7.941324016675257,7.746729103510154,7.867192705347116,14000
2023-07-05,7.8301262855529785,7.867191937599869,7.7745282493400705,7.839392919493414,14600
2023-07-06,7.691130638122559,7.7837943303198855,7.691130638122559,7.755995311032176,22100
2023-07-07,7.607732772827148,7.709663100380728,7.570667118833583,7.570667118833583,12500
2023-07-10,7.561399459838867,7.616998375153026,7.533600444039177,7.598465108810047,21100
2023-07-11,7.718929767608643,7.718929767608643,7.542868131319777,7.616999439621921,19100
2023-07-12,7.857926368713379,7.885726274302651,7.663332331878304,7.663332331878304,25900
2023-07-13,7.876460075378418,7.932059005921581,7.848661051964347,7.857926803959024,26200
2023-07-14,8.052522659301758,8.126654869770869,7.857927705643757,7.867194342416786,55700
2023-07-17,8.033985137939453,8.24711234529807,7.987652867383149,8.05251751593324,85100
2023-07-18,8.052522659301758,8.200786196524858,8.033990269470822,8.200786196524858,12900
2023-07-19,8.200783729553223,8.237849381780073,8.080320138887242,8.080320138887242,24000
2023-07-20,8.302712440490723,8.321244821149136,8.17298224102309,8.200782137582737,41400
2023-07-21,8.265647888183594,8.30271353811521,8.265647888183594,8.293446904703606,136600
2023-07-24,8.27491569519043,8.32124710138983,8.237850040001954,8.237850040001954,6500
2023-07-25,8.339778900146484,8.413910197450605,8.16371728997789,8.16371728997789,57900
2023-07-26,8.349045753479004,8.386111403108824,8.154450871993745,8.154450871993745,13400
2023-07-27,8.488042831420898,8.627039698540925,8.36757923340284,8.36757923340284,121700
2023-07-28,8.558746337890625,8.726200357964727,8.484322526124762,8.549443139619438,34000
2023-07-31,8.251749038696289,8.595959437723533,8.205233928081377,8.55874752667199,45100
2023-08-01,8.326169967651367,8.36338186577265,8.15871686970641,8.233140665948977,35700
2023-08-02,8.307563781738281,8.363381180747515,8.261048691096212,8.354077985178789,29300
2023-08-03,8.288957595825195,8.35407819201546,8.251745699830531,8.335472687618921,18900
2023-08-04,8.316865921020508,8.363381010716909,8.279654026703696,8.363381010716909,19700
2023-08-08,8.242441177368164,8.307562650278376,8.205229287362945,8.298259455976712,22500
2023-08-09,8.335474014282227,8.363382718919741,8.205231913970946,8.233141505810186,25500
2023-08-10,8.772713661193848,8.782015970353573,8.51222948628555,8.54944138452936,147400
2023-08-11,8.912257194519043,8.958772284618513,8.735500916782915,8.735500916782915,203400
2023-08-14,9.172744750976562,9.172744750976562,8.902958166747899,8.930867766193666,269200
2023-08-15,9.275076866149902,9.535560213818176,9.182046655524598,9.200653052530395,253600
2023-08-16,9.53555965423584,9.647195368113898,9.312288226479723,9.312288226479723,185300
2023-08-17,9.53555965423584,9.609983463487879,9.330893735191838,9.554166050149744,124200
2023-08-18,9.628589630126953,9.647195138396038,9.442529224225515,9.45183242196094,179900
2023-08-21,9.675104141235352,9.758831149019413,9.582074822632237,9.665801830416298,139100
2023-08-22,9.647194862365723,9.842557573211005,9.62858935462899,9.75883057039135,176200
2023-08-23,9.80534553527832,9.814648732619228,9.61928602446883,9.684406631451719,59500
2023-08-24,9.861163139343262,9.898375038890903,9.74022424401301,9.83325354928128,74300
2023-08-25,10.10304069519043,10.112343892478497,9.870466086199107,9.870466086199107,139200
2023-08-28,10.08443546295166,10.196071171849066,10.028617164902082,10.08443546295166,77400
2023-08-29,10.121646881103516,10.158858782286915,10.056526275832992,10.065828585727562,84800
2023-08-30,10.17391586303711,10.220585381521083,10.108579071247762,10.18324994476331,89500
2023-08-31,10.20191764831543,10.341925307308808,10.173915404399164,10.173915404399164,119000
2023-09-01,10.211251258850098,10.26725485883571,10.080577675795375,10.26725485883571,40800
2023-09-05,10.183246612548828,10.26725154030205,10.015236757042384,10.015236757042384,52700
2023-09-06,9.968570709228516,10.220584667193199,9.968570709228516,10.220584667193199,40900
2023-09-07,10.080577850341797,10.16458280670126,9.865898418517943,9.968571538578193,72500
2023-09-08,10.033909797668457,10.164584292230609,10.033909797668457,10.108580683090494,38500
2023-09-11,10.080577850341797,10.145914643000474,10.015240167536081,10.071243768491403,68200
2023-09-12,10.061909675598145,10.127247358332152,10.024574238384586,10.080577839278444,64100
2023-09-13,9.996574401855469,10.127248897030668,9.931237599341456,10.080579370886156,45000
2023-09-14,10.089911460876465,10.108578733558234,9.940568828687317,9.977904264197855,41500
2023-09-15,10.136582374572754,10.192585985547057,10.024576042771349,10.0339101262916,198600
2023-09-18,10.25792121887207,10.267255300962786,10.117913548099583,10.173916260349754,96600
2023-09-19,10.024574279785156,10.36059410624196,10.015240197906458,10.257920985870362,76700
2023-09-20,10.071242332458496,10.145913196320437,9.940567875626645,9.987237388077085,59700
2023-09-21,9.75389289855957,9.996573705488,9.716557458274206,9.949904182594516,34600
2023-09-22,9.819230079650879,9.85656551800842,9.707222874431192,9.85656551800842,62100
2023-09-25,9.70722484588623,9.903236159608321,9.70722484588623,9.847233435771864,39000
2023-09-26,9.52988052368164,9.641886847673886,9.52988052368164,9.595217323473666,67300
2023-09-27,9.56721305847168,9.651217998481759,9.548544898404165,9.56721305847168,29700
2023-09-28,9.67586898803711,9.72270299563639,9.488533850924389,9.507266917993462,37200
2023-09-29,9.638400077819824,9.722701096374028,9.582199101022281,9.582199101022281,35600
2023-10-02,9.526001930236816,9.591569012145285,9.451067867117283,9.58220203093422,48400
2023-10-03,9.49790096282959,9.50726704985183,9.319931910140916,9.422966906945225,64800
2023-10-04,9.61030101776123,9.61030101776123,9.422965898106728,9.422965898106728,48200
2023-10-05,9.563468933105469,9.638402996000195,9.42296778849898,9.42296778849898,19600
2023-10-06,9.694604873657227,9.741437997272772,9.38550161271484,9.38550161271484,29800
2023-10-10,10.022439002990723,10.031805982969297,9.460433603541858,9.460433603541858,96700
2023-10-11,10.097373962402344,10.247242082371406,10.022439902417814,10.022439902417814,52400
2023-10-12,9.881939888000488,10.228510178195641,9.872572906115186,10.228510178195641,27800
2023-10-13,9.825736999511719,10.181674203110228,9.647768844354657,9.807003932629895,55500
2023-10-16,9.8070068359375,9.910040967501153,9.554103658529462,9.600937679525542,85800
2023-10-17,9.8070068359375,9.881940912217367,9.638404717665475,9.741438849229128,36100
2023-10-18,9.835103988647461,9.863204035638255,9.778903001381488,9.853837948830915,35800
2023-10-19,9.703968048095703,9.835103077376404,9.703968048095703,9.703968048095703,33400
2023-10-20,9.582201957702637,9.797638057488205,9.582201957702637,9.629035970115542,34500
2023-10-23,9.694604873657227,9.778905032135954,9.422968647578022,9.554102822956867,57400
2023-10-24,9.760170936584473,9.947506091231256,9.563468800884229,9.563468800884229,161400
2023-10-25,9.629036903381348,9.928774075904384,9.563469815619078,9.657137849523385,36400
2023-10-26,9.732071876525879,9.797638963999749,9.572836755559708,9.572836755559708,31700
2023-10-27,9.55410099029541,9.713336081240701,9.526000942859302,9.70396910100053,13800
2023-10-30,9.91694164276123,9.982740967503663,9.672542870219964,9.794742256490597,84300
2023-10-31,10.020339965820312,10.03914028375021,9.757141789941222,10.010939806855363,35700
2023-11-01,10.17073917388916,10.189539492281959,10.001540790596568,10.010940053344447,86900
2023-11-02,10.499737739562988,10.518537161803389,10.07674042999583,10.1707393340949,115200
2023-11-03,10.537335395812988,10.640734438800328,10.490335504837523,10.527935238328224,113700
2023-11-06,10.546736717224121,10.715935088380643,10.480936504017485,10.631336351026611,73600
2023-11-07,10.471537590026855,10.556136330193025,10.33993805568756,10.49033701124762,38200
2023-11-08,11.185932159423828,11.185932159423828,10.828735103185757,11.007333631304792,311100
2023-11-09,10.762933731079102,11.336330783873729,10.725333997817843,11.148331221119086,130000
2023-11-10,11.044933319091797,11.167132688919391,10.744135421945991,10.809934737834524,159400
2023-11-13,10.903934478759766,11.035533109931492,10.856934583434818,11.035533109931492,71800
2023-11-14,11.27993106842041,11.27993106842041,10.950932720345463,10.96033287805009,159500
2023-11-15,11.51492977142334,11.51492977142334,11.26113088902327,11.26113088902327,188800
2023-11-16,11.345733642578125,11.51493294413096,11.270534152209894,11.477333198946845,122900
2023-11-17,11.308133125305176,11.373933347221193,11.27053338268827,11.355133027688453,45000
2023-11-20,11.46793270111084,11.46793270111084,11.270533820590263,11.373933789140658,83000
2023-11-21,11.29873275756836,11.430331395639849,11.279932439873296,11.383331497850678,66800
2023-11-22,11.082534790039062,11.430332637137148,11.082534790039062,11.430332637137148,77900
2023-11-23,11.195331573486328,11.29873151655511,11.167131996489564,11.20473173130138,18100
2023-11-24,11.138932228088379,11.176531962254103,11.04493244444988,11.176531962254103,40000
2023-11-27,11.138932228088379,11.214131696419827,11.054332602103406,11.120131912781329,29200
2023-11-28,11.026131629943848,11.167131299017951,10.941532904237386,11.120131409326584,56100
2023-11-29,11.126078605651855,11.201509573890196,11.022360349918086,11.069504929869066,46600
2023-11-30,11.220370292663574,11.258085788299768,11.097795606252204,11.258085788299768,39700
2023-12-01,11.484375953674316,11.484375953674316,11.220366670246179,11.220366670246179,99200
2023-12-04,11.47494888305664,11.484377980387663,11.182653160252421,11.324086922593127,84600
2023-12-05,11.314656257629395,11.5032336820816,11.276940772738953,11.43723180832535,62200
2023-12-06,11.446661949157715,11.606952999374869,11.333515484158813,11.333515484158813,58100
2023-12-07,11.606953620910645,11.625810916482823,11.408947071757556,11.493806250644692,197700
2023-12-08,11.87095832824707,11.927531096419175,11.550376311245358,11.550376311245358,161500
2023-12-11,11.889817237854004,11.908675429286037,11.654095240201965,11.889817237854004,76100
2023-12-12,11.936962127685547,12.021822192920633,11.823815673774794,11.927533031724296,38800
2023-12-13,13.200433731079102,13.238149220056714,12.163256435382468,12.257545607430595,474800
2023-12-14,13.4550142288208,13.577588896076524,13.219292193130526,13.294723172614757,236000
2023-12-15,13.294721603393555,13.44558354455527,13.200432440563434,13.332437088683983,202600
2023-12-18,13.492729187011719,13.511586481535783,13.16271799036297,13.389010919900768,118400
2023-12-19,13.70959186553955,13.860453805864417,13.51158534406114,13.51158534406114,134800
2023-12-20,13.775594711303711,13.888741174528247,13.634161857075078,13.785023808041128,208200
2023-12-21,13.832168579101562,13.992459628967188,13.766166699465657,13.879313164216423,71200
2023-12-22,13.587015151977539,13.860452620228283,13.502155093001788,13.822737138373284,74900
2023-12-27,13.643592834472656,13.709594722316096,13.464443568600059,13.521017257614638,52200
2023-12-28,13.611452102661133,13.838310328817823,13.611452102661133,13.658714270670897,51300
2023-12-29,13.611452102661133,13.696523824788532,13.526381281984609,13.658714270670897,45500
2024-01-02,13.403502464294434,13.696526337091676,13.346787671989556,13.649264160412786,73500
2024-01-03,13.24280834197998,13.346784383897335,13.110474460170858,13.346784383897335,135600
2024-01-04,12.79854679107666,12.94978501407801,12.524427286523983,12.90252284402736,179200
2024-01-05,13.35623550415039,13.375139827180838,12.741829230273265,12.741829230273265,185900
2024-01-08,13.337332725524902,13.469666616808851,13.223904062189039,13.384594893944232,137800
2024-01-09,13.375144958496094,13.488574545998416,13.186097148410667,13.318431066195998,93900
2024-01-10,13.535833358764648,13.611452469035331,13.308976027952603,13.308976027952603,90600
2024-01-11,13.394047737121582,13.535833343354971,13.1766421192527,13.469666847306177,101700
2024-01-12,13.337332725524902,13.516928785228183,13.195547121717794,13.412951834415477,85400
2024-01-15,13.394047737121582,13.394047737121582,13.186094733388499,13.337332953757688,42000
2024-01-16,13.545286178588867,13.554738792878961,13.327881458622214,13.394047955751036,103000
2024-01-17,13.535833358764648,13.60200075633967,13.327881256245725,13.384595138223284,52200
2024-01-18,13.649262428283691,13.649262428283691,13.431857705181516,13.564191602798662,72100
2024-01-19,13.847764015197754,13.847764015197754,13.450763189646395,13.61145404291485,79900
2024-01-22,13.885570526123047,13.980094854863761,13.800499711997373,13.932832690493404,67200
2024-01-23,14.140788078308105,14.19750286549031,13.932835060574629,13.961192904891213,105800
2024-01-24,14.178596496582031,14.40545382417913,14.131334327969913,14.178596496582031,124200
2024-01-25,14.320379257202148,14.367641416428865,14.08406936251927,14.159688456701733,52700
2024-01-26,14.641763687133789,14.698478469453839,14.329834638000728,14.41490636075536,161400
2024-01-29,14.63231086730957,14.86862080432517,14.499977879509391,14.52833481954502,105300
2024-01-30,14.761163711547852,14.855908384803326,14.533777579997311,14.59062366110886,89500
2024-01-31,14.505353927612305,14.874856149908455,14.43903229771002,14.713790754299112,77500
2024-02-01,14.922228813171387,14.922228813171387,14.524302639202645,14.524302639202645,84700
2024-02-02,14.884330749511719,14.96012612325362,14.780112336504638,14.903279141171131,68900
2024-02-05,14.66641902923584,14.893806064198136,14.66641902923584,14.893806064198136,58800
2024-02-06,14.315866470336914,14.637997303886701,14.287443427244948,14.637997303886701,76700
2024-02-07,14.439033508300781,14.505355143763573,14.315865789358117,14.315865789358117,167100
2024-02-08,14.780112266540527,14.91275371818491,14.448506830325327,14.448506830325327,119500
2024-02-09,14.552724838256836,14.846432579615072,14.44850642864048,14.846432579615072,32000
2024-02-12,14.562199592590332,14.628520317056207,14.40113420155712,14.42008349629143,66900
2024-02-13,14.931706428527832,15.10224560586996,14.552728571379294,14.675896307186145,229700
2024-02-14,15.31067943572998,15.31067943572998,14.960125618122174,15.054870283876543,193200
2024-02-15,15.70860767364502,15.765453757809926,15.168565356317336,15.320156118826706,229900
2024-02-16,15.992839813232422,16.011789110217528,15.70860758687351,15.70860758687351,183500
2024-02-20,16.021259307861328,16.078105375919883,15.699128577022993,15.992835370280092,183300
2024-02-21,15.689658164978027,16.134957605060755,15.519118107678635,15.945468250927117,130100
2024-02-22,15.822296142578125,16.030732916711898,15.642281497083074,15.803346852083108,95600
2024-02-23,15.793874740600586,15.90756869470647,15.575963286260412,15.879144754403976,138200
2024-02-26,16.030733108520508,16.068629882860172,15.699127749305255,15.699127749305255,134400
2024-02-27,16.267593383789062,16.267593383789062,15.860192679745811,16.144426611617366,181200
2024-02-28,16.178354263305664,16.26380164689294,15.997961318173815,16.168859707151206,120700
2024-02-29,16.178354263305664,16.605598424847724,16.178354263305664,16.178354263305664,1213800
2024-03-01,16.61509132385254,16.71003506502623,16.36823832116144,16.36823832116144,245200
2024-03-04,16.36823844909668,16.672056974506166,16.320767483589417,16.6150914537172,142200
2024-03-05,16.62458038330078,16.899915149692863,16.46317661993279,16.46317661993279,255000
2024-03-06,17.93480110168457,18.419012481374804,17.450589721994337,17.725926350228402,449500
2024-03-07,17.403121948242188,17.972782605698335,17.203741714128256,17.22272901435246,321800
2024-03-08,17.555028915405273,17.915814735915017,17.403119668106772,17.431603331063144,164800
2024-03-11,17.60249900817871,17.649969961647265,17.365140619034342,17.56452079668323,116900
2024-03-12,17.763904571533203,17.92530838127177,17.526546134323613,17.526546134323613,161300
2024-03-13,18.02025604248047,18.191154444230904,17.706942909571854,17.90632498191455,138100
2024-03-14,18.16266632080078,18.19114998440986,17.839860521070104,18.05822984270305,143500
2024-03-15,17.763904571533203,18.276599665138477,17.602502572695798,18.134184964992954,274100
2024-03-18,17.697446823120117,18.07722182125344,17.6689649658911,17.887334322186778,111300
2024-03-19,17.56452178955078,17.725925575728635,17.422107110194062,17.630981852523856,106100
2024-03-20,17.488569259643555,17.725927690523136,17.441098297828084,17.555029330545658,78900
2024-03-21,17.963287353515625,17.97278190871018,17.507559569584448,17.507559569584448,140900
2024-03-22,17.555028915405273,18.020251211619566,17.536039806767693,18.020251211619566,56300
2024-03-25,17.555028915405273,17.735421825660147,17.29868138150115,17.536039806767693,78700
2024-03-26,17.611997604370117,18.09620909648436,17.488571997784792,17.706941353767274,133100
2024-03-27,18.0184326171875,18.0184326171875,17.609138829587216,17.77095261037103,92200
2024-03-28,17.742399215698242,17.942287711116062,17.70432634045272,17.856621472437165,59900
2024-04-01,17.590106964111328,17.837587047986453,17.437811807188403,17.81854969949572,85700
2024-04-02,17.80902671813965,17.885176093685875,17.41877024597044,17.41877024597044,118800
2024-04-03,17.542509078979492,17.904209492293138,17.447324186370377,17.809024599684022,86000
2024-04-04,17.532995223999023,17.799512633409364,17.49492053029698,17.561551244275556,108800
2024-04-05,18.113618850708008,18.227839283510097,17.57106544064442,17.590102784611783,119600
2024-04-08,18.33254051208496,18.437244074995622,17.99939429732443,18.046985835647014,101300
2024-04-09,18.075542449951172,18.46579888679655,18.02795091004354,18.446761544633148,56700
2024-04-10,17.9993953704834,18.151690480796773,17.799508719009935,17.951803829323314,65000
2024-04-11,18.208805084228516,18.323027352257995,17.875660584770365,17.875660584770365,86900
2024-04-12,17.656734466552734,18.265916861382703,17.485403790242557,18.265916861382703,100500
2024-04-15,17.723360061645508,18.11361648449128,17.6472125112244,17.6472125112244,77500
2024-04-16,17.475881576538086,17.74239711825373,17.275993104750388,17.609139347395907,91400
2024-04-17,17.380699157714844,17.74239965118044,17.323588935694218,17.504438274676403,61200
2024-04-18,17.314067840576172,17.513954497435297,17.028513139419033,17.38069672619588,79800
2024-04-19,17.789993286132812,17.789993286132812,17.37118074878076,17.390218094910683,110000
2024-04-22,18.0184326171875,18.075542829375635,17.59962015830571,17.789989952934043,102700
2024-04-23,18.066024780273438,18.26591325306728,17.875656794589897,17.923248337135536,77600
2024-04-24,18.522912979125977,18.532431652202245,18.113620929853937,18.208804029614118,219300
2024-04-25,18.0184326171875,18.370614377098732,18.00891394590599,18.323022836192106,131400
2024-04-26,18.21831703186035,18.342057927833668,18.094577951387723,18.12313396172788,44600
2024-04-29,18.53034210205078,18.568508698465937,18.35858786825691,18.37767207644962,135900
2024-04-30,18.06278419494629,18.558962530838357,18.06278419494629,18.51125202548161,103800
2024-05-01,18.186830520629883,18.27270762282349,17.81469762443756,18.00553603375001,69500
2024-05-02,18.26316261291504,18.396750206154948,18.100950536814167,18.301331016689204,51100
2024-05-03,18.41583824157715,18.578050367475754,18.291794531170083,18.387213749928716,57700
2024-05-06,19.293689727783203,19.350942344936023,18.568506290244414,18.597132598820824,131600
2024-05-07,19.007434844970703,19.303232768078534,18.9406419416854,19.303232768078534,53500
2024-05-08,19.179189682006836,19.274608898329294,18.63530251493006,18.730719911282343,83600
2024-05-09,19.45590591430664,19.608575952106335,19.21735875274831,19.350946400800854,79300
2024-05-10,19.608572006225586,19.665824623857194,19.331858300886314,19.47498620502525,72600
2024-05-13,19.541776657104492,19.942535830461726,19.427275076128037,19.63719585456475,101100
2024-05-14,19.43682289123535,19.60857531318587,19.33186156117919,19.60857531318587,68000
2024-05-15,21.47878074645996,21.698243638030338,20.152459474829524,20.152459474829524,222000
2024-05-16,20.553224563598633,21.46924480154543,19.66582882060615,21.46924480154543,197300
2024-05-17,20.142919540405273,20.772683796147778,20.11429323060967,20.381466662125014,123600
2024-05-21,20.276504516601562,20.276504516601562,19.322316068761488,20.037957404641542,171600
2024-05-22,19.808958053588867,20.33376112181239,19.646745898324596,20.133382364117406,141000
2024-05-23,19.579944610595703,20.037954563833438,19.41773252466112,20.037954563833438,139200
2024-05-24,20.410093307495117,20.562763335921883,19.761244776696213,19.761244776696213,124200
2024-05-27,20.381465911865234,20.82039172608666,20.276504599781834,20.276504599781834,71400
2024-05-28,20.553224563598633,20.877647032893634,20.419636913920233,20.64864197340693,85200
2024-05-29,20.362382888793945,20.639096609491332,20.286047881018444,20.59138791212045,83300
2024-05-30,20.610475540161133,20.686810560607377,20.276509143219894,20.41009497400821,123500
2024-05-31,20.712791442871094,20.751043087685428,20.119905539759404,20.54066268908421,296400
2024-06-03,20.684104919433594,20.770169305523336,20.49285214674229,20.66498091892177,99100
2024-06-04,21.257863998413086,21.2961156421199,20.46416063088429,20.51197518551781,87800
2024-06-05,22.319326400756836,22.338452225181584,21.41086980391047,21.44912145275996,158600
2024-06-06,23.246902465820312,23.5624712115486,22.2141318594424,22.2141318594424,397300
2024-06-07,21.99419403076172,23.419035077360128,21.707313968631713,23.419035077360128,313600
2024-06-10,22.510578155517578,22.673142170789735,21.99419190486917,21.99419190486917,108100
2024-06-11,24.021482467651367,24.212735208201508,22.950460189603508,22.950460189603508,299600
2024-06-12,24.643062591552734,24.987318331304042,23.964110376934304,23.964110376934304,286500
2024-06-13,25.073381423950195,25.16900872268372,24.451806718090808,24.614372578756097,151900
2024-06-14,24.77693748474121,25.130757929240495,24.432679952140717,25.00644189849523,134900
2024-06-17,24.250988006591797,24.89168845704793,23.256467142148153,24.623932418788765,209500
2024-06-18,25.264636993408203,25.388951209787137,24.155364662876593,24.566560786493138,281600
2024-06-19,24.96819305419922,25.17857165240762,24.77693845659957,25.17857165240762,82500
2024-06-20,24.843873977661133,25.39851005408525,24.480492475426903,24.92037544254933,209700
2024-06-21,23.8780460357666,24.872567077860502,23.858922034141038,24.872567077860502,242700
2024-06-24,24.097991943359375,24.164930516011818,23.294725423651442,23.868485660066273,234100
2024-06-25,24.738689422607422,24.92994220238448,24.126675785079236,24.346617302595437,137000
2024-06-26,24.604806900024414,24.958627318374624,24.442241057637368,24.690871276813958,99600
2024-06-27,25.436765670776367,25.80971014235404,24.652625077234042,24.67174907848845,180600
2024-06-28,25.69253921508789,26.152360512718666,25.577584804263903,25.740438408904065,176500
2024-07-02,25.328514099121094,25.69253883084276,24.89743049705968,25.69253883084276,178200
2024-07-03,25.43389129638672,25.539267704922075,25.25187982531166,25.328516715018942,81100
2024-07-04,25.74043846130371,25.845813033578974,25.38599173501214,25.38599173501214,44600
2024-07-05,25.232717514038086,25.64464143843429,25.02196654611864,25.64464143843429,86800
2024-07-08,25.654224395751953,25.66380423552662,25.156083690474997,25.338096991858425,152800
2024-07-09,25.318933486938477,25.721277560847287,25.19439741585126,25.596741489760067,155000
2024-07-10,25.453046798706055,25.5680030279862,25.223136167313033,25.472206474780624,66000
2024-07-11,25.606319427490234,25.73085548933392,25.376408806202505,25.472205355197527,121100
2024-07-12,25.251876831054688,25.81707451081507,25.232717154107846,25.788334995394802,68700
2024-07-15,24.77289581298828,25.4051505334303,24.705838770997058,25.213557418740507,92700
2024-07-16,25.16565704345703,25.33809046061872,24.370548818785906,24.839949883744318,141300
2024-07-17,24.169374465942383,24.93574496071941,23.83408748867537,24.926165123978407,158700
2024-07-18,23.901153564453125,24.57172589434537,23.747879784639608,24.322655545356508,94700
2024-07-19,24.13106346130371,24.274757396880705,23.403012116923737,23.699979827405198,85900
2024-07-22,24.523822784423828,24.6962562031541,24.12147874977558,24.13105858716806,74700
2024-07-23,24.849533081054688,25.098603403169687,24.523825877301796,24.523825877301796,46900
2024-07-24,24.18853759765625,24.954906374833886,24.08316120560659,24.849531809951518,57500
2024-07-25,24.380128860473633,24.648356998602956,23.738294372972938,24.34180951093107,86300
2024-07-26,24.81121063232422,25.098600273000084,24.389706922299908,24.389706922299908,64300
2024-07-29,24.523822784423828,25.098600237802348,24.40886656288126,24.81121059752951,70900
2024-07-30,24.7824764251709,25.021966912426574,24.51424642166427,24.52382626041459,78900
2024-07-31,24.84677505493164,25.067508713288955,24.626043227067317,24.626043227067317,103300
2024-08-01,24.549266815185547,24.96194047639962,24.146190428708195,24.942745926926175,81900
2024-08-02,22.917766571044922,24.021429362195214,22.6490502021329,23.733516613441363,135500
2024-08-06,21.612565994262695,22.24597141026836,19.654766104432262,21.113518748169515,304200
2024-08-07,21.545385360717773,22.399522517471638,21.28626448266009,21.60296716789971,174500
2024-08-08,22.639448165893555,23.32083805003,21.171098398405633,22.447506373760493,392700
2024-08-09,23.474393844604492,23.474393844604492,22.140403888035745,22.65864569678474,186400
2024-08-12,21.948469161987305,23.752714990166773,21.79491457294656,23.61835678406105,148500
2024-08-13,21.41103172302246,21.929273632909872,20.83520798886751,21.785318156994432,179600
2024-08-14,22.610658645629883,22.610658645629883,21.353445087828305,21.363042361459495,219400
2024-08-15,24.184581756591797,24.837180024397714,22.341946938656296,22.341946938656296,235700
2024-08-16,23.714319229125977,24.31893464788425,23.67593196551032,24.299740100830043,120500
2024-08-19,23.46480369567871,23.771909208456808,23.253667282773833,23.72392282802695,129300
2024-08-20,23.119298934936523,23.455196128597237,22.72581994051731,23.148090750561995,82000
2024-08-21,23.282453536987305,23.416811709037766,22.754614461588137,23.080914448418806,92400
2024-08-22,22.58186912536621,23.877469974173188,22.562674577704215,23.272856366762785,89200
2024-08-23,22.99454116821289,23.10970662494952,22.764212085232472,22.764212085232472,73300
2024-08-26,22.773805618286133,23.20567372199271,22.524282028421503,23.032926480510078,61700
2024-08-27,22.3227481842041,22.57227181189341,22.18839001179171,22.313150910389957,107100
2024-08-28,21.98685073852539,22.610658887277427,21.938866200349388,22.524285254166383,95900
2024-08-29,22.092418670654297,22.284358651692568,21.93886595362657,21.93886595362657,84300
2024-08-30,22.051071166992188,22.35880496333199,21.656787011152048,22.35880496333199,105200
2024-09-03,21.40675163269043,21.926051926092157,21.07978403400719,21.926051926092157,117800
2024-09-04,21.07978057861328,21.445213922643244,21.041312945432388,21.291347058395083,56200
2024-09-05,20.95476531982422,21.502916276022738,20.887446958928763,21.070164555740863,60700
2024-09-06,20.358531951904297,21.166334024858223,20.137348531372098,21.14710020544552,164500
2024-09-09,21.12786865234375,21.300969377150057,20.454701408832552,20.454701408832552,173200
2024-09-10,21.031700134277344,21.2240328181627,20.637414188700866,21.2240328181627,138200
2024-09-11,21.474069595336914,21.599085763504196,20.906684714852375,21.031702717257783,127400
2024-09-12,21.34905242919922,21.66640312427638,21.002851003937575,21.531768217653493,149500
2024-09-13,21.156715393066406,21.637549833817914,21.156715393066406,21.550999487743617,95700
2024-09-16,21.608699798583984,21.68563323819679,20.868216130149932,21.25288332821396,180300
2024-09-17,21.77218246459961,21.916434261395025,21.435599830044413,21.560615975130947,119200
2024-09-18,21.714479446411133,22.127997286102847,21.64716293004039,21.954896624442362,131400
2024-09-19,21.877960205078125,22.156844973840474,21.791409886099277,22.156844973840474,202100
2024-09-20,21.63755226135254,22.012602580259813,21.43560265401417,21.964519864485354,1573900
2024-09-23,22.022218704223633,22.176085590295575,21.78180146545648,21.897202547129417,101100
2024-09-24,21.849117279052734,22.089534509899767,21.349050832911715,22.041451797425523,132200
2024-09-25,21.993370056152344,22.060686590284067,21.656785551255744,21.762567890217884,68000
2024-09-26,22.49343490600586,23.02235389971356,22.02221736674923,22.02221736674923,229100
2024-09-27,22.885623931884766,23.001257366756604,22.471273393996405,22.471273393996405,108300
2024-09-30,23.27106475830078,23.357789371642916,22.72181009908794,22.97234766675066,124200
2024-10-01,22.953075408935547,23.27106504918789,22.606176951230793,23.27106504918789,142600
2024-10-02,23.48305892944336,23.579417976623184,22.83744338851106,22.991620069515996,95500
2024-10-03,24.061220169067383,24.080492713359224,23.521601794412742,23.540874338704583,109000
2024-10-04,24.909191131591797,24.928463673866563,24.032310675328574,24.070853921947318,122100
2024-10-07,25.2464542388916,25.31390630151199,24.812831210716446,24.822467482223768,98700
2024-10-08,25.71862030029297,25.83425188155303,25.005552756086427,25.15972942305374,107100
2024-10-09,28.773252487182617,29.274325805274714,26.21006274635847,26.21006274635847,321200
2024-10-10,31.365346908569336,31.480978497369442,28.831066171850644,28.908154510361037,383200
2024-10-11,30.73900604248047,31.30753510524979,30.209023908513824,31.124447761540853,235900
2024-10-15,29.91030502319336,30.873910182374622,29.428502443602724,30.873910182374622,252600
2024-10-16,30.074119567871094,30.777552811176115,29.736859194014595,29.736859194014595,134700
2024-10-17,29.312868118286133,30.36319785666834,29.312868118286133,30.180112367409084,95700
2024-10-18,29.0141544342041,29.68867700106502,28.850341469493525,28.994881888254355,138800
2024-10-21,28.87924575805664,29.18760095071104,28.156541893699487,28.93706339051551,201000
2024-10-22,28.63834571838379,28.88888328950113,28.426353237252673,28.44562578224579,191000
2024-10-23,28.156543731689453,28.840704390331986,27.81928337665203,28.59016681378198,83900
2024-10-24,28.686525344848633,29.0237875100939,28.358899451516766,28.455260332719835,139400
2024-10-25,29.650136947631836,30.23793495909892,28.69616787531837,28.90816038985536,119000
2024-10-28,29.370685577392578,30.228295441242814,29.20687262253858,30.228295441242814,130100
2024-10-29,29.515226364135742,29.61158725138511,29.004516786196877,29.26469063039086,70100
2024-10-30,29.621219635009766,29.804305112953642,29.100873852867714,29.2935937641337,83300
2024-10-31,29.251596450805664,29.859598342352726,28.94277091130353,29.483215605432264,104400
2024-11-01,29.859600067138672,29.917504398953707,29.290202255511847,29.473568120462566,80000
2024-11-04,29.98505973815918,30.40004477081981,29.734138512812155,29.956108492645054,118300
2024-11-05,30.004356384277344,30.004356384277344,29.222641603707086,29.96575227622687,112000
2024-11-06,27.369693756103516,29.724489727227798,25.613246886869007,29.724489727227798,684500
2024-11-07,28.51813507080078,28.74975606777025,26.559022350792883,27.39864156201186,354500
2024-11-08,28.064550399780273,28.711154628058818,27.746073800224906,28.711154628058818,160300
2024-11-11,28.469881057739258,28.942770386622428,28.02594481293907,28.209308823228515,217000
2024-11-12,27.54340362548828,28.614641933821506,27.504799514541695,28.46022917152581,199200
2024-11-13,27.022262573242188,28.247915638878894,26.935405153425695,27.736422148931265,219500
2024-11-14,27.832931518554688,28.20931245638173,27.1959783126571,27.1959783126571,239200
2024-11-15,27.69782257080078,27.890837646384718,27.360043887596724,27.50480565447111,78300
2024-11-18,28.315471649169922,28.440931346919033,27.861884322543933,27.939090715176988,102800
2024-11-19,28.363723754882812,28.42162992746815,27.746072639936703,27.746072639936703,82700
2024-11-20,28.286514282226562,28.41197580174038,27.765371670982773,28.41197580174038,89500
2024-11-21,28.94277000427246,29.299850673597213,28.556738091992564,28.556738091992564,121700
2024-11-22,28.875215530395508,29.04893035640601,28.5277858783745,28.836611417617434,65800
2024-11-25,29.5700740814209,29.647280469071653,28.69185073161402,28.894518649663173,747200
2024-11-26,29.31915283203125,29.40601024814462,28.47953359726266,29.04893139589675,168500
2024-11-27,29.463918685913086,29.820997565629455,29.29020384032323,29.31915508742446,93400
2024-11-28,29.589378356933594,29.820997537251113,29.434965570055247,29.61833144475289,34400
2024-11-29,29.840869903564453,30.102038410352158,29.734467509327033,29.850543016218545,94900
2024-12-02,29.63774299621582,29.850547818929225,29.52166931560659,29.850547818929225,112300
2024-12-03,29.792503356933594,29.83119580627284,29.492644254384555,29.676429698830916,89400
2024-12-04,29.067035675048828,29.98596102509106,28.95096202038595,29.908577973663316,121200
2024-12-05,29.028348922729492,29.25082499447836,28.41895569755581,29.086385757760127,133400
2024-12-06,28.94129180908203,29.52166567543888,28.689796405495475,29.212133438703937,172600
2024-12-09,26.880966186523438,28.8639081929425,26.85194684803037,28.8639081929425,324200
2024-12-10,26.56175994873047,27.296899945583355,26.029751638684754,26.69718168825448,166900
2024-12-11,26.64881706237793,27.08409794592047,26.610126453261792,26.871294983387315,78800
2024-12-12,26.232885360717773,26.619800693037952,25.952370591687,26.619800693037952,118200
2024-12-13,26.64881706237793,27.055078605365047,26.242555519390812,26.242555519390812,125600
2024-12-16,26.590778350830078,26.958349258777012,26.368302290469245,26.66816140856244,77000
2024-12-17,26.097457885742188,26.629467965314593,25.729888861910332,26.252223984719542,149800
2024-12-18,25.342975616455078,26.107133059901294,25.07213399937065,26.107133059901294,193800
2024-12-19,25.081806182861328,25.633160664219258,24.627179133704256,25.555777611484068,171500
2024-12-20,25.168867111206055,25.459053152643545,24.74325931813426,25.03344535957175,187200
2024-12-23,25.31395721435547,25.43970399249663,24.82063952480296,25.149517984504634,172400
2024-12-24,25.42035675048828,25.6138134523898,25.178534489393307,25.42035675048828,35100
2024-12-27,25.323631286621094,25.623490418900108,25.052789649265964,25.294611946739494,61300
2024-12-30,24.849660873413086,25.13984690487518,24.636856061713612,25.13984690487518,103900
2024-12-31,25.276426315307617,25.29582539847324,24.72356539507616,24.78176079457463,83300
2025-01-02,25.431615829467773,25.732296075028614,25.082441574943132,25.48011353842844,85800
2025-01-03,26.32395362854004,26.440346281392152,25.528609692379053,25.548008776187483,600200
2025-01-06,25.082439422607422,26.993204591731697,25.004844944927203,26.799217472532018,201100
2025-01-07,23.220172882080078,25.373421282423923,23.152277937249192,25.072742876744933,483800
2025-01-08,23.77303123474121,23.821527090035126,22.415126936530427,23.08437861957823,289200
2025-01-09,23.646944046020508,24.06401514964165,23.25897157172131,23.773036256416926,114500
2025-01-10,23.132877349853516,23.501450676413747,22.851596196690455,23.394759420040153,119900
2025-01-13,22.61881446838379,22.99708736515397,22.5509195228095,22.90009564290414,190000
2025-01-14,22.240541458129883,22.929192302582077,22.017457538095947,22.56061894991725,244800
2025-01-15,22.2308406829834,22.696407581580292,22.095050800058903,22.696407581580292,159600
2025-01-16,22.00775909423828,22.51212236252952,21.968960923601248,22.27933888870312,247900
2025-01-17,21.852567672729492,22.26963686053705,21.338503069154974,22.26963686053705,315800
2025-01-20,22.00775909423828,22.056254957535973,21.648883415840118,21.901065974985038,112800
2025-01-21,22.51211929321289,22.51211929321289,21.90106298898021,22.192041829091327,227400
2025-01-22,23.685739517211914,23.753634461221363,22.550919003058084,22.550919003058084,313300
2025-01-23,24.064014434814453,24.064014434814453,23.472357122833007,23.666342429220883,405100
2025-01-24,25.344322204589844,25.635302912965376,24.170705379137406,24.170705379137406,348100
2025-01-27,23.627544403076172,24.830259875893063,23.46265588704491,24.733266304698468,386200
2025-01-28,23.986417770385742,24.170705367266557,23.569346716917906,23.8991237429158,228400
2025-01-29,23.782733917236328,24.694468697180383,23.394761473643268,24.00581784105252,175900
2025-01-30,23.86033058166504,24.248303060635465,23.734238369750457,24.161009021617282,88200
2025-01-31,23.01407814025879,23.89923484909353,22.984896477064623,23.89923484909353,215300
2025-02-03,22.615272521972656,22.74172269179478,20.533695343746654,20.533695343746654,213900
2025-02-04,22.868173599243164,23.315614637814093,22.71254177232478,23.00435098397732,113500
2025-02-05,23.490699768066406,23.743601938367288,22.82926360809143,22.84871804933249,133500
2025-02-06,23.986778259277344,24.288314694640896,23.26698058970882,23.26698058970882,192500
2025-02-07,23.97705078125,24.619032529806347,23.850600617864295,23.986778002322396,334600
2025-02-10,24.278587341308594,24.833027813690197,23.996505349833694,23.996505349833694,238400
2025-02-11,23.84087562561035,24.463402990220295,23.84087562561035,24.259136894436867,89600
2025-02-12,23.305885314941406,24.074319014419746,23.218344043562503,23.938141641966393,109900
2025-02-13,23.15025520324707,23.5198821774646,22.75144842151816,23.344795911285527,128600
2025-02-14,22.673633575439453,23.364251451697893,22.65418098794313,23.364251451697893,103300
2025-02-18,22.265100479125977,22.90708227513616,22.25537325733457,22.8973569086226,153700
2025-02-19,22.0413761138916,22.333185295818282,21.914925963130717,22.28455105058968,179300
2025-02-20,21.341032028198242,22.08028402597409,21.292395929825027,22.08028402597409,241000
2025-02-21,20.94222640991211,21.477210533481845,20.679597030584034,21.477210533481845,175600
2025-02-24,20.971406936645508,21.341033895514087,20.358606885743278,20.951954350871592,176300
2025-02-25,21.282672882080078,21.389670464197877,20.689327207836023,21.11731382575158,158200
2025-02-26,21.428577423095703,21.710659402473286,21.17567525055994,21.56475480243125,116400
2025-02-27,21.243762969970703,21.584208258038213,21.039495055019174,21.331306097053137,172600
2025-02-28,21.536510467529297,21.536510467529297,20.931498520495847,21.11690438680829,174700
2025-03-03,21.224246978759766,21.92684207076773,21.06811473609133,21.66337007454171,173200
2025-03-04,20.180112838745117,21.21448945944435,19.399449728152128,20.726575713289943,306100
2025-03-05,20.687543869018555,20.960774379467487,20.19963011608173,20.2093867532464,151300
2025-03-06,20.102048873901367,20.88271020713808,19.67268420999946,20.385037909233386,213000
2025-03-07,20.27769660949707,20.541168626311713,19.61413359568151,20.141079490554088,254200
2025-03-10,20.24842071533203,20.45334359784947,19.409208465990307,20.346003838016017,491500
2025-03-11,20.716815948486328,21.136422042325236,20.014220867024996,20.287453218214853,163600
2025-03-12,20.609477996826172,21.107148393057006,20.580202501241832,20.87295001211212,147300
2025-03-13,19.9361572265625,21.224249300078682,19.68244183916638,20.48262013566926,535600
2025-03-14,20.990049362182617,21.604819856925285,20.50213562115906,20.50213562115906,376300
2025-03-17,21.107149124145508,21.341349374445674,20.911984730553165,21.087633987656616,275200
2025-03-18,21.487722396850586,21.487722396850586,20.882708516636768,21.10714839911799,211800
2025-03-19,21.7121639251709,21.956120823206525,21.107149999095434,21.458448527864633,162000
2025-03-20,21.370620727539062,21.712160706405303,21.224246982665857,21.575545459356068,105600
2025-03-21,21.214494705200195,21.331594852179894,20.872954626190083,21.243770207256045,250400
2025-03-24,21.7121639251709,21.878054690284863,21.331591759833213,21.331591759833213,82400
2025-03-25,21.79022979736328,21.819505294824896,21.487723768566873,21.70240516622184,99400
2025-03-26,21.73168182373047,22.297661776163466,21.546274052396562,21.819506459560028,139300
2025-03-27,21.565786361694336,21.741435595153874,21.07787265152588,21.575544859246875,94000
2025-03-28,20.804641723632812,21.60481996511973,20.73633409734635,21.536512338833273,321800
2025-03-31,21.313743591308594,21.343113654539707,20.354282933356426,20.61862283930801,349600
2025-04-01,21.499759674072266,21.636826812732746,20.902545372486436,21.20604784492345,144800
2025-04-02,21.411649703979492,21.675989629001265,21.294163840456356,21.294163840456356,114400
2025-04-03,20.256380081176758,21.098354955400215,20.21721750371896,20.638205874517926,189100
2025-04-04,18.582216262817383,20.804641997285497,18.40598840829577,19.68853474181445,358100
2025-04-07,18.76823616027832,19.41440376344365,17.152817152364985,17.86751740020323,243400
2025-04-08,17.99479103088379,20.080151524158932,17.81856504053079,19.894133022405065,141300
2025-04-09,20.040987014770508,20.266168070907792,17.612963551664183,17.79898203547351,176800
2025-04-10,18.856346130371094,19.73748341606852,18.445148481395744,19.73748341606852,128000
2025-04-11,19.14027214050293,19.277339303117827,18.55284837954472,18.680123029785772,100500
2025-04-14,19.6689510345459,19.76685559361135,18.905297714684355,19.571046475480447,137800
2025-04-15,20.060571670532227,20.0801529599853,19.33608076713954,19.639583284163947,207100
2025-04-16,20.021411895751953,20.46197972481182,19.815812081624312,19.8941353757266,94300
2025-04-17,20.461978912353516,20.618625494338314,20.11931381399631,20.236799684172187,154800
2025-04-21,20.158475875854492,20.4913503208733,19.894134075273467,20.266171098470725,93200
2025-04-22,20.491348266601562,21.16688773346049,20.442395048786093,20.941706666257968,245900
2025-04-23,20.207426071166992,21.617247059291834,20.178056006593692,20.559881785041803,208800
2025-04-24,20.550094604492188,20.971083029822317,20.23680141374643,20.23680141374643,193100
2025-04-25,20.24658966064453,20.57946410321795,20.03119921699438,20.569673458745264,123100
2025-04-28,20.550094604492188,20.81443643444944,20.168268761692637,20.37386671785402,265400
2025-04-29,20.92212677001953,21.059192042032645,20.43260580725924,20.716526994625585,116800
2025-04-30,20.735498428344727,20.90248261654428,20.34259313363193,20.755142194271333,142300
2025-05-01,21.786516189575195,21.884742515088163,20.882837367176297,20.941772413079548,217900
2025-05-02,22.70001792907715,22.758952975232752,22.041903980886982,22.071370567209115,194100
2025-05-05,23.819793701171875,23.937665669605156,22.346404400068458,22.50356577563858,255900
2025-05-06,23.181324005126953,24.320744847249976,23.13220990722692,23.888550153286022,169200
2025-05-07,23.4661808013916,23.800149208966584,23.13221239381662,23.377777289179903,135700
2025-05-08,24.25198745727539,24.723471565254883,23.574227881110303,24.153761133068503,155100
2025-05-09,24.045711517333984,24.438614932941807,23.74121160442683,24.438614932941807,206300
2025-05-12,24.72347640991211,25.03779921015783,24.124297400998916,24.821702753366814,259000
2025-05-13,25.538747787475586,25.774489849923228,24.752940912650118,25.008326741834864,313400
2025-05-14,25.519102096557617,25.88253894638738,25.420875769021624,25.578039017186036,200700
2025-05-15,24.576133728027344,26.570119361718714,23.672454891451643,25.88253881936393,452900
2025-05-16,24.86098861694336,25.02797281492054,24.24216592650522,24.37968166360005,354800
2025-05-20,25.401229858398438,25.84324548473617,24.83151945498825,24.89045449713104,341900
2025-05-21,25.686086654663086,26.137927018315708,25.322651673203648,25.450344589348788,355700
2025-05-22,26.08881187438965,26.245973244984484,25.46016639201031,25.46016639201031,165600
2025-05-23,25.568214416503906,26.422779097478784,25.45034245696708,26.059344146470096,178100
2025-05-26,25.83342170715332,26.029874338356695,25.519098996036835,25.636970949461087,78600
2025-05-27,26.295087814331055,26.3736685010333,25.745021133903983,25.882538740766428,320500
2025-05-28,26.658525466918945,26.658525466918945,26.02005708910881,26.137929067763878,252000
2025-05-29,26.69781494140625,26.845153499604876,26.422781592193783,26.66834648036196,217300
2025-05-30,26.628877639770508,27.00309919349311,26.530397690364936,26.73720389360271,405600
2025-06-02,26.24480628967285,26.83568411371806,26.146326339273845,26.589485176894957,129700
2025-06-03,26.855382919311523,27.081885510963094,26.26450504158435,26.412224041428896,139600
2025-06-04,26.5008544921875,27.229603149558468,26.313742766618944,26.84553339349308,134300
2025-06-05,26.825836181640625,26.85538073054119,26.382679218225217,26.56978905954893,82800
2025-06-06,27.05234146118164,27.25914956747724,26.78644800787162,27.16066960630548,96200
2025-06-09,27.328083038330078,27.38717025950229,26.93416509993384,27.05233954227826,171300
2025-06-10,27.150815963745117,27.456102091486386,26.87507438192022,27.367472210434563,159600
2025-06-11,27.091733932495117,27.623522712272365,26.983405788428875,27.249301117492006,93300
2025-06-12,27.505346298217773,27.840177012009203,27.032644776988302,27.15081921812123,122600
2025-06-13,27.515193939208984,27.800783731610345,27.07203509782034,27.45610484145794,174400
2025-06-16,27.790935516357422,27.918960016320412,27.495497541340864,27.918960016320412,93500
2025-06-17,27.05234146118164,28.017442826646068,26.973557867914035,27.869721945713913,129700
2025-06-18,27.190210342407227,27.43640927161164,27.101578577625737,27.229601194338578,64600
2025-06-19,27.101579666137695,27.603825727288843,27.081883300206552,27.41671400764065,60300
2025-06-20,26.884923934936523,27.426562738775587,26.69781408989744,27.426562738775587,222200
2025-06-23,27.11142921447754,27.387170838004984,26.628879494955573,26.67811853391435,94800
2025-06-24,27.593978881835938,27.682610654473336,27.111429163226184,27.416715336561143,84700
2025-06-25,27.593978881835938,27.869720504842125,27.377322602789445,27.633369737258707,111900
2025-06-26,27.869720458984375,27.968200414902658,27.456106146806743,27.81063323677298,155200
2025-06-27,27.8303279876709,28.046982375432034,27.52504183256457,28.01743970521618,209100
2025-06-30,28.42267417907715,28.52139678963517,27.64275275117972,27.701986694117153,102300
2025-07-02,28.40292739868164,28.541140552549397,28.057392630999257,28.185733147731746,109400
2025-07-03,28.659610748291016,28.778078629678635,28.294330700817632,28.472034405912087,66400
2025-07-04,28.965654373168945,29.084122252107143,28.343691418197945,28.343691418197945,47700
2025-07-07,28.600374221801758,29.281571113587457,28.570758193689105,28.9656542602993,90100
2025-07-08,28.965654373168945,29.04463358679874,28.62011960740872,28.83731197413741,59400
2025-07-09,29.291444778442383,29.370423994535738,28.886676060587302,29.10386843409077,87600
2025-07-10,29.321062088012695,29.785064737648536,29.301316813641893,29.409913939668304,150800
2025-07-11,29.271699905395508,29.48889416489283,29.11374147104095,29.321063093014477,79300
2025-07-14,29.488895416259766,29.597490667603616,29.133487982373687,29.133487982373687,109700
2025-07-15,29.419784545898438,29.597488248316044,29.281571392023853,29.597488248316044,51300
2025-07-16,29.91340446472168,29.952895012419948,29.261825491803915,29.439529190420206,68000
2025-07-17,29.57774543762207,29.99238681679496,29.48889546202581,29.765321792798964,82000
2025-07-18,29.14335823059082,29.864043794197084,29.074251653671453,29.864043794197084,137100
2025-07-21,29.321062088012695,29.74557418890693,29.113740473145274,29.4197846938407,157800
2025-07-22,28.837310791015625,29.40003978343018,27.958666840056065,29.133484242235852,195100
2025-07-23,28.531269073486328,29.212465999365328,28.48190776881943,28.78795200038295,131700
2025-07-24,28.35356330871582,28.649736764288907,28.05739173615567,28.620118853827716,179300
2025-07-25,28.3831844329834,28.56088814984592,28.09688358181308,28.432545739661588,103200
2025-07-28,28.284460067749023,28.748464637933125,28.146246901998776,28.748464637933125,133500
2025-07-29,28.235095977783203,28.323947827868516,27.7710914533348,28.20547806675044,167800
2025-07-30,28.511524200439453,28.807697681656233,28.077139440809137,28.254843152936584,167200
2025-07-31,28.551109313964844,28.79851927008657,28.44224832924307,28.580797300643024,89200
2025-08-01,27.818775177001953,28.70945061291999,27.74950069352661,28.35317968351753,126300
2025-08-05,28.333389282226562,28.363079158523384,27.660435741126594,28.224530177648138,102700
2025-08-06,28.689659118652344,28.768830231407286,28.204735817079804,28.204735817079804,106500
2025-08-07,28.43235206604004,28.88758737263874,28.224528606297376,28.88758737263874,92700
2025-08-08,28.7391414642334,29.164685004004454,28.561005993470175,28.72924483945898,92900
2025-08-11,29.501163482666016,29.679298958179437,28.669865855328858,28.669865855328858,98600
2025-08-12,30.005878448486328,30.233495149575177,29.49126529921649,29.511058548247206,126100
2025-08-13,29.76836585998535,30.154324787700514,29.26364932273344,30.154324787700514,181500
2025-08-14,25.17643928527832,27.66043563126421,25.037888417365078,27.66043563126421,1220700
2025-08-15,24.256074905395508,25.730638174255713,23.602912702748394,25.730638174255713,949600
2025-08-18,23.6029109954834,24.36493413931521,23.35550103093449,24.256073150885456,538200
2025-08-19,23.068504333496094,24.03835281931926,22.86068087141212,23.64249536996048,694300
2025-08-20,23.207056045532227,23.553428495021258,22.573685235920255,23.108091679568954,380800
2025-08-21,23.286226272583008,23.32581088490548,22.821094336573555,23.246639772672328,437800
2025-08-22,23.513843536376953,24.107627835860928,23.375294558613053,23.434672422284976,246300
2025-08-25,22.860681533813477,23.513843701557725,22.811198407415723,23.513843701557725,291200
2025-08-26,22.55389404296875,22.860681880940174,22.286690819128335,22.811198753791043,551400
2025-08-27,22.652856826782227,22.929956679779593,22.39555022491074,22.613272212118787,290100
2025-08-28,22.761716842651367,22.999230183194534,22.543996752383862,22.75182021751354,272100
2025-08-29,22.444067001342773,22.741864559731866,22.384505974984393,22.692232264450585,323000
2025-09-02,23.0098819732666,23.099221613532308,22.23560572208068,22.434138676749043,329100
2025-09-03,22.811349868774414,23.31760721803137,22.583038287742056,23.267974924189776,447000
2025-09-04,25.81911277770996,25.938231037159156,23.97276271609211,23.982689553271307,1367200
2025-09-05,26.047426223754883,26.275737815224186,25.422050583349673,25.938232900290984,388000
2025-09-08,25.997791290283203,26.19632234793569,25.570946770972075,26.087130928899512,305300
2025-09-09,25.66028594970703,25.99779082435312,25.491533512383985,25.799257876908182,222600
2025-09-10,26.27573585510254,26.35514865896567,25.699992553757188,25.809185869075463,205500
2025-09-11,28.082378387451172,28.12208383978224,26.067276034524923,26.067276034524923,453200
2025-09-12,27.705167770385742,28.082380002654332,27.407370234047853,28.082380002654332,225700
2025-09-15,28.548931121826172,28.628343927579277,27.734949389519166,28.211426224037808,285100
2025-09-16,27.94340705871582,28.668049141764307,27.844140579024785,28.539004043511397,159700
2025-09-17,27.71509552001953,28.28091199370387,27.64560955214259,27.95333393560501,116800
2025-09-18,28.01289176940918,28.300764358259766,27.834214386004255,27.834214386004255,167900
2025-09-19,28.231277465820312,28.340468880976484,27.84413841445605,28.032744521871948,356900
2025-09-22,28.51915168762207,28.54893220091161,28.09230713055887,28.132014481611588,165500
2025-09-23,28.43973731994629,28.98570200688995,28.1518666139965,28.44966415716533,357900
2025-09-24,28.63827133178711,28.757389596099085,28.0426743301752,28.49929749895557,212500
2025-09-25,29.05518913269043,29.12467510264397,28.39010615929833,28.39010615929833,229400
2025-09-26,29.04526138305664,29.184233318600015,28.6879028135444,29.16437964399364,254200
2025-09-29,29.373624801635742,29.45322804373133,29.10496314785402,29.10496314785402,175900
2025-09-30,30.030351638793945,30.050252923535712,29.343772498330775,29.55273219233738,181600
2025-10-01,29.990550994873047,30.308963979621335,29.721891225173614,29.721891225173614,277000
2025-10-02,30.100004196166992,30.209459364205436,29.751739305228188,29.871145115623854,179400
2025-10-03,30.149755477905273,30.239309361133763,29.741788631149248,30.04030220787454,174300
2025-10-06,31.065195083618164,31.194551542007034,30.209460680414104,30.26916263926763,304600
2025-10-07,30.51792335510254,31.602518758786246,30.199510373817613,31.244303205895164,210800
2025-10-08,30.587575912475586,30.6572285147927,30.428369422067586,30.537824595932236,136400
2025-10-09,30.33881378173828,30.746780627082764,30.08010277529454,30.627376715118555,210800
2025-10-10,30.129858016967773,30.547775532783195,29.66218728623915,30.547775532783195,234200
2025-10-14,30.050254821777344,30.27911391709152,29.751741225466983,29.751741225466983,174700
2025-10-15,29.851245880126953,30.498022494618148,29.44327900492984,30.498022494618148,166900
2025-10-16,29.60248374938965,29.97064992857174,29.4233759810249,29.97064992857174,114900
2025-10-17,29.104963302612305,29.40347498758526,28.80645161763935,29.373624957822567,164000
2025-10-20,29.433326721191406,29.552732533127976,29.194516995209263,29.29402152217457,75700
2025-10-21,29.473129272460938,29.642286398827494,29.184566334233462,29.463178629981613,80300
2025-10-22,29.77164077758789,29.851244019056402,28.94575643564297,29.48307784108267,111200
2025-10-23,29.9009952545166,30.199508832655578,29.811441370864006,29.851243940438927,96000
2025-10-24,30.408466339111328,30.846285110803166,30.070152092516405,30.179607259912103,164400
2025-10-27,31.04529571533203,31.433361294959088,30.418418504359494,30.637328850111007,374400
2025-10-28,30.41841697692871,31.04529415642323,30.279111780548135,31.04529415642323,169400
2025-10-29,30.64727783203125,30.75673300575349,30.269162892276977,30.279113535150916,140500
2025-10-30,30.060203552246094,30.955742442849946,29.85124574303259,30.62737881559223,146100
2025-10-31,30.040258407592773,30.21978026127868,29.541582153101054,30.21978026127868,161900
2025-11-03,29.81086540222168,30.179886661583627,29.35208416861922,30.169912908379366,124700
2025-11-04,29.132665634155273,29.661263144386762,28.94317002866572,29.661263144386762,228900
2025-11-05,30.199832916259766,30.79824286532094,29.022956719121478,29.022956719121478,213100
2025-11-06,28.27494239807129,30.040256694876003,28.25499489247716,29.97044042529656,233700
2025-11-07,28.783594131469727,29.362058512868614,27.506982230110587,28.274944121607078,339800
2025-11-10,27.37732696533203,29.42189883534308,27.357379458722427,29.42189883534308,301200
2025-11-11,27.337430953979492,27.76629281893287,27.157907205645625,27.67653094476594,118300
2025-11-12,27.656583786010742,27.776266920501786,27.327457544033976,27.387298160130058,86400
2025-11-13,25.46240997314453,26.28023871759848,23.497624333503836,25.492329330630113,890500
2025-11-14,25.522249221801758,25.93116357210098,25.223044249197045,25.223044249197045,243400
2025-11-17,24.863998413085938,25.582091536452342,24.69444841005928,25.562144029672982,250600
2025-11-18,25.013599395751953,25.12330877410093,24.325425671897264,24.744313777422008,493600
2025-11-19,25.911216735839844,25.951111747776853,25.053494904481724,25.242990504285906,181800
2025-11-20,25.20309829711914,26.529577054741257,25.10336266600416,26.120662679238876,229300
2025-11-21,24.97370719909668,25.40256717077331,24.854024063589986,25.40256717077331,142600
2025-11-24,25.20309829711914,25.482355781482358,24.774236414933977,25.05349580159614,454000
2025-11-25,25.98103141784668,26.030900183369525,25.34272643754546,25.66187892769607,232300
2025-11-26,26.459762573242188,26.589417561541396,25.981031926347658,26.130636323545346,153000
2025-11-27,26.3700008392334,26.599391459478763,26.290212714700274,26.499655828237625,67300
2025-11-28,26.479999542236328,26.549999237060547,26.219999313354492,26.549999237060547,101300
2025-12-01,26.5,26.979999542236328,25.920000076293945,26.18000030517578,164400
2025-12-02,26.399999618530273,26.68000030517578,26.239999771118164,26.549999237060547,80000
2025-12-03,26.5,26.719999313354492,26.309999465942383,26.65999984741211,99100
2025-12-04,27.329999923706055,27.420000076293945,26.5,26.5,166200
2025-12-05,27.200000762939453,27.6200008392334,27.010000228881836,27.350000381469727,84400
2025-12-08,27.610000610351562,27.6299991607666,27.079999923706055,27.25,107000
2025-12-09,28.219999313354492,28.5,27.540000915527344,27.540000915527344,126900
2025-12-10,28.579999923706055,28.81999969482422,28.030000686645508,28.030000686645508,153700
2025-12-11,28.709999084472656,29.100000381469727,28.43000030517578,28.559999465942383,193900
2025-12-12,28.1200008392334,29.049999237060547,28.030000686645508,28.760000228881836,114700
2025-12-15,28.079999923706055,28.290000915527344,27.56999969482422,28.149999618530273,137500
2025-12-16,28.190000534057617,28.360000610351562,27.959999084472656,28.139999389648438,279200
2025-12-17,29.3799991607666,30.399999618530273,28.40999984741211,28.40999984741211,617400
2025-12-18,28.75,29.700000762939453,28.420000076293945,29.450000762939453,132300
2025-12-19,29.1299991607666,29.1299991607666,28.739999771118164,28.950000762939453,108300
2025-12-22,29.040000915527344,29.899999618530273,28.889999389648438,29.18000030517578,98100
2025-12-23,28.93000030517578,29.125,28.829999923706055,29.0,16600
