Date,Close,High,Low,Open,Volume
2010-01-04,6.163378715515137,6.421530452250751,6.098840473590088,6.169832662804099,286300
2010-01-05,6.137563228607178,6.247277864991031,6.066571043016298,6.221462692634963,263100
2010-01-06,6.234371185302734,6.2989094365037595,6.131110475766997,6.150471704934353,272400
2010-01-07,6.163378715515137,6.234370289246858,6.034302847147329,6.234370289246858,176100
2010-01-08,6.563512325286865,6.699042101918947,6.163376940821224,6.163376940821224,1005600
2010-01-11,6.453800201416016,6.8603896879631066,6.4021698490432755,6.673229506741336,1002300
2010-01-12,6.266636848449707,6.363443556281048,6.00848521724477,6.363443556281048,553500
2010-01-13,6.285998821258545,6.3505370445455815,6.1698308810168365,6.221461213453621,220100
2010-01-14,6.395715236663818,6.427984357414872,6.266639369141891,6.286000595399608,206500
2010-01-15,6.279545783996582,6.447344696424673,6.202100274141047,6.337630070258783,352700
2010-01-18,6.376354217529297,6.389261496959613,6.215009224015343,6.215009224015343,130600
2010-01-19,6.279545783996582,6.356991909334316,6.2279154440928925,6.3118149003069375,164000
2010-01-20,6.227914810180664,6.253729977504896,6.066569860533682,6.227914810180664,215700
2010-01-21,6.273092746734619,6.292453971234162,6.1762853932724475,6.208554511093172,460400
2010-01-22,6.2601847648620605,6.415075789631899,6.195647145615738,6.195647145615738,390800
2010-01-25,6.298907279968262,6.39571400814403,6.215007828324252,6.2601842194086545,171400
2010-01-26,6.273092746734619,6.3182691423942945,6.014940419651059,6.208554511093172,395300
2010-01-27,6.047209739685059,6.31826935367156,6.021394567661689,6.208554718701679,210500
2010-01-28,5.963310718536377,6.240824299959155,5.9374955446004645,6.131109656860954,423000
2010-01-29,5.872956275939941,6.021393330710921,5.808418051398222,5.976216942820992,229400
2010-02-01,6.034300804138184,6.034300804138184,5.840686759396462,5.840686759396462,305300
2010-02-02,6.1956467628479,6.1956467628479,6.034301801476676,6.040755132165065,209200
2010-02-03,6.2601847648620605,6.285999935657034,6.124654964317897,6.195647145615738,439600
2010-02-04,6.163378715515137,6.260185462920419,6.137563541841574,6.260185462920419,662300
2010-02-05,6.066570281982422,6.182738850752843,5.995578720779488,6.163377627785167,580900
2010-02-08,5.924587726593018,6.105293927711022,5.89877255500473,6.09883998094339,516900
2010-02-09,5.937493801116943,5.956855022013082,5.872956192969111,5.937493801116943,757600
2010-02-10,5.808418273925781,5.96330928018142,5.808418273925781,5.937494112472146,628100
2010-02-11,5.8923187255859375,5.924587844584513,5.808419262382541,5.840688381381117,328800
2010-02-12,6.014938831329346,6.014938831329346,5.808417516582883,5.860047845269499,834600
2010-02-16,6.1956467628479,6.240823155077545,6.085932139876893,6.085932139876893,740100
2010-02-17,6.144017219543457,6.2279160686895025,6.111748099996836,6.195647564625144,422000
2010-02-18,6.131106376647949,6.182736696896954,6.092383328720213,6.1181984888447145,185700
2010-02-19,6.4473443031311035,6.524789808262395,6.266638124491424,6.266638124491424,2020700
2010-02-22,6.4021687507629395,6.4537990942785886,6.395714803952922,6.41507602890073,1116800
2010-02-23,6.356991767883301,6.40862210663815,6.279545644268839,6.356991767883301,778800
2010-02-24,6.227914810180664,6.382806429608192,6.1956463126369785,6.344083370880776,394400
2010-02-25,6.131106376647949,6.22145974482469,6.047206952372825,6.195644584700188,762600
2010-02-26,6.131106376647949,6.195644584700188,6.09883727262183,6.189190640798571,221700
2010-03-01,6.131106376647949,6.131106376647949,6.079476056398945,6.131106376647949,286900
2010-03-02,6.098840236663818,6.13110935637276,6.014940771613477,6.13110935637276,410700
2010-03-03,6.085932731628418,6.131109128250684,6.066570891234096,6.09884000974239,897700
2010-03-04,5.956856727600098,6.079479264510267,5.847142700786885,6.060118038070558,732100
2010-03-05,6.137563228607178,6.150470507044083,5.8987727304429844,6.021394645263743,687400
2010-03-08,6.1246538162231445,6.137561706942098,6.092384704907867,6.137561706942098,470400
2010-03-09,6.111747741699219,6.131108966099245,5.995579164334605,6.111747741699219,515100
2010-03-10,6.285998821258545,6.292452766683671,6.105292657729801,6.105292657729801,540100
2010-03-11,6.21500825881958,6.350538056942706,6.137562747818109,6.285999823367042,542500
2010-03-12,6.1246538162231445,6.298906648036377,6.021393152399942,6.1246538162231445,274300
2010-03-15,6.073024272918701,6.156923727040269,6.008486657389779,6.131108557732262,224500
2010-03-16,5.911679267883301,6.066570282604968,5.9052253217326856,6.066570282604968,394900
2010-03-17,5.898772716522217,5.963310339518952,5.840688424987575,5.911679994928662,227200
2010-03-18,5.776149749755859,5.898772270497622,5.7180654626131515,5.840687983354914,562300
2010-03-19,5.627712249755859,5.77614931416465,5.595443135389812,5.77614931416465,530900
2010-03-22,5.614804744720459,5.840687945365746,5.51154406401937,5.582535628130818,482300
2010-03-23,5.65352725982666,5.705157595173576,5.5631738652284835,5.647073314037759,315900
2010-03-24,5.582535743713379,5.653527924776877,5.46636778326058,5.653527924776877,304900
2010-03-25,5.50508975982666,5.582535265319257,5.479274591329128,5.582535265319257,658600
2010-03-26,5.447004795074463,5.54381212643516,5.427643574995159,5.459912685448725,296500
2010-03-29,5.640620708465576,5.640620708465576,5.453460544493039,5.517998786752104,348700
2010-03-30,5.621260166168213,5.6922517489080375,5.614806218060311,5.6922517489080375,224000
2010-03-31,5.659981727600098,5.724519344994569,5.614804718393545,5.614804718393545,195400
2010-04-01,5.808418273925781,5.853594663546472,5.737426716595817,5.801964328127926,407600
2010-04-05,6.047209739685059,6.0794788585848325,5.814873191474735,5.834234416621699,380800
2010-04-06,6.047209739685059,6.124655255755166,6.034302461414499,6.047209739685059,323000
2010-04-07,6.008486747741699,6.0665704179465,5.969763685456303,6.008486747741699,303200
2010-04-08,5.872956275939941,6.002032109541255,5.827779272567889,5.956855106169202,209200
2010-04-09,5.879411220550537,6.047210158052488,5.860049994064095,5.8729578887099185,282800
2010-04-12,5.872956275939941,5.8858635515590105,5.821325942499416,5.866502330389345,266500
2010-04-13,5.879411220550537,5.892319115196361,5.814873593768298,5.827780872931829,219600
2010-04-14,5.898772716522217,5.9439491141681575,5.86004965033837,5.879410875689165,177100
2010-04-15,5.801965713500977,5.937495530206532,5.789058434305459,5.937495530206532,1065100
2010-04-16,5.769693851470947,5.80841690162721,5.692248366640424,5.80841690162721,181300
2010-04-19,5.705157279968262,5.76324155789497,5.672888168288745,5.743879721597993,185000
2010-04-20,5.808418273925781,5.84068738743291,5.6535272676701425,5.698703657290833,551800
2010-04-21,5.808418273925781,5.8665025551421826,5.737426716595817,5.7826031062165075,407100
2010-04-22,5.756789207458496,5.80841955425776,5.711612807879711,5.80841955425776,210800
2010-04-23,5.834235191345215,5.853596419063141,5.718066594072991,5.718066594072991,294100
2010-04-26,5.756789207458496,5.8471426220983505,5.756789207458496,5.8342347276573925,116500
2010-04-27,5.711612701416016,5.801965498889422,5.711612701416016,5.763243047252897,190400
2010-04-28,5.685797691345215,5.80841961234927,5.685797691345215,5.718066196805768,191100
2010-04-29,5.853592395782471,5.885861496788095,5.718062663944374,5.72451660724188,853400
2010-04-30,5.827780246734619,5.879410588805628,5.763242626886972,5.853595417770124,660800
2010-05-03,5.96976375579834,6.040755319428836,5.834233959425792,5.860049129426173,1488700
2010-05-04,5.879411220550537,5.969764636624425,5.853596046741183,5.969764636624425,851300
2010-05-05,5.840688228607178,5.943948914315845,5.750334820870975,5.8148730571800105,298700
2010-05-06,5.730973243713379,5.866503039241412,5.511543992336354,5.840687869401891,2072100
2010-05-07,5.782604217529297,5.8019654431615955,5.582536167721329,5.679343526847353,950800
2010-05-10,5.872956275939941,5.969762997270395,5.81487199694882,5.847141109219678,156700
2010-05-11,5.789058208465576,5.860049779977171,5.6728896228263554,5.814873381331817,228700
2010-05-12,6.131106376647949,6.195644584700188,5.872954775402928,5.879408103822578,703000
2010-05-13,6.092386245727539,6.163378431672137,5.995579502780512,6.144017206179183,367000
2010-05-14,6.1246538162231445,6.1246538162231445,5.9826707112072945,6.034301043118895,540100
2010-05-17,6.014938831329346,6.111746159228301,5.898770899525494,6.111746159228301,372800
2010-05-18,5.86650276184082,6.15046961664803,5.821326370628397,6.034301665604347,447000
2010-05-19,5.834235191345215,5.943949840884019,5.685798086370558,5.8729582622634,556200
2010-05-20,5.640620708465576,5.808419645953311,5.582536413528876,5.808419645953311,592000
2010-05-21,5.698704242706299,5.801964924151137,5.492182879816625,5.588989614800607,307100
2010-05-25,5.582535743713379,5.614804860971131,5.330837983163798,5.517998124680095,780300
2010-05-26,5.685797691345215,5.9310415333533255,5.621259449459529,5.698704970432979,470100
2010-05-27,6.047209739685059,6.098840083731797,5.750334953675187,5.7696961788221515,550500
2010-05-28,6.008486747741699,6.085932256830295,5.931040623170907,6.085932256830295,146000
2010-05-31,6.060118675231934,6.169833329062845,5.898773668478518,5.898773668478518,87300
2010-06-01,5.840688228607178,6.034302322052047,5.840688228607178,6.002033203897529,329100
2010-06-02,6.073024272918701,6.182738896348275,5.80841863364109,5.847141695344193,226000
2010-06-03,6.4731597900390625,6.518336798533673,6.111747414975344,6.144016530905153,849400
2010-06-04,6.415075302124023,6.673227605937922,6.260184289124988,6.260184289124988,988300
2010-06-07,6.382806777954102,6.51833656767348,6.324722494434058,6.427983169366504,259600
2010-06-08,6.440891742706299,6.486068758696148,6.3569928890443546,6.369900168268386,635800
2010-06-09,6.4021687507629395,6.557059781309887,6.363445685385081,6.492522159656447,281400
2010-06-10,6.582874774932861,6.699043352440633,6.453798919636576,6.453798919636576,340000
2010-06-11,6.666774272918701,6.795850128954052,6.55060569474577,6.55060569474577,148300
2010-06-14,6.699043273925781,6.834573074268988,6.634505039292933,6.724858444682477,221300
2010-06-15,6.9120192527771,6.976557493630682,6.750674266125424,6.7635815450067724,578000
2010-06-16,6.847479343414307,6.905563622932815,6.660319229122519,6.841026013287239,188700
2010-06-17,6.8926568031311035,6.950741086491763,6.8410264658065545,6.905564079721155,903200
2010-06-18,6.8410258293151855,6.937832548921241,6.802302772183495,6.937832548921241,467200
2010-06-21,6.8410258293151855,7.034639268527297,6.795848826747862,6.905563437225185,150200
2010-06-22,6.608689308166504,6.841026440758451,6.5957820316237115,6.841026440758451,236900
2010-06-23,6.64741325378418,6.6990435977936595,6.550605897154718,6.64741325378418,161000
2010-06-24,6.537699222564697,6.679682989442241,6.473160978852457,6.6732290419745555,191900
2010-06-25,6.57642126083374,6.673228620284719,6.498975742562317,6.550606088076599,139300
2010-06-28,6.434436321258545,6.589327314539999,6.408621155711637,6.589327314539999,107800
2010-06-29,6.221463203430176,6.4537997737101085,6.182740133975699,6.3247239013323675,226500
2010-06-30,6.2601847648620605,6.3828072877498485,6.195647145615738,6.195647145615738,133400
2010-07-02,6.324723243713379,6.382807534114571,6.182739491119603,6.286000178285169,157100
2010-07-05,6.189192295074463,6.324722075823617,6.131108015398807,6.324722075823617,33900
2010-07-06,6.266636848449707,6.440889045642529,6.156922251317099,6.2924520115702,259600
2010-07-07,6.421529769897461,6.427983716500626,6.292453915245285,6.3118151395725555,211300
2010-07-08,6.505427837371826,6.518335727816346,6.31181378907867,6.427982341150982,206200
2010-07-09,6.563512325286865,6.647411769438355,6.45379771489508,6.49897410194507,144400
2010-07-12,6.518338203430176,6.634506184140085,6.453799957660639,6.531245483294687,68400
2010-07-13,6.505427837371826,6.608688498999618,6.479612671964878,6.518335727816346,290300
2010-07-14,6.4731597900390625,6.557059245263689,6.434437343309047,6.453798566674055,41200
2010-07-15,6.589328289031982,6.602235565973239,6.44089060357332,6.55060522724384,167000
2010-07-16,6.4473443031311035,6.582874090981405,6.4473443031311035,6.5183364777797435,69000
2010-07-19,6.4731597900390625,6.52479012933388,6.3247227184370125,6.440890674109254,111800
2010-07-20,6.505427837371826,6.557058168185722,6.389259285299514,6.4473435613356695,88200
2010-07-21,6.427983283996582,6.576420352988506,6.395714168634195,6.5506051837950325,128900
2010-07-22,6.569967269897461,6.58287454723953,6.44089080358354,6.44089080358354,204800
2010-07-23,6.550604343414307,6.563512234096174,6.4602515705696515,6.563512234096174,87300
2010-07-26,6.550604343414307,6.550604343414307,6.492520681792215,6.511881902332913,47000
2010-07-27,6.492520809173584,6.55060447193526,6.466705642785467,6.537697196482259,292400
2010-07-28,6.466706275939941,6.518336613771296,6.421529268725875,6.492521444855619,93100
2010-07-29,6.505427837371826,6.505427837371826,6.434436286373242,6.486066617187138,816500
2010-07-30,6.453800201416016,6.4925232734367455,6.415077129395286,6.4925232734367455,169200
2010-08-03,6.524788856506348,6.582873130752736,6.498973691894849,6.518335526965028,202100
2010-08-04,6.569967269897461,6.58287454723953,6.498975090328363,6.544152099731118,119100
2010-08-05,6.518338203430176,6.640960131813504,6.453799957660639,6.563514606179456,121300
2010-08-06,6.453800201416016,6.531245729975126,6.453800201416016,6.518338449623116,111100
2010-08-09,6.427983283996582,6.486067568552442,6.415075391658754,6.486067568552442,59100
2010-08-10,6.331178188323975,6.408623715903546,6.279547221121918,6.279547221121918,76800
2010-08-11,6.131106376647949,6.408619809597822,6.105291216523447,6.331174329224316,179700
2010-08-12,5.937493801116943,6.19564608015462,5.90522468930197,6.085931469272977,591000
2010-08-13,6.092386245727539,6.124655365203969,5.963310383304082,5.963310383304082,179700
2010-08-16,6.060118675231934,6.2472788584466015,6.034303498770681,6.131110256629788,203100
2010-08-17,6.189192295074463,6.195646240701121,6.105292848374308,6.1117467940009655,269700
2010-08-18,6.1956467628479,6.2601843781070805,6.150469755136073,6.150469755136073,165200
2010-08-19,6.118201732635498,6.227916375204397,6.118201732635498,6.195647869551903,65800
2010-08-20,6.066570281982422,6.1440164048174895,6.053663005164698,6.1440164048174895,55100
2010-08-23,6.00203275680542,6.105293434822188,5.9504024177970365,6.105293434822188,387600
2010-08-24,5.9052252769470215,5.937494391973183,5.840687662376875,5.918133169150357,167000
2010-08-25,5.840688228607178,5.905225849433976,5.763242714325677,5.905225849433976,793800
2010-08-26,5.808418273925781,5.956855334383564,5.795510382330071,5.84068738743291,258100
2010-08-27,5.847139835357666,5.8923162134054365,5.782601624876287,5.847139835357666,138800
2010-08-30,5.743880748748779,5.905225720516804,5.7245195244716385,5.847142047685382,174500
2010-08-31,5.795510292053223,5.879409739671992,5.724518735829096,5.750333903136245,157900
2010-09-01,5.86650276184082,5.86650276184082,5.743880249289717,5.808418478577894,102100
2010-09-02,5.821324825286865,5.905223639414499,5.763240557443115,5.905223639414499,91800
2010-09-03,5.943949222564697,5.976218342392667,5.847142478563054,5.866503704266929,105200
2010-09-07,5.827780246734619,5.9374948775060705,5.795511129069682,5.9374948775060705,51500
2010-09-08,5.847139835357666,5.8923162134054365,5.80841678597244,5.853593164020212,121800
2010-09-09,5.782604217529297,5.911680080881728,5.659982301215054,5.911680080881728,237000
2010-09-10,5.847139835357666,5.937492591453208,5.795508897683369,5.795508897683369,179200
2010-09-13,5.821324825286865,5.885862421960583,5.801962992350945,5.8406860427407805,77100
2010-09-14,5.795510292053223,5.853594572364843,5.789056961838038,5.853594572364843,133600
2010-09-15,5.724518299102783,5.808417740320824,5.724518299102783,5.750333464440481,102700
2010-09-16,5.737427234649658,5.847141861191151,5.724519341888446,5.743880565548062,552700
2010-09-17,5.711612701416016,5.814873393089778,5.6922508601154815,5.776150325970981,877900
2010-09-20,5.730973243713379,5.74388052089204,5.666435011373478,5.74388052089204,167900
2010-09-21,5.743880748748779,5.763242588508143,5.737427417644548,5.7567886419216885,161000
2010-09-22,5.718066692352295,5.74388186824734,5.672890288406553,5.705159412145944,81800
2010-09-23,5.705157279968262,5.743879721597993,5.679342113721071,5.711611225400588,76900
2010-09-24,5.743880748748779,5.743880748748779,5.679343129330904,5.743880748748779,50400
2010-09-27,5.679342269897461,5.7438798795491035,5.666434378677854,5.7245186582018235,85900
2010-09-28,5.679342269897461,5.7438798795491035,5.537358543892438,5.7438798795491035,183500
2010-09-29,5.6664347648620605,5.679342656961378,5.595443204762331,5.614804427429135,156400
2010-09-30,5.65352725982666,5.711611540962478,5.634165422459956,5.647073314037759,499200
2010-10-01,5.634165287017822,5.743879900863079,5.6148040655986975,5.718064733810203,541900
2010-10-04,5.608351230621338,5.698704640940714,5.588990005367991,5.634166402786552,112500
2010-10-05,5.711612701416016,5.711612701416016,5.608351394259981,5.608351394259981,464400
2010-10-06,5.692251205444336,5.750335501905166,5.685797873434929,5.698705152936053,253500
2010-10-07,5.614804744720459,5.711612094489385,5.614804744720459,5.711612094489385,992700
2010-10-08,5.659981727600098,5.659981727600098,5.5825356019552075,5.614804718393545,549400
2010-10-12,5.679342269897461,5.692249545634938,5.621257990373491,5.666434378677854,226200
2010-10-13,5.679342269897461,5.711611382464347,5.621257990373491,5.679342269897461,494400
2010-10-14,5.601897239685059,5.692250023885022,5.595443293533009,5.692250023885022,151500
2010-10-15,5.595442295074463,5.718064172671673,5.5889883500740645,5.595442295074463,600900
2010-10-18,5.627712249755859,5.679342586548671,5.563174021023764,5.563174021023764,186200
2010-10-19,5.50508975982666,5.614804379811715,5.472820645334203,5.537358874319118,517800
2010-10-20,5.479275226593018,5.556720741064601,5.45991400184568,5.511544344826737,276500
2010-10-21,5.330837726593018,5.472820850921991,5.298568610888363,5.466367520166812,640200
2010-10-22,5.279206275939941,5.356651768032985,5.227575947877913,5.356651768032985,624700
2010-10-25,5.195307731628418,5.259845345053802,5.130769502720868,5.259845345053802,786500
2010-10-26,5.188854694366455,5.208215920236589,5.163039521378852,5.208215920236589,395100
2010-10-27,5.150132179260254,5.182400993155354,5.098501830835173,5.182400993155354,713500
2010-10-28,5.343745231628418,5.363107071166786,5.163039037645834,5.163039037645834,1162600
2010-10-29,5.511543273925781,5.517997219414962,5.343744384099802,5.343744384099802,1918800
2010-11-01,5.537359237670898,5.672889035046712,5.51154406747942,5.51154406747942,508900
2010-11-02,5.750336170196533,5.769697399439492,5.5760838760451366,5.647075460257575,614400
2010-11-03,5.86650276184082,5.898771876484909,5.647073520839619,5.75678814134022,592600
2010-11-04,5.950403213500977,5.9762183864572425,5.853595853303273,5.885864973369174,940500
2010-11-05,6.118201732635498,6.215009096039858,5.937495515955903,5.969764637090689,1031600
2010-11-08,6.221463203430176,6.3247239013323675,6.04075636661903,6.1182018900456745,799900
2010-11-09,6.227914810180664,6.324722149258137,6.13110808658533,6.227914810180664,822500
2010-11-10,6.324723243713379,6.363445693659344,6.09238608210861,6.2472777283392045,900200
2010-11-11,6.2601847648620605,6.421529736201197,6.098839793522924,6.389260618836926,2088200
2010-11-12,6.137563228607178,6.3247233820592355,6.0020334198672565,6.227916024112287,1042600
2010-11-15,6.066570281982422,6.29245347337331,6.00203266692944,6.253730411955777,266000
2010-11-16,5.911679267883301,6.189192797537925,5.827779814371851,6.098839397875861,750100
2010-11-17,6.111747741699219,6.234369650209024,5.905225757997435,5.937494875652297,941200
2010-11-18,6.395715236663818,6.427984357414872,6.195647795875401,6.202101127639784,1095500
2010-11-19,6.486067295074463,6.518336409076258,6.3247223405476465,6.33762961685907,605500
2010-11-22,6.421529769897461,6.550605624549638,6.376353374639756,6.486068004964662,267600
2010-11-23,6.266636848449707,6.434435716473934,6.2343677406785805,6.421527827172668,241200
2010-11-24,6.337629795074463,6.376352856061947,6.2666382346599425,6.279545511334322,290600
2010-11-25,6.38926362991333,6.4344406617068355,6.318272030641408,6.356995112824054,208600
2010-11-26,6.4021687507629395,6.492522159656447,6.356992354057307,6.356992354057307,150300
2010-11-29,6.369899272918701,6.49252179346387,6.369899272918701,6.453798730270077,132900
2010-11-30,6.279545783996582,6.4021683028794945,6.26663850676176,6.37635313292765,485800
2010-12-01,6.279545783996582,6.48606775909354,6.26663850676176,6.37635313292765,445600
2010-12-02,6.1956467628479,6.331176555019017,6.1956467628479,6.331176555019017,696900
2010-12-03,6.1762847900390625,6.240823019377106,6.111747176183187,6.2279151273166296,278200
2010-12-06,6.202101230621338,6.202101230621338,6.111748429596886,6.182740004042141,466800
2010-12-07,6.169831275939941,6.3053610611321185,6.09883910268366,6.25373010990839,280400
2010-12-08,6.382806777954102,6.434437115420325,6.137562367248456,6.137562367248456,608400
2010-12-09,6.253731727600098,6.447345844455455,6.234370500559256,6.447345844455455,78700
2010-12-10,6.247278690338135,6.318270269825671,6.227916846901437,6.253732022668027,71500
2010-12-13,6.234371185302734,6.331178562104271,6.1633796013675095,6.260186362686668,432000
2010-12-14,6.234371185302734,6.2537324144700905,6.189194778751443,6.2537324144700905,97100
2010-12-15,6.2601847648620605,6.292453882226332,6.195647145615738,6.195647145615738,127100
2010-12-16,6.21500825881958,6.260184653033218,6.169831864605941,6.260184653033218,140700
2010-12-17,6.208554744720459,6.292454208018577,6.182739572588903,6.189193519492355,305100
2010-12-20,6.189192295074463,6.260183850521304,6.144015906652123,6.215007462098963,207300
2010-12-21,6.202101230621338,6.221463072682831,6.111748429596886,6.195647898749803,264000
2010-12-22,6.182739734649658,6.221462801603119,6.137563336105845,6.1698324559866835,95100
2010-12-23,6.1052937507629395,6.221462327284466,6.10529375076294,6.189193209863795,102400
2010-12-24,6.111747741699219,6.131108966099245,6.0859325706717735,6.098839848444383,41600
2010-12-29,6.3440842628479,6.382807327019712,6.092385884436688,6.092385884436688,386700
2010-12-30,6.227914810180664,6.356991262283961,6.227914810180664,6.356991262283961,82900
2010-12-31,6.156923770904541,6.253730502628707,6.1504698246610126,6.195646832883521,78800
2011-01-04,6.189192295074463,6.3634445186193,6.144015906652123,6.324722075823617,544500
2011-01-05,6.144017219543457,6.163378445078524,6.111748099996836,6.150470551066971,140500
2011-01-06,6.163378715515137,6.221463010151222,6.111748368168013,6.118201699974686,147000
2011-01-07,6.1762847900390625,6.234369073346867,6.118200506731256,6.150469621400278,136200
2011-01-10,6.034300804138184,6.163376628805304,6.014938968826555,6.150468738597552,134800
2011-01-11,6.027848243713379,6.085932532026859,5.9633100088134645,6.034302190299815,200100
2011-01-12,6.1052937507629395,6.163378039023703,6.021394291662085,6.021394291662085,101200
2011-01-13,6.324723243713379,6.324723243713379,6.085932750772446,6.085932750772446,493000
2011-01-14,6.518338203430176,6.518338203430176,6.298908906392541,6.298908906392541,1854100
2011-01-17,6.615144729614258,6.763581828115559,6.466707631112956,6.582875607836751,719500
2011-01-18,6.808757781982422,6.828119005833809,6.615143697021924,6.673227984058294,423900
2011-01-19,7.266976356506348,7.4089594627316915,6.873294302974148,6.873294302974148,1172000
2011-01-20,7.247616291046143,7.273432079011438,6.976557287715415,7.137902269604943,572900
2011-01-21,7.331514358520508,7.389598639410368,7.163716077094643,7.228253688263931,572000
2011-01-24,7.305699825286865,7.376692003863893,7.176623976258902,7.18307792258085,137900
2011-01-25,7.228254318237305,7.273431327023536,7.157262755119226,7.2540694880513525,261900
2011-01-26,7.331514358520508,7.434775644259227,7.228253688263931,7.292791914915363,237500
2011-01-27,7.221799850463867,7.350876305696346,7.099177956571596,7.350876305696346,479900
2011-01-28,7.266976356506348,7.286337577267602,7.176622967150311,7.176622967150311,120100
2011-01-31,7.3250627517700195,7.325062751770019,7.260524509933252,7.29924757813177,204200
2011-02-01,7.383145332336426,7.383145332336426,7.286338599467042,7.325061661904114,252300
2011-02-02,7.699382781982422,7.705836113532772,7.325062470842437,7.383146147689181,443500
2011-02-03,7.7703728675842285,7.8736335384386935,7.7251964779559374,7.7445576998706125,607400
2011-02-04,7.7703728675842285,7.7768268133831695,7.7316498082727305,7.7703728675842285,185600
2011-02-07,7.77682638168335,7.892994322204944,7.744557269962085,7.770372436242674,200000
2011-02-08,7.647752285003662,7.854273662093177,7.628390444289831,7.809097264725409,349200
2011-02-09,7.473498344421387,7.738103974908022,7.460591067937294,7.647751193072877,152500
2011-02-10,7.576758861541748,7.6542043652912914,7.447683021959176,7.447683021959176,400700
2011-02-11,7.557399749755859,7.680021677728944,7.5509458021040325,7.680021677728944,176000
2011-02-14,7.518675327301025,7.596121454231748,7.499314103309452,7.499314103309452,233500
2011-02-15,7.47995138168335,7.563850822824791,7.441228325971112,7.518673821913498,329600
2011-02-16,7.505769729614258,7.673568683047705,7.447685429157883,7.673568683047705,168300
2011-02-17,7.467047214508057,7.576761875669606,7.434778703387223,7.576761875669606,189700
2011-02-18,7.350878715515137,7.5122237219668815,7.312155643154482,7.486408545553896,225800
2011-02-22,7.305699825286865,7.550944246181094,7.260523431997628,7.550944246181094,304700
2011-02-23,7.266976356506348,7.421867353560602,7.150807800974602,7.254068465677438,220000
2011-02-24,7.124992847442627,7.325060852886937,7.124992847442627,7.202438348281096,159200
2011-02-25,7.266976356506348,7.325060634272221,7.124992634798893,7.144353855560147,159500
2011-02-28,7.247616291046143,7.2927933045031486,7.1766247205883635,7.2863393575118245,209300
2011-03-01,7.25407075881958,7.434777594656332,7.22825558448323,7.286339880610593,493400
2011-03-02,7.286337852478027,7.357329408272103,7.105631682422657,7.105631682422657,259900
2011-03-03,7.305699825286865,7.3508768340583,7.228254315870088,7.28633860180322,205200
2011-03-04,7.247616291046143,7.325062423977506,7.221801118563109,7.312154529994858,402300
2011-03-07,7.131448745727539,7.292793737189781,7.124994798353298,7.292793737189781,213700
2011-03-08,7.221799850463867,7.292792023938161,6.899109943346976,7.131447070379716,587800
2011-03-09,7.189532279968262,7.4218688215025646,7.163717108686672,7.234708675840484,397400
2011-03-10,7.047549724578857,7.1959868307341734,6.937835074167391,7.176625602862249,418400
2011-03-11,7.25407075881958,7.32506294985627,6.950742614238049,7.0410954166741195,618400
2011-03-14,7.25407075881958,7.286339880610593,7.1637179563835085,7.254070758819579,313100
2011-03-15,7.170169353485107,7.2411615253645545,6.957194068811044,7.099177797087799,590900
2011-03-16,7.079817295074463,7.292792601396872,7.028186955086133,7.260523485033616,439500
2011-03-17,7.350878715515137,7.383147224419602,7.092726335902932,7.099180283876767,296500
2011-03-18,7.615482807159424,7.705835597637988,7.40250749319963,7.421868717519005,817300
2011-03-21,7.815547943115234,7.905901322662051,7.628387854789864,7.673564852304294,332400
2011-03-22,7.822004795074463,8.015618900075184,7.809097516331628,7.834912689299572,300500
2011-03-23,7.867181777954102,7.9381739704980845,7.712290728647387,7.8090980960758225,189100
2011-03-24,7.822004795074463,7.983349779994684,7.815550847961909,7.841366020929853,360700
2011-03-25,7.841365337371826,7.944626635724244,7.815550166654276,7.841365337371826,171600
2011-03-28,7.9059014320373535,8.015616031761335,7.718741341122691,7.783279558189286,221300
2011-03-29,7.809097766876221,7.957534862333742,7.809097766876221,7.8671814463059295,122200
2011-03-30,7.867181777954102,7.892996952838554,7.751013798715225,7.860728445844727,495500
2011-03-31,7.847818374633789,7.9188105474932025,7.802641984982997,7.880087488162418,268700
2011-04-01,7.899450302124023,7.931719422156098,7.867181182091949,7.892996355021154,194400
2011-04-04,8.131789207458496,8.131789207458496,7.873636807652687,7.905905934563714,381600
2011-04-05,8.10597038269043,8.157600716330066,8.041432157899822,8.157600716330066,204200
2011-04-06,8.067249298095703,8.164056043479942,8.015618951826474,8.144694817499548,282100
2011-04-07,7.938171863555908,8.080155595476366,7.892994857887217,8.067247703718982,107800
2011-04-08,7.983347415924072,7.983347415924071,7.88654069983176,7.944624975679983,253900
2011-04-11,7.699382781982422,8.041433973441595,7.628390595588182,7.996257575177817,327000
2011-04-12,7.621936798095703,7.731650813531834,7.434776653967133,7.62839012925155,176500
2011-04-13,7.680018901824951,7.770372289845776,7.615481295080449,7.686472847144032,102200
2011-04-14,7.815547943115234,7.815547943115234,7.641295744217428,7.64774968893121,121700
2011-04-15,7.731651782989502,7.81555125335779,7.725198451024483,7.809097921392771,87500
2011-04-18,7.718743801116943,7.802643263849787,7.596121888188785,7.725197747976911,568700
2011-04-19,7.744558334350586,7.757466227005959,7.6412976550363965,7.731650441695214,351100
2011-04-20,7.783279895782471,7.815548390233334,7.7187416759165846,7.776825950699466,292000
2011-04-21,8.041434288024902,8.0607955143979,7.776828604158866,7.8220050041899585,112100
2011-04-25,8.12533187866211,8.241500441020152,8.054339705895684,8.067247597483087,168800
2011-04-26,8.21568775177002,8.344764254324055,8.196326522579866,8.196326522579866,369600
2011-04-27,8.247954368591309,8.34476171606051,8.235047091551397,8.267316207374463,397000
2011-04-28,8.299585342407227,8.377030857015743,8.189870709507938,8.189870709507938,466000
2011-04-29,8.441566467285156,8.499650739041117,8.306036705015265,8.306036705015265,367000
2011-05-02,8.63518238067627,8.867518902783896,8.389937966266016,8.389937966266016,541100
2011-05-03,8.519013404846191,8.648089244294345,8.409298787444722,8.641635913933552,253300
2011-05-04,8.36412239074707,8.544828565828409,8.241500497240985,8.544828565828409,546800
2011-05-05,8.08660888671875,8.338307235429673,7.989802160935708,8.338307235429673,582900
2011-05-06,8.151147842407227,8.280223693476255,8.08660960913161,8.093063555555613,170300
2011-05-09,8.24150276184082,8.32540161885641,8.105972939418399,8.183418464305166,89200
2011-05-10,8.228593826293945,8.351215737991238,8.209232601390635,8.273770222895752,67000
2011-05-11,8.093063354492188,8.189870086518347,7.951079614102586,8.189870086518347,109200
2011-05-12,8.10597038269043,8.144692825179092,7.9833478786847,8.015616991080003,307000
2011-05-13,8.08660888671875,8.144693168381437,8.028524605056065,8.131785892168702,184000
2011-05-16,7.9704413414001465,8.13178630284159,7.899449164457314,8.041432902860796,156000
2011-05-17,7.989806175231934,8.11888207962129,7.9059066835082366,8.11888207962129,79800
2011-05-18,8.144694328308105,8.176963446658776,8.034979695205168,8.047887588738332,271000
2011-05-19,8.093063354492188,8.35121505021674,8.060794238656069,8.325399880644285,258300
2011-05-20,8.131789207458496,8.170511667365805,8.034981826725417,8.105974029026155,157700
2011-05-24,8.151147842407227,8.228593353048645,8.047887161552005,8.176963012621032,266000
2011-05-25,8.228593826293945,8.280224169690936,8.06724884930779,8.18341742969214,104500
2011-05-26,8.21568775177002,8.312495128685546,8.144696167751205,8.228595648218375,78800
2011-05-27,8.299585342407227,8.331854460698,8.19632465626254,8.209232549771745,73000
2011-05-30,8.36412239074707,8.36412239074707,8.273768995465325,8.312492055009544,165200
2011-05-31,8.467384338378906,8.519014681897868,8.370577598151414,8.396392769910895,581000
2011-06-01,8.480290412902832,8.564189856994536,8.415752189607025,8.415752189607025,495400
2011-06-02,8.57709789276123,8.680358566803339,8.46738327272095,8.46738327272095,233400
2011-06-03,8.570645332336426,8.602914452061913,8.40284701763197,8.493199814284615,184000
2011-06-06,8.706172943115234,8.82234149858319,8.570643166896653,8.570643166896653,476100
2011-06-07,8.719082832336426,8.886881758586686,8.71262888544628,8.71262888544628,76000
2011-06-08,8.751351356506348,8.92560360232119,8.635182782308313,8.660997952632075,195300
2011-06-09,8.770713806152344,8.84170538059375,8.680360389650497,8.744898632220716,302400
2011-06-10,8.777165412902832,8.861064244195637,8.712627187542994,8.770711467270422,358700
2011-06-13,8.693264961242676,8.841702000736957,8.648087962520107,8.77716439831938,192000
2011-06-14,8.796527862548828,8.796527862548828,8.680359286873728,8.712628404059279,474700
2011-06-15,8.815888404846191,8.938510917571216,8.751350790948646,8.751350790948646,204400
2011-06-16,8.27376937866211,8.783619429295314,8.27376937866211,8.777166098640853,385700
2011-06-17,8.196324348449707,8.435114830062084,8.125332783261882,8.286677753174208,291500
2011-06-20,8.112422943115234,8.183415106745924,7.892993738224131,8.125330833041566,360100
2011-06-21,8.060791969299316,8.125330182802092,8.028522862547929,8.112422293908729,309600
2011-06-22,8.202775955200195,8.222137173732055,8.067246194513093,8.067246194513093,210900
2011-06-23,8.164053916931152,8.196323028814627,8.073701142235963,8.196323028814627,250500
2011-06-24,8.054341316223145,8.157602623121258,8.022072811767396,8.157602623121258,158800
2011-06-27,8.151147842407227,8.267316416110456,8.041433215128002,8.060794438917805,226300
2011-06-28,8.293133735656738,8.325402245175374,8.183419079942752,8.196326360653734,80600
2011-06-29,8.441566467285156,8.628726556564336,8.273767596763948,8.344759758013254,358000
2011-06-30,8.402846336364746,8.506107018728553,8.36412327273721,8.441568784510066,141800
2011-07-04,8.544829368591309,8.564191207923486,8.40284623971527,8.40284623971527,34300
2011-07-05,8.628728866577148,8.76425866512997,8.454476620141927,8.454476620141927,301000
2011-07-06,8.615819931030273,8.64808842622826,8.5125586537576,8.628727206013048,102600
2011-07-07,8.777165412902832,8.80298057995034,8.615820464985369,8.680358074863074,164900
2011-07-08,8.738444328308105,8.75135222248838,8.648090915492993,8.75135222248838,72700
2011-07-11,8.628728866577148,8.777166558078912,8.557737301804607,8.74489744118877,186900
2011-07-12,8.57709789276123,8.64163612177863,8.448022050208596,8.583551838759403,91200
2011-07-13,8.5835542678833,8.777168394245637,8.519016020601741,8.61582339152408,218200
2011-07-14,8.448022842407227,8.583552643667105,8.29313181681943,8.583552643667105,113100
2011-07-15,8.57709789276123,8.712627681312037,8.49965238722965,8.49965238722965,401800
2011-07-18,8.596460342407227,8.673905858994054,8.486745706705323,8.596460342407227,198400
2011-07-19,8.751351356506348,8.802981697153871,8.602913665533057,8.667451899083567,147500
2011-07-20,8.686814308166504,8.777167724368407,8.64809123965646,8.751352550522476,164800
2011-07-21,8.815888404846191,8.8739726881915,8.680358615534525,8.74489684491424,82900
2011-07-22,8.841705322265625,8.925604790860513,8.777167695603453,8.815890148504298,36100
2011-07-25,8.854615211486816,8.938514698980986,8.809438185616154,8.841707313957361,198500
2011-07-26,8.802982330322266,8.880427846863943,8.751351985961147,8.87397389994824,117800
2011-07-27,8.615819931030273,8.802980034396223,8.577096875117759,8.802980034396223,134200
2011-07-28,9.00304889678955,9.15148658419325,8.583552235245806,8.615821351245062,514400
2011-07-29,8.957871437072754,9.02886299143245,8.893333212758762,8.977232658174104,106200
2011-08-02,9.061132431030273,9.358007165734943,8.932056593220013,8.97077903682202,293300
2011-08-03,9.061132431030273,9.203116160362631,8.90624142565796,9.203116160362631,170300
2011-08-04,8.499652862548828,9.035318100709457,8.435114629922309,9.035318100709457,275800
2011-08-05,8.189870834350586,8.506107459842056,7.970442180689375,8.506107459842056,321500
2011-08-08,7.286337852478027,7.918810370895022,7.266976630985485,7.7316496396992935,417000
2011-08-09,7.7574663162231445,7.98980284735213,7.363784202457384,7.389599372582827,324000
2011-08-10,7.880090236663818,7.9898048916393085,7.699383999549865,7.9768969955328455,87100
2011-08-11,8.454475402832031,8.467382678440318,7.867179283342952,7.957532674529454,306300
2011-08-12,8.49320125579834,8.686815391530274,8.49320125579834,8.519016432863774,135500
2011-08-15,8.519013404846191,8.693266249712813,8.506106128642452,8.544828572735822,169900
2011-08-16,8.189870834350586,8.519014738065774,8.131787159120478,8.519014738065774,182400
2011-08-17,8.138238906860352,8.422206358311543,8.138238906860352,8.293130523780151,214100
2011-08-18,7.686474323272705,8.073702500032336,7.680020376714193,8.073702500032336,225700
2011-08-19,7.686474323272705,8.002710318853145,7.634843981769049,7.712289494024532,163600
2011-08-22,7.602573871612549,8.067247499944342,7.563851428282814,7.976894106371396,274300
2011-08-23,7.867181777954102,7.867181777954102,7.57030695904174,7.647753099177415,280000
2011-08-24,7.9059014320373535,7.963985704300879,7.776825613386216,7.867178378700986,102100
2011-08-25,7.9059014320373535,8.028523305885422,7.757464394459059,7.944624485373722,139800
2011-08-26,8.247954368591309,8.318946546498495,7.809096486037047,7.912357164285108,228200
2011-08-29,8.615819931030273,8.693265427373207,8.377028881286941,8.383482826519375,170900
2011-08-30,8.693264961242676,8.770710453433004,8.55128125115271,8.58355036010253,160700
2011-08-31,8.731987953186035,8.873971672277461,8.712626732781509,8.725534623372592,89400
2011-09-01,8.751351356506348,8.783619857799392,8.667451899083567,8.712628293279598,103700
2011-09-02,8.615819931030273,8.738441813036063,8.448021047879534,8.693265427373207,88900
2011-09-06,8.49320125579834,8.615823808470925,8.338310193405741,8.615823808470925,137000
2011-09-07,8.486748695373535,8.673908913572053,8.402849817803917,8.615825217289041,199500
2011-09-08,8.377030372619629,8.525468061980986,8.351215202576201,8.48029166827554,100200
2011-09-09,8.318946838378906,8.409299627275002,8.293131667911135,8.389938403294726,325900
2011-09-12,8.557740211486816,8.615824518541634,8.31249570141226,8.31894965008111,297500
2011-09-13,8.757804870605469,8.822343105505505,8.519014386246893,8.570644727974033,169000
2011-09-14,8.693264961242676,8.841702000736957,8.577096415216154,8.841702000736957,304000
2011-09-15,8.5835542678833,8.802983570061793,8.557739092067145,8.802983570061793,479000
2011-09-16,8.32540225982666,8.654546227547854,8.293133750251238,8.654546227547854,710400
2011-09-19,8.24150276184082,8.383485916392067,8.20923363926742,8.306040391505299,335400
2011-09-20,8.370576858520508,8.512559982910787,8.228593118648037,8.228593118648037,150000
2011-09-21,8.099517822265625,8.448022941674333,8.099517822265625,8.33830831005657,111000
2011-09-22,7.49285888671875,8.099516213455464,7.4541364452993655,8.099516213455464,363000
2011-09-23,7.112086296081543,7.3895992151470775,6.808757591958368,7.2024390818545205,488800
2011-09-26,7.318609237670898,7.337970465174984,7.047549590684397,7.131449063845202,203500
2011-09-27,7.4476847648620605,7.989804033457455,7.421869590904294,7.5315842340953765,212700
2011-09-28,7.247616291046143,7.55094502933349,7.157263495096654,7.4347770609009665,332500
2011-09-29,7.047549724578857,7.415416131557106,6.879750775069281,7.337970604587072,350000
2011-09-30,6.569967269897461,7.124993736214939,6.544152099731118,6.989463938971086,750000
2011-10-03,7.49285888671875,7.905902159912213,7.312152723970033,7.421867333795138,2576900
2011-10-04,7.499312877655029,7.544489264746011,7.060454435689672,7.292791547545267,1000000
2011-10-05,7.550942897796631,7.667111448918485,7.402505851791674,7.557396842966087,472000
2011-10-06,7.641298294067383,7.776828100871972,7.5057684872627926,7.602575228345107,477000
2011-10-07,7.512222766876221,7.673567752814851,7.421869353176969,7.628390738224086,492000
2011-10-11,7.854271411895752,7.899447796320781,7.6993804234538725,7.770371972619214,649000
2011-10-12,8.557740211486816,8.648093030921048,7.905906167510949,7.938175295372784,832000
2011-10-13,8.725537300109863,8.796528873692646,8.318947853992567,8.641637831976235,1100000
2011-10-14,9.196662902832031,9.196662902832031,8.78361957544704,8.809434744940964,830000
2011-10-17,8.848158836364746,9.222479145318168,8.815889716872432,9.203117919815684,556000
2011-10-18,9.145030975341797,9.203115250484371,8.64808827955052,8.84815626998804,398900
2011-10-19,9.099855422973633,9.18375425531967,8.977232916347015,9.164393033661518,423000
2011-10-20,9.132125854492188,9.138579801572375,8.912697193106274,9.035319110218468,260600
2011-10-21,9.403186798095703,9.532263295904375,9.164396261921429,9.164396261921429,877600
2011-10-24,9.68069839477539,9.777505132530253,9.390277566028574,9.390277566028574,550400
2011-10-25,9.519351959228516,9.680696907690017,9.428998566516508,9.680696907690017,305600
2011-10-26,9.422548294067383,9.512901100617759,9.358010047546541,9.512901100617759,266300
2011-10-27,9.68069839477539,9.706513565875502,9.480630357137853,9.532261314820305,610100
2011-10-28,9.919490814208984,9.958213886145746,9.525809224349917,9.525809224349917,188000
2011-10-31,9.758140563964844,10.055015237618413,9.74523329057922,9.842039995158464,721800
2011-11-01,9.467721939086914,9.68715117475209,9.203116313307902,9.680697228883785,433900
2011-11-02,9.687152862548828,9.725875313540985,9.467723588652396,9.506446039644553,159900
2011-11-03,9.913034439086914,9.958211447865216,9.687151857124203,9.700059134287862,244100
2011-11-04,9.738781929016113,9.861403828369786,9.725874036725106,9.803319544024612,120700
2011-11-07,9.938850402832031,9.938850402832031,9.687152630953674,9.712967802825359,149900
2011-11-08,9.738781929016113,9.996933620014467,9.712966759916279,9.874311720660794,197100
2011-11-09,9.493538856506348,9.687152959858825,9.454815789642945,9.583892268866109,159500
2011-11-10,9.093405723571777,9.499995261149298,8.886884288160626,9.493541312422092,481100
2011-11-11,9.099855422973633,9.358007096689452,9.035317196803609,9.261200372916555,263000
2011-11-14,9.028864860534668,9.209571679829859,9.022410913670786,9.099857045072868,346000
2011-11-15,8.964324951171875,9.086946832888458,8.944963115520236,9.086946832888458,362400
2011-11-16,8.970780372619629,9.11921806981621,8.919150029807488,9.003049490747776,547000
2011-11-17,8.912696838378906,9.05467997559843,8.8417046542869,8.919150169719979,573700
2011-11-18,8.919149398803711,9.190208987131893,8.919149398803711,8.957872460914391,335000
2011-11-21,8.919149398803711,8.919149398803711,8.57709824800184,8.757804435059898,310900
2011-11-22,8.880424499511719,8.95141604237842,8.7836171787131,8.95141604237842,163300
2011-11-23,8.55128288269043,8.861064910556449,8.519013767583841,8.861064910556449,199100
2011-11-24,8.531920433044434,8.596458038495795,8.519012542664907,8.596458038495795,12900
2011-11-25,8.538374900817871,8.802981149528279,8.519013678150047,8.525467624200045,122500
2011-11-28,8.757804870605469,8.91269651126911,8.725536368637673,8.815889158919056,236800
2011-11-29,8.712628364562988,8.822342993207172,8.64809013048445,8.777166598641525,231200
2011-11-30,9.015957832336426,9.196664041161046,8.932058367225856,8.932058367225856,284800
2011-12-01,8.861065864562988,9.119218197726902,8.841704639607425,9.119218197726902,302600
2011-12-02,8.841705322265625,8.96432785924365,8.822344095815202,8.90624356441009,332300
2011-12-05,8.944962501525879,9.20311475315564,8.886878845004182,8.964324335848495,383400
2011-12-06,9.099855422973633,9.132123920576506,8.951417748975434,8.964325640402294,329200
2011-12-07,9.061132431030273,9.20957010612368,9.00304815014512,9.099855490114424,271200
2011-12-08,8.970780372619629,9.157940519184198,8.938511869973716,9.151487187944356,261300
2011-12-09,9.132125854492188,9.157941027330663,8.983688764541517,9.01595788446018,118600
2011-12-12,9.022411346435547,9.099857481552373,8.93205854793638,9.067588361167408,242000
2011-12-13,8.848158836364746,9.099857229826087,8.802982438364863,9.035318990841457,239000
2011-12-14,8.544829368591309,8.809435017975627,8.506106920891375,8.7255361761317,240400
2011-12-15,8.448022842407227,8.622275092322942,8.415753724872546,8.557737472735806,286000
2011-12-16,8.777165412902832,8.82879574699785,8.467382792850595,8.53837434836071,402200
2011-12-19,8.383484840393066,8.841704598773498,8.357669668744123,8.77716697739226,324500
2011-12-20,8.557740211486816,8.602916621203933,8.396395187660062,8.396395187660062,200800
2011-12-21,8.815888404846191,8.828796296915002,8.460929374222097,8.551282772257265,346500
2011-12-22,8.932055473327637,9.086946459279869,8.873971199725034,8.873971199725034,171100
2011-12-23,8.99013900756836,9.112760874158763,8.893331687698238,8.899785632119315,82400
2011-12-28,8.783620834350586,9.035319234602415,8.744898382300937,9.003050114239523,239400
2011-12-29,8.841705322265625,8.938512685482323,8.770713748292547,8.912697511720994,97100
2011-12-30,8.777165412902832,8.964325527867803,8.764257521638012,8.80943391010062,88200
2012-01-03,8.938511848449707,9.093402876513151,8.893334836986194,8.932057901743171,206000
2012-01-04,8.841705322265625,9.035319433216728,8.809436201193392,9.009504259455401,222300
2012-01-05,8.712628364562988,8.873973334277117,8.667451969997341,8.873973334277117,348700
2012-01-06,8.564191818237305,8.738444076269245,8.506107527065907,8.71262890413554,335100
2012-01-09,8.389938354492188,8.622274887350683,8.389938354492188,8.622274887350683,381200
2012-01-10,8.40929889678955,8.583551743921957,8.383483728564249,8.45447590279545,521200
2012-01-11,8.067249298095703,8.389939270019532,7.809097566749552,8.389939270019532,950000
2012-01-12,8.118879318237305,8.18341755622254,7.931719166658819,8.105972039929608,545600
2012-01-13,7.809097766876221,7.970442756972983,7.692929177052219,7.918812409380603,1508300
2012-01-16,7.763918399810791,8.041431895686319,7.763918399810791,7.776826290540865,180400
2012-01-17,7.802643299102783,7.899450040510697,7.686474717027486,7.834912418066172,730600
2012-01-18,7.834910869598389,7.892994533674308,7.712288364868699,7.809095702626158,720000
2012-01-19,8.247954368591309,8.260862261113411,7.8220037630769585,7.8220037630769585,1225000
2012-01-20,8.286678314208984,8.338308658837892,8.060795094845822,8.2285940226309,736400
2012-01-23,8.383484840393066,8.402846680741455,8.260862928931143,8.293132047362883,328700
2012-01-24,8.21568775177002,8.38994066092854,8.18341924161389,8.351217587065854,282000
2012-01-25,8.209233283996582,8.286678805531741,8.112425920465915,8.286678805531741,257300
2012-01-26,8.202775955200195,8.357666934419157,8.022069812778073,8.293129334152276,478100
2012-01-27,8.318946838378906,8.389938403294726,8.164055200090061,8.164055200090061,260300
2012-01-30,8.422208786010742,8.525469483400721,8.293132914273269,8.318948088620763,205300
2012-01-31,8.654544830322266,8.802982535430754,8.460930726715757,8.512561072279857,439300
2012-02-01,8.983687400817871,9.093402022597283,8.77716604946,8.77716604946,716600
2012-02-02,9.015957832336426,9.099857297446995,8.951419592872213,8.951419592872213,982100
2012-02-03,8.802982330322266,9.054680105212155,8.499653595589004,9.054680105212155,1254200
2012-02-06,8.899785995483398,8.964324211365138,8.693264689433093,8.738441071261088,317100
2012-02-07,8.82879638671875,8.95787223130893,8.777166048882679,8.944964339108823,425700
2012-02-08,8.422208786010742,8.85461341794301,8.370578437315753,8.84815947048556,747700
2012-02-09,8.615819931030273,8.751349703500932,8.415751937199454,8.42220588243189,637600
2012-02-10,8.415754318237305,8.57709930180434,8.415754318237305,8.57709930180434,628600
2012-02-13,8.344759941101074,8.486743035750765,8.293129612958994,8.486743035750765,464100
2012-02-14,8.228593826293945,8.325400566292743,8.125333139499965,8.30603934138943,610200
2012-02-15,8.034979820251465,8.260863036739286,8.015618595132645,8.260863036739286,1041600
2012-02-16,7.899450302124023,8.047888008078656,7.828458730439277,8.022072835149451,1291900
2012-02-17,7.9704413414001465,8.00270984130269,7.8478188260346275,7.951079502880002,614900
2012-02-21,7.87363338470459,8.118877780936575,7.802641828748805,7.983347999215797,560000
2012-02-22,7.841365337371826,7.9962569771593435,7.815550166654276,7.9962569771593435,349500
2012-02-23,7.531581401824951,7.744556660757209,7.4154128549593326,7.621934784440662,1561600
2012-02-24,7.337970733642578,7.563853986222955,7.337970733642579,7.563853986222955,864200
2012-02-27,7.47995138168335,7.550942932426682,7.350875555112706,7.350875555112706,805800
2012-02-28,7.305699825286865,7.538036969019396,7.305699825286865,7.512221799213803,265400
2012-02-29,7.137901306152344,7.428322111256911,7.099178244913386,7.357329934899183,662100
2012-03-01,7.312153339385986,7.325061231266893,7.118539269547509,7.183077497987721,367500
2012-03-02,7.234705924987793,7.3250592978594025,7.2153447077588755,7.3250592978594025,138200
2012-03-05,7.060454845428467,7.260522857194414,7.060454845428467,7.260522857194414,410800
2012-03-06,6.8345723152160645,7.028186382129462,6.789395925279728,7.028186382129462,520600
2012-03-07,6.795849800109863,6.847480140025665,6.7829425228720135,6.84102680914784,294500
2012-03-08,6.860386848449707,6.944286290200027,6.802302572200863,6.802302572200863,349800
2012-03-09,6.821663856506348,6.873294187994067,6.782941415631609,6.841025692425818,234900
2012-03-12,6.505427837371826,6.886201988735879,6.434436286373242,6.886201988735879,504600
2012-03-13,6.5570597648620605,6.621598001835855,6.453799078089783,6.511883368269749,292500
2012-03-14,6.3440842628479,6.569967470305315,6.22146235468791,6.569967470305315,596400
2012-03-15,6.053664207458496,6.331177792200495,6.008487806400889,6.331177792200495,511400
2012-03-16,6.421529769897461,6.434437663103791,6.085932547801803,6.085932547801803,468000
2012-03-19,6.1762847900390625,6.356991585992717,6.131108398791733,6.356991585992717,291000
2012-03-20,5.98912239074707,6.19564427696727,5.950399960224614,6.19564427696727,591200
2012-03-21,5.924587726593018,5.995579294590245,5.789057921883954,5.989125347822613,391300
2012-03-22,5.8148722648620605,5.866502600681391,5.543812694069497,5.821326210710015,410900
2012-03-23,5.8148722648620605,5.879409876895148,5.7567879831947755,5.769695259408532,316800
2012-03-26,5.943949222564697,5.963310448268572,5.79551151754894,5.834234584438958,205900
2012-03-27,5.808418273925781,5.905224998965019,5.76324188430509,5.892317722851455,295000
2012-03-28,5.692251205444336,5.821327693349428,5.672889978451496,5.750335501905166,365600
2012-03-29,4.524112701416016,5.001693622136562,4.240145542714171,5.001693622136562,6945900
2012-03-30,4.679003715515137,4.704818883809037,4.407944140688101,4.5499278740456335,2375800
2012-04-02,4.691911220550537,4.717726388409162,4.5628353812574165,4.711272750315043,1412500
2012-04-03,4.562835693359375,4.743541880730206,4.433759537496257,4.704819126293599,710900
2012-04-04,4.349859714508057,4.556381361780244,4.298229379625278,4.524112556349042,1122900
2012-04-05,4.349859714508057,4.511204664887277,4.272414212183888,4.388582773411212,541000
2012-04-09,4.156245708465576,4.356313397961551,4.136884180179685,4.356313397961551,797000
2012-04-10,4.020717144012451,4.14333937275897,4.001355609898308,4.130431785929923,1109000
2012-04-11,4.033624649047852,4.156246875307843,4.001355528759014,4.046532235615159,436600
2012-04-12,4.24660062789917,4.278869753101554,3.9755409609709362,4.033625263238753,978600
2012-04-13,4.156245708465576,4.317590649130819,4.104615376691267,4.246598789070617,504000
2012-04-16,4.001354694366455,4.194968760243347,3.9819934724234107,4.175607230559228,328700
2012-04-17,4.001354694366455,4.136884478932065,3.9819934724234107,4.078800505361857,513900
2012-04-18,4.040076732635498,4.149791013979127,3.9368157799870884,3.9755385218273687,946500
2012-04-19,3.7690181732177734,4.052985325366887,3.7109338920819557,4.052985325366887,1185400
2012-04-20,3.788379430770874,3.917455578094523,3.7690182087040265,3.8141945986873886,901900
2012-04-23,3.8916399478912354,3.8980935852332004,3.6980259037756564,3.743202596133569,583800
2012-04-24,3.710932970046997,3.9368157849364414,3.7109329700469975,3.872277881788171,504500
2012-04-25,3.846464157104492,3.8464641571044917,3.736749526905766,3.7690186444022538,617300
2012-04-26,4.130431652069092,4.285322688997879,3.8722796161133104,3.878733563189244,881600
2012-04-27,3.9884469509124756,4.220783759120707,3.9884469509124756,4.214330121311594,310700
2012-04-30,4.369222164154053,4.382129750593192,3.9690866767995923,4.007809436117011,988000
2012-05-01,4.498297214508057,4.737087982030909,4.369221373474958,4.414398071707082,1696300
2012-05-02,4.369222164154053,4.498298028545448,4.2917766455192154,4.498298028545448,613600
2012-05-03,4.317591190338135,4.440213397543261,4.2788684366535295,4.4143982284201915,442000
2012-05-04,4.317591190338135,4.356313944022739,4.085254360489416,4.317591190338135,615800
2012-05-07,4.311137676239014,4.311137676239014,4.207876989398189,4.304684037182023,336000
2012-05-08,4.24660062789917,4.291777341634271,4.020717674706037,4.291777341634271,515600
2012-05-09,4.311137676239014,4.3692219664575385,4.149792699179664,4.233692161108395,282000
2012-05-10,4.304681301116943,4.420849499976104,4.2465970478169,4.395034344674068,256000
2012-05-11,4.169153690338135,4.382128983156408,4.104615769444883,4.304683478084505,270500
2012-05-14,4.065894603729248,4.1368861905475836,4.020717887602051,4.078802192945418,228000
2012-05-15,4.020717144012451,4.1110702518157805,3.9755404362402142,4.1110702518157805,380400
2012-05-16,4.059439659118652,4.1304315362577375,3.969086556776897,3.994901728874541,417000
2012-05-17,3.846464157104492,4.033624300005457,3.8141950396080038,4.033624300005457,915700
2012-05-18,3.8787331581115723,3.988447477274153,3.8077412863960527,3.8851867967723814,247000
2012-05-22,4.027170658111572,4.098162537330533,3.865825673903747,3.872279620987805,189000
2012-05-23,3.962632417678833,4.014262759369849,3.8658253731376218,4.014262759369849,246100
2012-05-24,3.969085931777954,4.007808683826876,3.911001649834033,3.962631985899262,148200
2012-05-25,4.052985191345215,4.091707941574941,3.9432705784904574,3.975539383144698,1517700
2012-05-28,3.994903087615967,4.085256220688517,3.9690879067380958,4.085256220688517,125900
2012-05-29,4.220783233642578,4.29177508715086,3.962631290855116,4.001354036112081,387000
2012-05-30,4.014263153076172,4.220784847836347,3.994901926913708,4.194969674458968,534400
2012-05-31,3.994903087615967,4.04653344937171,3.9110035958922698,3.988449138525884,407300
2012-06-01,3.9303619861602783,3.981992306546459,3.8335549815656984,3.8980928820484237,251300
2012-06-04,4.007808685302734,4.0142623234427255,3.872278899211061,3.962631987358484,343400
2012-06-05,4.149792671203613,4.220784546798646,4.007809227754668,4.007809227754668,220200
2012-06-06,4.1885151863098145,4.311137397886644,4.156246377626081,4.156246377626081,345200
2012-06-07,4.052985191345215,4.3885826677439095,4.052985191345215,4.214330137839608,258200
2012-06-08,3.872279167175293,4.052985663716224,3.8529176359333333,4.052985663716224,393300
2012-06-11,3.8787331581115723,3.9432710834251794,3.8593716266469387,3.911001966897824,479700
2012-06-12,3.8980941772460938,3.9561784608503747,3.846463839704994,3.8980941772460938,267200
2012-06-13,3.7302956581115723,3.898094258623129,3.704480181061009,3.898094258623129,306800
2012-06-14,3.8851864337921143,3.9497243530761548,3.7109338978546687,3.7432030113672257,486800
2012-06-15,3.8980941772460938,3.9303632920798246,3.820648670934444,3.9045481233092745,515600
2012-06-18,4.059439659118652,4.065893606013626,3.833556749393701,3.8658255606451934,287600
2012-06-19,4.123977184295654,4.156246300118721,4.001354975005533,4.078800791432675,219300
2012-06-20,3.8916399478912354,4.130430376623687,3.8916399478912354,4.111068849115713,227500
2012-06-21,3.665757179260254,3.8851864112965506,3.6399420116961094,3.8851864112965506,607900
2012-06-22,3.549588203430176,3.6915715961613387,3.5302266778236033,3.646395215981019,390800
2012-06-25,3.5108673572540283,3.601220474183101,3.368883580052882,3.543136173715252,338700
2012-06-26,3.4527814388275146,3.51086571207732,3.381789583493422,3.51086571207732,271000
2012-06-27,3.4205129146575928,3.4850508303086487,3.3043443587446353,3.4850508303086487,524800
2012-06-28,3.3495216369628906,3.8593717210192913,3.3107988808278477,3.678665217981313,1853200
2012-06-29,3.6141271591186523,3.6399423289326993,3.4076058006062775,3.4721437251413945,454800
2012-07-03,3.8787331581115723,4.033624178864229,3.6463963192414837,3.7238418296178124,467500
2012-07-04,3.9045488834381104,3.9368176968127755,3.8400106412064887,3.8916412965400156,206300
2012-07-05,3.9110023975372314,4.020717036521564,3.872279638085315,3.904548758165814,443700
2012-07-06,3.794833183288574,3.917455378515433,3.775471654467045,3.865824737571708,358500
2012-07-09,3.9110023975372314,3.9626327434731206,3.7754725855849545,3.8077417056654537,188000
2012-07-10,3.814194679260254,4.007808750465185,3.814194679260254,3.9239092990936424,345800
2012-07-11,3.994903087615967,4.033625858932774,3.833558053258656,3.9045499545434175,469600
2012-07-12,3.9239091873168945,3.9884471066330787,3.8464636841374733,3.923909187316894,134400
2012-07-13,3.9497251510620117,3.9884479104558195,3.9174563387710735,3.923909978132807,168900
2012-07-16,3.975538969039917,4.11106873459728,3.917455003616069,3.930362585681483,157300
2012-07-17,3.9884469509124756,4.001354534271763,3.898093867397465,3.917455396306927,125000
2012-07-18,3.8787331581115723,3.969086253550622,3.827102510119584,3.969086253550622,545900
2012-07-19,4.065894603729248,4.1756089581960945,3.8787344062241784,3.885188046961663,377700
2012-07-20,3.969085931777954,4.085254187924719,3.969085931777954,4.065892965770797,203400
2012-07-23,4.065894603729248,4.098163422899073,3.885188046961663,3.9368184038263436,223000
2012-07-24,4.059439659118652,4.1304315362577375,4.020716900972186,4.104616364160093,177700
2012-07-25,4.033624649047852,4.11752411560592,4.001355528759014,4.091708942471305,280000
2012-07-26,4.123977184295654,4.162699938638677,4.014262559786541,4.059439260390616,254600
2012-07-27,4.4853901863098145,4.517659304437961,4.130431425605788,4.1627002359928165,526400
2012-07-30,4.6209187507629395,4.6790030247193455,4.517658092832471,4.517658092832471,350800
2012-07-31,4.498297214508057,4.666096115592165,4.472482046301438,4.627373363282235,270100
2012-08-01,4.395036697387695,4.517658904583904,4.343406359145311,4.466028566341519,156000
2012-08-02,4.29177713394165,4.4789373124793626,4.240146782309339,4.395037837206272,207200
2012-08-03,4.336952209472656,4.433759243004772,4.272414289698271,4.336952209472656,145900
2012-08-07,4.5434746742248535,4.582197433024703,4.356314519488348,4.485390382154513,208500
2012-08-08,4.369222164154053,4.556382321392143,4.3563145777149135,4.543474734953004,199700
2012-08-09,4.343407154083252,4.440214209876064,4.330499567160286,4.362768688338273,163000
2012-08-10,4.388582706451416,4.407943927866515,4.2078762293777885,4.311136897567824,209600
2012-08-13,4.356314182281494,4.414398469855735,4.317591426479035,4.414398469855735,78700
2012-08-14,4.382129192352295,4.4337595315316465,4.356314022762619,4.362767969030586,133000
2012-08-15,4.517658710479736,4.640280912407401,4.401490454425616,4.41439803843163,451800
2012-08-16,4.691911220550537,4.775810669961603,4.466028347917038,4.517658683634286,459900
2012-08-17,4.608012676239014,4.769357660917113,4.601559036877281,4.7435424879879085,236200
2012-08-20,4.569290637969971,4.646736168980028,4.485391158838483,4.61446735159643,137100
2012-08-21,4.5951056480407715,4.672551176237362,4.569290471975242,4.5951056480407715,120800
2012-08-22,4.627373218536377,4.679003553334601,4.56928893801784,4.640280802235933,108100
2012-08-23,4.582196235656738,4.6273729296553965,4.5176583211879775,4.6273729296553965,195500
2012-08-24,4.549927711486816,4.627373213601563,4.524112544115235,4.556381349459177,135400
2012-08-27,4.478935718536377,4.575742747266307,4.433759023064794,4.575742747266307,126700
2012-08-28,4.446666717529297,4.48538946844098,4.42730549594399,4.453120663218445,224600
2012-08-29,4.453121185302734,4.4660287704532475,4.44021360015222,4.453121185302734,122700
2012-08-30,4.395036697387695,4.4531209817809225,4.356313943705906,4.433759451069483,159700
2012-08-31,4.349859714508057,4.46602827573538,4.291775741635465,4.433759162563108,168200
2012-09-04,4.3240437507629395,4.369220439336295,4.317590113961611,4.362766802534966,141300
2012-09-05,4.3240437507629395,4.330497695305282,4.30468253261794,4.330497695305282,93000
2012-09-06,4.349859714508057,4.446666746283803,4.324044547066667,4.349859714508057,248400
2012-09-07,4.240145206451416,4.43375895311567,4.233691261025413,4.369221037560918,238500
2012-09-10,4.369222164154053,4.414398870561609,4.23369235267252,4.23369235267252,227200
2012-09-11,4.304681301116943,4.414395865021057,4.2465970478169,4.375673132068004,245300
2012-09-12,4.29177713394165,4.382130249298195,4.240146782309339,4.3304998976658835,205000
2012-09-13,4.1885151863098145,4.265961004181197,4.130431207582654,4.2530534191594835,172800
2012-09-14,4.259506702423096,4.349859790036804,4.194968782699018,4.207876366643834,202000
2012-09-17,4.285322666168213,4.324045425194118,4.214331095157954,4.253053854183858,229700
2012-09-18,4.194969177246094,4.298229858516536,4.182061592087289,4.259507103040121,363300
2012-09-19,4.24660062789917,4.28532339349732,4.227239398970688,4.227239398970688,263900
2012-09-20,4.317591190338135,4.356313944022739,4.233691736817613,4.246599321379147,218100
2012-09-21,4.407944202423096,4.414398148457501,4.246599244455978,4.407944202423096,3353900
2012-09-24,4.356314182281494,4.42730605512322,4.317591426479035,4.3885832993207625,203400
2012-09-25,4.201423168182373,4.382129362319036,4.143338880482177,4.356314191728084,503000
2012-09-26,4.156245708465576,4.2143299855822,4.130430542578422,4.201422402638623,274500
2012-09-27,4.220783233642578,4.259505978899544,4.182060488385613,4.182060488385613,303900
2012-09-28,4.285322666168213,4.343406958577637,4.149792855706979,4.259507493484277,334600
2012-10-01,4.504751682281494,4.5112053212102285,4.298230004963032,4.324045176160201,1252300
2012-10-02,4.969425201416016,5.05332466386955,4.517659385920423,4.517659385920423,1407800
2012-10-03,4.808079719543457,4.9565170961225204,4.775810911955629,4.9565170961225204,787400
2012-10-04,4.8661651611328125,4.969425862353297,4.840349985827691,4.846803933524554,279200
2012-10-05,5.033963203430176,5.033963203430176,4.885525818238896,4.904887042366697,426000
2012-10-09,4.930701732635498,5.0146011829913135,4.891978980411524,5.008147544824524,676900
2012-10-10,4.943609714508057,5.0146015865017235,4.9177945442814694,4.9177945442814694,159800
2012-10-11,4.956517219543457,5.092047014913963,4.924248411152113,4.99523997425773,700400
2012-10-12,4.988785743713379,5.066231243952348,4.937155410220734,4.937155410220734,174500
2012-10-15,4.9371562004089355,5.033963245072074,4.911341029530914,4.969425010135907,193400
2012-10-16,5.221123218536377,5.317929952319872,4.962971210384487,4.988786380425566,1006700
2012-10-17,5.634165287017822,5.679342290971954,5.356652395069935,5.42119000496106,993100
2012-10-18,5.479275226593018,5.595443806041512,5.408283658864625,5.4921831200794005,1310700
2012-10-19,5.576082229614258,5.634165900192968,5.485728827354822,5.5179979435533495,545900
2012-10-22,5.2727532386779785,5.453459418000627,5.169492564779323,5.401829081051298,794500
2012-10-23,5.427643775939941,5.479274108384293,5.072685086514492,5.25339155781078,439100
2012-10-24,5.1759467124938965,5.459913576782416,5.163038820012415,5.459913576782416,316000
2012-10-25,5.2856597900390625,5.350198010112862,5.201760965618037,5.234029460172856,210800
2012-10-26,5.240484714508057,5.3114762819394095,5.208215596409357,5.3114762819394095,102300
2012-10-29,5.382468223571777,5.3889221699986525,5.234030533164703,5.253392372445327,101500
2012-10-30,5.42119026184082,5.42119026184082,5.330837480615509,5.356652648891621,79500
2012-10-31,5.2856597900390625,5.459912614949072,5.259844625105959,5.421189559808377,234000
2012-11-01,5.42119026184082,5.434098153719957,5.285660474520692,5.29211442046026,178000
2012-11-02,5.3695597648620605,5.421190099871723,5.2921142623475665,5.408282823860379,147100
2012-11-05,5.298569202423096,5.3501995471217025,5.259846136158012,5.3501995471217025,102100
2012-11-06,5.337292671203613,5.356653898055166,5.272754427722033,5.356653898055166,138200
2012-11-07,5.201762676239014,5.30502336992913,5.175947502816485,5.266300302054195,227000
2012-11-08,5.085592746734619,5.259844967505836,5.040416051290303,5.227576470850437,195900
2012-11-09,4.9500627517700195,5.117861327423707,4.904886058300426,5.059777358952569,199800
2012-11-12,4.943609714508057,5.059778288268804,4.911340905595374,5.053324341841605,82600
2012-11-13,4.5951056480407715,4.9629723685863345,4.588652007894976,4.911342016455274,419700
2012-11-14,4.7564496994018555,4.917794671357749,4.595104727445963,4.601558674039932,208300
2012-11-15,5.124316215515137,5.156585024438398,4.8855257369703695,4.8855257369703695,379900
2012-11-16,5.156585216522217,5.214669505585283,5.092047288530541,5.098501235200266,355000
2012-11-19,5.208216190338135,5.259846538990925,5.163039789137519,5.163039789137519,135000
2012-11-20,5.188854694366455,5.2275777615889965,5.169493468496321,5.214669867354059,123900
2012-11-21,5.111408710479736,5.214669393037756,5.066232007990048,5.208215446507325,156800
2012-11-22,5.195307731628418,5.195307731628418,5.098500696008177,5.1565846711874554,44900
2012-11-23,5.201762676239014,5.22112390243534,5.1694935555902815,5.175947502816485,45800
2012-11-26,5.085592746734619,5.163038246575396,5.066231217903895,5.163038246575396,91100
2012-11-27,5.085592746734619,5.124315496655008,4.904886272698414,5.053323634597099,209300
2012-11-28,5.124316215515137,5.1501313857501865,4.982332471481256,5.001694003028096,109800
2012-11-29,5.046870708465576,5.1630389746074465,4.956517304836352,5.124316219226823,218900
2012-11-30,5.05977725982666,5.137222754764976,5.04041573222156,5.04686967733694,210100
2012-12-03,5.05977725982666,5.1243151722752565,4.995239039637021,5.1243151722752565,153800
2012-12-04,4.891979217529297,5.09204693425446,4.8661640481287005,4.9887862566520775,89600
2012-12-05,4.956517219543457,4.969424804448215,4.769357084553921,4.917794464829184,221800
2012-12-06,5.0275092124938965,5.111408670283048,4.879071828613517,4.879071828613517,205500
2012-12-07,5.014601707458496,5.111408752013825,4.975878951184587,5.040416878307769,241500
2012-12-10,5.098501205444336,5.163039133059355,5.072686034398328,5.085593619921332,420100
2012-12-11,5.066232681274414,5.1501321508733025,5.040417507204164,5.124316976803052,153100
2012-12-12,4.988785743713379,5.098500356255783,4.904886297917298,5.098500356255783,172600
2012-12-13,4.9371562004089355,5.014601713043001,4.911341029530914,4.98878654216498,118400
2012-12-14,4.956517219543457,4.956517219543457,4.866164125210153,4.911340826247355,317700
2012-12-17,4.8661651611328125,4.917795511743055,4.762904459912328,4.879072748785373,310100
2012-12-18,4.885526180267334,4.917794992118563,4.853257060674973,4.917794992118563,304100
2012-12-19,4.7564496994018555,4.879071915017268,4.749996060548998,4.879071915017268,146800
2012-12-20,4.749995231628418,4.782264035743708,4.743541286160725,4.7758103980170725,215300
2012-12-21,4.698367118835449,4.769358706077336,4.691913170318258,4.691913170318258,264300
2012-12-24,4.7048187255859375,4.775810589877247,4.685457503887171,4.698365087600039,76200
2012-12-27,4.788718223571777,4.8016258074193665,4.698365136638651,4.743541526234678,145800
2012-12-28,4.827441692352295,4.840349278117631,4.737088591994946,4.75644981677239,115000
2012-12-31,4.814535140991211,4.86616549514535,4.7177280730816085,4.788719963914142,80700
2013-01-02,4.775811195373535,4.9242485807615335,4.711273268626821,4.9242485807615335,146600
2013-01-03,4.601558208465576,4.795171970578616,4.530566341820255,4.795171970578616,229600
2013-01-04,4.730635166168213,4.730635166168213,4.5499289455545675,4.582197759650714,210700
2013-01-07,4.762903690338135,4.904887131575087,4.6983657625031565,4.749996104771139,211700
2013-01-08,4.627373218536377,4.743541471832382,4.620919272816064,4.743541471832382,198500
2013-01-09,4.524112701416016,4.666096126896397,4.498297225405775,4.666096126896397,183200
2013-01-10,4.530566215515137,4.595104134420266,4.459574350848958,4.537020161276185,144800
2013-01-11,4.524112701416016,4.627373374492657,4.524112701416016,4.530566339612765,176800
2013-01-14,4.517658710479736,4.582196630509802,4.511204764606191,4.517658710479736,129200
2013-01-15,4.524112701416016,4.595104260285666,4.491843587209025,4.524112701416016,85300
2013-01-16,4.5434746742248535,4.5628362074953435,4.51765950169162,4.524113448695494,199700
2013-01-17,4.5370192527771,4.549926833973494,4.517657727112003,4.543472889504791,81600
2013-01-18,4.749995231628418,4.749995231628418,4.524112371857156,4.543473592778119,318000
2013-01-21,4.8661651611328125,4.950064634745039,4.775812047564888,4.775812047564888,489800
2013-01-22,4.795172691345215,4.87261851557246,4.749996293932209,4.87261851557246,320600
2013-01-23,4.724180221557617,4.782264193983496,4.685457470693342,4.749995388800467,141800
2013-01-24,4.840349197387695,4.840349197387695,4.7241809274371915,4.756449737441775,264600
2013-01-25,4.801626205444336,4.859710491443852,4.77581103560924,4.84034896019698,267500
2013-01-28,4.6854567527771,4.808078624521705,4.659641281748685,4.808078624521705,392800
2013-01-29,4.679003715515137,4.711272829753052,4.6531885472212355,4.685457661459152,1128400
2013-01-30,4.801626205444336,4.833895013867656,4.672550048527757,4.711273111021501,846900
2013-01-31,4.711274147033691,4.7887196735693,4.633828312756916,4.7758120858133655,157200
2013-02-01,4.762903690338135,4.788718861472126,4.704819401416097,4.737088519204144,129300
2013-02-04,4.7048187255859375,4.749995422451511,4.666095974447334,4.749995422451511,80200
2013-02-05,4.698367118835449,4.749997476008168,4.679005581025078,4.679005581025078,57700
2013-02-06,4.814535140991211,4.8274427295297455,4.691912896004539,4.698366844144399,330800
2013-02-07,4.698367118835449,4.833896652543234,4.679005581025078,4.808081473956874,70800
2013-02-08,4.653189182281494,4.704819525915727,4.614466424555819,4.698365886832009,113100
2013-02-11,4.646734714508057,4.691911413993781,4.614465907224901,4.627373491686381,55600
2013-02-12,4.711274147033691,4.737089322545561,4.614467084993597,4.6790050237732705,257200
2013-02-13,4.853256702423096,4.924248575641218,4.685458093056117,4.685458093056117,271300
2013-02-14,4.724180221557617,4.801625723286167,4.698365054314767,4.801625723286167,128400
2013-02-15,4.859710693359375,4.8661643322157415,4.679004189264452,4.74354211653367,820800
2013-02-19,4.9371562004089355,4.98878654216498,4.840349155745797,4.891979497501842,377300
2013-02-20,4.840349197387695,4.9307022962380875,4.808080079641998,4.904887125137975,379100
2013-02-21,4.872617721557617,4.937155641445974,4.749995519899201,4.8468025536022745,222300
2013-02-22,4.9500627517700195,4.956516389270791,4.84034814458747,4.891978475557835,459800
2013-02-25,4.924248695373535,5.066232137520975,4.9048871630283255,4.9177947486780935,301300
2013-02-26,5.033963203430176,5.0662320128902145,4.89197945703446,4.943609798363408,285400
2013-02-27,5.014601707458496,5.124316337438462,5.014601707458496,5.053324463732406,345700
2013-02-28,5.05977725982666,5.066230897200999,5.001692984752402,5.04686967733694,232900
2013-03-01,5.0275092124938965,5.059778329410064,5.014601627275651,5.046870744191819,223400
2013-03-04,5.008147716522217,5.053324108461792,4.911340678772842,5.01460135491026,188900
2013-03-05,5.09204626083374,5.150130538174009,4.995239234513643,5.021054708241248,231100
2013-03-06,5.072686195373535,5.137224125036583,5.046871023508316,5.111408953171364,184800
2013-03-07,5.066232681274414,5.085594215697677,5.001694746098789,5.085594215697677,723600
2013-03-08,5.117863178253174,5.175947783212184,5.0791404160216596,5.098501951007996,511600
2013-03-11,5.137225151062012,5.169494276209005,5.079140848893897,5.137225151062012,123900
2013-03-12,5.298569202423096,5.3308383217302895,5.117862688236845,5.117862688236845,423800
2013-03-13,5.317930221557617,5.337292061680335,5.272753825569076,5.337292061680335,116300
2013-03-14,5.240484714508057,5.453460032284349,5.169493147076704,5.292115057273083,828600
2013-03-15,5.324384689331055,5.369561089740742,5.246939167707751,5.305023462795803,639000
2013-03-18,5.492181301116943,5.5502655716041875,5.2662981637736666,5.2662981637736666,413800
2013-03-19,5.50508975982666,5.550266766308967,5.453459422831595,5.485728537324053,415400
2013-03-20,5.382468223571777,5.517998021125103,5.337291829548072,5.517998021125103,285100
2013-03-21,5.42119026184082,5.530904880884837,5.343744757012485,5.382467817167733,257500
2013-03-22,5.434098243713379,5.5115437498242805,5.343744845509575,5.434098243713379,120000
2013-03-25,5.46636962890625,5.517999987758056,5.427646552026181,5.434100500753265,351600
2013-03-26,5.453458786010742,5.466366676493289,5.343744178837475,5.453458786010742,443600
2013-03-27,5.498637676239014,5.498637676239014,5.401830310808654,5.414738205725624,174200
2013-03-28,5.5309062004089355,5.543814095367545,5.427645502669288,5.485729799018416,196000
2013-04-01,5.511543273925781,5.524451164904142,5.440551719991152,5.485728107451179,119400
2013-04-02,5.401830196380615,5.530906065404551,5.388922917219369,5.530906065404551,115400
2013-04-03,5.292115211486816,5.421191072160689,5.246938814121524,5.414737740738685,292900
2013-04-04,5.143677234649658,5.292114611465302,5.092046896233972,5.285660665292795,429100
2013-04-05,5.227576732635498,5.234030063000473,5.130769391375047,5.130769391375047,662700
2013-04-08,5.279206275939941,5.311474769367165,5.208214113243107,5.227575947877913,579400
2013-04-09,5.2598466873168945,5.298569757639618,5.156585987099395,5.292115810005444,358700
2013-04-10,5.434098243713379,5.472820689027745,5.234030224648588,5.234030224648588,538700
2013-04-11,5.492181301116943,5.530903737787084,5.324382434260912,5.421189141418297,264300
2013-04-12,5.4405517578125,5.472820254518488,5.305021979008134,5.472820254518488,237600
2013-04-15,5.234030723571777,5.421190868384321,5.188854327904615,5.369560526055497,176200
2013-04-16,5.240484714508057,5.356653293470483,5.182400425026843,5.240484714508057,167100
2013-04-17,5.137225151062012,5.285662265062864,4.9887877293199745,5.246939807272368,313900
2013-04-18,5.09204626083374,5.221122398507554,5.033962291234524,5.163038121167285,362600
2013-04-19,5.085592746734619,5.124315496655008,5.033962413507435,5.098500330041416,203700
2013-04-22,5.014601707458496,5.1178623908555885,4.930702248327804,5.111408752013825,233900
2013-04-23,5.021054744720459,5.130769047089881,4.950062883871141,5.124315409416882,341800
2013-04-24,5.130769729614258,5.182400068830633,5.014601466377414,5.014601466377414,469000
2013-04-25,5.208216190338135,5.317930835095892,5.111409440484729,5.156585841685344,554400
2013-04-26,5.214669227600098,5.240484397420605,5.111408548318067,5.201761950430942,529200
2013-04-29,5.214669227600098,5.266299567241113,5.156584941633406,5.22757712025145,352500
2013-04-30,5.098501205444336,5.188854304105362,5.066232087766269,5.188854304105362,1288000
2013-05-01,5.014601707458496,5.130769976280225,5.014601707458496,5.033963239466007,270500
2013-05-02,5.05977725982666,5.1243151722752565,5.02750814973184,5.04686967733694,130500
2013-05-03,5.195307731628418,5.208215008120629,5.059777943308297,5.15013103294135,312700
2013-05-06,5.279206275939941,5.324382659123702,5.175945619815884,5.182398949212093,399300
2013-05-07,5.066232681274414,5.272754381577565,5.059779041627427,5.214670086048928,282400
2013-05-08,5.07913875579834,5.130769088563899,5.0275084230327804,5.0985002844559535,170000
2013-05-09,5.046870708465576,5.098501048973074,4.995240060216974,5.053324347158462,149300
2013-05-10,5.008147716522217,5.033962885556571,4.930701901678063,5.033962885556571,528700
2013-05-13,4.956517219543457,4.99523997425773,4.9307020497339415,4.9887863356759015,561700
2013-05-14,5.046870708465576,5.046870708465576,4.950063666143466,4.9823324750901,124000
2013-05-15,5.163039207458496,5.1759471009086155,5.021055764659479,5.033963350368481,575700
2013-05-16,5.182401180267334,5.305023723815948,5.15658600512273,5.15658600512273,380400
2013-05-17,5.324384689331055,5.324384689331055,5.163039698745266,5.169493646084447,707200
2013-05-21,5.492181301116943,5.5050885748463125,5.337290323472314,5.337290323472314,428400
2013-05-22,5.511543273925781,5.576081497853348,5.466366886465755,5.492182052940358,294400
2013-05-23,5.5309062004089355,5.563175322323152,5.40828427571368,5.427645502669288,144900
2013-05-24,5.472819805145264,5.517996804691983,5.447004640610883,5.511542859687871,90300
2013-05-27,5.524452209472656,5.634166226122959,5.498637038116897,5.517998262763158,118000
2013-05-28,5.576082229614258,5.576082229614258,5.472820934682532,5.530905220743441,196800
2013-05-29,5.56962776184082,5.614804150999954,5.485728313772328,5.492182259504244,276100
2013-05-30,5.705157279968262,5.724518500783128,5.556719612435328,5.595442669547172,258600
2013-05-31,5.776149749755859,5.834234036898566,5.679343014839486,5.743880632956332,648500
2013-06-03,5.801965713500977,5.801965713500977,5.711612912685469,5.743881418415411,310700
2013-06-04,5.711612701416016,5.821327340189956,5.6922508601154815,5.801965498889422,418000
2013-06-05,5.685797691345215,5.795511717779218,5.659982517687399,5.685797691345215,120600
2013-06-06,5.640620708465576,5.756789298338976,5.634166761143211,5.679343776917474,157000
2013-06-07,5.685797691345215,5.750335317748611,5.60189822308674,5.627713396744556,73900
2013-06-10,5.65352725982666,5.763241876309394,5.647073314037759,5.698703649384675,143600
2013-06-11,5.543814182281494,5.627713654380881,5.492183832602228,5.576083304701615,137800
2013-06-12,5.498637676239014,5.582536531270098,5.4728218864050735,5.556721356918463,145800
2013-06-13,5.608351230621338,5.614805177533205,5.453460197630054,5.453460197630054,127000
2013-06-14,5.511543273925781,5.627711830802554,5.505089328436601,5.621257885313375,62500
2013-06-17,5.537359237670898,5.601897470890698,5.492182843706362,5.5502671305077405,86400
2013-06-18,5.50508975982666,5.588989211314182,5.485728537324053,5.5179976518165095,76100
2013-06-19,5.382468223571777,5.530905298496645,5.376014277144903,5.492182850899813,147100
2013-06-20,5.350199222564697,5.42764473491456,5.188854251298594,5.305022827564499,84500
2013-06-21,5.234030723571777,5.408283590543229,5.169493103401863,5.3760144727171575,201000
2013-06-24,5.382468223571777,5.485728904472939,5.053324341587672,5.169492915342581,171200
2013-06-25,5.311476230621338,5.453459979594469,5.259845888355151,5.421190861807545,290700
2013-06-26,5.279206275939941,5.4082820960950135,5.1888528940903615,5.324382659123702,103600
2013-06-27,5.240484714508057,5.33083812208797,5.22112348984173,5.317930228655596,68900
2013-06-28,5.266299247741699,5.324383530184495,5.156584628790235,5.266299247741699,146400
2013-07-02,5.395376682281494,5.395376682281494,5.279208698573372,5.298569926611002,128600
2013-07-03,5.472819805145264,5.492181640157603,5.376013092011854,5.447004640610883,97000
2013-07-04,5.556721210479736,5.582536384151053,5.434099289411556,5.517998757713907,79400
2013-07-05,5.672889709472656,5.685797603844064,5.5567211220591055,5.601898136876753,110200
2013-07-08,5.634165287017822,5.70515745802483,5.58253495291207,5.698703512391078,199100
2013-07-09,5.627712249755859,5.685796532518313,5.608350411846933,5.672888640579028,137400
2013-07-10,5.679342269897461,5.7438798795491035,5.601896769026211,5.647073157330574,192300
2013-07-11,5.65352725982666,5.705157595173576,5.5502665891328276,5.698703649384675,69100
2013-07-12,5.640620708465576,5.672889829595109,5.595444308173606,5.672889829595109,66200
2013-07-15,5.640620708465576,5.705158950724641,5.576083081688804,5.705158950724641,136400
2013-07-16,5.517999172210693,5.634167154716689,5.4728221532806005,5.614805926879412,223100
2013-07-17,5.492181301116943,5.569626789939258,5.492181301116943,5.537357682392785,61300
2013-07-18,5.524452209472656,5.6083510547671995,5.4857291446979,5.4857291446979,277100
2013-07-19,5.524452209472656,5.576082552184175,5.492183091407399,5.5567207120556805,88700
2013-07-22,5.472819805145264,5.550265914230477,5.447004640610883,5.530904079218137,95700
2013-07-23,5.4405517578125,5.5567197000147255,5.4211899212103605,5.4211899212103605,151200
2013-07-24,5.266299247741699,5.453459371456171,5.221122857167153,5.414736926815748,247100
2013-07-25,5.246938228607178,5.3243837363692315,5.22112305935316,5.259845505493095,288100
2013-07-26,5.182401180267334,5.240485478213275,5.15013236520716,5.221124250725403,127900
2013-07-29,5.05977725982666,5.130768809649596,5.001692984752402,5.130768809649596,379800
2013-07-30,4.924248695373535,5.066232137520975,4.911341109723768,5.066232137520975,466800
2013-07-31,4.956517219543457,5.001693920580659,4.917794464829184,4.917794464829184,431100
2013-08-01,4.956517219543457,5.040416675294932,4.911340826247355,5.040416675294932,155900
2013-08-02,4.969425201416016,4.995240373287699,4.943610029544332,4.956517615480173,98000
2013-08-06,4.859710693359375,4.9694250158464905,4.840349161308054,4.9694250158464905,201900
2013-08-07,4.775811195373535,4.84034912212025,4.717726907430937,4.84034912212025,294500
2013-08-08,4.698367118835449,4.775812654594527,4.6402828131455385,4.775812654594527,334400
2013-08-09,4.698367118835449,4.730635938197796,4.672551632507886,4.698367118835449,135300
2013-08-12,4.640281677246094,4.717727194047202,4.537020988177949,4.679004435646648,217700
2013-08-13,4.633825778961182,4.679002465274731,4.582195456169123,4.679002465274731,203600
2013-08-14,4.614466190338135,4.640281360844944,4.58219707333407,4.633827414347688,70800
2013-08-15,4.588650226593018,4.633826613299754,4.511204420719513,4.614465392637168,235800
2013-08-16,4.6854567527771,4.711271916064492,4.569288210242811,4.57574215493517,1061400
2013-08-19,4.530566215515137,4.711272696190573,4.51765863173411,4.711272696190573,439100
2013-08-20,4.556381702423096,4.588650818007862,4.53056653305172,4.53056653305172,625200
2013-08-21,4.614466190338135,4.666096531351752,4.537020678817709,4.556381902827262,690000
2013-08-22,4.6660966873168945,4.711273391084403,4.575743587522995,4.640281515947209,389900
2013-08-23,4.633825778961182,4.7306327880667896,4.627372142482674,4.704817626670761,152000
2013-08-26,4.614466190338135,4.640281360844944,4.58219707333407,4.633827414347688,204800
2013-08-27,4.57574462890625,4.646736212459139,4.549929451661347,4.595105857969333,186600
2013-08-28,4.588650226593018,4.614465392637168,4.517658366101077,4.556381115167302,227900
2013-08-29,4.601558208465576,4.6080118466654705,4.5628354560429685,4.588650624324707,210300
2013-08-30,4.582196235656738,4.659641733019252,4.562835015186636,4.601557763867892,448200
2013-09-03,4.556381702423096,4.627373572064925,4.53702047926511,4.601558402693549,196800
2013-09-04,4.582196235656738,4.582196235656738,4.5176583211879775,4.569288652762986,48000
2013-09-05,4.5951056480407715,4.633828412139066,4.530567707876946,4.5951056480407715,149300
2013-09-06,4.659642219543457,4.685457695767467,4.5499279073615595,4.59510429833614,183600
2013-09-09,4.6854567527771,4.724179497708188,4.653187644797348,4.691910389728437,104300
2013-09-10,4.698367118835449,4.7177283489046165,4.633828864628347,4.646736453921527,160800
2013-09-11,4.633825778961182,4.685456409494238,4.582195456169123,4.685456409494238,188800
2013-09-12,4.5951056480407715,4.691912712157095,4.569290471975242,4.646736000171831,520600
2013-09-13,4.5951056480407715,4.627374771993271,4.569290471975242,4.601559595927741,531000
2013-09-16,4.614466190338135,4.62737377559154,4.58219707333407,4.62737377559154,391100
2013-09-17,4.627373218536377,4.659642023914732,4.588650467437708,4.595104105416952,155900
2013-09-18,4.653189182281494,4.717727111824285,4.601558838647261,4.653189182281494,154000
2013-09-19,4.640281677246094,4.82744183005267,4.627374091112576,4.679004435646648,217200
2013-09-20,4.5951056480407715,4.633828412139066,4.562836831829445,4.633828412139066,206000
2013-09-23,4.556381702423096,4.608012041165846,4.517658948366032,4.588650818007862,203400
2013-09-24,4.556381702423096,4.556381702423096,4.491843778994657,4.543474117737408,154900
2013-09-25,4.498297214508057,4.569289080946801,4.491843576326942,4.562835442765686,90900
2013-09-26,4.478935718536377,4.569288801738483,4.459574189693967,4.491843301850964,101100
2013-09-27,4.504751682281494,4.517659267880079,4.446667393217308,4.459574978815892,65200
2013-09-30,4.5370192527771,4.543472889504791,4.433758295464938,4.446665876661332,519000
2013-10-01,4.57574462890625,4.601559806151153,4.517660326234624,4.549929451661347,159600
2013-10-02,4.562835693359375,4.595104501519333,4.5305665774583215,4.58865086298378,173300
2013-10-03,4.498297214508057,4.569289080946801,4.466028408120322,4.562835442765686,165500
2013-10-04,4.582196235656738,4.614465346761644,4.466027989612969,4.498296792976824,222900
2013-10-07,4.498297214508057,4.588650610972305,4.485389630404747,4.582196665050111,458100
2013-10-08,4.4724812507629395,4.562834631155663,4.459573668955554,4.5241118857335065,265700
2013-10-09,4.588650226593018,4.601557809615093,4.453120450990701,4.4789356170348515,738800
2013-10-10,4.646734714508057,4.666096245070821,4.595104376662136,4.614465907224901,153200
2013-10-11,4.698367118835449,4.724182297421808,4.620921275335167,4.653190402438718,217400
2013-10-15,4.730635166168213,4.743542753354902,4.679004817421457,4.6919124046081455,153100
2013-10-16,4.749995231628418,4.7758103980170725,4.730633702966397,4.749995231628418,208300
2013-10-17,4.814535140991211,4.917795849299488,4.762904786837073,4.769358427235747,525900
2013-10-18,4.775811195373535,4.846803068665476,4.756449663478966,4.846803068665476,131500
2013-10-21,4.6854567527771,4.827440150857759,4.614464899866259,4.775809824282974,201700
2013-10-22,4.743541240692139,4.788717935309779,4.711272436886157,4.737087603027364,181300
2013-10-23,4.653189182281494,4.730634697732842,4.620920063639537,4.717727111824285,213600
2013-10-24,4.782264709472656,4.788718655849586,4.659642497980909,4.666096444357838,451600
2013-10-25,4.840349197387695,4.872618315133392,4.769357322991831,4.7758112696374155,406500
2013-10-28,4.879070281982422,4.904885444235688,4.8468014830363435,4.8468014830363435,264800
2013-10-29,4.788718223571777,4.8919788943524924,4.782264277777446,4.8919788943524924,998000
2013-10-30,4.795172691345215,4.846803343410421,4.782265105264195,4.808080277426234,180200
2013-10-31,4.808079719543457,4.840348834872376,4.775810911955629,4.775810911955629,310900
2013-11-01,4.840349197387695,4.846803144033281,4.7758112696374155,4.8274416118376395,338600
2013-11-04,4.820988178253174,4.859711246765458,4.79517300440575,4.820988178253174,482000
2013-11-05,4.788718223571777,4.8016258074193665,4.743541526234678,4.8016258074193665,351000
2013-11-06,4.743541240692139,4.853255850662797,4.737087603027364,4.814533101450986,63600
2013-11-07,4.6854567527771,4.775809824282974,4.659641281748685,4.762902242639277,120300
2013-11-08,4.646734714508057,4.7564493363011815,4.64028107614786,4.6790038295323,336400
2013-11-11,4.614466190338135,4.685458063102413,4.614466190338135,4.640281360844944,33800
2013-11-12,4.5951056480407715,4.633828412139066,4.575744419862211,4.627374771993271,225200
2013-11-13,4.627373218536377,4.640280802235933,4.562835300038596,4.562835300038596,180500
2013-11-14,4.795172691345215,4.846803343410421,4.685458363527109,4.685458363527109,684600
2013-11-15,4.885526180267334,4.885526180267334,4.788719129231382,4.788719129231382,472100
2013-11-18,4.808079719543457,4.879071588622424,4.782264550376758,4.866164004039075,282700
2013-11-19,4.7564496994018555,4.788718816889479,4.69836571876169,4.788718816889479,198700
2013-11-20,4.691911220550537,4.756449140197097,4.679003636621225,4.743541556267785,231400
2013-11-21,4.7693586349487305,4.77581258336967,4.685459459664908,4.685459459664908,212000
2013-11-22,4.801626205444336,4.801626205444336,4.730634334527273,4.756449504362369,216300
2013-11-25,4.827441692352295,4.8597108106361935,4.795172574068396,4.795172574068396,103000
2013-11-26,4.820988178253174,4.859711246765458,4.769357830558325,4.846803659841745,145400
2013-11-27,4.808079719543457,4.840348834872376,4.795172134960108,4.820987304126806,69900
2013-11-28,4.749995231628418,4.814533147600056,4.711272482045435,4.814533147600056,121400
2013-11-29,4.737088203430176,4.7887185422564835,4.7112730340170215,4.756449426619494,311500
2013-12-02,4.724180221557617,4.788718139664742,4.69191110863352,4.749995388800467,323400
2013-12-03,4.749995231628418,4.7758103980170725,4.7241800652397625,4.7241800652397625,86300
2013-12-04,4.820988178253174,4.820988178253174,4.704819895939763,4.7435426567109005,1163300
2013-12-05,4.969425201416016,5.008148266964665,4.782265051475745,4.801626584250069,507100
2013-12-06,4.879070281982422,4.988784875429308,4.87261664528961,4.975877294302674,190600
2013-12-09,4.879070281982422,4.962969713176041,4.853255119729156,4.904885444235688,309400
2013-12-10,4.853256702423096,4.93715616097714,4.833895170548659,4.904887043766782,121300
2013-12-11,4.8338942527771,4.898432474944476,4.788717866549196,4.872617309173946,265400
2013-12-12,4.859710693359375,4.872618278813219,4.795172458349045,4.840349161308054,291200
2013-12-13,4.911341190338135,4.937156362061398,4.840349314228602,4.85971084689161,160900
2013-12-16,4.8338942527771,4.9242476407150075,4.7758102836639305,4.904886112516584,284400
2013-12-17,4.782264709472656,4.879071750938889,4.756449539447141,4.853256580913373,319200
2013-12-18,4.801626205444336,4.820987428950109,4.730634334527273,4.77581103560924,240300
2013-12-19,4.814535140991211,4.8274427295297455,4.769358427235747,4.801627552452676,280900
2013-12-20,4.762903690338135,4.840349203740109,4.749996104771139,4.820987671519059,252200
2013-12-23,4.730635166168213,4.820988276475036,4.679004817421457,4.762904288005512,302500
2013-12-24,4.7564496994018555,4.795172455742336,4.743542113955029,4.7564496994018555,92500
2013-12-27,4.743541240692139,4.795171572974553,4.6854572707449496,4.730633657621535,238700
2013-12-30,4.730635166168213,4.808080689288346,4.7112739392587555,4.743542753354902,322900
2013-12-31,4.691911220550537,4.749995502102979,4.666096052691913,4.749995502102979,223000
2014-01-02,4.749995231628418,4.814533147600056,4.679003370189087,4.691910953383415,194000
2014-01-03,4.749995231628418,4.795171618938035,4.68545731565678,4.743541286160725,147200
2014-01-06,4.795172691345215,4.814534224337308,4.730634760940116,4.749996293932209,253300
2014-01-07,4.8338942527771,4.898432474944476,4.795171504121304,4.840348198090258,365600
2014-01-08,4.808079719543457,4.904886757789123,4.76290332737228,4.827441250289027,348900
2014-01-09,4.730635166168213,4.833895863661724,4.6919124046081455,4.808080689288346,392400
2014-01-10,4.7564496994018555,4.775811231442652,4.737088475102171,4.737088475102171,36400
2014-01-13,4.653189182281494,4.8016265741004736,4.6273740104643775,4.8016265741004736,317800
2014-01-14,4.814535140991211,4.859711854746675,4.704820484543074,4.711274432682933,514300
2014-01-15,4.885526180267334,4.904887405829845,4.795172768505176,4.827441888097536,367500
2014-01-16,5.4405517578125,5.45345903339847,5.021054838072373,5.0726851713805,1767000
2014-01-17,5.4599127769470215,5.505089163049835,5.369559389259296,5.479273997350785,677700
2014-01-20,5.453458786010742,5.466366676493289,5.42118967528647,5.4599127312520155,115200
2014-01-21,5.472819805145264,5.4792737501493765,5.369559147007741,5.447004640610883,579400
2014-01-22,5.42119026184082,5.537358826824406,5.4082829854438454,5.472820598393045,673300
2014-01-23,5.556721210479736,5.576083052344941,5.485729636754189,5.485729636754189,640400
2014-01-24,5.56962776184082,5.588988983554429,5.4599131463268025,5.556719870376988,467900
2014-01-27,5.485728740692139,5.640619757419485,5.408283232328466,5.5825354722761835,363200
2014-01-28,5.498637676239014,5.563175304376949,5.4728218864050735,5.517998903132164,183800
2014-01-29,5.479275226593018,5.576082581294175,5.479275226593018,5.511544344826737,177200
2014-01-30,5.485728740692139,5.543813025835441,5.459913571237581,5.4728208482237655,240800
2014-01-31,5.453458786010742,5.511543062218013,5.414736345527292,5.434097565769017,184000
2014-02-03,5.298569202423096,5.492183302783999,5.272754030073793,5.459914183476805,315600
2014-02-04,5.376013278961182,5.427643609825373,5.343744168300539,5.343744168300539,862600
2014-02-05,5.517999172210693,5.595444699042136,5.3502002230014005,5.3502002230014005,410800
2014-02-06,5.634165287017822,5.679342290971954,5.543812510073821,5.543812510073821,677700
2014-02-07,5.511543273925781,5.608349994335014,5.492182052940358,5.608349994335014,291000
2014-02-10,5.388923168182373,5.537360270602065,5.382469220560042,5.49863781583272,236200
2014-02-11,5.453458786010742,5.498635787217561,5.395374509803472,5.395374509803472,272000
2014-02-12,5.46636962890625,5.505092090303892,5.440554449480347,5.440554449480347,374100
2014-02-13,6.040755748748779,6.060117589236773,5.718065793069164,5.730973686727827,1953500
2014-02-14,6.111747741699219,6.111747741699219,5.982671886561995,6.027848281989467,1022000
2014-02-18,6.279545783996582,6.285999730355093,6.066570478023313,6.124654764285514,1047600
2014-02-19,6.440891742706299,6.544153053910029,6.29245464647731,6.298908593830474,1432400
2014-02-20,6.4021687507629395,6.479614266036413,6.337630513627255,6.4215299757107465,1070500
2014-02-21,6.486067295074463,6.511882463179468,6.415075121174084,6.4279830129676645,366400
2014-02-24,6.54415225982666,6.615143825650283,6.505429195888725,6.518337089028777,468600
2014-02-25,6.395715236663818,6.511883825174697,6.376354010406101,6.498975930681361,624000
2014-02-26,6.31181526184082,6.382807444886398,6.28600009041031,6.363445604701838,360900
2014-02-27,6.350537300109863,6.3634445759974305,6.2730917983380525,6.305360911280174,334600
2014-02-28,6.524788856506348,6.628050130434413,6.324721484637756,6.324721484637756,458000
2014-03-03,6.492520809173584,6.589327529258493,6.382806198153559,6.524789305547143,452500
2014-03-04,6.531243324279785,6.582873657635189,6.479612990924382,6.505428157602084,264700
2014-03-05,6.537699222564697,6.569968344420817,6.473160978852457,6.557060449485446,162500
2014-03-06,6.434436321258545,6.537696983446181,6.415074485486792,6.518335763156523,158100
2014-03-07,6.608689308166504,6.66031964530201,6.440890404735025,6.473159519315258,611200
2014-03-10,6.4731597900390625,6.589328361193497,6.453798566674055,6.589328361193497,167000
2014-03-11,6.369899272918701,6.49252179346387,6.363445326472701,6.49252179346387,199400
2014-03-12,6.4021687507629395,6.440891200658554,6.2795462233015895,6.337630513627255,401000
2014-03-13,6.479615688323975,6.647414649323137,6.44089261444633,6.511884813974949,394100
2014-03-14,6.524788856506348,6.595781020799522,6.466705197742032,6.473158527283351,266000
2014-03-17,6.660321235656738,6.7119515851205644,6.49252290764046,6.49252290764046,360200
2014-03-18,6.64741325378418,6.6990435977936595,6.5957829097747,6.679682372660667,242200
2014-03-19,6.679681777954102,6.699043001363322,6.589328376240746,6.634504769356327,201200
2014-03-20,6.653866291046143,6.686134790029149,6.595782008105266,6.647412345056675,218600
2014-03-21,6.679681777954102,6.750673340776041,6.628051438541383,6.679681777954102,280700
2014-03-24,6.731311798095703,6.73776512860456,6.686134791640707,6.711949960122634,216000
2014-03-25,6.866840362548828,6.937831909350033,6.711948763783023,6.711948763783023,571100
2014-03-26,6.9120192527771,7.015279945757008,6.860388906287146,6.860388906287146,603600
2014-03-27,6.924924850463867,6.970101854286465,6.789395685442461,6.957193963056543,375400
2014-03-28,7.047549724578857,7.073364900235536,6.873296827284527,6.899112002941205,696800
2014-03-31,7.099176406860352,7.208891000568573,7.054000026680032,7.099176406860352,907800
2014-04-01,7.041092872619629,7.163715368023636,6.957193432470067,7.054000762865138,377900
2014-04-02,7.150809288024902,7.189532353082197,7.047548601848437,7.047548601848437,360200
2014-04-03,7.260524272918701,7.305700671440313,7.1959860331887375,7.1959860331887375,509700
2014-04-04,7.357328414916992,7.47349695915193,7.241160486164106,7.2540677602557375,397200
2014-04-07,7.260524272918701,7.44768442955687,7.2024399802581875,7.357331017031376,692000
2014-04-08,7.350878715515137,7.376693891928122,7.260525290328512,7.312155643154482,362900
2014-04-09,7.473498344421387,7.583212964205918,7.234707882385103,7.234707882385103,1188800
2014-04-10,7.518675327301025,7.634843902214897,7.447683762343779,7.486406825809141,579400
2014-04-11,7.621936798095703,7.705835642461763,7.4799530494692,7.5186754983331925,311500
2014-04-14,7.621936798095703,7.776827824516129,7.60257495818148,7.62839012925155,945500
2014-04-15,7.692928314208984,7.80264294440771,7.641297972407492,7.647751919003234,451100
2014-04-16,7.77682638168335,7.847817935084441,7.699380882841583,7.744557269962085,443900
2014-04-17,7.944627285003662,8.009164909330803,7.73810528690291,7.809097473789715,362900
2014-04-21,7.989806175231934,8.1834203395572,7.8865454517204485,8.002713457929639,499100
2014-04-22,8.034979820251465,8.086610164223153,7.938173079175113,8.002710701398598,695200
2014-04-23,8.041434288024902,8.15760287722747,8.015619114366809,8.034980340739805,587800
2014-04-24,8.060791969299316,8.196321725269529,8.015615589136585,8.03497680699461,633500
2014-04-25,8.022071838378906,8.08015612412301,7.93171843661228,8.034979115498599,375200
2014-04-28,8.067249298095703,8.176963937788388,7.963988605557243,8.067249298095703,409100
2014-04-29,8.17050552368164,8.29312799064301,8.028521841324983,8.047883672202213,811500
2014-04-30,8.202775955200195,8.312490552684135,8.144691684122574,8.189868065857596,605200
2014-05-01,8.099517822265625,8.28022402090808,8.080156597710205,8.196324560524953,434800
2014-05-02,8.267314910888672,8.293130076402337,8.099516027308809,8.164053633351921,346000
2014-05-05,8.196324348449707,8.357669318362033,8.183417070907474,8.254408636095299,426200
2014-05-06,8.196324348449707,8.267316529119748,8.1640552313708,8.196324348449707,277500
2014-05-07,8.260863304138184,8.383485221169574,8.138240771624524,8.176963838597855,619900
2014-05-08,7.654207229614258,8.28022605520837,7.557400467571275,8.273772106943536,1064400
2014-05-09,7.673564434051514,7.712286869259526,7.357327930615361,7.6993795960175255,1078200
2014-05-12,7.77682638168335,7.8671791559243545,7.680019046519556,7.7122881582408205,346600
2014-05-13,7.854271411895752,7.892993851265183,7.71228769808299,7.7574646979900965,273600
2014-05-14,7.744558334350586,7.91881119230493,7.7122892181943525,7.91881119230493,224500
2014-05-15,7.828458786010742,8.002711050649264,7.673567747335994,7.873635185086974,970900
2014-05-16,8.022071838378906,8.060794285220178,7.783281364583745,7.82845775772596,420900
2014-05-20,7.989806175231934,8.144697260499163,7.976898277051768,8.060797768775465,355700
2014-05-21,8.299585342407227,8.318947182671035,8.002710562000132,8.028525733536304,374700
2014-05-22,8.286678314208984,8.377031109568444,8.196324903367268,8.27377042031063,333800
2014-05-23,8.402846336364746,8.441568784510066,8.318946878073598,8.318946878073598,255500
2014-05-26,8.415754318237305,8.486745889433184,8.357670025676008,8.460930716681748,443000
2014-05-27,8.389938354492188,8.473837811894974,8.357669237724622,8.422207471259753,348900
2014-05-28,8.42866039276123,8.499651948631337,8.318945778382435,8.383483388587404,388400
2014-05-29,8.654544830322266,8.770713415582623,8.435115553933707,8.454477395131946,827400
2014-05-30,8.680357933044434,8.712627045197143,8.615820324221135,8.680357933044434,438200
2014-06-02,8.822343826293945,8.867520225125563,8.6416376154852,8.77071348034859,401800
2014-06-03,9.061132431030273,9.17084704703953,8.802980755409752,8.86751836657381,904900
2014-06-04,9.086949348449707,9.145033640520046,9.015957777853881,9.041772950387115,443900
2014-06-05,9.287015914916992,9.332192305769096,9.086947898105088,9.13212428895719,600300
2014-06-06,9.358007431030273,9.551621500975607,9.306377094442471,9.351553485086257,640900
2014-06-09,9.306378364562988,9.493538514107643,9.228932849111638,9.403185105006612,238700
2014-06-10,9.196662902832031,9.280562357557836,9.067587055362406,9.235385964814014,535900
2014-06-11,9.241837501525879,9.274106610999668,9.106307734121623,9.132122898604239,296500
2014-06-12,9.287015914916992,9.358007474182036,9.170847349317683,9.280561968943218,320700
2014-06-13,9.396734237670898,9.435456697809233,9.26120439622191,9.28701957480827,581500
2014-06-16,9.570985794067383,9.661339219825983,9.403186838579563,9.42900201515597,605000
2014-06-17,9.55162239074707,9.648429126996588,9.519353273503159,9.596798785599216,280200
2014-06-18,9.519351959228516,9.603251406286352,9.474175570613578,9.53225985053686,364400
2014-06-19,9.474176406860352,9.564529192065296,9.42899939877569,9.46126851441268,504200
2014-06-20,9.319284439086914,9.512898510449949,9.280561994103607,9.454814227492822,482800
2014-06-23,9.254746437072754,9.416091387187741,9.24829249135244,9.293468880430352,296800
2014-06-24,9.099855422973633,9.358007096689452,9.04822508823047,9.222477314118112,546400
2014-06-25,9.22893238067627,9.22893238067627,9.061133464640905,9.061133464640905,321100
2014-06-26,9.157941818237305,9.22893401128591,9.054681117965503,9.22893401128591,266400
2014-06-27,9.080495834350586,9.21602565048189,9.061134607898197,9.177303197577114,219800
2014-06-30,9.099855422973633,9.18375425531967,9.05467841846176,9.05467841846176,133300
2014-07-02,9.093405723571777,9.11922090299817,8.893337621405404,9.067590544145382,501100
2014-07-03,9.067587852478027,9.216024936246392,9.009503562140061,9.086949077429935,257400
2014-07-04,9.022411346435547,9.067588361167408,8.919150653589483,9.067588361167408,144800
2014-07-07,8.64163589477539,8.957871854592826,8.609366781114353,8.925602740931788,402000
2014-07-08,8.667450904846191,8.680358180786383,8.293130670348553,8.590005402758626,1686400
2014-07-09,8.667450904846191,8.751350352644923,8.609366624409983,8.635181791772505,641700
2014-07-10,8.389938354492188,8.583552439615373,8.383484408042232,8.583552439615373,431400
2014-07-11,7.976893901824951,8.389937184804264,7.912356292769577,8.389937184804264,478900
2014-07-14,8.080153465270996,8.086606793966215,7.957530987831949,8.002707366108444,378200
2014-07-15,7.744558334350586,8.0801561576039,7.744558334350586,8.067248264948528,463200
2014-07-16,7.834910869598389,7.899448479287898,7.744557477454519,7.751011423068109,361400
2014-07-17,7.538036346435547,7.8929947480750595,7.512221178762088,7.841364412728144,611800
2014-07-18,7.654207229614258,7.705837584768165,7.45413975726346,7.512224060682201,416200
2014-07-21,7.473498344421387,7.654204523573841,7.3831449471040775,7.654204523573841,369400
2014-07-22,7.434778213500977,7.615484448896771,7.421870317517241,7.421870317517241,394500
2014-07-23,7.4605913162231445,7.583213216572582,7.42832220071576,7.42832220071576,267900
2014-07-24,7.421865940093994,7.544487802205209,7.396050778834686,7.525126585131227,588100
2014-07-25,7.318609237670898,7.428323885997926,7.2218018691858195,7.42186993833579,348200
2014-07-28,7.279883861541748,7.357329362512369,7.260522640169626,7.292791752777917,427700
2014-07-29,7.273432731628418,7.325063081227078,7.247616941346771,7.292793958857336,223100
2014-07-30,7.14435338973999,7.292791047183592,7.01527756727734,7.260521937697412,624300
2014-07-31,7.028186321258545,7.041093597350501,6.7184036937836975,7.034639651563449,1273800
2014-08-01,7.099176406860352,7.1314455136243025,6.886201163893102,6.976554539735761,641800
2014-08-05,7.008826732635498,7.228256035940583,6.970104276453626,7.183079631900951,1486400
2014-08-06,7.079817295074463,7.254069538664524,7.0217330087170415,7.073363348705371,1323300
2014-08-07,7.0152788162231445,7.131447384862316,6.950741201243078,7.105632215773854,564300
2014-08-08,7.215348720550537,7.234709948547136,6.9442890666688015,7.002373366140937,459200
2014-08-11,7.092724323272705,7.350876629631656,7.079817046469957,7.266977176226161,401900
2014-08-12,7.18307638168335,7.22825276528145,7.021731451139201,7.092722999005082,522800
2014-08-13,7.228254318237305,7.273431327023536,7.047548129538977,7.228254318237306,2017500
2014-08-14,7.118537902832031,7.486404749541616,7.079815465588103,7.357328317443071,872900
2014-08-15,7.292792320251465,7.3056995970098555,6.8926568930264835,7.183077698135336,763700
2014-08-18,7.15726375579834,7.3637851431851065,7.131448582374993,7.337969969761761,371500
2014-08-19,7.570302963256836,7.621933901256029,7.163714327304387,7.195982817266141,1845000
2014-08-20,7.692928314208984,7.71874348510973,7.441229936315043,7.5509445665137696,854700
2014-08-21,7.944627285003662,7.989803683580887,7.757467128135095,7.757467128135095,967600
2014-08-22,8.047886848449707,8.08015596383209,7.79618848704575,7.93817222543892,787800
2014-08-25,8.067249298095703,8.176963937788388,8.002711057518027,8.054341403787257,642700
2014-08-26,8.235045433044434,8.286675761770312,8.073700501905549,8.118876885670174,792200
2014-08-27,8.10597038269043,8.267315329184822,8.086608545963971,8.267315329184822,269900
2014-08-28,8.054341316223145,8.157602623121258,8.022072811767396,8.086610436161163,182500
2014-08-29,8.196324348449707,8.215685572504167,8.06724849561629,8.189870401937483,200800
2014-09-02,7.944627285003662,8.073703149140213,7.854273872366941,8.047887976312902,441600
2014-09-03,7.989806175231934,8.099520847833503,7.9575370452639795,8.04789048607776,367300
2014-09-04,7.87363338470459,8.093062613727005,7.841364271822092,8.022071057771221,539400
2014-09-05,7.9188103675842285,8.00916314483307,7.873633363477673,7.905902476273174,796100
2014-09-08,7.938171863555908,7.970440977467216,7.822003299668066,7.873633635733294,383200
2014-09-09,8.196324348449707,8.273769860149757,7.963987813349556,7.963987813349556,1153800
2014-09-10,8.041434288024902,8.260863571859845,7.976896046138522,8.118879808999184,375800
2014-09-11,8.073700904846191,8.09951607049751,7.789733467199604,8.028523903344812,441800
2014-09-12,8.080153465270996,8.19632138305084,7.970438876186372,8.05433768856215,281100
2014-09-15,7.944627285003662,8.131787441872229,7.905904218021561,8.028526135080718,306300
2014-09-16,7.899450302124023,8.060795286802124,7.822004783336408,7.931719422156098,654200
2014-09-17,7.692928314208984,8.002710365017936,7.680020421017499,7.873634510514206,307800
2014-09-18,7.570302963256836,7.776824868807628,7.563849634553681,7.692925440846681,260100
2014-09-19,7.421865940093994,7.531580529316552,7.254067084167495,7.525126585131227,760700
2014-09-22,7.092724323272705,7.3895990755220815,6.989463646921997,7.279884453028909,574600
2014-09-23,7.008826732635498,7.215348755707407,6.970104276453626,7.066911032390649,475000
2014-09-24,7.002369403839111,7.131445209915916,6.821662659849591,7.028184565054472,1388100
2014-09-25,6.679681777954102,7.060455377252355,6.660319939062686,7.060455377252355,825500
2014-09-26,6.608689308166504,6.686134813869764,6.486067411340218,6.6796814833394516,1044900
2014-09-29,6.983010292053223,7.021733356704633,6.498975369062866,6.5312444870253366,599300
2014-09-30,6.847479343414307,7.008824290751438,6.750672621204879,7.002370960624371,900900
2014-10-01,6.524788856506348,6.9055629961374985,6.498973691894849,6.847478721891109,1052700
2014-10-02,6.518338203430176,6.608691008928735,6.253731888160935,6.453799957660639,668900
2014-10-03,6.440891742706299,6.705498044845345,6.427984463482267,6.576421559711256,470400
2014-10-06,6.356991767883301,6.537697953525275,6.3053614291284505,6.427983329800672,629100
2014-10-07,6.331178188323975,6.46670801545881,6.182740465518039,6.3247242404884245,635300
2014-10-08,6.273092746734619,6.395714655874693,6.0923859331314585,6.28600002457357,978800
2014-10-09,6.1504693031311035,6.363444587250751,6.124654135828181,6.292453031038248,699000
2014-10-10,6.066570281982422,6.324722588640892,5.847141652223667,6.079478174282327,1098300
2014-10-14,5.937493801116943,6.227914576487479,5.8535943565908575,6.073023578354142,853800
2014-10-15,6.040755748748779,6.092386092418938,5.524452312047193,5.834234374068145,1521500
2014-10-16,6.014938831329346,6.137561323571608,5.672887749909999,5.769694462326887,1931300
2014-10-17,6.00203275680542,6.324722683348914,5.840687793533673,6.098839488575592,1372300
2014-10-20,5.937493801116943,6.105292690169116,5.840687081154137,6.105292690169116,545500
2014-10-21,6.182739734649658,6.208554907457875,6.002033524992135,6.047209923535949,619500
2014-10-22,5.943949222564697,6.3763538280056045,5.918134049798774,6.298908309707836,852400
2014-10-23,5.963310718536377,6.1827400047327785,5.943949491955017,5.969764665890929,455300
2014-10-24,5.827780246734619,6.002033112835945,5.808419022328548,6.002033112835945,727000
2014-10-27,5.608351230621338,5.769696210524489,5.479275369795268,5.769696210524489,822500
2014-10-28,5.718066692352295,5.750335816091686,5.5760835326707205,5.647075112511508,959700
2014-10-29,5.659981727600098,5.860049141649823,5.614804718393545,5.801964855157256,1177900
2014-10-30,5.517999172210693,5.659982945809506,5.479276101053804,5.659982945809506,581600
2014-10-31,5.627712249755859,5.666434694609386,5.49218246180419,5.537358852627359,560400
2014-11-03,5.879411220550537,6.040756210729576,5.750335351503765,5.750335351503765,1253500
2014-11-04,5.56962776184082,5.866502495205432,5.505089535485936,5.866502495205432,990000
2014-11-05,5.698704242706299,5.718065466606654,5.582535668339752,5.6857969652668,1178300
2014-11-06,6.208554744720459,6.3440845522816876,5.582536051177426,5.679343408282448,1194800
2014-11-07,6.466706275939941,6.505428721572369,6.208553971300995,6.26018430913235,815000
2014-11-10,6.3440842628479,6.737765773763899,6.324723038503108,6.692589378465305,677100
2014-11-11,6.589328289031982,6.615143458396682,6.066570340044082,6.092385509408782,429800
2014-11-12,6.789395809173584,6.841026144069934,6.369898568788064,6.576419908373464,723600
2014-11-13,6.537699222564697,7.099179727124879,6.498976153240892,7.054003325815695,1061300
2014-11-14,7.18307638168335,7.2540679295492305,6.576419098167393,6.608688207372636,1224300
2014-11-17,7.228254318237305,7.337968943817554,7.112086361815193,7.17017003228515,849900
2014-11-18,7.124992847442627,7.337968128618951,7.099177680496471,7.234707460834325,504300
2014-11-19,7.137901306152344,7.208892867027894,7.015278791797456,7.099178244913386,1628800
2014-11-20,7.563851833343506,7.64129733963249,7.124993348890424,7.124993348890424,905800
2014-11-21,7.538036346435547,7.654204293225035,7.41541383837501,7.6412970171293795,530200
2014-11-24,7.25407075881958,7.550945571428752,7.176625235810531,7.550945571428752,707300
2014-11-25,7.170169353485107,7.370237362215177,6.892656458126803,7.260522747021613,704200
2014-11-26,7.0152788162231445,7.183077723039242,7.002371539420003,7.099178269631193,287300
2014-11-27,6.518338203430176,6.989465304907886,6.479615132871988,6.989465304907886,345800
2014-11-28,6.57642126083374,6.57642126083374,6.29245436050519,6.453799344107888,400600
2014-12-01,6.182739734649658,6.46670725102232,6.060117817681192,6.3247234928359894,770100
2014-12-02,6.253731727600098,6.615144786762253,6.0988406803087365,6.176286203954417,742300
2014-12-03,6.305362224578857,6.582875176525162,6.273093104915632,6.382807742481241,480800
2014-12-04,5.472819805145264,5.937493382246186,5.1759457207409225,5.937493382246186,2071300
2014-12-05,5.563175678253174,5.7309746305569735,5.324385145581926,5.434099797820385,885000
2014-12-08,5.188854694366455,5.47927554434756,5.163039521378852,5.421191251254885,472400
2014-12-09,5.317930221557617,5.46636791842062,5.092047318391559,5.130770075413645,611300
2014-12-10,4.962971210479736,5.1501313471517,4.891979338994856,5.124316177110126,1061400
2014-12-11,4.930701732635498,5.227576781834787,4.879071396336866,4.9048865644861825,1152400
2014-12-12,4.924248695373535,5.111408841165719,4.827441649129722,4.9048871630283255,551500
2014-12-15,5.156585216522217,5.214669505585283,4.969425071475798,4.969425071475798,558600
2014-12-16,5.40828275680542,5.776149043058788,5.09850044284723,5.156584415142406,1200900
2014-12-17,5.840688228607178,6.014940481869995,5.292115066427087,5.421190923562921,767900
2014-12-18,5.5309062004089355,6.163378897287741,5.466368572062809,5.905226537456313,580500
2014-12-19,5.659981727600098,5.931040705428401,5.4211906352457255,5.569628324669194,928700
2014-12-22,5.2598466873168945,5.67934405130339,5.163039934733569,5.67934405130339,642800
2014-12-23,5.053324222564697,5.395375373863876,5.021055414413676,5.227577079092814,1155400
2014-12-24,5.040416717529297,5.111408588970864,4.891979336010255,5.033963078893391,415500
2014-12-29,5.05977725982666,5.227576139934053,5.008146929867782,5.072684842316379,382000
2014-12-30,5.066232681274414,5.163039737908427,4.950064397958289,5.066232681274414,349600
2014-12-31,5.046870708465576,5.1630389746074465,4.943609719709476,5.008147953084953,258600
2015-01-02,5.356652736663818,5.395375181971398,5.0016937054394255,5.008147651484745,433000
2015-01-05,4.846802234649658,5.23402972849759,4.769356428139015,5.195307286853853,736400
2015-01-06,4.730635166168213,4.969425682992535,4.717727578981524,4.782265514914968,1018200
2015-01-07,4.672550201416016,5.001694089194896,4.666096562616625,5.001694089194896,515500
2015-01-08,4.5951056480407715,4.78871977627342,4.582198060008007,4.73708942414236,455200
2015-01-09,4.511205673217773,4.672550659660317,4.453121687362432,4.672550659660317,508600
2015-01-12,4.130431652069092,4.395037327359671,4.098162532171694,4.388583688024872,795500
2015-01-13,4.201423168182373,4.246599562845985,4.111069763372933,4.1304312951867015,554100
2015-01-14,4.530566215515137,4.569288966858214,4.130430810562258,4.194968729467388,551000
2015-01-15,4.478935718536377,4.6983649426254095,4.453120551907205,4.691910997097586,611000
2015-01-16,4.5951056480407715,4.672551176237362,4.466029767713121,4.504752531811416,592900
2015-01-19,4.4724812507629395,4.595103431803615,4.401489704692831,4.595103431803615,191300
2015-01-20,4.194969177246094,4.453121188163305,4.156246421769677,4.453121188163305,490300
2015-01-21,4.201423168182373,4.3111374893233645,4.194969221664081,4.227238338773325,307800
2015-01-22,4.214330196380615,4.24014536355903,4.130430749180234,4.207876250715478,701000
2015-01-23,4.240145206451416,4.407943786893769,4.182060928581612,4.194968511692562,387200
2015-01-26,4.227237701416016,4.362767480454708,4.175607060277559,4.194968589172113,307700
2015-01-27,4.336952209472656,4.407944075095018,4.240145483681617,4.240145483681617,230500
2015-01-28,4.111069679260254,4.317591347503534,4.098162094228868,4.317591347503534,643900
2015-01-29,4.091708660125732,4.2917763919840315,3.9045485139440617,4.1627002274766305,684200
2015-01-30,4.388582706451416,4.4466666784377775,4.046531281460325,4.123976782602852,453800
2015-02-02,4.698367118835449,4.7177283489046165,4.369223130247563,4.53056815028291,467100
2015-02-03,5.046870708465576,5.104954687665959,4.788718698186983,4.801626283313857,978600
2015-02-04,4.788718223571777,4.969424397438029,4.730633942387088,4.904886478200082,546200
2015-02-05,4.9500627517700195,5.104953744681116,4.782263868375285,4.782263868375285,330300
2015-02-06,4.885526180267334,5.0533248020206685,4.853257060674973,5.033963576458158,271100
2015-02-09,4.943609714508057,5.053324341841605,4.872618150255493,5.033963118042216,330500
2015-02-10,4.8338942527771,4.995239192713441,4.601557760842324,4.995239192713441,434600
2015-02-11,4.930701732635498,5.027508767065972,4.6854576352169985,4.775810723739603,408200
2015-02-12,5.040416717529297,5.124316173983777,4.930702091048992,5.079139472568033,364400
2015-02-13,5.0275092124938965,5.23403057598583,4.937156115966176,5.163039011156031,356900
2015-02-17,5.0016937255859375,5.040416478790576,4.6790038078061995,4.950063387979753,429300
2015-02-18,4.846802234649658,5.137223008906135,4.840348289214997,4.859709817777922,572100
2015-02-19,4.730635166168213,4.808080689288346,4.633828108397469,4.769357927728279,458800
2015-02-20,4.6854567527771,4.885524422124903,4.6725488633923815,4.730633134659526,275300
2015-02-23,4.659642219543457,4.762903201216248,4.575743075844486,4.6402809970518035,252700
2015-02-24,4.827441692352295,4.898433567932201,4.646735183896478,4.698365834698939,301500
2015-02-25,4.891979217529297,4.99523989513168,4.846802824948801,4.885525579049695,728500
2015-02-26,4.5434746742248535,4.96942532876433,4.530567087958237,4.83389551909429,470600
2015-02-27,4.453121185302734,4.582197036807872,4.401490844700679,4.562835812952654,467500
2015-03-02,4.369222164154053,4.530567148513864,4.317591818397495,4.530567148513864,315800
2015-03-03,4.427307605743408,4.459576426343402,4.311138989908031,4.407946067190441,361000
2015-03-04,4.4853901863098145,4.517659304437961,4.304683986467322,4.511205357715885,277800
2015-03-05,4.498297214508057,4.524112690455756,4.427305655810392,4.472482046301438,181200
2015-03-06,4.382129192352295,4.537020517631447,4.349860076494652,4.440213477799614,213600
2015-03-09,4.104616641998291,4.3369532066037655,4.072347520821402,4.317591980090549,471300
2015-03-10,4.046531677246094,4.136884770749687,4.033624092459866,4.072346846818549,311200
2015-03-11,4.08525276184082,4.104614284977082,4.040076387424495,4.072345182330303,138900
2015-03-12,4.046531677246094,4.143338717013349,4.014262561409976,4.130431132227121,207900
2015-03-13,4.001354694366455,4.033623807926295,3.911001607236407,4.033623807926295,285100
2015-03-16,3.9174554347991943,3.936816656157834,3.8658247931136693,3.904547851313079,299600
2015-03-17,4.16270112991333,4.182062666496241,3.898095412307715,3.9174569488906257,313900
2015-03-18,4.478935718536377,4.491843301850964,4.078800328043134,4.13043066130148,394900
2015-03-19,4.194969177246094,4.543474284274942,4.169154006928483,4.414398432686889,404500
2015-03-20,4.240145206451416,4.382128620671869,4.220783677914463,4.265960372673317,322200
2015-03-23,4.265960216522217,4.433758790822475,4.259506271332453,4.298229019247898,156700
2015-03-24,4.220783233642578,4.29177508715086,4.162698961886618,4.285321142404188,322300
2015-03-25,4.349859714508057,4.401490357131906,4.246599044742498,4.253052990473381,620800
2015-03-26,4.440212249755859,4.485388630172668,4.343405236698253,4.420850724047933,480600
2015-03-27,4.433760166168213,4.4982980993801895,4.304684299744259,4.395037406241027,300600
2015-03-30,4.375675678253174,4.517659115033866,4.36922173180168,4.401490848576936,289500
2015-03-31,4.375675678253174,4.401490848576936,4.285322274378901,4.3240450298645445,153400
2015-04-01,4.349859714508057,4.388582773411212,4.240145406752687,4.3821288276803285,171900
2015-04-02,4.388582706451416,4.453120624070188,4.246598979949051,4.291775676152725,172800
2015-04-06,4.511205673217773,4.569289966814254,4.420852566977468,4.446667740188984,232400
2015-04-07,4.782264709472656,4.879071750938889,4.54347423286609,4.54992817924302,375800
2015-04-08,4.627373218536377,4.756449055531938,4.537020132639484,4.743541471832382,217100
2015-04-09,4.633825778961182,4.7112715708902675,4.608010617565153,4.633825778961182,169300
2015-04-10,4.582196235656738,4.724179955229063,4.543473486975482,4.640280512549149,287400
2015-04-13,4.57574462890625,4.672551389704042,4.56929068072443,4.6338286238366875,275400
2015-04-14,4.640281677246094,4.6919120217801655,4.595104971908216,4.595104971908216,335800
2015-04-15,4.988785743713379,5.046870022763137,4.672549489459329,4.672549489459329,603200
2015-04-16,5.130769729614258,5.33729170196195,4.904886841672069,4.969424765692538,478100
2015-04-17,5.188854694366455,5.246938987459131,4.96942541623069,5.079140055298573,390400
2015-04-20,5.182401180267334,5.369561353936296,5.175947848092926,5.221124250725403,459800
2015-04-21,5.137225151062012,5.234031911020622,5.0404180833622165,5.182401556978381,397700
2015-04-22,5.066232681274414,5.1888549119786775,5.0210562805220516,5.1501321508733025,298500
2015-04-23,5.2727532386779785,5.330837521616514,5.0146012461902565,5.0146012461902565,527300
2015-04-24,5.240484714508057,5.292115057273083,5.124316443286747,5.292115057273083,210900
2015-04-27,5.240484714508057,5.26629988589057,5.163039200360517,5.227577436557917,287800
2015-04-28,5.279206275939941,5.414736040973282,5.169491674937616,5.175945619815884,308400
2015-04-29,5.517999172210693,5.563175575658451,5.25984680062355,5.25984680062355,555700
2015-04-30,5.627712249755859,5.640619526212981,5.298568391090067,5.511543684230953,383800
2015-05-01,5.756789207458496,5.814873501478239,5.530905978600003,5.55026782026144,481000
2015-05-04,5.872956275939941,5.911678718279274,5.7761489391273635,5.7761489391273635,755200
2015-05-05,5.718066692352295,6.0278494185751725,5.685798184095246,5.943949943045692,574500
2015-05-06,5.324384689331055,5.614805549289017,5.266300394243004,5.614805549289017,471900
2015-05-07,5.008147716522217,5.356652806227093,4.969424655229595,5.356652806227093,544100
2015-05-08,5.350199222564697,5.4082835106976495,5.02750928003249,5.098501153557087,460900
2015-05-11,5.2598466873168945,5.388923178071092,5.18240116215377,5.363108003016717,150400
2015-05-12,5.317930221557617,5.517998261116734,5.285661103501987,5.330838114972763,249800
2015-05-13,5.317930221557617,5.40182968230936,5.214669536165389,5.356653286320819,195300
2015-05-14,5.240484714508057,5.588989835913102,5.201762265175404,5.324384175371783,473100
2015-05-15,5.195307731628418,5.298568405494764,5.163038617174643,5.246938068561591,257500
2015-05-19,4.995240211486816,5.3566532214661065,4.95651745493356,5.23403069743579,545600
2015-05-20,5.053324222564697,5.16303884730858,4.975878713712932,5.072685753648186,340600
2015-05-21,5.279206275939941,5.343743878276448,5.098499819981812,5.098499819981812,612600
2015-05-22,5.376013278961182,5.388921169418276,5.079138568751035,5.163038010275869,253000
2015-05-25,5.382468223571777,5.414737340223942,5.330837883121197,5.414737340223942,74600
2015-05-26,5.240484714508057,5.33083812208797,5.195308318459217,5.292115057273083,164100
2015-05-27,5.053324222564697,5.21466918654309,4.950063544095676,5.21466918654309,229500
2015-05-28,4.969425201416016,5.104955007612918,4.904887271736806,5.0726861966438745,264300
2015-05-29,5.104954719543457,5.169492953321938,4.969424920994418,4.969424920994418,471200
2015-06-01,5.07913875579834,5.0985002844559535,4.982331727992387,5.046869951690394,145300
2015-06-02,5.137225151062012,5.208216733999502,5.079140848893897,5.079140848893897,105000
2015-06-03,4.969425201416016,5.104955007612918,4.917794857672647,5.098501368515559,170400
2015-06-04,4.962971210479736,5.014601550562885,4.840348998911708,4.956517264098792,239600
2015-06-05,4.891979217529297,5.117862103655056,4.846802824948801,4.859710409649099,148500
2015-06-08,4.795172691345215,4.904887326904447,4.743542347021135,4.840349396499348,119500
2015-06-09,4.911341190338135,4.9694251728449155,4.872618432753241,4.872618432753241,154900
2015-06-10,5.137225151062012,5.150132739572572,4.975880140809414,4.9952413697046625,334300
2015-06-11,4.995240211486816,5.137223959923205,4.975878987080745,5.137223959923205,431500
2015-06-12,5.111408710479736,5.137223881119241,4.904887037622587,4.9887864960715325,410600
2015-06-15,5.130769729614258,5.195307961375823,4.969424765692538,4.982332350496631,658700
2015-06-16,5.07913875579834,5.253391590493691,5.059777534881784,5.163038200412903,572200
2015-06-17,5.0016937255859375,5.169492630547122,4.943609441908436,5.15658473840449,200800
2015-06-18,4.8338942527771,5.008147083339757,4.795171504121304,5.008147083339757,272300
2015-06-19,4.711274147033691,4.8532576123489735,4.633828312756916,4.808080901332619,352300
2015-06-22,4.762903690338135,4.85971073596116,4.67255028362805,4.679004230282105,157700
2015-06-23,4.801626205444336,4.859710491443852,4.74354191944482,4.788718620526788,145400
2015-06-24,4.724180221557617,4.827440890529018,4.685457470693342,4.827440890529018,142800
2015-06-25,4.6854567527771,4.7564482979469185,4.653187644797348,4.717725553015829,232000
2015-06-26,4.614466190338135,4.711273233609222,4.601558605084731,4.711273233609222,205400
2015-06-29,4.517658710479736,4.575742992377335,4.478935958461697,4.524112656353282,146000
2015-06-30,4.498297214508057,4.608011833256731,4.427305655810392,4.562835442765686,167400
2015-07-02,4.524112701416016,4.608011844420246,4.382128968194553,4.382128968194553,163600
2015-07-03,4.517658710479736,4.756449168461521,4.459574428582138,4.517658710479736,51800
2015-07-06,4.395036697387695,4.485389789311868,4.330498774584714,4.466028566341519,179800
2015-07-07,4.504751682281494,4.543474439077247,4.311137590561616,4.407944636421555,296400
2015-07-08,4.362768650054932,4.569290039010147,4.324045581884684,4.485390570876518,157700
2015-07-09,4.336952209472656,4.48538957882428,4.298229457608025,4.48538957882428,339800
2015-07-10,4.3240437507629395,4.388581965222308,4.2207831000135725,4.388581965222308,191300
2015-07-13,4.362768650054932,4.407945050018313,4.2595076478361795,4.324045581884684,189200
2015-07-14,4.524112701416016,4.620919428554826,4.311137101583822,4.349859853987563,147500
2015-07-15,4.401491165161133,4.65318924779215,4.369222046064871,4.537020972979633,273000
2015-07-16,4.356314182281494,4.440213640390707,4.317591426479035,4.440213640390707,100400
2015-07-17,4.240145206451416,4.407943786893769,4.207876094803512,4.407943786893769,143900
2015-07-20,4.136884689331055,4.214330504265294,4.0788007128067365,4.1497922738632465,267300
2015-07-21,4.149792671203613,4.25305366508942,4.072347156595098,4.182061789494388,258400
2015-07-22,4.123977184295654,4.194969054461745,4.0336240908286,4.169153884899729,252100
2015-07-23,4.001354694366455,4.240145457678908,3.9239091911121284,4.1175232569890206,305400
2015-07-24,3.827103614807129,3.9755410397452096,3.7883808484416974,3.969087399221567,289600
2015-07-27,3.710932970046997,3.7625632925656136,3.646395066898727,3.743202075491631,362500
2015-07-28,3.7754714488983154,3.8787324174223015,3.627034095152315,3.762563866300448,206300
2015-07-29,3.9561784267425537,4.040077878394054,3.7109340177955934,3.794833469447093,485100
2015-07-30,3.8851864337921143,4.007808634302328,3.8206485145080737,4.007808634302328,350000
2015-07-31,3.8206491470336914,3.930363781850847,3.7819263890525407,3.91745619585713,229200
2015-08-04,3.704479455947876,3.840009222164606,3.6657567095632433,3.7819252564581736,277000
2015-08-05,3.633488178253174,3.794833120721883,3.581857845901756,3.794833120721883,541700
2015-08-06,3.7173891067504883,3.7432042832356016,3.4785982626514205,3.6334896293032797,314800
2015-08-07,3.6141271591186523,3.7625645394199716,3.588311989304606,3.6786650836537698,200400
2015-08-10,3.8012869358062744,3.83355604890248,3.5495888999755105,3.659303515213325,272200
2015-08-11,3.7432031631469727,3.7561107475271585,3.6270345959842123,3.7432031631469727,212100
2015-08-12,3.814194679260254,3.9110017148627194,3.6786648909650195,3.807741041015334,262300
2015-08-13,3.975538969039917,4.143337843631332,3.8916398394852405,3.8916398394852405,750400
2015-08-14,3.981994390487671,4.091709032596975,3.8980949220815986,4.007809564190902,328200
2015-08-17,3.788379430770874,3.9239092162031133,3.775471846812617,3.9239092162031133,204500
2015-08-18,3.8787331581115723,3.878733158111572,3.678665128027736,3.7625645848059768,146500
2015-08-19,3.704479455947876,3.8787322762902714,3.6528491274350325,3.8206480028428063,311300
2015-08-20,3.568950653076172,3.7238416670676506,3.5624967069559825,3.7238416670676506,307800
2015-08-21,3.4076061248779297,3.588312330772465,3.38824459180438,3.556043519304719,285200
2015-08-24,3.259169101715088,3.4269677405888594,3.1623620408019457,3.259169101715088,386200
2015-08-25,3.394697904586792,3.607673189904771,3.3495212076819505,3.420513072034967,323000
2015-08-26,3.4915051460266113,3.5560433819515516,3.368882928606787,3.5366818496258463,235800
2015-08-27,3.7561113834381104,3.762565022850264,3.588312450346189,3.588312450346189,323500
2015-08-28,4.265960216522217,4.317590547076143,3.7044796023956628,3.7109335475854257,849200
2015-08-31,4.440212249755859,4.4789349934307,3.994900235883678,4.214329424448785,668400
2015-09-01,4.343407154083252,4.4595754363899385,4.169154576752649,4.2982304459823,586900
2015-09-02,4.278870105743408,4.440215129570162,4.098163543651311,4.440215129570162,365500
2015-09-03,4.285322666168213,4.478936769038871,4.227238681499922,4.2917766132097634,214100
2015-09-04,4.240145206451416,4.336951925913015,4.214330040229515,4.285321593469214,369900
2015-09-08,4.29177713394165,4.349861125657415,4.162700947119703,4.214331606493183,464500
2015-09-09,4.027170658111572,4.382129746465242,4.007809432341669,4.2853226943923195,542400
2015-09-10,3.9303619861602783,4.052984150947949,3.8980928820484237,3.9690847264499136,311300
2015-09-11,3.872279167175293,3.930363453160074,3.781926072775377,3.794833657689651,148700
2015-09-14,3.8529176712036133,3.911001957720108,3.7690185223633565,3.8335564475255164,171400
2015-09-15,3.8335561752319336,4.033623882894575,3.775471892841106,3.775471892841106,309200
2015-09-16,4.059439659118652,4.169154294404204,3.8980946796378118,3.8980946796378118,200400
2015-09-17,4.220783233642578,4.29177508715086,4.033623144363398,4.033623144363398,393600
2015-09-18,4.136884689331055,4.220784142660845,4.085254351202288,4.143338635467695,319100
2015-09-21,4.201423168182373,4.246599562845985,4.098162178077457,4.194969221664081,180900
2015-09-22,4.0981621742248535,4.188515271208246,4.046531833091487,4.091708535453737,205800
2015-09-23,3.8980941772460938,4.1691537570779555,3.8787329545387244,4.162699811014775,475400
2015-09-24,3.9884469509124756,4.014262117631049,3.827102005050855,3.898093867397465,391800
2015-09-25,4.059439659118652,4.098162417265119,3.975540195930745,4.007809314923364,335900
2015-09-28,4.001354694366455,4.111069311180622,3.962631942739292,3.994901056299132,269400
2015-09-29,4.033624649047852,4.1368853415863125,3.9174563699420837,4.033624649047852,543000
2015-09-30,4.117522716522217,4.123976353742435,3.9755390047850185,4.033623278472148,415900
2015-10-01,4.091708660125732,4.356314320367174,4.033624370710346,4.19496934553876,442700
2015-10-02,4.227237701416016,4.240145284765364,3.9949008933866783,4.059438810133422,141800
2015-10-05,4.4595746994018555,4.472482284191717,4.317591266713382,4.317591266713382,345400
2015-10-06,4.627373218536377,4.711272666454026,4.48538949010019,4.48538949010019,525700
2015-10-07,4.646734714508057,4.8661639580943055,4.627373491686381,4.672549883431016,742200
2015-10-08,4.782264709472656,4.820987464510929,4.588650934281293,4.659642497980909,334700
2015-10-09,4.511205673217773,4.872618713661273,4.504752033785464,4.840349593276309,419100
2015-10-13,4.433760166168213,4.530567219856748,4.401491353432794,4.466029286644772,447400
2015-10-14,4.524112701416016,4.530566339612765,4.369221384059973,4.453120834805285,291500
2015-10-15,4.582196235656738,4.666095678336653,4.453120406719217,4.4853892100830715,774700
2015-10-16,4.4724812507629395,4.653187703807363,4.453120031922373,4.653187703807363,578300
2015-10-19,4.227237701416016,4.427305397201451,4.188514643626908,4.407943868306897,444600
2015-10-20,4.265960216522217,4.382128460268549,4.240145051245253,4.265960216522217,725500
2015-10-21,4.046531677246094,4.246599395303171,4.033624092459866,4.246599395303171,260100
2015-10-22,3.9884469509124756,4.194968592402132,3.949724200834614,4.149791896774096,389900
2015-10-23,3.8916399478912354,3.9561778600160817,3.8206480906833846,3.9561778600160817,346100
2015-10-26,3.639941930770874,3.827102045320406,3.5495888463051504,3.788379294835096,641100
2015-10-27,3.517319679260254,3.575403957959797,3.4915045126695814,3.556042736887323,625000
2015-10-28,3.691572666168213,3.717388143706627,3.530227701064441,3.5366816473843192,404700
2015-10-29,3.691572666168213,3.8141948765760114,3.691572666168213,3.723841782285407,307200
2015-10-30,3.678664207458496,3.7302948425301494,3.5495883891319275,3.70447937112381,278200
2015-11-02,3.788379430770874,3.7948333766205407,3.6657572292968923,3.704479981171664,399900
2015-11-03,3.781925916671753,3.9561784596925103,3.743203163527261,3.8335562541977426,609500
2015-11-04,3.7690181732177734,3.872278843911606,3.6528496109461384,3.8400097304492466,383200
2015-11-05,3.807741403579712,3.8271026278990865,3.7367495296794098,3.7367495296794098,293200
2015-11-06,3.7561113834381104,3.794834143134445,3.704480729435193,3.7754726094157087,464600
2015-11-09,3.7754714488983154,3.8851860548507133,3.7044795907395214,3.7044795907395214,355100
2015-11-10,3.9303619861602783,3.9561771463533684,3.7754707172607533,3.7754707172607533,452200
2015-11-11,3.6205813884735107,3.9239098113711277,3.6205813884735107,3.9239098113711277,427500
2015-11-12,3.7690181732177734,3.885186427748335,3.6786647786195963,3.6786647786195963,445100
2015-11-13,3.794833183288574,3.846463516491239,3.627034292638854,3.72384132126438,386600
2015-11-16,3.9432716369628906,3.949725276529631,3.743203886535598,3.794834234034106,305100
2015-11-17,3.8787331581115723,3.911001966897824,3.8077412863960527,3.911001966897824,258400
2015-11-18,3.8851864337921143,3.99490105044552,3.8206485145080737,3.8722788499353062,259400
2015-11-19,3.8400094509124756,3.911001310717109,3.8206482304373353,3.8400094509124756,677500
2015-11-20,3.549588203430176,3.859370458948268,3.5302266778236033,3.8077401343187542,693200
2015-11-23,3.485051155090332,3.6205809444584784,3.452782040387026,3.5495890767558578,427600
2015-11-24,3.6722116470336914,3.723841989501331,3.543135483123477,3.543135483123477,437700
2015-11-25,3.6980268955230713,3.7496572390693212,3.594766208430571,3.646396551976821,598300
2015-11-26,3.6076743602752686,3.7173890113932253,3.5947667723638133,3.698027475655457,30000
2015-11-27,3.575404644012451,3.6270349871006844,3.4979591293801016,3.562497058240393,203500
2015-11-30,3.536682367324829,3.6076742525893746,3.5108671922724786,3.5495899548510046,1127400
2015-12-01,3.5302274227142334,3.607673233740857,3.5173198388333087,3.549588952406158,1017400
2015-12-02,3.252713918685913,3.504411935274179,3.226898753278965,3.4979582977929655,957100
2015-12-03,3.1881771087646484,3.3301605676508195,3.1623619344217078,3.24626140490684,1096700
2015-12-04,2.9816553592681885,3.181723111142082,2.9752017196547844,3.181723111142082,907000
2015-12-07,2.678326368331909,2.949385947413652,2.6202420848883685,2.9429320013683316,965100
2015-12-08,2.6396031379699707,2.697687103169238,2.4911656370506083,2.529888536967645,2101800
2015-12-09,2.5621581077575684,2.7493183997027866,2.536342937522518,2.7105953366091073,1184900
2015-12-10,2.6202423572540283,2.736410628475338,2.5169816717239755,2.57506580733463,1830100
2015-12-11,2.4524433612823486,2.5427966065874683,2.4008130233197345,2.529889022096815,721200
2015-12-14,2.3556370735168457,2.465351569442291,2.3233679502564253,2.4201750122965193,619200
2015-12-15,2.2975528240203857,2.3879060941203276,2.252376265905708,2.3749985060875627,626100
2015-12-16,2.336275100708008,2.387905595938126,2.245922003328772,2.3491828399184533,620200
2015-12-17,2.3943591117858887,2.5686116475988823,2.3556363602431203,2.3943591117858887,753100
2015-12-18,2.4459896087646484,2.471804778165244,2.4008130623136057,2.4266282317142016,576300
2015-12-21,2.4718048572540283,2.5621581069176362,2.4137207242442065,2.4524434795840877,686900
2015-12-22,2.4201745986938477,2.5169816441898245,2.407267013143792,2.4653511481190438,436500
2015-12-23,2.6847798824310303,2.717048995682605,2.497619764150467,2.5169812936496263,594100
2015-12-24,2.6202423572540283,2.736410628475338,2.57506580733463,2.6847802857103114,288500
2015-12-29,2.6912341117858887,2.775133568888634,2.646057410021079,2.710595335584305,372800
2015-12-30,2.5040738582611084,2.671872456984413,2.491166119873386,2.665418818596369,277300
2015-12-31,2.607334613800049,2.64605736853081,2.5105277269731454,2.523435311883399,202700
2016-01-04,2.6396031379699707,2.729956212078521,2.5363423279753987,2.6396031379699707,395800
2016-01-05,2.52988862991333,2.652510817436185,2.4911657285736513,2.652510817436185,323000
2016-01-06,2.439535140991211,2.4976192560610597,2.413719978737945,2.4782578843711103,263700
2016-01-07,2.336275100708008,2.4976200713271983,2.3169137226981715,2.3814518032681806,458100
2016-01-08,2.336275100708008,2.394359388608071,2.226560625318936,2.3104599300282262,479800
2016-01-11,2.129753351211548,2.3040058883370946,2.0587616395150627,2.3040058883370946,377600
2016-01-12,2.032947301864624,2.1878385263292675,1.9425940234808314,2.1878385263292675,476700
2016-01-13,1.9555011987686157,2.1297537701728095,1.9167784393166991,2.0587620445109622,603200
2016-01-14,2.045854330062866,2.0781232942544374,1.9103245265877091,1.9296859051026518,433800
2016-01-15,2.103938579559326,2.1103923727471847,1.9038708368651376,1.9361398028044312,397000
2016-01-18,2.007131576538086,2.071669663852105,1.9942239898493963,2.071669663852105,185700
2016-01-19,1.9555011987686157,2.123299976930823,1.910324646074713,2.1168461836888373,619400
2016-01-20,2.1620218753814697,2.220106145298496,1.8393320340486827,1.9038700946375444,956500
2016-01-21,2.316912889480591,2.445988850331235,2.0845762830458305,2.136206605837889,774300
2016-01-22,2.6912341117858887,2.7557720373491144,2.368544176228657,2.5492505216762407,1263500
2016-01-25,2.555704355239868,2.7041417402875765,2.523435391940487,2.5944271111991255,562800
2016-01-26,2.9429328441619873,2.9558404322080025,2.542797306994348,2.5944276591784083,868300
2016-01-27,2.8848469257354736,3.0203766780593884,2.775132642762734,2.9300236124237786,1213000
2016-01-28,3.0397391319274902,3.1107310019174816,2.9042093381925502,3.06555430142547,592500
2016-01-29,3.246260404586792,3.278529208701409,3.0720078775964748,3.0978230439845915,1156600
2016-02-01,3.27207612991333,3.297891300711213,3.1559075535817462,3.162361500151772,1394900
2016-02-02,3.0849156379699707,3.09136927606713,2.9622934367131877,3.0397389403255533,1131700
2016-02-03,3.27207612991333,3.291437354141187,2.9300246552297144,3.136546329353889,928800
2016-02-04,3.2849836349487305,3.355975199035622,3.226899348203907,3.3172524437861077,622500
2016-02-05,3.3495216369628906,3.375336807719586,3.194630304681608,3.2139918366196847,430400
2016-02-08,3.2785298824310303,3.4592363920236373,3.194630420557994,3.3495217584575316,338800
2016-02-09,3.0655531883239746,3.2720747770609755,3.0397380281994724,3.226898092972605,431900
2016-02-10,3.1752686500549316,3.207537455255985,3.001016117197823,3.0332849223988765,530400
2016-02-11,3.459235906600952,3.6076732768769557,3.2268990862252336,3.2268990862252336,1499800
2016-02-12,3.568950653076172,3.691572551948881,3.4979587844595335,3.6657573829503014,617200
2016-02-16,3.5624964237213135,3.6463958701668546,3.504412144221929,3.6463958701668546,406100
2016-02-17,3.60122013092041,3.6851195996565416,3.568951317535,3.646396838949361,883700
2016-02-18,3.459235906600952,3.6463960289827293,3.4205131544951786,3.6463960289827293,1029200
2016-02-19,3.259169101715088,3.6463970376264934,3.239807566435994,3.6463970376264934,1446200
2016-02-22,3.27207612991333,3.48505144286642,3.2527145979443626,3.3301601103380114,1143000
2016-02-23,3.1300923824310303,3.343067695360113,3.084915987410383,3.2268994267827344,1595600
2016-02-24,3.213991641998291,3.2591683419574142,2.9881087576848575,3.065554265265276,1157300
2016-02-25,3.29789137840271,3.3559753601957296,3.110731231838397,3.2010843317595197,898000
2016-02-26,3.2398078441619873,3.452783211783086,3.2269002554498356,3.355976142571353,393200
2016-02-29,3.2656216621398926,3.317251995495296,3.16881463322798,3.2656216621398926,412100
2016-03-01,3.3817896842956543,3.5366809816650266,3.220444749562288,3.278529024543433,607000
2016-03-02,3.336613178253174,3.4527814162522117,3.2527137413833542,3.381789561382285,640100
2016-03-03,3.29789137840271,3.45278240683892,3.2591686212936573,3.291437431680642,803400
2016-03-04,3.4076061248779297,3.4785976947516475,3.2720763165864644,3.36888305873083,447900
2016-03-07,3.5302274227142334,3.6593035692645564,3.4205131135969093,3.4205131135969093,679400
2016-03-08,3.388244152069092,3.5431351655908134,3.3624289831488046,3.504412412210383,485600
2016-03-09,3.6076743602752686,3.6399431761833223,3.4269678217737214,3.4721445333344008,601200
2016-03-10,3.7625648975372314,3.7754724836727864,3.5495895724300115,3.614127503107786,565500
2016-03-11,3.710932970046997,3.9239082043067874,3.652848703343056,3.820647559269555,794400
2016-03-14,3.568950653076172,3.6786649674495915,3.4850511999602434,3.6399422139517217,364200
2016-03-15,3.388244152069092,3.5108663583109987,3.304344699207615,3.5108663583109987,602500
2016-03-16,3.355975389480591,3.4785976085998405,3.3430678036649395,3.4527824369685374,1055400
2016-03-17,3.459235906600952,3.5108662427419834,3.439874376677526,3.452781960712784,417900
2016-03-18,3.6722116470336914,3.6851192326506013,3.5883121866532193,3.620581304566052,1431300
2016-03-21,3.62703537940979,3.691573315250664,3.60122020507344,3.6399429665779643,264400
2016-03-22,3.568950653076172,3.6399422139517217,3.536681537957403,3.6012194604538523,241200
2016-03-23,3.368881940841675,3.5173192860128055,3.3366131400816186,3.5173192860128055,327300
2016-03-24,3.4269678592681885,3.5044133875842536,3.2656228547391337,3.2914380308444886,321300
2016-03-28,3.5108673572540283,3.594766833987326,3.426967880520731,3.5108673572540283,443200
2016-03-29,3.4398746490478516,3.4656898191624204,3.3107987984750085,3.3495215536468614,356200
2016-03-30,3.4979591369628906,3.5624970659630857,3.433421207962696,3.4850515511628517,303700
2016-03-31,3.4140594005584717,3.543135248168187,3.3882442310365284,3.517320078646244,966500
2016-04-01,3.117185592651367,3.3043457825554854,3.039740060499564,3.3043457825554854,1511800
2016-04-04,2.9106624126434326,3.155906449419372,2.8848469431365418,3.1429988685364276,797100
2016-04-05,2.846125602722168,2.910663846674714,2.794495253753055,2.8719407772067247,463200
2016-04-06,2.9752016067504883,2.9752016067504883,2.84612543422802,2.962294020272355,619000
2016-04-07,2.71059513092041,3.001016235638292,2.6718723785062424,2.9364783149480114,1139000
2016-04-08,2.8009486198425293,2.884847765631535,2.7622258661535053,2.826763788968545,790800
2016-04-11,2.8138561248779297,2.8783940458689434,2.794494594710085,2.8396712932743355,761000
2016-04-12,3.0203778743743896,3.181722852214197,2.833217724699503,2.8396716715288344,1251500
2016-04-13,2.9881091117858887,3.065554628543863,2.942932406473173,3.0010166979122177,493600
2016-04-14,2.8590333461761475,3.0268322972351087,2.833218170281103,3.0074707614432397,330400
2016-04-15,2.820310354232788,2.8590331149435393,2.788041540844402,2.839671888458737,246100
2016-04-18,2.8977551460266113,2.9235706210748296,2.6073343599506456,2.6137883056479674,487100
2016-04-19,3.110731601715088,3.117185241463398,2.910663845659013,2.962294194610109,358400
2016-04-20,3.0139241218566895,3.149453922760733,2.9816550044067323,3.0784620490154935,542700
2016-04-21,2.962293863296509,3.0913697212379407,2.949386277502365,3.039739378061368,570400
2016-04-22,3.110731601715088,3.136546776190636,2.968747834358419,2.9881093690856573,664100
2016-04-25,3.149453639984131,3.1752688085298137,3.059100242333158,3.1429996939771687,793900
2016-04-26,3.362429141998291,3.368882780662705,3.1817226432781713,3.1881765896836876,833600
2016-04-27,3.4269678592681885,3.536682511586534,3.355975971107876,3.420514219112437,714700
2016-04-28,3.3753366470336914,3.5173200794362693,3.2978911384504674,3.4140594013253036,495700
2016-04-29,3.368881940841675,3.4592353215482943,3.2591676489682526,3.43987379489944,429700
2016-05-02,3.259169101715088,3.3624298025604857,3.20108480361897,3.3624298025604857,371900
2016-05-03,3.213991641998291,3.2527143957885003,3.1494537190146086,3.213991641998291,634700
2016-05-04,3.246260404586792,3.375336236527376,3.181722180875442,3.2591679877808506,560600
2016-05-05,3.259169101715088,3.394698925445254,3.2139923912246444,3.3882449777718353,405300
2016-05-06,3.246260404586792,3.3882438197214344,3.2010837095370586,3.2268988759251753,398700
2016-05-09,3.2333531379699707,3.2914371141597,3.162361269581315,3.2527143607861846,1686300
2016-05-10,3.2204458713531494,3.2720765269550145,3.188177057810775,3.259168939989835,804900
2016-05-11,3.310798406600952,3.362428740718999,3.201083792729569,3.213991376259081,573300
2016-05-12,3.62703537940979,3.6399429665779643,3.41406003726433,3.4205139847189936,828800
2016-05-13,3.5431363582611084,3.6915737833894595,3.5044135918460415,3.5883130729492816,642800
2016-05-16,3.704479455947876,3.8077404207145955,3.639941545306822,3.6463954902414435,453800
2016-05-17,3.8335561752319336,3.846463759347553,3.6786648581034203,3.6786648581034203,600800
2016-05-18,3.633488178253174,3.8529170907467,3.6205805951653196,3.8012867583952823,340100
2016-05-19,3.60122013092041,3.7173887207830987,3.5044130752818856,3.5431358359890663,800000
2016-05-20,3.60122013092041,3.6786656523347716,3.5495897833108363,3.639942891627591,190000
2016-05-24,3.478597640991211,3.685119323705806,3.465690055055369,3.685119323705806,389200
2016-05-25,3.7432031631469727,3.7754719702268944,3.4915048061217164,3.4915048061217164,559300
2016-05-26,3.6463961601257324,3.8529175121174184,3.633488575626252,3.7883795896200163,385800
2016-05-27,3.62703537940979,3.665758140914314,3.5689513910235795,3.6334893268644537,320300
2016-05-30,3.5624964237213135,3.6593034536399327,3.5495888402482354,3.5947655362745414,83200
2016-05-31,3.704479455947876,3.7496561472671304,3.581857579600389,3.581857579600389,544400
2016-06-01,3.6528499126434326,3.7561108996069015,3.5818583495486025,3.7432033147041053,908300
2016-06-02,3.7690181732177734,3.8077409247279608,3.5624965240890347,3.6334883890615814,802700
2016-06-03,3.794833183288574,3.865824737571708,3.756110433386576,3.801286821068377,524100
2016-06-06,4.123977184295654,4.136884769076662,3.885186711976464,3.891640658237516,867100
2016-06-07,4.253052711486816,4.311136680549287,4.162699323627774,4.21432996286482,641200
2016-06-08,4.382129192352295,4.672550004106697,4.265960929198753,4.543474156158318,762400
2016-06-09,4.265960216522217,4.36276724018135,4.175606830311802,4.298229019247898,877300
2016-06-10,4.059439659118652,4.240146171543289,4.020716900972186,4.1627003475092295,527700
2016-06-13,4.339885711669922,4.529186042613747,4.269774539897475,4.311841242960943,742000
2016-06-14,4.332873821258545,4.409996266578682,4.276784891686223,4.318851588865464,183200
2016-06-15,4.452063083648682,4.487118832733604,4.255751824859039,4.283796290400416,435800
2016-06-16,4.536194801330566,4.592284045969898,4.311839160038344,4.438039208265219,761900
2016-06-17,4.424018859863281,4.70446386491872,4.424018859863281,4.613319179770329,674500
2016-06-20,4.669406414031982,4.697450870896368,4.522172848335813,4.5502173052001975,478800
2016-06-21,4.767563819885254,4.788597001871712,4.543207761359176,4.564241277662034,617200
2016-06-22,4.501140117645264,4.753540588683069,4.4730956580095445,4.648373697890956,12683800
2016-06-23,4.557229995727539,4.648374675878026,4.529185530191451,4.585274461263627,3944100
2016-06-24,4.395973205566406,4.557229014849105,4.381950975816447,4.381950975816447,2436300
2016-06-27,4.417007923126221,4.459074623859675,4.3048297201872545,4.381952172023465,2834700
2016-06-28,4.564239025115967,4.58527219672212,4.445049938293647,4.557227745036426,2030700
2016-06-29,4.760551452636719,4.872729289204997,4.627340104553725,4.662395845639474,3258000
2016-06-30,4.8236517906188965,4.858707198389438,4.662395978788673,4.732507128646089,884500
2016-07-04,4.9288201332092285,4.9428423673077235,4.830664160203332,4.844686394301827,772000
2016-07-05,4.809629917144775,4.872729789535345,4.711473965752585,4.809629917144775,1925500
2016-07-06,4.99893045425415,5.048008098101105,4.6834297391750965,4.711474202606607,1728100
2016-07-07,5.069039821624756,5.167195408950546,4.984906461059793,5.062028541086214,2396800
2016-07-08,5.377529621124268,5.517751901156128,5.132140463910369,5.174207147919928,2460900
2016-07-11,5.307417869567871,5.496718092957147,5.244317683666029,5.384539947540957,2894000
2016-07-12,5.356496334075928,5.524763411407875,5.328451876906653,5.426607476999114,3491200
2016-07-13,5.510741710662842,5.524763940590581,5.223285495669688,5.321441439480195,6748300
2016-07-14,6.099673748016357,6.21886283138009,5.68601759618134,5.68601759618134,5969200
2016-07-15,6.2819647789001465,6.5063204489432325,6.141742485123219,6.19783140263399,6676000
2016-07-18,6.23989725112915,6.260931094966798,6.113697531266185,6.21185279464487,1872600
2016-07-19,6.001519680023193,6.253919787317444,5.980485836274236,6.204842155835041,1866200
2016-07-20,6.022552967071533,6.064619318086106,5.85428622574805,5.896352576762624,1515700
2016-07-21,6.141740322113037,6.169784770991673,6.001518077719854,6.008528688465211,1753900
2016-07-22,6.0576090812683105,6.225875833034271,5.97347570538533,6.1697869157789516,1549700
2016-07-25,5.938421249389648,6.036576541500578,5.903365501364553,5.9734769974147435,1571900
2016-07-26,5.980486869812012,6.001520717196003,5.875320307422842,5.875320307422842,751900
2016-07-27,6.099673748016357,6.23288539113227,6.022551675276716,6.029562955152807,1960800
2016-07-28,6.197831153869629,6.239897505997958,6.071630760219421,6.099675217849176,1216900
2016-07-29,6.618498802185059,6.632521366977021,6.169787426965341,6.260932092215019,3521700
2016-08-02,6.506319522857666,6.765730896579483,6.373108529888506,6.695620093986652,2433400
2016-08-03,6.520343780517578,6.590454601346453,6.338054442823611,6.506321215172172,1669500
2016-08-04,6.436210632324219,6.569421664867504,6.394143603365278,6.513332738677412,1042800
2016-08-05,6.520343780517578,6.569421421961063,6.359087622209001,6.450232291055985,1400400
2016-08-08,6.436210632324219,6.793777369627876,6.394143603365278,6.6465437712206965,2174800
2016-08-09,6.4081645011901855,6.506319762156759,6.366097483181249,6.415175113664535,3501800
2016-08-10,6.23989725112915,6.471264184282602,6.183808338160591,6.471264184282602,1519800
2016-08-11,6.064619541168213,6.274953309875821,6.001520012325288,6.239897570319116,2912100
2016-08-12,6.2258758544921875,6.246909031377266,6.0015201846976485,6.120708632801519,1782500
2016-08-15,6.310008525848389,6.408164454735975,6.274952789200496,6.274952789200496,1154000
2016-08-16,6.1767988204956055,6.310009845252547,6.099676050017589,6.310009845252547,1623300
2016-08-17,6.155765533447266,6.253921491796635,6.092665322267869,6.1347323525983875,1412100
2016-08-18,6.204841613769531,6.310008148796463,6.176797159853514,6.225874787048412,927200
2016-08-19,6.078642845153809,6.204843255482983,6.0435871013254046,6.204843255482983,1197600
2016-08-22,6.169785976409912,6.211852323630352,5.931407780052302,6.015541143125717,1577500
2016-08-23,6.3590850830078125,6.443218435587401,6.1417407560019885,6.169785206861851,1444900
2016-08-24,6.148754596710205,6.422187939315354,6.1136988513772375,6.29598752356976,1197600
2016-08-25,6.183809280395508,6.2889765097104595,6.092664615775624,6.141742923575676,857400
2016-08-26,6.2539215087890625,6.408166395576378,6.148754935626164,6.204843863797413,1191200
2016-08-29,6.436210632324219,6.478276992650418,6.190821078768006,6.225876824794999,1664200
2016-08-30,6.373110294342041,6.520343889772253,6.28196562396784,6.47827686166388,1446400
2016-08-31,6.3660993576049805,6.4151770025386075,6.246910218223803,6.3731106407762885,2912400
2016-09-01,6.345064640045166,6.464253750560545,6.295986338364797,6.331042077098602,1411500
2016-09-02,6.373110294342041,6.4852881444540635,6.345065831814035,6.450232399135874,683000
2016-09-06,6.4922990798950195,6.527354823337666,6.373109953369638,6.3801212357847055,1663500
2016-09-07,6.3660993576049805,6.485288496986158,6.338054893552513,6.485288496986158,1086700
2016-09-08,6.597464561462402,6.6535534743347595,6.408164647676343,6.429197822845331,1724900
2016-09-09,6.373110294342041,6.541377069510075,6.239898595859467,6.47827686166388,856300
2016-09-12,6.338054656982422,6.555399746751137,6.22587680495963,6.267943165151807,1184900
2016-09-13,6.022552967071533,6.359086449718499,5.994508510184286,6.288975641816678,1686500
2016-09-14,6.001519680023193,6.0856530491212775,5.9314082047918335,6.029564136389221,1557500
2016-09-15,6.099673748016357,6.1697852095123595,5.931407042784895,6.029562955152807,1013000
2016-09-16,5.938421249389648,6.176799533600957,5.938421249389648,6.015543360138633,10176700
2016-09-19,5.79118537902832,6.078641196939148,5.770151537254954,6.008529728292962,1246600
2016-09-20,5.917385578155518,5.945430034217579,5.74911884178315,5.74911884178315,1119000
2016-09-21,6.001519680023193,6.036574749006292,5.9033637484258055,6.008530292640264,1042700
2016-09-22,6.106687545776367,6.1627764706465396,6.050598620906195,6.050598620906195,1300400
2016-09-23,5.966464996337891,6.141743046745236,5.868309047402006,6.106687302937227,1965600
2016-09-26,5.987496852874756,6.134730409446781,5.959452397748302,5.994508133814508,725500
2016-09-27,5.945429801940918,5.966463644640142,5.854285824774472,5.931407908773983,670600
2016-09-28,6.162775993347168,6.197831735834184,5.889342004307657,5.980486667320827,1722400
2016-09-29,6.2258758544921875,6.387131324998853,6.1066867377556795,6.113698019594918,1932700
2016-09-30,6.436210632324219,6.485288275582365,6.155765332741012,6.211854258931105,1260200
2016-10-03,6.646543502807617,6.681599247418925,6.41517652445879,6.485288013681404,1170900
2016-10-04,6.506319522857666,6.68159753228856,6.422186158566742,6.618497341912231,1468500
2016-10-05,6.730676651000977,6.8708989419317,6.618498149623774,6.6255094313284655,1547300
2016-10-06,6.667577266693115,6.800788292177378,6.5764325993059005,6.7657325480080335,1513200
2016-10-07,6.646543502807617,6.758722019290344,6.562410116920109,6.730677557327841,720200
2016-10-11,6.611488342285156,6.9339999850462055,6.555399419077383,6.730677471259851,2597000
2016-10-12,6.422187328338623,6.590454087569487,6.401154150592932,6.555399014204223,1694900
2016-10-13,6.5904541015625,6.632521125775867,6.345065244321308,6.345065244321308,1328800
2016-10-14,6.625509738922119,6.723665681446892,6.562409537915668,6.611487843494383,1101000
2016-10-17,6.534364700317383,6.653553813403225,6.485287066211195,6.646542531778737,1112300
2016-10-18,6.450230121612549,6.660563850621843,6.36609676373533,6.6255081176815445,1180900
2016-10-19,6.751710891723633,6.8709000249601395,6.485288162643953,6.513332625250618,1283300
2016-10-20,6.835843563079834,6.891932482414492,6.632521063333535,6.660565523000864,1799400
2016-10-21,6.96905517578125,6.990089023806403,6.821821582768766,6.828832865443816,2210800
2016-10-24,6.814812183380127,6.976067701851743,6.758723249248014,6.976067701851743,1452000
2016-10-25,6.611488342285156,6.8638884967201355,6.576432598122121,6.800788290953214,1863300
2016-10-26,6.155765533447266,6.513332951042006,6.120709786277294,6.506321667881459,2330600
2016-10-27,6.022552967071533,6.183808427015056,6.008530404311612,6.162775251507769,1688700
2016-10-28,5.987496852874756,6.183808038759938,5.903363487495392,6.022552588940962,1632500
2016-10-31,5.987496852874756,6.015541308001211,5.847274577242483,5.966463678688053,959500
2016-11-01,5.952442169189453,6.190820414225432,5.896353249020125,6.029564935896782,1579300
2016-11-02,5.784176349639893,5.945431854201271,5.7350987036660435,5.889342924907506,1428100
2016-11-03,5.8683085441589355,5.973475766564235,5.791186449301162,5.798197731188044,1259800
2016-11-04,5.910374641418457,6.008529897935371,5.833251890003697,5.8753189061056155,810500
2016-11-07,5.994509696960449,6.064620518742614,5.910376309642216,6.064620518742614,1189400
2016-11-08,5.987496852874756,6.001519414754259,5.868307751429186,5.903363487495392,834100
2016-11-09,6.246908664703369,6.288975684636963,5.8753194412591245,5.917385792560119,1235400
2016-11-10,5.896353721618652,6.331043222088067,5.819231617362582,6.317021325238202,2387800
2016-11-11,5.798198223114014,5.847275863220706,5.601886325421845,5.819231401926497,1100100
2016-11-14,6.02956485748291,6.06461993065835,5.756130873738915,5.756130873738915,1087500
2016-11-15,6.211853981018066,6.324032497012223,6.148754443351788,6.169787622573881,1419500
2016-11-16,5.980486869812012,6.190820663223047,5.966464973522048,6.134731740797797,1552900
2016-11-17,5.9594526290893555,6.1627751038071015,5.86830797923208,6.036574716522784,1841200
2016-11-18,5.910374641418457,6.064618806982904,5.847274451581849,5.973474831255066,836600
2016-11-21,6.288976192474365,6.3100093698233,6.0646198490993335,6.120708767784929,1482600
2016-11-22,6.162775993347168,6.345065319373508,6.057609434518796,6.2539206563603384,773800
2016-11-23,6.1767988204956055,6.2469096398187896,6.05059840962809,6.092664767495459,589100
2016-11-24,6.1767988204956055,6.225876460885105,6.1066873325397175,6.155764972929217,205000
2016-11-25,6.099673748016357,6.1978296603842695,6.078640577020538,6.176796489388449,479900
2016-11-28,5.90336275100708,6.169785375786476,5.889340190876995,6.162774095721433,1143000
2016-11-29,5.693029880523682,5.826241547143182,5.650963531109943,5.81221898491689,933300
2016-11-30,6.3660993576049805,6.3731106407762885,5.959454294527821,6.106687897961466,2783700
2016-12-01,6.457244396209717,6.934000980556122,6.401155464949293,6.5203446110358945,2094300
2016-12-02,6.506319522857666,6.646541796675872,6.422186158566742,6.520342084555758,755300
2016-12-05,6.5904541015625,6.786765989714654,6.548387745981801,6.632521125775867,976900
2016-12-06,6.744699001312256,6.7657321792142815,6.436209940429426,6.583443523008944,1842500
2016-12-07,6.80078649520874,6.905953699928494,6.744697586811217,6.828830949407502,1761900
2016-12-08,6.948021411895752,6.983077153689273,6.828832290977381,6.912965670102232,1853900
2016-12-09,7.088242530822754,7.144331440905092,6.9900872724949386,7.011120446617678,2194000
2016-12-12,6.8989434242248535,7.361677320229487,6.856876402482329,7.291565840202821,1896100
2016-12-13,7.1162872314453125,7.151342968614676,6.884920302213115,6.990087513721206,1746400
2016-12-14,6.835843563079834,7.095254982160791,6.800787821337508,7.011121603158804,1505600
2016-12-15,6.933999538421631,7.011121635706646,6.730677037731445,6.772743393111393,871100
2016-12-16,6.884920120239258,6.990087328967697,6.779753580143375,6.990087328967697,1041700
2016-12-19,6.744699001312256,6.955032786230521,6.709643259053767,6.870899405989749,1093100
2016-12-20,6.667577266693115,6.814810857298199,6.62551023996336,6.7727438305684435,1084700
2016-12-21,6.709643840789795,6.8498668219812915,6.702633226636403,6.709643840789795,714700
2016-12-22,6.618498802185059,6.723666032226698,6.597465623629807,6.667577110324234,966500
2016-12-23,6.534364700317383,6.6745876582766925,6.492298347835685,6.6745876582766925,377000
2016-12-28,6.534364700317383,6.632520637162376,6.471264502962218,6.478275784586707,905100
2016-12-29,6.478275775909424,6.548387254795168,6.366097944598327,6.513331515352296,864700
2016-12-30,6.569418907165527,6.681596712455863,6.492296833186537,6.5063187245315985,439200
2017-01-03,6.324031352996826,6.716653747736608,6.225875419995584,6.716653747736608,1344100
2017-01-04,6.4081645011901855,6.450230850566554,6.29598600937721,6.380120045395084,1073800
2017-01-05,6.331042766571045,6.5483878354841885,6.310009588493217,6.436209994225537,606300
2017-01-06,6.2749528884887695,6.373108818929473,6.204842082716188,6.3100086256913475,859200
2017-01-09,5.9594526290893555,6.183808278810295,5.924396891662314,6.183808278810295,1858600
2017-01-10,5.980486869812012,6.127720458336467,5.959453691060717,6.0646202534498865,1417600
2017-01-11,6.01554012298584,6.057607131704919,5.945428664664848,6.057607131704919,1242000
2017-01-12,6.050596714019775,6.134730074809838,5.966463353229714,6.09967434065585,1744700
2017-01-13,6.190820217132568,6.2469091355162325,6.015542180025457,6.092664275644832,1028800
2017-01-16,6.064619541168213,6.141742301919487,6.029564470244127,6.127719738643758,292800
2017-01-17,6.022552967071533,6.183808427015056,6.015541685691573,6.155763970127809,1720200
2017-01-18,5.763144016265869,5.987499766451228,5.756132731914358,5.987499766451228,1960600
2017-01-19,5.889342308044434,5.938420617510488,5.805208922916108,5.889342308044434,731200
2017-01-20,6.050596714019775,6.11369690177045,5.854285538842965,5.910374446036339,1268000
2017-01-23,5.74210786819458,6.001519936455182,5.714063410630273,5.994508654905953,1565000
2017-01-24,5.980486869812012,5.987498152273342,5.770153076400976,5.826242667458923,1919800
2017-01-25,6.0576090812683105,6.099675434893483,5.945430578125035,5.945430578125035,1285400
2017-01-26,5.980486869812012,6.225876406897002,5.966464973522048,6.106687279585172,1214800
2017-01-27,5.910374641418457,5.959452269676914,5.854285732370925,5.889340799051229,836800
2017-01-30,5.707054138183594,5.868309639895815,5.650965209880841,5.854287742136511,807600
2017-01-31,5.622920989990234,5.72808756796816,5.615909706489627,5.615909706489627,1457900
2017-02-01,5.566831588745117,5.728087427833673,5.531775840732496,5.728087427833673,2176700
2017-02-02,5.573841094970703,5.650963854361822,5.49671900421219,5.6088968339091565,1479700
2017-02-03,5.559820175170898,5.587864639197466,5.433620087051345,5.587864639197466,1115000
2017-02-06,5.216275691986084,5.55280961838249,5.209264408326215,5.55280961838249,1621800
2017-02-07,5.10409688949585,5.2723636545975205,5.062029863904088,5.209263450526222,1085600
2017-02-08,5.174206733703613,5.237306587508407,4.942839823014764,5.083062091821261,2859300
2017-02-09,5.573841094970703,5.868308232241542,5.4125852976231625,5.510741232924311,4578900
2017-02-10,5.503730297088623,5.657974822609748,5.454652660671882,5.643952927333243,2073800
2017-02-13,5.377529621124268,5.454652042299934,5.314429427951787,5.454652042299934,1868600
2017-02-14,5.552807807922363,5.55981875497995,5.3915520138023245,5.489707612822606,1546100
2017-02-15,5.622920989990234,5.671998637228894,5.4897092780098795,5.5317759760643295,1455400
2017-02-16,5.4967193603515625,5.6790086797361905,5.461663619141803,5.6790086797361905,964900
2017-02-17,5.370518684387207,5.482696849923204,5.307418821484286,5.482696849923204,981900
2017-02-21,5.31442928314209,5.3985626488687055,5.2443181450365755,5.3985626488687055,1041300
2017-02-22,5.132140636444092,5.335463116483783,5.1251293550486485,5.328451835088339,1182700
2017-02-23,5.2022528648376465,5.2793753047060905,5.1321417078283185,5.258341790445108,1230200
2017-02-24,5.08306360244751,5.188230502464868,5.048007857669604,5.188230502464868,495100
2017-02-27,4.956862449645996,5.076051220585472,4.928817993623026,5.076051220585472,1469500
2017-02-28,5.019963264465332,5.040996777646006,4.921807649693671,4.928818932192678,911400
2017-03-01,5.167197227478027,5.1812194591737954,5.026974910520345,5.097086068999187,1105300
2017-03-02,4.921808242797852,5.104097597942701,4.886752494711106,5.104097597942701,1007300
2017-03-03,4.8236517906188965,4.977896320305212,4.788596048532022,4.949851860362246,2865700
2017-03-06,4.907783508300781,4.935827958745774,4.774572201528956,4.8376723821883,2496500
2017-03-07,4.963873863220215,5.033985009869816,4.851696028580853,4.928818457053573,1023900
2017-03-08,4.753540515899658,5.069040849128912,4.732507004336756,4.956863012303635,821800
2017-03-09,4.774572849273682,4.851695265618371,4.557228161680707,4.739517448619743,3338200
2017-03-10,4.809629917144775,4.872729789535345,4.78158545512311,4.844685327513679,1046600
2017-03-13,4.80610990524292,4.925734950586265,4.79907331550811,4.848330450268971,776500
2017-03-14,4.616118907928467,4.777964555204368,4.566861420309129,4.777964555204368,1268600
2017-03-15,4.834257125854492,4.87647767254512,4.630190982413583,4.665374939091979,741700
2017-03-16,4.785001277923584,4.918699544017425,4.749817311768887,4.918699544017425,1073000
2017-03-17,4.700559139251709,4.834257721344053,4.700559139251709,4.827221130465046,503900
2017-03-20,4.707595348358154,4.827220394925704,4.644264362401435,4.658337877554143,855400
2017-03-21,4.700559139251709,4.8483312386411885,4.679449031075566,4.770927061276504,1350900
2017-03-22,4.686485290527344,4.7709267238775945,4.503529578603175,4.644264741621766,2460500
2017-03-23,5.066470146179199,5.094617176449378,4.658337871722534,4.658337871722534,1777500
2017-03-24,4.974992752075195,5.080543953897415,4.813147150931615,5.073507363694174,1057200
2017-03-27,5.214242458343506,5.221279383998374,4.820183681226149,4.946845658701106,1404100
2017-03-28,5.214242458343506,5.298683888506505,5.157948395260895,5.207205868227722,2242600
2017-03-29,5.376089096069336,5.4042361330482995,5.179059837216588,5.207206874195552,2195700
2017-03-30,5.305722236633301,5.48164140982549,5.277575195765686,5.369053246355031,1506400
2017-03-31,5.319793701171875,5.4042347911414925,5.2986835964490036,5.333867216166811,966000
2017-04-03,5.446456432342529,5.446456432342529,5.340905216405593,5.36905225206066,1565100
2017-04-04,5.62941312789917,5.643486982836521,5.467567487050502,5.488677933917359,2371100
2017-04-05,5.552008152008057,5.749037743101366,5.537934633754188,5.699780596982396,1050300
2017-04-06,5.601266860961914,5.629413903636961,5.552009368510973,5.622376975198591,561300
2017-04-07,5.523861885070801,5.615339934235012,5.502751772518561,5.615339934235012,481400
2017-04-10,5.537934303283691,5.6153388168305085,5.5027506775181365,5.6153388168305085,561300
2017-04-11,5.530898571014404,5.580155721841145,5.439420525851638,5.48164108464849,678700
2017-04-12,5.474603176116943,5.608301412386391,5.4605296599023125,5.580154379957129,503000
2017-04-13,5.263501167297363,5.552008476113211,5.256464239990069,5.516824846194223,862900
2017-04-17,5.319793701171875,5.369051171423685,5.228315685935257,5.284610081454067,367700
2017-04-18,5.298684120178223,5.404235325303538,5.249426645057737,5.249426645057737,352100
2017-04-19,5.157949924468994,5.3197955715843825,5.101655844696543,5.3127589793824175,829300
2017-04-20,5.045360565185547,5.221279690412161,5.024250122521148,5.1931326572190315,779200
2017-04-21,4.989066123962402,5.0664702916584545,4.953882167344868,5.038323260580058,1092200
2017-04-24,4.953882694244385,5.101654790892681,4.932772586459835,5.024250279424737,793500
2017-04-25,5.0242509841918945,5.045361430476784,4.897589313100037,4.94684679740534,969400
2017-04-26,4.989066123962402,5.16498523597192,4.974992608423205,4.989066123962402,598500
2017-04-27,4.9609198570251465,4.98202996581604,4.749816755881431,4.9609198570251465,597400
2017-04-28,4.932772636413574,5.073507808199491,4.904625266517274,4.982029778769086,541800
2017-05-01,4.80610990524292,4.93277187586014,4.74277891993431,4.93277187586014,610100
2017-05-02,4.700559139251709,4.883515199653586,4.672412104657439,4.777963652155512,828900
2017-05-03,4.700559139251709,4.714632656548844,4.602044518171763,4.714632656548844,921600
2017-05-04,4.5246405601501465,4.679449604942859,4.4331628542699,4.679449604942859,1111500
2017-05-05,4.721668720245361,4.770926189554796,4.5457496184047415,4.5457496184047415,1172900
2017-05-08,4.80610990524292,4.820183420251603,4.623154210130029,4.7357423301995,610500
2017-05-09,4.7287068367004395,4.8483319182642965,4.707596725565152,4.785001249319264,807400
2017-05-10,4.932772636413574,5.01017681312627,4.693522508838399,4.799074055447395,1179000
2017-05-11,4.862404823303223,5.024250442232084,4.799074162358276,5.024250442232084,1883500
2017-05-12,4.763890266418457,4.897588852203035,4.749816748732666,4.883515334517244,703400
2017-05-15,4.876478672027588,4.911662635917285,4.770927451436791,4.911662635917285,732700
2017-05-16,4.792036533355713,4.953882128558875,4.777963017926702,4.911661582271843,1033500
2017-05-17,4.672412872314453,4.8342585155916,4.644265833095748,4.799074884337805,942900
2017-05-18,4.658339023590088,4.686486060820185,4.573897911899795,4.644265504975039,675700
2017-05-19,4.792036533355713,4.8201835642137345,4.665374894494615,4.714632030726615,875300
2017-05-23,4.735742568969727,4.8483306947157505,4.707595537533221,4.8483306947157505,379700
2017-05-24,4.686485290527344,4.72166924905154,4.602044192716189,4.72166924905154,757000
2017-05-25,4.580934524536133,4.75685366291852,4.5527871536989535,4.665375630430288,1302600
2017-05-26,4.623154163360596,4.630190753024221,4.552786253489978,4.609080648494285,245200
2017-05-29,4.63019323348999,4.665377207273895,4.573899143867135,4.60908311765104,161300
2017-05-30,4.468346118927002,4.595008115323428,4.405015456267922,4.595008115323428,1096200
2017-05-31,4.4753828048706055,4.489456321986524,4.292426746824549,4.348720815288223,930400
2017-06-01,4.5246405601501465,4.545751006454302,4.4331628542699,4.496493522104046,606400
2017-06-02,4.405014991760254,4.482419164130117,4.34872059066522,4.475382573705174,637400
2017-06-05,4.376867294311523,4.4190881758426475,4.341683673754351,4.4190881758426475,549100
2017-06-06,4.517604827880859,4.524641420961514,4.313538595453526,4.397979725656721,423900
2017-06-07,4.193912029266357,4.510566324763877,4.165764995690538,4.489456217351567,1341600
2017-06-08,4.137618064880371,4.229096094043369,4.102434104267182,4.186875207091896,1144800
2017-06-09,4.137618064880371,4.2431696111808215,4.1235445477429185,4.158728172816991,956800
2017-06-12,4.200948238372803,4.250205710426619,4.1587276918434215,4.207985163897239,906000
2017-06-13,4.310478687286377,4.3246113910368145,4.162085129431661,4.239815168534188,3391400
2017-06-14,4.147951602935791,4.303411650305372,4.126752719990047,4.303411650305372,2900100
2017-06-15,4.041957378387451,4.183284766803961,4.027824673240827,4.133820130315643,871500
2017-06-16,4.041957378387451,4.070223125630969,3.9924930788494017,4.041957378387451,1015900
2017-06-19,3.9924919605255127,4.041956246208283,3.964226558149594,4.027823545020324,586000
2017-06-20,3.9924919605255127,4.006624661713472,3.808766508131867,3.9218284545857163,851800
2017-06-21,3.943025827407837,4.1196846930583675,3.8864950443116744,4.0207558226400835,801900
2017-06-22,4.049022674560547,4.105553478045833,3.9712926512931945,4.034889973689225,1094000
2017-06-23,4.133819103240967,4.1974164290747344,4.020757490158879,4.0772882966999235,795400
2017-06-26,4.133819103240967,4.183283727439473,4.070222114357385,4.183283727439473,668800
2017-06-27,4.211549282073975,4.26101390805025,4.1479519539545056,4.183283877787588,768300
2017-06-28,4.2963457107543945,4.310478413607525,4.13381945946828,4.23981489934187,914400
2017-06-29,4.2680792808532715,4.367008177085594,4.246880400135698,4.33167659690626,832000
2017-06-30,4.317544460296631,4.345809862904941,4.253947135952844,4.282212538561154,958800
2017-07-04,4.275145530700684,4.352875204386068,4.268079012938315,4.352875204386068,212900
2017-07-05,4.070222854614258,4.268080713492584,3.9995589966360368,4.2610145298649105,826100
2017-07-06,4.049022674560547,4.17621698240244,4.020757272817903,4.091420777174511,709900
2017-07-07,3.9359614849090576,4.027823881837479,3.7663687195215814,4.006624996757922,1568200
2017-07-10,3.9924919605255127,4.013690843832364,3.872363831952771,3.9218284545857163,695500
2017-07-11,4.070222854614258,4.084355558819852,3.9571608840192525,4.027824405047227,906200
2017-07-12,4.140884876251221,4.253946468957015,4.077287561879149,4.133818358232046,995500
2017-07-13,4.2680792808532715,4.310477379238553,4.140884985697427,4.162083866415001,784200
2017-07-14,4.253945827484131,4.31047661531248,4.239813130527043,4.303410435308973,483200
2017-07-17,4.2680792808532715,4.324610078700314,4.253946581391511,4.289278498520979,345600
2017-07-18,4.30341100692749,4.331676404596133,4.253946392532304,4.3104771878695916,380300
2017-07-19,4.5012688636779785,4.508335381684911,4.296344558778675,4.324609956906157,667200
2017-07-20,4.38114070892334,4.564866131846959,4.310477214318148,4.529534216069303,1262900
2017-07-21,4.310478687286377,4.374076022638465,4.2751470963854,4.374076022638465,656700
2017-07-24,4.289278030395508,4.3670077004768215,4.26101263455683,4.3670077004768215,527900
2017-07-25,4.430605411529541,4.451804628806772,4.367008096647976,4.388207313925206,733100
2017-07-26,4.409407138824463,4.550734498063831,4.388208253956187,4.451805582461414,895500
2017-07-27,4.5507330894470215,4.571931967753476,4.409405773953579,4.416472291355794,850400
2017-07-28,4.5012688636779785,4.684994288456732,4.458870766486756,4.564866177939874,936200
2017-07-31,4.310478687286377,4.494204172992305,4.261014392634962,4.494204172992305,592500
2017-08-01,4.19035005569458,4.296345490125007,4.169151170978613,4.268080085870253,681700
2017-08-02,4.105552673339844,4.268078869979291,4.084353794663016,4.25394617187804,1068100
2017-08-03,3.9076952934265137,4.14795118534152,3.8794295574275544,4.133818485817108,1275700
2017-08-04,3.9359614849090576,3.992492294388149,3.8864968581397514,3.921828782539285,995800
2017-08-08,3.964226245880127,4.077287846477729,3.9359608457307265,3.9430270272930024,589900
2017-08-09,3.9854252338409424,4.041956035647882,3.957159832937473,3.9924917525418886,583300
2017-08-10,3.8935625553131104,4.041955730373649,3.8864960371458728,4.006624150387857,559500
2017-08-11,4.147951602935791,4.183283523778924,3.907695686833064,3.907695686833064,973700
2017-08-14,4.0631537437438965,4.176215305311021,4.034888353352115,4.133817219723349,570000
2017-08-15,4.140884876251221,4.204481853673167,4.027822946595301,4.0348894646144755,622200
2017-08-16,4.0631537437438965,4.2115472117757635,4.056087227670935,4.14794991491924,533700
2017-08-17,4.049022674560547,4.155018099570542,4.013690753907159,4.056088856521123,486100
2017-08-18,4.091421127319336,4.155018455158042,4.027823799480631,4.063155723157733,367500
2017-08-21,4.027822494506836,4.077287104238706,4.0066236167289535,4.063154406736755,333400
2017-08-22,4.084353923797607,4.112619320893775,4.034889310404258,4.041955491203243,264300
2017-08-23,4.147951602935791,4.169150822831705,4.013690775462124,4.07022191620117,549900
2017-08-24,4.176216125488281,4.190348823459727,4.105552635631054,4.119685333602499,380900
2017-08-25,4.162084102630615,4.197416021765317,4.140885220709917,4.190349503158315,291300
2017-08-28,4.013690948486328,4.176217184860697,3.98542554537341,4.140885599444641,572700
2017-08-29,4.006623268127441,4.020755964399759,3.9218270904935415,3.985424055243938,369800
2017-08-30,3.9712917804718018,4.020756391149954,3.94302638492717,3.9924909956053223,295000
2017-08-31,4.176216125488281,4.282211528749172,4.056088024255946,4.056088024255946,1164700
2017-09-01,4.176216125488281,4.204481521431172,4.155017247006162,4.183282642949053,518700
2017-09-05,4.155017852783203,4.2822121530703905,4.140885152751294,4.211548652910842,566200
2017-09-06,4.162084102630615,4.225681422293017,4.105553301575215,4.190349503158315,571800
2017-09-07,4.133819103240967,4.183283727439473,4.126752920898429,4.162084506511489,1454500
2017-09-08,4.041957378387451,4.140886651364089,3.9430284423610824,4.140886651364089,1473800
2017-09-11,4.027822494506836,4.091419801740656,4.0066236167289535,4.041955192008786,449700
2017-09-12,4.133819103240967,4.155018324168951,4.027823672501417,4.027823672501417,527800
2017-09-13,4.374075889587402,4.388208592907951,4.14795229950841,4.1550188196437965,1281900
2017-09-14,4.455666542053223,4.583376603503715,4.406001348997584,4.43438136265325,3873500
2017-09-15,4.278292179107666,4.512427509716985,4.242816985487124,4.505332335666268,1456700
2017-09-18,4.235721588134766,4.335051989709107,4.221531579097931,4.306671971635438,911000
2017-09-19,4.207342624664307,4.313767888275135,4.186057774932093,4.2782930259492495,1520100
2017-09-20,4.278292179107666,4.306672198677491,4.214436965917299,4.228626975702212,1836200
2017-09-21,4.342146396636963,4.3563364042736925,4.235721170203254,4.2499111778399845,1219700
2017-09-22,4.271197319030762,4.391812580227153,4.249912133630469,4.349242547743112,1545300
2017-09-25,4.420192241668701,4.427287077346257,4.285386980629974,4.320862173967303,851300
2017-09-26,4.484047889709473,4.554997944956218,4.36343262663173,4.391812648730428,990600
2017-09-27,4.434381484985352,4.569186722726881,4.41309630499818,4.512426693849703,809500
2017-09-28,4.342146396636963,4.4982368189574595,4.313766381363503,4.45566679604727,586700
2017-09-29,4.292482852935791,4.342147725707836,4.292482852935791,4.327957713727741,541400
2017-10-02,4.207342624664307,4.257007837900449,4.164772586883292,4.1789625994769635,517300
2017-10-03,4.044155120849609,4.200245513176753,4.008680277732643,4.193150341563517,4116600
2017-10-04,3.9235408306121826,4.051250893757776,3.795830429150135,4.051250893757776,4526800
2017-10-05,3.9022557735443115,3.9803009837438075,3.8880657660822635,3.9590158033925036,3131700
2017-10-06,3.760355234146118,3.859685274103319,3.7390700564256494,3.8313052626869757,2800800
2017-10-10,3.675215244293213,3.8384004960884273,3.661025237107388,3.8384004960884273,2268300
2017-10-11,3.717785596847534,3.7674507955778744,3.5191254785591477,3.6823107448828516,4316900
2017-10-12,3.767451763153076,3.8171169746386764,3.5971716180308593,3.7177865516674755,7146200
2017-10-13,3.8171167373657227,3.880971618659031,3.7674515289673245,3.8454967597886496,2612000
2017-10-16,3.7461671829223633,3.8880673140375066,3.731977169810849,3.859687287814478,1470700
2017-10-17,3.7106919288635254,3.7603571432145086,3.6610267145125417,3.7390719546879176,1787200
2017-10-18,3.6823103427886963,3.7461655429954646,3.6610251632809567,3.7248803634877246,1888300
2017-10-19,3.632646322250366,3.668121520110646,3.6042662992887666,3.632646322250366,1908100
2017-10-20,3.668121099472046,3.71778596480129,3.6042658859727075,3.6326459056798535,2024300
2017-10-23,3.5546014308929443,3.689406370901954,3.5475062559890174,3.689406370901954,1294600
2017-10-24,3.590075731277466,3.6042657405585428,3.540410529635444,3.5829808957951816,1118600
2017-10-25,3.5616960525512695,3.611361258932052,3.554601216392038,3.582981237662045,1158300
2017-10-26,3.568790912628174,3.5900757575472833,3.4907456918529145,3.5475057293925536,1318200
2017-10-27,3.675215244293213,3.6894052514790374,3.526219999683823,3.5546003523719305,1383400
2017-10-30,3.6894068717956543,3.7461672637834846,3.6468368315422355,3.70359688521346,940400
2017-10-31,3.724881172180176,3.7461663563090473,3.6539311222781437,3.696501152219363,1203600
2017-11-01,3.8667807579040527,3.888065939203105,3.75326069315305,3.7674507012469256,2203800
2017-11-02,3.8313074111938477,3.9093526555129356,3.753262166874759,3.8525922625339364,1654600
2017-11-03,3.8667807579040527,3.87387593110923,3.788735882545978,3.8525907498101772,1138100
2017-11-06,4.108010768890381,4.115105941292559,3.873875492681568,3.873875492681568,1874500
2017-11-07,4.058347702026367,4.178962989487545,4.001587646354429,4.178962989487545,1409400
2017-11-08,3.966111421585083,4.079631494027167,3.937731403474562,4.022871457806125,1629600
2017-11-09,4.015777111053467,4.044157135008033,3.8384017921791393,3.866781816133706,2139900
2017-11-10,3.973206043243408,4.100916456187959,3.9661112082556462,4.022871241423676,1059100
2017-11-13,3.8596858978271484,3.966111126994925,3.8454958898258766,3.9590159538360505,789500
2017-11-14,3.661025047302246,3.8313054630204464,3.6539302132353924,3.8313054630204464,1192700
2017-11-15,3.568790912628174,3.675215813856742,3.5475057293925536,3.611360940782903,1158400
2017-11-16,3.6113617420196533,3.6681217921523923,3.568791704420099,3.6042665665947684,1792600
2017-11-17,3.597170829772949,3.6681208746930616,3.568790811804904,3.653930865709039,1370100
2017-11-20,3.547506332397461,3.5971715428449897,3.5191263088036067,3.5900763677882424,1351700
2017-11-21,3.476555824279785,3.611361088093509,3.469460650139657,3.5829810681660437,1203400
2017-11-22,3.4623661041259766,3.5262209851493482,3.4127008959375305,3.4836509516949166,1171600
2017-11-23,3.448176622390747,3.476556649051033,3.4197965957304617,3.46236663572089,407100
2017-11-24,3.469460964202881,3.4836509754511247,3.4339861052405487,3.47655613898528,458900
2017-11-27,3.384320020675659,3.49074524664739,3.384320020675659,3.476555239072257,785600
2017-11-28,3.341749906539917,3.43398512241351,3.327559899352938,3.3914151008525724,1599900
2017-11-29,3.4410812854766846,3.4552712981425366,3.3346560213245007,3.3488460339903527,1706900
2017-11-30,3.5404109954833984,3.5829813672445536,3.448176092178368,3.462366103326569,2277900
2017-12-01,3.533315896987915,3.6042659474662817,3.519125886892242,3.5829811014810353,991400
2017-12-04,3.4268908500671387,3.5262209264746733,3.419796013767731,3.5191260901752655,783600
2017-12-05,3.235325574874878,3.441080904933925,3.2211355637782733,3.441080904933925,2035200
2017-12-06,3.001189947128296,3.199850422561271,2.9869999373342635,3.199850422561271,3211100
2017-12-07,2.8947651386260986,3.0153804091216143,2.859290277979316,3.0153804091216143,2983700
2017-12-08,2.958620309829712,3.0082851815322744,2.9302402864806574,2.951525134834166,2120900
2017-12-11,3.114710569381714,3.1289005816536535,2.9728104466623155,3.015380483478135,2059100
2017-12-12,2.965714693069458,3.171470000049684,2.944429847970269,3.150185154950495,2462000
2017-12-13,2.9018592834472656,3.0508545248864354,2.894764110847091,3.0011893316345617,1062600
2017-12-14,2.8625974655151367,2.9197065841613004,2.8269040961626857,2.89829049447039,1446300
2017-12-15,2.7769336700439453,2.884013269537505,2.7769336700439453,2.884013269537505,1896400
2017-12-18,2.962538242340088,2.9982312691169706,2.819765284239616,2.819765284239616,1922300
2017-12-19,2.933983564376831,3.019647233603136,2.9268447550760577,3.0125084243023625,1774100
2017-12-20,3.0767569541931152,3.0838957649040664,2.912568052210781,2.9625387059957453,4781700
2017-12-21,3.112449884414673,3.141004442404031,2.9910928427613097,3.0125085910547376,2096200
2017-12-22,3.069617986679077,3.1766974068213445,3.0624791771244326,3.1766974068213445,1199800
2017-12-27,3.05534029006958,3.148142418806625,3.0339242047320294,3.091033311769327,1005400
2017-12-28,3.1410040855407715,3.1481425540284875,3.083894976050472,3.1053107219107625,700800
2017-12-29,3.1410040855407715,3.212390472403646,3.1124495307956215,3.183835917658496,710200
2018-01-02,3.2409451007843018,3.248083909831357,3.1695587122995015,3.1838359899964614,921100
2018-01-03,3.1195878982543945,3.26236100775353,3.0981721530876603,3.255222199099864,2439100
2018-01-04,2.9125678539276123,3.141004675167953,2.876874823994476,3.141004675167953,2872500
2018-01-05,2.8554587364196777,2.9054293868500167,2.7912109761217323,2.9054293868500167,2021800
2018-01-08,2.791210651397705,2.869735682626411,2.769794733789876,2.848319765018582,1977100
2018-01-09,2.7769336700439453,2.8269041498076066,2.7341016600479198,2.8197655098413694,2462000
2018-01-10,2.634160280227661,2.8269036987615315,2.6198830025731947,2.7840718657981327,3761700
2018-01-11,2.6198830604553223,2.726962645229572,2.577051056347044,2.6127444214703726,4060700
2018-01-12,2.555635452270508,2.669853860211682,2.541358172552686,2.6412993007760384,2899600
2018-01-15,2.6127443313598633,2.61988297009861,2.548496412512571,2.5913284151436233,1342400
2018-01-16,2.484248399734497,2.627021329528151,2.434277933876212,2.627021329528151,3248900
2018-01-17,2.4271397590637207,2.498526152483824,2.4200011197217104,2.498526152483824,2110100
2018-01-18,2.3200602531433105,2.398585294516159,2.305782972893702,2.3914466543913546,3531200
2018-01-19,2.3914449214935303,2.4199996314999326,2.255810857405913,2.3271972069257116,3542600
2018-01-22,2.384307861328125,2.427139869528152,2.341476023326693,2.384307861328125,1228200
2018-01-23,2.6056067943573,2.6413000031432947,2.405724484758439,2.4485565055002776,3205900
2018-01-24,2.676992416381836,2.7126856145605416,2.5913287407529424,2.619883299295907,4547500
2018-01-25,2.691270351409912,2.805488783610898,2.6769930686596184,2.7198249169104995,5613100
2018-01-26,2.7198238372802734,2.7412397529046966,2.6484374518655294,2.6984079216558503,2158900
2018-01-29,2.5627739429473877,2.6841309836831395,2.5413580246173004,2.6698537047964144,1621400
2018-01-30,2.4913876056671143,2.5413580829169926,2.3914464809687637,2.5342194433098673,3436400
2018-01-31,2.4342780113220215,2.505664393390707,2.3985846500891186,2.477109840563233,1676500
2018-02-01,2.4271397590637207,2.4628329557737723,2.355753195445031,2.4200011197217104,1404100
2018-02-02,2.398585081100464,2.420001169767972,2.348614604672989,2.3914464416108245,1306800
2018-02-05,2.412862539291382,2.491387573970737,2.2843668577992995,2.34147597392974,2015800
2018-02-06,2.3557534217834473,2.4628331924003057,2.34147614172768,2.362892061811331,1542600
2018-02-07,2.3200602531433105,2.3700307340169413,2.2343965716456577,2.362892093892137,2609300
2018-02-08,2.2843666076660156,2.398584827420244,2.270089330196737,2.3343370788084905,1765500
2018-02-09,2.220118761062622,2.298643959896173,2.0987618986267553,2.284366681962542,2611100
2018-02-12,2.3557534217834473,2.4057239019786327,2.212980451027171,2.2343965413094256,2533900
2018-02-13,2.22725772857666,2.3771693391921285,2.2201190885568094,2.3771693391921285,1819000
2018-02-14,2.3057823181152344,2.3271982324081195,2.141593471671223,2.2058412145498787,4595600
2018-02-15,2.205841541290283,2.305782659659423,2.091623314809647,2.305782659659423,6183100
2018-02-16,2.1915647983551025,2.26295137754303,2.1701488756583114,2.205842080152963,1063800
2018-02-20,2.2700891494750977,2.3414755311384257,2.2129798739458764,2.227257150278542,1807000
2018-02-21,2.3914449214935303,2.441415536355872,2.2772267622618525,2.2843653972138322,2692900
2018-02-22,2.4556946754455566,2.505665158145135,2.3985853821617122,2.4200014735172863,1255000
2018-02-23,2.484248399734497,2.5199415896332718,2.455693847815477,2.469971123774987,1083600
2018-02-26,2.398585081100464,2.498526204154004,2.398585081100464,2.498526204154004,1297800
2018-02-27,2.2843666076660156,2.4414168300266526,2.2772279689313764,2.3557529950124083,2312100
2018-02-28,2.198702812194824,2.3057825653387853,2.177286895605747,2.29864392647576,1778900
2018-03-01,2.120177745819092,2.198702771872285,2.1059004683548745,2.198702771872285,1655800
2018-03-02,2.170149087905884,2.2129809374885587,2.0844853887405344,2.105901313531872,1242700
2018-03-05,2.241534471511841,2.2700890225810215,2.177286561407634,2.177286561407634,1112800
2018-03-06,2.1844255924224854,2.255812153145233,2.163009675265235,2.255812153145233,841800
2018-03-07,2.091623306274414,2.177286975785326,2.0702073888966863,2.177286975785326,1750000
2018-03-08,2.105900764465332,2.1273166836729476,2.070207565785973,2.0987621247294603,1702500
2018-03-09,2.1487326622009277,2.2343965115949196,2.113039462536182,2.1344553823350294,2257800
2018-03-12,2.170149087905884,2.1915650126972213,2.1201785967260967,2.170149087905884,848900
2018-03-13,2.220118761062622,2.2415348481616477,2.170148288294912,2.170148288294912,1166600
2018-03-14,2.209324598312378,2.245307050093779,2.1949316175998175,2.238110559737499,760900
2018-03-15,2.2668960094451904,2.3172714267548264,2.2237169087448327,2.2237169087448327,1480800
2018-03-16,2.4468088150024414,2.504380730600386,2.2525034282815355,2.266896407181022,3916100
2018-03-19,2.367647409439087,2.518773869033557,2.360450919533534,2.4612019497891313,1643900
2018-03-20,2.561952590942383,2.5907385481205023,2.3964331655903566,2.4036296548848863,5245800
2018-03-21,2.727471351623535,2.7490608142458828,2.59073791677087,2.5979344043116526,6492400
2018-03-22,2.6698994636535645,2.7850432648389702,2.6483100009313008,2.7706502896907943,5253600
2018-03-23,2.662703275680542,2.770650601437837,2.641113810529083,2.720275182751099,2837500
2018-03-26,2.8066341876983643,2.82102716945453,2.7346691073396583,2.76345507085199,4007400
2018-03-27,2.7130794525146484,2.9073848647526197,2.7058829621198295,2.871402412778526,3223800
2018-03-28,2.6483101844787598,2.7130785771344788,2.597934596390947,2.6698996486973328,2176000
2018-03-29,2.6842923164367676,2.7058817781748634,2.605130785152626,2.641113392960576,1616000
2018-04-02,2.662703275680542,2.7130786943672796,2.626720833761443,2.662703275680542,1537000
2018-04-03,2.8426156044006348,2.849812092651662,2.6555067382961224,2.6698997147981762,2624200
2018-04-04,2.792240619659424,2.8354195558617015,2.741865022512259,2.7850439587145366,2324800
2018-04-05,2.979349136352539,3.015331752267412,2.792240425799908,2.806633403534726,3288300
2018-04-06,2.986546039581299,3.0872968919153028,2.9217774629315967,2.9721530606764412,4184400
2018-04-09,2.943366289138794,3.065706747585481,2.9289733142130423,3.0369204545783868,3090800
2018-04-10,3.0801002979278564,3.1232792307716926,2.979349111469918,2.9865457718550514,3506400
2018-04-11,3.0513131618499756,3.2024395568917075,3.015330899269672,3.1160817149123066,4918500
2018-04-12,3.108886480331421,3.116082798086753,2.993742307844989,3.065707544332389,2679800
2018-04-13,3.0801002979278564,3.1664581636155282,3.051313999542978,3.1304755480011712,3244900
2018-04-16,2.9649558067321777,3.116082226589676,2.9577594902966675,3.0872962745364014,2080500
2018-04-17,3.022528886795044,3.058511512438979,2.892992052157228,2.950563978662924,1475700
2018-04-18,3.1160829067230225,3.1520655262211874,3.0153320525461287,3.080100630380549,2382900
2018-04-19,3.008134603500366,3.1592610167608624,2.9937416281020144,3.1304750659641583,1974800
2018-04-20,2.9361705780029297,3.0009391576563096,2.914581280222271,3.0009391576563096,1846700
2018-04-23,3.1376724243164062,3.1520654029215223,2.900188105754152,2.900188105754152,2054500
2018-04-24,3.202439546585083,3.3103870202896997,3.1088853896529374,3.152064310503672,3633100
2018-04-25,3.26720929145813,3.274405952470018,3.166458439381483,3.166458439381483,3283500
2018-04-26,3.3031914234161377,3.3391736937058334,3.238422856476799,3.3031914234161377,2165100
2018-04-27,3.281602382659912,3.36076394072207,3.2672094032991286,3.2959953620206957,2598700
2018-04-30,3.3463709354400635,3.3751568939386525,3.224030440243213,3.2744060391935905,2078600
2018-05-01,3.3031914234161377,3.403942260645172,3.274405469922128,3.3463703536571523,2739600
2018-05-02,3.3391733169555664,3.3679592672017318,3.281601416463235,3.3031910507256566,1187700
2018-05-03,3.1736552715301514,3.331978407891197,3.1592622903296688,3.331978407891197,2632200
2018-05-04,3.152064800262451,3.238422655381956,3.1376718244092,3.1736540924645213,1314900
2018-05-07,3.0801002979278564,3.2600126896883337,3.0657073203132446,3.2096370964593643,1720900
2018-05-08,3.0441179275512695,3.123279482386812,2.957760054906504,3.058510906325397,1444700
2018-05-09,3.1664578914642334,3.2384227733520428,3.1160823025649544,3.144868255320078,1718400
2018-05-10,3.1736552715301514,3.231227196332081,3.1088870277058507,3.195244914908745,1765500
2018-05-11,3.087296485900879,3.202440301997026,3.058510531876842,3.180851008056818,1779300
2018-05-14,3.1664578914642334,3.1736542080752015,3.080100033198862,3.094493009576424,626300
2018-05-15,3.245619297027588,3.267208589110864,3.173654075001705,3.2024400265498136,2204500
2018-05-16,3.2528159618377686,3.3031915540219163,3.224030007205583,3.2312263242858057,1331300
2018-05-17,3.4327285289764404,3.454318167654887,3.28160208769431,3.28160208769431,1593500
2018-05-18,3.475907564163208,3.5190864996189135,3.3967460109165772,3.4039426717370325,1660300
2018-05-22,3.3895492553710938,3.5406756815205536,3.317584372241739,3.504693068378061,1910500
2018-05-23,3.310386896133423,3.3535658153647296,3.267207976902116,3.3247798692105253,1732700
2018-05-24,3.224030017852783,3.288798587566919,3.202440380229522,3.238422995216408,1089700
2018-05-25,3.0944933891296387,3.1592616191949627,3.0225281552593524,3.13767232355841,1635200
2018-05-28,2.979349136352539,3.051314025026628,2.9649561586177215,3.02972473000223,1464700
2018-05-29,2.986546039581299,3.036921294170458,2.9577600817715837,3.000939018486157,1618300
2018-05-30,3.1376724243164062,3.1592617206462417,3.0081352737146836,3.0225282523197996,1259100
2018-05-31,3.2887985706329346,3.346370479790997,3.123279160225683,3.152065114804714,2326400
2018-06-01,3.1880478858947754,3.295995404055176,3.166458588156116,3.2456201472278363,1977700
2018-06-04,3.0585110187530518,3.2168337910882334,3.029725060146655,3.180851514408085,1084800
2018-06-05,3.1376724243164062,3.144868742041125,2.9865459773848486,3.0441178918053127,2410000
2018-06-06,3.159262180328369,3.1808518229552405,3.0513146535054707,3.1448691996290314,857500
2018-06-07,3.4327285289764404,3.439925189587811,3.1808512412247785,3.1808512412247785,2645200
2018-06-08,3.2887985706329346,3.411138706015993,3.2744055933434195,3.411138706015993,1185100
2018-06-11,3.310386896133423,3.3247798692105253,3.260011661941338,3.2744046350184406,710300
2018-06-12,3.3967456817626953,3.4471212731573244,3.288798525161642,3.3031915022521585,1870900
2018-06-13,3.36076283454895,3.411138074153164,3.33197688530209,3.3967450995297335,1613800
2018-06-14,3.371615409851074,3.415026727080629,3.342674531698038,3.3788508018905743,1741200
2018-06-15,3.313734531402588,3.364381254088713,3.197970988122957,3.364381254088713,2754300
2018-06-18,3.2775585651397705,3.328204942336736,3.2558527284820924,3.306499450681628,821900
2018-06-19,3.2052066326141357,3.270323810309191,3.2052066326141357,3.2052066326141357,684200
2018-06-20,3.263087749481201,3.277558190598528,3.1979705919519663,3.2341465222440178,1043100
2018-06-21,3.2196760177612305,3.2775581260939073,3.1979705290136846,3.2196760177612305,743200
2018-06-22,3.320970058441162,3.3860868816441156,3.2630882844818316,3.2630882844818316,869900
2018-06-25,3.248616933822632,3.3426749727312783,3.2341464928368806,3.328204531745527,607400
2018-06-26,3.3788514137268066,3.393321855423606,3.2413820451059414,3.263087880152412,1485300
2018-06-27,3.4656741619110107,3.523555930335007,3.407792393487015,3.4294978841447366,1625800
2018-06-28,3.4294981956481934,3.56696758064289,3.39332225959859,3.4656744767003818,2519000
2018-06-29,3.4873809814453125,3.552497816792056,3.415028405500363,3.4294988516888227,1705200
2018-07-03,3.422262668609619,3.5886729172101837,3.422262668609619,3.4801444342093744,968000
2018-07-04,3.4656741619110107,3.48014460401701,3.422262835593014,3.422262835593014,160000
2018-07-05,3.400557279586792,3.465674446920151,3.386086836290777,3.465674446920151,971400
2018-07-06,3.400557279586792,3.422263117032106,3.335440457256015,3.37885178714406,1049200
2018-07-09,3.400557279586792,3.4439689544774192,3.386086836290777,3.400557279586792,1360200
2018-07-10,3.5742027759552,3.5886732185702996,3.4150275621865416,3.429498004801641,2518300
2018-07-11,3.436732292175293,3.566966233783157,3.3933209783060048,3.5452607493497403,1363800
2018-07-12,3.610379219055176,3.6248500087132225,3.3788521045682605,3.4584397226744445,2711900
2018-07-13,3.711671829223633,3.7623182014531236,3.617613787936671,3.617613787936671,2130300
2018-07-16,3.639319896697998,3.697201666466127,3.566967339485275,3.6754958303017977,862300
2018-07-17,3.704437255859375,3.7695544288538434,3.5814383046487617,3.617614588535158,1369500
2018-07-18,3.6754963397979736,3.7044372286938154,3.6248499567315555,3.6899667842458945,935200
2018-07-19,3.5742027759552,3.668260825454629,3.5235560543010696,3.5597323333401008,1323800
2018-07-20,3.566967248916626,3.6465548528282796,3.5669672489166255,3.588673084529823,1120900
2018-07-23,3.624849796295166,3.661025733312511,3.5886735142752273,3.610379007485115,970100
2018-07-24,3.624849796295166,3.6899666209274247,3.610379007485115,3.6465552895050544,1266800
2018-07-25,3.7261433601379395,3.74784885601105,3.595909004888731,3.639320686640225,1566400
2018-07-26,3.798495292663574,3.863612465224356,3.6827317370022814,3.7044372311874687,2526200
2018-07-27,3.8274359703063965,3.907023582931645,3.805730477319341,3.812965526647496,1980800
2018-07-30,3.8563766479492188,3.943199305181989,3.8419062050770902,3.8853175336934753,2228400
2018-07-31,3.7261433601379395,3.8563773703845117,3.697202468972035,3.8346718745114012,1080500
2018-08-01,3.7623190879821777,3.7695544828641707,3.675496419413962,3.6899668641753314,729900
2018-08-02,3.7912590503692627,3.8419057671499326,3.704436403033142,3.7333772854785154,759900
2018-08-03,3.8057305812835693,3.8129656308093702,3.7333780160099623,3.7767893481725667,803200
2018-08-07,3.718907594680786,3.8636123811096437,3.7044371505381606,3.8636123811096437,498700
2018-08-08,3.624849796295166,3.726142902947364,3.624849796295166,3.711672459139907,1053600
2018-08-09,3.566967248916626,3.6972015725907053,3.5524968068420115,3.6248493622176348,737200
2018-08-10,3.632085084915161,3.6972022588387823,3.523556576709998,3.56696791099154,787600
2018-08-13,3.566967248916626,3.6610252949028936,3.5524968068420115,3.6176139686790516,603500
2018-08-14,3.566967248916626,3.6972015725907053,3.530791316231367,3.610378575140468,964000
2018-08-15,3.530791759490967,3.6031439789472173,3.4005574194671206,3.6031439789472173,2913700
2018-08-16,3.545262098312378,3.624849709856838,3.5018507679251965,3.574202985237166,1260200
2018-08-17,3.4946155548095703,3.57420317047885,3.458439616779973,3.57420317047885,915200
2018-08-20,3.4801456928253174,3.5163219819098086,3.4439697487434877,3.472910642010016,440800
2018-08-21,3.458439588546753,3.5307918090178982,3.458439588546753,3.5235564144694833,652000
2018-08-22,3.55973219871521,3.5742026407830543,3.4946150369086344,3.4946150369086344,733800
2018-08-23,3.566967248916626,3.6031435266044376,3.5018504320821386,3.545261758305981,649000
2018-08-24,3.6754963397979736,3.7044372286938154,3.5886736731104487,3.6031441175583696,1034100
2018-08-27,3.704437255859375,3.726143095191735,3.6610259221972665,3.6827317615296264,428200
2018-08-28,3.6610257625579834,3.7044370943271376,3.6320848747118806,3.7044370943271376,210900
2018-08-29,3.5886738300323486,3.689966945597037,3.5814384349907016,3.6827318955580144,1579200
2018-08-30,3.5018503665924072,3.6248492944276434,3.378851438757171,3.6031434592203766,1300200
2018-08-31,3.436732292175293,3.4946140440010103,3.429496900695851,3.487378997524023,651200
2018-09-04,3.2920286655426025,3.4656739607347893,3.277558224276587,3.4656739607347893,777600
2018-09-05,3.1473236083984375,3.255852080067867,3.111147681176962,3.255852080067867,1427300
2018-09-06,3.103912353515625,3.2124408274502465,3.067736080536582,3.154559066685784,852700
2018-09-07,3.263087749481201,3.299263679773253,3.0098545124241896,3.0532658357761693,1321800
2018-09-10,3.2124412059783936,3.2920288089087446,3.17626492873663,3.2847934154593723,649700
2018-09-11,3.248616933822632,3.270322767802522,3.1039125239651195,3.183500121888015,691700
2018-09-12,3.2196760177612305,3.299263614841453,3.2052055769286922,3.284793174008915,740200
2018-09-13,3.1762657165527344,3.2413828937380447,3.1328543800967386,3.205206607523398,648800
2018-09-14,3.179903507232666,3.223563469126238,3.1435203791439563,3.187180341037528,899900
2018-09-17,3.179903507232666,3.223563469126238,3.150796865970285,3.187180341037528,955500
2018-09-18,3.3108835220336914,3.325436841707264,3.194456617666597,3.2090099373401704,614500
2018-09-19,3.4127564430236816,3.434586247018844,3.31088321476314,3.318159700435368,1096600
2018-09-20,3.2890536785125732,3.478247199049408,3.2672235234588833,3.3982037598239363,1473200
2018-09-21,3.3181607723236084,3.3618207413961914,3.281777638252418,3.3036074492994145,2209600
2018-09-24,3.4127564430236816,3.4418630796695506,3.3545431697319437,3.3545431697319437,478800
2018-09-25,3.4345862865448,3.5146297117313354,3.405479649563965,3.4491396050352168,704000
2018-09-26,3.529184341430664,3.5582909892255823,3.4127577502509903,3.4418643980459085,1303800
2018-09-27,3.8129732608795166,3.8202500942754423,3.5510135042394446,3.5510135042394446,1972800
2018-09-28,3.7838668823242188,3.907570282761873,3.7402069198718477,3.7838668823242188,2096400
2018-10-01,3.696547269821167,3.9585074136526432,3.6819939477737833,3.9148474475104917,1776400
2018-10-02,3.5655672550201416,3.725653792316388,3.5364606118753694,3.718377305019473,1643100
2018-10-03,3.703824043273926,3.7547604961107615,3.558290478220746,3.5946739562286814,1154600
2018-10-04,3.6674396991729736,3.7765897604416234,3.62377974406121,3.6747165318475075,1584800
2018-10-05,3.572843313217163,3.7111000250394226,3.5510135069696305,3.667440065565843,1082800
2018-10-09,3.718376636505127,3.718376636505127,3.59467325189078,3.6383332087584623,1550700
2018-10-10,3.587397336959839,3.732930910740178,3.5582906915994874,3.725654075910799,1011200
2018-10-11,3.4928009510040283,3.6019506988028027,3.478247628165619,3.5364609195192553,1156100
2018-10-12,3.500077962875366,3.587397912977112,3.470971312841451,3.5582912629431966,781600
2018-10-15,3.500077962875366,3.5582912629431966,3.463694823822291,3.5582912629431966,441000
2018-10-16,3.6237807273864746,3.652887372025838,3.47097066954053,3.5000773141798933,1209700
2018-10-17,3.507354259490967,3.6456109993794237,3.500077424612245,3.609227518942983,1070800
2018-10-18,3.2744998931884766,3.492800024859106,3.2162866172705735,3.492800024859106,1557500
2018-10-19,3.3108835220336914,3.369096800727983,3.3036066887076494,3.3108835220336914,870800
2018-10-22,3.2817764282226562,3.3327128665371744,3.252669445927766,3.3036062312207464,364400
2018-10-23,3.2890536785125732,3.3181603205984644,3.136243634072374,3.2381168813729926,920700
2018-10-24,3.0707528591156006,3.3690963971539243,3.0416462232550523,3.3181596109087304,868100
2018-10-25,3.296330213546753,3.354543492438601,3.0998602237975104,3.0998602237975104,1563300
2018-10-26,3.2308402061462402,3.361820087903248,3.150796771583251,3.23811669275459,790100
2018-10-29,3.012539863586426,3.2817767904480455,2.954326586528292,3.2090098471468775,732500
2018-10-30,2.9761569499969482,3.0925835123707177,2.9179436688100635,2.9834334366560458,916300
2018-10-31,3.0198166370391846,3.136243188854972,2.954326528153557,3.0125398040614506,1211700
2018-11-01,2.983433961868286,3.0780307339393227,2.9324975053520257,3.0270939304444755,1287200
2018-11-02,2.983433961868286,3.0343707653631338,2.947050828210755,2.9907107967869444,879600
2018-11-05,3.2308402061462402,3.2672233331450364,3.0853066572154857,3.092583490802359,1542800
2018-11-06,3.3108835220336914,3.35454348105441,3.238116576687316,3.267223216034462,1267500
2018-11-07,3.216287612915039,3.376374171246188,3.2090107776834134,3.361820847761538,385800
2018-11-08,3.1144134998321533,3.223563222733983,3.0853065138160236,3.223563222733983,447000
2018-11-09,3.1071362495422363,3.165349519804069,2.9616030738876544,3.0343696617149454,3615300
2018-11-12,2.9397737979888916,3.187180617129467,2.9033904932591836,3.143520651453818,1432500
2018-11-13,2.837900161743164,3.034370154257309,2.801516688434482,2.947050234690693,1282600
2018-11-14,2.925220251083374,2.9979868549454407,2.8015168510285924,2.9179437641864356,1035700
2018-11-15,2.8961141109466553,2.9470509159581275,2.830624156132432,2.925220757530755,2008500
2018-11-16,2.867006540298462,2.9688797705080767,2.837899903095715,2.917943328892512,660100
2018-11-19,3.005263328552246,3.0561997716602027,2.823346667215841,2.888836602840818,1013200
2018-11-20,2.867006540298462,2.954326451906703,2.8233465844943413,2.925219814703956,760200
2018-11-21,2.9470505714416504,2.9834337019292105,2.9179439282601796,2.9397737371570045,622900
2018-11-22,3.005263328552246,3.0270931336046574,2.917943414385611,2.976156690496701,286000
2018-11-23,2.8597304821014404,2.939773751233763,2.7724103786496275,2.9106671079129183,978900
2018-11-26,2.7287497520446777,2.947049870999641,2.7141964339129117,2.8961130840492233,1483100
2018-11-27,2.583216905593872,2.7214736285426855,2.5104503006151657,2.7214736285426855,1405400
2018-11-28,2.5759406089782715,2.6632607207769956,2.546833962875129,2.5613872859267004,952100
2018-11-29,2.6268763542175293,2.6850898002911037,2.554109763487108,2.5832163997792765,723400
2018-11-30,2.5686633586883545,2.634153297409456,2.5395567192567534,2.6050466579778555,1092800
2018-12-03,2.5759406089782715,2.9033907246172186,2.546833962875129,2.9033907246172186,1220000
2018-12-04,2.5759406089782715,2.7069206899317093,2.5541106244009146,2.6196005781329856,1079600
2018-12-05,2.517726182937622,2.612322740172164,2.488619549942378,2.590492765425731,761900
2018-12-06,2.4376823902130127,2.474065849297032,2.364915819023355,2.452235704450944,947500
2018-12-07,2.4013001918792725,2.5686635548834866,2.386746871051886,2.517726931987634,1271600
2018-12-10,2.3721938133239746,2.401300458206959,2.2994272011165138,2.386747135765467,827200
2018-12-11,2.364917039871216,2.415853665999136,2.2921504311170446,2.3940236833728847,653700
2018-12-12,2.3940234184265137,2.474066852686982,2.3503634580058548,2.408576738566733,698900
2018-12-13,2.2339372634887695,2.415853982712367,2.2048306161712823,2.415853982712367,1607800
2018-12-14,2.193586587905884,2.2742870206094414,2.1495681700675795,2.230268602771137,1488600
2018-12-17,2.098212957382202,2.2009227632981094,2.0688673485244076,2.1935863610836606,1321600
2018-12-18,1.995503306388855,2.0982129363621853,1.995503306388855,2.083540132080281,3709900
2018-12-19,2.0248489379882812,2.0762037535591826,1.988166926866209,2.0175125357638666,6600700
2018-12-20,2.054194688796997,2.0835402997219536,1.980830661484605,1.980830661484605,5961700
2018-12-21,2.0321855545043945,2.0835403754906046,2.0175127485083344,2.0615311664965144,2550600
2018-12-24,1.922139286994934,2.039521906968637,1.8927936757299182,2.032185504152383,1216200
2018-12-27,1.9368126392364502,2.0248494899267246,1.8854576347534497,1.973494660357398,2345200
2018-12-28,2.1862499713897705,2.2376047871850178,1.9588213265257621,1.9588213265257621,4270600
2018-12-31,2.230269193649292,2.266951218232927,2.149568739565295,2.200923573982384,579700
2019-01-02,2.281623363494873,2.3623239689867863,2.1422317106778546,2.2009229329165994,856900
2019-01-03,2.2669503688812256,2.3256417611389986,2.2229319558731144,2.3036325546349428,599200
2019-01-04,2.354987382888794,2.4063421983501074,2.318305371844999,2.340314578471276,552600
2019-01-07,2.354987382888794,2.4210150027676254,2.3036325674274805,2.3843329917238303,800700
2019-01-08,2.3696603775024414,2.4063423914904467,2.2962963495264317,2.3916695858952446,1074300
2019-01-09,2.472369909286499,2.48704288915805,2.3329782621862725,2.4283514944127433,1148100
2019-01-10,2.5604069232940674,2.5970889358227667,2.4210151007713776,2.4723699183115566,1528400
2019-01-11,2.5383973121643066,2.5677429175212296,2.501715305468153,2.553070114842768,756400
2019-01-14,2.428351402282715,2.531061208005036,2.421015000082094,2.5163884036037936,902000
2019-01-15,2.5017154216766357,2.5310610283967065,2.4430240333228808,2.457696836682916,456200
2019-01-16,2.575079917907715,2.5970891270454644,2.5017158874485506,2.5163886935403834,807700
2019-01-17,2.5237247943878174,2.5677432073924176,2.4356877934649925,2.560406805224984,2350900
2019-01-18,2.4943790435791016,2.589752266321015,2.487042641829724,2.538397454075369,534700
2019-01-21,2.5310616493225098,2.5604072632417134,2.494379631923505,2.494379631923505,334600
2019-01-22,2.4576966762542725,2.5017152583746345,2.421014670248639,2.5017152583746345,1288400
2019-01-23,2.3696603775024414,2.4723700166688554,2.3329783635144365,2.4576972110736537,448100
2019-01-24,2.428351402282715,2.4430242066839574,2.340314575875262,2.3769965868783673,532600
2019-01-25,2.435687780380249,2.4723697910203564,2.3990057697401412,2.4283513782522275,764700
2019-01-28,2.3623239994049072,2.4063424166507623,2.3036327764104336,2.3916696109021442,1600200
2019-01-29,2.3623239994049072,2.413678819525072,2.354987596530598,2.3843332080278348,1474000
2019-01-30,2.3843328952789307,2.4210149048389598,2.3769964933669248,2.3843328952789307,790000
2019-01-31,2.3036322593688965,2.4356874814671676,2.2889592819999303,2.4063418765564406,1048000
2019-02-01,2.3183059692382812,2.332978777436766,2.259614561530672,2.3036331610397967,1404700
2019-02-04,2.3183059692382812,2.340315181536008,2.2742873697291563,2.296296756940554,350000
2019-02-05,2.2669503688812256,2.3403145654750355,2.2596139667132067,2.31830535897098,263900
2019-02-06,2.3329787254333496,2.3329787254333496,2.222932491484037,2.2596145111625856,660400
2019-02-07,2.3329787254333496,2.369660745111898,2.281623722969715,2.31830591756193,973100
2019-02-08,2.3256425857543945,2.3476518000623736,2.288960386994076,2.3256425857543945,628300
2019-02-11,2.3623239994049072,2.3769968051535257,2.274286989999555,2.3109691792847427,502100
2019-02-12,2.428351402282715,2.450360608884578,2.3916693912796094,2.3990057934802307,562100
2019-02-13,2.5017154216766357,2.5310610283967065,2.428351229962845,2.4430240333228808,1436400
2019-02-14,2.589752435684204,2.7071350462643884,2.553070424538405,2.6631166328894293,3814900
2019-02-15,2.6044259071350098,2.6704537190207724,2.6044259071350098,2.61909871535103,1182800
2019-02-19,2.633770704269409,2.641107106095255,2.589752293314332,2.619097900617717,1310300
2019-02-20,2.61909818649292,2.655780199626001,2.6117617838663034,2.6411073943727685,832000
2019-02-21,2.6044259071350098,2.6337715235670505,2.5970895030269996,2.61909871535103,693100
2019-02-22,2.6557798385620117,2.6851256199924354,2.6190978304159973,2.6190978304159973,1093500
2019-02-25,2.6411075592041016,2.670453346455671,2.582416334528256,2.6484439622885825,397800
2019-02-26,2.626434564590454,2.6851259599688833,2.6117617594742555,2.6484437722647525,438400
2019-02-27,2.7218079566955566,2.7438171642399585,2.633770951604315,2.6484437566339163,566700
2019-02-28,2.648444414138794,2.7364814410861764,2.611762392458083,2.7291450367500345,563800
2019-03-01,2.6851258277893066,2.7218078387740734,2.6557800440878676,2.6557800440878676,361200
2019-03-04,2.6704535484313965,2.7218083739069057,2.6264349516815853,2.7218083739069057,540300
2019-03-05,2.6557798385620117,2.707134824880044,2.648443436932809,2.6851256199924354,235700
2019-03-06,2.54573392868042,2.6557799580704664,2.5383975267210834,2.6557799580704664,541100
2019-03-07,2.648444414138794,2.6631173977247546,2.516389136088235,2.5457347534328036,538700
2019-03-08,2.5163891315460205,2.589753174775016,2.509052727223121,2.589753174775016,864200
2019-03-11,2.5310616493225098,2.5824164736811164,2.5017160354033057,2.5310616493225098,323600
2019-03-12,2.553070306777954,2.604425120013331,2.5457339048871863,2.553070306777954,315700
2019-03-13,2.5970892906188965,2.6337713081588356,2.5677436765869452,2.5750800800949327,356100
2019-03-14,2.7197742462158203,2.7862903995524766,2.660648600375438,2.6828208276954557,1718300
2019-03-15,2.7493371963500977,2.778899933481634,2.6902117220870245,2.6976024063699087,1032700
2019-03-18,2.85280704498291,2.904542016043222,2.764118825235797,2.764118825235797,1055300
2019-03-19,2.7862911224365234,2.889760897345864,2.7715097511934528,2.8675888404812575,633400
2019-03-20,2.9045422077178955,2.9045422077178955,2.7123842093772215,2.771509693110401,738900
2019-03-21,2.9045422077178955,2.9562770059844277,2.882370151317953,2.8897608367846006,876600
2019-03-22,2.919322967529297,2.948885703207316,2.8158532164484242,2.897150915770782,970500
2019-03-25,2.8158533573150635,2.897151060704442,2.8158533573150635,2.882369692125976,401400
2019-03-26,2.838024854660034,2.9267132249785424,2.838024854660034,2.8528062203451556,380700
2019-03-27,2.7715094089508057,2.852806940748587,2.7493373548241378,2.82324420191303,563900
2019-03-28,2.7197742462158203,2.7715090321443308,2.7123835625117474,2.749336981032112,277800
2019-03-29,2.6310863494873047,2.756728171773283,2.6310863494873047,2.756728171773283,538000
2019-04-01,2.7049930095672607,2.7345557458126173,2.660648728991418,2.668039413052757,288200
2019-04-02,2.6532578468322754,2.7197741746258868,2.6310857963036693,2.7197741746258868,395400
2019-04-03,2.6015231609344482,2.6606486312532036,2.586741793354759,2.6532579474633593,635300
2019-04-04,2.5867419242858887,2.6236953451055536,2.5719605559580225,2.5941326084498217,557200
2019-04-05,2.6754298210144043,2.6902113638194605,2.6015229880280684,2.6015229880280684,382200
2019-04-08,2.7493371963500977,2.764118564915866,2.6902117220870245,2.704993090652793,399200
2019-04-09,2.778900146484375,2.8232442555806565,2.7271653525387127,2.734556037388093,449500
2019-04-10,2.897151470184326,2.90454215551815,2.7567282726338367,2.8010723846367793,905000
2019-04-11,2.85280704498291,2.9414954409378526,2.8158536200882796,2.8749792761275175,872500
2019-04-12,2.8601980209350586,2.9267143687200536,2.830635278011882,2.8971516257968766,343000
2019-04-15,2.778900146484375,2.889760595432905,2.756728091936234,2.852806994978178,584600
2019-04-16,2.7862911224365234,2.8380259217872714,2.7567283799503817,2.7715097511934528,518500
2019-04-17,2.7049930095672607,2.823243954548688,2.668039413052757,2.8158532704873487,623800
2019-04-18,2.6680400371551514,2.7049936423137653,2.638477293994539,2.7049936423137653,444300
2019-04-22,2.7862911224365234,2.8010724936795945,2.6828215237350275,2.7049935805996337,575100
2019-04-23,2.756727933883667,2.845416146991434,2.727165196181078,2.7936813560119034,486100
2019-04-24,2.7271647453308105,2.7715088445538028,2.7049926957193144,2.7715088445538028,581200
2019-04-25,2.7271647453308105,2.7715088445538028,2.6976020125154827,2.719774062126979,271100
2019-04-26,2.6089138984680176,2.6976022819809353,2.586741846641739,2.6976022819809353,497000
2019-04-29,2.6015231609344482,2.6236952123039816,2.586741793354759,2.616304528514137,582100
2019-04-30,2.5867419242858887,2.6236953451055536,2.5202257668104915,2.6236953451055536,645300
2019-05-01,2.453709363937378,2.5793511673891905,2.446318679981848,2.5793511673891905,366500
2019-05-02,2.3428499698638916,2.4389288967695717,2.3354592831788397,2.4389288967695717,588600
2019-05-03,2.387193441390991,2.416756180099218,2.3058957337355457,2.342849333328651,621400
2019-05-06,2.4906628131866455,2.5497884617383137,2.3650211844559403,2.3650211844559403,1933900
2019-05-07,2.4906628131866455,2.4980536734374352,2.4241466567998016,2.4537093929717324,595500
2019-05-08,2.6089138984680176,2.66803937000476,2.4832720952446357,2.4832720952446357,955500
2019-05-09,2.5645697116851807,2.5941324464952786,2.5276162931725583,2.5867417627927543,283800
2019-05-10,2.5571787357330322,2.6015228328802715,2.4980532728700466,2.571960101448779,995900
2019-05-13,2.483271837234497,2.5793508947069634,2.4684904708860844,2.5793508947069634,525300
2019-05-14,2.6310863494873047,2.6680397748044067,2.512835388472578,2.512835388472578,986100
2019-05-15,2.6680400371551514,2.682821584943306,2.579351807673314,2.579351807673314,763900
2019-05-16,2.8601980209350586,2.904542311527671,2.7862911636271166,2.7862911636271166,3770200
2019-05-17,2.8823702335357666,2.911932976245615,2.8010725148758375,2.8454166289406104,2593700
2019-05-21,2.8232438564300537,2.8749788192692454,2.7641183859941787,2.8749788192692454,635400
2019-05-22,2.7049930095672607,2.823243954548688,2.6976023255059216,2.786290534241992,1902000
2019-05-23,2.527616262435913,2.6458672002383343,2.505444211597959,2.631085833013032,863600
2019-05-24,2.5571787357330322,2.579350784306652,2.4758810480886484,2.5645694185909056,895200
2019-05-27,2.5350077152252197,2.5719611445009534,2.505444971804633,2.51283565765978,427100
2019-05-28,2.4463186264038086,2.5719604271038774,2.4389279426101456,2.542397691929226,987500
2019-05-29,2.498053789138794,2.535007211065264,2.350239925225098,2.4019747159221563,730200
2019-05-30,2.387193441390991,2.50544457243172,2.3058957337355457,2.498053887754663,2478700
2019-05-31,2.3058955669403076,2.365021216287773,2.2763328303704795,2.3428491638604023,1114900
2019-06-03,2.2541606426239014,2.365021074313519,2.2245979078287497,2.3354583395183672,1277900
2019-06-04,2.2837233543395996,2.3206769486678827,2.224597885346822,2.2689419870914054,1011100
2019-06-05,2.2245981693267822,2.305895699569847,2.195035431056577,2.2985050150022954,720000
2019-06-06,2.217207193374634,2.2689419785485256,2.1506910410082014,2.2319885605671743,753300
2019-06-07,2.195034980773926,2.224597712979724,2.187644297722476,2.2172070299282742,436200
2019-06-10,2.106346368789673,2.217206778181872,2.0989556865773773,2.217206778181872,851000
2019-06-11,2.076784610748291,2.1433009579602573,2.062003239414042,2.1285195866260085,1155500
2019-06-12,2.0398306846618652,2.084174787843953,2.032440000798184,2.0472213685255465,1423100
2019-06-13,2.0472216606140137,2.0915657701229216,2.02504960585956,2.0841750852047705,517600
2019-06-14,2.021855115890503,2.059158679714098,1.977090839302189,2.059158679714098,586100
2019-06-17,2.0516982078552246,2.096462489699661,1.9994732123700487,2.021855353292267,756800
2019-06-18,2.111384153366089,2.126305582318131,2.036777008605877,2.0815412954620043,736600
2019-06-19,2.044236660003662,2.126304476561612,2.014393817618953,2.118843765965435,648000
2019-06-20,2.0890016555786133,2.1337659348413314,2.059158802736801,2.096462368789066,759300
2019-06-21,2.021855115890503,2.111383669067131,1.999472977596346,2.111383669067131,719000
2019-06-24,2.0069336891174316,2.036776540157815,1.9621694125568567,2.029315827397719,540800
2019-06-25,1.9696294069290161,2.036775797279405,1.9696294069290161,2.0069329571236767,670400
2019-06-26,2.0367767810821533,2.0591589220099586,2.0069339265117465,2.0143946401543484,1189500
2019-06-27,1.9547088146209717,2.0367768451484642,1.9397873868664184,2.0367768451484642,602200
2019-06-28,1.939786672592163,1.9621689838597587,1.9024831169418108,1.9621689838597587,769200
2019-07-02,1.9099442958831787,1.9621694644628032,1.8950228699682656,1.9547085736279186,658100
2019-07-03,1.9248658418655396,1.9397872687112074,1.902483701597038,1.9323265552883735,475300
2019-07-04,1.9547088146209717,1.9547088146209717,1.9099445313573118,1.9397873868664184,146000
2019-07-05,1.9994728565216064,1.9994728565216064,1.9696300072698145,1.9770907195827625,336100
2019-07-08,2.0591585636138916,2.066619275957958,2.006933577205426,2.006933577205426,1091900
2019-07-09,1.9994728565216064,2.0666192673381385,1.9770907195827625,2.0516978427122425,649000
2019-07-10,2.0293161869049072,2.036776900986719,1.9845519024140343,2.0293161869049072,1543600
2019-07-11,2.0069336891174316,2.0516979656780068,1.9920122635972402,2.0516979656780068,407500
2019-07-12,2.0069336891174316,2.029315827397719,1.999472976357336,2.0143944018775275,321700
2019-07-15,2.118844509124756,2.141226648763555,1.9994730977178272,2.0218552373566263,3348000
2019-07-16,2.118844509124756,2.126305222337689,2.081540943060091,2.1113837959118227,576400
2019-07-17,2.141226291656494,2.178530029377192,2.1039227318132006,2.1113834437818593,899700
2019-07-18,2.1561484336853027,2.1636091475232124,2.126305400456215,2.133766114294125,506600
2019-07-19,2.23075532913208,2.2456767551829357,2.1412265949495164,2.1486874858523737,980000
2019-07-22,2.2456767559051514,2.2755196080164604,2.185991051682534,2.230755329849497,722900
2019-07-23,2.178529977798462,2.2680585193026945,2.163608554214423,2.253137095718656,474100
2019-07-24,2.111384153366089,2.1785307615277434,2.0815412954620043,2.171070047051722,587800
2019-07-25,2.0367767810821533,2.1263053447933737,2.0069339265117465,2.1263053447933737,811600
2019-07-26,1.9547088146209717,2.059158986780294,1.9397873868664184,2.0293161312711874,991200
2019-07-29,1.8950228691101074,1.962169463574238,1.8875621561560294,1.962169463574238,582300
2019-07-30,1.9547088146209717,1.9920125618848046,1.8801016758482054,1.8950231036027587,870400
2019-07-31,1.9621697664260864,1.9994733369541107,1.9472481603374214,1.9845519087429009,1508700
2019-08-01,1.8950228691101074,1.977090889482394,1.8129550266152488,1.977090889482394,1377000
2019-08-02,1.880101203918457,1.9845513498594403,1.827876219886668,1.827876219886668,1078000
2019-08-06,1.783112645149231,1.8651805092919895,1.7234267478952043,1.8427983645257826,1232300
2019-08-07,1.7308865785598755,1.7831117342115868,1.708504445228021,1.7458080007811119,701900
2019-08-08,1.7532693147659302,1.7831123473475272,1.7234264600617784,1.7607300284419682,442200
2019-08-09,1.7532693147659302,1.7756516336714891,1.7308871737378164,1.7681907421180063,300400
2019-08-12,1.6338977813720703,1.7234263392063267,1.6264370682192157,1.7085049129006173,895600
2019-08-13,1.7085055112838745,1.7383483743473929,1.6115162063274402,1.6264376378591994,752100
2019-08-14,1.56675124168396,1.7010442611612087,1.56675124168396,1.7010442611612087,1437700
2019-08-15,1.4249974489212036,1.5742117907227986,1.4175367362780593,1.5742117907227986,4012200
2019-08-16,1.4846835136413574,1.4921442276645822,1.4473799435252335,1.4548406575484583,2177800
2019-08-19,1.5518300533294678,1.5592907678982646,1.4772229076414995,1.5145264804854837,2732500
2019-08-20,1.6488189697265625,1.715965378411943,1.521986686554548,1.5667509590114683,2964400
2019-08-21,1.6040548086166382,1.678661934557097,1.5891333834285464,1.6637405093690052,1554900
2019-08-22,1.589133620262146,1.6488193299096627,1.5667513012668814,1.6115157613799649,1550400
2019-08-23,1.439918875694275,1.4697618152363763,1.432458163043427,1.4623011025855284,4212300
2019-08-26,1.3876938819885254,1.4697618097820022,1.3876938819885254,1.4623010971588417,1730300
2019-08-27,1.3130868673324585,1.4175369489454126,1.260861870995343,1.4100762351829677,2413400
2019-08-28,1.4100761413574219,1.439918994421478,1.3429296330245777,1.3429296330245777,1830300
2019-08-29,1.4100761413574219,1.4473797966262099,1.3951547148253938,1.42499756788945,1851500
2019-08-30,1.3205474615097046,1.4175368205771202,1.3130867484228814,1.4175368205771202,2030800
2019-09-03,1.3578511476516724,1.3727725741744297,1.27578321283779,1.313086779144683,1187300
2019-09-04,1.4026150703430176,1.4249972044323143,1.3503900018626303,1.380232936253721,1939000
2019-09-05,1.514526128768921,1.559290405786148,1.4175367729595494,1.4324581986319584,1749800
2019-09-06,1.5369081497192383,1.5592902865158396,1.4548403147983673,1.5145260129226372,2011300
2019-09-09,1.5592904090881348,1.5965941512255777,1.5592904090881348,1.5816725476441453,1529000
2019-09-10,1.6562796831130981,1.6861225314413224,1.589133274374594,1.589133274374594,2251900
2019-09-11,1.6562796831130981,1.7085046676874904,1.618976122702818,1.7010439556054344,1400800
2019-09-12,1.715965747833252,1.730887175197915,1.5965943289159479,1.6189764699629425,1606100
2019-09-13,1.7582231760025024,1.7808612217982331,1.6903090386153106,1.7506771607372589,2825700
2019-09-16,1.8185917139053345,1.9393279738086138,1.7959536651734693,1.9393279738086138,3386000
2019-09-17,1.833683729171753,1.8714138100371764,1.7506773713566042,1.833683729171753,2294300
2019-09-18,1.720492959022522,1.8110453147138026,1.6903089004291554,1.8110453147138026,2216200
2019-09-19,1.675216555595398,1.7355846614114367,1.6525785159143833,1.720492634957427,1674800
2019-09-20,1.7733155488967896,1.8034997956964574,1.6299412311767103,1.6827633482314763,10443700
2019-09-23,1.7884072065353394,1.8336834772651294,1.7657691611260404,1.7657691611260404,1176600
2019-09-24,1.6601252555847168,1.7733155035199681,1.6525792390557,1.7733155035199681,887700
2019-09-25,1.6223949193954468,1.6827630421933881,1.5997566934350216,1.6223949193954468,1036800
2019-09-26,1.6299409866333008,1.6525790334031962,1.5620266664124114,1.6073029398634053,622500
2019-09-27,1.6374869346618652,1.6752170110549782,1.5846646478003112,1.6073028735473747,770700
2019-09-30,1.6148490905761719,1.6374871392403103,1.5922108620008153,1.6374871392403103,498800
2019-10-01,1.5620263814926147,1.6525787319662926,1.5242963104249034,1.6223946751121234,941600
2019-10-02,1.546934962272644,1.5620269966432072,1.4714747904198289,1.5092048763462365,1108300
2019-10-03,1.5997569561004639,1.6073031526004202,1.4941127238582512,1.50920475703571,671000
2019-10-04,1.6374869346618652,1.6525789652191103,1.5393885561285756,1.6148488888259973,1206100
2019-10-07,1.5846648216247559,1.6676711787059015,1.5620267733056838,1.6676711787059015,663800
2019-10-08,1.5092047452926636,1.5922109271228209,1.5016587287626493,1.5846649105928066,873100
2019-10-09,1.448836326599121,1.5167505561140238,1.441290311092532,1.5167505561140238,830100
2019-10-10,1.471474528312683,1.4865665599949704,1.4412903749925041,1.4790205441538267,1196700
2019-10-11,1.5242962837219238,1.5318422978032733,1.4714741851524777,1.4714741851524777,742400
2019-10-15,1.539388656616211,1.6299410257819213,1.516750609302585,1.5469346723874193,443300
2019-10-16,1.5544806718826294,1.5695727032670272,1.5167505934216345,1.5318426248060324,485000
2019-10-17,1.5242962837219238,1.5544803400473215,1.494112227396526,1.546934325965972,515400
2019-10-18,1.4563822746276855,1.5393885313098683,1.4563822746276855,1.5393885313098683,472100
2019-10-21,1.5092047452926636,1.546934827942735,1.4563825396269507,1.4563825396269507,382200
2019-10-22,1.5242962837219238,1.5846643963727194,1.4790201992338272,1.5167502696405744,402600
2019-10-23,1.531842589378357,1.5469346204137142,1.5016585273076428,1.5167505583429999,1056300
2019-10-24,1.531842589378357,1.5695726669667498,1.5167505583429999,1.5469346204137142,525500
2019-10-25,1.5167505741119385,1.5393886209003311,1.486566511727415,1.5318426053042002,1626100
2019-10-28,1.5242962837219238,1.6073026185279347,1.5092042555592249,1.5092042555592249,949700
2019-10-29,1.6676712036132812,1.690309252270462,1.516750699320858,1.5318427317589784,2149000
2019-10-30,1.6073031425476074,1.7129473741290726,1.5922109295533153,1.690309324504473,608200
2019-10-31,1.5167505741119385,1.6223949723689743,1.5092045585158076,1.6148489567728435,1109900
2019-11-01,1.6073031425476074,1.6148491590891407,1.5393888137625826,1.5393888137625826,698000
2019-11-04,1.720492959022522,1.7506770176158886,1.6450328125391056,1.6450328125391056,1354100
2019-11-05,1.7280398607254028,1.848776336987694,1.7129478236815256,1.7506779162912187,1336000
2019-11-06,1.6827629804611206,1.7280390708986202,1.6450329050965375,1.7280390708986202,844300
2019-11-07,1.7355854511260986,1.7431314677866423,1.6903093511628366,1.705401384483924,1228200
2019-11-08,1.6978554725646973,1.728039541068938,1.6601253869343964,1.7204935239428778,696700
2019-11-11,1.6827629804611206,1.6978550106069537,1.6601249352423706,1.6601249352423706,854700
2019-11-12,1.6676712036132812,1.7582233982420044,1.6676712036132812,1.6752172198323414,697100
2019-11-13,1.6525793075561523,1.6827633749233681,1.6374872738725446,1.6752173580815641,464200
2019-11-14,1.6827629804611206,1.712947040752787,1.652578920169454,1.6601249352423706,827100
2019-11-15,1.6450328826904297,1.7129470174216572,1.6374868677202934,1.6601249126307025,2447600
2019-11-18,1.531842589378357,1.652579017572415,1.5242965738606784,1.652579017572415,1537700
2019-11-19,1.4941126108169556,1.5393887069238419,1.486566594799141,1.5393887069238419,1002700
2019-11-20,1.531842589378357,1.5544806359313927,1.4941125117899643,1.5016585273076428,1921600
2019-11-21,1.5620263814926147,1.5620263814926147,1.5092042819978189,1.539388338851988,2227000
2019-11-22,1.539388656616211,1.5997567827858796,1.5318426408450023,1.5695727197010452,1599300
2019-11-25,1.6223949193954468,1.637486950094932,1.5167505245878523,1.5318425552873376,3620200
2019-11-26,1.6601252555847168,1.6903093217007839,1.6299411894686497,1.6374872059976664,1356900
2019-11-27,1.6978554725646973,1.7129475068168176,1.6223953013040955,1.6525793698083362,1135100
2019-11-28,1.6903095245361328,1.7054015594051946,1.6676714722325403,1.6676714722325403,713800
2019-11-29,1.6601252555847168,1.6903093217007839,1.6299411894686497,1.6601252555847168,1518500
2019-12-02,1.6299409866333008,1.7054011425329525,1.6073029398634053,1.6676710645831267,782700
2019-12-03,1.5771186351776123,1.6148488915454602,1.5469345740122908,1.5997566810516035,798900
2019-12-04,1.6827629804611206,1.6978550106069537,1.6073028297319545,1.6073028297319545,933500
2019-12-05,1.7355854511260986,1.773315534428817,1.682763334502293,1.682763334502293,1559000
2019-12-06,1.8185917139053345,1.8412297626371992,1.7129473065787462,1.735585355310611,2004200
2019-12-09,1.8110456466674805,1.841229710793403,1.773315386598864,1.818591662698961,1452300
2019-12-10,1.8110456466674805,1.8336836947619224,1.7808614026303444,1.8261376787304417,1454300
2019-12-11,1.7506768703460693,1.8034991483521445,1.7204928142918352,1.8034991483521445,1123300
2019-12-12,1.826137900352478,1.8638679850888442,1.7582235679157836,1.7582235679157836,1420500
2019-12-13,1.8154586553573608,1.8688544446722397,1.7925745637858361,1.845970534965863,894200
2019-12-16,1.8459701538085938,1.8459701538085938,1.8154582805002055,1.8383421854814967,618100
2019-12-17,1.9298779964447021,1.9375059655268896,1.8459703365406406,1.8688542437872029,1214000
2019-12-18,1.8688545227050781,1.929878284470091,1.8688545227050781,1.9222503142494645,829500
2019-12-19,1.891737699508667,1.9146216012932373,1.8459698959395263,1.8612258304625733,1036100
2019-12-20,1.876482605934143,1.9146224593341934,1.853598693894113,1.9146224593341934,1016800
2019-12-23,1.9298779964447021,1.960389872773452,1.8688542437872029,1.8841101819515775,985100
2019-12-24,1.9375063180923462,1.9756461704435415,1.929878347622107,1.929878347622107,350900
2019-12-27,1.9298779964447021,1.9909017491022016,1.9146220582803273,1.9909017491022016,514100
2019-12-30,1.9222501516342163,1.968017969086188,1.9146221820588876,1.9298781212095448,480800
2019-12-31,1.9756453037261963,2.0214132883343368,1.8612257968685488,1.9069935996116079,895400
2020-01-02,1.899366021156311,2.0214137019775826,1.8917380524715517,1.9909016453734254,758100
2020-01-03,1.9222501516342163,1.968017969086188,1.8917382733329018,1.9527620299355308,820800
2020-01-06,1.9375063180923462,1.9527622590328242,1.8917384952709115,1.945134288562585,715300
2020-01-07,1.899366021156311,1.9146219585258302,1.868854146417273,1.9146219585258302,976900
2020-01-08,1.838342547416687,1.9222502155346017,1.7849465767492314,1.906994275876799,1153400
2020-01-09,1.8459701538085938,1.861226090462788,1.7696902886725128,1.8154582805002055,625600
2020-01-10,1.7696903944015503,1.8307143265292736,1.7696903944015503,1.8307143265292736,1893000
2020-01-13,1.8002021312713623,1.8078300994683343,1.731550417498614,1.7773182266804461,571600
2020-01-14,1.754434585571289,1.861226338232037,1.754434585571289,1.861226338232037,592500
2020-01-15,1.6705267429351807,1.7544343966686995,1.6705267429351807,1.7544343966686995,872700
2020-01-16,1.6781548261642456,1.7086667023347564,1.6705268571216179,1.6705268571216179,1032900
2020-01-17,1.6095027923583984,1.6934106268861295,1.6095027923583984,1.6934106268861295,811100
2020-01-20,1.6400150060653687,1.647642975224807,1.609502947562486,1.609502947562486,331100
2020-01-21,1.6095027923583984,1.6552707847667574,1.5942468555106497,1.6171307607822727,352100
2020-01-22,1.563734769821167,1.6018746067699587,1.563734769821167,1.6018746067699587,884800
2020-01-23,1.3654077053070068,1.5332232028678017,1.3501517675164914,1.5332232028678017,5858100
2020-01-24,1.3425239324569702,1.3730358110797196,1.3043840841785332,1.3730358110797196,4797600
2020-01-27,1.3348960876464844,1.35015202838466,1.2967562358010452,1.3196401469083086,1343500
2020-01-28,1.3730357885360718,1.4035477575904214,1.3425239104142919,1.3577798494751818,5613200
2020-01-29,1.42643141746521,1.495083222201465,1.4111754810643873,1.4111754810643873,2379600
2020-01-30,1.3806637525558472,1.4264316604884124,1.3577798440558493,1.4111757214884137,1680800
2020-01-31,1.3348960876464844,1.3730359394919234,1.3120121765392208,1.3730359394919234,1350900
2020-02-03,1.3043841123580933,1.3730358407424128,1.3043841123580933,1.3501519312809729,1720600
2020-02-04,1.312011957168579,1.3425238335432925,1.2967560189812224,1.3425238335432925,1497400
2020-02-05,1.3654077053070068,1.4111756096111154,1.3425237986212335,1.3577797364117492,2357200
2020-02-06,1.3348960876464844,1.3654079691228356,1.3196401469083086,1.3654079691228356,1082100
2020-02-07,1.3196401596069336,1.3272681300494238,1.2967562482794628,1.3272681300494238,1233100
2020-02-10,1.2967560291290283,1.319639936589142,1.2967560291290283,1.3120119674357709,1102200
2020-02-11,1.2967560291290283,1.319639936589142,1.2814999998897207,1.3120119674357709,1091300
2020-02-12,1.3272678852081299,1.350151792314203,1.2891280400313414,1.3348958542434877,845500
2020-02-13,1.2967560291290283,1.3348958748958846,1.2814999998897207,1.3348958748958846,1922500
2020-02-14,1.3272678852081299,1.3272678852081299,1.2814999800634201,1.2967560090666992,847300
2020-02-18,1.3043841123580933,1.334895991640013,1.2891281727171333,1.319640051999053,2290300
2020-02-19,1.3272678852081299,1.3730356994202761,1.3043839781020568,1.3120119471374145,2840700
2020-02-20,1.3577799797058105,1.3730359202299647,1.3196401283954253,1.3501520094437336,1458800
2020-02-21,1.3196401596069336,1.334896100491914,1.2967562482794628,1.334896100491914,676800
2020-02-24,1.2281044721603394,1.2738722966337583,1.2128485306691996,1.2738722966337583,2636600
2020-02-25,1.182336449623108,1.2357323309364927,1.1441965993511016,1.2357323309364927,1465900
2020-02-26,1.1747084856033325,1.2052204569102574,1.1518245753225713,1.1670805155097455,1181200
2020-02-27,1.136568546295166,1.1441965157925105,1.0831726688811851,1.1441965157925105,2083300
2020-02-28,1.1518242359161377,1.1518242359161377,1.0679164986790783,1.0831724343708073,2277900
2020-03-02,1.2509881258010864,1.2509881258010864,1.1365684973370207,1.1747083431808543,2474800
2020-03-03,1.1518242359161377,1.2738718123825197,1.144196268070273,1.2738718123825197,2132200
2020-03-04,1.1518242359161377,1.1823361072995957,1.128940332378544,1.1670801716078667,663000
2020-03-05,1.1213127374649048,1.1365686782305366,1.0831727946182452,1.1213127374649048,730300
2020-03-06,1.0602885484695435,1.1060564472385614,1.052660580496799,1.067916516442288,1397100
2020-03-09,0.8085654377937317,0.9229851541399747,0.7399137171050614,0.7856815308975083,3604100
2020-03-10,0.8390774130821228,0.9534970396541023,0.7780535698085372,0.9534970396541023,1637600
2020-03-11,0.7399137020111084,0.8238214498514717,0.7170297501154272,0.8161934810416714,1474200
2020-03-12,0.6331221461296082,0.6865179853968001,0.6102382345006506,0.6788900148538143,2506600
2020-03-13,0.7165932655334473,0.7638411736668238,0.6063481152645169,0.7480918396646464,4564400
2020-03-16,0.5118523836135864,0.6535961314457917,0.5118523836135864,0.6299721969420503,3253700
2020-03-17,0.566974937915802,0.5984735142867369,0.49610304720803616,0.5512256027937533,2951400
2020-03-18,0.5039777159690857,0.5433509852965481,0.4803537825345583,0.5197270518620207,2304000
2020-03-19,0.5433509945869446,0.5512256391997636,0.45672980997276597,0.5276017053613064,2309200
2020-03-20,0.574849545955658,0.6299720980842504,0.5118523032916282,0.6220974544853912,5735200
2020-03-23,0.4646044075489044,0.5669749179612863,0.4646044075489044,0.5669749179612863,1857300
2020-03-24,0.5354764461517334,0.5984736613058806,0.48035387702478044,0.5118524611335578,3934100
2020-03-25,0.5827243328094482,0.6535961895586507,0.5433510581991847,0.5748496872747134,4775600
2020-03-26,0.5591002106666565,0.6457213839483658,0.5276016363362735,0.606348119098809,3600300
2020-03-27,0.5118523836135864,0.5276017202193329,0.48822844910984503,0.5118523836135864,3571000
2020-03-30,0.6142227649688721,0.6142227649688721,0.5039776605288045,0.5039776605288045,2204100
2020-03-31,0.6142227649688721,0.6772200077374064,0.6142227649688721,0.6220974555173726,2704600
2020-04-01,0.6299722194671631,0.6378468645833072,0.5669750116014229,0.5984735920659995,1292400
2020-04-02,0.6614708304405212,0.8032145898784736,0.6378468940024906,0.692969459294485,3842200
2020-04-03,0.7087187170982361,0.7323426993676905,0.6535961543849589,0.7323426993676905,1600800
2020-04-06,0.7323427200317383,0.7480920106980373,0.6693455104299532,0.7008440917625514,1427000
2020-04-07,0.7874652147293091,0.842587821064555,0.7480919446055267,0.7795905700918695,2508600
2020-04-08,0.8898355960845947,0.8898355960845947,0.7638412011528639,0.7795904887851853,1403100
2020-04-09,0.8425878286361694,0.9607075931323731,0.7717159323891793,0.9055849863017875,3588300
2020-04-13,0.8819611668586731,0.9134597497872459,0.77959067846763,0.8347131985926322,1892300
2020-04-14,0.8898355960845947,0.8977102399007555,0.8425877331876303,0.8662116646361125,1368900
2020-04-15,0.858336865901947,0.8740861506917391,0.8110889176594287,0.858336865901947,892200
2020-04-16,0.8662117719650269,0.8898357063406584,0.8425878375893954,0.8819610615487813,882100
2020-04-17,0.9055850505828857,0.9213343411172215,0.8189638587708635,0.8189638587708635,1397600
2020-04-20,1.0315792560577393,1.0315792560577393,0.8268383335749336,0.8268383335749336,3025100
2020-04-21,1.0945765972137451,1.133949912835433,0.9607075493956031,0.9607075493956031,3366500
2020-04-22,1.2363203763961792,1.252069665008218,1.1260751683655787,1.1260751683655787,3658200
2020-04-23,1.2441949844360352,1.3544400953800138,1.1654484497980042,1.2756935607419828,3974800
2020-04-24,1.0945765972137451,1.2914428937026883,1.0867019528640405,1.2756936050032794,3573800
2020-04-27,1.0709528923034668,1.1024514764122442,1.0158302762399212,1.055203600249078,1954600
2020-04-28,1.1654486656188965,1.1654486656188965,1.0473288887246957,1.1103260530025738,1438300
2020-04-29,1.2441949844360352,1.259944272589009,1.1969470261039519,1.2284456024098993,1501700
2020-04-30,1.204822063446045,1.267819330494021,1.1575741835649573,1.267819330494021,4224200
2020-05-01,1.1733232736587524,1.181197918941844,1.1418246925263864,1.165448628375661,990900
2020-05-04,1.1733232736587524,1.21269650007421,1.126075308087027,1.149699337809478,1179300
2020-05-05,1.2441949844360352,1.2914428488949565,1.2205709583334126,1.2205709583334126,2561100
2020-05-06,1.141824722290039,1.2599444984885861,1.1339500768016813,1.2363205620235125,1619200
2020-05-07,1.1733232736587524,1.21269650007421,1.149699337809478,1.181197918941844,1029400
2020-05-08,1.1260751485824585,1.1733231074616775,1.1103258602471067,1.1733231074616775,1372900
2020-05-11,1.078827142715454,1.1260750015524232,1.0552032132969695,1.1024510721339387,924300
2020-05-12,1.0709528923034668,1.141824800421401,1.0709528923034668,1.0867021843578555,1898100
2020-05-13,1.015830159187317,1.0630781237793552,0.9449583531090212,1.0552034786595446,1728900
2020-05-14,1.0000808238983154,1.0237047581935899,0.9134596376091394,0.9607076000728583,1555700
2020-05-15,1.078827142715454,1.0945764289944437,0.984331331168365,1.0079552605868496,1208900
2020-05-19,1.1260751485824585,1.1733231074616775,1.0945765719117546,1.1733231074616775,1019000
2020-05-20,1.2126964330673218,1.2363204614844399,1.1496992742834637,1.1496992742834637,2172600
2020-05-21,1.118200421333313,1.2205708817802137,1.118200421333313,1.2205708817802137,4550500
2020-05-22,1.0867019891738892,1.1024512783995273,1.0630780553354318,1.1024512783995273,1239000
2020-05-25,1.078827142715454,1.0945764289944437,1.0630778564364645,1.086701785854949,476400
2020-05-26,1.1024513244628906,1.1024513244628906,1.086702034579205,1.1024513244628906,816700
2020-05-27,1.157573938369751,1.165448583348606,1.0867020396868836,1.0945766846657385,2147900
2020-05-28,1.118200421333313,1.1733230202846394,1.1103257777507172,1.1418244459542564,1097500
2020-05-29,1.1024513244628906,1.1103259694047334,1.0788273896373621,1.1103259694047334,1778900
2020-06-01,1.0945765972137451,1.133949912835433,1.0867019528640405,1.1024512415634495,716300
2020-06-02,1.1260751485824585,1.1339498866232978,1.0945765719117546,1.1024512160794306,965600
2020-06-03,1.1103259325027466,1.157573894456677,1.1024512878226198,1.1339499604162966,1035500
2020-06-04,1.0945765972137451,1.1182005302628586,1.078827308514336,1.110325885913154,1077100
2020-06-05,1.118200421333313,1.1575737331194478,1.1103257777507172,1.118200421333313,2100300
2020-06-08,1.1260751485824585,1.2048216841323813,1.1182005044147825,1.1654484632940016,2756200
2020-06-09,1.1103259325027466,1.1339499604162966,1.0709527091021125,1.1339499604162966,1442400
2020-06-10,1.0630781650543213,1.0945767467565246,1.0630781650543213,1.078827455905423,1502000
2020-06-11,0.9607074856758118,1.0237046362951048,0.9528328418484001,0.9843314171580466,1990400
2020-06-12,0.972568154335022,1.0200104573467415,0.9330328075657786,1.0041963563428349,909600
2020-06-15,0.9646610021591187,0.9804751014962407,0.9093115602197243,0.9330327092254073,872700
2020-06-16,0.9409399628639221,1.0121034181783948,0.9330328180139469,1.0121034181783948,1603100
2020-06-17,0.8539623022079468,0.9409399519544533,0.8539623022079468,0.9409399519544533,2103700
2020-06-18,0.846055269241333,0.9014046238800447,0.8302410736565078,0.846055269241333,974600
2020-06-19,0.8539623022079468,0.8934975547020511,0.8302410564520071,0.8776834537044094,3006900
2020-06-22,0.8697763681411743,0.8855904685012819,0.8381480731614859,0.846055217601013,573100
2020-06-23,0.9251257181167603,0.9488469628834515,0.861869316764179,0.8697763669332517,1107300
2020-06-24,0.885590672492981,0.9172188804986069,0.869776568490168,0.9172188804986069,853500
2020-06-25,0.8934974670410156,0.9330327156563167,0.8697763178718351,0.8776833675948953,1031400
2020-06-26,0.8697763681411743,0.9093116190414432,0.8539622677810668,0.9014045688613894,934400
2020-06-29,0.9172186851501465,0.9330327857848857,0.8618693329285594,0.869776383245929,1250100
2020-06-30,0.9014044404029846,0.917218538509438,0.8776832932433044,0.9093114894562113,590700
2020-07-02,0.909311830997467,0.940940133349554,0.8934977269511712,0.9014047789743191,1102900
2020-07-03,0.9014044404029846,0.917218538509438,0.9014044404029846,0.9093114894562113,396700
2020-07-06,0.9330326914787292,0.9409398352563603,0.917218592442398,0.9251256419605636,896500
2020-07-07,0.9330326914787292,0.9567539342926914,0.9251256419605636,0.9330326914787292,882500
2020-07-08,0.9014044404029846,0.9488468289818048,0.8934973913497579,0.940939779928578,533100
2020-07-09,0.9014044404029846,0.917218538509438,0.8697762441900777,0.9014044404029846,635600
2020-07-10,0.9014044404029846,0.9093114894562113,0.8697762441900777,0.8697762441900777,477500
2020-07-13,0.8697763681411743,0.917218669221497,0.8539622677810668,0.917218669221497,982200
2020-07-14,0.885590672492981,0.8934977244943875,0.853962464487355,0.853962464487355,636900
2020-07-15,0.9172186851501465,0.9172186851501465,0.9014045845154074,0.9014045845154074,867700
2020-07-16,0.9014044404029846,0.9330326366158914,0.8934973913497579,0.9014044404029846,630500
2020-07-17,0.909311830997467,0.9172188830206149,0.8934977269511712,0.9014047789743191,340600
2020-07-20,0.8934974670410156,0.9172186162101963,0.8776833675948953,0.8934974670410156,634200
2020-07-21,0.9330326914787292,0.9488468847745258,0.9014044934060669,0.9014044934060669,1026600
2020-07-22,0.9251257181167603,0.9409399127143788,0.909311617778615,0.9251257181167603,413800
2020-07-23,0.9488469958305359,0.9646610967177988,0.9172186997965337,0.9488469958305359,980300
2020-07-24,0.9488469958305359,0.9646610967177988,0.9330328006837966,0.9488469958305359,401100
2020-07-27,0.9330326914787292,0.9488468847745258,0.917218592442398,0.9251256419605636,359300
2020-07-28,0.9172186851501465,0.9330327857848857,0.8934975341980378,0.9330327857848857,465200
2020-07-29,0.9409399628639221,0.9409399628639221,0.893497565061462,0.909311666242456,513100
2020-07-30,0.909311830997467,0.9330329870669107,0.909311830997467,0.9330329870669107,509200
2020-07-31,0.9488469958305359,0.9488469958305359,0.9014045989092708,0.9330328006837966,750900
2020-08-04,1.0516388416290283,1.0516388416290283,0.9488470822411897,0.9646611845686288,1484400
2020-08-05,1.0753600597381592,1.106988266293564,1.0595459564604568,1.0753600597381592,655600
2020-08-06,1.1069880723953247,1.1228021729030548,1.0279174755971998,1.0753598713798644,1263100
2020-08-07,1.1386164426803589,1.154430544229895,1.0595458406731983,1.1069881453218064,1311900
2020-08-10,1.170244812965393,1.1939659686785984,1.1544307091565895,1.1544307091565895,919500
2020-08-11,1.1307094097137451,1.2176870711162624,1.1307094097137451,1.1939659164408913,919900
2020-08-12,1.1386164426803589,1.186058747328967,1.1307092976461104,1.1623375950046628,761500
2020-08-13,1.1386164426803589,1.193965798103735,1.1386164426803589,1.1702446457794309,1246500
2020-08-14,1.1939656734466553,1.217686823294331,1.1386163238020788,1.1544304237005292,1632600
2020-08-17,1.2335009574890137,1.257222202255705,1.1702445561364325,1.201872756812723,2218300
2020-08-18,1.257222294807434,1.2809434470609093,1.2335010482944786,1.2651293455585926,1781600
2020-08-19,1.257222294807434,1.2809434470609093,1.2335010482944786,1.257222294807434,1112300
2020-08-20,1.3125718832015991,1.3362931339278696,1.2493154659568695,1.2493154659568695,1389600
2020-08-21,1.2730364799499512,1.3046646850326002,1.2176870267958286,1.3046646850326002,1452900
2020-08-24,1.3441998958587646,1.3995492489974861,1.2730363475637891,1.304664549357344,1937400
2020-08-25,1.3441998958587646,1.3758280976523198,1.3204786502541217,1.3600139967555422,637800
2020-08-26,1.2888507843017578,1.360014351140119,1.2730366792842334,1.3362931936138325,1071700
2020-08-27,1.304664969444275,1.3204790754330105,1.2414085454893324,1.2888508634555393,1080600
2020-08-28,1.3125718832015991,1.3283859875127815,1.2967577788904168,1.3125718832015991,723500
2020-08-31,1.2651294469833374,1.3046647039086499,1.2335011471836,1.3046647039086499,1268400
2020-09-01,1.2888507843017578,1.3125719418280446,1.2493155217579468,1.2651296267754712,743900
2020-09-02,1.257222294807434,1.2888504978120678,1.22559399754332,1.2809434470609093,971100
2020-09-03,1.2730364799499512,1.2809435312206134,1.2414082748673019,1.2493153261379641,917800
2020-09-04,1.2730364799499512,1.2730364799499512,1.2097799755251664,1.2730364799499512,696300
2020-09-08,1.2255940437316895,1.2335010947808371,1.1544305842893607,1.2255940437316895,1055500
2020-09-09,1.2255940437316895,1.2414082400894684,1.209779941633394,1.2335010947808371,766300
2020-09-10,1.1465234756469727,1.2176869315145522,1.1465234756469727,1.2097798808625988,465900
2020-09-11,1.114894986152649,1.1781514746985546,1.114894986152649,1.1465232775553331,410800
2020-09-14,1.214085340499878,1.222020531384588,1.1188629552884206,1.1506038134221976,775000
2020-09-15,1.3013725280761719,1.3172429097632694,1.1902797616715528,1.2061501433586501,1162000
2020-09-16,1.3410485982894897,1.3886597441105675,1.2775669759331147,1.293437357873474,2155100
2020-09-17,1.3727892637252808,1.3965948349286839,1.2775668843167374,1.3172428363224091,1528300
2020-09-18,1.3569189310073853,1.3727893123720436,1.3172428830008045,1.3727893123720436,1154200
2020-09-21,1.317242980003357,1.3331133625367197,1.2616966411365869,1.285502214936631,996500
2020-09-22,1.3251779079437256,1.333113097633604,1.277566769804454,1.3251779079437256,397300
2020-09-23,1.2855018377304077,1.3489834438313228,1.2696314598539074,1.3331129713599086,838900
2020-09-24,1.2934374809265137,1.3172430561018302,1.269631905751197,1.2775670974763027,606400
2020-09-25,1.2696317434310913,1.2934373155629089,1.237890885993733,1.285502124852303,739300
2020-09-28,1.2855018377304077,1.3093074045451583,1.2775666487921575,1.2855018377304077,603900
2020-09-29,1.261696457862854,1.2855020282049068,1.229955602811856,1.2775668380908891,641000
2020-09-30,1.214085340499878,1.2696317712877851,1.182344576961038,1.245826198633655,906000
2020-10-01,1.2061502933502197,1.2140854851805543,1.1506039505378782,1.2061502933502197,958400
2020-10-02,1.1744093894958496,1.214085344034924,1.1585390076802198,1.1664741985880347,774600
2020-10-05,1.2299555540084839,1.2458260282017228,1.1823444152135396,1.1982147948118544,617800
2020-10-06,1.1823444366455078,1.2616964306703933,1.166474056759516,1.2458260507844012,767300
2020-10-07,1.245826005935669,1.2537611955930044,1.1664740147673913,1.1982147733967334,661500
2020-10-08,1.3093079328536987,1.3489839881492363,1.2378911089976927,1.2616967800129961,738600
2020-10-09,1.3331133127212524,1.3648541711968347,1.301372548840608,1.3251781217510914,813800
2020-10-13,1.3727892637252808,1.3886596445275494,1.293437265119006,1.3648540733241465,899700
2020-10-14,1.428335428237915,1.4600762806974803,1.3410483441101408,1.3648539125086248,2156900
2020-10-15,1.4759467840194702,1.4759467840194702,1.3886595979403968,1.4045299782102414,1441400
2020-10-16,1.499752402305603,1.5314931638586535,1.4442060695877645,1.475946831140815,1436300
2020-10-19,1.618780255317688,1.666391394782361,1.49975231206108,1.5156226918826377,2983600
2020-10-20,1.634650468826294,1.7060673599470417,1.6108449015159885,1.634650468826294,2061600
2020-10-21,1.602909803390503,1.6901970776723718,1.602909803390503,1.682261698928709,1287700
2020-10-22,1.602909803390503,1.6505209407134265,1.5632338556213998,1.5870394242828616,1413500
2020-10-23,1.5632339715957642,1.6267154927359435,1.5473635913107193,1.6108451124508987,1108800
2020-10-26,1.5076876878738403,1.5711693095824526,1.5076876878738403,1.5473637369148243,799700
2020-10-27,1.5076876878738403,1.5473637369148243,1.483882115206212,1.5076876878738403,1253500
2020-10-28,1.4521411657333374,1.5156226847195435,1.4283355015185852,1.468011545479889,1243800
2020-10-29,1.4759467840194702,1.5156227346940818,1.3965947880753191,1.4283355486150084,1268000
2020-10-30,1.5076876878738403,1.5314932605414686,1.4283356843868094,1.460076542538584,1385900
2020-11-02,1.4838815927505493,1.5235575332272069,1.4680112165598864,1.5235575332272069,534000
2020-11-03,1.4680116176605225,1.53149313976805,1.4680116176605225,1.4838819981874043,812700
2020-11-04,1.4600763320922852,1.5076874705651688,1.4362706682609199,1.4759467115832463,440700
2020-11-05,1.4600763320922852,1.4918170910742077,1.444205952601324,1.4600763320922852,1290200
2020-11-06,1.5870393514633179,1.6029097298427644,1.4442058514533826,1.452141040643106,3771600
2020-11-09,1.6425855159759521,1.6981320240894484,1.6029095738876082,1.6663910812289582,3657000
2020-11-10,1.6743265390396118,1.7140026767015153,1.6029098317899075,1.6267154008731421,1312000
2020-11-11,1.6901971101760864,1.7298730587081868,1.6505209724541403,1.6901971101760864,1203200
2020-11-12,1.6425855159759521,1.6901968356717796,1.6267151391406145,1.6663910812289582,2554900
2020-11-13,1.634650468826294,1.7298729272573472,1.6108449015159885,1.6663912252400346,1924200
2020-11-16,1.5870393514633179,1.6743264325502736,1.5632337838941481,1.6663912433605503,2456300
2020-11-17,1.618780255317688,1.6267154452284667,1.563233925942236,1.571169115853015,2850800
2020-11-18,1.5870393514633179,1.6505208649811038,1.5791041622735946,1.6346504866016573,2634100
2020-11-19,1.5870393514633179,1.6346504866016573,1.5552985947044249,1.5552985947044249,1766700
2020-11-20,1.5711692571640015,1.5949748290374115,1.5473636852905914,1.5870396384129415,1629300
2020-11-23,1.6505210399627686,1.714002749400466,1.5632339496219834,1.5632339496219834,2783700
2020-11-24,1.666391372680664,1.7140027007037086,1.6505209930695985,1.6981323210926433,1609500
2020-11-25,1.6822618246078491,1.6822618246078491,1.6187803034346795,1.6663914443145567,1434500
2020-11-26,1.6743265390396118,1.7060674870071038,1.6584561596507885,1.6584561596507885,728400
2020-11-27,1.6822618246078491,1.698132394090998,1.6663914443145567,1.6663914443145567,697100
2020-11-30,1.6267153024673462,1.6981321945866341,1.5870393563954273,1.6981321945866341,1999500
2020-12-01,1.602909803390503,1.6505209407134265,1.5632338556213998,1.6505209407134265,1502100
2020-12-02,1.602909803390503,1.6663913198210678,1.579104234729041,1.602909803390503,1790500
2020-12-03,1.5314929485321045,1.5949745573076788,1.5076873807143583,1.5870393680350967,2058700
2020-12-04,1.5156227350234985,1.5870395408482496,1.5156227350234985,1.5473635901650147,1896400
2020-12-07,1.4759467840194702,1.5076875445591595,1.4521412136147034,1.5076875445591595,1898100
2020-12-08,1.4521411657333374,1.4759467353531648,1.4521411657333374,1.468011545479889,1298900
2020-12-09,1.4362707138061523,1.483881948383748,1.4204003338119293,1.4600763783924133,1239400
2020-12-10,1.499752402305603,1.523557973470391,1.4283355942163083,1.4442060695877645,1790400
2020-12-11,1.4918169975280762,1.4997521867759713,1.4362705781978917,1.4997521867759713,1541800
2020-12-14,1.4401007890701294,1.5117080394470692,1.4401007890701294,1.5117080394470692,1616700
2020-12-15,1.4957952499389648,1.5037516000838125,1.4241880037881618,1.4321443539330094,1044400
2020-12-16,1.487838864326477,1.535576964057564,1.4719261644161146,1.487838864326477,1106200
2020-12-17,1.4719260931015015,1.5276205400893816,1.4639697435318044,1.5276205400893816,999800
2020-12-18,1.4639699459075928,1.5117080499249798,1.4639699459075928,1.4878389979162863,913900
2020-12-21,1.4560133218765259,1.4639696710523131,1.392362433623064,1.4321441795020005,979100
2020-12-22,1.4321445226669312,1.463970021843147,1.4162318205024165,1.4480573196786324,949900
2020-12-23,1.4719260931015015,1.495795141810593,1.4241879008361502,1.4321442504058473,1021400
2020-12-24,1.4401007890701294,1.4798826369893987,1.4321444384557118,1.4798826369893987,383900
2020-12-29,1.3923625946044922,1.440100695178574,1.3684935443174515,1.440100695178574,1539900
2020-12-30,1.4401007890701294,1.4401007890701294,1.3923626853836235,1.3923626853836235,685800
2020-12-31,1.4082753658294678,1.448057213161646,1.4082753658294678,1.4401007678174667,571300
2021-01-04,1.4401007890701294,1.4560135851461458,1.4082753866124589,1.4241880878412942,724000
2021-01-05,1.4957952499389648,1.5435334456552254,1.4401007040778568,1.4401007040778568,1929000
2021-01-06,1.51170814037323,1.5514899909484547,1.4719263846451927,1.51170814037323,1713800
2021-01-07,1.5594459772109985,1.5753586757789204,1.5276204852279893,1.5276204852279893,1913500
2021-01-08,1.5355769395828247,1.567402433743473,1.5117078900977172,1.567402433743473,1044600
2021-01-11,1.5196642875671387,1.5435334326477088,1.51170793748934,1.5196642875671387,526600
2021-01-12,1.6787912845611572,1.686747634167823,1.543533341247841,1.543533341247841,2952900
2021-01-13,1.7901805639266968,1.8299623162973073,1.6947043582372316,1.72652976013372,3421500
2021-01-14,1.8697443008422852,1.933395302233445,1.8140498406076047,1.8140498406076047,2290800
2021-01-15,1.8936132192611694,1.9333949697300281,1.798136828441559,1.8777003293792767,2201900
2021-01-18,1.7981367111206055,1.893613095710778,1.7583549632473405,1.893613095710778,1214400
2021-01-19,1.782224416732788,1.814049822259277,1.726529957061433,1.7901807681144102,1681200
2021-01-20,1.7106170654296875,1.7901805704613367,1.7106170654296875,1.7901805704613367,1921900
2021-01-21,1.7026605606079102,1.7822240584284164,1.7026605606079102,1.7026605606079102,1997700
2021-01-22,1.6628786325454712,1.7344859707322378,1.6549222827129797,1.6549222827129797,1293200
2021-01-25,1.726529836654663,1.7424425383081685,1.6708351911730264,1.6708351911730264,828400
2021-01-26,1.6549224853515625,1.7663115863399328,1.6469661345448479,1.7344861831130745,1606500
2021-01-27,1.6390094757080078,1.694704110582307,1.5992277291508874,1.654922174330856,1775200
2021-01-28,1.7503986358642578,1.766311335215305,1.6390095507125872,1.6549222500636347,1658900
2021-01-29,1.7185730934143066,1.7503984894544067,1.6628784606498084,1.7424421404443817,1301100
2021-02-01,1.8458749055862427,1.8538312555790752,1.7424423556794213,1.7503987056722536,2739500
2021-02-02,1.8220062255859375,1.9174826345817972,1.766311764326744,1.8936135797564286,1915400
2021-02-03,1.885656714439392,1.9095259548576717,1.8140495622676116,1.8140495622676116,940700
2021-02-04,1.9254385232925415,1.9413512226838567,1.8458748366416255,1.8697438857285984,1322000
2021-02-05,1.9572643041610718,2.03682781664958,1.9333952504145193,1.9731770066587735,2589200
2021-02-08,2.148216962814331,2.1720860169940663,1.989089745255051,1.989089745255051,3187100
2021-02-09,2.1323039531707764,2.187998404908576,2.068652961490367,2.1800420546603188,2467900
2021-02-10,2.1243479251861572,2.1959550882832795,2.10047887082045,2.1641296824623364,2148200
2021-02-11,2.3948631286621094,2.617641072061572,2.180041533609259,2.187997881955872,8909900
2021-02-12,2.5858163833618164,2.5937727338766936,2.370994729765768,2.4187328328550324,4670600
2021-02-16,2.681292772293091,2.768812823616332,2.6255983148929016,2.6335546659500717,5586700
2021-02-17,2.5858163833618164,2.7369872328388456,2.5301219297576747,2.7369872328388456,3166200
2021-02-18,2.4505579471588135,2.5778597301428525,2.4505579471588135,2.5778597301428525,2330200
2021-02-19,2.490339517593384,2.5301212596312013,2.4187321922310034,2.4346448890461305,1646900
2021-02-22,2.5301218032836914,2.538078153400852,2.466470812652055,2.466470812652055,1481400
2021-02-23,2.546034336090088,2.5539906856840373,2.37895080492282,2.53012163690219,2284500
2021-02-24,2.6096854209899902,2.6415108228797872,2.498296514375702,2.5460346172103967,1694800
2021-02-25,2.4505579471588135,2.625597827626491,2.4187325488363878,2.625597827626491,1740400
2021-02-26,2.3630380630493164,2.4664706059022627,2.30734361689773,2.4107761597506765,3104700
2021-03-01,2.3391692638397217,2.4426018177091,2.331212913542077,2.3869073656255884,1822800
2021-03-02,2.2755184173583984,2.3948638691534834,2.2516493649382547,2.3312130626997667,1739800
2021-03-03,2.3709945678710938,2.4426017176155583,2.275518178517461,2.275518178517461,1538400
2021-03-04,2.347125768661499,2.458514680161863,2.291431312911317,2.3709948211258625,2023400
2021-03-05,2.410776138305664,2.4346451864440173,2.315299945752251,2.410776138305664,1507500
2021-03-08,2.3152997493743896,2.4346449799435956,2.2914307032605485,2.426688631238982,1939200
2021-03-09,2.3709945678710938,2.418732667700737,2.3153001180698434,2.3153001180698434,1541700
2021-03-10,2.5062530040740967,2.5221657059029683,2.3869075506631896,2.3948639015776254,1630800
2021-03-11,2.593773126602173,2.6255985334803955,2.530122312845728,2.5619477197239506,1615300
2021-03-12,2.4782283306121826,2.597757108256287,2.4543226130805125,2.597757108256287,1585800
2021-03-15,2.3985419273376465,2.5419763819584515,2.374636216565129,2.478227629912704,1559900
2021-03-16,2.3188562393188477,2.39854194239412,2.294950528396266,2.3905733720865925,1213000
2021-03-17,2.3188562393188477,2.334793379933902,2.2710446274879823,2.3108876690113203,1142700
2021-03-18,2.20729660987854,2.310888239432733,2.1754223207805574,2.286982332623497,1596100
2021-03-19,2.3108882904052734,2.3108882904052734,2.1674537963147884,2.191359513665577,1536000
2021-03-22,2.271045207977295,2.3108882596846954,2.231202346255645,2.3029196873403657,894300
2021-03-23,2.0877676010131836,2.2152649330542338,2.0797990296347257,2.2152649330542338,1694500
2021-03-24,2.111673355102539,2.167453350788644,2.0957362134779376,2.111673355102539,1057400
2021-03-25,2.095736026763916,2.1196417370710026,2.0319872759593216,2.06386155636877,1304700
2021-03-26,2.1674540042877197,2.191359723932325,2.103705418568772,2.1116739917836402,757100
2021-03-29,2.095736026763916,2.1833902978898996,2.06386155636877,2.151516017480451,601000
2021-03-30,2.111673355102539,2.143547638351742,2.0479245986184194,2.079798881867622,815500
2021-03-31,2.079799175262451,2.1355793688031164,2.0638620313896157,2.111673652993863,460000
2021-04-01,2.2312018871307373,2.2471390285399364,2.071830283053032,2.071830283053032,1789100
2021-04-05,2.1674540042877197,2.255108309651273,2.1515168578579824,2.2312025900066677,961900
2021-04-06,2.1674540042877197,2.2312025900066677,2.143548284643114,2.1833911507174566,736800
2021-04-07,2.1515166759490967,2.1913595386547593,2.143548103407964,2.1515166759490967,545800
2021-04-08,2.143547773361206,2.1515163446754,2.1037049167902353,2.1515163446754,362200
2021-04-09,2.095736026763916,2.135578877275727,2.0797986965734943,2.135578877275727,439000
2021-04-12,2.079799175262451,2.1515165126759523,2.055893459453198,2.1515165126759523,454900
2021-04-13,2.0399560928344727,2.0877675192323775,2.024018950701838,2.0877675192323775,627800
2021-04-14,2.1515166759490967,2.159485248490229,2.0558936154697505,2.0558936154697505,1355300
2021-04-15,2.2312018871307373,2.2471390285399364,2.1515161800847404,2.15948475078934,1540900
2021-04-16,2.2790133953094482,2.310887869287706,2.2072962563262357,2.2391705403187747,1775400
2021-04-19,2.3108882904052734,2.3268254353057993,2.25510809326768,2.2790138106184687,912300
2021-04-20,2.3268253803253174,2.3507310971112387,2.279013756767726,2.3188568080633436,2746300
2021-04-21,2.3905742168426514,2.4065113630894075,2.2949513393621146,2.2949513393621146,1958700
2021-04-22,2.366668224334717,2.390573940945886,2.2471394512931235,2.390573940945886,2320700
2021-04-23,2.406510829925537,2.438385115357283,2.3108879736302996,2.3666679731358546,1376500
2021-04-26,2.486196517944336,2.5021338504820845,2.3826050913561847,2.390573662632196,1987600
2021-04-27,2.438385009765625,2.518070909880004,2.390573583688429,2.502133767854272,1461400
2021-04-28,2.4782283306121826,2.5101028106401637,2.438385468059399,2.4543226130805125,881300
2021-04-29,2.4782283306121826,2.6694742608512976,2.470259758101626,2.4861969031227393,6893200
2021-04-30,2.486196517944336,2.4941652792060727,2.422447947736243,2.4702593753923128,554200
2021-05-03,2.5101029872894287,2.5579144257175135,2.5021344142180815,2.5180715603607764,525400
2021-05-04,2.565882682800293,2.5738512548903105,2.510102678170171,2.5260398223502056,1020800
2021-05-05,2.6057255268096924,2.6933800092325777,2.573851238650732,2.5897883827302124,1140100
2021-05-06,2.64556884765625,2.6615059945107147,2.565883113383926,2.605725980520088,1319800
2021-05-07,2.7571287155151367,2.773065860345857,2.6216627944682624,2.6375999392989824,1387100
2021-05-10,2.677443027496338,2.812908959983841,2.6694744544080002,2.789003240718829,1092600
2021-05-11,2.613693952560425,2.6854110969040623,2.5340082366230496,2.59775680937295,961000
2021-05-12,2.685411214828491,2.7890028400818294,2.6375997831665234,2.6615054989975073,1286200
2021-05-13,2.565882682800293,2.741191458766421,2.5579141107102754,2.6694741199705194,1639000
2021-05-14,2.6694743633270264,2.6774429361434806,2.5977572079789395,2.621662926428302,1220200
2021-05-17,2.860719680786133,2.876656822964328,2.693379687915083,2.693379687915083,1457800
2021-05-18,2.844783067703247,2.9005632656870945,2.781034487134,2.852751640274403,1391400
2021-05-19,2.796971559524536,2.804940131888422,2.7013486911579028,2.78900298716065,914000
2021-05-20,2.733222723007202,2.8049398675228363,2.7093170081686577,2.8049398675228363,742100
2021-05-21,2.733222723007202,2.7730655810714433,2.7093170081686577,2.7730655810714433,593700
2021-05-25,2.64556884765625,2.75712906562328,2.621663127374553,2.7411919187688154,1013100
2021-05-26,2.677443027496338,2.685411600584675,2.6216630158779766,2.653537308231326,761000
2021-05-27,2.709317207336426,2.7491600683296014,2.661505584158867,2.6774427285561377,1259300
2021-05-28,2.7411911487579346,2.781034004702089,2.725254006380273,2.7332225775691037,700000
2021-05-31,2.8208773136138916,2.868688748424287,2.749160161398298,2.749160161398298,799400
2021-06-01,2.908531904220581,2.9882176317393254,2.8766574232273228,2.9005633314687067,1489400
2021-06-02,2.9324371814727783,2.940405753026275,2.876656990612569,2.940405753026275,861900
2021-06-03,2.8925940990448,2.956342666521583,2.828845341582299,2.9085312409139954,609700
2021-06-04,2.9005627632141113,2.9563427615492706,2.8447825748932294,2.9085313344048487,635600
2021-06-07,2.8846259117126465,2.9483746818511545,2.8288459040789875,2.9244689642938724,589600
2021-06-08,2.860719680786133,2.9005627262173417,2.812908254251547,2.9005627262173417,610400
2021-06-09,2.9643115997314453,2.9882173154568106,2.8527514030273315,2.868688546844242,1004300
2021-06-10,3.2272746562957764,3.2750860848370857,3.036028562159081,3.036028562159081,3102100
2021-06-11,3.354771852493286,3.3786773771588785,3.2193059461500497,3.2193059461500497,1817500
2021-06-14,3.334826707839966,3.430563652793026,3.326848851007464,3.3428049450957587,1819700
2021-06-15,3.382695198059082,3.422585625943765,3.3108929604592934,3.3108929604592934,888000
2021-06-16,3.3268487453460693,3.3826948826697714,3.278980464601491,3.3826948826697714,1277400
2021-06-17,3.231112003326416,3.2949363740864896,3.1672874423547137,3.2949363740864896,1268100
2021-06-18,3.2390897274017334,3.3587606079095047,3.1832434052635303,3.1832434052635303,899700
2021-06-21,3.350782871246338,3.4146076293431595,3.239090210317673,3.2630245421568933,1281500
2021-06-22,3.350782871246338,3.398651534924779,3.3268489198304163,3.398651534924779,512800
2021-06-23,3.4624757766723633,3.4943879642563522,3.390673164396746,3.390673164396746,1172500
2021-06-24,3.566190242767334,3.582146336768092,3.470453678762787,3.494388009975568,971100
2021-06-25,3.8693559169769287,3.8773341531740253,3.582145881076531,3.582145881076531,4740300
2021-06-28,3.8693559169769287,3.917224192889788,3.7975536933192595,3.861378061203072,2553000
2021-06-29,3.8693559169769287,3.9730707049997447,3.8135097852902127,3.9730707049997447,1622200
2021-06-30,4.14858865737915,4.164544752968173,3.917225081126659,3.9491372723047045,2995400
2021-07-02,4.236346244812012,4.27623666336984,4.036894912869318,4.148587552238723,2052000
2021-07-05,4.204434394836426,4.316127043044189,4.1964565387474995,4.308149186955263,1009900
2021-07-06,4.124654769897461,4.2443256789327,3.997006003152317,4.220391344956319,1391800
2021-07-07,4.036895275115967,4.164544017278287,4.028917418942451,4.140610068334482,1381300
2021-07-08,4.012960910797119,4.1166753128570654,3.7895752547120845,3.9491361658990947,1267800
2021-07-09,4.0289177894592285,4.076786072172274,3.949136937847525,4.060829977934592,797000
2021-07-12,4.02094030380249,4.04487463984494,3.9172254816574843,4.02094030380249,741600
2021-07-13,3.989027261734009,4.052851637054028,3.9491368369473547,4.004983355564014,723700
2021-07-14,3.8135108947753906,4.028918389264536,3.7975547981622446,3.989027957519996,1525400
2021-07-15,3.8613784313201904,3.9650928488609,3.749685396394385,3.749685396394385,868700
2021-07-16,3.8135108947753906,3.917225332549164,3.749686127899456,3.9092474744542662,974000
2021-07-19,3.765641212463379,3.8214877258118234,3.5582120122409053,3.6060802892153223,1654700
2021-07-20,3.9650933742523193,4.068808185958951,3.7177737020141928,3.749685893243414,1897900
2021-07-21,3.933180332183838,4.068807305780392,3.9092463841510607,4.028917265584681,926400
2021-07-22,3.9571142196655273,3.989026400435152,3.8853116227222695,3.9730703100503395,862400
2021-07-23,3.9571142196655273,3.9810481650311447,3.8853116227222695,3.9571142196655273,402100
2021-07-26,3.9730708599090576,4.124653929754929,3.917224345621656,3.9730708599090576,1046700
2021-07-27,3.9252030849456787,3.9730713688568082,3.8613787063975056,3.9730713688568082,419800
2021-07-28,3.8693559169769287,3.9411585210578384,3.8533998250059756,3.9331802848607413,657600
2021-07-29,3.8454229831695557,3.9252034640603473,3.8294668869913973,3.9012691295814395,851500
2021-07-30,3.7576632499694824,3.829465853606873,3.6938388824799073,3.829465853606873,719500
2021-08-03,3.6938395500183105,3.7417078342860886,3.61405907623868,3.7097956447742364,1598800
2021-08-04,3.5103440284729004,3.669904965048508,3.5023657914324797,3.6539488713909476,870600
2021-08-05,3.5981032848358154,3.637993334877074,3.518322423906621,3.518322423906621,651400
2021-08-06,3.6060802936553955,3.64597071472815,3.4784315548997795,3.598102437694794,880300
2021-08-09,3.5422563552856445,3.5821464007888166,3.422585457929538,3.550234212216961,773600
2021-08-10,3.6459708213806152,3.661926914191817,3.566189976901345,3.5741682135185764,476700
2021-08-11,3.6858608722686768,3.7337291508200963,3.5582121294648905,3.590124315165837,679200
2021-08-12,3.8294665813446045,3.9411592456770235,3.757663964062109,3.7656418213027694,1811400
2021-08-13,3.8055317401885986,3.9491365751383207,3.7975538840141327,3.869356111277364,1275700
2021-08-16,3.7975542545318604,3.8853125831296405,3.645971168194836,3.7257516398397708,1174600
2021-08-17,3.7417078018188477,3.8932908908964947,3.693839517966428,3.773619991053794,832400
2021-08-18,3.65394926071167,3.7576640707480533,3.6140592125292064,3.741707975390404,1278000
2021-08-19,3.5262997150421143,3.5661897543693306,3.4465192559644446,3.5262997150421143,1594700
2021-08-20,3.669905662536621,3.7257521911637004,3.5103446956354714,3.5103446956354714,918300
2021-08-23,3.7417078018188477,3.813510417809129,3.7257517072013746,3.773619991053794,942200
2021-08-24,3.8533997535705566,3.909246264645214,3.789575386869938,3.789575386869938,917200
2021-08-25,3.981048822402954,4.02891748188492,3.8294661289287015,3.8534000782464193,1378500
2021-08-26,4.076786041259766,4.10071999222316,3.8853125314361514,3.965093002019619,1477000
2021-08-27,4.268259048461914,4.371973847462764,4.116675968481429,4.116675968481429,2102500
2021-08-30,4.316127300262451,4.411864241997774,4.244325069490056,4.324105537250094,1603000
2021-08-31,4.332083225250244,4.379951504043681,4.252302760594517,4.276237090202867,1583200
2021-09-01,4.611317157745361,4.667163313811601,4.348040954657089,4.348040954657089,2035100
2021-09-02,4.778855323791504,4.802789658989439,4.675140885729393,4.707053079044404,1739400
2021-09-03,4.826723575592041,4.826723575592041,4.691096575553755,4.77885490934756,1301200
2021-09-07,4.7868332862854,4.898525956446861,4.7549210948106975,4.866613764972158,1484900
2021-09-08,4.890547275543213,5.010218163640304,4.80278857354891,4.818744666600304,1802100
2021-09-09,4.87459135055542,4.9384157249615015,4.786832645535419,4.89054744415694,1634900
2021-09-10,4.834700584411621,4.96234932419598,4.81076663591368,4.906503190751949,922000
2021-09-13,4.930438041687012,5.010218899078087,4.88256975550636,4.946394137080563,2704900
2021-09-14,4.88652229309082,4.982336366116613,4.822646244406958,4.958383038225806,2036000
2021-09-15,5.269778728485107,5.325670458930817,4.982336141627734,4.990320837719091,3754000
2021-09-16,5.33365535736084,5.413500804077983,5.150011515227764,5.269779304572171,3147800
2021-09-17,5.102105140686035,5.333656052592838,5.038229079571242,5.325671735319167,19548400
2021-09-20,4.910477161407471,4.982337542782252,4.73481760531051,4.870554431185969,2430000
2021-09-21,5.014275074005127,5.110089152817194,4.886522588191066,4.92644531139508,3086100
2021-09-22,5.078151702880859,5.1579967776194335,5.04621367298543,5.094120717828575,1327500
2021-09-23,5.070166110992432,5.1340421595196934,4.974352038201539,5.110088831687611,2013300
2021-09-24,5.253810882568359,5.269779897562465,4.9983066426626666,5.054198004776362,2183200
2021-09-27,5.50931453704834,5.533267864973179,5.349624034380525,5.381562058767831,2691800
2021-09-28,5.309701442718506,5.684973401856743,5.301716746634307,5.5811746371497515,2126800
2021-09-29,5.573190689086914,5.60512871406599,5.229856730196196,5.309701792643888,1742700
2021-09-30,5.597145080566406,5.629083109439228,5.485361598780194,5.549237656525837,1383400
2021-10-01,5.50931453704834,5.661020343253687,5.4933455248546865,5.6131133066727275,1446300
2021-10-04,5.301717281341553,5.613113606868552,5.2697792552461635,5.5811752000418595,2469400
2021-10-05,5.381562232971191,5.501330018666165,5.349624207550038,5.405515942402705,1897800
2021-10-06,5.237841606140137,5.421485459771892,5.142027520957829,5.293733346195482,1888800
2021-10-07,5.237841606140137,5.309702360392533,5.1979192610131735,5.269779634534239,1780600
2021-10-08,5.3496246337890625,5.5093151543496965,5.269779563874408,5.269779563874408,1849400
2021-10-12,5.3975324630737305,5.469392841044612,5.277764658813791,5.4614085238173375,1330000
2021-10-13,5.309701442718506,5.373577488467034,5.142026632262986,5.293732431281374,1760100
2021-10-14,5.50931453704834,5.525283549241993,5.365593046574178,5.365593046574178,1437800
2021-10-15,5.50931453704834,5.645051331060034,5.41350046388642,5.573190585822953,1655600
2021-10-18,5.33365535736084,5.597144646211059,5.317686344163673,5.557221922852488,1462300
2021-10-19,5.197918891906738,5.349624325640393,5.126058142757205,5.349624325640393,1313500
2021-10-20,5.261794567108154,5.293732590945702,5.014274692001524,5.150011102945462,2049400
2021-10-21,5.070166110992432,5.237840928742135,4.974352038201539,5.237840928742135,1580000
2021-10-22,5.142026901245117,5.213887646836918,5.078150852155199,5.110088876700158,993900
2021-10-25,5.229856491088867,5.325670561645509,5.150011051560393,5.213887479329427,2484000
2021-10-26,5.165979862213135,5.245825298633301,5.150010851075352,5.22985628749552,1309200
2021-10-27,5.142026901245117,5.245825671381876,5.078150852155199,5.134042204743235,1101800
2021-10-28,5.237841606140137,5.253810620337188,5.030244421578469,5.118073809296586,1324600
2021-10-29,5.309701442718506,5.34163946559277,5.126057620825854,5.237840700885779,911100
2021-11-01,5.3496246337890625,5.517299470975499,5.269779563874408,5.3496246337890625,1672700
2021-11-02,5.525282859802246,5.565205194939265,5.309701031722389,5.341639052124498,2199300
2021-11-03,5.445439338684082,5.605129485559311,5.437454640974649,5.485361685037218,1345400
2021-11-04,5.692959308624268,5.772804382790042,5.573191507009932,5.589160521843087,1856300
2021-11-05,5.68497371673584,5.7488497660223326,5.5412526058412315,5.7248964379055405,1480300
2021-11-08,5.68497371673584,5.82071051183528,5.645051376297425,5.73288075370071,1462200
2021-11-09,5.716912746429443,5.732881761558467,5.51729986695097,5.692959414101584,1418400
2021-11-10,5.669004917144775,5.788772704416902,5.597144549366539,5.692958626891721,1461100
2021-11-11,6.116138935089111,6.1959843970753,5.756835879076778,5.756835879076778,3597600
2021-11-12,6.219936847686768,6.227921545043896,5.980401257211493,6.0762157218403985,2347700
2021-11-15,6.148075580596924,6.219936327880294,6.0442771887480795,6.18001360589369,1498900
2021-11-16,6.203967571258545,6.251874611180732,6.0362927411652345,6.148075834317005,1280200
2021-11-17,6.092183589935303,6.259858395583522,6.004353839183556,6.148074937997206,1672300
2021-11-18,6.148075580596924,6.267843365825444,6.0682305173550075,6.100168542651774,1075000
2021-11-19,5.956448554992676,6.068231664666015,5.868618778455084,6.0442783315302675,2366300
2021-11-22,5.788773059844971,5.916525171055802,5.756835032042263,5.852649115450386,2912200
2021-11-23,5.836679935455322,6.012339464102816,5.73288115768465,5.844664632544442,2133200
2021-11-24,5.828696250915527,5.884587613672613,5.764819809472445,5.820711552960884,1430600
2021-11-25,5.8207106590271,5.892571406657233,5.780787936847849,5.828695355755468,802100
2021-11-26,5.557221412658691,5.58915943612088,5.269778820767718,5.333654867692096,2365900
2021-11-29,5.581176280975342,5.756835839252124,5.485362184132393,5.684975076254225,1273500
2021-11-30,5.181949138641357,5.53326778238961,5.078150751297435,5.477376430911639,4249400
2021-12-01,5.094120502471924,5.429470182928198,5.062182473926691,5.253810645198087,1630100
2021-12-02,5.197918891906738,5.301717286451139,4.902491579142712,5.030244064378695,1808300
2021-12-03,5.197918891906738,5.365593338703478,5.14202715582029,5.197918891906738,1369200
2021-12-06,5.070166110992432,5.229856613041868,4.958383026069724,5.102104135256063,2681700
2021-12-07,5.389547348022461,5.4214853759226065,5.165980771990117,5.165980771990117,1229300
2021-12-08,5.341639995574951,5.46140778360209,5.301717272655471,5.46140778360209,1237500
2021-12-09,5.2857489585876465,5.309702671653081,5.165981154723178,5.2857489585876465,1016200
2021-12-10,5.309701442718506,5.349623780945704,5.157995643700118,5.349623780945704,853300
2021-12-13,5.221872806549072,5.4055166677281345,5.205903791695734,5.285748865962425,1510200
2021-12-14,5.0139570236206055,5.229869033965441,4.997963555495594,5.173891704870721,1288100
2021-12-15,5.0139570236206055,5.02195394834029,4.790048088556085,4.965976619245571,1837600
2021-12-16,5.117914199829102,5.221871921979477,4.9979630112951545,5.037946867911243,1286700
2021-12-17,4.933989524841309,5.061937265740161,4.854022186779526,5.061937265740161,1590700
2021-12-20,4.925992488861084,4.941985956111373,4.710080490325012,4.806041675141084,822900
2021-12-21,5.157897472381592,5.181887861671081,4.965975883322882,4.9979628148326665,733200
2021-12-22,5.2138752937316895,5.285846087195313,5.085927555409106,5.141904500268067,587600
2021-12-23,5.133907794952393,5.269852453278908,5.125910870902914,5.213875128875541,1014400
2021-12-24,5.157897472381592,5.1658943959161885,5.0939236093620215,5.133907464406404,183100
2021-12-29,5.309835910797119,5.453777492663847,5.245862043884939,5.397800168458528,1004300
2021-12-30,5.109918594360352,5.3338275628141165,5.109918594360352,5.325830636901932,833600
2021-12-31,5.165894508361816,5.165894508361816,5.0379467795376485,5.093923720241067,721200
2022-01-04,5.157897472381592,5.3578159849748985,5.149900930161296,5.205878250960571,1133200
2022-01-05,5.021953582763672,5.277849054135768,5.013956658626129,5.189884795194445,1521400
2022-01-06,5.045945167541504,5.189886415116775,5.005961678316709,5.093925583399928,1140600
2022-01-07,5.189884662628174,5.213875053113681,5.085927320695829,5.093923863314784,1239100
2022-01-10,5.397800445556641,5.397800445556641,5.165894975437873,5.197881910536024,1668300
2022-01-11,5.597718715667725,5.605715639720984,5.421790580953615,5.437784047745806,2046900
2022-01-12,5.845617771148682,5.869608162525783,5.661692708305345,5.661692708305345,2157200
2022-01-13,5.4457807540893555,5.797637415402541,5.413793819544006,5.765650480857191,2220000
2022-01-14,5.4937615394592285,5.509755007848502,5.301839918787952,5.405797653975409,1731400
2022-01-17,5.589723110198975,5.597720036138663,5.477768816244238,5.541742698504088,628800
2022-01-18,5.357816696166992,5.677686435038384,5.3498201528852425,5.621709488123078,1306800
2022-01-19,5.069933891296387,5.453777472677096,5.061936967304509,5.453777472677096,1689300
2022-01-20,4.8700151443481445,5.149900988908707,4.838028212473469,5.141904065282884,2730200
2022-01-21,4.550146579742432,4.822035949839455,4.486172700028874,4.798045554289669,3642200
2022-01-24,4.662100315093994,4.6780937831213665,4.3342340298756925,4.390210977314316,2492600
2022-01-25,4.8300323486328125,4.886009682352956,4.462182170047618,4.6221172458275745,1657900
2022-01-26,4.766057968139648,5.021953833607955,4.702084097101159,5.013956909070969,1961800
2022-01-27,4.862019062042236,4.965976799280848,4.750064781108393,4.909999468156741,1774200
2022-01-28,5.0299506187438965,5.133908354838419,4.933989807570969,4.957979819707017,2620300
2022-01-31,5.0139570236206055,5.109917832370675,4.981970087370582,5.037947416465301,1885900
2022-02-01,5.2138752937316895,5.2138752937316895,4.917995958203545,4.99796329465516,1577400
2022-02-02,5.501758098602295,5.541741576260544,5.301839566368034,5.309836109373949,2753100
2022-02-03,5.477767467498779,5.581725191231591,5.341822810511921,5.357816277138944,1654800
2022-02-04,5.541742324829102,5.717670870495391,5.517752311256492,5.573729263802174,1995400
2022-02-07,5.41379451751709,5.589722680198039,5.405797973506967,5.557735741528776,2091500
2022-02-08,5.157897472381592,5.381806374264388,5.117913998651511,5.381806374264388,1759600
2022-02-09,5.301840305328369,5.325830319004132,5.1658956234510685,5.205879487996531,1121400
2022-02-10,5.157897472381592,5.2858455797350326,5.109917075116914,5.229868258935759,2357600
2022-02-11,5.205878734588623,5.245862212033183,5.10192100686696,5.197881810311109,2696300
2022-02-14,5.197882175445557,5.253859505377372,5.117914833624652,5.1898852506062845,1615000
2022-02-15,5.2298688888549805,5.237865813352779,5.045943819863441,5.109917690588438,1232800
2022-02-16,5.437784671783447,5.509755089950439,5.221872654653731,5.277849604193128,2497900
2022-02-17,5.189884662628174,5.453777432711477,5.165894653456987,5.429787042225969,1594900
2022-02-18,5.021953582763672,5.157897861272932,5.013956658626129,5.157897861272932,1146100
2022-02-22,5.093924522399902,5.197882259097296,4.9979637106704775,5.061937585156761,1267300
2022-02-23,5.109918594360352,5.237866739754395,5.061938182830491,5.141905535380259,1003400
2022-02-24,5.149901390075684,5.317832986156416,4.989966336929381,5.30983606190765,1794300
2022-02-25,5.2938432693481445,5.309836738569477,5.1019216386921515,5.117915107913484,1609700
2022-02-28,5.389803886413574,5.46977161089303,5.349820405488217,5.3738104177805575,1512800
2022-03-01,5.541742324829102,5.733664339981928,5.493761916369492,5.493761916369492,2987500
2022-03-02,5.565732002258301,5.677686274232447,5.445780805914546,5.621709328902544,2251900
2022-03-03,5.5257487297058105,5.629706469661846,5.453778309309955,5.597719531416048,1270500
2022-03-04,5.6616926193237305,5.693679553114257,5.533744884161626,5.533744884161626,2260200
2022-03-07,5.565732002258301,5.789640546206592,5.501758132558789,5.72566667650708,2960900
2022-03-08,5.573729515075684,5.669690717635392,5.437785208968712,5.6297068514593125,3117800
2022-03-09,5.477767467498779,5.581725191231591,5.277848944003829,5.3978001343636635,2243800
2022-03-10,5.6536970138549805,5.669690483401787,5.4537784538626966,5.517752332049924,1846300
2022-03-11,5.485764503479004,5.661692639968399,5.469771036525422,5.613712239107654,1249500
2022-03-14,5.189453125,5.4216971379411065,5.013268156581954,5.405680322630375,3108300
2022-03-15,5.213479042053223,5.269537710115492,4.869116906831689,5.085344125330101,2357400
2022-03-16,5.277546405792236,5.317588257728742,5.157420086240634,5.229495954345804,896000
2022-03-17,5.581866264343262,5.6539421367447265,5.389664447100775,5.405681265204316,2004500
2022-03-18,5.493772506713867,5.693982871137701,5.493772506713867,5.589873389988276,1739700
2022-03-21,5.854152202606201,5.854152202606201,5.557840894539879,5.629916762615325,3275600
2022-03-22,5.862159729003906,6.0463532833568845,5.822117502542878,5.854151130963311,1986900
2022-03-23,5.950252056121826,6.006311097168955,5.894193396945674,5.95826065421612,2103300
2022-03-24,6.262582302093506,6.2946159399050465,5.894195085389707,6.006312817730098,2699200
2022-03-25,6.775119781494141,6.815162013148841,6.126438149036747,6.238555863050476,3839000
2022-03-28,6.6630024909973145,6.759103400339529,6.5669015816551,6.614952418197276,1325800
2022-03-29,6.622960090637207,6.646985123672295,6.43876613405611,6.5508842277899095,1986600
2022-03-30,6.622960090637207,6.863211948472157,6.5829178597507045,6.646985123672295,1813600
2022-03-31,6.695035934448242,6.831179076360676,6.4868176854134445,6.566901392352332,1732600
2022-04-01,6.943297863006592,7.071432417659647,6.663002951896391,6.6950365905596545,1766200
2022-04-04,6.983339786529541,7.0634234976957355,6.815163000215731,7.047407060959359,1748200
2022-04-05,7.151516437530518,7.239608747269196,7.023381891095298,7.023381891095298,3133700
2022-04-06,7.20757532119751,7.4638444215537065,7.175541683652985,7.231600358420362,4066700
2022-04-07,7.455836296081543,7.503886368665444,7.151516369329017,7.263633714519541,2515000
2022-04-08,7.5999860763549805,7.688079135072086,7.383759256419022,7.455835117645013,3370400
2022-04-11,7.471851825714111,7.640028586835157,7.327700097969775,7.640028586835157,1629300
2022-04-12,7.583970069885254,7.8402391342451345,7.543927837643508,7.5999865045367185,1864600
2022-04-13,7.864264011383057,7.96036490860302,7.656045782610822,7.67206221694313,1748400
2022-04-14,7.992399215698242,8.040450050235517,7.816214604459814,7.888290474394673,1779600
2022-04-18,8.232649803161621,8.432860163497452,8.024431608856212,8.12854032413796,2713200
2022-04-19,7.9443488121032715,8.09650838156994,7.784180643258866,8.088500545934274,2823800
2022-04-20,8.112525939941406,8.168584610586427,7.84023965896484,7.912315529075356,1930000
2022-04-21,7.5999860763549805,8.224643031152223,7.559943846369207,8.216634432406664,2671200
2022-04-22,7.295666694641113,7.656046025318049,7.215582992956734,7.4878692589161675,2971200
2022-04-25,7.4157938957214355,7.471852567076618,6.8552048909432575,6.93528859805893,3299300
2022-04-26,7.335710525512695,7.543929569990413,7.215584564944444,7.487870890224193,2038200
2022-04-27,7.471851825714111,7.51990265620957,7.223591365423355,7.4398181932978185,1946600
2022-04-28,7.624013423919678,7.6560470616780725,7.247617607451911,7.559945384660719,1354700
2022-04-29,7.527911186218262,7.768163833383124,7.383760208913033,7.616004256299241,941800
2022-05-02,7.487868785858154,7.527910252299629,7.1995653395306345,7.399775726706071,1068300
2022-05-03,7.912315845489502,7.984391718482336,7.495877807638515,7.495877807638515,2181400
2022-05-04,8.208627700805664,8.240661339332291,7.9283327908910355,8.05646810873973,2274700
2022-05-05,8.12854290008545,8.288711850105427,7.744139253018679,8.248669612600432,2305800
2022-05-06,7.928333282470703,8.136552327675059,7.816215922546999,8.03244280507288,2925100
2022-05-09,7.36774206161499,7.760154235386262,7.319691996608148,7.6720619403790415,2187900
2022-05-10,7.431809425354004,7.607994781510433,7.191556805821059,7.431809425354004,2680600
2022-05-11,7.503885269165039,7.776171519717742,7.495876670327132,7.495876670327132,2431600
2022-05-12,7.720111846923828,7.952355836692953,7.287657494810907,7.752145474349159,4923300
2022-05-13,8.016425132751465,8.37680372398446,7.95235786158747,8.088501003746487,3926400
2022-05-16,8.280702590942383,8.47290439918185,8.048458548384168,8.080492183090747,2644200
2022-05-17,8.721166610717773,8.83328396278668,8.424855265797953,8.480913941832407,3310300
2022-05-18,8.569005966186523,8.889343101775179,8.440871417447923,8.809258626942476,1800500
2022-05-19,8.520956039428711,8.641081990010061,8.272694774153841,8.43286296284303,1417100
2022-05-20,8.480913162231445,8.649089938617474,8.29671918631241,8.593030503994058,1042900
2022-05-24,8.777223587036133,8.825274417004998,8.57701319569292,8.641080459823385,1937600
2022-05-25,9.257729530334473,9.337813234669564,8.809257883838018,8.833282918764336,3348300
2022-05-26,9.137601852416992,9.345820836188352,9.033492360531314,9.265736376663364,2229100
2022-05-27,9.185652732849121,9.19366056785332,8.873324255425054,9.02548457663499,1436200
2022-05-30,9.329805374145508,9.449932085776751,9.201670826065902,9.201670826065902,917500
2022-05-31,9.129593849182129,9.497981012289031,8.985442881873903,9.401880112836196,2141500
2022-06-01,9.361838340759277,9.505990078897128,9.161627932786526,9.281754635815433,1846500
2022-06-02,9.481966972351074,9.554042856079707,9.289765124902884,9.36984884613517,1615500
2022-06-03,9.329805374145508,9.546032996836455,9.24972166346683,9.489974322987166,1610200
2022-06-06,9.810310363769531,9.938444907546556,9.457940368382712,9.489974004326967,2735600
2022-06-07,9.86636734008789,9.922426766162477,9.618106895121844,9.722216384983797,2200900
2022-06-08,9.86636734008789,9.994501861843528,9.682174155999663,9.922426766162477,2917500
2022-06-09,9.642131805419922,9.810308554038839,9.40988779673113,9.730224097080503,1706500
2022-06-10,9.489974021911621,9.658150801866125,9.273746406080633,9.570057730049593,3238200
2022-06-13,9.361838340759277,9.481965043788184,8.865316620635907,9.121586462185654,1931100
2022-06-14,8.551602363586426,9.522281475619371,8.46335908614743,9.33777259596029,3673500
2022-06-15,8.752156257629395,8.840400303797722,8.36709383269825,8.62380211598568,2381500
2022-06-16,8.142473220825195,8.639846661227166,8.094340800819213,8.439293126083186,2787600
2022-06-17,7.5408124923706055,8.23071713164328,7.476635423375614,8.062252134268675,4729000
2022-06-20,7.492680072784424,7.637078860541617,7.3161927505313,7.428503003792563,1130400
2022-06-21,7.685210227966309,7.853675202276673,7.540811459971453,7.741364964386129,1727700
2022-06-22,7.380370616912842,7.484658556554842,6.963219623395932,7.16377317692645,1364000
2022-06-23,6.754643440246582,7.388392610291045,6.489912822699595,7.380370284898455,4274600
2022-06-24,6.826842784881592,7.059484864076038,6.7225548507529025,6.899042182743843,1989600
2022-06-27,7.2199273109436035,7.2359719610813045,6.786731702889028,6.995307564372979,3601300
2022-06-28,7.629055976867676,7.653122184714152,7.364325395403583,7.4846571996869145,1532500
2022-06-29,7.316192150115967,7.7894985688765335,7.284103618253434,7.781476244648164,1409200
2022-06-30,7.019373416900635,7.3482810774558205,6.8829969578824866,7.059484275150265,2188200
2022-07-04,7.243992805480957,7.308169869589795,7.019373081100023,7.139704885041357,588700
2022-07-05,6.586177825927734,7.05948426980266,6.401668566665093,6.94717401979897,2790400
2022-07-06,6.393646717071533,6.682443923142016,6.064739032327011,6.449801846245815,2515500
2022-07-07,6.947174072265625,6.987284930787797,6.57815555095343,6.634311058904869,1698000
2022-07-08,6.891020774841309,7.043441151136414,6.610245471341035,6.98728639645682,1208400
2022-07-11,6.866954326629639,6.866954326629639,6.6102452460207735,6.7466217299236035,910000
2022-07-12,6.6583781242370605,6.69848898791732,6.473868457328303,6.626289586303071,1108800
2022-07-13,6.738598346710205,6.80277541553213,6.546067140244429,6.546067140244429,1292800
2022-07-14,6.7867326736450195,6.794754999861362,6.377603217225192,6.5460682425127015,1599200
2022-07-15,6.834864139556885,6.955195942204332,6.7065092476684125,6.955195942204332,991900
2022-07-18,7.147726058959961,7.26805860858588,6.979261101524337,7.019371951399643,821900
2022-07-19,7.107617378234863,7.2760823870837665,7.059484955735784,7.147728240351471,905700
2022-07-20,7.388391494750977,7.404435378062703,6.9551959346211545,7.043439205463009,1024000
2022-07-21,7.107617378234863,7.211905313717619,6.9632193456865625,7.171794451601011,1254200
2022-07-22,7.0915727615356445,7.292126286397846,7.091572761535644,7.123661294911557,873200
2022-07-25,7.548835754394531,7.596968944641689,7.083551563893458,7.203883391934696,1134000
2022-07-26,7.524767875671387,7.813564658055982,7.460590812919254,7.7253213880345335,1487100
2022-07-27,7.64509916305542,7.693232339408782,7.5007011640971,7.556855898966953,991200
2022-07-28,7.725320339202881,7.901807620335836,7.572899262071883,7.78147507022439,992100
2022-07-29,7.8937859535217285,7.974006895213891,7.781475717091628,7.861697423834685,1694600
2022-08-02,7.781476974487305,7.845654044231656,7.669167484960198,7.701256019832374,1349100
2022-08-03,7.5969672203063965,7.845653145825981,7.3803690609335995,7.8135646146282625,1151400
2022-08-04,7.284103870391846,7.524768250216884,7.24399301291251,7.524768250216884,1245100
2022-08-05,7.588944911956787,7.645099650406327,7.155749357365212,7.211904095814752,1169900
2022-08-08,7.420480728149414,7.613011936402669,7.308170474142842,7.55685719192489,1075400
2022-08-09,7.604990005493164,7.661145517931493,7.476635860007364,7.476635860007364,1139200
2022-08-10,7.869721412658691,7.901809949135288,7.5327913971288964,7.6370793319406,1562200
2022-08-11,8.262804985046387,8.375114464004564,7.877741837765781,8.08631767733232,2907900
2022-08-12,8.182583808898926,8.359071128173989,8.062251997832425,8.182583808898926,1445400
2022-08-15,8.078295707702637,8.134451214697613,7.661144775309697,7.853675974875669,2047400
2022-08-16,8.278848648071289,8.47940215807341,8.086317462081475,8.222693910086992,1995300
2022-08-17,8.439292907714844,8.479403001664966,8.254783262330074,8.36709351452302,1657000
2022-08-18,8.663911819458008,8.776221295871958,8.51951304686758,8.551601577993127,1498200
2022-08-19,9.032931327819824,9.137219256992463,8.511491681956628,8.511491681956628,1936400
2022-08-22,9.313706398010254,9.35381726020836,8.93666628248083,9.032931892725644,1906400
2022-08-23,9.401948928833008,9.698768037061786,9.345793424807983,9.47414831611451,1923800
2022-08-24,9.778989791870117,9.851189185120306,9.393927381270446,9.450082124886814,1696800
2022-08-25,9.610525131225586,9.939433574733604,9.554370385650303,9.82712331853201,1363600
2022-08-26,9.530303955078125,9.770968347059842,9.514259305255539,9.62656955886061,1090400
2022-08-29,9.474150657653809,9.690748107979504,9.45008367924452,9.466128331517378,1380900
2022-08-30,9.313706398010254,9.369861911108027,9.121175177520625,9.289640186711816,1259400
2022-08-31,9.281617164611816,9.434038276514135,9.01688656504569,9.105130608268404,1143600
2022-09-01,9.153261184692383,9.201394359038336,8.880508315183969,9.06501792428413,1736000
2022-09-02,9.193373680114746,9.377882557164959,9.153262821827443,9.353816348212973,1000300
2022-09-06,8.928643226623535,9.2575508926498,8.904577017293834,9.2575508926498,931600
2022-09-07,8.7842435836792,8.856442969676575,8.51951301172277,8.720066521692848,987400
2022-09-08,8.7842435836792,8.856442969676575,8.607756280691271,8.76017737669705,1796700
2022-09-09,9.00886344909668,9.04095274566961,8.848420791486722,9.000841890004386,532500
2022-09-12,9.161283493041992,9.185349697650445,8.952707679633127,9.08908411416578,1195900
2022-09-13,9.08908748626709,9.297663377058754,9.000844193263449,9.137220678392525,673500
2022-09-14,9.45072078704834,9.474829553585641,9.201594311483312,9.233739589001006,1051800
2022-09-15,9.273920059204102,9.346247114938532,9.169447730521453,9.21766602314566,898600
2022-09-16,8.944430351257324,9.265883063897594,8.78370399493719,9.241774302050503,1763800
2022-09-19,8.928357124328613,9.000684174587864,8.606904419180502,8.711376739954563,1097400
2022-09-20,8.888177871704102,8.968540680708863,8.639051401060476,8.928358893004555,1605600
2022-09-21,8.727453231811523,9.097124405520155,8.719417485081827,9.00068854712713,1628700
2022-09-22,8.44618034362793,8.91228727495318,8.3979620416546,8.799778414618014,1064900
2022-09-23,7.674692153930664,8.0363267022512,7.401456923429509,8.0363267022512,3329100
2022-09-26,7.337167739868164,7.634511791352357,7.152331792705353,7.626475279213978,1875800
2022-09-27,7.530038356781006,7.586292400903428,7.2648396253411995,7.51396610120483,1700600
2022-09-28,7.851490497589111,7.915781041228422,7.465746469349512,7.562182284808479,1117000
2022-09-29,7.883637428283691,7.923818451710351,7.4978933188758194,7.915782706867356,1136100
2022-09-30,7.883637428283691,8.00418203137146,7.610402177120593,7.811310359869472,1350400
2022-10-03,8.172942161560059,8.261341456060578,8.020251565309414,8.148833402406034,1277300
2022-10-04,8.462255477905273,8.502437282147637,8.301529027339983,8.422073673662908,1233100
2022-10-05,8.622977256774902,8.759594857340723,8.261342747325745,8.494396165984424,999900
2022-10-06,8.695305824279785,8.76763289202988,8.558688199952693,8.606906500587385,820700
2022-10-07,8.550651550292969,8.815850259708851,8.494396744438461,8.671196139516985,1116100
2022-10-11,8.663161277770996,8.751561375334466,8.309563186728976,8.341708467732797,1383100
2022-10-12,9.00068473815918,9.129265828269435,8.526541393574798,8.598868448362754,2297900
2022-10-13,9.47482967376709,9.635556063394256,8.864068626779975,8.920323437952392,2561000
2022-10-14,8.727453231811523,9.482868605496328,8.574763314290253,9.474832092362558,4802400
2022-10-17,8.438143730163574,8.904250655850774,8.422070707565581,8.839960098266602,4215100
2022-10-18,8.293487548828125,8.655122804134697,8.148834213109208,8.510468702012068,1678400
2022-10-19,8.285453796386719,8.42207065560733,8.148836170762213,8.341707842324848,2678200
2022-10-20,8.359210014343262,8.65424146174456,8.32642882925035,8.400186691100675,1911700
2022-10-21,8.170719146728516,8.318234102427713,7.957641033250018,8.318234102427713,2651200
2022-10-24,8.211695671081543,8.400187303721081,8.113351327065518,8.146132514549139,1913800
2022-10-25,8.285453796386719,8.391992864468074,8.12974333169259,8.20350120817701,2852100
2022-10-26,8.408384323120117,8.506727903432216,8.30184524905735,8.32643094874405,1266700
2022-10-27,8.310041427612305,8.564095502296363,8.269064737047511,8.432970717741318,1306300
2022-10-28,8.047788619995117,8.40018695707572,8.03139841771225,8.334624584813998,1304100
2022-10-31,8.678826332092285,8.768974387157073,8.064178583718215,8.064178583718215,2458300
2022-11-01,8.637850761413574,8.859124354214035,8.605069575246668,8.736194319914292,1016600
2022-11-02,8.670633316040039,8.850930259196302,8.564094248791578,8.654243111152335,1069000
2022-11-03,8.818147659301758,8.900100233780211,8.523116202796972,8.572288372736146,868400
2022-11-04,8.736193656921387,9.047615292655657,8.572287738525736,9.014834108976526,1448900
2022-11-07,8.916492462158203,9.088593908619137,8.842734587737054,8.850930080798346,2024800
2022-11-08,8.719803810119629,8.908295428541118,8.6624361501767,8.82634285679638,982900
2022-11-09,8.219891548156738,8.637852334054182,8.17891486259645,8.637852334054182,1305800
2022-11-10,8.842734336853027,8.859125322510568,8.33462550494746,8.506726946525573,2017400
2022-11-11,8.924686431884766,9.02302998713851,8.744389523137016,8.932881141982085,1674400
2022-11-14,8.883710861206055,9.24430394203217,8.86731987584045,8.949273239538076,1146900
2022-11-15,8.990248680114746,9.09678772558587,8.72799842143002,8.916490819283576,960600
2022-11-16,8.785367965698242,8.957469417375087,8.7116100890417,8.924688225701653,927000
2022-11-17,8.727999687194824,8.727999687194824,8.42477348990906,8.646047104492435,942700
2022-11-18,8.752586364746094,8.793562266247871,8.416578970414081,8.506727047909306,778100
2022-11-21,8.68702507019043,8.80995435319021,8.432970228674808,8.613267187764432,637400
2022-11-22,8.957468032836914,9.15415515247598,8.752585421154937,8.801756810282132,1839500
2022-11-23,8.900100708007812,9.055811936474411,8.826343621516715,8.883710504864847,697800
2022-11-24,8.785367965698242,8.908297239082305,8.728000294095787,8.908297239082305,506200
2022-11-25,8.711607933044434,8.859123649849506,8.687022240765277,8.801755992444718,619700
2022-11-28,8.596874237060547,8.73619447615279,8.47394498212746,8.490335184721472,733500
2022-11-29,8.867318153381348,8.965661701776337,8.703412239389696,8.703412239389696,2118400
2022-11-30,8.801756858825684,8.99844397954952,8.711608790551878,8.949272590151132,996300
2022-12-01,8.703413963317871,8.998444666941031,8.62965609202078,8.916492084494976,915000
2022-12-02,8.55589771270752,8.842733688150505,8.498530830244984,8.61326537673521,1132400
2022-12-05,8.236283302307129,8.6460486329536,8.1871111187408,8.605071943575883,2024900
2022-12-06,7.851100921630859,8.318232984783581,7.834710720562114,8.195303741290255,1513700
2022-12-07,7.9494452476501465,8.113351182140482,7.752758126261744,7.851101686955945,1405000
2022-12-08,7.908470153808594,8.187110689075395,7.785540873692206,8.11335280837944,1120900
2022-12-09,7.785539627075195,7.990422248840332,7.736367453962885,7.9084688875082065,634800
2022-12-12,7.74456262588501,7.990421918140834,7.703585946914848,7.801930289069293,1631300
2022-12-13,7.629828929901123,7.974031004215129,7.580656758390464,7.883882934938264,1869100
2022-12-14,7.736597061157227,7.810513718309645,7.5394864975826135,7.654467268043927,1947000
2022-12-15,7.843365669250488,7.892642919716139,7.662680589964965,7.777662146464439,1075500
2022-12-16,7.580550670623779,7.835152404682982,7.490208524085487,7.753022610922526,1381800
2022-12-19,7.47378396987915,7.687320050513063,7.350589263832962,7.6380427946928755,1028600
2022-12-20,7.457357406616211,7.481996033570947,7.29309858817159,7.449144269882022,965100
2022-12-21,7.826937675476074,7.859789429643695,7.555910507781299,7.564123642135104,1367200
2022-12-22,7.588763236999512,7.868003574926595,7.416291309647354,7.810513193558443,957900
2022-12-23,7.9090681076049805,7.9994102432368255,7.605189160573138,7.621614647393625,1287900
2022-12-28,7.555912017822266,7.909069033137948,7.506634768346629,7.909069033137948,1028200
2022-12-29,7.7037458419799805,7.720171331808369,7.490208991476257,7.547699380747332,1300900
2022-12-30,7.744810104370117,7.794087353049774,7.64625482376306,7.654467176377839,385100
2023-01-03,6.783895969390869,7.646255759270699,6.742831068301765,7.5559128202251005,2442900
2023-01-04,6.759255886077881,6.989218995990791,6.6771268753213535,6.709978636273517,2095800
2023-01-05,6.701765060424805,6.849598366631964,6.627848407321225,6.644274678343225,1393400
2023-01-06,6.800320148468018,6.882449934807883,6.693551739525268,6.792107796432183,1120700
2023-01-09,6.841385364532471,7.03028356873056,6.792108117000954,6.923515154748636,902600
2023-01-10,6.939940929412842,7.038496211793227,6.759255853424921,6.866024271815612,1495300
2023-01-11,7.145263671875,7.186328563171224,6.931726863732761,7.005643511416433,1707300
2023-01-12,7.506634712219238,7.687319003275934,7.202755731899065,7.202755731899065,3338700
2023-01-13,7.572338104248047,7.62982848831004,7.284884617442603,7.49020831280428,1386300
2023-01-16,7.523060321807861,7.613403252036652,7.46556993584246,7.46556993584246,672000
2023-01-17,7.498422145843506,7.572338808366533,7.35058882079745,7.514847635710949,1518700
2023-01-18,7.137051582336426,7.679106816996105,7.1206260933606735,7.498421738776212,1403500
2023-01-19,7.367013931274414,7.564124478063265,7.112412220903049,7.350587660751499,4041700
2023-01-20,7.572338104248047,7.7448100396817665,7.367014408886369,7.4655696886702465,2653600
2023-01-23,7.7037458419799805,7.761236231251056,7.613403689804318,7.761236231251056,1775800
2023-01-24,7.564125061035156,7.7037452382497955,7.5230601648106585,7.7037452382497955,1137800
2023-01-25,7.276671886444092,7.55591225298953,7.235607771685584,7.5230604912340535,2757400
2023-01-26,7.1699042320251465,7.325950704494694,6.948155012262982,7.325950704494694,2981800
2023-01-27,7.128839492797852,7.408079864930162,7.022071069144451,7.3670149661022695,2895800
2023-01-30,6.882450580596924,7.063135657549924,6.783895297690132,7.0220707605268196,3315800
2023-01-31,7.005644798278809,7.079561459540185,6.849599122586415,6.866024612173499,2359200
2023-02-01,6.866024971008301,7.046710065396052,6.759256541744986,7.046710065396052,2372700
2023-02-02,6.824961185455322,7.079562174111618,6.783896282471051,6.898877070929555,2949600
2023-02-03,6.931727886199951,7.169903350953026,6.8906637720942046,6.898876124966692,1728100
2023-02-06,6.898876190185547,7.005644611014923,6.80032090555407,6.948154224125173,1191700
2023-02-07,7.0384955406188965,7.120625326394729,6.907088509975714,6.93172713240939,1604900
2023-02-08,6.981005668640137,7.153477604724685,6.9481539085882105,7.0795609487959155,1226900
2023-02-09,6.907089710235596,7.054923037022335,6.874237946866078,7.005645000344148,990900
2023-02-10,6.9645795822143555,7.02207075127002,6.923515468493148,6.989218990344396,1203800
2023-02-13,6.956367492675781,7.046709642828217,6.923515730506915,6.964579845782153,971500
2023-02-14,7.235608100891113,7.276672217517955,6.931728311767316,7.013858111516637,2849200
2023-02-15,7.079560279846191,7.210967307637208,6.989218144051785,7.210967307637208,2100100
2023-02-16,6.939940929412842,7.0877742446073,6.808533886238994,7.030283859030681,2749600
2023-02-17,6.60321044921875,6.882450818740703,6.586784959789818,6.857812192973411,3449300
2023-02-21,6.537507057189941,6.79210880609242,6.529293920685518,6.611423719234139,2953800
2023-02-22,6.496441841125488,6.644275158004993,6.430738318789658,6.57035849956524,2834200
2023-02-23,6.701765060424805,6.742829954732095,6.594996648524935,6.611422919546936,2884300
2023-02-24,6.956367492675781,6.981006118490483,6.627849087739318,6.66891398626235,3043400
2023-02-27,6.874238014221191,7.005645068986813,6.816747623573189,6.9974327154998335,2641600
2023-02-28,6.890664100646973,6.972793116022219,6.7674694027123925,6.882450964135106,3872100
2023-03-01,7.02207088470459,7.087774407804346,6.7838954176560256,6.923515600054954,1972900
2023-03-02,7.071348190307617,7.15347798644386,6.9399411430878555,7.054922701029039,2591300
2023-03-03,7.202756881713867,7.2191823729557685,6.931728835367654,6.997433150078893,1246800
2023-03-06,7.104199409484863,7.1781160637120776,7.005644131597818,7.079560785825033,1485800
2023-03-07,7.0384955406188965,7.153477084055525,6.989218295751546,7.104199055940488,861300
2023-03-08,7.210968017578125,7.219181153435588,7.022070592342951,7.030283728200414,1857500
2023-03-09,7.252033233642578,7.506634973725027,7.243820097422678,7.2930981314942995,2323300
2023-03-10,7.063134670257568,7.317735586366456,7.030282913880691,7.243818938706568,2880500
2023-03-13,7.0302839279174805,7.120626075172786,6.816747089043741,6.948154133505191,2908500
2023-03-14,7.05551290512085,7.248929433370672,6.996646342708691,7.105969042061744,3680300
2023-03-15,6.7443623542785645,6.845275404713487,6.567763914528223,6.828456161981516,4734700
2023-03-16,6.618220806121826,6.69390579863425,6.466851222089818,6.559355057272465,5630800
2023-03-17,6.635040283203125,6.677087594395466,6.508898750618976,6.584583750368041,11669000
2023-03-20,6.803228855133057,6.811638477432641,6.576174265951493,6.67708732758933,2616900
2023-03-21,7.005054473876953,7.055511402054626,6.853684491329602,6.912551041201165,2215400
2023-03-22,6.693906307220459,7.038692808652467,6.677087463272382,7.038692808652467,2151500
2023-03-23,6.55935525894165,6.862094436313466,6.48367026410227,6.727543690814882,2235300
2023-03-24,6.475261211395264,6.525718146386867,6.357529298731592,6.441623522062787,3159800
2023-03-27,6.567765712738037,6.618222251770158,6.374348779285112,6.618222251770158,2361400
2023-03-28,6.567765712738037,6.618222251770158,6.492080703693393,6.559356490062481,1117100
2023-03-29,6.43321418762207,6.592993409651081,6.374348031824157,6.534127253853168,1570600
2023-03-30,6.349120616912842,6.508899454335492,6.298663677629675,6.4752617621419954,1510700
2023-03-31,6.441623687744141,6.584584071580617,6.382757930394695,6.416395620592349,1540800
2023-04-03,6.66867733001709,6.778000408795333,6.5425362105646805,6.677086951843431,2328600
2023-04-04,6.651859283447266,6.727544284970913,6.49208005856006,6.727544284970913,1466300
2023-04-05,6.643450736999512,6.710726122529766,6.550946881398947,6.660269583382075,1303500
2023-04-06,6.7191338539123535,6.7191338539123535,6.56776427006577,6.651858483313871,1764600
2023-04-10,6.786409378051758,6.895732058244111,6.71072478491254,6.727543627942683,1148100
2023-04-11,6.828457355499268,6.8705046676928365,6.7191346645903,6.7191346645903,1118000
2023-04-12,6.820047855377197,6.92937054825322,6.803229411388619,6.88732323530309,1182700
2023-04-13,6.870503902435303,6.904141588046335,6.744362781890352,6.811638153112417,1037200
2023-04-14,6.904142379760742,6.979827381560966,6.778001244750888,6.862095067428865,1242500
2023-04-17,6.8957319259643555,7.013464225909763,6.887322304114181,6.971416918644569,1320500
2023-04-18,6.8957319259643555,6.9209599895292,6.735953120739436,6.878913484249686,1240000
2023-04-19,6.912551403045654,6.912551403045654,6.752771790440588,6.81163834339358,1674100
2023-04-20,6.702314853668213,6.887322118463879,6.693905633037552,6.8284563710707635,1542600
2023-04-21,6.752772331237793,6.794819643289952,6.6770877309339465,6.744363510415979,714100
2023-04-24,6.8957319259643555,6.9209599895292,6.752771562454105,6.752771562454105,1297800
2023-04-25,6.83686637878418,6.862094443093666,6.735953319560533,6.836866378784181,914400
2023-04-26,6.693906307220459,6.828457058805072,6.651858996853832,6.820047436334599,1209000
2023-04-27,6.635040283203125,6.752772193151653,6.584583750368041,6.643449905838744,886000
2023-04-28,6.904142379760742,6.920960823502027,6.5929935516820946,6.643450085884614,1392800
2023-05-01,6.769591808319092,6.853685633312978,6.727544494829249,6.803229498713805,880900
2023-05-02,6.483670711517334,6.744363400399596,6.382757645429743,6.7275441550587844,1540200
2023-05-03,6.391167163848877,6.441623699235366,6.281844470015033,6.399576786909741,870300
2023-05-04,6.424803733825684,6.53412640859714,6.323890680648721,6.424803733825684,809200
2023-05-05,6.55935525894165,6.618221009600855,6.500489107289593,6.55935525894165,772300
2023-05-08,6.542536735534668,6.727544019637845,6.534127113033542,6.643449799590947,810500
2023-05-09,6.702314853668213,6.7527713804306675,6.475260282740754,6.534126431126698,998100
2023-05-10,6.534127235412598,6.78640990027835,6.525718013746846,6.74436339095671,965400
2023-05-11,6.222977638244629,6.534126419908653,6.1725211115688,6.534126419908653,1852000
2023-05-12,6.382757663726807,6.407985729824584,6.273434974655421,6.307072663447712,712700
2023-05-15,6.407985210418701,6.424804053451577,6.349119460300057,6.424804053451577,958900
2023-05-16,6.382757663726807,6.4920799518053105,6.323891507843857,6.416395352519097,699800
2023-05-17,6.4163947105407715,6.433213553254144,6.248205882414203,6.424803931401038,1317400
2023-05-18,6.693906307220459,6.727543995116612,6.357529027266054,6.382757493684604,1026700
2023-05-19,6.912551403045654,6.979826776147037,6.752771790440588,6.769591034708788,1722000
2023-05-23,6.79481840133667,6.979826059359108,6.769590339510855,6.9377787549923315,1326300
2023-05-24,6.811638832092285,6.870504587282872,6.744363454164253,6.820047652843965,768000
2023-05-25,6.59299373626709,6.7695918114165945,6.525718355446879,6.7695918114165945,720300
2023-05-26,6.618220806121826,6.626630427953358,6.53412659277071,6.601401963451603,486000
2023-05-29,6.702314853668213,6.710724475291704,6.609811421766795,6.609811421766795,177100
2023-05-30,6.500489234924316,6.584583452512091,6.450032704371652,6.5173080784418715,572500
2023-05-31,6.441623687744141,6.483671000987656,6.349120240197042,6.466852155888829,1010700
2023-06-01,6.357529640197754,6.500490028035704,6.349120417909415,6.4163958001877655,1393100
2023-06-02,6.618220806121826,6.618220806121826,6.458441600258286,6.466851222089818,1349900
2023-06-05,6.55935525894165,6.803228685654261,6.525717572567004,6.727543690814882,1333200
2023-06-06,6.567765712738037,6.584584559082077,6.458443011005313,6.517309173705917,1011600
2023-06-07,6.828457355499268,6.836866978335136,6.576174685316519,6.592993529995368,1566000
2023-06-08,6.72754430770874,6.8368669989473005,6.567765082281511,6.81163893234941,1073400
2023-06-09,6.685496807098389,6.73595374085888,6.660268741211021,6.73595374085888,608800
2023-06-12,6.6266303062438965,6.66867721165077,6.576173779159948,6.651858369289455,1255600
2023-06-13,6.677088260650635,6.803229805821475,6.6518597912193,6.710725952563803,1387700
2023-06-14,6.452792644500732,6.780608411495545,6.435539204730187,6.72884809218391,1987800
2023-06-15,6.642580509185791,6.651207434783627,6.435539231091173,6.478673036371445,1348400
2023-06-16,6.599447250366211,6.668461011143958,6.513180049394028,6.651207570949522,974500
2023-06-19,6.642580509185791,6.642580509185791,6.564940235577536,6.582193675418754,298000
2023-06-20,6.495926856994629,6.590820576006637,6.4355396083333245,6.573567135154047,961400
2023-06-21,6.685713768005371,6.69434069289808,6.470045581940681,6.495925945264389,1439200
2023-06-22,6.470046520233154,6.599447532908713,6.401032756500717,6.599447532908713,911000
2023-06-23,6.418285846710205,6.43553928670051,6.306138281095996,6.383778966729595,672200
2023-06-26,6.57356595993042,6.608072835466453,6.426911533225076,6.426911533225076,645100
2023-06-27,6.633954048156738,6.711594733742242,6.521806482612001,6.564940288238271,700900
2023-06-28,6.599447250366211,6.702967891532832,6.504553123619578,6.642580645175072,763400
2023-06-29,6.7374749183654785,6.7374749183654785,6.573567027278445,6.573567027278445,844900
2023-06-30,6.763354778289795,6.83236853539815,6.702967535142765,6.7719812922511196,976000
2023-07-04,6.806488990783691,6.832369358494355,6.763355593071905,6.771982108072467,333800
2023-07-05,6.7806077003479,6.858247965495246,6.685713585885135,6.8323680142309335,740500
2023-07-06,6.642580509185791,6.754728073830936,6.608073629503354,6.711594679905117,601300
2023-07-07,6.858248710632324,6.935889395569608,6.608073627339361,6.63395399276994,1264900
2023-07-10,6.979022979736328,7.065289764826734,6.8582484933591035,6.8841288579697775,839200
2023-07-11,7.030782699584961,7.091170352524752,6.979022794446694,7.022156597201156,759200
2023-07-12,6.910009384155273,7.091170706602716,6.910009384155273,7.073916855555864,770800
2023-07-13,6.668460369110107,6.927261947109456,6.642580005632961,6.892755070042877,1532600
2023-07-14,6.444165229797363,6.685713779604837,6.435538716244107,6.668460341143906,1925100
2023-07-17,6.409657955169678,6.495925553476037,6.375151080388892,6.444164829950464,1575300
2023-07-18,6.564939975738525,6.599446854055186,6.435538976373828,6.461418929434105,1106000
2023-07-19,6.599447250366211,6.659834085369509,6.556313444202889,6.590820324591762,803000
2023-07-20,6.659833908081055,6.806488351506976,6.608073588875633,6.642580468345915,999600
2023-07-21,6.599447250366211,6.711594817307281,6.564940369977338,6.6770875255639455,580200
2023-07-24,6.694341659545898,6.728848541390612,6.608074043579638,6.642580925424351,1030000
2023-07-25,6.642580509185791,6.694341240063899,6.5563133099797,6.694341240063899,980000
2023-07-26,6.625327110290527,6.668460915837375,6.564940276150287,6.573566790446983,453100
2023-07-27,6.57356595993042,6.668460073331714,6.556312522162403,6.659833148770503,708100
2023-07-28,6.746101379394531,6.763354818774898,6.564940060223457,6.582193499603824,932600
2023-07-31,6.797861099243164,6.858247926082469,6.746100785657585,6.780607661381304,610500
2023-08-01,6.815114974975586,6.815114974975586,6.685713977020433,6.737474293931608,406400
2023-08-02,6.659833908081055,6.78060839758149,6.651207393890711,6.746101518111209,1023200
2023-08-03,6.87550163269043,6.9186358460626955,6.642580006773801,6.685713808791645,879100
2023-08-04,6.918636798858643,7.004903592065666,6.823742256809272,6.884129505679563,712800
2023-08-08,7.14293098449707,7.17743786567014,6.858249009142005,6.884129375699043,1716300
2023-08-09,7.393105506896973,7.488000039815488,7.289584871384038,7.332718675191647,1633900
2023-08-10,7.134305000305176,7.410360054297023,7.1256780741906915,7.332719364684577,1194400
2023-08-11,7.237825393676758,7.444866676965635,7.099797048775246,7.125677826218051,1535100
2023-08-14,7.2464518547058105,7.255078780946189,7.082544369683473,7.203318868921858,1087800
2023-08-15,7.073915958404541,7.177436583429919,7.048036007825395,7.177436583429919,636100
2023-08-16,6.979022979736328,7.142930447304316,6.970396054414623,7.0307828862487955,809000
2023-08-17,7.151556968688965,7.194690770152308,7.073916290596714,7.073916290596714,781600
2023-08-18,7.151556968688965,7.168810818357836,7.056663263636678,7.099796242391187,428200
2023-08-21,7.1170501708984375,7.246450754013054,7.091170218817283,7.203317774780744,818600
2023-08-22,7.125677108764648,7.194690862912246,7.09117023169085,7.1084232588733265,607700
2023-08-23,6.823741912841797,7.091170850533761,6.754728152671403,7.073916999136704,2273500
2023-08-24,6.694341659545898,6.789235378941618,6.668461292485125,6.789235378941618,729000
2023-08-25,6.771981716156006,6.840995477584406,6.711594880583389,6.737474835441806,784900
2023-08-28,6.9013824462890625,6.979023130443238,6.806488322473342,6.806488322473342,757800
2023-08-29,7.056663990020752,7.091170870201656,6.866875737671318,6.901382617852223,853900
2023-08-30,7.125677108764648,7.177437013020924,7.082543306745189,7.082543306745189,508500
2023-08-31,7.203318119049072,7.246451100342838,7.10842358570147,7.125677436386082,1088600
2023-09-01,7.289585590362549,7.358599354178062,7.237825678855393,7.246451782300612,1221700
2023-09-05,7.384479522705078,7.453493280820266,7.2982119137066475,7.332718792764242,1337500
2023-09-06,7.349971771240234,7.410358596746167,7.280957198607862,7.375851721784377,1029400
2023-09-07,7.263704776763916,7.410359213229202,7.177437170828266,7.341345457564228,1410600
2023-09-08,7.332719326019287,7.367226207586314,7.29821244445226,7.29821244445226,562500
2023-09-11,7.332719326019287,7.401733089153341,7.255078636816239,7.367226207586314,824700
2023-09-12,7.3672261238098145,7.401733004984446,7.306839287431445,7.358599197838921,1935700
2023-09-13,7.004903316497803,7.410359779018217,6.91000960089044,7.410359779018217,4575900
2023-09-14,7.199484348297119,7.226017837101743,7.093349549594224,7.1287278158285226,1765600
2023-09-15,7.217172622680664,7.305618704653303,7.16410564828456,7.25255088677285,1486800
2023-09-18,7.146415710449219,7.252550497022112,7.093348738904925,7.252550497022112,1550700
2023-09-19,6.9076128005981445,7.243706319185317,6.845700625776782,7.190639343255845,3405900
2023-09-20,6.801477909088135,6.934146612262561,6.783788776781023,6.87223443831658,1823500
2023-09-21,6.642275810241699,6.889923665968275,6.606897123395715,6.828011491165538,1679000
2023-09-22,6.606896877288818,6.766099486067793,6.562674258427458,6.69534295849588,1215100
2023-09-25,6.748410701751709,6.774944190086698,6.580363729242071,6.580363729242071,2159600
2023-09-26,6.598052978515625,6.75725517656239,6.5538299348537565,6.686498644097162,783900
2023-09-27,6.810322284698486,6.916457500600135,6.695343135230155,6.70418749053902,1327600
2023-09-28,6.9076128005981445,6.969524975419507,6.783788872697608,6.792633228105124,1357200
2023-09-29,6.845700740814209,6.942991182384911,6.828011607959736,6.916457693974298,1153400
2023-10-02,6.62458610534668,6.881079154131465,6.589207841047159,6.863390021981705,1420300
2023-10-03,6.615742206573486,6.66880960668397,6.553830028906818,6.633431339943647,1024800
2023-10-04,6.43000602722168,6.589208225867176,6.368093850210664,6.589208225867176,1457400
2023-10-05,6.562674522399902,6.580363655004396,6.341560153972639,6.4034719072172726,1356900
2023-10-06,6.792633056640625,6.81916696567776,6.483073033832325,6.571518694385814,1360700
2023-10-10,6.96952486038208,7.0491257447046,6.88992355431738,7.031436612439354,1514300
2023-10-11,6.96952486038208,7.057970521708314,6.881079199055847,6.987213992647327,1117700
2023-10-12,6.916457653045654,7.031436805048238,6.792633302054884,7.022592449544436,1119100
2023-10-13,6.942991733551025,7.0402821828450834,6.898769108775347,6.987214780068932,858700
2023-10-16,6.987214088439941,6.9960584438227285,6.828011474127921,6.978369311314969,1115500
2023-10-17,7.004903316497803,7.031436804750278,6.916457652752566,6.916457652752566,777100
2023-10-18,6.9606804847717285,7.057970928712009,6.889923951630508,7.031437017912949,963200
2023-10-19,6.942991733551025,7.013748270585894,6.872235196516157,6.93414737729278,871000
2023-10-20,6.810322284698486,6.951835765319957,6.774944019978664,6.934146632960046,973400
2023-10-23,6.730721473693848,6.792633226760769,6.659964943478973,6.757254961653332,795300
2023-10-24,6.695343494415283,6.79263351674302,6.659965227797523,6.748410894341923,1013800
2023-10-25,6.7130327224731445,6.73956621193986,6.606897499379647,6.6953435889145965,643600
2023-10-26,6.757254123687744,6.7926323844079315,6.580362820086809,6.659964117578297,1295100
2023-10-27,6.801477909088135,6.854545306009468,6.721876602835042,6.819167041395246,1139800
2023-10-30,6.7130327224731445,6.836856657382979,6.598053143471478,6.766100123148788,988900
2023-10-31,6.774943828582764,6.845700356023497,6.7130320779432076,6.801477737244124,1400800
2023-11-01,6.8633904457092285,6.916457845434749,6.730721735524326,6.7837891352498465,726700
2023-11-02,7.137570858001709,7.155260410650916,6.863389539813364,6.863389539813364,1405800
2023-11-03,7.031436920166016,7.172949984481225,6.996058654087213,7.1552612731840215,838200
2023-11-06,6.925302505493164,7.049126443627062,6.801478567359267,7.031437309607934,1441300
2023-11-07,6.677654266357422,6.889923863052097,6.677654266357422,6.819167330820538,1449200
2023-11-08,6.553830146789551,6.748411039103431,6.544985790816492,6.659965370661764,1240600
2023-11-09,6.544985294342041,6.668809220767622,6.52729616199553,6.571518781990718,677800
2023-11-10,6.651120662689209,6.686498930436847,6.553830215512096,6.5980532610677525,564700
2023-11-13,6.642275810241699,6.757254960957944,6.6157419005427585,6.677654075345496,824600
2023-11-14,6.615742206573486,6.677654384240155,6.562674806463002,6.659965250869993,981300
2023-11-15,6.21773624420166,6.474228878599437,6.14697929183142,6.474228878599437,4377700
2023-11-16,5.890486717224121,6.200047174477271,5.79319669749412,6.200047174477271,4162800
2023-11-17,6.102756500244141,6.13813476456793,5.846263873025579,5.943553889044911,1515900
2023-11-20,5.9347100257873535,6.138135273382979,5.908176114473918,6.12044613975476,2055200
2023-11-21,5.87279748916626,5.978932706206962,5.87279748916626,5.925864886815517,1100000
2023-11-22,5.863953113555908,5.9700879084886935,5.748973541507631,5.8108857160895155,2003000
2023-11-23,5.9789323806762695,6.005465867185155,5.863952814491996,5.91702020925193,488800
2023-11-24,6.03200101852417,6.0939127809652565,5.978933612827988,5.996622748060048,1153400
2023-11-27,5.899331092834473,6.049688922578657,5.890486316147325,6.014310659314398,1767200
2023-11-28,5.802041053771973,5.9258649836435096,5.7931966982236744,5.908175850804719,1825000
2023-11-29,5.819730758666992,5.89048729697724,5.766663354934305,5.881642940559577,1025400
2023-11-30,5.748973369598389,5.881642070168325,5.704750328827686,5.855108161357468,1747700
2023-12-01,5.828575611114502,5.863953880720537,5.678217754417733,5.793197341508467,1116200
2023-12-04,5.748973369598389,5.8285746742887845,5.713595105678696,5.810885542328938,1651500
2023-12-05,5.7312846183776855,5.8285750614911,5.722439840939102,5.793196795221168,1570500
2023-12-06,5.56323766708374,5.748973776685255,5.5543933113486315,5.713595510260415,1664700
2023-12-07,5.554393291473389,5.633994179773343,5.527859380878603,5.580926780325973,1590400
2023-12-08,5.6516828536987305,5.68706111712234,5.580926326851511,5.616304590275121,957000
2023-12-11,5.412879943847656,5.563237790356015,5.324434275825743,5.563237790356015,3278500
2023-12-12,5.22714376449585,5.377501609116239,5.112164608382205,5.324434208969432,2321000
2023-12-13,5.56323766708374,5.580926800296161,5.20945458109313,5.227143714305551,2136600
2023-12-14,5.5449676513671875,5.7185334077511785,5.526697594673742,5.608912631997993,2333300
2023-12-15,5.3805365562438965,5.554102307812086,5.371401745946886,5.554102307812086,1532500
2023-12-18,5.38967227935791,5.554102799595968,5.325726859246841,5.508427872881665,2426700
2023-12-19,5.325726509094238,5.380536678903299,5.197836112873097,5.362266622300279,3153800
2023-12-20,5.325726509094238,5.481022208016165,5.289186395888198,5.343996565697259,2805700
2023-12-21,5.2983222007751465,5.343997129303563,5.21610671959442,5.3165922593050245,1969700
2023-12-22,5.2435102462768555,5.334860951115989,5.225240192427518,5.289185598696422,2145000
2023-12-27,5.261782169342041,5.343997216268123,5.188701498440711,5.206971557267902,1731900
2023-12-28,5.270915985107422,5.334861396717453,5.206970573497391,5.261781175215978,1355100
2023-12-29,5.2800517082214355,5.307456575967276,5.225241101544717,5.270916461911143,729100
2024-01-02,5.179566860198975,5.353132642663345,5.152161553244569,5.270917157392702,2021600
2024-01-03,5.343996047973633,5.343996047973633,5.1338901995975945,5.179565554476394,1371000
2024-01-04,5.353132247924805,5.453617349631872,5.307456884899742,5.41707723344884,1152400
2024-01-05,5.353132247924805,5.371402306016321,5.2709167687167096,5.3622670591742905,981500
2024-01-08,5.2800517082214355,5.2800517082214355,5.143026062714678,5.252646404883077,1333900
2024-01-09,5.398806571960449,5.4810220419797435,5.2435108777428905,5.325726347762185,1793900
2024-01-10,5.1887006759643555,5.3714016708683605,5.1247556980015725,5.298321447143755,3747700
2024-01-11,5.316591262817383,5.316591262817383,5.152160331275186,5.21610574194076,1317800
2024-01-12,5.554102420806885,5.572372477365098,5.40794196834118,5.435346835382246,3089700
2024-01-15,5.554102420806885,5.563237666882245,5.444482081457606,5.526697553765819,686600
2024-01-16,5.325726509094238,5.499292264619185,5.261781528779922,5.499292264619185,2723800
2024-01-17,5.2435102462768555,5.289185598696422,5.197835329449733,5.252645490997747,1683300
2024-01-18,4.768489837646484,4.823300451189871,4.521843819071538,4.795895144418178,6884000
2024-01-19,4.512707710266113,4.731948359060039,4.357412032907526,4.6771381968615575,5817200
2024-01-22,4.631464004516602,4.658868872109664,4.384818018216458,4.476168302847526,2304500
2024-01-23,4.658868789672852,4.777624375388167,4.613193865961775,4.622328676466987,1708700
2024-01-24,4.795894145965576,4.823299447031786,4.713678678359429,4.722813923912327,1423600
2024-01-25,4.88724422454834,4.88724422454834,4.795893950701098,4.823299250651503,1153800
2024-01-26,4.8689751625061035,4.887245221000604,4.759354811539103,4.859840351055131,1007200
2024-01-29,4.795894145965576,4.841569502545099,4.713678678359429,4.823299447031786,1266300
2024-01-30,4.704543590545654,4.786758617703646,4.658868236663747,4.731948454400833,1154300
2024-01-31,4.658868789672852,4.741084262182302,4.631463922564707,4.704544148976437,1064300
2024-02-01,4.530978679656982,4.668004330630619,4.530978679656982,4.631464215116654,1362300
2024-02-02,4.421358585357666,4.5766543029480475,4.40308852655836,4.521843690957568,1313200
2024-02-05,4.238656997680664,4.384817884216207,4.211252130925096,4.384817884216207,1396700
2024-02-06,4.247792720794678,4.302602896054877,4.211252603954545,4.238657473788368,835200
2024-02-07,4.658868789672852,4.668004035770572,4.25692710881583,4.293467222021695,2682400
2024-02-08,4.88724422454834,5.0151346079344785,4.658868322134001,4.658868322134001,3004500
2024-02-09,4.795894145965576,4.914649724598348,4.750218789386054,4.887244423532138,1174900
2024-02-12,4.704543590545654,4.814163917151282,4.677138291098019,4.786758617703646,1311500
2024-02-13,4.530978679656982,4.713679257226806,4.457898448629053,4.704544446144583,2402200
2024-02-14,4.403088092803955,4.640598833797416,4.37568278950845,4.576653852095435,1932000
2024-02-15,4.741084575653076,4.759354633463987,4.403088288354952,4.403088288354952,2756900
2024-02-16,4.850704193115234,4.878109493506918,4.695408507278127,4.713678562341759,2144100
2024-02-20,4.768489837646484,4.841570510506809,4.704544847833489,4.823300451189871,1139700
2024-02-21,4.942054748535156,5.097350443173987,4.814164355841265,4.814164355841265,2912000
2024-02-22,4.88724422454834,4.951189634037641,4.841569305420951,4.914649524498745,781900
2024-02-23,4.832435131072998,4.85070518989096,4.731949589777923,4.832435131072998,716300
2024-02-26,4.795894145965576,4.868974368018826,4.741083979425639,4.823299447031786,1115000
2024-02-27,4.8689751625061035,4.914650526538631,4.823300234066131,4.832435045517103,1568300
2024-02-28,4.878110885620117,4.942055878795188,4.8415707650650495,4.887245697962586,520200
2024-02-29,4.932919502258301,4.969459611226754,4.859839284321393,4.87810933880562,1484100
2024-03-01,5.0608110427856445,5.07908110145448,4.942055443641933,4.969460749441466,868500
2024-03-04,5.15216064453125,5.225240869396694,5.097350475882168,5.106485721786598,1162400
2024-03-05,5.216107368469238,5.280052799074789,5.060811633850478,5.115621816258404,1666700
2024-03-06,5.115621089935303,5.2526467442963245,5.060810915309403,5.216106627879059,1169800
2024-03-07,5.042540073394775,5.10648548498294,5.005999962656532,5.024270018025654,936700
2024-03-08,5.042540073394775,5.10648548498294,5.024270018025654,5.051675318875576,1105600
2024-03-11,5.033405780792236,5.079080706112836,4.987730419879112,5.042540591619346,988000
2024-03-12,5.015135288238525,5.0699458955744054,4.95119030566754,5.0242705346586805,811800
2024-03-13,5.024270534515381,5.133890877998965,5.006000477268117,5.060810649009909,711900
2024-03-14,4.9312286376953125,5.163833753743977,4.90331582855949,5.108008135472334,2350000
2024-03-15,4.9312286376953125,5.080095769995562,4.89401185462025,4.89401185462025,3354400
2024-03-18,4.959140777587891,5.024270366836124,4.921923996205766,4.949836804071874,1153100
2024-03-19,5.014965534210205,5.052182312509209,4.931228004866943,4.931228004866943,1119500
2024-03-20,5.005661487579346,5.089399015686608,4.968444709829677,5.080095043078684,909700
2024-03-21,4.959140777587891,5.042878757527186,4.931228413380812,4.9405323868968285,991900
2024-03-22,4.7730560302734375,4.9498359325419665,4.763751614736643,4.93122754512733,1340400
2024-03-25,4.828881740570068,4.884706909149843,4.773056571990293,4.773056571990293,650000
2024-03-26,4.828881740570068,4.866098519623251,4.80096893445068,4.856794103030454,1041300
2024-03-27,4.940532207489014,4.968445014341511,4.800969060544553,4.81957745055988,1273900
2024-03-28,4.968445777893066,4.987054170768134,4.875403369858644,4.93122899214293,961900
2024-04-01,4.959140777587891,5.024270366836124,4.91262002268975,4.9870535854539995,1341300
2024-04-02,4.9498372077941895,5.0056623844206305,4.912620423376562,4.996357966486691,1028100
2024-04-03,5.126616477966309,5.145224867715447,4.968444943269126,4.987053333018264,1615700
2024-04-04,5.005661487579346,5.154528598578022,4.959140293562766,5.126616237095264,1756300
2024-04-05,5.03357458114624,5.117312565091359,4.996357797983754,5.014966189564998,1651300
2024-04-08,5.005661487579346,5.042878265329015,4.959140293562766,5.033573849062105,1314400
2024-04-09,5.154529094696045,5.19174587602779,4.996357552206613,5.014965942872485,1155300
2024-04-10,5.219658374786377,5.247570737302906,4.977748866795103,5.108007593743249,1540200
2024-04-11,5.135920524597168,5.210354084660183,5.089399327728277,5.182441721466059,2102500
2024-04-12,5.1638336181640625,5.275483964457795,5.13592080976111,5.191745982907976,1460100
2024-04-15,5.005661487579346,5.163833014844933,4.977748682437601,5.145224625970099,1066200
2024-04-16,4.9498372077941895,4.977749574277877,4.847490828816181,4.977749574277877,1265400
2024-04-17,5.173137664794922,5.228962838728865,4.894011795125205,4.9312285777478335,2717200
2024-04-18,5.070791244506836,5.173137617615175,5.033574462223629,5.163833643873893,866900
2024-04-19,5.256875991821289,5.498785094712068,5.0707916228616154,5.089400015391676,3187800
2024-04-22,5.173137664794922,5.275484038836674,5.135920882172293,5.2568756475253595,1037900
2024-04-23,5.322005271911621,5.331309690230083,5.108008530836941,5.154529735111079,689100
2024-04-24,5.294091701507568,5.322004062803362,5.228962119052409,5.284787285302981,533200
2024-04-25,5.275484085083008,5.294092476557449,5.145225344761923,5.228962884567382,609300
2024-04-26,5.275484085083008,5.33130925950633,5.219658910659686,5.284788058990705,485900
2024-04-29,5.368525505065918,5.405742284289401,5.228962361148356,5.247570750760097,1048700
2024-04-30,5.26617956161499,5.424351107796479,5.238267196794163,5.349917543395552,795500
2024-05-01,5.089399814605713,5.266179758496533,5.070791422809787,5.256875784428098,946100
2024-05-02,5.135920524597168,5.191745694644429,5.024270184502646,5.098703744565661,861200
2024-05-03,5.210353851318359,5.22896224050075,5.117311905406405,5.163833100191879,806300
2024-05-06,5.424350738525391,5.470871934938487,5.219658450357588,5.238266840191025,1405100
2024-05-07,5.433655738830566,5.508089306158264,5.35922217150287,5.424351321085076,738200
2024-05-08,5.387134552001953,5.405742943884243,5.2661797829375425,5.3964389697726265,995900
2024-05-09,5.424350738525391,5.536001077526011,5.340612762445422,5.387133958858517,970000
2024-05-10,5.284788131713867,5.4708724926780015,5.266179739983359,5.442959683252712,1223500
2024-05-13,5.3964385986328125,5.415046989235311,5.284787811358796,5.312700619092057,447700
2024-05-14,5.368525505065918,5.424350673901142,5.312700336230694,5.3499171154541765,1047600
2024-05-15,5.461567401885986,5.48017579132315,5.256875118077188,5.359221481811087,975500
2024-05-16,5.601131439208984,5.6290442496529725,5.256875957801202,5.349917919849377,1590800
2024-05-17,5.601131439208984,5.684869426881877,5.5266978695704445,5.6104358572433375,1729500
2024-05-21,5.563913822174072,5.647651797321959,5.461567457399878,5.573217795157724,1407600
2024-05-22,5.545305252075195,5.59182644645643,5.46156727965257,5.5266968630545,1235900
2024-05-23,5.424350738525391,5.638347443439417,5.4057423486919545,5.563913884105671,879700
2024-05-24,5.452263355255127,5.526696911997068,5.424350549647402,5.433654966069642,892400
2024-05-27,5.526698112487793,5.545306505715331,5.461568514361866,5.489481326032718,252800
2024-05-28,5.638347625732422,5.675564406602548,5.517392866074999,5.526697283122043,1250900
2024-05-29,5.554609775543213,5.638347756269177,5.508089020208037,5.591827000934001,1056200
2024-05-30,5.675564765930176,5.7313899407697315,5.489480849798322,5.536001607001759,1229700
2024-05-31,5.7779107093811035,5.787214682662131,5.638347560893542,5.675564341335689,1094800
2024-06-03,5.656956672668457,5.8244326496789665,5.573218684163202,5.8244326496789665,1451600
2024-06-04,5.452263355255127,5.610434885161249,5.452263355255127,5.60113046873901,1925400
2024-06-05,5.563913822174072,5.573217795157724,5.41504670516361,5.480175847026185,1072200
2024-06-06,5.7779107093811035,5.8058230728832045,5.573217973290275,5.573217973290275,1509500
2024-06-07,5.703477382659912,5.787214920263179,5.703477382659912,5.740694164630039,1284900
2024-06-10,5.9453864097595215,5.991907608615811,5.787214866038976,5.8151276740845566,1688100
2024-06-11,5.926778316497803,5.936082734199794,5.815127966028234,5.908169924752874,1333400
2024-06-12,5.889561176300049,6.075645526137977,5.870952785682158,6.001211520007389,1337700
2024-06-13,5.749997615814209,5.870952368055974,5.712780837225819,5.870952368055974,748000
2024-06-14,5.674340724945068,5.806741882259416,5.617597371810348,5.731084078079789,1074900
2024-06-17,5.674340724945068,5.721627078035377,5.608139920809852,5.674340724945068,1346300
2024-06-18,5.712169170379639,5.768912518978053,5.674340271314029,5.674340271314029,692500
2024-06-19,5.674340724945068,5.749998529124696,5.627054371854759,5.70271262699047,201200
2024-06-20,5.683797359466553,5.740540704450076,5.627053563527009,5.636511013168939,1474400
2024-06-21,5.551396369934082,5.683797973488361,5.551396369934082,5.683797973488361,1114700
2024-06-24,5.910771369934082,5.967514720970721,5.551396362412634,5.551396362412634,1657900
2024-06-25,5.7878265380859375,5.910770676384171,5.768912089959748,5.872941780131794,1271500
2024-06-26,5.674340724945068,5.7878274312145095,5.627054371854759,5.768912980169603,519800
2024-06-27,5.740540981292725,5.768912429674715,5.655425734234671,5.693254632714686,379700
2024-06-28,5.683797359466553,5.7878265997916705,5.636511013168939,5.7878265997916705,921700
2024-07-02,5.683797359466553,5.731083254808146,5.636511013168939,5.6743399098246226,766100
2024-07-03,5.920228958129883,5.976972310484843,5.693255097753964,5.693255097753964,1696400
2024-07-04,5.986428737640381,6.062086533541676,5.901313491773407,5.901313491773407,697300
2024-07-05,5.863484859466553,6.0242579085186065,5.816198960363985,5.976972009416039,2925100
2024-07-08,5.9769721031188965,5.986429102705248,5.787827150875173,5.854027951803886,1024000
2024-07-09,5.740540981292725,6.01480072075085,5.721626532052717,6.005343270652826,976100
2024-07-10,5.740540981292725,5.797284329012746,5.674340183474678,5.749997980434707,1093200
2024-07-11,6.052630424499512,6.137745231925574,5.693255390170493,5.749998745439901,1559000
2024-07-12,6.043172359466553,6.1850309587125585,6.014800910190985,6.071544259698176,1639500
2024-07-15,6.005342960357666,6.0810007534084685,5.958057065178924,6.043171856883067,747500
2024-07-16,5.986428737640381,6.033715085556707,5.920228391704765,5.99588618760606,798000
2024-07-17,5.920228958129883,6.071544564409778,5.891857056474364,5.986429310399298,1409700
2024-07-18,5.825655937194824,5.9486000861053,5.749998138159471,5.920228636945069,1266700
2024-07-19,5.7216267585754395,5.854027908497334,5.712169308102989,5.806741558047199,674600
2024-07-22,5.891857147216797,5.920229049309281,5.731084087590252,5.740541538606442,701000
2024-07-23,5.797285079956055,5.854028435026248,5.731084273562779,5.854028435026248,420200
2024-07-24,5.712169170379639,5.891856666419309,5.693254720846833,5.825655867576468,670500
2024-07-25,5.702712059020996,5.731083507284621,5.58922491309838,5.6932546089624285,572900
2024-07-26,5.627053737640381,5.712168983227328,5.570310390901094,5.712168983227328,836400
2024-07-29,5.532481670379639,5.655425817732887,5.475738321821843,5.636511368213621,1267000
2024-07-30,5.560853958129883,5.570310958071327,5.485196154774006,5.51356760555442,584000
2024-07-31,5.664883136749268,5.6932550381075435,5.579768334586587,5.617597235760239,751700
2024-08-01,5.513566970825195,5.674340009926064,5.437909176179145,5.664882560117295,1054700
2024-08-02,5.31496524810791,5.418994945407117,5.25822189984181,5.418994945407117,1181900
2024-08-06,5.286594390869141,5.343337745483173,5.220393585008055,5.277136939622087,1391700
2024-08-07,5.2582221031188965,5.428452154498104,5.2393076529656515,5.390623254191614,837600
2024-08-08,5.371708869934082,5.400080770990025,5.27713661800772,5.314965518778265,632200
2024-08-09,5.31496524810791,5.390623045796044,5.2487649006088155,5.38116604656305,604200
2024-08-12,5.636511325836182,5.664882774423748,5.3433371350137415,5.3433371350137415,976400
2024-08-13,5.7689127922058105,5.806741693063076,5.598682738348116,5.598682738348116,901000
2024-08-14,5.844570159912109,5.939142855988528,5.740540915757706,5.778369813805859,969700
2024-08-15,5.958057403564453,6.081001098776537,5.8161988080593865,5.939142954227513,1538700
2024-08-16,5.835113525390625,5.939143226999676,5.825656074809773,5.872942425801904,696800
2024-08-19,5.7878265380859375,5.958057022177651,5.768912089959748,5.8540273320056055,1442400
2024-08-20,5.749998092651367,5.82565589108793,5.712169193433086,5.7878269918696486,782800
2024-08-21,5.825655937194824,5.863484836712501,5.749998138159471,5.749998138159471,794800
2024-08-22,5.749998092651367,5.844570340697071,5.721626643715681,5.82565589108793,383100
2024-08-23,5.835113525390625,5.8540279755962645,5.768912724192854,5.787827174398494,851600
2024-08-26,5.81619930267334,5.901314106449772,5.787827400777141,5.901314106449772,1055000
2024-08-27,5.645968914031982,5.787827524636584,5.58922555998136,5.787827524636584,1153700
2024-08-28,5.6175971031188965,5.645968552851199,5.532481852009863,5.608139652570754,1276500
2024-08-29,5.636511325836182,5.65542577521324,5.532481628784334,5.645968325046689,805500
2024-08-30,5.570310592651367,5.57976804292847,5.504110244535848,5.57976804292847,798700
2024-09-03,5.352794170379639,5.494652767143787,5.30550827209562,5.485195767869403,1101100
2024-09-04,5.324422359466553,5.437909048776798,5.3149649098793565,5.352793806316106,1614300
2024-09-05,5.333879470825195,5.437909163702851,5.314965022207079,5.418994715084733,760300
2024-09-06,5.324422359466553,5.418994600558424,5.258221565224234,5.362251255903301,530200
2024-09-09,5.27713680267334,5.381166508910738,5.258222351626184,5.362252057863582,1204500
2024-09-10,5.2582221031188965,5.286594003826796,5.116363501491525,5.286594003826796,1055700
2024-09-11,5.333879470825195,5.3811658178485,5.154191983475074,5.296050573588962,979100
2024-09-12,5.466281414031982,5.485195863867828,5.34333726462096,5.362251714456805,777800
2024-09-13,5.350796699523926,5.5240237673838735,5.312301795555048,5.5240237673838735,714900
2024-09-16,5.331549167633057,5.370044071024993,5.283430308945413,5.370044071024993,939100
2024-09-17,5.4374098777771,5.456657327690303,5.312301223893576,5.3411726282110825,947800
2024-09-18,5.331549167633057,5.427786426112897,5.321925671232796,5.427786426112897,885100
2024-09-19,5.389291286468506,5.456657593898954,5.360420339637904,5.389291286468506,573700
2024-09-20,5.370043754577637,5.39891515986797,5.331548853454138,5.379667709306221,1739700
2024-09-23,5.495152473449707,5.572142276548163,5.360420318027408,5.360420318027408,4555500
2024-09-24,5.475905418395996,5.610637583554828,5.466281462865494,5.572142679223734,1072400
2024-09-25,5.302678108215332,5.485528666040642,5.283430198027998,5.4662812147487445,1490100
2024-09-26,5.2256879806518555,5.341173150315251,5.21606448420225,5.321925698520594,1921000
2024-09-27,5.341172695159912,5.3507961907894375,5.254558940017136,5.273806390171597,1024500
2024-09-30,5.485528469085693,5.687626929842101,5.302677917825535,5.418162621430504,2585700
2024-10-01,5.56251859664917,5.581766046787247,5.418162491165888,5.456657391442042,1283000
2024-10-02,5.533647060394287,5.668379208156654,5.466280757065405,5.629884308795978,707800
2024-10-03,5.7453694343566895,5.774240840473045,5.514400021007575,5.543271427123931,1509000
2024-10-04,5.687626838684082,5.803111999333542,5.668379388391741,5.774240594447324,1293800
2024-10-07,5.72612190246582,5.803112164724855,5.6876270007840155,5.72612190246582,1009200
2024-10-08,5.475905418395996,5.649132487885923,5.437410514064902,5.649132487885923,1776900
2024-10-09,5.427786350250244,5.475905208265343,5.408538898823292,5.427786350250244,651900
2024-10-10,5.456657886505127,5.485528834883897,5.379668078967809,5.447033931115237,799300
2024-10-11,5.495152473449707,5.495152473449707,5.370043813967003,5.427786166290845,1027900
2024-10-15,5.216063976287842,5.379667530059257,5.206440021879922,5.370043575651337,1917400
2024-10-16,5.206440448760986,5.2930542099522,5.187192997262432,5.22568790025954,1107400
2024-10-17,5.321925163269043,5.341172613127893,5.196816509738819,5.196816509738819,790500
2024-10-18,5.321925163269043,5.341172613127893,5.225687455079393,5.312301208891917,1378400
2024-10-21,5.312301158905029,5.418162361580286,5.283429754940723,5.350796058260505,1069200
2024-10-22,5.244935035705566,5.312301341338826,5.2160640896451795,5.312301341338826,1760100
2024-10-23,5.09095573425293,5.20644044311911,5.042836876110967,5.196816946827982,1181200
2024-10-24,5.148697853088379,5.158321807834568,5.0235891947604365,5.090955501297502,1436300
2024-10-25,5.177569389343262,5.235311742594119,5.139074487176024,5.158321938259642,687000
2024-10-28,5.09095573425293,5.129450637208324,4.975471025386749,5.02358942463327,1392400
2024-10-29,5.09095573425293,5.110203185730627,5.042836876110967,5.0524608312975365,732600
2024-10-30,5.09095573425293,5.139074592394892,5.0332133798198395,5.09095573425293,458100
2024-10-31,4.994718551635742,5.110203262230737,4.946599692773437,5.110203262230737,1022800
2024-11-01,4.917728900909424,5.081332475567762,4.869610040517396,5.071708519931172,582900
2024-11-04,4.975471019744873,5.042836870392702,4.9177286653772585,4.9177286653772585,590800
2024-11-05,4.917728900909424,4.9947187104202975,4.869610040517396,4.985094754783708,1028500
2024-11-06,4.946599960327148,4.985094865940942,4.888857601906459,4.888857601906459,365600
2024-11-07,4.975471019744873,4.994718471200744,4.908104710201603,4.956223568289001,656700
2024-11-08,4.859986305236816,4.946599607237636,4.792619995773566,4.946599607237636,1310000
2024-11-11,4.965847015380859,5.004341917911297,4.7926199539938885,4.859986262869873,864500
2024-11-12,4.936975479125977,5.033212723974406,4.927351525193443,4.994717826035035,559400
2024-11-13,4.917728900909424,4.94659985002827,4.80224372774765,4.94659985002827,829100
2024-11-14,4.936975479125977,5.004341321072187,4.850361729314699,4.936975479125977,933500
2024-11-15,4.754124641418457,4.888856788654293,4.65788739339286,4.859985843694312,2539000
2024-11-18,4.8984808921813965,4.946599288212862,4.754124786296179,4.792619686679516,2440500
2024-11-19,4.811866760253906,4.985093798420712,4.782995357778418,4.869609106309508,1573400
2024-11-20,5.110202789306641,5.119826743746631,4.8118670850980125,4.8118670850980125,2561100
2024-11-21,5.312301158905029,5.370043507938243,5.119826662127651,5.21606391051634,2144000
2024-11-22,5.216063976287842,5.331548675810463,5.196816526367405,5.283429821561669,1434900
2024-11-25,5.216063976287842,5.2930537759695895,5.177569076446968,5.254558876128716,1700700
2024-11-26,5.052460193634033,5.1968162909455105,4.994717846488519,5.1968162909455105,1791100
2024-11-27,5.013966083526611,5.0909558918202675,4.975471179379784,5.042837032189005,1682900
2024-11-28,5.052460193634033,5.071707642682538,4.96584644346807,4.975470397440014,411400
2024-11-29,5.09095573425293,5.129450637208324,5.071708282775233,5.081332237961802,533300
2024-12-02,5.0043416023254395,5.110202807055999,4.956223206644572,5.09095535700457,596000
2024-12-03,4.917728900909424,5.052461067553454,4.879233996153987,5.013966162798016,1035900
2024-12-04,4.869609832763672,4.908104735876789,4.744501168198322,4.88885728432023,1870900
2024-12-05,4.840738296508789,4.898480644160167,4.821490847291663,4.859985745725916,987800
2024-12-06,4.821491718292236,4.859986623680578,4.706006543231741,4.859986623680578,836000
2024-12-09,4.859986305236816,4.9658470586706445,4.850362350072592,4.859986305236816,1285200
2024-12-10,4.840738296508789,4.908104139321037,4.811866893235407,4.908104139321037,692300
2024-12-11,4.908104419708252,4.9369758246309825,4.850362068758203,4.879233473680934,1322000
2024-12-12,4.869609832763672,4.908104735876789,4.811867478093997,4.89848123954623,1788100
2024-12-13,4.7616143226623535,4.918698827931772,4.732161299775647,4.908880841537965,1387100
2024-12-16,4.594712734222412,4.732161747866697,4.565259708546781,4.712526241367143,1215200
2024-12-17,4.496534824371338,4.555441338926514,4.457263814667887,4.545623820574332,1511600
2024-12-18,4.457263946533203,4.555441473696349,4.447446427890577,4.516170462831091,1380700
2024-12-19,4.6143479347229,4.673254918462568,4.457263893143443,4.476899398340875,1364700
2024-12-20,4.6241655349731445,4.692890031494825,4.584894527859994,4.584894527859994,2739800
2024-12-23,4.948151111602783,5.016875601650454,4.624165099365872,4.624165099365872,3202500
2024-12-24,4.9383344650268555,4.987422993870461,4.908880973202796,4.9383344650268555,461300
2024-12-27,4.948151111602783,5.036511103357318,4.879426621555113,4.908880108189054,890000
2024-12-30,5.223049163818359,5.25250218546385,5.007058153730517,5.026693657543291,1321200
2024-12-31,5.321226596832275,5.350679618001479,5.173960086544266,5.232866597030004,803200
2025-01-02,5.419404983520508,5.468493984205615,5.350680476190838,5.399769476875946,852100
2025-01-03,5.439039707183838,5.478310714819673,5.370315209747458,5.458675211001756,1119900
2025-01-06,5.517581939697266,5.586306439839511,5.488128916884416,5.517581939697266,739000
2025-01-07,5.596123695373535,5.635394702712151,5.507764162935316,5.527399666604624,675100
2025-01-08,5.7433905601501465,5.753208546662214,5.576488534623913,5.596124039500684,1464100
2025-01-09,5.792479991912842,5.831751004618903,5.6844844728974735,5.694302460147688,520300
2025-01-10,5.8906569480896,5.939745943249287,5.831750434786386,5.861203457364316,915800
2025-01-13,5.7433905601501465,5.949563595429922,5.7433905601501465,5.91029258567638,741200
2025-01-14,5.782661437988281,5.841567951274805,5.645212906986393,5.694301902132173,677500
2025-01-15,5.684484004974365,5.851386029310144,5.64521299550093,5.821932538131388,936200
2025-01-16,5.497946739196777,5.6353952789361665,5.350680212545169,5.6353952789361665,1397700
2025-01-17,5.684484004974365,5.6943019914164035,5.537217485375304,5.605941986027495,1185200
2025-01-20,5.861203193664551,5.871021179513711,5.655030640452832,5.704119165256639,637700
2025-01-21,5.8415679931640625,5.871021484092208,5.6844839566069005,5.772843961243982,737400
2025-01-22,5.713937282562256,5.861203328509052,5.70411929648722,5.83175030657863,909700
2025-01-23,5.969198703765869,6.244096221926262,5.596123667743669,5.61575917131603,4900900
2025-01-24,5.988834857940674,5.998652844867107,5.88083934248683,5.959381833456142,1924800
2025-01-27,5.812114715576172,5.92992773782904,5.753208204449738,5.8906567304114175,1134300
2025-01-28,5.7433905601501465,5.871021575922839,5.733573041785443,5.871021575922839,865500
2025-01-29,5.7433905601501465,5.772844051538985,5.67466652715513,5.704119550396605,760500
2025-01-30,5.8415679931640625,5.890656988661854,5.743390470315836,5.7630259748854815,741500
2025-01-31,5.605942249298096,5.821932811545505,5.5961242623949765,5.821932811545505,952800
2025-02-03,5.664848327636719,5.694301817918064,5.311408784997309,5.360497779417102,1005900
2025-02-04,5.615759372711182,5.694301857964689,5.537217355605023,5.615759372711182,1054300
2025-02-05,5.664848327636719,5.704119335913615,5.57648832494003,5.596123829078478,712500
2025-02-06,5.586306571960449,5.73357309394975,5.576488585359058,5.6943020838389184,609200
2025-02-07,5.635395050048828,5.723755056080437,5.55685303053067,5.566671017044121,609600
2025-02-10,5.733572959899902,5.7924794736889265,5.674666446110879,5.713937455303562,585800
2025-02-11,5.7237548828125,5.792479381884161,5.655030851888189,5.704119378527362,836200
2025-02-12,5.605942249298096,5.713937764495491,5.5961242623949765,5.694302258836636,757200
2025-02-13,5.792479991912842,5.851386510971934,5.625577953838381,5.674666953794658,1352900
2025-02-14,5.684484004974365,5.841568042868105,5.655030981942969,5.792479515099991,774300
2025-02-18,5.851386070251465,5.929928089747882,5.5961240387407445,5.664848539873791,2044700
2025-02-19,5.939745903015137,6.008469933996358,5.86120341766219,5.880838921963589,1169800
2025-02-20,5.871021270751953,5.949563286176486,5.753208247615152,5.890656774608086,701500
2025-02-21,5.733572959899902,5.8710214920742905,5.713937455303562,5.8710214920742905,1112100
2025-02-24,5.7041192054748535,5.772843702461539,5.586306183338251,5.713937191393238,1506900
2025-02-25,5.44885778427124,5.664848329879688,5.439039798124456,5.664848329879688,1519700
2025-02-26,5.409586429595947,5.468492938262755,5.37031495567076,5.448857435373819,732500
2025-02-27,5.419404983520508,5.507764997494738,5.360498463586822,5.419404983520508,2290300
2025-02-28,5.439039707183838,5.448857693166466,5.291773194475788,5.380133195730086,2115600
2025-03-03,5.2721381187438965,5.5077646518386,5.242685094699168,5.439040148821941,1292800
2025-03-04,5.3703155517578125,5.419404548502524,5.075782975731646,5.242685002886824,1300900
2025-03-05,5.291773319244385,5.389950840648786,5.183778279773218,5.183778279773218,1219200
2025-03-06,5.115054130554199,5.301591668054238,5.105236143668595,5.252502669920982,1617500
2025-03-07,5.105235576629639,5.28195557576315,5.095418058981849,5.164142555105696,1752800
2025-03-10,4.840155601501465,5.134688594239152,4.800884598222745,5.105235107706468,3707800
2025-03-11,4.97760534286499,5.036511856797744,4.840156342207872,4.908880842536431,2155900
2025-03-12,5.203413963317871,5.213231481722861,4.9481519307249995,5.007058445597039,1836800
2025-03-13,5.625577449798584,5.93974599144564,5.45867542667819,5.527399926829928,3597600
2025-03-14,5.665054798126221,5.734141004424569,5.61570791129421,5.734141004424569,795900
2025-03-17,5.763749599456787,5.931530052546785,5.635446844668991,5.665054883089999,2183700
2025-03-18,5.842704772949219,5.882182469743908,5.744010530962496,5.753879719855534,682200
2025-03-19,6.188135147094727,6.227612845751528,5.8130965392438245,5.8130965392438245,2847000
2025-03-20,6.188135147094727,6.267090544408329,6.119048939139679,6.13878778846808,1438100
2025-03-21,6.24735164642334,6.257221306316317,6.138787740657025,6.158526589831693,10049000
2025-03-24,6.365785121917725,6.4052628226264146,6.257221680274483,6.257221680274483,1548400
2025-03-25,6.691476345062256,6.70134553417624,6.375654293023043,6.415131990701535,2432600
2025-03-26,6.582912921905518,6.740823724152062,6.563174071624699,6.701346023590426,1322800
2025-03-27,6.582912921905518,6.66186832302879,6.484218670501427,6.563174071624699,1400000
2025-03-28,6.563173770904541,6.622390319033733,6.513826412157902,6.592781809663491,1653600
2025-03-31,6.5927815437316895,6.651998089472275,6.434870755090129,6.513826149410909,1005200
2025-04-01,6.730953693389893,6.750692541204651,6.494087049001548,6.533564744631063,1695000
2025-04-02,6.790170669555664,6.859256406004359,6.612520557290371,6.6421290662050145,1061700
2025-04-03,6.4940876960754395,6.750693213846834,6.454609996512348,6.4940876960754395,1537000
2025-04-04,5.941399574279785,6.237482798725518,5.803227622490389,6.128918887013907,2054800
2025-04-07,5.813096523284912,5.921660429598717,5.497274934897539,5.625577219874265,1940700
2025-04-08,5.447927951812744,5.98087738955226,5.368972549275234,5.9512693489063535,1307100
2025-04-09,5.744010925292969,5.832835513873257,5.092627942240152,5.280147250193894,1616800
2025-04-10,5.418319225311279,5.615708194425045,5.349233486141069,5.615708194425045,1264100
2025-04-11,5.5663604736328125,5.6453158679152065,5.368971987926826,5.438058193229557,1169000
2025-04-14,5.665054798126221,5.724271815302679,5.536752515873971,5.724271815302679,611000
2025-04-15,5.704532623291016,5.773618354822228,5.566360219006091,5.694662964151557,914900
2025-04-16,5.90192174911499,5.951269109017458,5.744010950405174,5.773618989857614,841300
2025-04-17,6.0697021484375,6.119049037244016,5.901921691150491,5.901921691150491,903200
2025-04-21,5.990746974945068,6.0697023764910805,5.941399613673154,5.990746974945068,365400
2025-04-22,6.00061559677124,6.089440650407343,5.980876748253359,6.010485256335817,678400
2025-04-23,5.921660423278809,6.030224329476747,5.822966177013086,6.020354669544531,826600
2025-04-24,5.971007347106934,6.069701586189021,5.941398840076681,5.951268499290516,1087000
2025-04-25,5.951269149780273,6.0203548893833645,5.901921789539803,5.941399489487657,691000
2025-04-28,5.980876922607422,5.9907465824597175,5.892051866381898,5.961138073514115,617300
2025-04-29,5.773618698120117,5.941399148577102,5.753879849278783,5.882182602053097,1011800
2025-04-30,5.556491851806641,5.753880357660156,5.457797598879883,5.724272317087789,1192300
2025-05-01,5.655185699462891,5.744010756037117,5.5170137552673175,5.546621793717868,915800
2025-05-02,5.734140872955322,5.783488229267202,5.60583812303345,5.714402024552824,1332400
2025-05-05,5.605838298797607,5.684794165494432,5.5860994497762215,5.684794165494432,428100
2025-05-06,5.763749599456787,5.882182694363391,5.625577184787798,5.694663392122292,814100
2025-05-07,5.852574348449707,5.86244400860598,5.645316191280963,5.734141250242224,1417900
2025-05-08,5.941399574279785,5.961138424535413,5.822966472746017,5.832835662568175,703300
2025-05-09,6.138787746429443,6.138787746429443,5.980876952883617,6.010485461979103,901400
2025-05-12,6.3164381980896,6.365785088410058,6.168396585905603,6.3164381980896,841700
2025-05-13,6.464479446411133,6.5236959938293815,6.207873936987438,6.286829333545103,1525100
2025-05-14,6.385523319244385,6.464479183198508,6.365784470908671,6.454609523725018,628600
2025-05-15,6.336176872253418,6.434871120762866,6.168396414481707,6.434871120762866,1075400
2025-05-16,6.425002098083496,6.44474094829803,6.346046226614049,6.375654737241505,1097600
2025-05-20,6.434871196746826,6.454610046681795,6.2177438474621685,6.316438097137013,801400
2025-05-21,6.533565521240234,6.602651732109413,6.365785059566023,6.474348970757214,927400
2025-05-22,6.425002098083496,6.494087838528709,6.385523927043117,6.494087838528709,554700
2025-05-23,6.503957748413086,6.5434354503563945,6.336177279848358,6.365785321000176,594100
2025-05-26,6.602651596069336,6.602651596069336,6.523696197052095,6.523696197052095,377000
2025-05-27,6.582912921905518,6.612520962021088,6.523696371063063,6.612520962021088,571000
2025-05-28,6.523695945739746,6.64212903970321,6.464479398758015,6.612520530906703,683300
2025-05-29,6.484218120574951,6.563173515002017,6.444740423361418,6.523695817788484,895900
2025-05-30,6.3953938484191895,6.454610401479114,6.346046485563587,6.454610401479114,1160300
2025-06-02,6.573042869567871,6.6026513785294645,6.513826322255969,6.553304020463904,1494100
2025-06-03,6.701345920562744,6.77043213078912,6.513826610472273,6.553304310426971,881500
2025-06-04,6.622390270233154,6.7803010640806844,6.573042911850158,6.7803010640806844,434600
2025-06-05,6.711215496063232,6.711215496063232,6.582912737525868,6.582912737525868,400200
2025-06-06,6.800040245056152,6.878995645831809,6.750693354877022,6.770432205070936,682500
2025-06-09,6.898734092712402,6.957951110443514,6.780300998472744,6.849387205418187,681900
2025-06-10,6.839517593383789,6.91847346070655,6.80990955492263,6.898734140917394,625400
2025-06-11,7.066514492034912,7.1059921898197,6.898734041143925,6.908603700895761,889500
2025-06-12,7.273772716522217,7.293511565620341,7.027036867490028,7.07638422554098,1179600
2025-06-13,7.343141555786133,7.452149189819181,7.253953921154361,7.372871082353253,1056200
2025-06-16,7.32332181930542,7.41250992391917,7.045848451116744,7.045848451116744,1118100
2025-06-17,7.422419548034668,7.521517653363584,7.313412388228519,7.432329547581475,756800
2025-06-18,7.670163631439209,7.719712682586554,7.442239319258785,7.462058845210768,1515600
2025-06-19,7.68998384475708,7.729622897768423,7.610705266199609,7.68998384475708,387900
2025-06-20,7.729622840881348,7.749442367241155,7.52151757783598,7.660254262354631,3776700
2025-06-23,7.412510395050049,7.7890818912039235,7.372871339932252,7.729623308527229,950900
2025-06-24,7.283682823181152,7.43232950784501,7.204404717369704,7.2143147168635275,1210000
2025-06-25,7.234134197235107,7.362960882090695,7.2242241978044115,7.362960882090695,642600
2025-06-26,7.273773193359375,7.30350224635086,7.184585089315366,7.253953667186793,609200
2025-06-27,7.3827805519104,7.412510078245538,7.273773391262742,7.273773391262742,723300
2025-06-30,7.402600288391113,7.432329815568702,7.244044070203452,7.3332321792014135,711000
2025-07-02,7.144946098327637,7.600795676746429,7.125126571984853,7.432329466565382,980200
2025-07-03,7.006209373474121,7.234134161367474,6.946750794789088,7.184585109529223,662400
2025-07-04,7.006209373474121,7.115216531462627,6.95666032163587,6.95666032163587,185100
2025-07-07,6.837743282318115,7.00620949443497,6.827833282765459,6.986389967864445,612600
2025-07-08,6.936840534210205,6.986389584182754,6.798103855835734,6.827832907791454,565700
2025-07-09,6.847652912139893,6.917021492445555,6.817923858105176,6.897201965577478,441600
2025-07-10,6.758464813232422,6.907111018264435,6.689096237691991,6.7981038642455935,773800
2025-07-11,6.857563018798828,6.857563018798828,6.699006801381219,6.738645855735621,748100
2025-07-14,6.946750640869141,6.966570166658342,6.758464909604346,6.817923486971949,557200
2025-07-15,6.946750640869141,6.99629921907476,6.877382064339553,6.936840641707156,906200
2025-07-16,6.808013916015625,6.956660605051492,6.788194388979829,6.956660605051492,530600
2025-07-17,6.778284549713135,6.857562654207009,6.768374550384013,6.798104075836604,380100
2025-07-18,6.877382278442383,6.95666038406723,6.83774322562996,6.887291805378098,485100
2025-07-21,6.708916187286377,6.867472401361809,6.6197280806015515,6.867472401361809,977500
2025-07-22,6.7188262939453125,6.768374875365658,6.659367240185221,6.699006766870215,623600
2025-07-23,6.689096450805664,6.748555029219763,6.679186451469259,6.718825976280102,1103500
2025-07-24,6.689096450805664,6.738645502418135,6.61972787305516,6.689096450805664,1010000
2025-07-25,6.738645553588867,6.788194133042815,6.639547449611411,6.6494574490230685,1139200
2025-07-28,6.808013916015625,6.837743442836717,6.708916280836646,6.77828486172933,625300
2025-07-29,6.907111644744873,6.9368411719686245,6.808014008223711,6.827833535527944,515400
2025-07-30,6.837743282318115,6.907111389047559,6.78819422962441,6.887291862477034,616800
2025-07-31,6.689096450805664,6.857562659246334,6.679186451469259,6.7881940814958295,744500
2025-08-01,6.5800886154174805,6.659366717495379,6.540449564378531,6.639547191975905,589400
2025-08-05,6.5008111000061035,6.629638263776093,6.441352518081833,6.5701796818518226,726500
2025-08-06,6.2827959060668945,6.510720692100277,6.213427328566378,6.490901166033669,941100
2025-08-07,6.362074375152588,6.451262483834009,6.272886266471166,6.342254847949472,897200
2025-08-08,6.312525272369385,6.391803380572643,6.29270574531857,6.381893853314635,395600
2025-08-11,6.2827959060668945,6.3918030631658524,6.2629763800002864,6.312524958899419,751600
2025-08-12,6.2827959060668945,6.342254484266719,6.2431568539336775,6.272885906766203,419800
2025-08-13,6.124239444732666,6.28279613148921,6.114329917611203,6.28279613148921,726600
2025-08-14,6.233246803283691,6.421532535632766,6.153968699670349,6.312524906897035,969900
2025-08-15,6.1836981773376465,6.193608177237933,6.124239595540339,6.163878650071878,735700
2025-08-18,6.134149551391602,6.173788605638494,6.104420024439032,6.144059078685925,629900
2025-08-19,5.9656829833984375,6.114329664341434,5.955773456687449,6.094510138384686,773300
2025-08-20,6.015232563018799,6.0846006736942835,5.985503035204438,5.985503035204438,456200
2025-08-21,6.153968811035156,6.173788337297154,6.035051653463167,6.035051653463167,516800
2025-08-22,6.243156909942627,6.253066436797445,6.1638783324301905,6.1638783324301905,885100
2025-08-25,6.26297664642334,6.2927057005205205,6.17378853906221,6.282796173333058,1097900
2025-08-26,6.233246803283691,6.253066329187027,6.173788225573685,6.243156802502745,428700
2025-08-27,6.243156909942627,6.2927054892862735,6.173788331819788,6.223337383698213,705400
2025-08-28,6.253066539764404,6.282796065887961,6.193607960052079,6.253066539764404,630900
2025-08-29,6.253066539764404,6.292705592905955,6.23324701319363,6.27288606633518,390400
2025-09-02,6.302615642547607,6.312525169644355,6.193608009274632,6.203518008906171,431800
2025-09-03,6.173788547515869,6.302615708872837,6.1341494936421554,6.28279618193598,622000
2025-09-04,6.233246803283691,6.322434906116087,6.134149173767014,6.173788225573685,716200
2025-09-05,6.134149551391602,6.233247187008833,6.104420024439032,6.19360813276194,603700
2025-09-08,6.134149551391602,6.203518132591063,6.084600497315586,6.144059078685925,385500
2025-09-09,6.08459997177124,6.193607597802293,6.074690445332831,6.124239022594394,583600
2025-09-10,6.094510078430176,6.104419605043679,6.015231975383078,6.094510078430176,933200
2025-09-11,5.975593090057373,6.12423930113756,5.935953564896572,6.025141669572508,1896700
2025-09-12,5.98550271987915,6.015232246127314,5.935953666977139,5.995412719473468,1810500
2025-09-15,5.846073627471924,6.0054217866229544,5.826155166939739,5.995462318910083,2014600
2025-09-16,5.9456658363342285,5.9855032316636825,5.816196082364322,5.865991995462425,2616500
2025-09-17,5.925747394561768,5.975543782708425,5.915788401868568,5.93570686214852,674700
2025-09-18,5.925747394561768,5.955625322428473,5.895869941588614,5.925747394561768,1273700
2025-09-19,5.826154708862305,5.935706470622663,5.8161957168260106,5.925747003692848,5934800
2025-09-22,5.875951290130615,5.925747201763577,5.736522072707371,5.786317984340332,1122200
2025-09-23,5.875951290130615,5.98550305555279,5.856032830498723,5.9058287421316855,1678400
2025-09-24,5.865992069244385,5.975543839267824,5.8460736087759,5.875951536925405,2760500
2025-09-25,5.875951290130615,5.9058287421316855,5.846073363236009,5.865991822867901,921500
2025-09-26,5.885910511016846,5.965584352637705,5.846073590206416,5.885910511016846,1291000
2025-09-29,5.885910511016846,5.905828971422061,5.786318208990772,5.846073590206416,1249800
2025-09-30,5.706644058227539,5.85603274062069,5.696684591117682,5.8261548141846475,1915800
2025-10-01,5.7763590812683105,5.806236533731258,5.696684766615514,5.706644234032193,1029900
2025-10-02,5.686725616455078,5.796277380534023,5.666807157067409,5.766399454005754,981100
2025-10-03,5.816195964813232,5.826154957274151,5.666807278751118,5.696684731027416,2783800
2025-10-06,5.806236267089844,5.89586957014952,5.776358815998967,5.856032652099335,1549900
2025-10-07,5.875951290130615,5.885910282499793,5.76639952470844,5.796277451603047,1085500
2025-10-08,6.0253400802612305,6.035299072804692,5.836114473000001,5.885910385504401,1580700
2025-10-09,5.9655842781066895,6.144850894407511,5.955625285475282,6.02534013346933,1371500
2025-10-10,5.746480941772461,5.9556250008664255,5.7265624825679655,5.925747074612919,1394900
2025-10-14,5.836114406585693,5.865991858769622,5.686725720985428,5.746481100246826,1516800
2025-10-15,5.97554349899292,6.095054254998331,5.846073275873626,5.846073275873626,1653900
2025-10-16,5.856032848358154,6.0352989855919,5.826154921372427,6.0352989855919,1370900
2025-10-17,5.865992069244385,5.895869997393889,5.8062366878389335,5.826155148307417,667500
2025-10-20,6.1747283935546875,6.194646853860597,5.905828941978128,5.905828941978128,1703300
2025-10-21,6.314157962799072,6.334076422701858,6.055217509169317,6.184687735984195,1778300
2025-10-22,6.4037909507751465,6.443627871550298,6.314158116477832,6.3340765768654075,1204600
2025-10-23,6.423709392547607,6.573098082468296,6.393831939499602,6.443627852877462,1803800
2025-10-24,6.3440351486206055,6.4735053699949505,6.324116689554824,6.423708984883733,616000
2025-10-27,6.334076404571533,6.373913324263077,6.284280017510332,6.353994864417305,905200
2025-10-28,6.284279823303223,6.34403520099388,6.254402371904658,6.324116741763661,576300
2025-10-29,6.244442939758301,6.353994703583823,6.224524480416709,6.32411677712467,751900
2025-10-30,6.2544026374816895,6.304198550224928,6.164769329692893,6.2544026374816895,967800
2025-10-31,6.513342380523682,6.553179299220365,6.304198319919327,6.304198319919327,1658500
2025-11-03,6.662731170654297,6.672690163042493,6.473505566343194,6.473505566343194,1040000
2025-11-04,6.662731170654297,6.682649630324226,6.46354609906146,6.46354609906146,1245800
2025-11-05,6.7822418212890625,6.931630503895,6.662731065161726,6.682649524516282,1631000
2025-11-06,6.832038402557373,6.861915854997107,6.77228302278436,6.85195686248171,1143900
2025-11-07,6.652771949768066,6.891793949553305,6.622894496603384,6.851957028738024,2131100
2025-11-10,6.832038402557373,6.861915854997107,6.652771788344792,6.732446102935685,1892100
2025-11-11,6.871875286102295,6.941589658022407,6.832038366464076,6.871875286102295,1351600
2025-11-12,6.891793727874756,6.9216711800784125,6.772282969273047,6.861915800777559,1084000
2025-11-13,6.921671390533447,7.3200410728785394,6.921671390533447,7.021264167289886,1854700
2025-11-14,6.931630611419678,7.001345457688819,6.7623234668328625,6.911712151756143,1475500
2025-11-17,6.861915588378906,6.991385810303336,6.861915588378906,6.931630432852105,781800
2025-11-18,7.230408191680908,7.250326651924097,6.851956972166764,6.851956972166764,1273000
2025-11-19,7.320040702819824,7.349918629315013,7.04118227170121,7.180611487260517,1639500
2025-11-20,7.310081958770752,7.5889403993569795,7.290163498728878,7.3200409513449145,2195600
2025-11-21,7.210489273071289,7.34991896998675,7.150733892204757,7.28020412152902,955000
2025-11-24,7.210489273071289,7.320041042106708,7.150733892204757,7.190570812782445,857600
2025-11-25,7.419632911682129,7.469429296952556,7.110896557728646,7.150733475987578,2379400
2025-11-26,7.51922607421875,7.539144534386614,7.409674305848722,7.429592766016587,780800
2025-11-27,7.509266376495361,7.53914430327804,7.459469990155409,7.499307384163492,339200
2025-11-28,7.827962398529053,7.847880858580535,7.5192260302843135,7.5192260302843135,1842700
2025-12-01,7.73832893371582,7.9873103916438355,7.73832893371582,7.8578396915979205,1698000
2025-12-02,7.569021701812744,7.738328844302886,7.549103242395876,7.718410384886019,674700
2025-12-03,7.748288631439209,7.837921465069916,7.598899942196629,7.608858934869573,810600
2025-12-04,7.788125514984131,7.867799355564053,7.718410667029925,7.74828859469417,784900
2025-12-05,7.957431793212891,8.156616384761406,7.7682066686885625,7.7682066686885625,2243300
2025-12-08,7.68853235244751,7.977350722355537,7.678573360322971,7.937513329176805,1075400
2025-12-09,7.4893479347229,7.728369924871326,7.439551548264697,7.71841045762227,884400
2025-12-10,7.499307632446289,7.578981473313181,7.3797963962524,7.489348164891152,923900
2025-12-11,7.409674167633057,7.509266466614641,7.37979624049181,7.409674167633057,636600
2025-12-12,7.330000400543213,7.509266540473268,7.3200409331003256,7.4495111604965825,621000
2025-12-15,7.420000076293945,7.650000095367432,7.349999904632568,7.539999961853027,635400
2025-12-16,7.190000057220459,7.309999942779541,7.179999828338623,7.300000190734863,997100
2025-12-17,7.139999866485596,7.269999980926514,7.079999923706055,7.25,1086500
2025-12-18,7.119999885559082,7.239999771118164,7.090000152587891,7.190000057220459,788400
2025-12-19,7.269999980926514,7.300000190734863,7.119999885559082,7.150000095367432,4225800
2025-12-22,7.260000228881836,7.400000095367432,7.239999771118164,7.340000152587891,643400
2025-12-23,7.400000095367432,7.409999847412109,7.260000228881836,7.269999980926514,303882
