Date,Close,High,Low,Open,Volume
2010-01-04,23.1643123626709,23.44836206602225,22.766641694412616,23.415222994162725,2057500
2010-01-05,22.828182220458984,23.244788133896908,22.771370845581743,23.19744712744285,2098900
2010-01-06,22.49678611755371,22.903925208582148,22.4494433128159,22.8660509647919,2187000
2010-01-07,22.208009719848636,22.53940225444312,22.160668703168287,22.5109965608685,2788600
2010-01-08,22.468385696411133,22.468385696411133,22.20327315156809,22.250614161448983,1434400
2010-01-11,22.250621795654297,22.577279210173923,22.146469371049037,22.5583438832911,1451200
2010-01-12,21.99496459960937,22.1938007800662,21.82453410377308,22.13225603302677,2015200
2010-01-13,22.051773071289062,22.12278456459444,21.909746472791877,22.056506448465463,1319000
2010-01-14,22.00443649291992,22.146461325640168,21.80086690384153,22.094385132255876,1314000
2010-01-15,21.81033706665039,22.080184810395888,21.81033706665039,21.99023616446201,1636500
2010-01-18,22.009172439575195,22.009172439575195,21.734589521655774,21.89081810721899,586800
2010-01-19,21.91448402404785,22.226939323808605,21.909748840416533,22.009167831296683,2185300
2010-01-20,21.753528594970703,21.857679188722763,21.46947708832992,21.84347724547111,2833100
2010-01-21,21.16176414489746,21.673054142862327,21.076548844245885,21.62571311180904,3119800
2010-01-22,21.114416122436523,21.275378116809645,20.88717597848814,21.223303717817743,2851500
2010-01-25,21.34165573120117,21.469476830820867,21.06707279200288,21.232768147764656,2286100
2010-01-26,21.374799728393555,21.65884949114559,21.138090990785408,21.20910252850124,2850400
2010-01-27,21.677780151367188,21.73932310449084,21.242235265115337,21.351121035192342,1840800
2010-01-28,21.630434036254883,21.800864539412505,21.3037767758318,21.800864539412505,1554400
2010-01-29,21.223302841186523,21.649377416261625,21.223302841186523,21.531023066638976,2219000
2010-02-01,21.39372444152832,21.46473774995904,21.22329575199282,21.303775816000407,1313900
2010-02-02,21.701459884643555,21.74406753504705,21.379535816249227,21.407941518499754,1527800
2010-02-03,21.625703811645508,21.696717133630635,21.407932272942023,21.658842880320226,1393000
2010-02-04,21.228036880493164,21.549960865950265,21.19489780604412,21.493151282029636,1933100
2010-02-05,21.573637008666992,21.573637008666992,21.015004170737217,21.152295689843346,2215100
2010-02-08,21.502614974975582,21.74405883261265,21.34638818998441,21.51208353860291,1521000
2010-02-09,21.658843994140625,21.8008688394708,21.493148642246062,21.540489655374827,2132200
2010-02-10,22.009172439575195,22.009172439575195,21.61150181062059,21.63517231590308,1597900
2010-02-11,22.297950744628903,22.297950744628903,21.89554682269724,22.013901129846957,1628300
2010-02-12,22.32162857055664,22.387906709998944,22.155931416007025,22.179601922101583,1711300
2010-02-16,22.52519989013672,22.62935048607804,22.307426522017973,22.345300779410447,1268700
2010-02-17,22.7287654876709,22.88026069653208,22.56307014258748,22.5820072694381,2146100
2010-02-18,22.714563369750977,22.87552533484821,22.65301861093456,22.79031007062357,1275900
2010-02-19,22.62934875488281,22.7713735973514,22.610411627635308,22.653019260970268,2004700
2010-02-22,22.482580184936523,22.74769262059604,22.46364306640569,22.690883070946573,1462100
2010-02-23,22.32162857055664,22.439982906973285,22.018639952337196,22.439982906973285,2584400
2010-02-24,22.35476303100586,22.47785072088473,22.26007922020639,22.36896497054556,971500
2010-02-25,22.714563369750977,22.799778633975617,22.13699364688259,22.28375366992365,1774600
2010-02-26,22.62934875488281,22.724032585176484,22.553602051836645,22.724032585176484,2491600
2010-03-01,22.847116470336918,22.86132021636337,22.643548707355556,22.657750647438466,1298900
2010-03-02,23.13116455078125,23.197442669457345,22.88025401409509,22.88972076881172,2051200
2010-03-03,23.107501983642575,23.244791645477097,22.88972862560152,23.18324868897828,1812900
2010-03-04,23.254262924194336,23.277933433760666,23.079098986270584,23.154845700449297,1641300
2010-03-05,23.5998592376709,23.62353155500409,23.33948000050415,23.33948000050415,2417800
2010-03-08,23.718204498291016,23.841293999786554,23.56197773832337,23.661394931570378,2245100
2010-03-09,23.396289825439453,23.84603677015073,23.306341158874908,23.765556669426285,3197000
2010-03-10,23.254262924194336,23.495706817225567,23.225859035092395,23.367883898434464,2195900
2010-03-11,23.268465042114254,23.268465042114254,23.02228778681984,23.19745171245364,1951100
2010-03-12,23.429424285888672,23.443626227783355,23.21638612774956,23.429424285888672,1894700
2010-03-15,23.666133880615234,23.666133880615234,23.35841188386482,23.39628433238914,1431900
2010-03-16,23.76555633544922,23.7844934668633,23.637733407320564,23.67087248432308,1939900
2010-03-17,23.760820388793945,23.789226085005502,23.675605106103465,23.789226085005502,1534600
2010-03-18,23.812894821166992,23.812894821166992,23.65193283318368,23.718210980127857,1364700
2010-03-19,23.80815887451172,23.89810752053033,23.7087416648158,23.751347492447884,6398300
2010-03-22,24.00225830078125,24.054334494532156,23.651928692057552,23.71347344884896,1880700
2010-03-23,24.28157997131348,24.3999343266356,23.992795055376437,23.992795055376437,2139200
2010-03-24,24.29578018188477,24.42833647248192,24.19162777873328,24.300515367088387,1800300
2010-03-25,24.532489776611328,24.627173618776936,24.305249638980317,24.362059221902047,2275400
2010-03-26,24.167949676513672,24.617696414505836,24.07326586757688,24.523012605569043,2662000
2010-03-29,24.1868896484375,24.29104203113031,23.97385150472205,24.29104203113031,3082600
2010-03-30,24.27210235595703,24.39519004498153,24.22002617008162,24.24843185490733,1485200
2010-03-31,24.087478637695312,24.26264257599423,23.89337756932512,24.26264257599423,2503400
2010-04-01,24.30736351013184,24.336045422333545,24.111375002182974,24.163957596133542,2572500
2010-04-05,24.087478637695312,24.340829191951137,24.00143470917344,24.307367866804345,1427600
2010-04-06,24.116153717041016,24.25478020963123,23.905823363178637,23.996648497257368,2109100
2010-04-07,23.90105438232422,24.16874684786832,23.881933101176983,24.001438373088604,2446500
2010-04-08,24.02532386779785,24.12570961857835,23.585545620586444,23.82933541875719,1579600
2010-04-09,24.10182380676269,24.326494314928784,23.98709976002254,23.996660401168526,1855000
2010-04-12,24.230886459350582,24.383853050046586,24.09226174019244,24.09226174019244,1409100
2010-04-13,24.140056610107425,24.25478243396305,23.982308830244072,24.101814060987177,1014500
2010-04-14,24.62285804748535,24.65632119122327,24.087475100256537,24.23566224950517,3107800
2010-04-15,24.91444969177246,24.91444969177246,24.455550048940548,24.546373366739022,2635600
2010-04-16,24.76626205444336,25.0674138911189,24.732800739257183,24.909667951456225,2750600
2010-04-19,24.857086181640625,24.952690723963315,24.479449242393738,24.618075737586388,4336500
2010-04-20,24.818845748901367,25.043516168967045,24.818845748901367,24.92879216721381,2151400
2010-04-21,24.943140029907227,25.07220593996377,24.641986239775285,24.900118059888374,3285400
2010-04-22,24.8762149810791,24.8762149810791,24.560721172415384,24.76148913088069,2606200
2010-04-23,24.8762149810791,25.072203531559506,24.728027804469807,24.866654341603773,2386300
2010-04-26,24.90966796875,25.019612550653022,24.809284023121798,24.928789241299636,1621900
2010-04-27,24.57028007507324,24.995718472371664,24.522476881075704,24.857091945036892,2825000
2010-04-28,24.25956344604492,24.713683717617744,24.25956344604492,24.713683717617744,1976400
2010-04-29,24.661104202270508,24.82841082788413,24.259566477292346,24.355171044859613,2706700
2010-04-30,24.75192642211914,25.019618834532388,24.704125052244272,24.747147014533805,3753800
2010-05-03,25.186922073364254,25.282526623792464,24.823626969943223,24.857088289067327,2432500
2010-05-04,24.97181701660156,25.14390303916667,24.78538730102168,25.06264034713637,2247800
2010-05-05,24.66588020324707,24.92879318362017,24.43165095973948,24.728023437108455,2901500
2010-05-06,24.144838333129883,24.613300487265388,23.184016988129123,24.49857465240449,4729100
2010-05-07,24.063566207885746,24.402960525028345,23.877138394906133,24.020544264620867,4049500
2010-05-10,24.618078231811523,24.852309293058408,24.32170576173815,24.689782101694597,2165100
2010-05-11,24.713680267333984,25.03395338692131,24.43642727708976,24.455548550245563,2367600
2010-05-12,25.143903732299805,25.143903732299805,24.761487299104274,24.947915196318007,1862500
2010-05-13,25.12479019165039,25.26341492765059,24.95270230033337,24.97660299112611,2177300
2010-05-14,25.01482582092285,25.19169298146501,24.675429714795715,24.962243248557897,2696600
2010-05-17,24.350379943847656,25.00048855159625,24.197413427142656,24.90488402277945,2754200
2010-05-18,24.240434646606445,24.7614773983443,24.20219393032996,24.618071521174315,2516100
2010-05-19,24.03011131286621,24.46988967383845,23.819782769380147,24.14005590310927,3600300
2010-05-20,23.42302894592285,23.728962093455674,23.30352369619876,23.70506140821193,3709800
2010-05-21,23.662033081054688,23.68593375986992,22.806375285532944,23.184012210730348,2611200
2010-05-25,23.62857437133789,23.652475052788454,23.03104821754825,23.30351999779592,2476800
2010-05-26,23.57599449157715,24.04445483124614,23.50907184641091,23.99187223189972,3480500
2010-05-27,23.274829864501957,23.824554461209303,23.03104008221275,23.61422598583226,4426000
2010-05-28,22.95456886291504,23.44215050649571,22.945008224001054,23.39434731192579,2219100
2010-05-31,23.06450653076172,23.18401174594701,22.82549610039113,23.18401174594701,1018600
2010-06-01,23.671600341796875,24.16396139249698,23.23182006980309,23.28918390321886,4266300
2010-06-02,24.293027877807617,24.307367924760303,23.671600921949985,23.853249418540987,2099800
2010-06-03,24.46511459350586,24.60852052685652,24.197422180680693,24.307366790366373,2057400
2010-06-04,23.53297233581543,24.22610311295245,23.442149007199525,24.14961983003766,2873800
2010-06-07,23.41346740722656,23.781543781050395,23.36566603857633,23.575994613544808,1811500
2010-06-08,23.432592391967773,23.51385509623292,22.94979010407924,23.4803937681819,2215100
2010-06-09,23.274829864501957,23.72417054047284,23.22224911328604,23.561643411111884,2072100
2010-06-10,23.738513946533203,23.79109652871164,23.475602859145734,23.5138435766816,1665800
2010-06-11,23.920166015625,23.92494542223124,23.614232934685766,23.70505624824429,1357700
2010-06-14,24.00143051147461,24.23088033956846,23.90104655359076,24.05879433612693,1581100
2010-06-15,24.57028007507324,24.57028007507324,24.0635771597317,24.077917206178263,2670000
2010-06-16,24.608516693115234,24.761483241326115,24.426868233300404,24.474671419306983,1896100
2010-06-17,24.37906646728516,24.68978078891729,24.30258319444564,24.61807692284677,1785100
2010-06-18,24.43642807006836,24.65153784128917,24.379066072244488,24.498571298088823,6965200
2010-06-21,24.641979217529297,24.78538513555705,24.498573299501544,24.66587989994973,1463100
2010-06-22,24.445987701416016,24.780602684717397,24.436427064921123,24.546371649354946,1452700
2010-06-23,24.30258560180664,24.517695397821416,24.149619040975075,24.3456075610096,1730200
2010-06-24,24.097034454345703,24.245221595700585,23.924946631741346,24.22610032129897,1368500
2010-06-25,23.98708724975586,24.21653704707437,23.901043347823304,24.068349921856107,1248300
2010-06-28,23.99665260314941,24.11137661260853,23.853246679572884,24.11137661260853,2832700
2010-06-29,23.30352210998535,23.877147634316813,23.260500150072858,23.82934444357778,3656300
2010-06-30,23.446929931640625,23.791105638778387,23.26050203144281,23.32742468038506,3685000
2010-07-02,23.34552955627441,23.717320021887108,23.176534727316596,23.586951793017292,1535500
2010-07-05,23.128252029418945,23.403473244004168,23.055824618462594,23.2779326439339,650800
2010-07-06,23.71731376647949,23.71731376647949,23.25378363624589,23.27309785214854,2137800
2010-07-07,23.804243087768555,23.891155280194223,23.519364644130267,23.717330895342887,2549600
2010-07-08,23.997373580932617,24.069799155505137,23.678696263858665,24.02151543912346,2530400
2010-07-09,24.40296745300293,24.40779508874768,23.949092332942683,23.96357892398902,2673400
2010-07-12,24.431934356689453,24.54781786322345,24.30639557969132,24.40296486148534,1528600
2010-07-13,25.10790061950684,25.10790061950684,24.52848715990653,24.600914533070792,3780600
2010-07-14,25.059627532958984,25.25276420659183,24.93408694528751,25.02099909308918,2432900
2010-07-15,25.32037353515625,25.32037353515625,24.77476039061908,25.09826543161512,2673500
2010-07-16,24.96788024902344,25.194817677048537,24.711973339568736,25.136876872284358,2548400
2010-07-19,24.62506866455078,25.09342840307064,24.431930134341112,24.938918315665116,2207100
2010-07-20,24.663698196411133,24.72163902127027,24.258108738585943,24.38364749943168,1704500
2010-07-21,24.147050857543945,24.76992065876337,24.007027362696736,24.76992065876337,2684900
2010-07-22,24.22914695739746,24.431940845307505,24.12775001344244,24.335373379773014,2685100
2010-07-23,24.200159072875977,24.325699639319645,24.03116428178459,24.311213055865327,1942500
2010-07-26,24.320873260498047,24.45124147675365,24.142221338327907,24.262932445019548,1559500
2010-07-27,24.7168083190918,24.740952016666007,24.43193000162802,24.514014521188187,3192500
2010-07-28,24.866491317749023,24.95340347359069,24.71680886226492,24.71680886226492,1988800
2010-07-29,24.996856689453125,25.2044799444243,24.803718178161915,24.963057726262964,2119000
2010-07-30,24.909948348999023,25.13205638158111,24.64921187149538,24.76992299901681,1551300
2010-08-03,24.8375186920166,25.296221303542087,24.779577871774,25.15619596620912,2460500
2010-08-04,24.909948348999023,25.006517619397297,24.66369845929378,24.98237576227413,1842100
2010-08-05,24.523664474487305,24.9775374910724,24.460894194544103,24.87614062171376,3569900
2010-08-06,24.5671329498291,24.57679006253788,24.22431189533816,24.504362638175,2238000
2010-08-09,24.64437484741211,24.76508592894304,24.504349550779043,24.673344328160372,2092900
2010-08-10,24.55745887756348,24.75059547263979,24.36432044058252,24.50434571529848,3166400
2010-08-11,24.050487518310547,24.33536587435141,23.929776381715364,24.33536587435141,2664800
2010-08-12,23.780092239379883,23.91046047877673,23.659381111261204,23.876661510255957,2017800
2010-08-13,24.01668357849121,24.147049958164818,23.68351973159865,23.717318695500012,2152700
2010-08-16,24.10360336303711,24.22914399995845,23.81872679581386,23.97806456802188,1223500
2010-08-17,24.383634567260746,24.504345629474905,24.02150138061825,24.248438766990365,2286100
2010-08-18,24.668519973754883,24.77474632902904,24.229131652264293,24.446411996277263,3002000
2010-08-19,24.431934356689453,24.726469837303597,24.27259660734929,24.62990055550957,2753600
2010-08-20,24.552640914916992,24.69266625528281,24.11808199082704,24.38364608475515,2329400
2010-08-23,24.639556884765625,24.750610910632098,24.45124780430049,24.514018111757466,1803800
2010-08-24,23.95392608642578,24.335373845061813,23.90564051082898,24.335373845061813,2564700
2010-08-25,24.35466766357422,24.35466766357422,23.81871199740024,23.90079465046928,2958800
2010-08-26,24.38846969604492,24.61540715217498,24.267758596725564,24.28707281467391,3460200
2010-08-27,25.122404098510746,25.12723357600691,24.340196357576502,24.49953596064225,2665500
2010-08-30,25.059627532958984,25.3396763543935,25.011341983121728,25.011341983121728,2101200
2010-08-31,24.74577522277832,25.170678805751677,24.639548866558684,25.14653695440317,3271400
2010-09-01,24.74577522277832,25.04513823169116,24.72646100493744,24.86648632142602,2302300
2010-09-02,25.209304809570312,25.2720750951316,24.82302967131848,24.87614284818532,2343400
2010-09-03,25.56178855895996,25.566618035690095,25.228626498902607,25.330023407367147,2574700
2010-09-07,25.32037353515625,25.46039892987374,25.093437795410413,25.445914179353387,1135700
2010-09-08,25.18516159057617,25.4941816843898,25.180333957443796,25.3589858538226,1998200
2010-09-09,25.479698181152344,25.5183247738034,25.25276073289756,25.421757371223197,2320900
2010-09-10,25.4314022064209,25.52797141129517,25.286549320061685,25.52797141129517,1904700
2010-09-13,25.92391014099121,25.967366202232444,25.5714340184367,25.590748232745,1858300
2010-09-14,25.870811462402344,26.12188900353927,25.774242185554275,25.923922814858315,1992000
2010-09-15,25.952890396118164,25.952890396118164,25.445904068389048,25.77423845703191,4121800
2010-09-16,25.71629905700684,25.865981525554933,25.64870111698696,25.832182555544996,2128600
2010-09-17,25.8997745513916,25.8997745513916,25.648695230438094,25.8370042606769,6596700
2010-09-20,25.81285095214844,25.9528762147128,25.716281742038376,25.8418222677528,2225500
2010-09-21,25.595582962036133,25.919089694728974,25.566613474446427,25.904604950934125,2675800
2010-09-22,25.68733024597168,25.764585299746848,25.54247725038146,25.614902827223684,2553100
2010-09-23,25.890121459960938,25.996347838901738,25.49418911906144,25.566616530503907,2252600
2010-09-24,26.001176834106445,26.063947137847705,25.86115332224535,25.97703497633079,1604300
2010-09-27,25.861146926879883,26.112226237848255,25.84183270867341,26.010827513216924,3292300
2010-09-28,26.141193389892575,26.1701647146163,25.837000926961224,25.841830402034372,2299900
2010-09-29,26.45987319946289,26.45987319946289,26.0108277525102,26.030141970894352,3513700
2010-09-30,26.517824172973636,26.653021911558252,26.257089492508467,26.53231076326488,3787200
2010-10-01,26.434993743896484,26.722436626775625,26.3375569905031,26.55192044985026,3054100
2010-10-04,26.43012046813965,26.5762774446532,26.2596043052883,26.50319988563982,1489800
2010-10-05,26.771160125732425,26.771160125732425,26.386278584050597,26.478844254454117,2565000
2010-10-06,26.82962417602539,26.84423932000097,26.55679638472856,26.722441497571765,2331200
2010-10-07,26.776031494140625,26.85398202224707,26.65423367781886,26.844237973922866,1719400
2010-10-08,26.56166648864746,26.80038915424389,26.56166648864746,26.737055631486434,1203800
2010-10-12,26.590898513793945,26.659104989375567,26.425253419458404,26.644487988545883,1102600
2010-10-13,26.590898513793945,26.766285797366518,26.590898513793945,26.69807932178489,2277000
2010-10-14,26.556781768798828,26.75165892082685,26.459345051271075,26.605501986048964,1550100
2010-10-15,26.581148147583008,26.67371379122797,26.42037418608285,26.639610561543687,1303700
2010-10-18,26.83936309814453,26.83936309814453,26.581152358632416,26.581152358632416,1134800
2010-10-19,27.048852920532227,27.063468060343222,26.60550904756014,26.624997139632637,1831800
2010-10-20,26.966028213500977,27.16090540825532,26.834488244301458,27.039107626155523,2327400
2010-10-21,26.941669464111328,27.04397915669152,26.853974910903545,27.00500483220289,1702500
2010-10-22,26.576282501220703,26.98065213361574,26.53730816736209,26.98065213361574,1464100
2010-10-25,26.56166648864746,26.67859134488205,26.322941964563945,26.625001869892,1380800
2010-10-26,26.590898513793945,26.668849037099665,26.361918038495297,26.386277228562008,2644000
2010-10-27,26.420373916625977,26.56165978586942,26.26447290866308,26.51293955932688,1379300
2010-10-28,26.24986457824707,26.508075341190285,26.19140029123242,26.430124816991174,1019800
2010-10-29,26.63473320007324,26.63473320007324,26.147542161255853,26.18651833643468,1591900
2010-11-01,26.47397994995117,26.71757564258654,26.454491848503302,26.61526589771672,1313500
2010-11-02,26.55192375183105,26.649362375828787,26.44474107958483,26.586026991457185,1184900
2010-11-03,26.43012046813965,26.620124723455945,26.264475399161142,26.620124723455945,2016500
2010-11-04,26.55192375183105,26.74680099982652,26.503205369075776,26.673721567206425,1908600
2010-11-05,26.5714111328125,26.69808003965759,26.52269089288199,26.625002467492504,1381300
2010-11-08,26.649356842041016,26.649356842041016,26.50807095950693,26.60063661091541,3047200
2010-11-09,26.60063743591309,26.7370522288088,26.50320068761352,26.7370522288088,1905800
2010-11-10,26.49833106994629,26.59576968899544,26.259608404687302,26.551922403347675,12102500
2010-11-11,26.235246658325195,26.43012389124068,26.15242504235269,26.405764701748,1415700
2010-11-12,25.894210815429688,26.16216558088415,25.65061523620076,26.16216558088415,3160700
2010-11-15,25.79677963256836,26.025758279138994,25.66036480518898,25.899089359237408,1444800
2010-11-16,25.640878677368164,25.71882921114417,25.38753897797432,25.665237870706797,3146400
2010-11-17,25.82113265991211,25.90395426882304,25.402147945808466,25.49958655395834,1363000
2010-11-18,26.32293701171875,26.430119658505863,25.967287698318557,25.967287698318557,1591000
2010-11-19,26.6250057220459,26.67859520478938,26.220636044385877,26.22550899821814,2572800
2010-11-22,26.405759811401367,26.62499619320695,26.32293635228073,26.464222227053963,2061500
2010-11-23,25.981903076171875,26.313191324833845,25.826000209437293,26.30832023141399,2709200
2010-11-24,26.11344718933105,26.210885799583384,26.006266390691717,26.13780823575932,2500500
2010-11-25,26.20601463317871,26.230373821052943,26.11344711737496,26.11344711737496,629100
2010-11-26,26.108577728271484,26.25960767653411,26.001395064440786,26.06473044383956,2153100
2010-11-29,26.03550338745117,26.18166226976788,25.89421931755902,26.1134539240593,2825800
2010-11-30,25.928319931030277,26.210889900638392,25.928319931030277,25.991653457889814,3693000
2010-12-01,26.415512084960938,26.42525613368588,26.128069152280528,26.29858535874888,2318500
2010-12-02,26.2937126159668,26.425254477779728,26.167041848967465,26.35217504616572,2379100
2010-12-03,27.102441787719727,27.18039229045693,26.381399172778952,26.454476723696377,4316200
2010-12-06,27.341161727905277,27.42885626725936,27.04884783571593,27.06346297277948,4157800
2010-12-07,26.79551124572754,27.404500137675893,26.65422537675873,27.404500137675893,4417800
2010-12-08,26.990392684936523,27.02449591957721,26.771156277612903,26.819874653246195,2872700
2010-12-09,26.961158752441406,27.13167491431116,26.858849055319556,27.06346844956326,1960000
2010-12-10,27.2827091217041,27.365530739464056,26.94654783908131,26.96116298139493,1927000
2010-12-13,27.555517196655277,27.672441968608776,27.28268963128753,27.321665794262525,2132400
2010-12-14,27.594505310058597,27.696815001337423,27.48732266672648,27.64809663172465,3834400
2010-12-15,27.847843170166016,27.95015285501353,27.47757875231885,27.47757875231885,4812600
2010-12-16,27.69681930541992,27.85759329540235,27.54091826824803,27.716307399688148,3133900
2010-12-17,27.575008392333984,27.672446958857098,27.355773940764585,27.594496477335824,5462900
2010-12-20,27.321678161621094,27.584759946845253,27.321678161621094,27.52629753440506,1404400
2010-12-21,27.37527275085449,27.482455409147104,27.33629842142159,27.443481079714203,2169600
2010-12-22,27.62374496459961,27.638360107763557,27.33142909191045,27.443484717791296,1846100
2010-12-23,27.823490142822266,27.85759337865009,27.52630320904808,27.648101010858028,1949600
2010-12-24,27.906309127807617,27.940412360423657,27.769896197343456,27.828358616329982,199600
2010-12-29,28.06709289550781,28.11581128524623,27.87221561957925,27.88683262329073,2129600
2010-12-30,28.062170028686523,28.19975317119185,27.904931615986214,28.057255273922912,2957200
2010-12-31,28.05725479125977,28.086737696045034,27.875448231158195,27.983550340941147,1071000
2011-01-04,27.659238815307617,28.08673051604812,27.58553250940133,28.05724761879976,2156800
2011-01-05,27.54623413085937,27.664162014989813,27.43813200838154,27.664162014989813,3813700
2011-01-06,27.452865600585938,27.629759256591903,27.212095137800727,27.629759256591903,1700500
2011-01-07,27.63959503173828,27.72312713033002,27.41847789659837,27.45287368712792,2176600
2011-01-10,27.477434158325195,27.664155450727318,27.325110521264858,27.6395873035656,2132200
2011-01-11,27.69363784790039,27.806652822330783,27.60027626618396,27.63958680047076,3682300
2011-01-12,27.708383560180664,27.83614094615543,27.688728289349196,27.811570920401195,1868000
2011-01-13,27.4921817779541,27.806658620100084,27.457785990496248,27.806658620100084,1653500
2011-01-14,27.92458152770996,27.92458152770996,27.39881346024809,27.56587947598744,3989800
2011-01-17,27.855789184570312,27.924582619742157,27.762429477052702,27.855789184570312,1202500
2011-01-18,27.92949676513672,27.983547815149556,27.7378625874036,27.919669131095336,2032400
2011-01-19,27.69855690002441,27.92950165435122,27.66907586716898,27.88527823063821,1442200
2011-01-20,27.58555221557617,27.732963058264797,27.477450056203587,27.61012037695252,2151400
2011-01-21,27.231748580932617,27.67398272176526,27.21700806771468,27.64449982089993,5496100
2011-01-24,27.467607498168945,27.502003277953197,27.23174804474922,27.4626927442401,3382100
2011-01-25,27.541322708129883,27.65925248095986,27.33494794871511,27.511841670745,3674200
2011-01-26,27.590452194213867,27.73294820364363,27.418471407836545,27.57079692586853,1864300
2011-01-27,27.826318740844727,27.98355718932085,27.590461068130537,27.639597380368016,2623400
2011-01-28,27.52657699584961,27.934413556309664,27.428302516104964,27.816485680159925,3994200
2011-01-31,27.74276733398437,27.94914383949184,27.536392702905896,27.56587372195769,2662100
2011-02-01,28.21940803527832,28.248890940146484,27.83122488944782,27.890188824754446,3391700
2011-02-02,28.302947998046875,28.465101208307765,28.229243527007565,28.425790657542617,2677600
2011-02-03,28.69603729248047,28.73534595687665,28.307854156508792,28.39630099443727,1775900
2011-02-04,28.641984939575195,28.868014904281797,28.592846768271865,28.75008516758337,1509100
2011-02-07,28.79431915283203,28.956472366003258,28.60268490048805,28.69604652301582,4575900
2011-02-08,29.074382781982425,29.108780431042653,28.676373997128582,28.81887184884548,2832100
2011-02-09,28.528963088989254,29.11860600723848,28.48473968267765,29.01541868398778,3195100
2011-02-10,29.08422088623047,29.14318669919758,28.49457775199783,28.524058784051576,3662200
2011-02-11,29.12845039367676,29.364308071526462,28.93681614757576,28.966299060218297,1442700
2011-02-14,29.35939216613769,29.45275190157831,29.241462402143757,29.310255857891057,1566700
2011-02-15,29.41834259033203,29.57558095377097,29.369206304668293,29.447825486387764,1452000
2011-02-16,29.585420608520508,29.949035643254785,29.438009817196303,29.48223324203656,2435400
2011-02-17,29.968692779541016,29.97360566063781,29.53137138472524,29.67878405964945,2424700
2011-02-18,29.77705383300781,30.11118594857755,29.73283040964035,30.11118594857755,2586100
2011-02-22,29.21690368652344,29.69353390309696,29.094061001792586,29.555950696016197,2412100
2011-02-23,28.74518394470215,29.221814090269618,28.715701029963945,29.1137119439932,3089800
2011-02-24,29.1628475189209,29.47241155529089,28.81397480499694,29.07931540759979,2204400
2011-02-25,29.48223304748535,29.7230054421223,29.31025410448031,29.35939040978749,3023400
2011-02-28,29.48223304748535,29.58050753252961,29.305339349291653,29.5706798965822,3109200
2011-03-01,29.064571380615234,29.58051012935366,28.926986339702943,29.50680379049243,2269400
2011-03-02,29.020341873168945,29.153012130670117,28.90732688517084,28.990858968914356,2324600
2011-03-03,29.25619506835937,29.40851869794415,28.926975914375063,29.261107947778815,2737600
2011-03-04,29.315166473388672,29.42818147316584,29.22180674516315,29.42818147316584,1875500
2011-03-07,29.555931091308597,29.693514207129272,29.2463672062827,29.383950322103377,3658000
2011-03-08,29.13336563110352,29.60508099459817,28.912248468705947,29.60508099459817,4085300
2011-03-09,28.88275146484375,29.18248770826117,28.627238632331014,29.04490459630405,4887300
2011-03-10,28.40122413635254,28.84345848578064,28.307864384553422,28.82871609117948,3317100
2011-03-11,28.33242416381836,28.420871007546296,28.057255997283686,28.106394174037977,2258600
2011-03-14,28.651819229125977,28.70586841846991,28.16536152959049,28.24889550299477,2454100
2011-03-15,28.61741828918457,28.70586325330128,27.93932648513889,28.1800969766254,3581400
2011-03-16,28.307861328125,28.47492741160061,28.04252074711723,28.38156579545151,3491500
2011-03-17,28.37665367126465,28.54863264071236,28.180104670955675,28.51423684682282,1982800
2011-03-18,28.440523147583008,28.686208381020663,28.38647209631799,28.48965944449871,5265900
2011-03-21,28.79431915283203,28.843457342170403,28.55846146729865,28.55846146729865,1851900
2011-03-22,29.094038009643555,29.187399575893743,28.85326758752589,28.88766336211413,1847500
2011-03-23,29.15301322937012,29.295509252563445,29.04491111745886,29.09896217341449,1802500
2011-03-24,29.15301322937012,29.285681617441536,29.01542821209313,29.16775374483811,2034100
2011-03-25,29.07931137084961,29.374132972083636,29.06457085311692,29.18741349936943,2096000
2011-03-28,28.99085998535156,29.246372874560805,28.877844993391083,29.172666548554968,2736600
2011-03-29,29.0252685546875,29.12354307450214,28.917166395448334,29.040009076609,1837800
2011-03-30,29.261104583740234,29.266019337024037,29.094038586245304,29.118606729376783,2619600
2011-03-31,29.231630325317383,29.393781607046797,29.21688793648409,29.310249526186407,2796800
2011-04-01,29.42494773864746,29.66784129298063,29.28615142188565,29.29606382369036,3639000
2011-04-04,29.484437942504883,29.58853520245392,29.37042638766188,29.56870850362439,1816100
2011-04-05,29.28120994567871,29.529061732515984,29.18206885275199,29.454705440081177,1545800
2011-04-06,29.15728187561035,29.395219346296532,28.810289021750076,29.370434547654856,1903100
2011-04-07,28.97386741638184,29.191976256540134,28.869770144326196,29.191976256540134,1863000
2011-04-08,28.91932487487793,29.05316496630767,28.691301855830663,29.02342209344851,1190800
2011-04-11,28.75080680847168,28.97387379121197,28.592181818736144,28.94413089652692,1085800
2011-04-12,28.502948760986328,28.706187102600232,28.269967531224548,28.52773355563024,1578300
2011-04-13,28.641754150390625,28.904478351099485,28.463300547179845,28.602098844654464,3131200
2011-04-14,28.512863159179688,28.59713183946261,28.383979201035817,28.527733657827586,2057100
2011-04-15,28.304668426513672,28.59217735739769,28.29971222365235,28.45338098577575,1855400
2011-04-18,28.16091537475586,28.255098355194704,27.883320745257933,28.255098355194704,1718100
2011-04-19,27.95767974853516,28.19561721517032,27.95767974853516,28.05681894141397,1476400
2011-04-20,28.359188079833984,28.473199622937223,28.10142211200823,28.255090830603837,1694300
2011-04-21,28.602088928222656,28.716100492754894,28.3443229119486,28.527732655677973,1573500
2011-04-25,28.48311233520508,28.68635062092256,28.45337134619546,28.577297176290465,1567800
2011-04-26,28.37406539916992,28.656616205322912,28.359193010295503,28.47816266649817,1960800
2011-04-27,28.279878616333008,28.42858925827029,28.00724212428825,28.398848264457875,1900000
2011-04-28,28.418676376342773,28.517815541994644,28.18073708409484,28.18073708409484,1300000
2011-04-29,28.59713554382324,28.646707030668573,28.29475798338164,28.42859627046685,1700000
2011-05-02,28.94908142089844,29.315900904628453,28.507903774421028,28.507903774421028,2496700
2011-05-03,28.91932487487793,29.15726218487825,28.760700001544382,29.05812116630537,2184700
2011-05-04,28.616958618164062,28.889595124863984,28.50294705685168,28.805326449921203,1356400
2011-05-05,28.602088928222656,28.69131569889285,28.255096141278404,28.507904064204915,1953900
2011-05-06,28.4682559967041,28.80533457345341,28.26005951531939,28.765677380443357,2156900
2011-05-09,28.59713554382324,28.59713554382324,28.289799889217665,28.473209663148214,954000
2011-05-10,28.641754150390625,28.775594352798716,28.50295774387523,28.696281850367168,930000
2011-05-11,28.577306747436523,28.68636022859294,28.463293281520468,28.602091543564857,1302400
2011-05-12,28.49799346923828,28.592176448278703,28.2798827311003,28.428593394675215,1200000
2011-05-13,28.478168487548828,28.60705057473374,28.37902740227486,28.51286758375088,1200000
2011-05-16,28.557477951049805,28.785501099342756,28.408767284378698,28.47320737566232,1500000
2011-05-17,28.83009910583496,28.93915441898689,28.54754842263015,28.552504622792643,1770500
2011-05-18,28.94908142089844,28.94908142089844,28.770627881372032,28.830111764227983,1453200
2011-05-19,29.0234317779541,29.07300324926032,28.82515156560408,28.9490774074322,1847100
2011-05-20,28.99370574951172,29.09284496137242,28.909435150279016,28.92926374903486,963800
2011-05-24,28.790451049804688,29.09282850042716,28.790451049804688,28.949075968181724,1300000
2011-05-25,29.0234317779541,29.0779594509118,28.75079530412389,28.77062389264638,1560200
2011-05-26,29.454700469970703,29.454700469970703,28.84994349798506,28.87472829429485,2550200
2011-05-27,29.256423950195312,29.474532832958097,29.24650965221169,29.24650965221169,1800000
2011-05-30,29.236576080322266,29.405115253018234,29.0680369076263,29.34563139528958,484500
2011-05-31,29.42494773864746,29.608357427362424,29.340677195643508,29.479475403363317,2902700
2011-06-01,28.82020568847656,29.593503949992503,28.77559229087066,29.519147656996303,2071900
2011-06-02,28.745832443237305,29.033339346376632,28.552506586366185,28.93915640915058,1773400
2011-06-03,28.988739013671875,29.00856760651741,28.46825074270807,28.50294983470841,1400000
2011-06-06,28.66157531738281,29.07301011710436,28.47320746383809,28.929255652794996,2181600
2011-06-07,28.602088928222656,28.93420932608284,28.52277645328899,28.6268737220847,2200000
2011-06-08,28.63678741455078,28.73097038562588,28.488076763552755,28.502947261365,1408700
2011-06-09,28.869775772094727,28.904474869544057,28.55748200409177,28.74584988378741,1917200
2011-06-10,28.542585372924805,28.77556454380667,28.155935669517305,28.750779767026547,1871700
2011-06-13,28.20552444458008,28.621915379587225,28.066726205605416,28.502945730603003,1964600
2011-06-14,28.602088928222656,28.686357605545307,28.28979523087697,28.33440861621207,3465300
2011-06-15,28.36910629272461,28.597129410431084,28.155953672402937,28.458333058950355,2176700
2011-06-16,28.20552444458008,28.497989528584604,28.14108247259036,28.26500832359298,2234000
2011-06-17,28.14109230041504,28.497999481053387,28.13613420570668,28.269974398446063,3397200
2011-06-20,28.40875625610352,28.458325828764742,28.086548360931573,28.16586081176433,1098900
2011-06-21,28.745832443237305,28.85984396439237,28.398839788310934,28.48310843357248,1577700
2011-06-22,28.721059799194336,28.954041046785974,28.65661970638033,28.681404502921005,1468100
2011-06-23,28.379026412963867,28.6516629697438,28.240230032994194,28.51286658977413,2317700
2011-06-24,28.284841537475582,28.552519982271846,28.284841537475582,28.497994187322107,1303200
2011-06-27,28.69627571105957,28.69627571105957,28.23031509533219,28.25509989248471,1890000
2011-06-28,28.84497833251953,28.93420509012697,28.71113819610838,28.71113819610838,2046300
2011-06-29,28.770631790161133,28.98378444789239,28.72601839921834,28.924298665996133,2900000
2011-06-30,29.06072425842285,29.06072425842285,28.73560541592117,28.9606888656856,3465000
2011-07-04,29.13576316833496,29.175778866234403,29.010716974479447,29.11075431117456,805900
2011-07-05,28.81063842773437,29.23079365892461,28.81063842773438,29.11575140501045,2605900
2011-07-06,28.86066246032715,29.030725363456284,28.74061727244925,28.865663468630856,1291400
2011-07-07,28.705604553222656,29.040729351913413,28.6805956955421,28.935689096769423,1712700
2011-07-08,28.63559341430664,28.905693792654137,28.61058454402731,28.63559341430664,1780000
2011-07-11,28.620567321777344,28.650577180712013,28.42549560648968,28.560543787801844,2150200
2011-07-12,28.5655574798584,28.81064699120362,28.410499487336253,28.410499487336253,2126100
2011-07-13,28.58055686950684,28.820645325242943,28.58055686950684,28.625573574210694,1762900
2011-07-14,28.5505428314209,28.71560278583685,28.41048982167504,28.71560278583685,1436600
2011-07-15,28.525535583496094,28.640577846632738,28.400489396427567,28.58055621109479,1007100
2011-07-18,28.01034927368164,28.43050458910901,27.910311930379198,28.390488888566583,2365600
2011-07-19,28.205406188964844,28.24542186843252,27.935306076715904,28.010334521691483,1792600
2011-07-20,28.300447463989254,28.44049855071657,28.150390547578056,28.28544062751637,3311700
2011-07-21,28.530536651611328,28.71060345461592,28.300452140240257,28.31045415547094,1714200
2011-07-22,28.5505428314209,28.810637189406457,28.48551828789793,28.610564459567325,2124100
2011-07-25,28.5655574798584,28.640584063553263,28.290456190202946,28.470521135902903,1319300
2011-07-26,27.965335845947266,28.51553843658901,27.87530241721624,28.485528565714567,1865300
2011-07-27,27.42012023925781,27.955317620713096,27.385107469110487,27.910300929373264,1863300
2011-07-28,27.46014976501465,27.63521370399034,27.13002783147918,27.26007505642486,1647200
2011-07-29,27.10001373291016,27.410127787428937,26.89493803278511,27.410127787428937,2397500
2011-08-02,26.279714584350582,27.23506764813992,26.194682160843715,27.23006473072861,2398400
2011-08-03,26.64983558654785,26.71486012053288,25.47440250849192,26.17966273693605,5334900
2011-08-04,26.15966415405273,26.57981945427463,25.75951670337796,26.544806671593932,3738800
2011-08-05,25.84954833984375,26.25969968707377,25.039249569469,26.134653498087705,4291900
2011-08-08,24.97422409057617,25.529429454368703,24.654106163934475,24.729132729711115,4535600
2011-08-09,26.399747848510746,26.399747848510746,25.14928609883815,25.17929786772945,4805500
2011-08-10,25.959585189819336,26.54480033906213,25.53442707460967,26.309712933099764,3913000
2011-08-11,26.89493560791016,26.92494738133976,25.644473669145803,25.90957098958673,3030500
2011-08-12,26.93495178222656,27.490157237477028,26.75988785852311,27.20005103418936,2330800
2011-08-15,26.839916229248047,27.25507052814812,26.729874962926853,27.24506660320496,1910600
2011-08-16,26.734872817993164,26.794894448235283,26.41975592012889,26.75988167158961,1560300
2011-08-17,27.01497459411621,27.19004038256562,26.7748861689786,26.80989894505785,1847500
2011-08-18,26.24969291687012,26.719865849580074,26.009604489014823,26.50978919072665,2176600
2011-08-19,25.134292602539062,25.94959456847856,25.02425130793074,25.589460810163377,3669200
2011-08-22,24.62408828735352,25.70448697591564,24.574070589237436,25.70448697591564,3377800
2011-08-23,25.72450256347656,25.779523192801506,24.58908292030464,24.934209720542757,3132700
2011-08-24,26.169675827026367,26.31973092695036,25.63447809552988,25.74451939256606,1809200
2011-08-25,26.084636688232425,26.619834242966128,25.889563023899814,26.319722234183764,1922600
2011-08-26,25.67949104309082,26.084641470603422,25.46441139851604,25.89957169677146,2241700
2011-08-29,26.184659957885746,26.259688402256085,25.869545070856542,26.074620656342532,1268300
2011-08-30,26.759883880615234,26.89993499875913,26.024611694253025,26.40975417720212,2928500
2011-08-31,27.27508354187012,27.420137629075235,26.87493598066124,26.969970430181448,3953600
2011-09-01,27.10001373291016,27.45014348894293,26.97496752775943,27.38511892800953,2790900
2011-09-02,26.5648136138916,26.949956118279303,26.424762487951888,26.719869672452432,1872200
2011-09-06,26.124650955200195,26.22468829328866,25.6444740220398,25.92957919535713,2525100
2011-09-07,26.634845733642575,26.734883094534656,26.209689334918693,26.459781783121908,1398000
2011-09-08,26.414756774902344,26.59482167832349,26.15466048144509,26.45477056186704,2164300
2011-09-09,25.82453346252441,26.41475148957032,25.714492231296305,26.21467687061975,2074600
2011-09-12,25.39438247680664,25.744512217753343,25.089269444096704,25.269336277043788,2383500
2011-09-13,25.73450469970703,25.89456366041147,25.414386778298155,25.58945067030197,2092700
2011-09-14,25.784521102905277,26.029612447345155,25.704491626608142,25.9695889090824,2841900
2011-09-15,26.26970863342285,26.3497381333519,25.914577846741057,26.15966735550024,4154700
2011-09-16,25.89457130432129,26.56982012486889,25.894571304321293,26.42476796069869,6017800
2011-09-19,25.91456794738769,26.029610190336257,25.514418692545505,25.649468779846785,1617400
2011-09-20,25.834545135498047,26.259701443262784,25.799532352884643,26.059626764283173,1970900
2011-09-21,25.3393611907959,25.949587240494317,25.339361190795906,25.80953420289171,1826500
2011-09-22,25.00924301147461,25.07426757755951,24.569079800217587,24.959225288673185,4320300
2011-09-23,25.374378204345703,25.504427338944197,24.58408710261229,24.619099890837923,3811200
2011-09-26,26.15966415405273,26.15966415405273,24.84417762115921,25.609461647881613,2625900
2011-09-27,26.494781494140625,27.069992696224016,26.3197157219868,26.43475796240348,4110500
2011-09-28,26.224687576293945,26.61983400151046,26.004606964959248,26.61983400151046,2388700
2011-09-29,26.859926223754883,26.859926223754886,26.35974138498125,26.454775817448898,2660800
2011-09-30,26.627588272094727,26.794262230871546,26.435658990030237,26.516471015103075,3186200
2011-10-03,25.81946563720703,26.334643010435386,25.62753828525361,26.13766382322967,3179500
2011-10-04,25.354793548583984,25.55682261696607,24.753752397874656,25.253778051037763,3600000
2011-10-05,26.132612228393555,26.364946540530678,25.077004153923905,25.506317640555995,2700000
2011-10-06,26.51142120361328,26.56697790560202,25.9861420753598,26.26393329214613,2300000
2011-10-07,26.152812957763672,26.64273688769613,26.092204427545465,26.420504325755758,1900000
2011-10-11,26.68313980102539,26.73364658074112,26.380093342600617,26.678087967027736,2400000
2011-10-12,26.870023727416992,27.06195300505364,26.698297937260115,26.88517537967152,2100000
2011-10-13,26.354854583740234,26.87003211502598,26.16797708299413,26.87003211502598,2100000
2011-10-14,26.385156631469727,26.52657721743831,26.09221178715084,26.51647547176756,2600000
2011-10-17,26.183120727539062,26.53667405376331,26.117460356181976,26.385151750155952,1200000
2011-10-18,26.046741485595703,26.31948269816037,26.021488097775272,26.19321383234821,1733700
2011-10-19,26.127559661865234,26.218473420888067,25.986139115256577,26.01644241712389,2100000
2011-10-20,26.097261428833008,26.24878568562845,25.72855638583341,26.087161609976874,2869600
2011-10-21,26.127559661865234,26.415452589867392,26.09220452521307,26.390199196074484,2203300
2011-10-24,26.385156631469727,26.38515663146973,26.10231353282159,26.26898751961156,2274400
2011-10-25,25.97604179382324,26.324543311589508,25.970989958178517,26.26898467976211,3877300
2011-10-26,26.05180549621582,26.21342956586426,25.83462279136744,26.162920839904817,2131800
2011-10-27,26.784149169921875,26.96597663118676,26.39524086148529,26.561916676548048,5590500
2011-10-28,26.784149169921875,27.03163697591237,26.627577021273662,26.839707774942795,2999700
2011-10-31,26.53162384033203,26.93063407470025,26.44576190283319,26.693247897621053,2040400
2011-11-01,25.79421043395996,26.188168780771043,25.672993370346006,26.13766199205031,3681100
2011-11-02,26.24877548217773,26.53666837544152,25.986135979659675,26.031592853686075,2271700
2011-11-03,26.7336540222168,26.80436430418551,26.2538317745154,26.38515252106644,1824200
2011-11-04,26.385156631469727,26.6882012947484,26.22858246363953,26.6882012947484,2071300
2011-11-07,26.33969497680664,26.50131902489336,26.279084513741147,26.364948373061942,1654000
2011-11-08,26.61749267578125,26.68315306341514,26.339701395853236,26.486171900513465,1287700
2011-11-09,25.92554473876953,26.410417100465335,25.910391152852384,26.364960196136888,1882400
2011-11-10,25.753808975219727,26.198274172655,25.637639876903567,26.193224263763785,1787600
2011-11-11,25.94573402404785,26.16291669448442,25.83966860640504,25.9608876027901,1110200
2011-11-14,25.92048072814941,26.188170190861804,25.667942917526982,25.95078595903992,1300000
2011-11-15,25.733604431152344,25.91038013575823,25.64774056983614,25.799264804310532,1552000
2011-11-16,25.62753295898437,25.859867237826712,25.577024250511982,25.683089648238678,1500000
2011-11-17,24.91033744812012,25.758864917175742,24.77901859237372,25.65279946522159,2970900
2011-11-18,25.19822883605957,25.21843232845165,24.75881347344266,25.087111554614182,1900000
2011-11-21,25.142662048339844,25.167917369001987,24.75880545082699,24.874972604373124,1617000
2011-11-22,25.22347450256348,25.29418670424949,24.9608349621469,25.06185046641643,1673400
2011-11-23,24.64264488220215,25.1224672023425,24.405258676859763,25.08206021985402,2320800
2011-11-24,24.42040634155273,24.75880802110926,24.268884035402184,24.71335113659303,562800
2011-11-25,24.39515495300293,24.54667727162564,24.25373437918317,24.42040835165491,1224000
2011-11-28,24.77395248413086,25.021440322832163,24.74869909488626,24.763850743091,2331900
2011-11-29,25.041654586791992,25.0719578962488,24.79416664153282,24.85477518715736,2087600
2011-11-30,26.03664970397949,26.036649703979496,25.43055853091308,25.506320650062907,3642500
2011-12-01,25.375003814697266,26.14776901302688,25.22853140044721,26.077058723860883,2750800
2011-12-02,24.74365997314453,25.597237232619264,24.688101336563104,25.597237232619264,4283100
2011-12-05,24.39515495300293,24.945687521143743,24.273937868789083,24.90528246864273,4341900
2011-12-06,24.18807983398437,24.47092297653893,24.011304074082325,24.425466077319648,3894900
2011-12-07,24.76386070251465,24.849724572530768,24.167871228441143,24.243633353354724,3440200
2011-12-08,24.516376495361328,24.839624655589592,24.39010756235272,24.69315223088897,3251200
2011-12-09,24.738603591918945,24.86992433184078,24.380000364774197,24.61233468714596,3142400
2011-12-12,24.67294311523437,24.683044858777787,24.455760445827416,24.571929533221383,3600000
2011-12-13,24.67294311523437,24.844668902051257,24.37494842419068,24.637587976187717,2300000
2011-12-14,24.48102378845215,24.809321890971702,24.364856589710357,24.637596047894437,2554000
2011-12-15,24.61738586425781,24.68304430575306,24.46586164121209,24.55172549605204,2600000
2011-12-16,24.955785751342773,24.955785751342773,24.511318676162507,24.556775558018565,5624900
2011-12-19,24.839624404907227,25.021451974878367,24.58708654143864,24.96084150041399,2263500
2011-12-20,24.99114418029785,25.11236319011125,24.90528224032608,24.90528224032608,1669400
2011-12-21,25.12245750427246,25.13255731928476,24.83456268195606,25.02144201375744,1622800
2011-12-22,25.506317138671875,25.55177401856169,25.10225705449045,25.12246054037714,1662800
2011-12-23,25.713394165039062,25.844712950029624,25.52146493155116,25.622480419003224,1549600
2011-12-28,25.57198143005371,25.82956917116515,25.43055893384732,25.82956917116515,1412900
2011-12-29,25.714859008789062,26.026152517034035,25.55155781539888,25.59748639770885,1339800
2011-12-30,25.93941116333008,25.97002893403825,25.65363297425769,25.68425269167051,1542500
2012-01-03,26.38338279724121,26.44462027709528,26.12822436002748,26.12822436002748,2193000
2012-01-04,26.45993423461914,26.64875291599433,26.220086581401493,26.33235499154633,1726700
2012-01-05,26.35276222229004,26.454825983179173,26.21497643709536,26.454825983179173,1359600
2012-01-06,26.2455997467041,26.48544932566269,26.10271162989707,26.240495487272653,1407100
2012-01-09,26.38848114013672,26.38848114013672,26.0873941516452,26.281315079835693,1505800
2012-01-10,26.47013092041016,26.75080476099065,26.434408901429222,26.53647264710505,2396300
2012-01-11,26.34765625,26.531370604737653,26.240488245267,26.48544201605324,1800000
2012-01-12,26.63854217529297,26.68957308585631,26.332350871799584,26.429312327256163,4428900
2012-01-13,26.57219886779785,26.597714321575413,26.276216099910304,26.536476843168398,1927900
2012-01-16,26.45483016967773,26.51096534438541,26.352766392636926,26.50075877201087,765800
2012-01-17,26.43951416015625,26.587504552948516,26.138427169703405,26.536473651531058,2344500
2012-01-18,26.822265625,26.95494720528933,26.296637724529877,26.296637724529877,2485800
2012-01-19,27.546905517578125,27.57752523182394,27.0774149127023,27.0774149127023,2789300
2012-01-20,27.56221008300781,27.56221008300781,27.41421968743405,27.49587029925908,1567100
2012-01-23,27.8377685546875,27.990863136624736,27.587714525087435,27.64384771265861,2414800
2012-01-24,27.526491165161133,27.71020554915424,27.31215901497208,27.61324604502648,3000000
2012-01-25,27.312158584594727,27.53669730221233,27.13865077430248,27.53669730221233,3184600
2012-01-26,26.909008026123047,27.40911831962896,26.750809097345982,27.37850055365584,2645900
2012-01-27,26.694677352905277,27.026382165074907,26.582407013587066,26.70488392436188,1555500
2012-01-30,26.516063690185547,26.648747164499376,26.35786670880934,26.56199228564736,2080900
2012-01-31,26.296628952026367,26.70998633740677,26.189462871384787,26.689573194416628,2697600
2012-02-01,26.45483016967773,26.582409404302588,26.33235324788784,26.505861084845822,2056400
2012-02-02,26.2200870513916,26.39869721621319,25.82203848211025,25.84755588854601,7898800
2012-02-03,26.36296844482422,26.572198275866302,26.260904685283236,26.403794727322328,3720800
2012-02-06,26.42420768737793,26.51096257013072,26.19456664644781,26.28131958249618,2109100
2012-02-07,26.526273727416992,26.57730658832359,26.19967120443313,26.53648029959831,1944300
2012-02-08,26.633445739746094,26.648756574776197,26.388493793019816,26.567105925867438,1778200
2012-02-09,26.715076446533203,26.715076446533203,26.41909379519682,26.505846693220104,2560800
2012-02-10,26.694677352905277,26.78143029022974,26.465034361892783,26.60282015650028,1767900
2012-02-13,26.77633285522461,26.88860126828831,26.658960182150626,26.78143516853008,1630400
2012-02-14,26.89879608154297,26.903900339321687,26.56198709619397,26.80693890856561,2026400
2012-02-15,26.98046112060547,27.113144639984355,26.86819269655987,26.92432593523017,2389500
2012-02-16,27.36318016052246,27.398902172809144,26.98044264599058,27.01616465827726,8205200
2012-02-17,27.337684631347656,27.429541857490545,27.194796478105427,27.41423296870176,2194200
2012-02-21,27.63875770568848,27.82757437589781,27.21009151744019,27.40401244578453,4012300
2012-02-22,27.409114837646484,27.725512655006263,27.373392817412977,27.72040839685628,2969000
2012-02-23,27.30705070495605,27.39890788332499,27.15906031465416,27.312154963034367,1473100
2012-02-24,27.30705070495605,27.52648708142584,27.235606665492227,27.31725727440861,2841500
2012-02-27,27.271333694458008,27.4193260586474,27.087621250679668,27.368295148715266,2075200
2012-02-28,27.34278106689453,27.46525603556408,27.276439323287555,27.34278106689453,2111100
2012-02-29,27.22540855407715,27.536702205624557,27.194790782911618,27.43974268575925,3337400
2012-03-01,27.44994163513184,27.56221000940134,27.30705160479153,27.42952849555406,2674900
2012-03-02,27.378498077392575,27.597934464973196,27.368291507423223,27.55710818509579,1839300
2012-03-05,27.409114837646484,27.455043427475864,27.14885412641605,27.42952797683823,2521200
2012-03-06,27.016172409057617,27.342776817056784,26.939626052212745,27.19988678021208,3749400
2012-03-07,26.85798072814941,27.143756964730827,26.66916206131714,27.062106333321196,4155400
2012-03-08,27.23561668395996,27.35809361573901,26.857983208825384,27.128450585343774,2977500
2012-03-09,27.35808563232422,27.40911653676294,27.25091956498037,27.27643501719973,2460300
2012-03-12,27.480566024780277,27.52139231378116,27.307058189935724,27.352986791709416,1574100
2012-03-13,27.60814666748047,27.66428184437056,27.485671687633648,27.55711575032841,2452200
2012-03-14,27.674484252929688,27.82247661578866,27.506080694304007,27.71020627890193,2752500
2012-03-15,28.24603271484375,28.27665242215424,27.67447847197601,27.67447847197601,3975600
2012-03-16,28.506311416625977,28.618581793297597,28.271566035135404,28.28177066328273,7950800
2012-03-19,28.562440872192383,28.68491585242937,28.3736221953779,28.490996809270023,2279400
2012-03-20,28.45016860961914,28.536921552575564,28.210319031579125,28.41444658055419,1598900
2012-03-21,28.3889217376709,28.45015920343527,28.128659101440423,28.419539497201114,2041000
2012-03-22,28.3889217376709,28.557325255198908,28.210309704694232,28.266444859438216,1654600
2012-03-23,28.679811477661133,28.74615322276478,28.322589242024417,28.38893098712806,2097600
2012-03-26,29.03192901611328,29.123786216654807,28.7359462173608,28.83290573050817,2804200
2012-03-27,29.042131423950195,29.17481294642813,28.81759271410128,29.03192485349739,2500000
2012-03-28,29.11357688903809,29.123783459988232,28.797180976401112,29.03703052696856,1771500
2012-03-29,28.832904815673828,29.128889551739604,28.659396992012216,29.016619210927832,3113800
2012-03-30,28.796831130981445,29.0648047366369,28.72468476904362,28.910203142951925,2373600
2012-04-02,28.935976028442383,28.997815496333686,28.575242195034168,28.657695474169653,1770000
2012-04-03,28.57524299621582,28.78137521691337,28.4721759029464,28.760763370932523,1598500
2012-04-04,28.63707160949707,28.647378511500783,28.27118543464768,28.34848425091472,1482900
2012-04-05,28.52369880676269,28.5236988067627,28.255727207191857,28.45155245565973,1600000
2012-04-09,28.374265670776367,28.47217833653846,28.157824559826658,28.34849742087556,1400000
2012-04-10,28.023822784423828,28.42578209177476,27.83314806584526,28.322715048242628,1668000
2012-04-11,28.296968460083008,28.400035575300947,28.070222379276917,28.070222379276917,1378600
2012-04-12,28.518552780151367,28.58554667809676,28.296959242659064,28.38456695010166,1269600
2012-04-13,27.879539489746094,28.405179856545445,27.874387020099547,28.34334039158115,2626200
2012-04-16,28.152664184570312,28.2402699189422,27.92076376146692,27.9671438460876,3438900
2012-04-17,28.400026321411133,28.48763206300373,28.11143888600283,28.312418613977457,1601800
2012-04-18,28.55976867675781,28.714370229331045,28.33302274727236,28.38455725341024,1671200
2012-04-19,28.369102478027344,28.60100289466578,28.26088293887636,28.58554352217017,1992200
2012-04-20,28.214509963989254,28.513404346481032,28.17328233915949,28.472176721651262,1813100
2012-04-23,27.972307205200195,28.05991493952014,27.719794841834396,28.05476050264396,2803500
2012-04-24,27.915611267089844,28.13205233231208,27.83315799601496,27.95168641616109,1421700
2012-04-25,27.977447509765625,28.08051457096826,27.864073545858663,28.08051457096826,1266300
2012-04-26,27.81255149841309,28.095984549345957,27.71979130489449,27.956844259068053,2143800
2012-04-27,28.090805053710938,28.095959485331235,27.760992200240235,27.838292947827288,1329900
2012-04-30,28.24027633666992,28.25573767895108,27.843469292703716,27.96199576570536,1600000
2012-05-01,28.03413963317871,28.28665191530318,27.982605110205625,28.27119254133178,899000
2012-05-02,27.817699432373047,27.977453509789903,27.663099790334112,27.910459610764622,1175000
2012-05-03,27.462120056152344,27.936225887133013,27.405433062047894,27.86923395395603,1600000
2012-05-04,27.19929313659668,27.431193533450863,26.91586019192632,27.3538947117266,2197400
2012-05-07,27.61671638488769,27.6218688538058,26.99831592514917,27.003470359908142,2114400
2012-05-08,27.322978973388672,27.616718874219615,27.06531225575865,27.472426141415937,4041100
2012-05-09,27.0859317779541,27.389978647520948,26.951943955654706,27.13231187554367,1700000
2012-05-10,27.209604263305664,27.415738418251717,27.12199852525024,27.23021807196847,1500000
2012-05-11,27.322978973388672,27.46211923680981,27.018932167951604,27.178686240584994,957100
2012-05-14,27.055007934570312,27.204455116867933,26.94678837463393,27.15807502463216,2400000
2012-05-15,27.132305145263672,27.18383770053968,26.915864088254292,27.04985187731748,1661600
2012-05-16,27.06015396118164,27.26113562357528,26.910708780309484,27.14776165491848,1500000
2012-05-17,26.647884368896484,27.06015061414568,26.565431119846647,27.049845678124907,1705700
2012-05-18,26.33868789672852,26.694267201385745,26.26654154208856,26.67365339553412,2200000
2012-05-22,26.601512908935547,26.797340176042148,26.462372637505155,26.7818808011636,1900000
2012-05-23,26.63243103027344,26.704577393800434,26.18409150989785,26.498443241573906,1963300
2012-05-24,26.488126754760746,26.74579334978433,26.20469192756271,26.653033218308632,1609300
2012-05-25,26.256235122680664,26.400527834617773,25.98826153919692,26.400527834617773,2402800
2012-05-28,26.17377281188965,26.4108256040463,25.900644888383862,26.281992308416804,1086400
2012-05-29,26.79733657836914,27.044696372422408,26.53966988050021,26.53966988050021,2736400
2012-05-30,26.884939193725582,26.95708751206694,26.56543307586226,26.68395950723348,1744300
2012-05-31,27.29721069335937,27.343590777765822,26.78187729588363,26.9725501025142,2831300
2012-06-01,26.488126754760746,27.106525010145265,26.42113288961938,26.95192544629913,2054900
2012-06-04,26.415990829467773,26.549978622507187,26.05010456496352,26.43145216918219,1611700
2012-06-05,26.668506622314453,26.79218751799674,26.32323414684669,26.32323414684669,1646000
2012-06-06,26.90040779113769,26.93648097712438,26.725194330984703,26.79218823317764,1547000
2012-06-07,27.19929313659668,27.29205329533836,26.951933368565783,27.05500043003883,1692000
2012-06-08,26.72004127502441,27.194149118794236,26.67881561712864,27.05500883744357,1500900
2012-06-11,26.55512809753418,27.018928919848435,26.452062995545063,26.97254883761701,1465400
2012-06-12,26.601512908935547,26.766419460443892,26.369612456551565,26.61697424965525,1819200
2012-06-13,26.771568298339844,26.951934187014327,26.441755264283223,26.457214635929397,1285500
2012-06-14,26.79733657836914,26.859176035422237,26.591202433737635,26.807643482184805,1285200
2012-06-15,26.78703498840332,27.00862854979626,26.725195519082884,26.84887445772375,4700300
2012-06-18,26.591209411621094,26.967404619168303,26.51391056148072,26.797343610344928,1907800
2012-06-19,27.379669189453125,27.379669189453125,26.601514509720413,26.6685084146275,2392400
2012-06-20,27.48273277282715,27.534265329504468,27.18383843974381,27.415738876473807,1429300
2012-06-21,27.008621215820312,27.60640783250373,26.946781763291888,27.26113542622589,1862500
2012-06-22,27.27144432067871,27.415739018637296,26.98801132580165,27.00862513491589,1509400
2012-06-25,26.98286247253418,27.261143035346784,26.859181567114813,27.20960850565484,1384100
2012-06-26,27.075618743896484,27.106537491398235,26.802490690637917,27.044698030553715,1920600
2012-06-27,27.31783103942871,27.31783103942871,26.97771096984688,27.14261755110828,1904700
2012-06-28,27.11993408203125,27.276154497693568,26.92726031581237,27.156385446137445,2056900
2012-06-29,27.4636287689209,27.541738009060765,27.270954939717004,27.541738009060765,2981400
2012-07-03,27.7708683013916,27.96354017943838,27.39072904789599,27.63026925964351,1985500
2012-07-04,28.03644561767578,28.109348390024632,27.65109983839413,27.838565245263496,1439300
2012-07-05,28.05727767944336,28.13538694726953,27.906263647280344,28.06769264577719,2559300
2012-07-06,27.52091789245605,27.963545023475262,27.510504912553607,27.95833654707232,1467800
2012-07-09,27.588611602783203,27.66151437399894,27.312621972766053,27.546953727710584,1432800
2012-07-10,27.33865737915039,27.796905906664463,27.130362052157235,27.55215919541522,2173300
2012-07-11,27.63026428222656,27.692752071818475,27.213673721077747,27.385517625519284,1965300
2012-07-12,27.24492835998535,27.54174794984165,27.224098427182728,27.536541459866857,1903800
2012-07-13,27.203271865844727,27.45322511284698,27.099124182980837,27.41156524512069,1955100
2012-07-16,27.14598846435547,27.23451269682424,27.005389401212412,27.203269784871345,1955100
2012-07-17,27.104320526123047,27.27616443648271,26.97934494263519,27.2240896213202,1174300
2012-07-18,27.22930335998535,27.35948744338197,27.083495835794132,27.1720220454586,1156000
2012-07-19,27.401142120361328,27.44280197568471,27.27095805215263,27.32303287130685,3571900
2012-07-20,27.156394958496094,27.338651842868124,27.083490218296223,27.2865790148907,1165000
2012-07-23,26.760631561279297,26.97413331234151,26.474227063969128,26.97413331234151,2649800
2012-07-24,26.63566780090332,26.82833971375528,26.45861734447263,26.713777069461383,2055400
2012-07-25,26.35445785522461,26.66169227467596,26.302383046406085,26.66169227467596,2334500
2012-07-26,26.703353881835938,26.786671601184445,26.44298576056546,26.510682028302096,2191000
2012-07-27,27.08869743347168,27.2605393469682,26.82832933278831,26.984549795908137,2689400
2012-07-30,27.192855834960938,27.27096510421387,27.062671733087637,27.156404445352557,1689800
2012-07-31,27.260541915893555,27.39072597850327,27.1876391586643,27.32823818465693,4240300
2012-08-01,27.06787109375,27.39072702515268,27.04183467752339,27.338654192699455,2080500
2012-08-02,26.745019912719727,27.01580305976489,26.687738594976302,26.922070355539585,1950400
2012-08-03,27.00538444519043,27.12515355408377,26.90123678940669,27.00017596985302,1788900
2012-08-07,27.395931243896484,27.520906816947864,27.10952673699858,27.39072276958964,1779400
2012-08-08,27.06266212463379,27.46883574260417,27.03662372434252,27.45321429159025,2042800
2012-08-09,27.047046661376957,27.213682142824315,26.98976732862137,27.15640281006873,943700
2012-08-10,27.07308006286621,27.13035938502944,26.84395482840826,26.88040620908089,996600
2012-08-13,27.00017738342285,27.130361463355367,26.750224188326595,27.078288625962927,1710400
2012-08-14,27.08348655700684,27.239708992722235,27.010583813113403,27.11993991540434,1185800
2012-08-15,27.255334854125977,27.2865797436175,27.04183307539499,27.13035728261098,3364700
2012-08-16,27.468843460083008,27.515709812743108,27.203268785976835,27.33865936785513,1222200
2012-08-17,27.74481964111328,27.744819641113285,27.46883013513537,27.49486654366053,1100000
2012-08-20,27.70317268371582,27.828148288384643,27.552158673827183,27.713587648513457,877200
2012-08-21,27.78126716613769,27.921866136459137,27.74481580195625,27.802097084655767,1429700
2012-08-22,27.484455108642575,27.781274574096628,27.47924862084992,27.703165338501343,1800300
2012-08-23,27.33865737915039,27.46884146190825,27.286584540627832,27.46884146190825,2012200
2012-08-24,27.31782531738281,27.531327116986784,27.31782531738281,27.33865524574693,1807900
2012-08-27,27.56778335571289,27.640688117832788,27.38031992675954,27.458429192210524,2264500
2012-08-28,27.546951293945312,27.927088557736298,27.42718019587088,27.848977317505383,2530800
2012-08-29,27.91146469116211,27.937503095141963,27.557363850710463,27.57298729038864,2201900
2012-08-30,27.234498977661133,27.364683009090157,27.114729907120516,27.213669055884328,5931500
2012-08-31,27.208471298217773,27.338655371414987,27.135568535059544,27.26054413291613,2946900
2012-09-04,27.203271865844727,27.24492974711919,27.0366343813914,27.2084783560846,2294900
2012-09-05,27.31782531738281,27.35948517411105,27.172019791736577,27.208471173148137,2149000
2012-09-06,27.546951293945312,27.593817640793592,27.36469239555696,27.36469239555696,1787400
2012-09-07,27.4636287689209,27.546946483607364,27.42717540644775,27.541738009060765,2532800
2012-09-10,27.536535263061523,27.57819313284037,27.427179133683065,27.442802572995003,1214100
2012-09-11,27.599027633666992,27.61985756523324,27.500088438404724,27.572991212434985,2227000
2012-09-12,27.713592529296875,27.79170179935826,27.640689749325546,27.69276259603313,1632100
2012-09-13,27.8281364440918,27.911454140559563,27.619843196147663,27.770857141761297,1620300
2012-09-14,27.90106010437012,28.07810859139077,27.80211890697396,27.989584347880445,1970700
2012-09-17,27.94791984558105,28.078103937248084,27.848980651036687,27.98957970841127,1853200
2012-09-18,27.85418128967285,27.942705493601256,27.76565509929341,27.937499005438244,1789400
2012-09-19,27.89584350585937,27.95833130581826,27.83335570590049,27.90625847026108,1920900
2012-09-20,27.8593807220459,27.91145353629194,27.692745332717926,27.8593807220459,1988500
2012-09-21,28.1353759765625,28.1353759765625,27.84897146663957,27.859386428912345,10861700
2012-09-24,28.213491439819336,28.302015652763373,27.880220542816204,28.067685918993277,1942000
2012-09-25,28.23431205749512,28.473850187424254,28.17182229507401,28.3020063204421,2771800
2012-09-26,28.16141128540039,28.2759718849286,28.10933647975055,28.17182426007964,1864400
2012-09-27,28.51031494140625,28.64049902789669,28.229116837838536,28.30201960844094,4530800
2012-09-28,28.373497009277344,28.520838497279435,28.21037172922663,28.46821582036802,2503600
2012-10-01,28.41033744812012,28.67870610828469,28.28404501505141,28.494531734382544,1503300
2012-10-02,28.38926696777344,28.557655413324888,28.29454821623217,28.54186962385088,1164900
2012-10-03,28.347183227539062,28.515571758480164,28.326136166683646,28.47873689279615,793300
2012-10-04,28.50505256652832,28.56293651126545,28.357713076179277,28.410335756553938,1384600
2012-10-05,28.44717025756836,28.626083353805264,28.41559664975597,28.57346067411795,890300
2012-10-09,28.29981803894043,28.43663494693729,28.23667285459146,28.41558588303789,1398700
2012-10-10,28.08407592773437,28.25246445885961,27.99462039878956,28.16827019329699,1067100
2012-10-11,28.136699676513672,28.25772881243846,28.09986480937785,28.22089394530264,1394400
2012-10-12,28.005151748657227,28.184064857439463,27.89464511724017,28.06829696135975,1714600
2012-10-15,28.14722442626953,28.28403936134168,28.02619328206952,28.073552684084824,1153700
2012-10-16,28.457677841186523,28.515559743337185,28.273501583020213,28.29981190351575,1640800
2012-10-17,28.578718185424805,28.578718185424805,28.431376719348503,28.483999388429176,1962500
2012-10-18,28.662914276123047,28.67870007417895,28.56819547308824,28.57872000757541,1330800
2012-10-19,28.557666778564453,28.64186103484739,28.426113127663022,28.61028743598526,1009500
2012-10-22,28.47348403930664,28.52610471801159,28.341930335194043,28.47348403930664,1383300
2012-10-23,28.21562385559082,28.336652962266896,28.026186294758965,28.336652962266896,2580800
2012-10-24,28.17879867553711,28.36823630143247,28.110390197886023,28.336662694666607,1400000
2012-10-25,28.25245857238769,28.41032454385675,28.173527594002383,28.262983104308915,1933600
2012-10-26,28.28930282592773,28.426119778994224,28.189322750494437,28.231420892161008,1525700
2012-10-29,28.41559219360352,28.41559219360352,28.17879519052022,28.20510552256288,987100
2012-10-30,28.4892578125,28.720793518681567,28.29982023738757,28.35770416393297,2108500
2012-10-31,28.54714584350586,28.731320175040228,28.49452517945309,28.6155543126542,1815300
2012-11-01,28.76289749145508,28.85761630485893,28.526100457945446,28.547149529224065,1714200
2012-11-02,28.76289749145508,28.878665376137548,28.610294735709992,28.862877569003626,1158400
2012-11-05,28.64712905883789,28.868140288336228,28.56293478268373,28.705013000071972,1212300
2012-11-06,28.62081527709961,28.77341801154784,28.58924368193766,28.678699211362705,925100
2012-11-07,28.326135635375977,28.631339089225968,28.310347830843504,28.58397969032774,1513300
2012-11-08,28.157745361328125,28.39454235801488,28.07881436733228,28.331397161348285,2836100
2012-11-09,28.31035423278809,28.452432461611533,28.052510119528897,28.06829592028149,1502700
2012-11-12,28.40506172180176,28.526090829779008,28.368226863171696,28.447159850149973,586900
2012-11-13,28.34192276000977,28.520835830077303,28.210369091058624,28.284038824495312,1622100
2012-11-14,27.98409843444824,28.36297366794684,27.93673903026092,28.36297366794684,1546500
2012-11-15,27.784143447875977,28.031465067674915,27.626279395656574,27.92622169707853,2048900
2012-11-16,27.8946475982666,27.97884189180847,27.521035546133945,27.82097784233625,1697500
2012-11-19,28.099868774414062,28.199848855411886,28.005149957742443,28.17353851908088,1301800
2012-11-20,28.28930282592773,28.326139703560926,27.98936059227796,28.1577491442445,1122600
2012-11-21,28.54714584350586,28.557670377786348,28.205105505113853,28.205105505113853,1131300
2012-11-22,28.66818046569824,28.689229538289403,28.48926736337345,28.58398618268364,329700
2012-11-23,28.678712844848636,28.81026657349473,28.589257272897576,28.67871284484864,1040000
2012-11-26,28.7365779876709,28.757627052233843,28.61028560764251,28.74710251995237,939700
2012-11-27,28.678712844848636,28.82605237858007,28.641877961415776,28.773431690061877,1034300
2012-11-28,28.79446792602539,28.81025372407024,28.48926244816035,28.562932182169234,976200
2012-11-29,29.05757713317871,29.115461072862303,28.88918858538088,28.88918858538088,1446500
2012-11-30,29.468021392822266,29.46802139282227,29.03126225507939,29.125981055858578,3885800
2012-12-03,29.26279640197754,29.43644618906145,29.07862007387997,29.394350061754565,2129000
2012-12-04,29.34698867797852,29.38908480243668,29.19964923135082,29.262794421712773,1181300
2012-12-05,29.383832931518555,29.504862088125478,29.289114112026173,29.42592906943181,1268300
2012-12-06,29.23649024963379,29.46802400128365,29.09441203588848,29.46802400128365,1352600
2012-12-07,29.220705032348636,29.43119173966249,29.15755982309448,29.331211657730915,1573200
2012-12-10,29.43644523620605,29.515378232457035,29.283844521390037,29.320679384347297,1699300
2012-12-11,29.73113250732422,29.77849191373608,29.46802514000277,29.494335475264933,1832200
2012-12-12,29.93108558654785,29.98370624110548,29.66271502919578,29.70481315872132,2780600
2012-12-13,29.90478134155273,29.962663270398917,29.741654067487037,29.862683203464925,1458100
2012-12-14,29.9100399017334,29.95213602866666,29.77848624312397,29.883729571481418,2701800
2012-12-17,29.80479621887207,29.973184739301328,29.68902835832089,29.85741888609965,2472200
2012-12-18,30.141578674316406,30.273132354993205,29.78901577363052,29.81006484430277,2329400
2012-12-19,30.50466728210449,30.60990861788327,30.16789018997286,30.27839479695046,1815000
2012-12-20,30.54676055908203,30.54676055908203,30.28891650024053,30.51518896424,2069500
2012-12-21,30.662517547607425,30.69935240008748,30.309952807278243,30.69935240008748,5433200
2012-12-24,30.78355598449707,30.85196444874271,30.40468080695142,30.652002326443668,2463900
2012-12-27,30.77829933166504,30.90458973819752,30.60464751349561,30.63622111880364,1627700
2012-12-28,30.517900466918945,30.730458479952564,30.43819070525548,30.67731796314244,1521500
2012-12-31,30.533845901489254,30.62418377921632,30.353172173138876,30.470079299454923,1384200
2013-01-02,30.55511283874512,30.937716639486307,30.50728736365247,30.937716639486307,1773800
2013-01-03,30.470075607299805,30.645434248421395,30.305343042643237,30.61886500305188,2638600
2013-01-04,30.602935791015625,30.64544619475774,30.470087485277084,30.49134370070028,996000
2013-01-07,30.63482666015625,30.68265214152558,30.32661755197509,30.533860628873946,1879100
2013-01-08,30.698585510253903,30.788921381546995,30.51259667336735,30.666701188389418,1228000
2013-01-09,30.61887550354004,30.735782655782423,30.438201735121893,30.714526441355776,1415100
2013-01-10,30.58699607849121,30.75172668799131,30.507286280465483,30.65076270064917,1214700
2013-01-11,30.61355972290039,30.672013293788705,30.438199010235444,30.629500868741204,965200
2013-01-14,30.62950134277344,30.6879549145664,30.438199481307027,30.6879549145664,1065400
2013-01-15,30.66139030456543,30.66139030456543,30.459460306097967,30.475401454599176,1642100
2013-01-16,30.512598037719727,30.58167972462963,30.44883141824366,30.565738576536685,902700
2013-01-17,30.512598037719727,30.555110468773293,30.44883141824366,30.52322614548312,1190200
2013-01-18,30.74640274047852,30.863309862216862,30.539159771654106,30.571042057870997,2508200
2013-01-21,31.0014762878418,31.081186070761103,30.7464078204456,30.7464078204456,1562900
2013-01-22,31.03337287902832,31.054627072721964,30.83675587730005,31.054627072721964,1755600
2013-01-23,30.937713623046875,31.00679328147528,30.83143457463608,30.932398555719,1438700
2013-01-24,31.091815948486328,31.10775912328043,30.94302649776957,30.969595752954103,2687400
2013-01-25,31.075870513916016,31.29374161974087,31.02273201087735,31.192777653125823,1612200
2013-01-28,31.325626373291016,31.44784655366212,31.14495262250243,31.21934733863232,3194300
2013-01-29,31.325626373291016,31.458474659838384,31.256544696697265,31.32562637329101,1699500
2013-01-30,31.283123016357425,31.44785566918324,31.171530909816333,31.325635453385207,1243800
2013-01-31,31.166208267211918,31.30968263021841,30.98553451971401,31.2459160214262,1962000
2013-02-01,31.29905891418457,31.400022887986264,31.22997723363388,31.29374384724,980000
2013-02-04,31.14495277404785,31.283114100803637,31.001476380626087,31.139637707381866,1484800
2013-02-05,31.150264739990234,31.25123073212419,31.059928880821875,31.13963663412856,1125700
2013-02-06,31.267189025878903,31.41066549304542,31.13965371269588,31.13965371269588,1438000
2013-02-07,31.208724975585938,31.378770651490605,31.14495835389777,31.3468883541987,1245300
2013-02-08,31.330955505371094,31.46380386015348,31.251247708764684,31.27250190493005,865600
2013-02-11,31.229978561401367,31.38939611574648,31.229978561401367,31.32562949942927,1098200
2013-02-12,31.12901306152344,31.346884181468475,31.10775684808878,31.22466196777123,1149500
2013-02-13,31.256542205810547,31.283111455581874,31.160891284950704,31.251229166697808,673300
2013-02-14,31.203407287597656,31.272486939510877,31.006790357094964,31.272486939510877,1604100
2013-02-15,31.091815948486328,31.293745936676377,31.059933653106583,31.19278195613347,1254600
2013-02-19,31.43191719055176,31.474427604088344,31.22467208308239,31.28312567541185,2021700
2013-02-20,31.888900756835938,31.957982431146227,31.44784551417156,31.479729831646445,3641500
2013-02-21,31.84109115600586,32.01113890681164,31.64447616805892,31.85703433623745,1740300
2013-02-22,32.064266204833984,32.17585829184551,31.782628453679894,31.83045392341401,1567800
2013-02-25,31.984561920166016,32.441560481401474,31.94736455142402,32.19712005049562,3361800
2013-02-26,32.14929962158203,32.218381328854136,31.862346708702407,31.995195054246132,1700200
2013-02-27,32.20241928100586,32.30869830059111,31.851699935347117,32.05362986984872,1600900
2013-02-28,32.64348602294922,32.654114130717694,32.154603201120686,32.20242867252669,4016200
2013-03-01,32.484073638916016,32.6381761583637,32.34591024300547,32.590352706438445,1708100
2013-03-04,32.34590530395508,32.531894150495965,32.17585963272612,32.51595097518404,1314800
2013-03-05,32.58504104614258,32.86136583975918,32.558471783259314,32.65412275132294,2217600
2013-03-06,32.478755950927734,32.834790494344794,32.41498932639947,32.749767652605634,2737500
2013-03-07,32.28214263916016,32.57440854569872,32.16523546570291,32.57440854569872,2154800
2013-03-08,32.24493408203125,32.40435160963551,31.952668276906124,32.3512131094687,1806800
2013-03-11,32.197120666503906,32.33528203488831,32.11741085932912,32.14929518761996,1413900
2013-03-12,32.22900390625,32.38310642002266,32.048330106246794,32.22900390625,3521800
2013-03-13,31.92079162597656,32.25025486575625,31.67103615558804,32.22900067684787,2126600
2013-03-14,31.952672958374023,32.011126533384,31.649779003417,31.91547559738661,2201800
2013-03-15,32.0589485168457,32.138656270110545,31.83044930869945,31.95798252476476,4629400
2013-03-18,31.798559188842773,31.95266365498081,31.75073373476902,31.88358199307349,1685700
2013-03-19,31.70290946960449,31.915467501704327,31.64445590942185,31.80387341994492,2536600
2013-03-20,31.63915252685547,31.81982630114957,31.42659442988444,31.782628938245274,2886000
2013-03-21,31.40534019470215,31.628526413302826,31.261865801371307,31.607270196844784,5051300
2013-03-22,31.59132575988769,31.771999526766965,31.38939577876283,31.447849354386147,3002500
2013-03-25,31.58069610595703,31.777311010338316,31.26186101630609,31.761369863986985,2067200
2013-03-26,31.655088424682617,31.76136745554188,31.564752566069785,31.69760084786788,1936200
2013-03-27,31.570077896118164,31.665728858419456,31.415973342732237,31.660415817004804,2043700
2013-03-28,31.731121063232425,31.811642049251137,31.27482728464977,31.494921256224902,3353800
2013-04-01,31.64522361755371,31.80626760091265,31.60227746317247,31.715010094530548,1113100
2013-04-02,31.72037696838379,31.73111350685334,31.60764638613152,31.70427318457213,1721000
2013-04-03,31.178203582763672,31.72575285942805,31.06547092200488,31.70964907122789,2830400
2013-04-04,30.99567413330078,31.215768024808725,30.71116101906973,31.215768024808725,2111800
2013-04-05,30.544750213623047,30.786315134754005,30.29244670744572,30.6789538577114,2293100
2013-04-08,30.61454200744629,30.65211887301835,30.29782124920635,30.566228602027127,1827400
2013-04-09,30.79705619812012,31.038623202538187,30.61453913342484,30.791688952593223,2364200
2013-04-10,31.344606399536133,31.494913842953697,30.89905131464036,30.984941574848296,2747700
2013-04-11,31.081573486328125,31.435871123939343,31.02789078500178,31.435871123939343,1913800
2013-04-12,30.97958374023437,31.16210086665767,30.88832620091577,31.044002995056307,1393000
2013-04-15,30.53402137756348,31.081572629279947,30.491075217686603,30.87758246543602,1646500
2013-04-16,30.97420883178711,30.995681911416643,30.51791510469469,30.64138428867171,1511000
2013-04-17,30.50718879699707,30.990320931560547,30.49108295906133,30.888326847636133,2176100
2013-04-18,30.474973678588867,30.791694463783443,30.4105564818096,30.786325169510143,1530400
2013-04-19,30.57159423828125,30.59843456079505,30.28708108583596,30.38370788511393,2098400
2013-04-22,30.432018280029297,30.748738969105403,30.405177960165588,30.732635186744204,1754000
2013-04-23,30.389070510864254,30.65747777268389,30.35686090224334,30.587691311231016,1893800
2013-04-24,30.57159423828125,30.59843456079505,30.244136979370943,30.46959814582931,1991900
2013-04-25,30.58234977722168,30.6521342495566,30.421303646512506,30.6521342495566,1909300
2013-04-26,30.544750213623047,30.711161421710145,30.39444073975023,30.46959445279409,1463500
2013-04-29,30.856109619140625,30.95273643180964,30.51791577479908,30.732642480238137,1633000
2013-04-30,31.183568954467773,31.29093231418005,30.60917733496071,30.86684816959872,2519300
2013-05-01,31.043994903564453,31.32313674389128,30.86684507065666,31.24261576803046,1870200
2013-05-02,31.42513656616211,31.55934025626586,30.99031587302308,31.033262036793467,1701700
2013-05-03,31.36072158813477,31.67207517448225,31.33388125601869,31.639865547271317,994500
2013-05-06,31.49491310119629,31.586172652397163,31.35534219956501,31.505649639442584,932100
2013-05-07,31.682809829711918,31.78480390479219,31.462715843012187,31.575446459856597,2033400
2013-05-08,31.876052856445312,31.89752388502784,31.65595894313852,31.768689522391576,1680000
2013-05-09,31.67205810546875,31.988778768434837,31.61837747016669,31.91362505989796,1571200
2013-05-10,31.71501350402832,31.77943069473995,31.57544053506997,31.768694154990417,1310300
2013-05-13,31.67205810546875,31.816998278126277,31.42512390662332,31.790157960475245,1627200
2013-05-14,31.53785514831543,31.80089518164168,31.511014830086637,31.80089518164168,1750800
2013-05-15,31.24261283874512,31.639854530432032,31.017149622345887,31.51102016201993,2525000
2013-05-16,31.333858489990234,31.55395232988768,31.199654879131188,31.37680462840173,1582900
2013-05-17,31.5432243347168,31.602274267126404,31.11377307326304,31.18355954318213,3392400
2013-05-21,32.069313049316406,32.165937817290164,31.570075183821128,31.67206924588469,2753600
2013-05-22,31.93511199951172,32.289409670583986,31.79553901066714,32.15520597627198,2222000
2013-05-23,31.7955379486084,31.93511093279085,31.59154776668793,31.6720707996998,1402200
2013-05-24,31.854589462280277,31.854589462280277,31.65059927035388,31.67207235324842,1642100
2013-05-27,31.9995231628418,32.06930964409919,31.849215708858612,31.994153869322123,794700
2013-05-28,31.9995231628418,32.00489040857599,31.63985626508643,31.913632896596337,4475100
2013-05-29,31.83311653137207,31.876062697366205,31.64523217461248,31.80090895466237,2915200
2013-05-30,31.7955379486084,31.859955146346408,31.68817458718785,31.83311481793772,1591100
2013-05-31,31.69353485107422,31.768688568319245,31.527121585899355,31.73111170969673,2921800
2013-06-03,31.516395568847656,31.76332987873733,31.376824625627457,31.74722609046197,1664400
2013-06-04,31.516395568847656,31.715018513911257,31.40903220217817,31.55397244001409,1378400
2013-06-05,31.07619857788086,31.51638641030146,31.006412102657507,31.484178843110143,2189500
2013-06-06,30.88293838500977,31.16208217847481,30.57695427535834,31.07619193800748,2253100
2013-06-07,30.727270126342773,30.963467824834336,30.57159339316673,30.94199474830275,2293400
2013-06-10,30.802425384521484,30.920523215771773,30.598435242855867,30.75947922931382,1250600
2013-06-11,30.523283004760746,30.82926720826037,30.356869716908903,30.5984367322469,1533300
2013-06-12,30.313926696777344,30.727274260591017,30.254876752263165,30.657487776366484,2135500
2013-06-13,30.721906661987305,30.82927001722929,30.126041985790643,30.28708599476079,2278800
2013-06-14,30.50180053710937,30.743367478088725,30.35686037252177,30.684317553873232,1956900
2013-06-17,30.738012313842773,30.920529414494258,30.598441377008488,30.732645067258524,2064100
2013-06-18,30.823902130126957,30.920528949476665,30.657490867302503,30.70580427697736,1780300
2013-06-19,30.56085205078125,30.780945931168336,30.38370226892129,30.780945931168336,2737600
2013-06-20,29.74490165710449,30.3568700712469,29.70195754709064,30.33002974651505,5532100
2013-06-21,29.970359802246094,30.083090375654155,29.64290257186397,29.81468307832916,6799100
2013-06-24,29.86300277709961,30.136777377132677,29.57848958938751,29.793216291685063,1762100
2013-06-25,30.02939796447754,30.152865035536152,29.83614649311483,29.932771204903933,2502800
2013-06-26,30.12604331970215,30.233406679697943,30.034785794766474,30.142149154762265,2803900
2013-06-27,30.2888240814209,30.413625509433977,30.13146494917653,30.22371074287401,2561200
2013-06-28,30.5058708190918,30.679507765738848,30.28339835183053,30.28882360082514,2419800
2013-07-02,30.364784240722656,30.581831421351414,30.250835402354447,30.49501296308297,2387700
2013-07-03,30.14773941040039,30.386489655380284,29.936117475857248,30.386489655380284,2362500
2013-07-04,30.12604713439941,30.310536697405773,30.03380131793812,30.26712641438488,603000
2013-07-05,30.08263397216797,30.2996812266664,29.93612738586893,30.239993128183528,2059600
2013-07-08,30.14773941040039,30.3322288946761,30.055493633304867,30.223705303352386,1494400
2013-07-09,30.315956115722656,30.321383435014287,30.03922285940843,30.250842773633867,1456900
2013-07-10,30.24542617797852,30.381080220260607,30.120622637552543,30.37565289941613,1598600
2013-07-11,30.89654922485352,30.90197654311575,30.37021319876548,30.38649101372132,2937600
2013-07-12,30.95623207092285,31.08646077829157,30.82057811612484,30.994215012673084,1526200
2013-07-15,31.037628173828125,31.232970218188417,31.026775608039745,31.11359406443151,1798000
2013-07-16,30.99965476989746,31.22755251185217,30.87485332979142,31.22755251185217,1257100
2013-07-17,31.49343490600586,31.591105957086047,31.05934249560273,31.081045563685976,2523200
2013-07-18,31.932941436767575,31.98720426285386,31.596520194693277,31.60737275991053,2556100
2013-07-19,32.030635833740234,32.106601775795234,31.91126166904666,31.93296474540761,2984100
2013-07-22,31.992637634277344,32.117439061093414,31.813575437511915,31.981785066304337,1610100
2013-07-23,31.66164970397949,32.0143510091656,31.601963669641183,31.88954955023168,2091900
2013-07-24,31.672494888305664,31.737610297715516,31.58567641234161,31.72675772948054,1908100
2013-07-25,31.66164970397949,31.715912557809165,31.53684824504557,31.634519312022764,1688300
2013-07-26,31.64536666870117,31.667071806656768,31.47172970488816,31.542270368285912,1289000
2013-07-29,31.85698127746582,31.9709301278602,31.536837790703864,31.607378442340373,1325000
2013-07-30,31.889537811279297,32.05232217301285,31.81357191379801,31.91666819324898,2373100
2013-07-31,31.47715377807617,32.08488519862586,31.41746775580265,32.06318006148141,1949100
2013-08-01,31.471725463867188,31.74845869080384,31.30894109096824,31.61823202045092,1590700
2013-08-02,31.62366104125977,31.732184659442083,31.39033598663832,31.395763306001157,1301600
2013-08-06,31.368633270263672,31.634513964376584,31.200421556701308,31.623661395445215,1909200
2013-08-07,31.29265594482422,31.37404915255029,31.20041224132224,31.254672999862784,2140500
2013-08-08,31.48800468444824,31.607380862525225,31.22754926221131,31.2872373512498,1343100
2013-08-09,31.525989532470703,31.62908789970363,31.3903355291986,31.49885914579945,1354700
2013-08-12,31.428319931030277,31.55312344131069,31.308945810199308,31.439172500181435,972400
2013-08-13,31.732175827026367,31.75930620654145,31.46086789204504,31.52598121686428,1548100
2013-08-14,31.6127986907959,31.79728816364623,31.50427717610823,31.79728816364623,1287300
2013-08-15,31.542272567749023,31.60738591624033,31.2980949235116,31.520567428279914,1363100
2013-08-16,31.601951599121094,31.82442404005777,31.444592487993454,31.4554450546142,1339700
2013-08-19,31.536842346191406,31.59653043928149,31.390335773129152,31.58025262113541,1220400
2013-08-20,31.672494888305664,31.84613184023377,31.471727550747996,31.525988322007123,1329100
2013-08-21,31.62366104125977,31.781020184128337,31.444598830687404,31.67792388530885,1348000
2013-08-22,31.732175827026367,31.87868236030612,31.61279967326169,31.65620993641804,1281100
2013-08-23,31.84070205688477,31.943798335562263,31.78644129335249,31.8732597569534,1320900
2013-08-26,31.84612464904785,32.0143363138324,31.846124649047848,31.960075554825917,1652900
2013-08-27,31.314353942871094,31.770151248494,31.156994881068176,31.74302087540396,2651300
2013-08-28,31.368633270263672,31.40661622656552,31.12445564409762,31.33607556346957,2548900
2013-08-29,31.650793075561523,31.77016719104363,31.444598410760324,31.488006615504048,1796800
2013-08-30,31.743040084838867,31.943807451098102,31.58025567787418,31.64536902667685,2593600
2013-09-03,31.781021118164062,32.00892093003644,31.688777385443373,31.894969989142293,1394700
2013-09-04,31.781021118164062,31.905822558271066,31.634514539799515,31.74303816117132,1334700
2013-09-05,32.43758010864258,32.50812076015322,31.88411160353749,31.89496417068648,2753500
2013-09-06,32.573238372802734,32.643779033581446,32.29107779960372,32.529830168419096,2128900
2013-09-09,32.551536560058594,32.670910679150985,32.421307802057214,32.605797335108235,1554100
2013-09-10,32.562381744384766,32.62206982914676,32.345336609695885,32.57323431160654,1863700
2013-09-11,32.535247802734375,32.5840833149332,32.42129896424224,32.47013447644106,1601700
2013-09-12,32.24224090576172,32.60036944376523,32.10116166011562,32.50269840065804,1657100
2013-09-13,32.17713165283203,32.361621194359145,32.12829612507733,32.31821298630828,1410200
2013-09-16,32.448429107666016,32.54610013135116,32.29107000618269,32.29649732411815,1567700
2013-09-17,32.42130661010742,32.52983022613279,32.39417622358004,32.46471688448389,1781600
2013-09-18,32.38873672485352,32.52439067639491,32.34532853671609,32.448424794718136,1835200
2013-09-19,32.3561897277832,32.453860764526496,32.215108421413746,32.44843344586543,1762700
2013-09-20,32.1282958984375,32.50270229855443,32.1282958984375,32.50270229855443,5069200
2013-09-23,32.269371032714844,32.318206550744875,32.112011911294125,32.17712524536231,1597400
2013-09-24,32.377899169921875,32.437587267456394,32.26937761431292,32.28565543367106,1347400
2013-09-25,32.35075759887695,32.51896926379352,32.27479170824214,32.43757605530464,1547800
2013-09-26,32.39417266845703,32.491843705169295,32.36161496624775,32.41045048460388,1711400
2013-09-27,32.42158889770508,32.487385548600614,32.284511321550646,32.35579015517172,1558500
2013-09-30,32.350303649902344,32.62445876557948,32.09808144547239,32.2187082740568,2228000
2013-10-01,32.597049713134766,32.64639772676719,32.35579182798161,32.4161062992699,1173800
2013-10-02,32.43803405761719,32.48738206340432,32.33385586390551,32.41610114579233,1344100
2013-10-03,32.350303649902344,32.602525854332306,32.26805627854419,32.48738120774092,1440100
2013-10-04,32.300960540771484,32.36675719284727,32.21871315694836,32.29547835794761,1219300
2013-10-07,32.333858489990234,32.41062159597417,32.1200178114242,32.174848003801934,1265500
2013-10-08,32.25708770751953,32.4106138829515,32.13097453011496,32.31191788684887,1514000
2013-10-09,32.32289123535156,32.51479899557448,32.20226230513275,32.21322876166516,1861300
2013-10-10,32.74510192871094,32.871213085779615,32.48739533855757,32.542225548887096,2090000
2013-10-11,32.843788146972656,32.95893280917268,32.77798940431165,32.87120324392916,1095700
2013-10-15,32.91505813598633,32.969890406802946,32.635420875551965,32.89860950055997,1299500
2013-10-16,33.00828170776367,33.03021462257366,32.83282257255949,32.88217058506304,1123800
2013-10-17,33.34275436401367,33.39758456437707,32.832825552409446,32.98086960335629,2663000
2013-10-18,33.75398635864258,33.98427570479236,33.397583789633984,33.44693180547151,2866400
2013-10-21,33.99525833129883,34.1158873366376,33.6882036320906,33.77593324734452,2411100
2013-10-22,34.29133605957031,34.357132727939536,34.159740631193486,34.18167355119602,1865200
2013-10-23,34.066524505615234,34.41195853914284,33.99524357053447,34.241983659938555,1790900
2013-10-24,34.05007553100586,34.20908605146315,34.01169396974213,34.07749272474128,1152100
2013-10-25,34.20907974243164,34.29680930794604,33.94589104588843,34.017171971505704,1271300
2013-10-28,34.47227478027344,34.543555719003095,34.24746759656133,34.37357873945951,2096200
2013-10-29,34.83964538574219,35.037037476119615,34.5764566291184,34.60387173241786,1810100
2013-10-30,34.82866668701172,34.98219288484897,34.66417403338072,34.97671070277088,1766800
2013-10-31,34.75739669799805,35.14669658870386,34.74094805495472,34.8177111780079,2518900
2013-11-01,34.927371978759766,35.091864676101366,34.87253968522048,34.89447260263619,1230600
2013-11-04,34.75191116333008,35.05348144266292,34.697078872409,34.954785410643005,1731300
2013-11-05,34.88349914550781,34.88349914550781,34.43936916095185,34.79028740264861,1646000
2013-11-06,35.064453125,35.09186822872602,34.88350967545922,35.015105101637815,1768000
2013-11-07,34.927371978759766,35.22345799731939,34.81770948331933,35.14669487800252,2240200
2013-11-08,35.22346878051758,35.35506632529871,34.921898394463184,34.95479778065847,1764100
2013-11-11,35.33311080932617,35.42083826647682,35.124750254953014,35.30569362587448,1195400
2013-11-12,35.33860397338867,35.437300013743865,35.2289435655613,35.29474232022357,1934200
2013-11-13,35.58533477783203,35.64016496419886,35.11927191880137,35.14668492034725,2074800
2013-11-14,35.886924743652344,36.02400238466442,35.53052622364302,35.64018666314164,2044200
2013-11-15,35.991092681884766,36.08978871672006,35.93077820597008,36.05140715779945,2117200
2013-11-18,36.19396209716797,36.32555539066232,36.00205433930634,36.02398306882592,1710600
2013-11-19,36.177520751953125,36.28718115476059,35.991093047248974,36.18848511892338,1767200
2013-11-20,36.320072174072266,36.320072174072266,36.02946839181035,36.18847887674669,1531300
2013-11-21,36.15558624267578,36.40780850464766,36.13365332642483,36.21590071654688,2048200
2013-11-22,36.28168869018555,36.37490042985989,36.13364676148367,36.19396122439655,1654200
2013-11-25,36.43521118164063,36.5997059152438,36.33651517813369,36.34748372478715,2412000
2013-11-26,35.87046813964844,36.46812869719875,35.76080772447353,36.43522722602493,2713600
2013-11-27,35.85400390625,36.06784455115607,35.821106632656715,35.86497245296434,1200700
2013-11-28,35.83208465576172,36.013028096052544,35.716939971015684,35.96916225902269,750100
2013-11-29,35.755313873291016,36.04591766062849,35.64016921321063,35.78273106138064,1452500
2013-12-02,35.83208465576172,35.947229340507754,35.59083091865041,35.7004913279486,1358400
2013-12-03,35.19602966308594,35.60726227320166,34.910906044105346,35.60177800041661,2566900
2013-12-04,34.927371978759766,35.10831331834409,34.6806318869283,34.95478707971034,2242600
2013-12-05,34.719017028808594,34.81771307572439,34.4393796236394,34.658702545511346,2363300
2013-12-06,35.08088684082031,35.19054930069771,34.46129572040482,34.55450954337372,2366600
2013-12-09,35.207008361816406,35.503096463660924,35.14669388644385,35.17959535327733,2640000
2013-12-10,34.98221206665039,35.27281807543868,34.89996674055609,35.267333798715825,1605400
2013-12-11,34.642242431640625,34.9767120252648,34.49419841028381,34.8725317371039,2447300
2013-12-12,34.5216178894043,34.7793244139374,34.32971011047832,34.49968497420193,1894000
2013-12-13,34.51064682006836,34.6422422020593,34.27487324224458,34.450334448778385,1749600
2013-12-16,34.74094009399414,34.921881400922366,34.62579543580002,34.67514344526004,1979400
2013-12-17,34.713531494140625,34.93285439484342,34.65869920023632,34.81770971510159,1504000
2013-12-18,35.1302490234375,35.2179807000621,34.80126360264845,34.81771224619641,4859800
2013-12-19,35.19602966308594,35.28924138405964,35.1028137588378,35.24537556832809,1638900
2013-12-20,35.50310134887695,35.66211188007748,35.234430401878605,35.278292058231706,5455000
2013-12-23,35.78273391723633,35.88691003708504,35.5469603039852,35.81014692423824,1331600
2013-12-24,35.93077850341797,36.04592318113298,35.7937009085273,35.93077850341797,1367100
2013-12-27,36.13912963867188,36.21040846332538,36.05139799299823,36.1062281799067,1209200
2013-12-30,36.30910873413086,36.30910873413086,36.0623665891736,36.08429950316595,1233500
2013-12-31,36.424259185791016,36.51198667243156,36.32556314877274,36.3310474239616,1351800
2014-01-02,36.19396209716797,36.51746314852395,36.19396209716797,36.38038558101202,2724600
2014-01-03,36.23271179199219,36.26592099271255,35.90060711596843,36.11093909209746,1498600
2014-01-06,35.83417892456055,36.24931076083237,35.71794251715717,36.2327061630518,1937000
2014-01-07,35.69027328491211,36.05558714266981,35.68473701076643,35.95041904860115,1455100
2014-01-08,35.64598083496094,35.78989435895978,35.49099898893383,35.729008030457905,2014100
2014-01-09,35.706878662109375,35.78436961007725,35.4965424693909,35.75115618741963,1332300
2014-01-10,35.662593841552734,35.823111997926226,35.57956662647133,35.80650739949786,1187800
2014-01-13,35.57403945922852,35.78991196287688,35.50762104851271,35.62939376541257,1371900
2014-01-14,35.247467041015625,35.70134442918219,35.24193076643281,35.695808154599376,1905200
2014-01-15,35.275142669677734,35.413519975981885,35.19211755277732,35.37477449913433,1943000
2014-01-16,35.20871353149414,35.31941577172128,35.09247712941697,35.31941577172128,1453500
2014-01-17,35.34709548950195,35.39691139863425,35.15336601555639,35.15336601555639,1660600
2014-01-20,35.91166687011719,35.91166687011719,35.29173730415819,35.35815991268451,1449500
2014-01-21,35.83417892456055,36.53160159192024,35.82311060035331,36.53160159192024,3647500
2014-01-22,35.756690979003906,35.91720914254989,35.607245363531305,35.91167286851319,2389300
2014-01-23,35.54082489013672,35.65706131428793,35.40798386581248,35.59064291359582,2495400
2014-01-24,34.89874267578125,35.52974472113324,34.843392619341095,35.36922660139977,3556600
2014-01-27,34.14597702026367,34.83232926147905,33.80280195539085,34.82679298782883,4251700
2014-01-28,34.25115203857422,34.38952934726589,33.85262471387175,34.2345453257315,3163700
2014-01-29,33.95779037475586,34.140449433940155,33.78066759028814,34.09616768208815,2337100
2014-01-30,34.201324462890625,34.27881539150412,34.02420173706851,34.11829726139363,1827900
2014-01-31,33.81940460205078,33.896897648394415,33.52051129774666,33.880290939871685,2781400
2014-02-03,33.5371208190918,33.819409567791574,33.25483207039203,33.76405949517434,2491200
2014-02-04,33.3433952331543,33.73638625953423,33.24929757091866,33.53712260912468,2053500
2014-02-05,33.73084259033203,33.77512433025746,33.16626307510024,33.40980842175096,3119800
2014-02-06,34.312034606933594,34.467016499900225,33.70870952313786,33.89690272665589,2621300
2014-02-07,34.151519775390625,34.45594942836731,34.05742210870611,34.42273811457216,1982900
2014-02-10,34.17919158935547,34.28435757257816,33.86369152821748,34.27882340986957,1345800
2014-02-11,34.323097229003906,34.52236083626168,34.17918579680083,34.25114256863716,1559400
2014-02-12,34.50022506713867,34.69948658019279,34.42273201534734,34.48915463116848,1481300
2014-02-13,34.965179443359375,34.987320320830534,34.41167017540204,34.50023368528669,1614100
2014-02-14,35.03160858154297,35.26961777988328,34.826808594106446,34.90430167964687,1261800
2014-02-18,35.07588577270508,35.28068574577512,34.992860639799055,35.20319266567074,1424400
2014-02-19,35.258522033691406,35.324942519299,34.965160841941966,35.003908412638,1894800
2014-02-20,35.396907806396484,35.457792034517254,35.20871462560314,35.28067140070728,2643700
2014-02-21,35.04819107055664,35.45778656402153,35.04819107055664,35.35815688270875,1570000
2014-02-24,35.15336990356445,35.26960844537588,35.05374018575057,35.12569486464559,1484300
2014-02-25,35.103553771972656,35.27514239056135,35.06480829543168,35.23086275085885,1588900
2014-02-26,35.103553771972656,35.25300151497505,35.07587873322483,35.23639691402037,1372700
2014-02-27,35.175514221191406,35.286216499169136,35.07588238215848,35.175514221191406,2613100
2014-02-28,35.04819107055664,35.33601601509731,35.04819107055664,35.252988817289086,2119000
2014-03-03,34.88768768310547,35.00946039493223,34.610933055477545,34.688424013378125,1480200
2014-03-04,34.9375,35.24746591112855,34.62199992593613,34.992852186703324,2401600
2014-03-05,35.26960754394531,35.280677981523944,34.909825712785114,35.12569396689321,1894200
2014-03-06,35.25300216674805,35.39137947451566,35.25300216674805,35.352633997258344,1459700
2014-03-07,35.20871353149414,35.419047576778745,35.15336135564577,35.38583627126972,1122800
2014-03-10,35.41351318359375,35.5076108317969,35.14782905982498,35.22531999865716,1191200
2014-03-11,35.87846374511719,35.93381381678044,35.33049085665334,35.42458640077485,2198100
2014-03-12,36.044525146484375,36.07219807619224,35.70134787917017,35.71795248158301,1888600
2014-03-13,35.76221466064453,36.149669247989365,35.601696553619306,36.09431919593129,1553200
2014-03-14,35.61830520629883,35.81203252205,35.5463505527166,35.651518619669574,1528300
2014-03-17,35.673667907714844,35.82311776350259,35.57403607816976,35.6792041823952,1218000
2014-03-18,35.884002685546875,35.950421087302125,35.701343634839745,35.751157436156184,1244600
2014-03-19,35.800968170166016,35.95595003995569,35.70687263821361,35.92274084584054,1256000
2014-03-20,35.845252990722656,35.91720765846748,35.651525636840766,35.7954349723304,1314000
2014-03-21,35.90060806274414,35.98916734131394,35.76776703341935,35.76776703341935,3724200
2014-03-24,35.90060806274414,36.16629012139372,35.8009762350155,36.02238076585027,1752000
2014-03-25,35.884002685546875,36.08326633669281,35.87846641108724,36.00577538601829,1198400
2014-03-26,35.784366607666016,36.02237570586625,35.69027106773419,35.92274389213267,1463400
2014-03-27,35.54635238647461,35.89506157281587,35.4356480410924,35.87845697674329,1511300
2014-03-28,35.55754470825195,35.7476323012788,35.52959108954421,35.613454078391854,2042700
2014-03-31,35.79795837402344,35.954500383036994,35.6190526115151,35.69173374401065,2019400
2014-04-01,36.155757904052734,36.28994038050515,35.842673989893925,35.88180947916378,1996600
2014-04-02,36.211669921875,36.33466840881971,36.1054474457901,36.155762682022576,1620500
2014-04-03,36.26198959350586,36.30671709177701,36.13899110598469,36.30671709177701,1459400
2014-04-04,36.27876663208008,36.36262963721188,36.2004956314103,36.33467388035141,1157000
2014-04-07,36.15017318725586,36.27875940612331,36.00481095834377,36.13898918055944,1520800
2014-04-08,36.27876663208008,36.357037632749865,36.03836162560872,36.144588383138974,1652600
2014-04-09,36.29552459716797,36.34025208498009,36.22284562855929,36.22843763089781,1002900
2014-04-10,35.92654037475586,36.273167808140734,35.85385712676317,36.23962431857415,1307100
2014-04-11,35.91534423828125,36.0439346806058,35.75880231924085,35.859437019402165,867600
2014-04-14,35.982444763183594,36.06071574294015,35.76999343761279,35.965673019728406,2057700
2014-04-15,36.13338851928711,36.19488774503528,35.95448284405091,35.96566684806753,1470100
2014-04-16,36.42411804199219,36.48002527361303,36.138985615643,36.20048485006044,1251900
2014-04-17,36.61979293823242,36.63097267759962,36.35143227349098,36.42411550844599,1575000
2014-04-21,36.59743118286133,36.69247390171563,36.49679646129551,36.6197949282591,909900
2014-04-22,36.603023529052734,36.69806624879892,36.44088957248367,36.59743152628874,932200
2014-04-23,36.56388473510742,36.67569918758885,36.48561376528083,36.66451944851988,899000
2014-04-24,36.67011260986328,36.71484010365148,36.54152639703295,36.56389014392705,966500
2014-04-25,36.58625030517578,36.67570101853695,36.38498086830296,36.5359308132335,1413300
2014-04-28,36.686893463134766,36.698073205333664,36.46885223393861,36.64775796726492,1083400
2014-04-29,36.85459899902344,36.93846195774714,36.686877347023305,36.698057084311074,1453600
2014-04-30,37.23477935791016,37.30187058754527,36.78751729001972,36.78751729001972,1363200
2014-05-01,37.245975494384766,37.45283272193891,37.10620525287012,37.27951898740452,1115500
2014-05-02,37.43045425415039,37.49754547925954,37.20682536801508,37.31304780929508,1036500
2014-05-05,37.19564437866211,37.43045728740126,37.01114669374651,37.34659858102866,1212800
2014-05-06,37.14533996582031,37.20124720815624,37.01115746567508,37.20124720815624,954700
2014-05-07,37.21241760253906,37.31864432210718,37.00556043131455,37.1788741186536,1221800
2014-05-08,37.29628753662109,37.43046576264668,37.162109310595504,37.30747154363508,1008100
2014-05-09,37.33541870117188,37.3969179362712,37.2459679826764,37.29628321205853,605000
2014-05-12,37.39132308959961,37.430458575736495,37.27950863362226,37.34659986647752,966600
2014-05-13,37.44723510742188,37.46400684950853,37.240373668974144,37.34660038945381,734500
2014-05-14,37.4416389465332,37.48636643076215,37.29068475362245,37.45841068675714,650900
2014-05-15,37.75472640991211,37.97276758453632,37.49754974921299,37.63172794926295,2502100
2014-05-16,37.47517776489258,37.83858106451022,37.38013507181559,37.83858106451022,1285500
2014-05-20,37.60936737060547,37.726778104160765,37.40810218631402,37.57023188123652,1269300
2014-05-21,37.78826141357422,37.90567211089911,37.62613176868141,37.64290350674293,1246700
2014-05-22,37.989524841308594,38.10693552021379,37.79384748554401,37.944801635309865,1261400
2014-05-23,37.9951400756836,38.10695882267386,37.88891333240511,38.090182811538526,789900
2014-05-26,38.01749420166016,38.22994336899051,37.96158697504143,38.22994336899051,524500
2014-05-27,38.44799423217773,38.6157202197692,38.28027251003532,38.5765847247244,2132000
2014-05-28,38.4759407043457,38.55980367791256,38.28585527867899,38.43121321638365,1005900
2014-05-29,38.64925384521485,38.67161758888157,38.464760424498245,38.582166879662616,1569700
2014-05-30,38.92880630493164,39.05739680449701,38.56540708773024,38.61013032347319,1682700
2014-06-02,39.007057189941406,39.07414840714216,38.76665232678092,38.91760649912083,1147600
2014-06-03,39.25305938720703,39.47110054092399,38.92320378841132,38.99588275116775,1555900
2014-06-04,39.41520309448242,39.48788207526532,38.89525769155428,39.13566264700383,1410500
2014-06-05,39.23629760742188,39.44874681318243,39.15802662290752,39.41520332423307,1514100
2014-06-06,39.3984260559082,39.499060774095575,39.24188410882744,39.24188410882744,983200
2014-06-09,39.53260040283203,39.7226900810684,39.3816504729968,39.40960195199339,1050000
2014-06-10,39.59968566894531,39.68354862420592,39.4878669734488,39.50464297685859,777200
2014-06-11,39.48788070678711,39.57733569429553,39.39283798164585,39.52701619745989,1073000
2014-06-12,39.35929107666016,39.482289541080526,39.096522405479945,39.47669753848464,1165500
2014-06-13,39.4263801574707,39.66678509659028,39.27543020288327,39.3648851874154,835000
2014-06-16,39.73387908935547,39.94632829417369,39.415203149403766,39.46551838260464,1335700
2014-06-17,39.70033264160156,39.91278183058548,39.67796889558509,39.845690592536045,927600
2014-06-18,39.81214141845703,39.856868904099976,39.61087199851159,39.750642192059935,1021800
2014-06-19,39.571739196777344,39.82891585848185,39.39283350752864,39.82332812148364,9393900
2014-06-20,39.63883209228516,39.68914732006784,39.50465388608307,39.64442409496599,4597600
2014-06-23,39.80097579956055,39.8960185411833,39.43198031027316,39.54938680265116,1288900
2014-06-24,39.79538345336914,40.05256018666928,39.73947620968637,39.86247470505802,2114100
2014-06-25,39.64443206787109,39.92956028021172,39.60529230668213,39.8456972849266,1325100
2014-06-26,39.935157775878906,39.97988528157509,39.65561726345233,39.74506800939498,1694400
2014-06-27,40.21156692504883,40.21156692504883,39.9407843681995,40.070533088019886,1806200
2014-06-30,40.13258361816406,40.30746417830504,40.01411572542237,40.14950698798279,1702900
2014-07-02,40.24540710449219,40.41464940292738,40.126939217191726,40.262334777544055,2135600
2014-07-03,40.42594909667969,40.81519963703526,40.29619604721984,40.35825129209037,1250300
2014-07-04,40.504920959472656,40.7757035246327,40.4541465384981,40.47671246959665,538500
2014-07-07,40.7587776184082,40.7587776184082,40.33567612063926,40.53876518388924,1623200
2014-07-08,40.55568313598633,40.640304285034986,40.33567073086608,40.58389162033936,2157000
2014-07-09,40.70801162719727,40.83776035607354,40.42030137445421,40.56697778032479,1993000
2014-07-10,40.63466644287109,40.73621097271128,40.39208808292015,40.44286249984571,1889700
2014-07-11,40.62903594970703,40.67981038171053,40.488002077714974,40.67981038171053,862500
2014-07-14,40.8941764831543,40.90546160210232,40.72493843504016,40.73057669050237,1320000
2014-07-15,41.04649353027344,41.18752738240768,40.849046998087815,40.8772511861077,1589700
2014-07-16,41.30599594116211,41.542931783452765,41.1367535943764,41.18188546072081,1243000
2014-07-17,41.11982727050781,41.25521855581623,41.04649122096812,41.25521855581623,1080600
2014-07-18,41.187530517578125,41.30599844590721,41.04085409507034,41.06906258924904,1276400
2014-07-21,41.07468032836914,41.181867387894734,40.9562124592139,41.181867387894734,1044100
2014-07-22,41.36240005493164,41.39060854155716,40.99007299473737,41.10854089134512,1264000
2014-07-23,41.24394226074219,41.33984425234223,41.114189216097806,41.33420169283286,1337600
2014-07-24,41.35113143920898,41.43011006024224,41.14804232683431,41.30035700910929,1020600
2014-07-25,41.48088073730469,41.77423359419219,41.35113198846038,41.35677024431475,1383400
2014-07-28,41.6331901550293,41.72344957208373,41.418815969504166,41.46394783003694,1142400
2014-07-29,41.655757904052734,41.92090224364112,41.650119648665736,41.74602163838569,1301400
2014-07-30,41.94346618652344,41.97731723729755,41.75730047130623,41.79678977719974,2083400
2014-07-31,41.75165557861328,42.27065903184999,41.61626000506477,41.903970218841785,2243700
2014-08-01,41.45267105102539,41.78550887082091,41.046492874723945,41.717811073433495,1804400
2014-08-05,41.36240005493164,41.60497840627442,41.13110681984338,41.60497840627442,1592300
2014-08-06,41.1311149597168,41.30035300092987,40.97315342896832,41.06905972006852,1812800
2014-08-07,40.72493362426758,41.23265201264582,40.392091518807824,41.18188189541252,2054500
2014-08-08,40.363887786865234,40.75878082760427,40.21721138430016,40.691083033187,1870500
2014-08-11,40.64595413208008,40.78134541243251,40.335677964594105,40.375167267364034,1130400
2014-08-12,40.74185562133789,40.92237876098114,40.58389841215145,40.67415782996749,1274100
2014-08-13,40.815189361572266,40.978789120133584,40.679798090491175,40.97314656183536,714700
2014-08-14,41.00701141357422,41.0634241035164,40.86597753671258,40.87725835309608,1117800
2014-08-15,40.843406677246094,41.14804033103248,40.53313046394186,41.1085510224312,1240000
2014-08-18,40.92802047729492,41.14239035620604,40.894169430300806,40.89981198880167,1057400
2014-08-19,41.28908157348633,41.35113682724281,40.96188192713627,41.08599243464923,1383100
2014-08-20,41.45830535888672,41.503437219514666,41.09725908188544,41.305990709281325,1162100
2014-08-21,41.6331901550293,41.77986224574414,41.47522864316458,41.47522864316458,928500
2014-08-22,41.46393966674805,41.80241994608271,41.37931852091181,41.72344135770496,881000
2014-08-25,41.85321807861328,41.9660434676736,41.441397230918994,41.4639631695336,1386600
2014-08-26,40.87160873413086,41.49216112835891,40.85468536047221,41.46395263625342,4662000
2014-08-27,40.815189361572266,40.95622319095159,40.40901124431809,40.89981052000204,2635700
2014-08-28,40.42594909667969,40.691089147294186,40.33568535722727,40.6854508915874,1981700
2014-08-29,40.64031219482422,40.6967248704994,40.20592555370168,40.431580560413664,1467400
2014-09-02,40.77007293701172,40.80956225202646,40.48800517147431,40.58954973922828,1133600
2014-09-03,40.70801162719727,40.950585711966944,40.62902871325816,40.88289222003548,1841500
2014-09-04,40.68544769287109,40.86032829429594,40.57826058670147,40.75314118812632,1174500
2014-09-05,40.65724182128906,40.75314381509027,40.48236120859134,40.66852263655488,2136000
2014-09-08,40.54439926147461,40.73056061050444,40.45413556157279,40.67414795007085,1022100
2014-09-09,40.73057174682617,40.92238000955562,40.425942436392766,40.55004860167502,1607800
2014-09-10,40.82084274291992,40.8998213639915,40.67980887614754,40.708017371106834,999600
2014-09-11,41.04649353027344,41.14803807597056,40.74185989318208,40.78699175882782,1630800
2014-09-12,41.16495513916016,41.2947038529872,40.93365759119143,41.052125492342135,1548400
2014-09-15,41.19315719604492,41.26649753869279,40.95622140597654,41.07468930101073,1141800
2014-09-16,41.25521469116211,41.36804433835907,41.04084481750432,41.06905330530629,2227000
2014-09-17,41.16495513916016,41.30034641133083,41.0408446796658,41.26085711094726,1335800
2014-09-18,41.14803314208984,41.30034779036634,41.10290128185567,41.18187988525993,1036300
2014-09-19,40.3695182800293,41.16495107145478,40.284901433290855,41.0690491091442,5994500
2014-09-22,40.19464111328125,40.48235132847831,40.19464111328125,40.279262271164015,1567200
2014-09-23,40.04233169555664,40.19464635640535,39.94642540864003,40.183365542421214,1570400
2014-09-24,39.55152893066406,40.18336205929368,39.28638463289976,40.11002171071398,2618600
2014-09-25,38.87456512451172,39.551525754820126,38.688399444773154,39.52331726855281,3593900
2014-09-26,39.12278747558594,39.43870621296077,38.42326081427622,38.87457083680521,2214600
2014-09-29,39.02688980102539,39.20741296915455,38.63763497124208,38.9874004924975,1978700
2014-09-30,39.07765197753906,39.41049405659588,38.69403978527632,38.90277140448181,2003800
2014-10-01,39.29202651977539,39.29202651977539,38.85763990626421,39.1227841994963,2823600
2014-10-02,38.880218505859375,39.05510344154072,38.41198499731279,39.04946088128974,3075200
2014-10-03,39.03968811035156,39.29600179980769,38.82324553582474,38.92007476556366,2677600
2014-10-06,38.96565628051758,39.45549971138688,38.92578080636763,39.17640181172683,1941200
2014-10-07,38.76628875732422,39.113738957901646,38.71502775016996,38.87451223326264,2213200
2014-10-08,39.38715744018555,39.48968383501992,38.686559684546026,38.73212793683413,2569300
2014-10-09,39.31309127807617,39.449795976988185,39.0282963404483,39.449795976988185,1975200
2014-10-10,38.72641754150391,39.42131794095325,38.69224353681828,39.1308258642467,2163800
2014-10-14,38.287841796875,38.58972381183703,38.09417893056558,38.36188693496646,2202600
2014-10-15,37.47902297973633,38.00304472618054,37.01195936301401,37.877734233416334,2606600
2014-10-16,37.51319122314453,38.18530748007136,36.48223489305485,36.92651432048298,2571400
2014-10-17,38.339088439941406,38.48718300623278,37.712540522651445,37.92898308444242,2655300
2014-10-20,38.316314697265625,38.55554578314266,38.0770879570151,38.55554578314266,1896900
2014-10-21,38.69225311279297,38.9086957720799,38.16253418093402,38.50998446664942,2022500
2014-10-22,38.03152084350586,38.8232549093311,37.88343057837096,38.8232549093311,3235400
2014-10-23,38.54985809326172,38.69795273585088,38.17392654183405,38.29354428683565,1941800
2014-10-24,38.72641754150391,38.9029933721742,38.48149370146236,38.58971717713516,1408500
2014-10-27,38.70362091064453,38.840325576444144,38.4473072671137,38.74918913257773,1304000
2014-10-28,39.04539108276367,39.15930732947163,38.771986006787806,38.828944130141785,1516900
2014-10-29,38.78336334228516,39.15359754271165,38.52135258314676,39.1479047741569,1709200
2014-10-30,38.88590240478516,39.15930748182473,38.663762680902,38.811857278699534,1367300
2014-10-31,39.31309127807617,39.51814398081831,39.17069380926223,39.38714074305998,2131700
2014-11-03,39.17639923095703,39.4099332152261,39.01691472737171,39.3985389817547,1333300
2014-11-04,38.27074813842773,38.8802091793694,38.15682754698346,38.73211458330495,4001800
2014-11-05,38.356178283691406,38.45870463017052,38.02012235922554,38.33339851391887,4655800
2014-11-06,38.287841796875,38.63529205633653,38.13974717506509,38.45302342396548,2581400
2014-11-07,38.43593215942383,38.58971953553406,38.151137181301806,38.24226931457508,1614500
2014-11-10,38.84603118896485,38.857425421027926,38.49288821628188,38.54984633971852,1731300
2014-11-11,38.95425033569336,39.13082180240904,38.83463698608347,38.90298933398588,944100
2014-11-12,39.06818008422852,39.08527143633564,38.69795002215936,38.94287392150064,1842500
2014-11-13,39.15362548828125,39.27323889767674,38.9599669242013,39.239064879457445,1167500
2014-11-14,39.10803985595703,39.19347485404892,38.93716116852218,39.13081962503117,1515100
2014-11-17,39.17070007324219,39.45549505641303,39.11943906217219,39.12513617861104,2184400
2014-11-18,39.39852523803711,39.478267462012624,39.204866792846666,39.30169601544189,1472500
2014-11-19,39.67764663696289,39.72321054020173,39.375760247444624,39.50676787652821,1449600
2014-11-20,39.82573318481445,39.87130142939853,39.63207466377261,39.70042268502174,1546800
2014-11-21,39.87130737304688,40.12192840999258,39.87130737304688,39.956746757971786,1603400
2014-11-24,39.97952651977539,40.127616802144594,39.76307952217443,40.030787537758464,1142600
2014-11-25,39.9453353881836,40.18456643248325,39.831419154231966,40.03647185184552,1910700
2014-11-26,39.98520278930664,40.12190747209727,39.89407067973825,39.9738129052201,998400
2014-11-27,40.35544204711914,40.38392327931181,39.98520775674401,40.08204133882354,1130000
2014-11-28,40.15609359741211,40.53771784113215,40.12761236015618,40.29849109243839,1454800
2014-12-01,39.37574768066406,40.35544299048113,39.375747680664055,40.10482639295598,3588800
2014-12-02,39.267539978027344,39.53524800051208,39.142229470002384,39.30171399089696,2150200
2014-12-03,39.2960090637207,39.35866430528087,38.97704008532452,39.16500581000501,1419600
2014-12-04,38.49288940429688,39.335880086679694,38.236571322481765,39.21056960387583,2698200
2014-12-05,37.70686340332031,38.51568465918511,37.52459474262423,38.50998754133058,3167500
2014-12-08,37.0632209777832,37.53028460208813,35.82151460892961,37.46193223793613,4452100
2014-12-09,37.23978805541992,37.23978805541992,36.51641075646454,36.68159235762393,2649600
2014-12-10,36.51641845703125,37.2227089023307,36.10631292568731,37.177140655375325,3450400
2014-12-11,36.636024475097656,37.11448228061152,36.32275044515613,36.51071399399578,2713300
2014-12-12,36.29426574707031,36.70437113222093,36.15186828531667,36.57336355533228,2407900
2014-12-15,36.28857421875,36.52780094837689,35.95251607035995,36.35122945921795,2910300
2014-12-16,36.561973571777344,37.034729840847874,35.918336438000594,36.27148153380882,4030500
2014-12-17,37.04044723510742,37.27398128550937,36.3113725290405,36.65312575430587,3089500
2014-12-18,36.98917007446289,37.66697911102622,36.692980888285085,37.66697911102622,4304600
2014-12-19,37.074615478515625,37.29106248578071,36.73286230648807,37.17714186468663,8640200
2014-12-22,37.2967529296875,37.55876379288093,37.2056164491194,37.365100944487,1695800
2014-12-23,37.72394180297852,37.83216093128764,37.38218437910416,37.45053673300426,1716400
2014-12-24,37.746726989746094,38.04861333688813,37.67268185495283,37.82077647016614,1120400
2014-12-29,38.139739990234375,38.333402820061245,37.77520279416442,37.78659268033016,2187500
2014-12-30,37.81509017944336,38.27645681605952,37.68408687687167,38.20241166006805,1722800
2014-12-31,37.769508361816406,37.90621307927521,37.50749750512672,37.80937948466861,1369900
2015-01-02,37.70622634887695,38.08593277932058,37.55088850831608,37.91334054341512,1829800
2015-01-05,36.98707580566406,37.58540512830807,36.63037821255498,37.44732609201907,2613300
2015-01-06,36.52682113647461,36.82023138971238,36.07807307404586,36.70516772768817,2961500
2015-01-07,36.63038635253906,37.13091309435722,36.39450676643735,36.75695663594008,3339000
2015-01-08,36.923789978027344,37.14240853070287,36.65914508079472,36.82023289743077,2505200
2015-01-09,36.25067138671875,37.0676215001728,36.1356099069187,37.0676215001728,2935000
2015-01-12,35.70987701416016,36.124105388056826,35.49701063075534,36.04356146972296,4087800
2015-01-13,35.62357711791992,35.99178131979213,35.27263608861974,35.64083809583487,3591800
2015-01-14,35.468257904052734,35.52578866775677,34.950472252084595,35.15758651287185,3720400
2015-01-15,35.28989028930664,35.92849152280724,35.16332004276582,35.64083346769215,3069200
2015-01-16,35.450984954833984,35.68111232130017,35.07703072764795,35.157574647513954,2969000
2015-01-19,35.468257904052734,35.6293457981504,35.140327722692234,35.6293457981504,929500
2015-01-20,35.46248245239258,35.698361954960795,35.34166660356276,35.43946928271357,3206400
2015-01-21,36.12410354614258,36.33121772253048,35.28414244826463,35.324414405378164,3916700
2015-01-22,36.69367218017578,36.84901003609535,36.319717909425535,36.38300305230907,3146000
2015-01-23,36.7166862487793,37.19995422530736,36.7166862487793,36.952568039667824,1872400
2015-01-26,36.52682113647461,36.98131919975219,36.41750966995604,36.89502090456983,1388400
2015-01-27,36.37148284912109,36.4922986977726,35.98026774378195,36.35997626429857,2374600
2015-01-28,35.96877670288086,36.70518089250643,35.96302231065451,36.70518089250643,1882400
2015-01-29,35.94576644897461,36.06658235967016,35.32442591207053,35.95727303970625,2218300
2015-01-30,35.128814697265625,35.617832683161375,34.98498561968952,35.55454753788268,4422700
2015-02-02,35.69837951660156,36.07233602655324,35.266892248807046,35.42798232115092,2493400
2015-02-03,36.72818374633789,37.03310280353911,35.7386392487358,35.940001221552755,2806000
2015-02-04,36.49229049682617,37.03308888866732,36.38873345135259,36.76844188653698,1750000
2015-02-05,37.165435791015625,37.26899291086685,36.515329887642366,36.64189799383785,1770100
2015-02-06,37.470340728759766,37.91333663952956,37.30925290277586,37.45308194587778,2514600
2015-02-09,37.66595458984375,38.03415662892364,37.30925694416,37.45308600284166,1608700
2015-02-10,37.683204650878906,38.02839343394029,37.36677903930643,37.970862701648976,1953700
2015-02-11,37.89607620239258,38.10894036773039,37.57965056565546,37.79251912030715,1897100
2015-02-12,38.27003479003906,38.32181553467329,37.896082741225136,38.1089469432919,2064200
2015-02-13,38.6612434387207,38.70726978405418,38.396598537024005,38.459883664529066,2304600
2015-02-17,38.75905227661133,38.96041205992946,38.40235466808058,38.563442494735085,1872300
2015-02-18,38.19525146484375,38.73605022907264,38.17223828452386,38.6785194729306,2129800
2015-02-19,38.17797470092773,38.29303615903541,37.62567180124702,38.10893519247517,1743800
2015-02-20,38.11471176147461,38.23552767958553,37.82129916645332,38.17799691705402,1721500
2015-02-23,37.92484664916992,38.0744301051604,37.5623989870198,38.02264935953056,1799400
2015-02-24,37.52212524414063,37.717730655580446,37.25748030490849,37.51637085282931,2701500
2015-02-25,37.86730194091797,38.062911678839455,37.48759563331392,37.68895537138524,1916400
2015-02-26,38.29879760742188,38.8395962166894,38.01689391058233,38.04565708575383,2415300
2015-02-27,38.4368782043457,38.82809343955113,38.20100081848134,38.20100081848134,2916200
2015-03-02,38.50590515136719,38.58069466111209,38.247014672831234,38.46563320161018,1853000
2015-03-03,37.84430694580078,38.4598952345556,37.72349104494033,38.37359690842236,2453800
2015-03-04,37.493350982666016,37.769504655215066,37.22870609068477,37.68320635821138,2341200
2015-03-05,37.499114990234375,37.901834627117566,37.49336059847466,37.54514134568241,1858300
2015-03-06,37.18268966674805,37.75800594783889,36.90654030984078,37.49911537707396,2245100
2015-03-09,37.13090515136719,37.35527810055695,37.03885245974373,37.199944670084776,1364000
2015-03-10,36.02629852294922,36.94680572635995,36.02629852294922,36.93529694476134,2882800
2015-03-11,36.0953483581543,36.3082147907529,35.968778060289225,36.24492964182036,2507500
2015-03-12,36.38299179077149,36.61311691815908,36.135605687703645,36.1413578831592,1661600
2015-03-13,36.15862655639648,36.34272758653532,35.79042449611882,36.2736902488976,1827100
2015-03-16,36.67639923095703,36.94679848444009,36.147109503333695,36.216146816794,2054400
2015-03-17,36.43477249145508,36.67065202295805,35.99177879674815,36.65914543670706,1907600
2015-03-18,36.29094696044922,36.51531992737217,36.03780642779183,36.38874966104348,2023300
2015-03-19,36.2794303894043,36.50955548935208,36.0838228473876,36.43476598406372,2889300
2015-03-20,36.50958251953125,36.676424821909656,36.33123581909612,36.41753197247043,6606300
2015-03-23,36.67639923095703,36.92953970473917,36.4750394855909,36.6131141125115,1635200
2015-03-24,36.75695037841797,36.87776624946531,36.463540092351984,36.64764109432614,1900400
2015-03-25,36.12986373901367,36.97557722023857,36.10685055995322,36.75695860313692,2900300
2015-03-26,36.06657791137695,36.29670530831128,35.819191727802675,36.10109767931435,2372300
2015-03-27,35.85369873046875,36.26217262967042,35.61206702490948,36.049306289822,2085900
2015-03-30,36.07807922363281,36.319713174536375,35.81343429212759,35.9457567578802,2772600
2015-03-31,36.55558776855469,36.67065143456141,35.865207967171244,35.99753041494906,3756100
2015-04-01,36.50958251953125,36.659166030166425,36.21617208660556,36.51533691321776,1944800
2015-04-02,36.68985366821289,36.85850307586247,36.527020981339625,36.56191243228162,1819000
2015-04-06,36.71892166137695,36.998064292977325,36.52119535335647,36.60842839629402,1610600
2015-04-07,37.09111022949219,37.1957889891096,36.7945218895284,36.80033639020567,1660500
2015-04-08,37.03877258300781,37.20742195010918,36.916648097215145,37.07366624398934,1662200
2015-04-09,37.34698867797852,37.440033989544105,36.98642755812837,36.98642755812837,1746800
2015-04-10,37.45750045776367,37.50983763640163,37.30048004813353,37.41678784745663,2610400
2015-04-13,37.47493362426758,37.61450382405004,37.31791326726274,37.51564178407316,1357300
2015-04-14,37.60288619995117,37.71337727465002,37.31211227426096,37.48075724672624,1902000
2015-04-15,38.05067443847656,38.19606139499881,37.63777601437632,37.65522173926174,2211300
2015-04-16,38.22513961791992,38.26584778726745,37.754082873346896,37.963440440522085,2102700
2015-04-17,38.3123664855957,38.42286198456048,37.92854725459083,38.14953381566288,1688500
2015-04-20,38.533348083496094,38.66710155680203,38.382144453933535,38.46937748779103,1530300
2015-04-21,38.731075286865234,38.7834168861581,38.50427204259528,38.63802996358213,2092400
2015-04-22,38.70782470703125,38.73108715419391,38.2076931851795,38.73108715419391,1163600
2015-04-23,38.87065124511719,38.96370101903331,38.39378224594063,38.39378224594063,1456300
2015-04-24,38.911354064941406,39.05674097248606,38.75433372015365,38.859012471060055,1060300
2015-04-27,38.92298126220703,39.01602657155997,38.67873233369245,38.94624369875929,1625300
2015-04-28,39.161415100097656,39.19631097480453,38.75433353565318,38.85319556746737,1463400
2015-04-29,39.12651824951172,39.21956798671589,38.88808606242343,38.92297749544717,1387000
2015-04-30,38.690372467041016,39.10327085173261,38.544985524395074,38.96370062911257,2284500
2015-05-01,38.85901641845703,39.010220059982885,38.55661357226209,38.68455033693822,1346800
2015-05-04,39.03930282592773,39.1323526050714,38.83576198012306,38.876470149284,1024000
2015-05-05,38.66129684448242,39.02185361429816,38.47520173968347,38.96369972595923,1453900
2015-05-06,38.32398986816406,38.690363279361634,38.03321605192132,38.55079308988489,1665400
2015-05-07,38.02740478515625,38.34144108414364,37.81804725249798,38.34144108414364,2215500
2015-05-08,38.03904724121094,38.3123710054964,37.969259901496216,38.2309546609249,1578400
2015-05-11,38.149532318115234,38.27747353571373,37.91691232583226,38.09137842925882,1198900
2015-05-12,37.91110610961914,38.13209269738068,37.818056323072376,38.00415145930789,1539600
2015-05-13,37.85294723510742,38.06812153578658,37.620331645771856,37.91691785323209,1236800
2015-05-14,37.89945983886719,37.98669287501181,37.66683988810038,37.98669287501181,956200
2015-05-15,37.80059814453125,37.92853934045595,37.64939450963329,37.88201446250941,927500
2015-05-19,37.95762252807617,38.06811802863136,37.457495507594246,37.75989840798536,1327300
2015-05-20,37.47493362426758,37.95180254064292,37.35862142706832,37.8122279040038,2092500
2015-05-21,37.78899002075195,37.92856029484337,37.37608704693068,37.37608704693068,1729100
2015-05-22,37.57379913330078,37.77733995112087,37.50982852814917,37.74826522677918,1356700
2015-05-25,37.59124755859375,37.66103488837517,37.50983122561078,37.53891038890072,362600
2015-05-26,37.34118270874024,37.65521904477983,36.98643820526166,37.62613988081306,1557100
2015-05-27,37.48074722290039,37.75989206912621,37.2888398552805,37.39351861800808,1375400
2015-05-28,37.550540924072266,37.77152748877641,37.149273744387486,37.50983275591999,1504400
2015-05-29,38.0332145690918,38.1902304715244,37.59705386173262,37.80059463779567,4076200
2015-06-01,38.3123664855957,38.76016076476847,38.02740931321326,38.30655420228203,3447900
2015-06-02,38.48102188110352,38.66711702390581,38.068123421662754,38.31818918575878,1701900
2015-06-03,38.80669403076172,38.89392266787441,38.42868700145906,38.5159200754302,2048600
2015-06-04,38.57405853271485,38.89390709338582,38.24257653384831,38.64384141446148,2216900
2015-06-05,38.54497909545898,38.86483209067457,38.46937949516104,38.55079581451472,1642800
2015-06-08,37.94598388671875,38.5042690942385,37.74825981684685,38.49845237546097,2251600
2015-06-09,38.428672790527344,38.54498055490593,37.626134131001926,37.81804593539773,2367400
2015-06-10,38.55080795288086,38.76598225712772,38.399604267819335,38.44031244031382,3053400
2015-06-11,38.451927185058594,38.725250817843474,38.18441583347671,38.69035938320197,1395900
2015-06-12,38.28328323364258,38.382145270250696,37.85875149283052,38.35888283160352,2378900
2015-06-15,38.38214874267578,38.49264422703224,37.98087940420815,38.0913748885646,1822000
2015-06-16,38.28328323364258,38.4461158673163,38.14952532063545,38.382145270250696,1349400
2015-06-17,37.96343612670898,38.387967933257066,37.68429569343279,38.289101444483606,2166000
2015-06-18,37.88202667236328,37.94599729094416,37.59125274676218,37.90528911883433,1652800
2015-06-19,37.42840576171875,37.730808576616965,37.05039891545376,37.05039891545376,10338200
2015-06-22,37.887840270996094,38.07393539057106,37.44004597783102,37.45167941853687,3705200
2015-06-23,38.32398986816406,38.38214374404134,38.02158261463208,38.05066177099888,2338900
2015-06-24,38.585693359375,38.60895580242139,38.21350314434744,38.38215252879076,5500200
2015-06-25,38.690372467041016,38.88228429617944,38.50427735792851,38.67292674382069,2687400
2015-06-26,38.75434494018555,38.95788578230528,38.60895799054894,38.66129959958407,2429000
2015-06-29,37.59706115722656,38.40541213677296,37.36444118079186,38.382149695443786,3350000
2015-06-30,37.49238586425781,37.96343814347122,37.44586097728781,37.75989730904922,2521400
2015-07-02,37.2597541809082,37.68428587686794,37.12599850046079,37.45748267009067,2010200
2015-07-03,37.74174499511719,37.759377860629264,37.283272553994784,37.36556224935254,939900
2015-07-06,37.5771713256836,37.882818171483855,37.212744515516846,37.33029995979708,3747400
2015-07-07,37.77701187133789,37.77701187133789,37.3538073906364,37.61831159246614,2963000
2015-07-08,37.39495849609375,37.68885384680747,37.34205764687699,37.612441010777374,4778700
2015-07-09,37.07754898071289,37.72999192307612,36.9893801671188,37.58304315301062,5117700
2015-07-10,37.37145233154297,37.48313091626496,37.23625951552861,37.35969633701013,1539700
2015-07-13,37.56541442871094,37.90632924492618,37.5007575905771,37.85343064160903,1326400
2015-07-14,37.494876861572266,37.58892255040258,37.095182123486886,37.5360217102964,1325500
2015-07-15,37.688846588134766,37.79464826619144,37.26563987590804,37.5771657933938,1597800
2015-07-16,38.16495895385742,38.31778462474164,37.70648642565767,37.86518672986031,1563300
2015-07-17,37.8358039855957,38.21198684134252,37.63595432097519,38.21198684134252,1088800
2015-07-20,37.4537239074707,37.94746198531023,37.43021192979484,37.85341855905798,1292800
2015-07-21,37.15396118164063,37.53014395056449,37.03052663100489,37.44197737535018,1435900
2015-07-22,37.04227828979492,37.24800251678991,36.86594291776695,37.07166714476193,1362200
2015-07-23,36.81306457519531,37.10107866896863,36.62497309780902,37.0305449255056,2312400
2015-07-24,36.62494659423828,36.98937328767914,36.530900923601095,36.79540283073803,2346000
2015-07-27,35.896095275878906,36.448613376945815,35.7256367766832,36.442736502798965,2398000
2015-07-28,36.1018180847168,36.28403256726661,35.57281198549211,36.007772406484015,2326700
2015-07-29,37.24213790893555,37.3185507507982,36.13122223281431,36.24877769140098,2239300
2015-07-30,37.52425384521485,37.57127555363801,36.86593423171293,37.24211686799974,2103000
2015-07-31,37.72998809814453,37.91220033916871,37.49487278054617,37.61830731328368,2687100
2015-08-04,37.33616638183594,37.70647218363651,37.171587022024845,37.70647218363651,1999400
2015-08-05,37.506629943847656,37.70059818104162,37.44197311737437,37.559530779850725,2189300
2015-08-06,36.81306457519531,37.50077361897132,36.67787396596312,37.43023987550828,2650300
2015-08-07,36.73076248168945,36.977631621902496,36.46037911192678,36.86007392751349,1386500
2015-08-10,37.03053283691406,37.17747939579071,36.73663971916078,36.73663971916078,1017200
2015-08-11,36.619083404541016,36.94236539781547,36.33106939392849,36.91297653337718,1978500
2015-08-12,36.3369369506836,36.48976259413051,35.91960935290158,36.44273862930806,1778000
2015-08-13,35.91373443603516,36.41923090586037,35.83144473019874,36.35457406778138,1459300
2015-08-14,36.14297103881836,36.184115889585925,35.87258770805496,35.913732558822524,1175800
2015-08-17,35.96075820922852,36.05480390712979,35.60220828528419,36.03717103946902,1196200
2015-08-18,35.631595611572266,35.9490006691601,35.51403793369979,35.884343834218924,1421800
2015-08-19,35.19663619995117,35.561062994551314,34.99090969679568,35.55518611947888,1911100
2015-08-20,34.4325065612793,34.9144909243681,34.39723859243411,34.9144909243681,1839700
2015-08-21,33.82121658325195,34.4207587425871,33.82121658325195,34.09159768190517,2319900
2015-08-24,32.845497131347656,33.597862833386145,30.917556656534043,31.587634882417063,4049600
2015-08-25,33.456783294677734,34.126861323314095,33.386249591430854,33.979914800251265,2986900
2015-08-26,34.385494232177734,34.43839508222399,33.44503716716262,34.0916011190822,3332900
2015-08-27,35.25541305541992,35.47877242054412,34.63235892837926,34.91449825391836,2769700
2015-08-28,35.03205871582031,35.47289839215476,34.63236389656562,34.83221130619297,2775400
2015-08-31,35.39647674560547,35.47876643407506,34.115102973712574,34.9203692365982,3405400
2015-09-01,34.232669830322266,34.92625549473383,34.07396728467867,34.72641033602684,2306300
2015-09-02,34.32670593261719,34.78517833030813,34.16212431526658,34.50304129771172,2753300
2015-09-03,34.708763122558594,34.99677925138669,34.403114131105035,34.467770950365974,2483300
2015-09-04,34.37373733520508,34.60297359863876,34.18564592714532,34.46190616370716,2156200
2015-09-08,34.97327423095703,35.22602244259246,34.86747254970378,34.93800625646391,2213700
2015-09-09,34.63236618041992,35.372978141148806,34.58534444446784,35.32007728681103,2340800
2015-09-10,34.49717330932617,34.71465583058079,34.28557214829229,34.467784446034784,2194500
2015-09-11,34.162132263183594,34.44426936142,33.98579685706413,34.32671391882459,1797000
2015-09-14,34.20914840698242,34.34433892881676,34.115102729087845,34.250293250922184,1402200
2015-09-15,34.250301361083984,34.42663676861272,34.15037654340768,34.273813346681514,2073300
2015-09-16,34.93801498413086,34.97328296743407,34.27381811528699,34.309083856363536,2642200
2015-09-17,34.767547607421875,35.10846236863443,34.67350192409849,34.873349281438934,1786800
2015-09-18,34.15038299560547,34.37374241652963,34.0974821391294,34.2855758172207,10461500
2015-09-21,34.76167678833008,34.77343278182982,34.326716239972114,34.503051658015245,2028900
2015-09-22,34.16801834106445,34.3854986448408,34.02107176565915,34.2973298027069,1961500
2015-09-23,33.8035774230957,34.30907382484126,33.55670833883448,34.23854012108463,1912000
2015-09-24,33.64488983154297,33.89175900885347,33.4156512840344,33.56259786354594,2736100
2015-09-25,33.94465255737305,34.27381363179755,33.92114057157993,34.15037682749688,4280000
2015-09-28,33.66838836669922,33.95052543632659,33.52144183612916,33.844725997164176,2810400
2015-09-29,34.09748077392578,34.09748077392578,33.66252018673918,33.75656590090601,2519700
2015-09-30,34.57944869995117,34.58532557290344,34.167998084302646,34.326700560719594,3055100
2015-10-01,34.72640609741211,34.74403896403369,34.350221085750995,34.56182445411469,2951700
2015-10-02,34.03639221191406,34.423032836916704,33.65569892675597,34.399241208427554,2857600
2015-10-05,34.726402282714844,34.84536951162226,34.274327266688914,34.39924410505284,2623000
2015-10-06,35.333126068115234,35.38666119700159,34.672860234887104,34.7977747792517,2541700
2015-10-07,35.86254119873047,36.13616428494326,35.594865453908575,35.624606699086215,2731400
2015-10-08,36.06477737426758,36.1004659534456,35.73761920683952,35.82089558373636,2070300
2015-10-09,35.85659408569336,36.267031012711655,35.695988627613815,36.16590804913044,2577400
2015-10-13,35.86848831176758,35.97555860901468,35.57702093412611,35.74952106270285,2176000
2015-10-14,35.51753616333008,36.023146404410625,35.39262157295349,35.87443791040662,1968100
2015-10-15,35.5532112121582,35.868472353168954,35.44019362384184,35.74355781832816,1659000
2015-10-16,35.80900573730469,35.957714231006854,35.52348570168991,35.66624458494153,1568900
2015-10-19,35.91608047485352,36.088580624350655,35.76142235157934,35.76142235157934,1302500
2015-10-20,36.14211654663086,36.36815412515393,35.77332006417565,35.98151334698517,1411200
2015-10-21,36.05883407592773,36.51685649813343,36.03504244201546,36.32650981216632,1569600
2015-10-22,36.67745208740234,36.82021319808424,36.16589465536595,36.20158550031415,2328900
2015-10-23,36.90943145751953,37.129519296096,36.8380520472724,37.075986440243554,2066200
2015-10-26,36.742897033691406,37.153331683305694,36.70125883456148,36.90944983021112,1922100
2015-10-27,37.01057052612305,37.16522636069376,36.58228933944797,36.61203058427562,2306300
2015-10-28,37.49237823486328,37.53401642438418,36.96297645171654,37.05814978049448,2378700
2015-10-29,37.49833297729492,37.55186812388018,37.05220751212152,37.37936573275972,1668900
2015-10-30,36.57633972167969,37.47453796659705,36.52280457667724,37.4507440645712,3801400
2015-11-02,36.79048156738281,36.89755186767496,36.5465997209644,36.6715165840463,1662700
2015-11-03,36.826168060302734,36.915394056344304,36.45142205368404,36.76668557568259,1467600
2015-11-04,36.6477165222168,37.07004804179181,36.54064623991451,36.85590747718723,1724100
2015-11-05,36.58823394775391,36.95703261722569,36.52875146254174,36.7726332824898,1534900
2015-11-06,36.67745208740234,36.82021319808424,36.40977642306809,36.683399427004936,1315200
2015-11-09,36.27892303466797,36.73099583110329,35.94581521106045,36.72504849010647,1699000
2015-11-10,36.130218505859375,36.16590709397113,35.94581914720589,36.10642460104376,2361400
2015-11-11,36.225399017333984,36.3086754315397,35.99936141512411,36.15996690071175,955700
2015-11-12,35.61865997314453,36.100474053037566,35.54133091905726,36.02314726806189,2090900
2015-11-13,35.09520721435547,35.61866178781917,34.97029261462,35.54133272979219,1925700
2015-11-16,35.755470275878906,35.755470275878906,35.011927813875474,35.07735991358962,1428000
2015-11-17,36.01124954223633,36.21944052671555,35.77331504359304,35.89228229291468,1312300
2015-11-18,36.08857345581055,36.33840488643072,36.023143629542545,36.13616125939967,1692900
2015-11-19,36.15400314331055,36.27891998485679,35.9993473301688,36.11831456210695,1596300
2015-11-20,36.06477737426758,36.380038592265926,35.98744833753004,36.34434774397681,1763400
2015-11-23,35.79710006713867,36.27296667726609,35.75546188057196,36.06477574443253,1594900
2015-11-24,35.87443542480469,36.0647821024125,35.553224555424734,35.690036088135884,2164500
2015-11-25,35.76142120361328,36.09452907687774,35.71978300309419,36.02314962871812,1555700
2015-11-26,36.04098510742188,36.21348747829723,35.7673620654817,35.77330940591032,558300
2015-11-27,36.18374633789063,36.19564101878072,35.93986226653099,36.01719130698377,1000300
2015-11-30,36.21942901611328,36.32055194008866,36.09451446512382,36.16589388438768,2130300
2015-12-01,36.18374633789063,36.48116328058927,35.77330950473533,35.99339740698119,2859400
2015-12-02,35.612701416015625,36.338399427961576,35.52347770135555,36.338399427961576,2311400
2015-12-03,35.20822525024414,35.809008888370194,35.154690097036,35.809008888370194,2068400
2015-12-04,35.35693359375,35.38667711025963,34.98218979213533,35.29150375711931,1803200
2015-12-07,34.49443817138672,35.3093604352761,34.31003874226923,35.26177260746028,2875200
2015-12-08,34.17915344238281,34.4349321866405,34.078032774198256,34.28622371993772,2269700
2015-12-09,34.21485137939453,34.76209756105777,34.05424592979034,34.06019327128164,1733300
2015-12-10,34.06613540649414,34.55389898976436,33.95906513025325,34.20294692188836,1987500
2015-12-11,33.3582878112793,33.923378228265534,33.2809587651957,33.905533936519845,3054700
2015-12-14,33.10844802856445,33.51293517957128,32.87646321795099,33.37017407428796,2880300
2015-12-15,33.63785934448242,33.70923878297378,33.316648467604175,33.37018361375055,1806000
2015-12-16,34.00666046142578,34.06019561497762,33.5367433014838,33.69734876213932,2146800
2015-12-17,33.99477005004883,34.19106412500109,33.92933793536073,34.137528964721014,2265900
2015-12-18,33.393978118896484,33.94122654150275,33.370184215932845,33.715189001571154,8793400
2015-12-21,33.48319625854492,33.8638895401298,33.358281700983184,33.727078033879664,1878300
2015-12-22,33.54268264770508,33.649752929286066,33.04897169962494,33.53078569762817,1680000
2015-12-23,34.19104766845703,34.19699727735345,33.54862832341194,33.66759327200889,1925400
2015-12-24,34.47063064575195,34.61933914528573,34.11967849608777,34.16726403600054,984100
2015-12-29,34.60149002075195,34.762095460652,34.42898989858802,34.60743963099536,1345800
2015-12-30,34.32191467285156,34.672866746098286,34.21484439497215,34.672866746098286,1382500
2015-12-31,33.70172882080078,34.141290122840864,33.66559964503829,34.04494795111946,1807000
2016-01-04,33.44279861450195,33.53311808092244,32.96710828162933,33.26817776365334,2979400
2016-01-05,33.79804992675781,33.88836936440158,33.30429631731172,33.48493748957639,2374500
2016-01-06,33.213993072509766,33.53312606440065,33.20195001472428,33.521083006615164,2446800
2016-01-07,32.70216369628906,32.98516741051091,32.52754286823081,32.8165692576147,2530800
2016-01-08,32.85268783569336,33.21999050805389,32.816558687291106,33.21999050805389,2003500
2016-01-11,32.62990951538086,33.03936419319259,32.40711874265261,33.01528038042202,2864700
2016-01-12,32.54560852050781,32.96710622848675,32.13013348810188,32.78646500991798,2733800
2016-01-13,31.91336250305176,32.70216530881274,31.895299070630056,32.6359296606296,2603900
2016-01-14,32.292720794677734,32.35293378629384,31.79294423574614,31.991651242640405,3178300
2016-01-15,31.473796844482425,31.895294483870074,31.35939129396781,31.642394981446547,5863600
2016-01-18,31.5400333404541,31.720674534536855,31.353369471614723,31.353369471614723,1063400
2016-01-19,32.07594680786133,32.2023954544797,31.72068468380626,32.10605330034501,3586300
2016-01-20,31.232934951782227,31.780881098410795,30.811437385842492,31.720668144838093,3880300
2016-01-21,31.756807327270508,31.931425866584814,31.18477489971475,31.31724389881757,2839100
2016-01-22,32.79850769042969,32.80452806895639,32.32883777112834,32.43120258190368,3982500
2016-01-25,31.86519432067871,32.83463846429869,31.823044775041147,32.828618085055304,1707100
2016-01-26,32.06991958618164,32.16024134781031,31.82304270763812,31.961536687996173,2482900
2016-01-27,32.696144104003906,33.057428847532,31.985619968407537,32.0036856986195,2928600
2016-01-28,33.960636138916016,34.03891254499661,32.85872080847968,33.087534242123645,3888000
2016-01-29,34.55674743652344,34.55674743652344,33.563219735137366,34.183422001292286,3878800
2016-02-01,33.92451095581055,34.27977305354199,33.75591277281189,34.23762350779232,1557400
2016-02-02,33.46085357666016,33.623431331428485,33.171827222731096,33.59934522769008,2007600
2016-02-03,33.58729934692383,33.81009234227339,33.06945964504961,33.71977060935037,2572500
2016-02-04,34.23760986328125,34.40018760222938,33.59332158132594,33.65955721167262,2703100
2016-02-05,34.20148849487305,34.33998016394492,33.90644172506092,34.23761765518737,1687300
2016-02-08,33.527095794677734,33.960636559162154,33.21398327554762,33.90042128799613,2364600
2016-02-09,32.617855072021484,33.14171743974336,32.01571632041413,33.11763133840457,3573400
2016-02-10,31.708635330200195,33.08753400370351,31.654442735700748,33.04538446320146,3069100
2016-02-11,31.34736633300781,31.473815008707195,31.05231712606392,31.31123715553142,3693700
2016-02-12,32.52754211425781,32.539585167325185,31.762825471811038,31.829061115192825,2438400
2016-02-16,33.159793853759766,33.23204988909699,32.47937615481521,33.07549476303668,2246400
2016-02-17,33.8582763671875,33.88838285839017,33.38258599645996,33.50301425824868,2253500
2016-02-18,33.918487548828125,34.1533213676076,33.55118242838731,34.07504266235519,2130900
2016-02-19,33.72580337524414,33.72580337524414,33.33441441508339,33.58129130585424,2277900
2016-02-22,33.40666961669922,34.16536600149897,33.40666961669922,34.02687201773527,2651200
2016-02-23,32.991188049316406,34.02686530643787,32.87075982026207,34.02686530643787,1977800
2016-02-24,32.25657272338867,32.58172820036523,31.257022488109573,32.58172820036523,3447700
2016-02-25,32.23249816894531,32.39507596567502,31.84712959757617,32.33486298776529,1904800
2016-02-26,32.503456115722656,32.81054822751346,32.352921397348446,32.52754222193713,1557900
2016-02-29,32.97311782836914,32.97311782836914,32.3589383081491,32.684091496213505,2427500
2016-03-01,34.88190460205078,34.88190460205078,33.69569030402754,33.71977640988062,4161100
2016-03-02,34.773521423339844,34.96620568729538,34.219554738712084,34.75545799139952,2709800
2016-03-03,35.29737854003906,35.35759380287784,34.78556143928527,34.924053098348324,1959900
2016-03-04,35.82726287841797,35.95973416527013,35.23114438456074,35.39974483063918,3017000
2016-03-07,36.44747161865234,36.56789987369863,35.76705622704997,35.82726920608416,3175900
2016-03-08,36.86895751953125,37.02551488989438,36.0199419247994,36.314990940036274,3417300
2016-03-09,37.21820068359375,37.56743999906487,36.94121508521227,36.94121508521227,3095900
2016-03-10,37.06768035888672,37.60358374028927,36.77865389353404,37.44702630261189,2535100
2016-03-11,37.49518203735352,37.56743804766717,37.19411264790662,37.3988399246096,2141100
2016-03-14,37.36270523071289,37.62764772420509,37.29646960733984,37.3867913295716,2082600
2016-03-15,37.54938125610352,37.54938125610352,37.17605579035851,37.18207616854159,2483800
2016-03-16,37.59154510498047,37.85648548846929,37.25434637392144,37.543372873267,1713700
2016-03-17,38.47666931152344,38.52483921993441,37.61561066451632,37.6999097269684,3222800
2016-03-18,38.27796936035156,38.51882583707313,38.091305476043466,38.33818233104316,6143100
2016-03-21,38.3321533203125,38.59709354745925,37.95280525884788,38.38634590052173,1665600
2016-03-22,38.17559814453125,38.44053837092117,38.031083832060425,38.1454893690744,1615000
2016-03-23,38.09732437133789,38.42247989355727,37.91066050555031,38.42247989355727,1660000
2016-03-24,37.58550643920898,37.75410688150758,37.37475875755755,37.75410688150758,2444600
2016-03-28,37.88056564331055,37.98895085063157,37.386811830838376,37.663795228668505,2472900
2016-03-29,38.06721496582031,38.16957745737493,37.39281786849022,37.74807984578792,2138700
2016-03-30,38.26593017578125,38.61516957566282,38.07926856957791,38.23582368739147,2036000
2016-03-31,38.21775436401367,38.50075806763731,38.121412237826966,38.29603076236836,2525200
2016-04-01,38.199493408203125,38.20558286627181,37.5417204167606,37.85842567301065,1798200
2016-04-04,38.05330276489258,38.3030122469899,37.882770140045466,38.19947524571352,1566400
2016-04-05,37.748783111572266,37.83404943352488,37.49907360156831,37.66960624547354,1559300
2016-04-06,37.77925109863281,37.8218842777338,37.40773140360933,37.687895281988126,1608100
2016-04-07,37.34073257446289,37.69397919552652,37.121474929434726,37.55998789615738,1613600
2016-04-08,37.669620513916016,37.90105942068936,37.49299834725621,37.5295397428867,1589900
2016-04-11,37.48080825805664,37.90105047192174,37.444264547720536,37.66961161979312,1647900
2016-04-12,38.08984756469727,38.35782774337776,37.53561419462357,37.54779542865443,2173700
2016-04-13,38.76589584350586,38.85116216914859,38.40046574646587,38.41264698203385,2377000
2016-04-14,38.90598678588867,39.05215932776236,38.70499983122907,38.85117237310276,1536900
2016-04-15,38.75980758666992,38.91816134011222,38.57100422654001,38.76589936667411,1536400
2016-04-18,38.77198791503906,38.82680231712598,38.382197643902416,38.400468336820296,2254900
2016-04-19,39.18004989624024,39.28358691710087,38.75980538647288,38.826801022715976,2738700
2016-04-20,39.72820663452149,39.85610616835009,39.16179175804173,39.25314524887081,3357200
2016-04-21,39.61247634887695,39.77083010544384,39.49066397972291,39.69774268395141,2718400
2016-04-22,39.76473617553711,39.916998143747925,39.63683667984,39.67946984507237,1456500
2016-04-25,39.54547119140625,39.70991204186021,39.33839253700854,39.59419612734285,1050900
2016-04-26,39.73427963256836,39.80127526645217,39.588109452579225,39.649013307019175,1402600
2016-04-27,39.850006103515625,40.03272234053017,39.61856956374188,39.74037729064029,1708900
2016-04-28,39.73427963256836,39.85000020867063,39.36885185926241,39.67337577812841,2096400
2016-04-29,40.07535171508789,40.17888873781486,39.54547839525016,39.55157017501837,2122500
2016-05-02,39.691654205322266,40.14844017264453,39.60638786315548,40.0388113546205,1277300
2016-05-03,38.63191604614258,39.16178949568012,38.19340072882429,39.09479384183051,3374700
2016-05-04,38.13248825073242,38.53445975978183,37.809693616849295,38.37001655289799,2732100
2016-05-05,37.70006942749024,38.21166980375882,37.651344475782,38.13249291889973,2559600
2016-05-06,37.84014892578125,37.93150472220908,37.273734159261416,37.57825812735451,2147200
2016-05-09,37.57217025756836,37.81579038673307,37.47472267056923,37.60871397394319,1793000
2016-05-10,37.95585632324219,38.30910514022762,37.74877999133107,37.7914131487834,1903000
2016-05-11,38.24212265014648,38.51619470171632,37.82187806329488,37.9375986646986,2247200
2016-05-12,38.35174560546875,38.62581529179023,37.913230390021134,38.50400757490658,1468300
2016-05-13,38.13857650756836,38.44310043888505,37.96804384949765,38.126395271515705,1724400
2016-05-16,38.327392578125,38.57101271859637,38.120316155724495,38.120316155724495,1552200
2016-05-17,38.24820709228516,38.42483153828509,38.07767442626223,38.32129218867594,1692800
2016-05-18,38.49182891845703,38.59536594941434,38.11421985947536,38.144671790737306,2364400
2016-05-19,38.2055778503418,38.461379198986,37.82796876964503,38.37611053388223,5994100
2016-05-20,38.43092346191406,38.741539207347465,38.32738642899191,38.32738642899191,2057200
2016-05-24,38.8328971862793,39.18005666343993,38.5161942893379,38.5161942893379,2471400
2016-05-25,39.3384017944336,39.4845766366424,38.96688452548634,39.033877843165335,2104300
2016-05-26,39.28968811035156,39.77692372643457,39.216600676938725,39.51503289837297,2523500
2016-05-27,39.58811569213867,39.63074886163276,39.259229250327024,39.259229250327024,2686900
2016-05-30,39.55765914916992,39.88045843857709,39.42975964808408,39.74037537738781,1782100
2016-05-31,39.064334869384766,39.52721260922999,39.03997239395427,39.37495062278971,6650300
2016-06-01,39.521114349365234,39.60638067605933,38.613634360025934,38.87552511963388,2248100
2016-06-02,39.86217880249024,39.95962868614876,39.22877314537463,39.40539292783985,1940700
2016-06-03,39.87437438964844,39.9596407402377,39.43585907423644,39.73429130129887,1530600
2016-06-06,40.11188888549805,40.19715520662731,39.9535351548297,39.97789762467606,1787400
2016-06-07,40.84884643554688,40.928020997438566,40.20934421975336,40.20934421975336,3157200
2016-06-08,40.745304107666016,41.04982804771335,40.56867966483858,40.92801568369448,2274800
2016-06-09,40.39205551147461,40.6722169807259,40.20325215422553,40.57477173547904,2245100
2016-06-10,39.74037170410156,40.06316631700544,39.55765549277252,40.06316631700544,1785700
2016-06-13,39.56983947753906,39.728193219283774,39.387123264243904,39.52720631399237,1842100
2016-06-14,39.31406021118164,39.57595110334709,39.21051849350235,39.484592950885904,1958800
2016-06-15,39.15568161010742,39.55156358912372,39.11914023091585,39.36884739983444,1635500
2016-06-16,39.1252326965332,39.24704505488669,38.68671982312654,38.97906251317537,1657400
2016-06-17,39.27142333984375,39.51503886131382,39.10088596947919,39.131340232997054,8359900
2016-06-20,39.61855316162109,39.99007261551883,39.435837000251226,39.8926227570109,1770000
2016-06-21,39.67947769165039,39.82564790897117,39.4541282613358,39.82564790897117,1756000
2016-06-22,39.53329849243164,39.89263449642708,39.43584860524661,39.758643224880856,1507900
2016-06-23,39.92310333251953,40.178902409829,39.75256596764515,39.80129092903783,2047700
2016-06-24,38.997337341308594,39.204416049139056,38.2177567518296,38.37001873092056,2884100
2016-06-27,38.24820709228516,38.62581613419307,37.98022685663008,38.62581613419307,2742100
2016-06-28,38.83898162841797,38.91815849935976,38.534457703769874,38.65017595873621,2122500
2016-06-29,39.28968811035156,39.42976654939176,39.05824689454467,39.24705493586095,2457000
2016-06-30,38.99403762817383,39.37590875682525,38.85237579576373,39.30199874634105,3118600
2016-07-04,39.22807693481445,39.35742235894384,39.04946131497576,39.32662437490199,912500
2016-07-05,38.98172378540039,39.37591369011217,38.87701577033542,39.12954382488873,1575300
2016-07-06,38.86469650268555,38.93244833215947,38.445869147353214,38.87085704148706,1651100
2016-07-07,38.73535919189453,39.01868293077064,38.50746856276006,38.92629598090625,1421200
2016-07-08,38.98787689208984,39.38822728349712,38.95092306181382,38.96939997695184,2134100
2016-07-11,39.35127258300781,39.57916550954257,39.32047694010112,39.382068225914495,2115400
2016-07-12,39.800907135009766,39.837860975251495,39.52989977559714,39.56685361583887,2138000
2016-07-13,40.0164680480957,40.12117369944279,39.677708941839015,39.91176239674861,1508700
2016-07-14,40.17662048339844,40.43530676530929,40.1581388640205,40.312119465031486,1132000
2016-07-15,40.422969818115234,40.5030427066428,40.21971907589207,40.28747088967084,1638600
2016-07-18,40.31209945678711,40.6015835948655,40.2936225456949,40.496877965934544,871100
2016-07-19,40.40449905395508,40.41682013057891,40.2197251966226,40.31827031404381,963100
2016-07-20,40.60775375366211,40.67550557646254,40.43529627712056,40.546162469056384,1264100
2016-07-21,40.49689865112305,40.68167725465253,40.44762373029984,40.601604333536045,1980000
2016-07-22,40.68782806396485,40.76790097517952,40.46609564679491,40.650874227474695,2047900
2016-07-25,40.52768707275391,40.74941946493711,40.40449979981103,40.72478201034853,791300
2016-07-26,40.811012268066406,40.94035538512631,40.49689058428425,40.52152803978816,1296300
2016-07-27,40.84181594848633,41.08202532683789,40.64472095345132,40.77406410340098,1307800
2016-07-28,40.89723205566406,40.95882333137735,40.410652989036834,40.82948024264552,1211900
2016-07-29,40.84181594848633,40.9650032573303,40.58929018880804,40.58929018880804,1457100
2016-08-02,40.44762420654297,40.515376048693845,40.14582353639873,40.42914728579549,1750300
2016-08-03,40.41681671142578,40.76789217968273,40.37985818379476,40.50304544404233,1441400
2016-08-04,40.34906005859375,40.58310877635105,40.09036919262599,40.45992622997625,987900
2016-08-05,40.8664436340332,40.878764711527786,40.44761628238782,40.49689119413768,1289700
2016-08-08,41.06354522705078,41.186732526360295,40.80485894717328,40.817175327546735,1305800
2016-08-09,41.2052001953125,41.3468596838201,41.094334000382496,41.15592528665162,1213900
2016-08-10,41.08818817138672,41.31608118119236,41.0450737856522,41.266806254891314,1077900
2016-08-11,41.21752548217773,41.34071278045712,41.174411102558686,41.236002402140905,1343800
2016-08-12,41.14360809326172,41.19287830183175,40.958829539004135,41.13744755502277,1041200
2016-08-15,41.14360809326172,41.26679066335755,41.02042082405205,41.22367629391263,717000
2016-08-16,40.95883941650391,41.100503635479846,40.86028957737022,41.0573892556376,900100
2016-08-17,41.10049057006836,41.16823768904297,40.909551492223095,40.94034948194076,1230600
2016-08-18,40.95883941650391,41.100503635479846,40.81101935691834,41.063545096247225,688900
2016-08-19,40.90956115722656,41.01426682842209,40.63239798074086,40.94651969344202,894800
2016-08-22,41.05122375488281,41.11281504734059,40.65087330523564,40.7740558901512,1283700
2016-08-23,41.48235702514648,41.630177029537215,41.21135446694902,41.217510305260106,1914300
2016-08-24,42.2461051940918,42.32001755633644,41.72873275572099,41.88271331939524,3277000
2016-08-25,42.41856384277344,42.41856384277344,42.085965289020805,42.16603348378749,1987200
2016-08-26,42.45551681518555,42.84354610384926,42.35081117049884,42.37544862203337,3780800
2016-08-29,42.41240692138672,42.55406640875391,42.338494558990426,42.455521291339416,1520600
2016-08-30,43.07144546508789,43.268540407806576,42.83739668908261,42.85587360572591,3034100
2016-08-31,42.99754333496094,43.219275785692105,42.69574266001055,43.102253719389424,2129600
2016-09-01,43.16383743286133,43.28085947858746,42.83739935421608,42.84355519407077,1897400
2016-09-02,43.41635894775391,43.607298044437904,43.16383326378517,43.23158508855789,1576200
2016-09-06,43.49644470214844,43.49644470214844,43.12688747632715,43.471807240486,1791000
2016-09-07,43.54570388793945,43.59497879877362,43.2931781933641,43.52722697115517,1433300
2016-09-08,43.31165313720703,43.545701904336674,43.19462640408525,43.42251933197664,1273100
2016-09-09,42.966739654541016,43.25622387857861,42.825075462247305,43.17615097458535,1677400
2016-09-12,42.87434387207031,43.02832441903247,42.57254331577624,42.8065920554779,1475900
2016-09-13,42.27690124511719,42.62797672620853,42.049008329663145,42.50479416057123,1825000
2016-09-14,42.42473602294922,42.69574340056909,42.13525642308242,42.221485188849606,1275000
2016-09-15,43.15151596069336,43.20079087376703,42.51711672699153,42.51711672699153,1490700
2016-09-16,43.0529670715332,43.19462656034833,42.84355105882684,43.15151218995496,4076200
2016-09-19,43.11456298828125,43.54570673851829,42.99753624216786,43.16999374226268,1571900
2016-09-20,43.37941360473633,43.5457105804671,43.21311662900556,43.385574144315946,1459500
2016-09-21,43.56419372558594,43.66889940653374,43.317823824032544,43.576510106061846,1196100
2016-09-22,43.792083740234375,43.890633584400526,43.6689011341419,43.69353859518344,1209700
2016-09-23,43.40403747558594,43.71815910819736,43.33628565876556,43.63808621607507,1458200
2016-09-26,43.37941360473633,43.4348443636083,43.08992933298753,43.26238684829792,1080300
2016-09-27,43.16999816894531,43.37325368594807,43.00986173050216,43.36709784539521,1556200
2016-09-28,43.588809967041016,43.69352030742022,43.29316995651204,43.299330493972754,2095500
2016-09-29,43.50259017944336,43.785913872391184,43.30549523221382,43.71200620412649,2268400
2016-09-30,43.27227783203125,43.65196881539487,43.266056815093926,43.50880944395029,2028800
2016-10-03,43.21627426147461,43.35321266058127,42.97974732138912,43.297190247824254,1311800
2016-10-04,43.27227783203125,43.583499638141234,42.985954340274205,43.21003442058283,2281300
2016-10-05,43.44657897949219,43.571065839485854,43.3034148165171,43.3034148165171,1526200
2016-10-06,43.39677047729492,43.658195661165855,43.32207553238837,43.42788980935498,1278600
2016-10-07,43.27227783203125,43.40299516960118,43.04820250059051,43.33452599234756,1211100
2016-10-11,43.49013137817383,43.59594563909916,43.29094963748666,43.29094963748666,1158600
2016-10-12,43.56483840942383,43.75779920858087,43.4216790007809,43.48392242840257,1049200
2016-10-13,43.72043228149414,43.72043228149414,43.04197111225762,43.38431220493822,1537100
2016-10-14,43.6955451965332,44.00054602422392,43.57105835791513,43.87605443673736,1443700
2016-10-17,43.64574432373047,43.7640053714071,43.55860260486664,43.68931518316239,742300
2016-10-18,44.05656433105469,44.15615760252261,43.76401503220335,43.820037434621206,1567600
2016-10-19,44.112579345703125,44.28063702707403,43.969415229161584,44.10012781442068,1069000
2016-10-20,44.18105316162109,44.29931422801906,44.04411479633772,44.12503076270141,1507800
2016-10-21,44.3491096496582,44.44247714606269,44.10635700832742,44.13125532395983,1088400
2016-10-24,44.68522644042969,44.75992138173218,44.355332093528936,44.42380126917261,1370200
2016-10-25,44.69767761230469,44.79104511088479,44.5296199139551,44.64788572874778,1068000
2016-10-26,44.66654968261719,44.89685075274268,44.49226625153823,44.55450965565681,1682300
2016-10-27,44.95911407470703,45.12717179741577,44.67278577119463,44.76615328330789,1596300
2016-10-28,44.87196350097656,45.06492427483101,44.72257834449933,44.9404326870429,1430200
2016-10-31,44.86574935913086,45.06493118124891,44.73503673357239,44.84707680531811,1545100
2016-11-01,44.83460998535156,45.16450432056176,44.51094141557955,44.965322566348,1769200
2016-11-02,44.386451721191406,44.78481524640231,44.19972148998694,44.598085015197846,1473900
2016-11-03,44.57941818237305,44.7412501203914,44.3117672093508,44.4113557289876,1048300
2016-11-04,44.18105316162109,44.57941672488092,44.03166326374746,44.57941672488092,1333100
2016-11-07,44.67277145385742,44.90307727674275,44.53583786202909,44.61052804868683,1350100
2016-11-08,44.9466552734375,45.02135022082531,44.53584493497498,44.64788498162261,1210000
2016-11-09,44.58564758300781,44.84707758755394,44.255753129577165,44.5047315987848,3262200
2016-11-10,44.64166641235352,44.87196756007458,44.17483360087275,44.76615326253416,2451600
2016-11-11,44.212188720703125,44.64167652418723,43.92586510133706,44.473614014619535,1970300
2016-11-14,43.49636459350586,44.33666739817006,43.27228447877789,44.33044163140856,3198000
2016-11-15,43.82627487182617,43.85116844745352,43.073113615178826,43.57107060738256,2591800
2016-11-16,43.95074462890625,44.02543957330795,43.502584460232,43.66442113200169,1868200
2016-11-17,44.58564758300781,44.70391342437703,43.85116371072344,43.90096035433883,2665200
2016-11-18,44.81595230102539,44.88442149695038,44.4798320889034,44.54207551732543,1258800
2016-11-21,45.20187377929688,45.30768809332538,44.89065185648151,44.9155501801711,2011400
2016-11-22,45.22676849365234,45.44462287246324,45.0773785634369,45.36370213971255,1326500
2016-11-23,45.20808792114258,45.41972126587386,44.98400779089484,45.15829603020782,1206100
2016-11-24,45.20187377929688,45.38860408366429,45.10850625267833,45.15830290005752,585100
2016-11-25,45.37615966796875,45.450849894071744,45.046265172360734,45.36993389950353,1183200
2016-11-28,45.13961791992188,45.51930898110205,44.96533443260026,45.43839300452241,1755400
2016-11-29,45.87409973144531,46.25379077614321,45.594001960247226,45.594001960247226,2969800
2016-11-30,46.14797592163086,46.34715771733154,45.76828488156573,46.22267087584434,3236200
2016-12-01,46.11684036254883,46.45296044957695,46.03592441060161,46.19153529817755,2198500
2016-12-02,46.2911376953125,46.40317774646704,45.8803225914564,45.97991585864637,1466800
2016-12-05,46.24134063720703,46.47164650381829,46.16664568750028,46.372053237542616,1368500
2016-12-06,46.48408508300781,46.57122680118395,46.27245180396044,46.39694336483168,1437800
2016-12-07,47.05673599243164,47.2123468950183,46.459190696363024,46.4965357933461,2231600
2016-12-08,47.41154098510742,47.68541776449253,46.90736304930223,46.99450479749401,2922100
2016-12-09,47.84724426269531,48.05264705452504,47.44265494737575,47.54224346025257,1642400
2016-12-12,47.63561630249024,47.92816560561622,47.62316951780915,47.74143059331962,1585800
2016-12-13,47.98418045043945,48.16468968539212,47.69163591331101,47.69163591331101,1799600
2016-12-14,47.672969818115234,47.97174494074008,47.41777032173542,47.87837741811547,2966200
2016-12-15,47.598262786865234,47.85346219310573,47.51112106289357,47.666731962681226,2363900
2016-12-16,47.33062362670898,47.77878388943344,47.21858356102787,47.74765980218408,11011600
2016-12-19,47.33062362670898,47.62317295092461,47.29327852110494,47.43021215794277,2250900
2016-12-20,47.23725509643555,47.60449937281855,47.23725509643555,47.46133522297154,2068400
2016-12-21,47.19368362426758,47.30572368611048,47.025625905937616,47.24348026261305,1197200
2016-12-22,47.39286804199219,47.50490811001291,47.06919937263736,47.24970863494125,1367200
2016-12-23,47.33062362670898,47.49868135079617,47.25592866663192,47.46756201241578,1056300
2016-12-28,47.44266128540039,47.63561731972369,47.34306801035047,47.48000638910975,2165500
2016-12-29,47.38610076904297,47.580948569395886,47.266675448606144,47.42381200900102,1184900
2016-12-30,46.99011993408203,47.45524282568028,46.90212384095337,47.39867596385218,1142600
2017-01-03,47.61865997314453,47.63122878676562,47.17867476957777,47.20381719224674,1772000
2017-01-04,48.02091217041016,48.08376580715147,47.417508625928285,47.61235633845392,1902300
2017-01-05,48.12778854370117,48.28492511394904,47.83237102436676,47.94550954676233,1933500
2017-01-06,48.14035034179688,48.20949080626137,47.97064498065566,48.17806637404915,1181900
2017-01-09,47.989479064941406,48.0774751083325,47.77577575825583,48.020908278477386,1230500
2017-01-10,48.37290191650391,48.42947355285232,48.09005812103878,48.09005812103878,1849100
2017-01-11,48.825477600097656,48.900904883725005,48.29749620556177,48.44835077281648,2583300
2017-01-12,48.52376174926758,48.712327515886834,48.40434123947359,48.712327515886834,2434000
2017-01-13,48.794036865234375,48.88203294434431,48.52376182356051,48.59290228506499,1818600
2017-01-16,48.63060760498047,48.7060300587908,48.47347109897482,48.68088764237882,596300
2017-01-17,48.20949172973633,48.56776287272117,48.096353221666014,48.49234039762559,1433300
2017-01-18,48.07120132446289,48.335189499790886,47.93292043393141,48.15291058003808,1507100
2017-01-19,48.23463439941406,48.28491924668571,48.00835738211861,48.096353467130506,1083400
2017-01-20,48.64318084716797,48.71232129974362,47.95806792036962,48.27234096101313,1815800
2017-01-23,48.71232223510742,48.75632026982531,48.4231916076147,48.58661493460663,1072100
2017-01-24,48.9763069152832,49.14601703370252,48.498615371451,48.71231872599292,1304100
2017-01-25,49.1837272644043,49.435146637620576,49.108300013811714,49.139729233748376,1772900
2017-01-26,49.4100341796875,49.548315158572045,49.089474164585006,49.21518632512941,997500
2017-01-27,49.47286605834961,49.63000259320477,49.2151646348089,49.428868020407215,1137900
2017-01-30,49.1837272644043,49.391148606964656,48.850598632948646,49.246580908851946,1832200
2017-01-31,48.8757438659668,49.22772813149504,48.69346492976798,49.02659358041805,2182700
2017-02-01,48.957462310791016,49.1774525180049,48.787756949633696,49.15231009497661,1395400
2017-02-02,48.85689163208008,49.14602226954752,48.775177568052,48.95116971299511,1356600
2017-02-03,49.278018951416016,49.43515548838136,48.970032681683385,49.026599533186165,1333400
2017-02-06,49.171165466308594,49.35972642654346,49.01402893506636,49.265443548712845,1289600
2017-02-07,49.69285202026367,49.74942366162026,49.18373122518468,49.21516044765235,1297700
2017-02-08,49.96313095092773,50.0008469799347,49.34087161971695,49.67400030414872,1356100
2017-02-09,50.17683410644531,50.283685787842245,49.87512988173084,50.0071239814728,1011000
2017-02-10,50.45968627929688,50.58539839184581,50.19569803608423,50.2711253036136,1071000
2017-02-13,50.604248046875,50.89966548227079,50.54767640403745,50.65452809054303,2113400
2017-02-14,50.72367858886719,50.89967556054484,50.44083470495419,50.56654203215394,3642900
2017-02-15,51.23908996582031,51.25166357669538,50.78025387285759,50.83682073551293,1443100
2017-02-16,51.53448867797852,51.64762715743704,51.13221959444285,51.14479320073031,1924000
2017-02-17,51.42763900756836,51.56591990956965,51.17621962169567,51.53449068805083,1492200
2017-02-21,51.47163009643555,51.729336250930224,51.31449360089253,51.69790703365151,2086200
2017-02-22,51.33964920043945,51.59106861696169,51.23279750693112,51.320793583399926,3075400
2017-02-23,51.33964920043945,51.6664910851198,51.28307755389436,51.46535651098731,1589600
2017-02-24,50.5036735534668,51.03793673048207,50.32768142884301,50.97508308532011,2237000
2017-02-27,49.812278747558594,50.57281895803232,49.812278747558594,50.50367850295051,4733800
2017-02-28,48.42318344116211,49.4979965040855,48.410609835976864,49.4979965040855,4190900
2017-03-01,49.49800109863281,49.56085474411736,48.75002976971723,49.05802078481527,2718600
2017-03-02,49.45400619506836,49.91912895558249,49.35343651959176,49.59857390470946,3574900
2017-03-03,50.2585334777832,50.377958742560764,49.37856819060255,49.43513981960114,3270400
2017-03-06,50.409400939941406,50.61682232704303,50.03227419684636,50.25226439736625,2091600
2017-03-07,50.27739715576172,50.58538817271701,50.20197469889576,50.45338928235,2344200
2017-03-08,49.94426727294922,50.46596163193309,49.83112879504218,50.46596163193309,1429800
2017-03-09,49.71171188354492,50.04484536572056,49.57343576097897,49.90027764361215,1502700
2017-03-10,49.63628768920898,49.98827198063543,49.13344887680581,49.74942618222839,2407600
2017-03-13,50.09513473510742,50.19570443797309,49.44773285804861,49.57344498663071,2571100
2017-03-14,49.67399978637695,50.16426499951925,49.57343489940165,49.74942704817823,2150300
2017-03-15,49.16487503051758,49.76827869046302,48.90716883651248,49.65514020450912,2157400
2017-03-16,49.30942535400391,49.67398313738337,49.11457765393979,49.120864455839374,1546800
2017-03-17,48.89460754394531,49.55457815064502,48.89460754394531,49.215167436014745,10951200
2017-03-20,48.5803337097168,48.90089359685955,48.37291232418757,48.80661071294384,1589600
2017-03-21,47.93920135498047,48.89459396131488,47.687786791084974,48.6808858274932,2210200
2017-03-22,48.335182189941406,48.41060463124278,47.480359355410606,47.70663627016434,2180600
2017-03-23,48.66831970214844,48.938594689128095,48.24719500942511,48.39804471516878,1411400
2017-03-24,48.88832092285156,48.99517262213325,48.49233855734642,48.932318963463246,1874300
2017-03-27,49.25286483764648,49.39114572461698,48.404328698557535,48.58660761361634,2059500
2017-03-28,49.66142272949219,49.89398168944279,49.27172246801938,49.28429607394544,2534700
2017-03-29,49.88141632080078,50.12026210019496,49.636283738009766,49.69913738570024,2082300
2017-03-30,49.90026473999024,50.17053970196921,49.71798583117416,50.03225881973459,2062300
2017-03-31,49.373531341552734,49.786031248506966,49.37353134155273,49.570262364363245,5581400
2017-04-03,49.54487991333008,49.71622551740358,48.85948781348448,49.59565077445401,1957900
2017-04-04,49.53854751586914,49.72258831247195,49.0562387128176,49.26566010597909,2081000
2017-04-05,49.57661437988281,50.0398851864721,49.57026681161042,49.73526969426084,3547400
2017-04-06,49.96373748779297,50.17315883875485,49.65276956217215,49.805082161496095,2139500
2017-04-07,49.57027816772461,49.95739761083471,49.41797038672661,49.95739761083471,2079000
2017-04-10,49.29739761352539,49.58297534775835,49.20220342152182,49.430667545619286,2070100
2017-04-11,49.17680358886719,49.32276861945847,48.56122014808119,49.19584145334076,4351600
2017-04-12,48.72624588012695,49.13875089023348,48.51681958921122,49.13875089023348,1297000
2017-04-13,48.22486114501953,48.65640373243297,48.155052429278,48.55486686339319,1490100
2017-04-17,48.95467758178711,48.98641057759055,48.23755738931787,48.23755738931787,1267900
2017-04-18,48.61833953857422,48.92295505968943,48.21218228256966,48.87853176111944,1670500
2017-04-19,48.45331954956055,48.87851452043578,48.408896266659774,48.76428252986597,2957600
2017-04-20,48.738914489746094,48.91660766707822,48.48506501851051,48.48506501851051,2819900
2017-04-21,48.75796127319336,49.024501087955805,48.61834379638156,48.732575837247865,2329900
2017-04-24,49.48143005371094,49.79874074550924,49.18315722873623,49.18315722873623,3135400
2017-04-25,49.76065826416016,50.097006777172126,49.65911653250116,49.69719226098516,4262500
2017-04-26,49.12602615356445,49.93199289365851,49.05621743885845,49.7733376041949,4341500
2017-04-27,47.7933349609375,49.18315734362932,47.31102619435678,49.17046704630958,7755800
2017-04-28,48.155067443847656,48.52949656700468,47.60929268248439,47.79333345938844,4073800
2017-05-01,48.066219329833984,48.43430087207701,47.95198729402672,48.31372126712028,3146400
2017-05-02,48.07892227172852,48.19949705447888,47.81237758373148,47.99007565632197,3952000
2017-05-03,47.95833206176758,48.186796120036746,47.7552534368368,47.920256332648165,3934400
2017-05-04,47.69814300537109,48.3200692171759,47.62198670030704,48.22487504629,4126900
2017-05-05,48.688133239746094,48.84678852019793,47.82504812674606,47.94562768925744,3208000
2017-05-08,48.688133239746094,48.92928752299392,48.383512970897584,48.86582637916817,3738500
2017-05-09,48.174102783203125,48.84045220961041,47.869482444148346,48.68814446097104,3714900
2017-05-10,48.54851531982422,48.59293860422365,48.02177863210604,48.16139605215422,3269000
2017-05-11,48.09794998168945,48.39622277403191,47.93294708430879,47.97102281379033,3281100
2017-05-12,47.78698348999024,48.14871741963088,47.33005540164921,47.92025337546036,2873600
2017-05-15,48.05989456176758,48.14874119595434,47.72354105602806,47.74258377059245,3052100
2017-05-16,48.00910949707031,48.51680370797202,47.901225021953614,48.19949301049208,3025400
2017-05-17,47.07620620727539,47.7235177751128,46.98101204800563,47.5965954572705,3702100
2017-05-18,47.22851943969727,47.44429321520916,46.52408935781183,47.076211672250224,3720800
2017-05-19,47.90121078491211,48.04082338321541,47.31101286934504,47.444282741663336,2562400
2017-05-23,48.3390998840332,48.63102508063841,48.11698341289619,48.37718045178236,2570200
2017-05-24,48.00275039672852,48.54217748451375,47.86948051681281,48.54217748451375,1777000
2017-05-25,48.01545333862305,48.40256790505675,47.799679563366105,48.25660770694397,2207200
2017-05-26,48.174102783203125,48.186793078183065,47.73621255886689,48.04082805614564,1215800
2017-05-29,48.307376861572266,48.43429918949262,48.07256522896552,48.231220559754185,756100
2017-05-30,48.612003326416016,48.77065869291331,48.3835392113177,48.50411883922446,2132300
2017-05-31,48.3708381652832,48.86584202408975,48.05352750278912,48.85949445514246,4952100
2017-06-01,48.67546081542969,48.70719382303504,48.23122775961776,48.59296177414381,4333900
2017-06-02,48.66277313232422,48.700848870074886,48.40892358317242,48.55488864751237,1287400
2017-06-05,48.70085144042969,48.84046894192085,48.15507657557028,48.580276650596346,1617900
2017-06-06,48.59297180175781,48.75797476015665,48.38989309979701,48.42796884335898,3411300
2017-06-07,48.63737487792969,48.89757192874061,48.44698655578627,48.738916607546486,2961400
2017-06-08,49.40526580810547,49.4179609451331,48.55487561474687,48.62468434307047,3387200
2017-06-09,49.86219787597656,50.03989107430367,49.29103770865623,49.34180857725726,3088100
2017-06-12,49.39258575439453,50.281056701284136,49.227582831254864,49.728934328726695,2572900
2017-06-13,49.29739761352539,49.57663261892845,48.96104899798682,49.55124717827565,2663100
2017-06-14,49.03084945678711,49.2402708336424,48.8848844081649,49.208542669525855,2782700
2017-06-15,49.233917236328125,49.31641625494981,48.592948424649386,48.86583575304522,2605600
2017-06-16,49.44969177246094,49.57027137184932,48.86584132386448,49.12603838743383,9663400
2017-06-19,49.86219787597656,50.173160973048994,49.500463910303104,49.64642894708695,4700800
2017-06-20,50.03990173339844,50.16048136156666,49.72259099971579,49.78605217809681,3189000
2017-06-21,50.12873840332031,50.484129646925375,49.87488889839572,50.14777626887875,3201000
2017-06-22,50.57297897338867,50.75701975333483,50.00816633641939,50.03989450013482,2930800
2017-06-23,50.420658111572266,50.769701747798806,50.2112367716124,50.61739399825271,2052200
2017-06-26,50.37622833251953,50.699886495202485,50.166807019513335,50.58565448730118,2982500
2017-06-27,50.24296188354492,50.4968113452464,50.17315316053262,50.465078346867806,1898500
2017-06-28,50.50950622558594,50.66816154833264,50.2683518780504,50.357198471446445,2272900
2017-06-29,50.22759628295898,50.68252098832736,49.98411690061533,50.618447981232414,2375800
2017-06-30,49.98410034179688,50.3941733175034,49.60606141479699,50.14428525069647,2217300
2017-07-04,49.85595703125,50.39418094865229,49.61888645879071,50.38777218255829,793300
2017-07-05,50.407005310058594,50.599229229913206,49.54841621521132,49.75345278177614,2025400
2017-07-06,50.25960922241211,50.43901550482172,49.99690367427336,50.048164008805976,1647000
2017-07-07,50.1955451965332,50.33010483388663,49.93284446443496,50.31087853679621,1260600
2017-07-10,50.29166412353516,50.3813673019442,49.86236964279808,50.19555217853787,1201400
2017-07-11,50.31087875366211,50.39417804271195,49.99050890582345,50.16992012691608,1710600
2017-07-12,50.374961853027344,50.88114685166977,50.2724411446386,50.355735553862125,1797200
2017-07-13,50.32368469238281,50.560760085014095,50.105830704041,50.42620047807823,1732500
2017-07-14,50.24680709838867,50.413400792463946,50.022549176627365,50.1186611112268,1384600
2017-07-17,50.131473541259766,50.387770402949066,50.04177037293692,50.2339942413179,1333800
2017-07-18,49.971282958984375,50.16350680561321,49.70858224961082,50.13146786835658,1498400
2017-07-19,50.11866760253906,50.342925553346,49.97770406532993,49.984112832054905,1127000
2017-07-20,50.182735443115234,50.35573301924299,50.01614174459712,50.11866244782556,1300100
2017-07-21,49.84314727783203,50.11225680791024,49.57403774775382,50.00974098674275,2672300
2017-07-24,50.07381057739258,50.15710498194966,49.48433120255136,49.7726621239426,1425500
2017-07-25,50.02896499633789,50.52233249377493,49.90722286944988,50.21478012584078,1278400
2017-07-26,49.63810729980469,50.227586673835305,49.55480800690599,50.10584456172562,1719200
2017-07-27,49.74061584472656,49.971282503195056,49.33695163663442,49.78546742340347,2055600
2017-07-28,49.68295669555664,49.7726598620666,49.27929244626184,49.52918053703328,1494700
2017-07-31,49.766258239746094,50.05459407787788,49.68296382701824,49.70859400519373,1467600
2017-08-01,49.830326080322266,49.977698367454686,49.22803406517234,49.93284678240676,1438200
2017-08-02,50.09303283691406,50.13147565683015,49.80470191063093,49.83673596440892,1591700
2017-08-03,49.97769927978516,50.29806914696327,49.82392311230741,50.04177227552954,1202700
2017-08-04,50.12507247924805,50.22117953038059,49.97129142052334,50.16992406592867,992400
2017-08-08,50.04818344116211,50.16351679441404,49.7598525022605,49.7598525022605,1697200
2017-08-09,49.971282958984375,50.14428539864143,49.77906400081103,49.88157980081238,997600
2017-08-10,49.38822555541992,49.84955899916067,49.24085324871399,49.79188987446469,1902600
2017-08-11,49.11270904541016,49.535594792058255,48.89485496077686,49.32415436296269,1742900
2017-08-14,49.62529754638672,49.88159445436484,49.36900552686552,49.47152135698261,1993000
2017-08-15,49.82392120361328,49.95206719019291,49.65091874442913,49.836733846888826,1816900
2017-08-16,49.61246871948242,50.05458061933664,49.58042978326344,49.93924729278577,2122600
2017-08-17,49.5932502746582,49.77265659590518,49.39461765745851,49.61247168215529,2171500
2017-08-18,49.394622802734375,49.47792209517293,49.087070473833,49.46510456320263,2672900
2017-08-21,49.42665863037109,49.46510144694787,49.22803089344998,49.34336423163614,1697300
2017-08-22,49.40103530883789,49.49714725206719,49.29211072112439,49.46510830817192,864900
2017-08-23,49.48432540893555,49.900802271416055,49.17676822546495,49.24084121288844,1297900
2017-08-24,49.65732192993164,49.82391560452862,49.497137020480245,49.714986150875504,958400
2017-08-25,49.74702453613281,49.900800678732246,49.59324839353338,49.72139436429033,831500
2017-08-28,49.46510696411133,49.86236737071839,49.46510696411132,49.86236737071839,1002600
2017-08-29,49.54839706420898,49.54839706420898,48.741063756703134,49.27287882608547,1601000
2017-08-30,49.79829025268555,50.09302992799112,49.58043621274736,49.6445140934948,1512100
2017-08-31,49.779083251953125,50.16352620543153,49.68297129146918,50.02256264851606,2465100
2017-09-01,49.779083251953125,49.952080870058325,49.59967686622703,49.84956503041086,1315300
2017-09-05,49.11270904541016,49.65092815722719,49.02300586010732,49.63170674444186,1648100
2017-09-06,49.04863739013672,49.43308032179674,49.02300720956511,49.22163499842375,1608200
2017-09-07,48.69621276855469,49.13191592044314,48.5936920794254,49.12550715525868,1508400
2017-09-08,48.77951049804688,48.83717961173984,48.57447399422185,48.69621609877466,1389100
2017-09-11,49.099884033203125,49.18318332719546,48.958925398093456,49.12551420916567,1697100
2017-09-12,49.35617065429688,49.45228257208226,49.093469960035705,49.18317311304735,1405700
2017-09-13,49.343353271484375,49.50994203195157,49.247241362935,49.43305641587587,1189800
2017-09-14,49.46510696411133,49.5419974942968,49.31133079219674,49.42025537695056,1277700
2017-09-15,49.33695983886719,49.59325671182528,49.29210825273373,49.40744160114207,9577100
2017-09-18,49.43307876586914,49.50996441670687,49.266485041625806,49.45870894563403,1212500
2017-09-19,49.5419921875,49.708585874161976,49.33054691848164,49.336955684091365,1224100
2017-09-20,49.945648193359375,50.03535134328135,49.61246576342846,49.61887452798147,1829000
2017-09-21,50.829891204833984,50.96444598071301,50.06100048608073,50.16992997094584,2238500
2017-09-22,51.07977294921875,51.150254711825326,50.765811844807104,50.79143713261288,1756400
2017-09-25,51.06055068969727,51.18228791434646,50.8555141714681,51.07977209945997,1356900
2017-09-26,50.778621673583984,51.06054870838047,50.669697096851166,51.01569712452248,2351000
2017-09-27,51.2719841003418,51.34246585217353,50.95161427872681,51.00287462341453,2391200
2017-09-28,51.31044006347656,51.44499482360197,51.14384636064956,51.291218653238126,2029700
2017-09-29,51.387332916259766,51.579556822534,51.36170762464974,51.45141081065584,2219900
2017-10-02,51.73676681518555,51.85324754277795,51.51675040589348,51.60734597878885,1956000
2017-10-03,52.02797317504883,52.04091328436854,51.782066664176526,51.782066664176526,2057600
2017-10-04,52.222110748291016,52.2868261139762,51.95032398593453,51.99562177966061,2293500
2017-10-05,52.41622924804688,52.42916935455503,52.20268046250568,52.22209309081168,1419200
2017-10-06,52.12504196166992,52.3515309059144,51.963263439054046,52.25446280492714,879300
2017-10-10,52.299747467041016,52.40328806533006,52.02148828049855,52.08619868588547,1546000
2017-10-11,52.30622863769531,52.40976431601682,52.215633067755896,52.215633067755896,1286400
2017-10-12,51.9050178527832,52.37741328610475,51.80794975694032,52.29328529906631,1519800
2017-10-13,52.22857284545898,52.40976398419064,51.93737350636715,51.989138876656014,1686500
2017-10-16,52.241512298583984,52.480941304668704,52.18326947474735,52.27386503441525,1159500
2017-10-17,52.23505783081055,52.49390449236557,52.16387487545568,52.26094299067499,1581100
2017-10-18,52.18975067138672,52.49389507386231,52.18975067138672,52.351529188695984,1012300
2017-10-19,52.36447525024414,52.48742851724411,51.93738248328435,51.96326764144693,1409200
2017-10-20,52.383880615234375,52.74626784213256,52.29975756569666,52.51330638808673,1355600
2017-10-23,52.58448791503906,52.74626642393844,52.48094729954108,52.54565771568318,1213800
2017-10-24,53.06982803344727,53.0957131895614,52.71391330823885,52.73332594105227,1460900
2017-10-25,53.22511672973633,53.451605600743314,53.0309805905377,53.09569592832865,2025500
2017-10-26,53.45162963867188,53.65223838928351,53.28985109561471,53.32868130316917,1332900
2017-10-27,53.61986923217773,53.63280934053406,53.28983969257629,53.45161820101586,1872100
2017-10-30,53.6263313293457,53.93694324039384,53.52279073427145,53.56808851034461,1434700
2017-10-31,53.89165115356445,54.26050592255301,53.74281770379228,53.76869791820565,1674500
2017-11-01,53.768699645996094,54.11814179685959,53.73634690839584,54.09225664452659,1844300
2017-11-02,54.13108825683594,54.19579867081631,53.76223346635093,53.83988398829212,1286000
2017-11-03,54.13108825683594,54.18932614829183,53.917539447321424,54.00166249178709,804200
2017-11-06,54.1440315246582,54.32522266921285,54.03402332076266,54.17638920208085,980200
2017-11-07,54.18935012817383,54.21523529263831,53.96286111047253,54.04051660386596,719400
2017-11-08,54.202266693115234,54.26697710172292,53.97577779444448,54.18932164914107,765900
2017-11-09,54.09226608276367,54.124623763097816,53.77518155126223,54.02108807278849,1059100
2017-11-10,53.82695388793945,54.11168568689668,53.5228094548877,54.059915371251904,1042600
2017-11-13,53.83987808227539,54.02754171819419,53.5422062609486,53.5422062609486,798200
2017-11-14,53.80105209350586,53.82693724332392,53.50338027622942,53.581035725683606,1296500
2017-11-15,53.85930252075195,53.93695304408425,53.5357455079655,53.56162572435079,1637400
2017-11-16,54.351104736328125,54.39640251989365,54.0081350983194,54.02754772883489,1257400
2017-11-17,54.73936462402344,54.81054755084196,54.26050170122492,54.38345492701826,1125800
2017-11-20,54.92056655883789,55.13411042510149,54.590537038848005,54.65524745096085,1606700
2017-11-21,54.43523406982422,55.32824965533041,54.41581650173839,55.14705851656871,1929600
2017-11-22,54.35760498046875,54.71351984505808,54.24759672671956,54.532323681300376,1457400
2017-11-23,54.23463821411133,54.51937003511287,54.09874482783952,54.448187079862485,551200
2017-11-24,54.182861328125,54.49994582877317,54.15697617379416,54.35110742564292,900300
2017-11-27,54.02108383178711,54.55818474871055,54.00166626285772,54.318755706554455,1712600
2017-11-28,52.88865280151367,53.39986874314694,52.57803577171187,53.38692862973821,4038700
2017-11-29,52.86920928955078,53.289834356795154,52.7786137288628,53.2574816205996,1735100
2017-11-30,52.74626541137695,53.742821599516994,52.74626541137695,52.992166962831696,2973200
2017-12-01,52.959808349609375,53.08923411420684,52.73331943292394,52.882157827939,1739700
2017-12-04,52.81744766235352,53.27042549785276,52.77214987880359,53.27042549785276,1794400
2017-12-05,52.506832122802734,52.94686986172185,52.332113506610376,52.83686166126413,1713900
2017-12-06,52.94041061401367,53.12807432266323,52.28035630866821,52.28682883299116,1695200
2017-12-07,53.56809997558594,53.626342807052815,53.01158150066783,53.22513032089909,2091600
2017-12-08,54.09873580932617,54.221689063732576,53.600460142727776,53.65223045375032,1518000
2017-12-11,53.86576461791992,54.15049634002891,53.76222895166338,54.15049634002891,1154800
2017-12-12,53.60044860839844,53.98224346158161,53.60044860839844,53.9369456834567,2132400
2017-12-13,53.704010009765625,53.898146258823125,53.58752924774911,53.814023184012825,1571800
2017-12-14,53.34807586669922,53.85929648203422,53.27689293690019,53.65868779937893,1535300
2017-12-15,53.166900634765625,53.65223624453586,53.1280704287634,53.48398518409722,6182900
2017-12-18,53.42573928833008,53.71694359979232,53.2769058079486,53.34161623146615,1296200
2017-12-19,53.30279159545898,53.65223381109501,53.27690643832792,53.581050863256806,1315000
2017-12-20,53.173336029052734,53.47748028363977,53.02450263026725,53.41924241552879,1327200
2017-12-21,53.32866668701172,53.52927044555316,53.15394314362764,53.19276840345167,1164900
2017-12-22,53.25101852416992,53.3545542102448,53.16042294744615,53.3545542102448,887000
2017-12-27,52.87569427490234,53.289846917692,52.791571216460014,53.289846917692,2106800
2017-12-28,52.93392181396485,53.06981514775171,52.58447969690395,52.96627454843552,1284200
2017-12-29,53.00580978393555,53.26064500044973,52.86205556226406,52.96007025751594,1641400
2018-01-02,53.24103546142578,53.41092225803758,52.7901709187422,52.90778753921471,1678500
2018-01-03,53.34558868408203,53.51548049103974,53.26717593043205,53.27371157287818,1270300
2018-01-04,53.51546859741211,53.68536036661196,53.20835827874703,53.39131634470068,1648300
2018-01-05,53.907527923583984,54.00554260776456,53.31944480373447,53.58081563313802,1772600
2018-01-08,53.88139724731445,54.19504327984095,53.77685189329533,53.82912207768761,1369600
2018-01-09,54.1492919921875,54.20156216522736,53.98593586150841,54.13622071000242,1436200
2018-01-10,53.97287368774414,54.37799875488092,53.855257054396965,54.10356160548229,2285600
2018-01-11,53.86832809448242,54.00554666855942,53.73110952040542,53.97287344296448,1141900
2018-01-12,53.65268325805664,53.92712033709554,53.5154647185372,53.75722858020968,2206000
2018-01-15,53.39132308959961,53.757239267732906,53.32598162710924,53.757239267732906,832300
2018-01-16,53.2345085144043,53.52854762099224,52.9992752350401,53.508945678584325,2183300
2018-01-17,53.31945037841797,53.46974024123922,53.05154886456413,53.31291473606023,1894500
2018-01-18,53.35211944580078,53.5808170581485,53.20836523654391,53.43052720704339,1820600
2018-01-19,53.57428741455078,53.75071486756784,53.42400253185362,53.46320641686425,2837500
2018-01-22,53.809513092041016,53.842186315089705,53.54161160693064,53.71803404978539,3064000
2018-01-23,53.62001800537109,54.00554108958129,53.44359556699272,53.74417026752529,2464000
2018-01-24,53.46318817138672,53.64614621931072,53.23449061148172,53.626544283494994,2292700
2018-01-25,53.47626876831055,53.685369433553696,53.16916338301173,53.52201327775817,1910900
2018-01-26,53.39132308959961,53.49587341777143,53.08421273213742,53.48280213413293,1506300
2018-01-29,53.25409698486328,53.37824923568548,53.12341407838026,53.28023456320655,1923700
2018-01-30,53.47626876831055,53.47626876831055,52.99273594302138,52.99927158511879,2677600
2018-01-31,53.39786148071289,53.5154781133449,53.15609257329314,53.28678049023664,1967200
2018-02-01,52.76403045654297,53.39785304418462,52.47652206992609,53.39131740306146,2332800
2018-02-02,52.28050994873047,52.803246700650426,52.20209719258687,52.515743231926585,2242800
2018-02-05,51.0194091796875,51.99301072817367,50.77764021090184,51.81005258324854,3002200
2018-02-06,51.05858612060547,51.27421738554627,49.34008161190968,49.804012373149234,3147300
2018-02-07,50.71228790283203,51.29383544730115,50.71228790283203,51.28729980488169,2167400
2018-02-08,49.80403518676758,50.82991184370734,49.80403518676758,50.82991184370734,3762500
2018-02-09,50.05885696411133,50.18953988469026,49.13752592275811,49.96737792265931,2858400
2018-02-12,50.3267707824707,50.70575832437071,50.00659405891005,50.640416848065385,3963100
2018-02-13,50.22874450683594,50.42476887114852,49.83668580774387,50.32022354056184,3237500
2018-02-14,50.79069519042969,51.05206103626762,49.88243043077724,50.1960764251103,2523700
2018-02-15,50.6142463684082,51.3591496817245,50.53583365665792,51.3591496817245,1880300
2018-02-16,50.45092391967773,50.71229481449918,50.35944485427551,50.699223527878765,1699400
2018-02-20,50.37903594970703,50.69921260966392,50.03925734927603,50.55546338444233,1745000
2018-02-21,50.97365188598633,51.123936744719785,50.52278733931831,50.56852685961551,1874400
2018-02-22,50.83644485473633,51.29384016144505,50.6861549766835,51.29384016144505,2214100
2018-02-23,51.22195816040039,51.23502944519439,50.7907004816535,51.00632682840971,1215700
2018-02-26,51.48332595825195,51.93419053738799,51.36570932827012,51.4506527334437,2145600
2018-02-27,52.19555282592773,52.352378312003,51.79043278331791,52.051803608209504,2731900
2018-02-28,51.9472541809082,52.48959777950465,51.91458095777004,52.28050211302859,3334200
2018-03-01,51.82964706420898,52.13022182832655,51.4833327704482,52.13022182832655,2144300
2018-03-02,51.55520248413086,51.79043574144579,51.280765345674816,51.39184633239739,1354000
2018-03-05,51.62054061889648,51.888447083375134,51.07819703365956,51.28076203870536,1652100
2018-03-06,51.80350875854492,51.97993621702928,51.62708628529533,51.78390681543217,1825700
2018-03-07,51.86884307861328,52.20862666316516,51.542130777824056,51.62054352469774,1535400
2018-03-08,52.300106048583984,52.319707989121326,51.947256163209566,52.10407667274238,2443100
2018-03-09,52.76403045654297,52.85550949133315,52.058330772247096,52.50265964918522,1736600
2018-03-12,52.76403045654297,53.175686113098806,52.652949483616815,52.80976997393806,2173100
2018-03-13,53.1103515625,53.33251852246997,52.7705729584234,52.93392911110591,2451600
2018-03-14,53.502403259277344,53.50893890099702,53.0972832068684,53.39785791793225,1771200
2018-03-15,53.64616775512695,53.88793669278722,53.40440380270161,53.508949164098674,1956500
2018-03-16,53.92713928222656,54.03822028392333,53.63963082114336,53.63963082114336,8487800
2018-03-19,53.79645538330078,53.95327591145842,53.33252445629319,53.73764456946998,2138800
2018-03-20,53.522010803222656,53.8683250398602,53.522010803222656,53.7637747120724,1818400
2018-03-21,53.29328536987305,53.68534394583551,53.29328536987305,53.50238095061148,2200500
2018-03-22,52.6660270690918,53.05808087154468,52.42426313328372,53.00581068705631,1929000
2018-03-23,51.796966552734375,52.8620518557652,51.64668168442217,52.63335423970262,1870100
2018-03-26,51.74469375610352,52.27396606725968,51.56173567250553,52.27396606725968,1353700
2018-03-27,51.37223434448242,51.803491908392,51.09779227446744,51.7577523942617,1913400
2018-03-28,51.274227142333984,51.6532145918795,50.92791291559662,51.35263490069935,1557600
2018-03-29,51.85578155517578,52.03220402034467,51.2873003047702,51.58134439369773,2101900
2018-04-02,51.33419036865234,51.81617276472417,50.905028927245496,51.78976228739168,1318700
2018-04-03,51.19552230834961,51.56525879487403,50.82578582182519,51.47942854972568,1449900
2018-04-04,50.76637649536133,50.85881064519136,50.42964921396145,50.76637649536133,2070700
2018-04-05,51.31437301635742,51.48603856440204,50.918226013954985,51.14270746831281,1784700
2018-04-06,50.86541748046875,51.25496070064161,50.647534812939696,50.83900700222732,1434700
2018-04-09,51.10308456420898,51.38699078545998,50.95122563956156,51.09648068819436,1921900
2018-04-10,51.23514938354492,51.59168325104908,51.08989428523399,51.53886229942997,1249300
2018-04-11,50.94463348388672,51.34078046294656,50.79937841619895,51.04366645069008,1328200
2018-04-12,50.73994827270508,51.16910955383876,50.7003350901419,50.94462813627192,1517300
2018-04-13,50.48906707763672,51.08329012830634,50.38342518539204,51.07668625072037,1512100
2018-04-16,50.48906707763672,50.67393535178223,50.27778833043004,50.67393535178223,1155400
2018-04-17,50.4428596496582,50.8059923897646,50.34382161607149,50.766379191243374,984700
2018-04-18,50.706939697265625,51.01065252161842,50.50886370703127,50.50886370703127,1506800
2018-04-19,50.43624877929688,50.77957990983346,50.22497002099856,50.66073529346048,1322300
2018-04-20,50.74656677246094,50.8852179886686,50.43624998687484,50.442853864965606,1389900
2018-04-23,51.1426887512207,51.22192013761723,50.83897599262157,50.97102326600186,1218600
2018-04-24,51.182315826416016,51.571863952062486,51.05687239381966,51.4266088895259,1341800
2018-04-25,51.27476119995117,51.49924266031847,51.05027470230132,51.22853909510578,1280300
2018-04-26,51.90858459472656,52.1792830557312,51.22192759121239,51.400191939944094,1965700
2018-04-27,52.29814147949219,52.37076902083152,51.9019944595484,51.9019944595484,893500
2018-04-30,52.106666564941406,52.641469798920525,52.08025609337482,52.29813870583734,1919800
2018-05-01,52.06705093383789,52.15288118444131,51.81615902164794,52.00762611628002,892500
2018-05-02,52.212310791015625,52.3575658725,52.067055709531246,52.15288596800719,1087700
2018-05-03,51.994422912597656,52.32454623267764,51.61147865235717,52.15948457263765,1381500
2018-05-04,52.119873046875,52.364161087657486,51.73032489738159,51.9878206922661,1173200
2018-05-07,52.39059448242188,52.44341544737759,52.06047100737538,52.09348536979382,1313300
2018-05-08,52.52262878417969,52.60845904467374,52.17269378997455,52.46980783743747,1746900
2018-05-09,52.81974029541016,52.81974029541016,52.205710612984696,52.77352322414299,3869300
2018-05-10,52.786720275878906,53.0244094846737,52.67447954874871,52.879154408489946,2958500
2018-05-11,52.83294296264648,53.01781628481814,52.79332976939404,52.85275459655567,2018400
2018-05-14,53.13666534423828,53.24230221417066,52.88576833324251,52.98480636193645,2518200
2018-05-15,53.12345123291016,53.33472998478651,52.97819614650464,53.136658988374,2167800
2018-05-16,53.3347282409668,53.3413321184828,53.00460488712344,53.04421807765421,1729800
2018-05-17,53.17627334594727,53.3347311540076,53.06403260845798,53.3347311540076,1712400
2018-05-18,53.02441787719727,53.189479574025576,52.62827081226595,53.103649305096816,1774100
2018-05-22,53.057430267333984,53.30172338301832,53.0112131954243,53.143260533085375,1496300
2018-05-23,53.01121139526367,53.04422070991649,52.64147483254178,52.72070121753483,1438600
2018-05-24,52.964988708496094,53.24229110113227,52.5424312423984,53.12344649896214,1636200
2018-05-25,52.83954620361328,53.34133514032114,52.83294232572317,52.8461500815034,1359300
2018-05-28,52.78011703491211,53.08382987920699,52.68768291000853,53.00459847045449,548600
2018-05-29,50.812599182128906,52.324565138881056,50.62112698282486,52.20572049921937,4399900
2018-05-30,51.386993408203125,51.386993408203125,50.964435992767015,51.22853059945328,1992500
2018-05-31,51.6577033996582,51.66430727748111,51.05688148712826,51.4002075746764,2312400
2018-06-01,50.812599182128906,51.17573698034071,50.67394794207093,50.67394794207093,3968500
2018-06-04,50.77956771850586,51.096483261225714,50.733345621357415,50.93802548986579,2126500
2018-06-05,50.42304611206055,50.82579703255228,50.376829041050826,50.82579703255228,2756300
2018-06-06,50.482452392578125,50.58149038603442,50.06649886479962,50.56168379479948,2564800
2018-06-07,50.29759979248047,50.64092590092905,50.2447788412474,50.56169951136261,1905400
2018-06-08,50.41643905639648,50.43624565168327,50.17214596086679,50.33060879772625,1601200
2018-06-11,50.0863151550293,50.40983462817181,49.98067326494374,50.376825315482,2930200
2018-06-12,49.99386978149414,50.24476165812434,49.88162907647126,50.23815778215786,2563500
2018-06-13,50.26458740234375,50.27779515930958,49.82882713085489,50.04010590675808,2465400
2018-06-14,50.1655502319336,50.45605537629472,50.08631880858987,50.44285265771223,2192700
2018-06-15,50.1655502319336,50.33061191927082,49.98728078873095,50.11933316097049,6779000
2018-06-18,50.277793884277344,50.28439776259279,50.02029804009047,50.24477952998334,1878900
2018-06-19,50.119327545166016,50.21176167673511,49.88163833905054,50.13253026226916,2156900
2018-06-20,50.35701370239258,50.48246218759652,50.23157025447121,50.31079663478311,2215400
2018-06-21,50.706939697265625,50.74655288039983,50.357004776214026,50.46925052389707,1913100
2018-06-22,50.83899688720703,51.03707291596636,50.78617594123352,50.83239300963968,1858200
2018-06-25,50.11273193359375,50.83900238883475,50.00049118921572,50.825799669553945,3498700
2018-06-26,49.99386978149414,50.30418646725973,49.86842132453832,50.211752352854845,3001500
2018-06-27,49.92786407470703,50.24477971303784,49.90145359863226,50.18535991983203,2423800
2018-06-28,49.55811309814453,49.88163759106741,49.373244837778486,49.88163759106741,2513300
2018-06-29,49.691627502441406,49.858512328719975,49.397908578456494,49.631546316662345,3045400
2018-07-03,49.51138305664063,49.9052338473964,49.337826525180894,49.81845048874642,2265400
2018-07-04,49.63821029663086,49.71831682597619,49.35116826595934,49.564780584627485,781200
2018-07-05,49.99869155883789,50.07212128482196,49.61819438461152,49.78507919949888,1676900
2018-07-06,50.1322021484375,50.15890433251319,49.83848830944673,49.958640498406005,1284600
2018-07-09,50.192291259765625,50.36584784427588,50.13888688318323,50.35917611689433,1301800
2018-07-10,50.18559646606445,50.37918344215339,50.10548992988011,50.36582980632941,1704100
2018-07-11,50.0454216003418,50.1589020578265,49.905238959992346,50.098825966071296,2407000
2018-07-12,50.37917709350586,50.49933433618056,50.12550897401528,50.132185791085874,2181700
2018-07-13,50.37917709350586,50.42590462716162,50.218969134246,50.399202451798445,1741800
2018-07-16,50.72630310058594,50.77970745964326,50.3458059549125,50.43926103680282,1749600
2018-07-17,50.833133697509766,51.02672076272331,50.64622345328212,50.72632493342415,1589700
2018-07-18,50.72630310058594,50.9666176234239,50.71963137539377,50.87316254153358,1171000
2018-07-19,50.846473693847656,50.95328243996734,50.66624030092235,50.75969540731641,1196500
2018-07-20,50.719635009765625,50.85314082405544,50.63285164684892,50.81309009835257,1323500
2018-07-23,50.80641174316406,50.853139286044296,50.6395269338889,50.67957765838048,980500
2018-07-24,51.01333999633789,51.19357841666687,50.8331066689284,50.8331066689284,1421300
2018-07-25,51.12016296386719,51.18023905878907,50.79974184552115,50.93992449325976,1855800
2018-07-26,51.0200309753418,51.11348607370464,50.953278061214185,51.05340997886606,1089600
2018-07-27,51.12016296386719,51.19359269738564,50.93992449325976,50.93992449325976,1455700
2018-07-30,51.26700973510742,51.47394524582055,51.20692856214319,51.24030755744773,1338200
2018-07-31,51.46060180664063,51.520682991509005,51.23364089094389,51.26701989286195,2297700
2018-08-01,51.43390655517578,51.66086747898549,51.30039563565168,51.50065946847741,1234700
2018-08-02,51.39385986328125,51.4806432496197,50.8665030965449,51.30040474947195,1172600
2018-08-03,51.333778381347656,51.43391030506082,51.206944271782895,51.333778381347656,863300
2018-08-07,50.9799690246582,51.587427030313975,50.83978640796841,51.5674016697754,2156900
2018-08-08,51.14019012451172,51.28037277717252,50.826445814447546,50.87985018486721,1159400
2018-08-09,51.41387939453125,51.43390985343496,51.14019090456772,51.24699455411507,1649600
2018-08-10,50.95327377319336,51.18023468071133,50.82643968198011,51.14686077291658,1487700
2018-08-13,50.8531494140625,51.16021691313457,50.83312404782842,50.89320014653066,1189300
2018-08-14,51.30706405639648,51.34711477923739,50.87316255158004,50.95326909018184,1374600
2018-08-15,50.95327377319336,51.10013322766756,50.80641431871917,50.96662231772717,2208500
2018-08-16,51.14686584472656,51.35380140950367,51.10013829484396,51.11348684070144,2191000
2018-08-17,51.68090057373047,51.80105787281398,51.04006334292561,51.14019527431547,2275100
2018-08-20,51.86113739013672,52.05472442644518,51.72762645496463,51.801056196078925,1584500
2018-08-21,51.73430633544922,52.19491017642882,51.72095778760305,51.93457020359384,1981700
2018-08-22,52.02135848999024,52.06808605581059,51.761018467145,51.821094583375725,1980000
2018-08-23,52.01465225219727,52.24828994916867,51.981278348584105,52.034677612949125,1829600
2018-08-24,51.96124267578125,52.154829631804525,51.914515141080415,52.06805137962277,1036400
2018-08-27,52.26833724975586,52.46859601474086,52.06807339184939,52.19490750805158,1623800
2018-08-28,51.32708740234375,52.05470776054183,51.02001998914118,52.00130340357101,3748000
2018-08-29,50.68625259399414,51.30706426515408,50.63284823470897,51.2803620855115,3421600
2018-08-30,50.55942535400391,50.85982109593285,50.539399989792784,50.79306309133484,4960000
2018-08-31,50.41925430297852,50.71965011396838,50.39922893416357,50.63286672520777,2671700
2018-09-04,50.192291259765625,50.45263122945268,49.91859764947214,50.33915074890636,2575300
2018-09-05,50.03206253051758,50.34580677896467,49.93193572179623,50.08546689044901,2418400
2018-09-06,50.22566604614258,50.4326067357564,49.81179485275844,50.03207899736668,3058300
2018-09-07,50.07212829589844,50.19895730978552,49.878541272372686,50.19895730978552,1804800
2018-09-10,50.00537490844727,50.205633656714845,49.95864226497169,50.13220392114042,1774400
2018-09-11,50.492671966552734,50.52605096853722,49.9052392192386,50.032068222354205,2225700
2018-09-12,50.03874969482422,50.47265129637114,50.03207287522226,50.43260056460165,2733400
2018-09-13,50.14554977416992,50.345808491343966,50.10549395639891,50.29908094804466,1537300
2018-09-14,50.35249328613281,50.432599841444265,50.1255272592109,50.21231063402857,1430000
2018-09-17,50.79972839355469,50.79972839355469,50.27237185289594,50.35247838450015,1801100
2018-09-18,51.14686584472656,51.246992670960026,50.6462113418754,50.86649545250998,1738100
2018-09-19,51.26033782958984,51.460596541848346,50.93991675988808,51.21361028743752,2141700
2018-09-20,51.787689208984375,51.881144283867584,51.40051527422844,51.40051527422844,2955300
2018-09-21,52.068058013916016,52.16151309522535,51.8544456719347,51.86112249000535,7341000
2018-09-24,51.9345588684082,52.234949512140446,51.87447768390939,52.234949512140446,1794000
2018-09-25,51.47394943237305,52.0947611079248,51.47394943237305,52.03467993007396,2402400
2018-09-26,51.787689208984375,52.01465007858086,51.5006471667232,51.5006471667232,2817300
2018-09-27,51.85445022583008,52.14816913169398,51.8210712254654,51.88115240753775,1746000
2018-09-28,51.39385986328125,51.86114052524951,51.34046057890575,51.86114052524951,2634700
2018-10-01,51.42758941650391,52.075580454362814,51.15084050826704,51.9675793731655,1905200
2018-10-02,50.955116271972656,51.35336400815876,50.77962215750988,51.33311508339594,2113400
2018-10-03,50.94158554077149,51.17108007171172,50.82008692151664,51.09008442539119,1917000
2018-10-04,50.6783561706543,50.98885160049641,50.38135830307672,50.88760185929717,3024600
2018-10-05,50.80660629272461,51.056354993551096,50.62436085953186,50.68510762067068,2137700
2018-10-09,50.28011322021485,50.75935654653124,50.219366459732704,50.70536114269475,2575300
2018-10-10,49.83462142944336,50.42861206868764,49.83462142944336,50.1923660843164,2390200
2018-10-11,48.59262847900391,49.544368805994495,48.57913091717328,49.510617176754536,5477600
2018-10-12,48.40364456176758,49.23388645353865,48.23489667033074,49.23388645353865,3933000
2018-10-15,47.991886138916016,48.55888157660032,47.97838857720295,48.55888157660032,2314300
2018-10-16,48.48463439941406,48.48463439941406,47.91763893498864,48.18088517390108,2366800
2018-10-17,48.75463485717773,48.7613810638608,48.22813719866202,48.70063430505672,2132200
2018-10-18,48.2078971862793,48.73438979229727,47.96489980661299,48.73438979229727,2378000
2018-10-19,48.03914642333984,48.518389796347286,47.99189722176944,48.32939299006567,1683900
2018-10-22,47.82315826416016,48.15390273688884,47.74216256050774,48.11340488506263,2012000
2018-10-23,47.76238250732422,47.937876525277936,46.97263882743416,47.36413499014553,4026900
2018-10-24,46.6756591796875,47.721892823474604,46.581160789920304,47.721892823474604,3007200
2018-10-25,47.343894958496094,47.62064389605553,46.78365087741884,47.08740008813839,2831400
2018-10-26,47.24265670776367,47.34390646928719,46.58791408632532,47.006410697393335,2462600
2018-10-29,46.92539978027344,47.84338849465477,46.77690599834396,47.647640371023016,2904400
2018-10-30,47.24265670776367,47.40465838611201,46.776916044398384,46.986161775044,2806900
2018-10-31,47.68814849853516,48.05264451117261,47.68814849853516,47.82314473294477,2399700
2018-11-01,47.74214172363281,47.98513387831477,47.33039657717861,47.98513387831477,2356200
2018-11-02,47.985137939453125,48.25513553945385,47.61389574550602,48.12689067052982,2462000
2018-11-05,47.90413665771485,48.255129891793295,47.85013611407961,47.99863503418886,1663300
2018-11-06,48.03238677978516,48.06613325730889,47.55988974647528,47.79613568824257,1637700
2018-11-07,47.91764450073242,48.18764212706843,47.7691455487588,48.18764212706843,2162200
2018-11-08,48.26188278198242,48.26188278198242,47.82313736310022,47.9513873708686,1645700
2018-11-09,47.78265380859375,48.24164828170761,47.45865558942873,48.05939767412198,2312200
2018-11-12,47.52615737915039,47.77590095611932,47.46540546193037,47.76914959870002,1020700
2018-11-13,47.87038803100586,48.18763480752872,47.5666439661258,47.5666439661258,2152700
2018-11-14,47.985137939453125,48.29563852680828,47.708394133039896,48.09313903936377,1516600
2018-11-15,47.985137939453125,48.07964147676288,47.60039303312925,47.88389334550675,1654700
2018-11-16,47.90413665771485,47.971634762371245,47.62064152829279,47.6881396329492,1289200
2018-11-19,47.76238250732422,47.98512570700003,47.45863335358971,47.971628147839965,1209900
2018-11-20,47.02666091918945,47.47215782229223,46.824166540323866,47.44515754182142,2267100
2018-11-21,47.43840026855469,47.96489279763779,47.1346561632456,47.28990131937201,2183300
2018-11-22,47.28316116333008,47.627403153459895,47.12791083755975,47.45190905449146,1316300
2018-11-23,47.370906829833984,47.370906829833984,46.98616185520963,47.03341105736431,1570400
2018-11-26,47.31014633178711,47.66114475536646,47.31014633178711,47.55314365587255,2675700
2018-11-27,47.35065078735352,47.56664784326365,46.992906146293855,47.24940104088213,3363800
2018-11-28,48.687129974365234,48.7343791684571,47.519397684762254,47.586895797782645,5340600
2018-11-29,49.13937377929688,49.23387215908289,48.58588106207503,48.612876185063485,4196300
2018-11-30,48.801883697509766,49.233877811780296,48.6668823181902,49.17312590364247,5076600
2018-12-03,48.984130859375,49.38912471214292,48.700635677415086,49.3418755151496,2309600
2018-12-04,48.37663269042969,48.82212948897765,48.14038672897655,48.63313271981514,4040700
2018-12-05,48.687129974365234,49.12587543366168,48.48463563530406,48.49138184176295,1738000
2018-12-06,48.214637756347656,48.28213586898013,47.4653968616427,48.09313909369886,3612400
2018-12-07,48.329383850097656,48.57913252532446,48.03913733826273,48.1943876282201,5379500
2018-12-10,48.48463439941406,48.64663089648885,48.28213491573874,48.30913519021384,3626900
2018-12-11,48.24839019775391,49.328375467336535,48.24839019775391,48.7343797067341,4063200
2018-12-12,48.75463485717773,49.07187651389247,48.376636142106754,48.7613810638608,3620600
2018-12-13,48.63313293457031,49.24062108105358,48.49138020729675,48.8288759107989,3553100
2018-12-14,48.59938049316406,48.81537753380932,48.28213371320291,48.28213371320291,3799400
2018-12-17,48.35638046264648,48.73437397510072,48.14713478964866,48.5453772188736,3174700
2018-12-18,48.05939865112305,48.579145053923725,47.85015290831547,48.32264495651874,6186000
2018-12-19,47.20890808105469,48.32939131508093,47.10765832411955,47.99189555848152,3207900
2018-12-20,46.72290802001953,47.25615187238854,46.62165827467271,47.08065265710579,2727600
2018-12-21,45.2851676940918,46.81740095919695,45.2851676940918,46.81740095919695,9202100
2018-12-24,45.11642456054688,45.58892164985448,44.79243155908968,45.055677803939616,2258500
2018-12-27,46.07492446899414,46.101924748864256,45.33918100441972,45.93317686200864,3246800
2018-12-28,46.43941879272461,46.87141295500121,46.17617251101783,46.41916472124386,4278500
2018-12-31,46.50776290893555,46.77430219379941,46.28222806352881,46.49409128631899,2075000
2019-01-02,46.65810775756836,46.8494739481636,46.00884655704146,46.05668680114138,2736800
2019-01-03,46.35739517211914,46.54875612905831,45.96783744858011,46.47357786537577,2023600
2019-01-04,46.85630798339844,46.95198847862087,46.58976871610796,46.82213935750239,1382500
2019-01-07,46.99299240112305,47.122841506412925,46.67177711451993,47.061334858780135,2242300
2019-01-08,47.327884674072266,47.51240987241788,46.876814967144064,47.321048862519774,2238000
2019-01-09,48.16167068481445,48.21634674235234,47.34154546433368,47.48507141891959,2264600
2019-01-10,48.66057968139648,48.66741549274323,47.94297591587734,48.09333248032792,2486700
2019-01-11,48.77676010131836,48.79726231800303,48.373530721136326,48.59222972276532,1958200
2019-01-14,48.71525955200195,49.00230108064855,48.53073434478535,48.6947573305553,2646800
2019-01-15,48.91344833374024,48.98862660947104,48.33252956016244,48.72892315688926,1393400
2019-01-16,49.391845703125,49.56270445501849,48.94078130950773,49.10480425135081,1976500
2019-01-17,49.95909881591797,50.09578894815273,49.26199739120454,49.30300182377727,2105300
2019-01-18,50.12312698364258,50.53319220888362,50.07528673592392,50.30765737784024,2334400
2019-01-21,50.41700744628906,50.4443454773013,49.7882483755965,50.2256464433997,720100
2019-01-22,50.4375,50.4375,49.92492380168372,50.21880103061951,1811900
2019-01-23,50.14362716674805,50.60152735931091,49.90442074854205,50.46483723259389,1898000
2019-01-24,50.22564315795898,50.30082143477588,49.856587584729496,50.02744635673226,1804000
2019-01-25,50.28031921386719,50.47168020422927,50.08212241265048,50.45117798586133,1344500
2019-01-28,50.42384719848633,50.4306830103227,50.05479157227189,50.12313404804567,3508000
2019-01-29,50.79290390014648,51.02527457973337,50.41701245413687,50.41701245413687,2317400
2019-01-30,50.89540481567383,51.06626356410072,50.806554929406914,50.89540481567383,1466700
2019-01-31,51.12094879150391,51.16878904108322,50.76555961103229,50.8133998606116,2633300
2019-02-01,50.451171875,51.07993082837344,50.44433606497336,51.04576220663081,1970800
2019-02-04,50.73139572143555,50.895418704711545,50.4648512040917,50.745062130793286,1940800
2019-02-05,50.94325256347656,50.97059059295672,50.56053057914628,50.75189157131142,1711100
2019-02-06,50.99108505249024,51.24395787605648,50.83389271044739,50.84756433020512,2140100
2019-02-07,51.14143753051758,51.22344638578217,50.7518798254265,51.09359729354832,1779300
2019-02-08,50.90224456787109,51.08676973621738,50.49217936853159,50.88173713654764,1599500
2019-02-11,50.90224456787109,51.13460998091424,50.635700102622174,50.99108924682366,1849500
2019-02-12,50.997928619384766,51.13461355258141,50.92958093859048,50.98425699754752,1519100
2019-02-13,50.9774169921875,51.20295180618125,50.888572314339456,51.120942938689375,1172500
2019-02-14,50.79290390014648,50.9637627002969,50.5332004010287,50.881748599113855,1655000
2019-02-15,51.10043716430664,51.31913617503448,50.84756952908128,50.94325002038748,3252100
2019-02-19,51.18244552612305,51.2234499566138,50.84072803417981,51.09360085532805,1749000
2019-02-20,51.65401840209961,51.77703691031183,51.1277705336714,51.16878017920563,1924200
2019-02-21,51.59934616088867,51.74286689536781,51.42848739876653,51.61301256761237,3297800
2019-02-22,51.517333984375,51.77020683878384,51.46949373777828,51.53784141651286,1218700
2019-02-25,51.5446662902832,51.88638378923368,51.53783569452476,51.65401839276107,2002900
2019-02-26,50.006954193115234,50.45118813248244,49.74725068456373,50.21198684642224,7766800
2019-02-27,49.69939804077149,50.02744394726745,49.6378861744312,50.00694172988591,3222000
2019-02-28,49.98645782470703,50.06847193847418,49.46704553257693,49.54905964634408,4734700
2019-03-01,49.66523361206055,50.35550460846196,49.617393357707776,50.30082854228832,2659100
2019-03-04,49.72673034667969,50.054776215427786,49.59687603261124,49.870251066031365,2566100
2019-03-05,49.50119400024414,49.89075171603442,49.302997237586645,49.76773321556408,4038100
2019-03-06,49.69939804077149,49.86342099401946,49.37818273060558,49.50803705961622,3423900
2019-03-07,49.46020126342773,49.73357113869963,49.24150223469253,49.63789063951524,2652600
2019-03-08,49.37819290161133,49.59005614378808,48.84511428310417,49.20733410264381,2995700
2019-03-11,49.56954574584961,49.78824476388648,49.24149982589226,49.44652722231663,6345500
2019-03-12,49.77457809448242,49.83608474882723,49.45336277282615,49.74040425482696,4523900
2019-03-13,49.72673034667969,50.02743819066627,49.658387891873424,49.87708687577052,4017200
2019-03-14,49.79507064819336,49.86341310004428,49.60370969733283,49.76773262461402,1330700
2019-03-15,49.9522590637207,50.14362523374751,49.89075241971547,50.041108946210464,7927700
2019-03-18,50.36915969848633,50.36915969848633,49.8497528291526,50.02061158690079,1789500
2019-03-19,50.21881484985352,50.5468607870987,50.16413878891393,50.4785183180223,2972000
2019-03-20,49.74039840698242,50.15045836365906,49.706229785539925,50.14362776788772,1997200
2019-03-21,49.5353889465332,49.74041639190684,49.30985406384479,49.5490553572126,6783000
2019-03-22,48.7904167175293,49.33033091006811,48.653731824261385,49.2824906760049,5226800
2019-03-25,48.38037109375,48.824604949193095,48.21634813060959,48.72208864190684,6084100
2019-03-26,48.26418685913086,48.72892291855927,48.13433252637716,48.65374464319616,5831500
2019-03-27,48.373531341552734,48.510221478196165,48.16166814749987,48.16166814749987,5939400
2019-03-28,48.72208404541016,48.79042650575482,48.31885466524428,48.33252628583051,3230200
2019-03-29,48.619571685791016,48.99546306942566,48.57173143825533,48.99546306942566,3674800
2019-04-01,49.22844696044922,49.26995906962205,48.81331003246367,48.9793637479074,1997700
2019-04-02,49.0001220703125,49.24228484961579,48.90325695859119,49.22844923883533,1939400
2019-04-03,49.193843841552734,49.32530587576719,49.04854619893496,49.12465524203262,3038300
2019-04-04,49.332218170166016,49.50519227976863,49.13848273326033,49.2076766001021,4106500
2019-04-05,49.38066864013672,49.47061330943923,49.19385357783166,49.40142469622555,1438200
2019-04-08,49.29070663452149,49.30454752103014,49.04162346488102,49.249194532498585,2181900
2019-04-09,49.15924835205078,49.18691956670203,48.84097131729633,49.062383264517294,1768000
2019-04-10,49.366817474365234,49.42909090842209,49.04162525332271,49.21459938972816,1484300
2019-04-11,49.30456161499024,49.6920220879656,49.30456161499024,49.34607372887958,2388400
2019-04-12,49.664329528808594,49.80271199495437,49.41524636849752,49.59514093511137,1709600
2019-04-15,49.84424209594727,49.94802766334942,49.54672628472949,49.63667096114296,1525400
2019-04-16,50.19017028808594,50.31471186314327,49.823466005625775,49.90649020316325,1745700
2019-04-17,50.40467071533203,50.42542677056871,50.16942838431285,50.31472604972221,2577500
2019-04-18,50.61915969848633,50.702183915215535,50.390832544976334,50.41158859915864,2012300
2019-04-22,50.23168182373047,50.55687400377631,50.134816741855246,50.5084414628387,4008200
2019-04-23,50.61915969848633,50.65375136253939,50.12790844866095,50.28012655100094,3863700
2019-04-24,50.22476959228516,50.56380271302762,50.18325748719503,50.47385278032978,2005100
2019-04-25,50.43926239013672,50.58456004036577,50.072558042594046,50.22477085801111,2775400
2019-04-26,50.792137145996094,50.8059727567633,50.30780630910089,50.40467142072939,4987400
2019-04-29,50.91665649414063,51.200336568387534,50.77135887516693,50.77827931761832,3960100
2019-04-30,51.04812240600586,51.13807232849153,50.86131267555717,50.86131267555717,3167300
2019-05-01,50.97201919555664,51.31105231655942,50.81288594008767,51.07580473711357,2052200
2019-05-02,50.63299179077149,51.096561231145486,50.54304713597938,51.02045218526296,1837600
2019-05-03,50.792137145996094,50.97894692449316,50.57764558845925,50.71602808989474,1600200
2019-05-06,50.82671356201172,50.82671356201172,50.14865798405907,50.37697980510372,2988200
2019-05-07,50.46002960205078,50.49462655064991,50.176349404047,50.42543265345166,2421300
2019-05-08,50.12099838256836,50.41851417320699,50.1140779375527,50.411593728191335,1677800
2019-05-09,49.85806655883789,50.05871720327803,49.71276890846788,49.96185210303135,2037300
2019-05-10,50.04488754272461,50.16250871004061,49.401423426742255,49.78196342901509,3350300
2019-05-13,49.22151184082031,49.66432513581567,49.01394079933773,49.60897215425354,2802700
2019-05-14,49.38066864013672,49.581319313583386,49.18001796669005,49.24228613495653,1643200
2019-05-15,49.193843841552734,49.3391414841705,49.10389919005176,49.15925218116856,1521400
2019-05-16,49.49135971069336,49.595145249643686,49.2146000330764,49.35298251126078,1841300
2019-05-17,49.43600463867188,49.46368113314385,49.20076235378741,49.33913954739573,1310000
2019-05-21,49.67125701904297,49.81655467004702,49.33222916670017,49.40141777021371,1994800
2019-05-22,49.31838607788086,49.53287232282686,49.076223337014106,49.53287232282686,2831700
2019-05-23,48.77870941162109,49.08314559927725,48.48119366788949,48.99319566451409,3368100
2019-05-24,48.847900390625,49.01395410162719,48.80638828256252,48.88249733317859,1860100
2019-05-27,48.8271484375,49.096987720074,48.7648802701765,48.96552566183184,1269200
2019-05-28,48.53654098510742,48.633406073714085,47.52637271910127,48.23210483305712,4837300
2019-05-29,48.3289680480957,48.52961866064557,48.079884893120095,48.259779455880526,3046200
2019-05-30,48.017616271972656,48.33588801603639,47.740856627079935,48.29437591686538,3191800
2019-05-31,47.43642044067383,47.74777702038724,47.29804325774642,47.62323544425211,3267400
2019-06-03,47.88616180419922,48.12140938701764,47.42951280505478,47.46410446690172,3596300
2019-06-04,48.48119735717773,48.52270946637997,47.90692187903536,48.21827853430948,3381400
2019-06-05,48.39815902709961,48.66799824517196,48.10064331502606,48.64032702992224,2463400
2019-06-06,48.4535026550293,48.591885098303074,48.29436944370253,48.30128460680337,1780300
2019-06-07,48.70952224731445,48.88941684340209,48.439682992559085,48.439682992559085,1720800
2019-06-10,48.93092346191406,49.04162416179878,48.77178493731225,48.9447590698678,1858800
2019-06-11,48.965518951416016,49.21460214408023,48.78562964018787,49.00011589213405,1675100
2019-06-12,48.5849838256836,48.99320031721474,48.56422777069083,48.85482309809461,2202400
2019-06-13,48.66108322143555,48.72335137405469,48.45351215520211,48.67491882910041,2045600
2019-06-14,48.84097671508789,49.00011525005273,48.42583982567135,48.571137473029545,1458200
2019-06-17,48.85480880737305,49.096971509373525,48.79945582441551,48.85480880737305,1099500
2019-06-18,49.235347747802734,49.41523700156625,48.9516677050405,48.95858814672381,2533400
2019-06-19,49.30456161499024,49.60899258143386,49.30456161499024,49.31839722670234,2049000
2019-06-20,49.3875732421875,49.581308707999206,49.13849006489559,49.44984667588633,1403400
2019-06-21,49.47753143310547,49.59515259792572,49.31839287930257,49.35990498953264,6322100
2019-06-24,49.60206604003906,49.78195534480878,49.4498479523479,49.47752444817828,4656800
2019-06-25,49.37373733520508,49.62974095441463,49.31146390188312,49.56746752109267,2019100
2019-06-26,49.214603424072266,49.53979567177227,49.06930577103118,49.41525407220104,3584700
2019-06-27,49.11080932617188,49.51902567278967,49.06929195217212,49.24918649616927,4410800
2019-06-28,49.27192306518555,49.38400279990334,49.06878789845738,49.20888222259872,3774000
2019-07-02,49.57313919067383,49.769278760135,49.38401128615729,49.769278760135,1724300
2019-07-03,49.8463134765625,49.90234798818497,49.53809961349229,49.594139469369566,1295100
2019-07-04,49.87435150146485,50.07049108922198,49.762277081289504,49.81831696350583,2285400
2019-07-05,49.72023391723633,49.965401643088185,49.64318043993209,49.8743355275892,2557300
2019-07-08,49.643184661865234,49.7272391211597,49.43303782511696,49.52409860410464,3781000
2019-07-09,49.74126434326172,49.89537134995974,49.46107027147054,49.54513009628511,1437400
2019-07-10,49.58013916015625,49.99342651968639,49.44704580542103,49.72723981021596,1937600
2019-07-11,49.39800643920898,49.69921402365409,49.257912125434494,49.5591197098796,2126800
2019-07-12,48.91468048095703,49.348976088314345,48.83062068069956,49.25090899347522,3075100
2019-07-15,48.6765251159668,48.99874640934705,48.45937726144593,48.90768561260603,1580600
2019-07-16,48.62749099731445,48.84464419359277,48.508410261964535,48.690537197607206,1494400
2019-07-17,48.382320404052734,48.71154799563847,48.33328684855635,48.68352805760386,1637800
2019-07-18,48.59246444702149,48.697532528232514,48.34029036360218,48.38231759608659,1632500
2019-07-19,48.59246444702149,48.89367208309142,48.52941825403845,48.80260595369997,1131400
2019-07-22,48.58545684814453,48.71154388653572,48.41734257837503,48.62748407952284,803700
2019-07-23,48.90766906738281,48.99872983331843,48.68351496763299,48.69752226075566,1226100
2019-07-24,49.23691177368164,49.313965270286936,48.75357717574967,48.83763699320734,1427200
2019-07-25,49.54510498046875,49.86031981128163,49.09679148631122,49.25790473280194,2006900
2019-07-26,49.41202163696289,49.78327639752835,49.384001703905305,49.594148529709344,1139300
2019-07-29,49.594146728515625,49.650181248339926,49.376993591269965,49.46805970646368,2573300
2019-07-30,49.3700065612793,49.45406103688519,49.13183974379606,49.40502747802939,2232100
2019-07-31,49.35598373413086,49.53110431451491,49.11081599044439,49.2298967024841,2637400
2019-08-01,49.08280563354492,49.70623459381813,48.97073121924375,49.32797342506971,2740600
2019-08-02,48.732547760009766,49.047762620844416,48.42433387350106,48.96370817489129,2258100
2019-08-06,48.01105880737305,48.25622655028319,47.55574423096509,48.2001866821163,3727100
2019-08-07,48.326271057128906,48.47337169478966,47.4927007770513,47.64680238965613,2077400
2019-08-08,48.59246444702149,48.91468569933362,48.25623055437693,48.52941825403845,1776900
2019-08-09,48.41734313964844,48.85864510700523,48.34028965172412,48.46637669157697,2457800
2019-08-12,48.2001838684082,48.3893170763667,47.99004239143347,48.193182893488014,1303600
2019-08-13,48.382320404052734,48.599468243500034,48.0811127505016,48.09512539164727,1603600
2019-08-14,47.42965698242188,48.09511838927889,47.30356995175204,47.98303865345861,2236600
2019-08-15,47.219512939453125,47.50670789450673,47.05139334481839,47.36661357656678,1708000
2019-08-16,47.43666458129883,47.80791936376799,47.3526047771666,47.80091304402628,1728600
2019-08-19,47.96202850341797,48.12313645497672,47.4927066003467,47.737874359842415,1758000
2019-08-20,47.58376693725586,48.01106160447436,47.45767989866259,47.90598818160392,1509100
2019-08-21,47.78691101074219,47.89898541766987,47.53473691483405,47.7588910729461,1512700
2019-08-22,47.96903610229492,48.151157674629054,47.74488195274358,47.75188292873272,1468400
2019-08-23,47.42965698242188,47.76589084562676,47.31057627130479,47.74487723122444,2155500
2019-08-26,47.47168350219727,47.94101070861495,47.38762904584343,47.91999709452649,1435000
2019-08-27,48.03207015991211,48.417337555096175,47.66782172249277,47.80791604205658,3063700
2019-08-28,48.5644416809082,48.83062304489392,47.83593940950634,47.870960319783975,2378800
2019-08-29,49.36299514770508,49.608162916691406,48.802607094945,48.82362071167861,2364300
2019-08-30,49.594146728515625,49.79728188335794,49.51709325146968,49.587140409441744,2350700
2019-09-03,49.34197998046875,49.60816135782432,49.02675970660036,49.35598727643215,2978400
2019-09-04,49.74825286865234,49.95139338624914,49.53811137559971,49.63617847454216,2657900
2019-09-05,50.175559997558594,50.25961982223925,49.91638489057701,50.007445692454674,2631500
2019-09-06,50.49075698852539,50.60283135869352,50.04944979330324,50.1615295077263,1993400
2019-09-09,50.83399200439453,50.89003186187384,50.59583062648994,50.630851529223285,1583500
2019-09-10,51.07917404174805,51.212267404565495,50.79197904397875,50.83400627676048,2161300
2019-09-11,51.63255310058594,51.8777208529213,51.10018502104618,51.17023753107586,2444700
2019-09-12,52.017822265625,52.23497009005039,51.45743423221297,51.53448772041353,2483100
2019-09-13,52.5151596069336,52.76032734644774,52.17192477161379,52.1859320663335,2988800
2019-09-16,52.16490936279297,52.35403720196241,51.84968917183727,52.28399005205725,1850100
2019-09-17,52.36105346679688,52.54318036655132,51.99680501154396,52.07385315009732,2973100
2019-09-18,52.241973876953125,52.54318149506183,52.19994130271872,52.34004097640655,2103200
2019-09-19,52.18593215942383,52.44511253837591,52.171924864679134,52.18593215942383,2532700
2019-09-20,52.36105346679688,52.6762683733762,52.18593288664036,52.255980049851765,8086300
2019-09-23,52.43110656738281,52.43110656738281,52.150912538551616,52.3050195216216,1736100
2019-09-24,52.767333984375,53.061535273567415,52.52916721865547,52.536173538185565,3569300
2019-09-25,53.005496978759766,53.08255046310945,52.64825483596333,52.65525581144524,4185100
2019-09-26,53.33473205566406,53.411785550884574,53.00550445685948,53.00550445685948,7539100
2019-09-27,53.41177368164063,53.57988793191912,53.20863317977027,53.43278729489348,6634900
2019-09-30,53.34088134765625,53.71657041079083,53.34088134765625,53.41885516167528,4520900
2019-10-01,52.88014602661133,53.62443980464139,52.59660528221465,53.376343681328,2761400
2019-10-02,52.40520858764648,52.67456926999329,52.10749329535441,52.4548278030285,4892300
2019-10-03,52.31306076049805,52.37685457753885,51.83104320208589,52.36976457294912,4403100
2019-10-04,52.63204956054688,52.71711340573889,52.100412696298925,52.34141881220821,2692100
2019-10-07,52.67457962036133,52.80217268614221,52.49736732944843,52.51154734125183,1883200
2019-10-08,52.59659957885742,52.69583801742177,52.34850348244654,52.41938730883689,3095500
2019-10-09,53.03609085083008,53.16368390853414,52.702930899708925,52.80925934914392,3417400
2019-10-10,53.02899932861328,53.33380465729425,52.9084962798088,52.93685089271976,2190800
2019-10-11,53.27000427246094,53.5748095635957,53.14241123412339,53.16367583916485,1871100
2019-10-15,53.57481002807617,53.99302835242084,53.37633316851674,53.37633316851674,2221900
2019-10-16,53.702415466308594,53.922156981827655,53.5819069953913,53.60317701361675,2194100
2019-10-17,53.51102066040039,53.77329679203423,53.35507298256891,53.716587562261,1830900
2019-10-18,53.56772613525391,53.80873764085113,53.496842307051,53.80873764085113,1455700
2019-10-21,53.3692512512207,53.75911502497812,53.09280052521629,53.6669665856732,2771500
2019-10-22,53.29837417602539,53.51811570196109,53.23457493450483,53.454321868530855,2187600
2019-10-23,53.22747039794922,53.40468265322233,53.09988276591788,53.29126962205374,1453900
2019-10-24,53.22039413452149,53.31254257477962,53.02191724283339,53.22039413452149,1312000
2019-10-25,53.255836486816406,53.38342955443871,53.036094973501896,53.036094973501896,1255500
2019-10-28,53.29837417602539,53.51102569554985,53.17786569939551,53.41178723815371,1489500
2019-10-29,53.55355072021485,53.69531837446945,53.16368155888064,53.16368155888064,2700800
2019-10-30,53.702415466308594,53.73077008251912,53.31963625960147,53.44722932850384,1524100
2019-10-31,53.54646301269531,53.75202990584769,53.34089611954294,53.58190222373495,1795900
2019-11-01,53.73076248168945,53.79455630307124,53.55355021150985,53.72367247661726,1874900
2019-11-04,54.02847671508789,54.17733437008539,53.84417444352895,53.84417444352895,2167600
2019-11-05,54.14189529418945,54.21278453456685,54.03557224980283,54.03557224980283,1567200
2019-11-06,54.20570755004883,54.22697216403427,53.95052136604138,54.120643686016,1222900
2019-11-07,54.17024230957031,54.34745456947449,54.10644849188751,54.226951530681006,1648700
2019-11-08,54.22694778442383,54.262392397191576,53.97885171931543,54.156063966976944,1041300
2019-11-11,54.22694778442383,54.29783160187071,54.07809014535879,54.10644475395527,667200
2019-11-12,54.17731475830078,54.40414616115082,54.02136715482502,54.2269339586715,1404500
2019-11-13,53.92216110229492,54.12063802284524,53.85127726039702,54.00013495080975,1611000
2019-11-14,53.94340896606445,53.97176357563836,53.78746131745237,53.94340896606445,1217100
2019-11-15,53.8796272277832,54.00722029542154,53.830008001928846,53.971775673487,1934900
2019-11-18,54.07101058959961,54.163164437367655,53.7732952539405,53.7732952539405,1499700
2019-11-19,54.22694778442383,54.29783160187071,54.07100014118752,54.1206193542092,1859000
2019-11-20,54.02847671508789,54.19859897678658,54.0072121083867,54.1560697633842,1699000
2019-11-21,53.8867073059082,54.09936420349867,53.75911424897184,54.09227419808845,1996800
2019-11-22,53.56063461303711,54.00012298839086,53.50393079693443,53.9434137641989,2259400
2019-11-25,53.73076248168945,53.86544012952522,53.53937020136548,53.67405325729055,2365400
2019-11-26,53.291282653808594,53.99304184203217,52.98647728387873,53.525204185913175,3212000
2019-11-27,53.10697555541992,53.50393474597325,53.09280095237037,53.24165862079424,2086000
2019-11-28,53.10697555541992,53.29836784917181,53.02191712094324,53.09280095237037,1059100
2019-11-29,53.12114715576172,53.24874019536431,52.8163418616049,53.11405715131468,1921500
2019-12-02,52.93685150146485,53.114063778129086,52.702929998326574,53.099889175555326,2517000
2019-12-03,52.41231536865234,52.63205690595353,52.16421380423935,52.59661228015436,2419100
2019-12-04,52.59659957885742,52.61077958898907,52.192555819534185,52.192555819534185,1810100
2019-12-05,53.09279251098633,53.11405711622458,52.45482731339485,52.72418799322733,3075000
2019-12-06,53.31254196166992,53.58190268185038,53.16368429461576,53.24165813089503,1854700
2019-12-09,53.13532638549805,53.29127404838549,52.92975950333635,53.12823638043336,1724000
2019-12-10,52.92975234985352,53.12822920012627,52.58950786598266,53.09278999577103,1770600
2019-12-11,52.873046875,53.07152914740789,52.766723846321234,52.86596227848071,1686900
2019-12-12,52.95811080932617,53.34797994220522,52.780898550397325,52.780898550397325,1870400
2019-12-13,52.32724380493164,53.00773833694712,52.17129612732793,53.00773833694712,5222500
2019-12-16,52.49028015136719,52.71002165070855,52.405216308998114,52.405216308998114,1392400
2019-12-17,52.79507827758789,52.80925287866733,52.29888071038464,52.58242140477379,2758400
2019-12-18,52.17838287353516,52.75963892132689,51.9940805925994,52.73128430825297,3950000
2019-12-19,51.96572113037109,52.34141025438676,51.94445652457232,52.27761643699042,3863000
2019-12-20,52.22090911865234,52.4335660005656,52.001167639940704,52.001167639940704,7547500
2019-12-23,52.07915115356445,52.32724728987067,51.95155808230838,52.29889267313708,1913400
2019-12-24,52.043704986572266,52.043704986572266,51.76016423573871,51.97991115688197,793000
2019-12-27,52.11458969116211,52.11458969116211,51.88775816833133,52.01535123792927,3340000
2019-12-30,52.00117492675781,52.15003260172055,51.83813724003296,52.09332337085191,3216600
2019-12-31,51.99407958984375,52.05787882005201,51.7672480977165,51.91610575741663,3000900
2020-01-02,52.21382522583008,52.31306366323714,52.05078755975319,52.20673522084693,4401600
2020-01-03,52.16419219970703,52.22090141426255,51.80976772086758,51.92318614997862,5439200
2020-01-06,51.97045135498047,52.10680198861891,51.73363356236091,51.93457335537266,1564200
2020-01-07,51.48246383666992,51.94892161540288,51.41788015463964,51.812570986606495,4428600
2020-01-08,51.94892883300781,52.2718582381246,51.45376530178197,51.48964878015055,3991300
2020-01-09,51.86997604370117,52.2574945138869,51.75515879793244,52.13549947930492,2906200
2020-01-10,51.66186141967773,51.83409549240638,51.475282720127645,51.77668413483016,3267600
2020-01-13,51.86997604370117,51.86997604370117,51.53269114511088,51.71209754010157,4183900
2020-01-14,51.74797821044922,52.00632384326768,51.62598318246505,51.90585670551032,2526300
2020-01-15,51.87715148925781,51.87715148925781,51.53986660590245,51.64751153304436,2353200
2020-01-16,52.05656433105469,52.07809222414279,51.81974655698726,51.9560971799441,2077100
2020-01-17,52.01350784301758,52.20008656396295,51.90586290398046,52.121147307005664,2719300
2020-01-20,52.1354866027832,52.1785423749314,51.88431880683987,51.88431880683987,736100
2020-01-21,52.121131896972656,52.20007113059091,52.02784256408172,52.05654823767448,1346200
2020-01-22,52.6378288269043,52.723945857098535,52.02067046479894,52.12113759583488,2837100
2020-01-23,52.70960235595703,52.72395793513533,52.42255647298227,52.50149573331511,1787700
2020-01-24,52.63064956665039,52.86029497407751,52.43689309794358,52.72394438217962,1713700
2020-01-27,52.58042526245117,52.59478084046745,52.06373942989043,52.09961742483348,1604900
2020-01-28,52.46560287475586,52.738298604818574,52.3866636285446,52.66653714691242,1926200
2020-01-29,52.3364372253418,52.66654435694028,52.3364372253418,52.55889941782036,2680200
2020-01-30,52.099609375,52.39383845333576,51.8843250134585,52.063731385600406,2439100
2020-01-31,51.86997604370117,52.013504444722926,51.65469165474155,51.97044318689206,2692200
2020-02-03,51.86997604370117,52.14267726811818,51.84844815231008,51.963270873127485,2808300
2020-02-04,52.3723030090332,52.42970887880031,52.27183041808458,52.36512522216962,2970000
2020-02-05,52.60195541381836,52.73112823282417,52.39384334569519,52.63065561799877,2390800
2020-02-06,53.13299560546875,53.15452349564759,52.68089348656813,52.745477157104624,2617900
2020-02-07,53.355464935302734,53.40569851081485,52.9320684381362,52.96077412057871,3844400
2020-02-10,53.355464935302734,53.49899334751528,53.30523135979062,53.46310987569987,1309400
2020-02-11,53.30522155761719,53.49898350971142,53.3052215576172,53.42721657927765,2320900
2020-02-12,53.56357192993164,53.60662771197392,53.28369839655966,53.37698774933412,2241100
2020-02-13,53.59946060180664,53.63533859864208,53.33393714498869,53.39852629937105,2215300
2020-02-14,53.62816619873047,53.76451134656614,53.47028768276896,53.61381061997991,1144500
2020-02-18,53.54922103881836,53.69274396021092,53.376986963089095,53.563571140938215,2493200
2020-02-19,53.556396484375,53.728630570176655,53.49899059748993,53.61380784630888,1528400
2020-02-20,53.556396484375,53.73580288413177,53.47745723047811,53.51334070044899,1762800
2020-02-21,53.27651977539063,53.58509898365191,53.19758052618087,53.43439827381014,1685100
2020-02-24,52.49431228637695,52.77418582464966,52.329255993910365,52.39384514315335,2967200
2020-02-25,52.01350784301758,52.81006725177456,51.683395236624015,52.77418925546154,3567300
2020-02-26,52.02786636352539,52.74549210647056,51.88434340495632,51.9991606768016,3896500
2020-02-27,51.25281524658203,51.66186158932104,50.43472256110401,51.604455706604725,2810700
2020-02-28,50.39167022705078,51.05906225033171,49.40852118951472,50.19790825010375,6621300
2020-03-02,50.64283752441406,50.7433046687267,49.63098829239425,50.06156255016968,4568800
2020-03-03,49.97544097900391,51.07340715308266,49.91085730996316,50.88682845915498,4307900
2020-03-04,50.75766372680664,50.75766372680664,50.06156598273358,50.40602322255278,3162300
2020-03-05,49.34392929077149,50.09026044324071,48.88464942387472,49.953909850708015,3893800
2020-03-06,48.1454963684082,48.71242121988684,47.89432851649958,48.43972547710727,4418400
2020-03-09,42.61977767944336,45.91367880862916,42.469076982607326,43.703393709128726,7363900
2020-03-10,43.27282333374024,44.45690667425672,42.00262568733011,44.342086687223706,9134300
2020-03-11,41.96674728393555,43.23694500084507,41.86628013189602,42.42602725755885,6256200
2020-03-12,36.35490798950195,39.18235149491456,35.10623840575202,38.02697673088572,11684500
2020-03-13,42.47626876831055,42.54803298854789,37.97675481662037,37.98393260740664,9611300
2020-03-16,37.790164947509766,40.32338250392213,36.95054428816977,38.03415776721552,11593900
2020-03-17,38.7661247253418,39.97891067486952,36.38360859859202,38.55083765124247,7892900
2020-03-18,35.845401763916016,38.005453765839576,34.51061761695263,36.45538247138765,6247700
2020-03-19,36.369266510009766,36.534320073514166,34.45320468797709,35.26412240217216,6540100
2020-03-20,35.90280532836914,39.361760254382126,35.299999757911216,36.85007083372814,9325400
2020-03-23,33.527469635009766,36.29032715990917,33.283476816218105,35.42200082208644,8353200
2020-03-24,37.503116607666016,38.15615586305368,35.28565316024642,35.51529589499373,7935200
2020-03-25,41.08406829833984,42.332738128861344,37.538998587013786,38.52214495707853,8201800
2020-03-26,41.67251586914063,42.91400775404372,40.639136052739154,40.90465674227873,4978100
2020-03-27,38.95989227294922,40.71807544080886,38.64413527482916,39.95739136241193,6016800
2020-03-30,39.33306121826172,39.548348356759846,37.96957144523275,38.8809563111485,6779500
2020-03-31,41.24193954467773,41.56486883892679,39.39764217574714,39.53399003915176,12165600
2020-04-01,39.02448272705078,40.17268264595914,38.94554346933998,40.03633476106519,7227000
2020-04-02,39.56269836425781,40.09373975201939,38.84507279564271,39.44070059408061,9310500
2020-04-03,39.175174713134766,39.648807416207504,38.5364884796377,39.261289003459645,6251800
2020-04-06,40.34262466430664,40.84608560037601,39.88294124581808,40.18209967740936,7753300
2020-04-07,40.50315856933594,42.42215250773194,40.27696724071976,41.6633104384192,6985400
2020-04-08,41.15254592895508,41.41521940885991,40.06535867986982,40.86068279562111,6701800
2020-04-09,41.882205963134766,42.35648013197781,41.16714147971047,41.66330719537733,7527100
2020-04-13,40.63449096679688,41.95516768194425,40.6126022047855,41.88220328629748,5490400
2020-04-14,40.51773834228516,41.50277419141652,40.021572755332926,41.33495388750808,4184100
2020-04-15,39.15328979492188,39.92672514843464,39.116807599176006,39.84646264774586,5536300
2020-04-16,37.90558242797852,39.37218793207946,37.84720868482361,39.21166570523003,3638500
2020-04-17,39.729713439941406,39.875644989767245,38.90520254932627,39.37218128203872,4787200
2020-04-20,39.955902099609375,40.495847963828645,38.21202729029682,38.92708877618915,5267100
2020-04-21,38.27769470214844,39.78078477132419,38.27769470214844,38.89790302611592,4010600
2020-04-22,38.74469375610352,39.18978391652275,38.37986612079778,39.04385230571766,3002100
2020-04-23,38.511192321777344,39.0730270395232,38.41633917013903,38.86142640879819,3327400
2020-04-24,38.92709732055664,38.97087762729085,38.15366471881164,38.67171915647352,3561000
2020-04-27,39.76619338989258,39.84645587694297,38.82493786915865,39.13139438485901,4685500
2020-04-28,40.45937728881836,40.65638450682575,39.92672938090806,40.45937728881836,4773000
2020-04-29,42.210548400878906,42.31999778437629,41.19632820966845,41.19632820966845,7197400
2020-04-30,40.71475601196289,41.80194338876664,40.71475601196289,41.71438276843229,6068500
2020-05-01,39.58378982543945,40.11643772318231,39.49623199135644,39.8902436364367,4456900
2020-05-04,39.10221862792969,39.76620468658942,38.5622726056484,39.29192773751242,7058600
2020-05-05,38.79576110839844,39.70783000167559,38.73009482015932,39.67134780262717,2738000
2020-05-06,38.635231018066406,39.30651225095127,38.321479159918496,39.07302288443368,3458700
2020-05-07,38.23392868041992,39.31381790364775,38.219335244285496,38.87602316985484,4849900
2020-05-08,38.635231018066406,38.84683162628947,38.35796135154697,38.73008694303068,4079000
2020-05-11,38.97088241577149,39.029256165256335,38.029626580930106,38.409047602340905,3349300
2020-05-12,38.48200607299805,39.58378390254222,38.45281920486647,39.15328733954672,2124400
2020-05-13,36.818397521972656,38.533088762898274,36.38790088007537,38.5257906528213,6778700
2020-05-14,36.88405990600586,37.518858980310746,35.83335770197574,36.37330084637803,4832600
2020-05-15,36.46086502075195,36.96432602091934,36.32952688446251,36.62868535414108,2804800
2020-05-19,37.27078628540039,38.36526900709269,37.22700597450384,38.30689525923063,3554300
2020-05-20,37.664798736572266,38.04421975536071,37.56264745909337,37.92747504061146,2352500
2020-05-21,37.54804992675781,37.84720839963929,36.98621517848514,37.66479462877465,2626200
2020-05-22,37.28537368774414,37.70127686304824,36.606794236792574,37.70127686304824,3254400
2020-05-25,37.93476867675781,37.94206400282577,37.38022925954357,37.577236464337055,1190100
2020-05-26,40.743934631347656,40.95553524583529,38.62793405329711,38.744678740012205,6405000
2020-05-27,42.2981071472168,42.60456095397192,41.40792703221955,41.40792703221955,8092200
2020-05-28,41.84572219848633,42.714013617902445,41.51737960411283,42.68482674356281,4885800
2020-05-29,40.25507354736328,41.35685438963361,40.02888223079879,41.3349656256857,5957000
2020-06-01,40.99202346801758,41.48818915539043,40.31344400685804,40.31344400685804,2437100
2020-06-02,41.736270904541016,41.99164906777976,41.41522088971149,41.47359463183076,3009000
2020-06-03,42.998573303222656,43.341512075263225,42.56807670253394,42.6483392052169,3450800
2020-06-04,43.08613586425781,43.34151683570013,42.29810975304492,43.06424710054491,3564600
2020-06-05,44.17332077026367,45.06349810656041,43.888755724366405,44.50896145089053,3427000
2020-06-08,44.47977066040039,45.09268100657734,44.04927407459262,45.02701194150792,7136200
2020-06-09,44.26816940307617,44.69866598278384,43.56770124120328,43.81578406312656,3275000
2020-06-10,43.72822952270508,44.37762210384032,43.42177293923785,44.24628396569912,4584400
2020-06-11,41.85301208496094,42.81615648160958,41.56114896574069,42.31999084898295,4219100
2020-06-12,42.692115783691406,43.356101768366464,42.28351073676099,43.17368800572592,5555500
2020-06-15,42.45862579345703,42.983978313170525,41.531963558257104,41.63411760196713,4413800
2020-06-16,42.86723709106445,43.56770531849074,42.33458920249572,43.56770531849074,3802500
2020-06-17,42.61915588378906,43.04965252032889,42.32729271943841,42.94020313784404,4341900
2020-06-18,42.247032165527344,42.66293535735743,41.977057769599256,42.31999656347834,6961900
2020-06-19,41.61222839355469,42.63374662068372,41.59033963180913,42.63374662068372,14003500
2020-06-22,41.4006233215332,41.699781741386346,41.18172460856666,41.60492581799503,5184500
2020-06-23,41.42981719970703,42.03543229085346,41.159845582207424,42.03543229085346,3323200
2020-06-24,40.59800720214844,41.25469787127835,40.43748219782486,41.22551100078076,4315200
2020-06-25,40.86797332763672,41.02120298554055,40.40099459580911,40.408292704163614,4425300
2020-06-26,39.7224235534668,40.78772213930593,39.54730788415994,40.49585897924332,8145200
2020-06-29,40.58341979980469,40.970138932852336,39.88295150421384,39.92673181646836,7750600
2020-06-30,40.99202346801758,41.01391223017973,40.13832555932096,40.34992620493272,9049000
2020-07-02,41.196327209472656,41.71438167416721,41.04310030302723,41.4444100604186,4895500
2020-07-03,41.59033584594727,41.59033584594727,41.18172803560753,41.22550833852668,4358400
2020-07-06,41.69412612915039,42.12411385544739,41.43464819280688,42.03515136519052,8021300
2020-07-07,40.73777389526367,41.55326959138208,40.68587886885978,41.44206717540239,5596400
2020-07-08,40.57467269897461,40.923113149507245,40.07054717278275,40.7748404368508,5337700
2020-07-09,40.12985229492188,40.545012443978685,39.82589454519111,40.41156730233431,3803100
2020-07-10,41.1751823425293,41.23448974001328,40.12986365576094,40.17434349685713,8338900
2020-07-13,41.65705490112305,42.072217893150594,41.0194871024591,41.4124073513698,5737400
2020-07-14,41.568092346191406,41.76084770320691,41.30120205374932,41.568092346191406,6968400
2020-07-15,41.93877410888672,42.56151720312148,41.86463917093335,41.923946555682726,6117500
2020-07-16,42.29462814331055,42.62824103002845,41.66447266800636,41.686712584432,4244500
2020-07-17,41.94618988037109,42.43548783061205,41.90170722014314,42.36876525430343,2919300
2020-07-20,41.560672760009766,41.90169792860315,41.36791743649801,41.79049271672591,7783500
2020-07-21,41.80532455444336,42.13152503443685,41.74601717594128,41.78308464101337,3408900
2020-07-22,41.74602890014648,41.81275148724153,41.40500077273452,41.75344126401611,3673300
2020-07-23,41.501373291015625,41.790503522981,41.27155044680551,41.61999089459288,3408600
2020-07-24,41.18258285522461,41.47171305141313,40.98983033378772,41.43464558514447,1678400
2020-07-27,41.071388244628906,41.25672843918397,40.47829735959916,41.03431794326435,4323200
2020-07-28,40.80449295043945,41.01207303811943,40.69328771600141,40.92311054740895,2874000
2020-07-29,41.27155303955078,41.36793073228275,40.52277990019279,40.86380517839279,1872100
2020-07-30,41.35309982299805,41.36792737668229,40.448641672793066,40.77483936964622,3096900
2020-07-31,40.78225326538086,41.29379398848148,40.61915582485711,41.25672651691094,3782100
2020-08-04,40.94535827636719,41.43465631074378,40.77484562494004,40.77484562494004,2102000
2020-08-05,41.45689010620117,41.45689010620117,41.01948999633178,41.10103729995825,1335900
2020-08-06,41.6422233581543,41.797911232787854,41.345680816321256,41.51619341419016,2548500
2020-08-07,42.18342971801758,42.18342971801758,41.41982618782494,41.62740913031823,1680200
2020-08-10,42.88031005859375,42.89513761440215,42.25756685497667,42.294634330464106,1853000
2020-08-11,43.17684173583984,43.732862174861445,43.08046406788423,43.265804214224765,2415900
2020-08-12,43.55493927001953,43.732867074791,43.37701146524805,43.62907420563551,4303800
2020-08-13,43.13235855102539,43.53269394092285,42.99891342105957,43.50303883913797,1778700
2020-08-14,42.76168441772461,42.96185214148406,42.53186158791193,42.77651197075122,2097200
2020-08-17,42.41324615478516,42.75427140758943,42.190838504176575,42.75427140758943,1987100
2020-08-18,42.27980422973633,42.53186700717259,42.08705167196362,42.494799533916336,1523800
2020-08-19,41.94618988037109,42.37617761697477,41.8720521133245,42.07963220492168,1881300
2020-08-20,41.545860290527344,41.834990552679706,41.50137762401658,41.70154538121446,2556500
2020-08-21,41.18258285522461,41.47171305141313,40.98983033378772,41.41981803302373,2985600
2020-08-24,41.87205505371094,41.87205505371094,41.33086204256643,41.51620223109811,4793800
2020-08-25,41.59033203125,42.04997767816617,41.14551676501696,41.51619709623332,2984900
2020-08-26,42.04256439208984,42.56151744491139,41.64222893750752,41.9091192405624,4105900
2020-08-27,42.65789413452149,42.73944426167561,41.96101328652555,42.131528731338655,2957200
2020-08-28,42.10187911987305,42.89513492342196,41.93136648087408,42.89513492342196,3894700
2020-08-31,41.79051208496094,42.07223001169989,41.64223934309479,42.07223001169989,2995700
2020-09-01,41.2344856262207,41.67930378927532,41.019493150214586,41.62740876112898,3464700
2020-09-02,41.42723846435547,41.96843145893382,41.3086208604488,41.33086077741044,3186900
2020-09-03,40.98983001708984,41.923943168948384,40.88603998111294,41.6867079929822,3844600
2020-09-04,41.026893615722656,41.59774158785174,40.70069598653437,41.26412876932616,4728600
2020-09-08,40.66363906860352,40.98983963313206,40.381923998596,40.91570185570873,6914900
2020-09-09,41.10103988647461,41.38275776967064,40.81190963996124,40.96759472222738,2797300
2020-09-10,40.91569519042969,41.353098107738525,40.74518257223358,41.353098107738525,3581400
2020-09-11,41.05656051635742,41.27896818327112,40.834152849443726,40.90828779572598,2471900
2020-09-14,41.01207733154297,41.32345032372616,40.908287276837534,41.31603513235184,5624000
2020-09-15,41.167755126953125,41.33085537151704,40.975002606341,41.08620500467117,2686700
2020-09-16,40.82673263549805,41.36051323287912,40.77483761387117,41.219652892977685,2783100
2020-09-17,40.90828704833984,41.05655976626237,40.52277911296803,40.59691405789586,4348700
2020-09-18,40.886043548583984,40.960178487017096,40.62656560793486,40.87121599528404,9394600
2020-09-21,40.463470458984375,40.463470458984375,39.6924546123192,40.404160242440845,8163800
2020-09-22,40.2632942199707,41.01206716331971,40.16691655246785,40.49311419039094,5369000
2020-09-23,40.12985229492188,40.8563853838377,40.08536963835161,40.58949510054895,3022500
2020-09-24,40.18915557861328,40.545008310699465,39.94450806258296,40.100193102608266,2870100
2020-09-25,40.37449645996094,40.41156392330354,39.95933634561793,40.11502138849656,7268200
2020-09-28,41.49395751953125,41.64964258117505,40.88604199762701,41.026899506533326,9122600
2020-09-29,41.10103988647461,41.51620293391787,40.85639230406595,41.479135461197394,7362500
2020-09-30,41.01207733154297,41.568097905808,40.908287276837534,41.20483271433897,15442600
2020-10-01,41.06396865844727,41.24930883316715,40.77483843837491,41.16775870379974,5896500
2020-10-02,41.58292388916016,41.62740655152453,40.67105052119128,40.7007056294342,5295800
2020-10-05,42.04252624511719,42.15554494000604,41.48497463160035,41.741147849054926,6197400
2020-10-06,42.155540466308594,42.59254010018759,41.95964179918203,42.1932124025454,14669600
2020-10-07,42.69803237915039,42.8185872012127,42.44186200482344,42.51720589442723,11727500
2020-10-08,42.75077438354492,42.94667021109448,42.65282503267764,42.85625697331661,4828100
2020-10-09,42.51720428466797,42.94667076235673,42.366513636980585,42.93160141016949,4651800
2020-10-13,42.32129669189453,42.83364306191513,42.03498768302406,42.79597112645159,6540800
2020-10-14,42.08019256591797,42.51719506199996,42.01238193287712,42.41171249375518,7020400
2020-10-15,42.283634185791016,42.464463540199645,41.673341222305176,41.89937575967716,3033700
2020-10-16,42.3288459777832,42.54734729533556,42.17815531484415,42.38912051844762,3354200
2020-10-19,42.01239013671875,42.5247366032555,41.86923560531597,42.5247366032555,4681500
2020-10-20,41.876766204833984,42.366507142007215,41.81648880532581,42.31376585452986,4643000
2020-10-21,41.9144401550293,42.07266402505876,41.70347212080527,41.85416275262679,5928700
2020-10-22,42.48705673217773,42.63021411105087,41.90689972762183,41.92196907667081,6557000
2020-10-23,43.0822868347168,43.21790811377471,42.73570039898423,42.75830298743232,2696100
2020-10-26,42.69049453735352,42.93159840711415,42.31376938157942,42.908995817506856,4072800
2020-10-27,42.00484848022461,42.547333541771,41.74114206096422,42.50212549524733,3597100
2020-10-28,40.89728546142578,41.65827195020629,40.89728546142578,41.552789357508416,5307400
2020-10-29,41.597991943359375,41.83909581852533,40.6260403298676,40.89728290797553,3017700
2020-10-30,41.70347595214844,41.76375336008869,41.22880429845147,41.46990818184247,3461600
2020-11-02,41.8843002319336,42.042524097347176,41.52264445062342,41.9671802207268,5267200
2020-11-03,42.434326171875,42.64529136350839,42.14801421595458,42.26856616462868,5990700
2020-11-04,42.59254455566406,42.83364842182213,41.80142231519635,42.3439074511444,5820800
2020-11-05,42.66788482666016,42.96926317646978,42.62267678080575,42.87131672172845,2059100
2020-11-06,42.57748031616211,42.94667227226692,42.36651512649373,42.82612032471568,3179900
2020-11-09,45.04125595092773,45.79470621641229,43.98642730376015,44.0768405308466,8042800
2020-11-10,46.22417831420898,46.33719701758442,45.146744072320594,45.20702148057017,5791000
2020-11-11,46.32212066650391,46.71391513837305,46.14882745524758,46.71391513837305,6634900
2020-11-12,45.86251831054688,46.2392434552431,45.598811858933416,45.96046765293962,3352100
2020-11-13,45.80977630615234,46.1337601554757,45.78717371756202,45.960466936518856,3474100
2020-11-16,46.781734466552734,46.894753173848585,46.34473186413957,46.56323316534615,3338000
2020-11-17,46.73652648925781,47.08311585094205,46.32966546549957,46.33719870471254,4616400
2020-11-18,47.36941909790039,47.69340295370044,46.79679814008216,46.97009136250327,2840500
2020-11-19,47.4598388671875,47.52011340068248,47.05297498790263,47.1433882252376,2821900
2020-11-20,47.82902526855469,47.88176656024785,47.24133494729673,47.54271334637409,2521900
2020-11-23,48.12287139892578,48.40918332687596,48.017388813413845,48.25849556139313,3023400
2020-11-24,48.55986785888672,48.94412910816172,48.42424657963492,48.81604394119318,4341000
2020-11-25,48.7105598449707,48.79343983239604,48.22835214451557,48.41671470714239,2192100
2020-11-26,48.88385009765625,48.9441274971996,48.52219719713461,48.64274624785209,1441800
2020-11-27,48.891380310058594,49.22290021917388,48.74822294050999,48.88384419893274,2058500
2020-11-30,47.61805725097656,48.77083810913248,47.61805725097656,48.65028330769713,5583100
2020-12-01,48.974266052246094,49.57702854915988,48.6728848037892,48.6728848037892,4288000
2020-12-02,49.84074020385742,49.87087890669532,48.75576989517237,49.06468728798345,3241300
2020-12-03,50.02910232543945,50.29280878738475,49.79552881768527,49.92361974066134,2637000
2020-12-04,50.8578987121582,51.0387251869245,50.00650188461231,50.20239483712163,3542200
2020-12-07,50.64692306518555,50.895563009328384,50.4434882932982,50.77500821882199,5167800
2020-12-08,51.39284896850586,51.52847026483116,50.62433212157589,50.7599534179012,3626400
2020-12-09,51.50586700439453,51.77710959352144,51.32504052776661,51.611349594791655,5482600
2020-12-10,51.45311737060547,51.5812025312771,51.068856140221456,51.24968258754429,2964700
2020-12-11,51.769569396972656,51.79970809876174,51.09899909018189,51.15174038122039,2960700
2020-12-14,51.35518264770508,52.13876601466766,51.34764653406974,52.13123564940275,7012200
2020-12-15,51.32504653930664,51.905200854442455,51.27983560357672,51.66409694124215,3263900
2020-12-16,51.30244064331055,51.54355031637748,51.03873412385735,51.30244064331055,5224100
2020-12-17,51.317501068115234,51.415447538990975,51.0989997884358,51.30996495547259,2855100
2020-12-18,51.181888580322266,51.4606673123243,51.05380338522836,51.392853783622975,9273700
2020-12-21,51.13667678833008,51.24968974095045,50.49623939884176,50.82022327588329,6901500
2020-12-22,51.22708511352539,51.41544769156286,51.01611994586258,51.41544769156286,6334200
2020-12-23,51.55861282348633,51.746975429775794,51.23462891073363,51.35518373797675,4936100
2020-12-24,51.641483306884766,51.71682718583222,51.42298203407848,51.59627812919019,2404200
2020-12-29,51.74696731567383,52.01067377345488,51.67162343464633,51.9880711839836,6996400
2020-12-30,51.82231140136719,52.14629526459763,51.807244924450046,51.912727507979056,6789700
2020-12-31,51.8373908996582,52.20657999380854,51.70929996022727,51.8373908996582,6465400
2021-01-04,51.699974060058594,52.1885734582695,51.47857654765611,52.09695888689336,7114400
2021-01-05,51.86029052734375,51.9900734566977,51.57018648092368,51.57781665942891,8321300
2021-01-06,52.295440673828125,52.5015661253553,51.76103704056301,51.78393922133684,7483500
2021-01-07,52.669525146484375,52.75350369543984,52.28780658743696,52.52447605474918,3632300
2021-01-08,51.95952987670898,52.532107731622695,51.84501896537675,52.409960818013936,4721300
2021-01-11,51.95952987670898,52.23436771303262,51.70760004721494,51.70760004721494,4266200
2021-01-12,52.55501556396485,52.654266130540506,51.95953546276591,52.058786029341576,5000000
2021-01-13,52.7000732421875,52.82985617877858,52.52448593375582,52.59319249151672,3480200
2021-01-14,53.41005706787109,53.64672069726024,52.45576072412433,52.7458647157808,5698600
2021-01-15,53.60091781616211,53.76123890738938,53.21919926812686,53.26500363003099,4131100
2021-01-18,53.7459716796875,53.7459716796875,53.53984040601493,53.6390909542879,989000
2021-01-19,54.02081680297852,54.33382301983244,53.7612451314905,53.8223215041422,4201600
2021-01-20,53.87576675415039,54.257485380954506,53.70780962642633,54.257485380954506,4548000
2021-01-21,53.42533493041992,53.90629824357422,53.31081819169844,53.845221872980986,3104600
2021-01-22,52.9825325012207,53.173391763959565,52.63898233355327,53.14285358297385,5508200
2021-01-25,53.39480209350586,53.40243227217184,52.62372885507948,52.82222416710846,3579700
2021-01-26,53.08942413330078,53.46350673427273,52.99017939312233,53.44060454996721,1700100
2021-01-27,52.119850158691406,52.84511892493098,52.02824143106417,52.677161824863646,3633500
2021-01-28,52.799312591552734,53.150492958337566,51.95952712254245,52.44812640020507,2883100
2021-01-29,52.06641387939453,52.52448085173642,51.83738621778709,52.40232810589499,4720300
2021-02-01,52.42522811889648,52.59318522519233,52.13512409638028,52.29544520023634,3420200
2021-02-02,52.89091873168945,53.02070163435471,52.63135292635894,52.73823364909063,3438400
2021-02-03,52.76114273071289,52.929099838279605,52.57028344021677,52.829849279501104,2347200
2021-02-04,53.34898376464844,53.41769613411286,52.87565647871499,52.94436302361643,1669400
2021-02-05,53.43296432495117,53.58565524919568,53.23447486027812,53.51694287714485,1929700
2021-02-08,54.0437126159668,54.09715297959668,53.50930315510518,53.54747733965343,2679900
2021-02-09,54.15060043334961,54.25748117460363,53.837588387846,54.0513556949176,2290600
2021-02-10,53.89103317260742,54.15060486874516,53.61620111870281,54.12770268296677,1745400
2021-02-11,53.99028396606445,53.99028396606445,53.63910352536704,53.845229022785325,1968700
2021-02-12,54.2116813659668,54.3872686736951,53.99028386201734,53.99791986548154,1668200
2021-02-16,54.40253829956055,54.74608272108091,54.31855973882201,54.39490229643056,2074200
2021-02-17,54.20403289794922,54.5475772555055,54.18113071738716,54.24220708192778,2364500
2021-02-18,54.26510620117188,54.34144874025951,53.87575167989386,54.09714912044166,2027100
2021-02-19,54.59339141845703,54.79188088083046,54.1582324823874,54.28037939580465,2743700
2021-02-22,55.02854919433594,55.31865320407826,54.52467789763489,54.53231389973845,3294300
2021-02-23,56.570682525634766,56.85315632241649,55.58584806203404,55.73090296099794,4833400
2021-02-24,58.26551055908203,58.723571585931154,56.56304351689448,56.78444094185998,8569500
2021-02-25,57.74639129638672,58.38768159486343,57.36467268346794,58.257892839802565,4363300
2021-02-26,56.79972457885742,57.73874900257453,56.616501295496576,57.45628098751055,5689500
2021-03-01,57.67768096923828,57.88380644392398,56.929509974046205,57.34176674798101,2677600
2021-03-02,58.50982666015625,58.876279079704034,57.79982982974034,58.02122731713494,3573400
2021-03-03,58.76939392089844,59.14347649066331,58.53272444550324,58.86100265047823,3233800
2021-03-04,58.227352142333984,59.15874644964468,57.92198192481087,58.59380455775067,3138700
2021-03-05,59.11293411254883,59.25035302173335,58.6396010198993,58.71594938855063,3629400
2021-03-08,59.5786247253418,59.92980504961502,59.15873204166614,59.30378693685631,5409000
2021-03-09,59.5633659362793,60.04433508510249,59.2045553560265,59.63971431356536,2616000
2021-03-10,60.372596740722656,60.6321625136806,59.654964127972406,59.67023612906512,2375200
2021-03-11,60.46421432495117,60.83066668566648,60.31152923898135,60.48712232995305,3186000
2021-03-12,60.54818344116211,61.04441863013529,60.19700313846647,60.69323832743965,3820200
2021-03-15,60.12831497192383,60.6703546801898,59.97562403853399,60.57110411734551,3903400
2021-03-16,60.25044631958008,60.46420774650586,59.95270635713887,60.2199081407961,2847900
2021-03-17,60.26572799682617,60.945186566310085,60.25809199476373,60.43368509482228,4350800
2021-03-18,60.41079711914063,61.19714250453976,60.38789492992253,60.62456447582766,4269200
2021-03-19,60.10539627075195,60.31152169347938,59.58625888901548,60.28098351519347,14258500
2021-03-22,59.9756088256836,60.105397542284855,59.586260149566,59.92980446956671,4485800
2021-03-23,59.58626174926758,60.1130293324399,59.51754938868549,59.92217007741286,4848400
2021-03-24,59.66261672973633,60.05197132207359,59.62444254094433,59.685518913186144,1961500
2021-03-25,60.01377868652344,60.22754009910136,59.58625586136761,59.64732639027441,3778900
2021-03-26,60.708526611328125,60.81541318326165,60.31154181032146,60.31154181032146,3349100
2021-03-29,60.593997955322266,60.76194920592886,60.189371444887406,60.49474741568861,6500000
2021-03-30,60.731422424316406,60.876471509722535,60.57109551089677,60.60926969496101,12049500
2021-03-31,60.02143859863281,60.86885441078194,59.876383657497605,60.86885441078194,11081200
2021-04-01,60.31152725219727,60.32679343046628,59.952710904969386,60.1588421712572,13893900
2021-04-05,60.47370910644531,60.73627201863613,60.2265941905692,60.272932287828944,4248300
2021-04-06,60.37331771850586,60.72082102654543,60.28064742024275,60.53548632170326,5861800
2021-04-07,60.29608917236328,60.63586844744373,60.29608917236328,60.404201563300255,6482900
2021-04-08,60.46598434448242,60.46598434448242,59.77869587623666,60.1493652634091,6943500
2021-04-09,60.48141479492188,60.62041726125192,60.21885785389988,60.62041726125192,3407900
2021-04-12,60.61271286010742,60.720825269794055,60.187987219676906,60.57410465189616,5478500
2021-04-13,59.85590744018555,60.60497596918942,59.85590744018555,60.41963541715698,4527700
2021-04-14,59.91769027709961,60.24975144890816,59.78641178611758,59.9254142741231,2176300
2021-04-15,59.79413986206055,60.19569935942292,59.662861362123216,60.0644208594856,2503300
2021-04-16,59.91769027709961,60.11847295792613,59.832749876575065,60.11847295792613,3955000
2021-04-19,59.59335708618164,60.14164307783361,59.55474888185013,59.92541828018876,2731900
2021-04-20,59.27674865722656,59.66286608171559,59.11458004594329,59.63969997891574,2427100
2021-04-21,59.81730270385742,59.902248997231794,59.037343960912494,59.23040264736634,3068100
2021-04-22,59.85590744018555,60.01035200852995,59.63195869190832,59.87907353626895,4048600
2021-04-23,60.23430633544922,60.29608652518185,59.7169105027256,59.925411278469255,4844700
2021-04-26,60.24975204467773,60.7285397062497,60.21114384254543,60.24203393926138,3095700
2021-04-27,60.44281768798828,60.67449049418411,60.1879846711939,60.45826568396624,2622900
2021-04-28,60.48914337158203,60.74398222776648,60.39647308978324,60.52775157023596,1977400
2021-04-29,60.643585205078125,60.828919868605226,60.481416638031575,60.73625548268304,2995500
2021-04-30,60.44281768798828,60.53548798880345,60.2729309740201,60.42737558369451,2934700
2021-05-03,60.5741081237793,61.07605610108656,60.55866012626181,60.728552748845416,2894000
2021-05-04,60.50460052490234,60.67449313795746,60.28065170693736,60.43510221502586,1778600
2021-05-05,60.87526321411133,60.97565160476354,60.381033474205736,60.49686396661858,1779200
2021-05-06,61.20732116699219,61.23048726426135,60.6667533667525,60.6667533667525,2146500
2021-05-07,61.33859252929688,61.42353880388337,60.92930914720683,60.93703314262803,3524300
2021-05-10,61.354042053222656,61.863719762420295,61.35404205322265,61.44671233444485,3733100
2021-05-11,60.62814712524414,61.45443800738172,60.45053055430999,61.04515456459625,4601100
2021-05-12,60.41964721679688,61.006547296152846,60.29609271632833,60.62042990820251,2866600
2021-05-13,61.25365829467773,61.39266078117036,60.3655871805128,60.37331117745222,2895200
2021-05-14,61.59343719482422,61.6629354851598,61.33859834689481,61.34632234304859,1847800
2021-05-17,61.809669494628906,61.85600169383862,61.43127612048798,61.5548306156084,2085500
2021-05-18,61.43126678466797,62.04132695382907,61.35403860881025,61.85599229347231,2528500
2021-05-19,61.21503448486328,61.30770475837641,60.63585853169181,61.00653373406184,3296300
2021-05-20,61.06832504272461,61.377220119031584,60.7903200632167,61.21504563791568,3295200
2021-05-21,61.02971267700195,61.36949785972977,60.88298618597245,61.199605268365865,2398800
2021-05-25,61.44673156738281,61.948685437337,61.3463431500659,61.35406125715465,3469800
2021-05-26,62.08766555786133,62.14172174640505,61.40809531138862,61.678382145789904,2517500
2021-05-27,62.543304443359375,62.69003096331609,62.05679856537087,62.25758129399298,4921400
2021-05-28,62.79813003540039,62.93713252695549,62.41201265793441,62.91396642697691,4419500
2021-05-31,62.71317672729492,63.05296186680278,62.58962224399939,62.9371254881812,1725600
2021-06-01,62.45835113525391,63.18425376318539,61.91006511114888,63.16108766087851,5484400
2021-06-02,63.23058319091797,63.26919728752311,62.72863528515483,62.84446579160235,3526300
2021-06-03,63.04523468017578,63.408185898705,62.99117849177883,63.130180960754224,2383200
2021-06-04,62.71317672729492,63.22285443655672,62.55873215025477,63.09157006522134,1702400
2021-06-07,62.66685104370117,62.92940803028608,62.49695845629514,62.91396592765079,2074600
2021-06-08,62.68229293823242,62.9139657187776,62.49695824880641,62.83674342249039,2854000
2021-06-09,62.52783966064453,62.61278594226663,62.24983471927816,62.55872975320554,2145200
2021-06-10,62.41973114013672,63.04523935102685,62.37339305259009,62.84445668281303,3515000
2021-06-11,62.52012634277344,62.72863303025169,62.36568174527258,62.551016440610354,1583500
2021-06-14,62.42745590209961,62.57418239355815,62.22667910415855,62.52012619539191,3763400
2021-06-15,62.728633880615234,62.859912379438974,62.44290489051314,62.56645939185201,2071100
2021-06-16,63.28462219238281,63.31551228293518,62.63594796583016,62.78267442303331,2328900
2021-06-17,62.404296875,63.59353926113741,62.296184466413365,63.31553424143337,4288400
2021-06-18,61.29227066040039,62.087671463927066,61.16098628286354,61.8791647942224,11469500
2021-06-21,61.66295623779297,61.910071172735,61.361785094947535,61.547119823232855,3820900
2021-06-22,61.49306488037109,61.91779644526756,61.28456404322141,61.886906341303735,2661200
2021-06-23,61.724727630615234,61.8096739297173,61.48533672860975,61.60116723494534,3177800
2021-06-24,61.96410751342773,61.99499760685196,61.516215887983634,61.92549931540962,2284600
2021-06-25,62.4660758972168,62.48924199980701,61.92551386449768,61.9641220715866,3145300
2021-06-28,61.96410751342773,62.53556540425164,61.79421494543591,62.37339094085371,8621100
2021-06-29,62.2266845703125,62.37340518297564,62.056791963528006,62.08768206400557,15692100
2021-06-30,62.2575798034668,62.334802115185,62.01046487095771,62.1108532870229,5315400
2021-07-02,62.5510139465332,62.92168921411266,62.20351067017031,62.744072631553365,20991800
2021-07-05,62.59787368774414,62.82433279785289,62.30112348105388,62.75405361703619,2701000
2021-07-06,61.95752334594727,62.66815576014506,61.92629212495373,62.66815576014506,9330000
2021-07-07,61.7076301574707,62.12151829766324,61.5826874033217,62.08247033568276,5924900
2021-07-08,60.85643005371094,61.36402369209859,60.48158993305928,61.34840212655224,2827800
2021-07-09,61.61392593383789,61.87162818964793,61.129758600911394,61.1844221741545,5343600
2021-07-12,61.91848373413086,62.012195274381774,61.23908847254827,61.52802791990975,2481600
2021-07-13,61.77009963989258,62.23084053180372,61.58268254451481,62.082465437443545,2843400
2021-07-14,61.746673583984375,62.06685016663539,61.55925648758591,61.80914793541122,1865000
2021-07-15,61.86382675170898,61.98876952747664,61.52803447737581,61.66078803846755,7828300
2021-07-16,61.317169189453125,62.05903869923551,61.30936436402235,62.01999074055359,1849500
2021-07-19,59.95058822631836,60.93453863059725,59.82564545317056,60.91111223299975,4850000
2021-07-20,60.63778305053711,60.88767450822783,59.7865863629178,60.052099388023,2586100
2021-07-21,60.90328979492188,61.32498274464258,60.86424779235728,61.00481210893084,4399400
2021-07-22,60.42693328857422,60.9032898082958,60.1848526158208,60.81738906159962,1987400
2021-07-23,60.8486213684082,61.20783993589588,60.66120428056285,60.79395780287489,2345500
2021-07-26,60.88768005371094,61.098523569950856,60.62997778884216,60.93453284445695,2075700
2021-07-27,60.82519912719727,61.19222850276936,60.473791318775845,60.70025637940293,1593100
2021-07-28,61.06727981567383,61.207844130661606,60.48159616287178,60.83300992928233,2614700
2021-07-29,61.41869354248047,61.64515860303042,61.21565487476633,61.223465658339,4174700
2021-07-30,60.8095817565918,61.44992895993105,60.59873231134039,61.25470108137784,3291000
2021-08-03,61.05165863037109,61.19222293252072,60.4894014217726,60.817382807494496,3135200
2021-08-04,60.99699783325195,61.31716845063427,60.75491717441055,60.87204913328095,1154400
2021-08-05,61.45772171020508,61.55924400015018,61.160977537945925,61.215641094885264,1600100
2021-08-06,62.15275573730469,62.15275573730469,61.64516792806013,61.69983150557338,1516900
2021-08-09,62.30892562866211,62.418252755589926,61.816953557486926,62.035607811342565,1405800
2021-08-10,63.027374267578125,63.09765940939445,62.2464626707187,62.26988906536325,2856200
2021-08-11,63.30849075317383,63.425628661769046,62.746233558222,63.01955137302316,1693900
2021-08-12,63.33974456787109,63.49592451511175,62.949288741886384,63.36317096416889,2121500
2021-08-13,63.230411529541016,63.480302996603136,63.05861002883284,63.39440224624904,1255000
2021-08-16,63.27727508544922,63.2850858707785,62.691591301307135,63.05080997396825,1552900
2021-08-17,62.90243911743164,63.2226098127656,62.68377883924537,63.09766704025684,1864200
2021-08-18,62.76185989379883,63.17574203879514,62.558821233993896,62.7852862857221,1583400
2021-08-19,62.16837310791016,62.66034527230119,61.902860065147976,62.55101812465874,2802800
2021-08-20,62.418270111083984,62.566645235119765,61.92629790311519,62.19180501151266,1930100
2021-08-23,62.65254211425781,62.76186926481141,62.4416926397024,62.54320900582135,2948900
2021-08-24,62.160552978515625,62.9727016373923,62.13712658724025,62.77747376625507,2057500
2021-08-25,62.964881896972656,63.05078262468336,62.27768203316795,62.35577197893742,5489300
2021-08-26,62.31673431396485,63.089834959185424,62.24644918737313,63.01954983259372,2680700
2021-08-27,61.996559143066406,62.53538994664846,61.7779048917234,62.34016208539485,3781100
2021-08-30,61.37184524536133,62.11371490610587,61.33280323661681,62.10590412120368,3276400
2021-08-31,61.02823638916016,61.63734642059659,60.96576203776102,61.3874549728821,3962400
2021-09-01,60.95015335083008,61.52021548791227,60.91891617158296,61.09852250490041,2321300
2021-09-02,61.1531867980957,61.246898336938806,60.8798689238235,61.05167043276112,1649100
2021-09-03,61.00481033325195,61.200038214039246,60.92671441463135,61.160990254728944,1880900
2021-09-07,61.02823638916016,61.51239771779832,60.99699921346058,61.20003787656675,4105100
2021-09-08,60.95796203613281,61.27032789049528,60.879872062012986,61.05948436458341,1594600
2021-09-09,61.02823638916016,61.29374344578339,60.85643490175355,60.95014642885226,1897200
2021-09-10,60.95015335083008,61.2781347961006,60.86425259737121,61.23128200617131,2579500
2021-09-13,61.19223403930664,61.59050062733214,61.004816921716944,61.29375040344215,3686700
2021-09-14,60.66901397705078,61.27031318714812,60.606539629593954,61.25469757922476,3348900
2021-09-15,61.17660903930664,61.25470496198108,60.54407257924409,60.66902128921726,3595400
2021-09-16,61.30936050415039,61.52020397726539,61.04384750916975,61.37963967589485,2701400
2021-09-17,61.05947494506836,61.47335710614957,60.69244556965455,61.004811375829,8673200
2021-09-20,59.91152572631836,60.50502007997253,59.22431985644046,60.46597212540897,5951600
2021-09-21,59.997440338134766,60.59873965548383,59.997440338134766,60.23171024606127,2572900
2021-09-22,60.23170852661133,60.62997510396456,60.19266652201283,60.35665724024473,2686600
2021-09-23,60.98139190673828,61.14538860698101,60.395708130647975,60.419140486313694,3365200
2021-09-24,61.10633850097656,61.19223926176195,60.91111058244309,60.91111058244309,3002000
2021-09-27,61.762306213378906,61.85601776634424,61.356234732963244,61.36404551851462,5174100
2021-09-28,61.488990783691406,61.9809690092936,61.34842642750277,61.66079232546462,11676900
2021-09-29,61.55926513671875,61.90286220207794,61.48117516540452,61.68420789924493,15308900
2021-09-30,60.87987518310547,61.72326124575655,60.58313088308384,61.57488611680402,11164200
2021-10-01,61.41869354248047,61.55144707380493,60.46598051460898,61.036048557770215,13268800
2021-10-04,61.197509765625,61.82157182811426,60.976324432458846,61.15800980176748,6587900
2021-10-05,61.56087875366211,61.71097136514043,61.11060694607471,61.37918738045954,4108000
2021-10-06,61.26070022583008,61.39499044448743,60.87361991062107,61.02371252373671,10544200
2021-10-07,61.38710403442383,61.83737595538639,61.2449125842857,61.7741784160252,4048000
2021-10-08,61.9084587097168,61.995353797190695,61.22119920701808,61.37129181753616,2241300
2021-10-12,62.03485107421875,62.1454437320861,61.60038164026783,61.78206699525797,5806800
2021-10-13,62.07434844970703,62.17703990577904,61.33969380912899,62.01115092588691,4639300
2021-10-14,62.461421966552734,62.59571218288025,62.08224285515135,62.25603303009167,9949400
2021-10-15,62.951202392578125,63.07759142920599,62.6905170942947,62.7616097973638,2950900
2021-10-18,63.18818664550781,63.21978541265165,62.80111229498088,62.91170496656001,2530100
2021-10-19,63.9702262878418,63.9702262878418,63.21976931961912,63.306664400432766,2219600
2021-10-20,64.6574935913086,64.6574935913086,63.82804858754574,63.96233882241472,3046000
2021-10-21,64.4363021850586,64.69698745889723,64.1203205828464,64.45999975052614,2840400
2021-10-22,64.57849884033203,64.71278907343408,64.33361594151671,64.40470864368312,3078100
2021-10-25,65.06035614013672,65.14725122066207,64.62588073750993,64.71277581803528,5167700
2021-10-26,65.56594848632812,65.65284359900012,64.95768872447346,65.1472753217354,1814700
2021-10-27,65.24994659423828,65.62122450121929,65.13935394452233,65.53432941546427,2831100
2021-10-28,65.09197235107422,65.4474479380965,65.02877481613957,65.32105889507585,1632400
2021-10-29,64.09662628173828,65.17096016786549,63.93863848600996,65.02086754312992,5436500
2021-11-01,64.744384765625,64.79968109585683,64.23091539813058,64.49160068072977,3948800
2021-11-02,64.93399047851562,65.13937949147403,64.50742210622859,64.80760141220644,3012100
2021-11-03,65.45533752441406,65.62912770122837,64.88657186460274,65.09986200045577,2252700
2021-11-04,65.50273895263672,65.62913401223697,64.92607806704304,65.52643651959973,1856900
2021-11-05,65.47113800048828,66.05570609133804,65.42374286814564,65.62123062203727,3000600
2021-11-08,65.28945922851562,65.96881765258614,65.21046532435946,65.62913844055089,2113600
2021-11-09,65.43953704833984,65.48693820594535,64.83127743850697,65.17885780232447,1399700
2021-11-10,65.33685302734375,65.6844334307297,65.31315545926715,65.42374812819024,2601600
2021-11-11,65.31314849853516,65.63702527247898,65.17885827584742,65.63702527247898,1060900
2021-11-12,65.8740234375,65.89772100681242,65.10776988653843,65.2894612960149,2225500
2021-11-15,65.5185317993164,66.07939623413928,65.39213675813798,65.95300119296085,3564500
2021-11-16,65.36054229736328,65.72391902438383,65.28154840485406,65.62912876411184,1267300
2021-11-17,65.23416137695312,65.55803818452148,64.87078460480033,65.46324791247632,1746900
2021-11-18,65.37635040283203,65.39214677197467,64.86288101639721,65.02086881521645,1841000
2021-11-19,65.2183609008789,65.29736083237411,64.75229264466996,65.02877432435736,2164200
2021-11-22,65.02877044677734,65.51064107129145,64.99717168143317,65.47114110789919,3450300
2021-11-23,65.88192749023438,65.88192749023438,65.20256901522094,65.20256901522094,8308900
2021-11-24,65.7397232055664,65.96090852134232,65.60543298196643,65.76342077127842,1490600
2021-11-25,66.26107788085938,66.34797296011679,65.81080611872869,65.96089871505457,1261900
2021-11-26,64.38890075683594,65.2973455142814,64.13611670515824,65.2894443176157,4347400
2021-11-29,64.32572937011719,65.27366844230563,64.04924764296636,64.90239642404575,3311100
2021-11-30,63.02229690551758,64.39681011262866,62.89590786526008,64.1835259704479,7658800
2021-12-01,65.1788558959961,65.88191177362948,63.80433687574531,63.978127052571104,5048500
2021-12-02,66.86935424804688,67.03524323703968,65.49484117721511,65.5422363092565,4759500
2021-12-03,66.29270935058594,66.99576550105658,66.1189191063168,66.72718496125877,3811600
2021-12-06,66.95625305175781,67.44601884825389,66.49017879574738,66.57707389387055,6199800
2021-12-07,67.50921630859375,67.667210135402,67.18533951062125,67.34332731058126,3810600
2021-12-08,67.50921630859375,67.73830283732954,67.14583954720712,67.54871627200788,2995600
2021-12-09,67.77779388427734,67.84098537983928,67.00363930188092,67.24062699749243,3891700
2021-12-10,68.03059387207031,68.33867433237407,67.7541061535192,67.93579756626575,6002100
2021-12-13,67.8567886352539,68.14117146285872,67.59610337214156,68.03057881066213,7041700
2021-12-14,68.05429077148438,68.4097663677646,67.54082133375275,67.54082133375275,2859300
2021-12-15,68.47296905517578,68.72575319366472,67.82520932361982,68.0542958908206,4921400
2021-12-16,68.76525115966797,69.26291822276306,68.66255365127995,68.73365238992159,3786400
2021-12-17,68.954833984375,69.22341447227339,67.54082075642793,67.54082075642793,6874400
2021-12-20,68.59143829345703,68.72572850040532,67.87258007947423,68.47294445274208,4368200
2021-12-21,69.27081298828125,69.65788733473845,69.01802888063698,69.19971425624303,4875500
2021-12-22,70.04496765136719,70.06866522178359,69.16812138486638,69.23922012296461,4637700
2021-12-23,70.55052947998047,70.8744123177509,70.06865883593326,70.06865883593326,3525200
2021-12-24,70.906005859375,70.99290095447854,70.72431447138175,70.85860469950612,570400
2021-12-29,72.05934143066406,72.27262557917862,71.57747076999738,71.88555122165657,7349200
2021-12-30,72.09093475341797,72.49380545094466,72.07513235732972,72.41481155104815,10531100
2021-12-31,71.52385711669922,72.06697540825968,71.28424377580299,71.8034019519979,3305400
2022-01-04,72.56216430664062,73.00145338183167,72.33852844785977,72.4822952275932,10518000
2022-01-05,72.06697082519531,73.06534952607089,72.06697082519531,72.76183850108791,6364100
2022-01-06,72.88163757324219,73.14521098529079,72.31455926144088,72.6580017425171,4977400
2022-01-07,73.07333374023438,73.24904937034769,72.68995972327816,73.00944213315509,5107300
2022-01-10,72.6260757446289,73.35289242314484,72.33055339327291,73.20114297233718,4264600
2022-01-11,73.32891082763672,73.33689956279883,72.53020793277129,72.68196343275396,6004300
2022-01-12,73.2410659790039,73.95989993027771,73.20912321994335,73.21710586289821,3445800
2022-01-13,73.63243103027344,73.9119758596903,73.3848289582583,73.44872666030221,2969600
2022-01-14,73.71231079101562,73.83211747630142,73.06536322154193,73.3848395908092,4519500
2022-01-17,74.5509262084961,74.5509262084961,73.72826319153783,73.72826319153783,1845100
2022-01-18,73.76820373535156,74.03177716698222,73.48865892617653,73.99183958269158,4962200
2022-01-19,72.76183319091797,73.91995605558566,72.53819735322202,73.91196732034807,3946500
2022-01-20,72.71391296386719,73.38482047692861,72.54618608560183,72.63404389235315,2841700
2022-01-21,71.85931396484375,72.51425021828342,71.39606473607357,71.97113190370267,6532200
2022-01-24,71.07658386230469,71.10054397921272,69.70281361911712,70.31781838998681,8906200
2022-01-25,71.53982543945312,71.94716566412642,69.97436833503869,70.7650825764232,3453200
2022-01-26,72.26665496826172,72.81775593156335,71.93119505461031,72.28262634814001,3928000
2022-01-27,72.42639923095703,73.31296018244988,72.13087688258568,72.88165976602461,5512000
2022-01-28,72.1468505859375,72.42639544485324,71.37210762435609,72.39444659045988,3893600
2022-01-31,73.12926483154297,73.15322495314979,71.72355155255232,71.95517012383291,5049000
2022-02-01,73.67237091064453,73.95191577188457,72.95353691486946,73.2410705131795,3818300
2022-02-02,74.3592529296875,74.54295731285842,73.7043166707288,73.88003231716516,3509900
2022-02-03,74.15159606933594,74.5509476365175,73.95990902330276,73.97588649841796,2489900
2022-02-04,74.55891418457031,74.79053875583631,74.10365377721838,74.2793693894629,2036400
2022-02-07,74.6387939453125,74.7905494673708,74.19951094540642,74.58288497828372,4307400
2022-02-08,75.46943664550781,75.66112973229392,74.91833577845176,75.00619358649048,3627100
2022-02-09,75.11003112792969,75.87678527951988,74.95028687116903,75.86081390065397,2097800
2022-02-10,74.43911743164062,75.07808227139853,74.32729949872603,75.03814468380604,2954400
2022-02-11,74.39118957519531,74.98222803052772,74.0397583399935,74.36722946254423,2117200
2022-02-14,73.89598083496094,74.3911787677473,73.55253838507755,74.16754295733372,2320200
2022-02-15,74.30332946777344,74.57489162119745,74.08768236696513,74.31930693812636,1867600
2022-02-16,74.07171630859375,74.62282334190594,73.96788710978122,73.99184722538253,3653800
2022-02-17,73.49664306640625,74.03976131828371,73.34489364897192,73.94392086382412,2543600
2022-02-18,73.3768539428711,73.87204595113359,73.2730186428515,73.81613697943875,2722900
2022-02-22,73.21710205078125,73.39281768456834,72.49028549439498,72.68996124304026,3431700
2022-02-23,72.69795989990234,73.43277144793686,72.44237512907952,73.29698727779535,3245900
2022-02-24,70.92481994628906,71.12449567125765,70.00631039270966,70.28585518894178,5497600
2022-02-25,73.22509002685547,73.44073715196102,71.32417911318741,71.651644168884,3109900
2022-02-28,73.36087036132812,73.48866576806023,72.11489561379203,72.3225601029215,3828100
2022-03-01,72.5941162109375,74.35924913470937,72.21872482064015,73.4966484200202,3294200
2022-03-02,74.4311294555664,74.67872541876115,72.96950160254862,72.96950160254862,3757700
2022-03-03,74.95027923583984,75.34164805481872,74.20749136864823,74.66275179020228,2443100
2022-03-04,74.4311294555664,74.47904968234735,73.87203373743583,74.28736268160367,2564500
2022-03-07,73.60846710205078,74.73463509753648,73.4886604403302,74.20749431703379,5986000
2022-03-08,72.26665496826172,74.23146374881092,72.03503035149176,73.64041910176176,3670400
2022-03-09,73.99983215332031,74.47106398554845,72.71391987085283,73.04937365924779,5013500
2022-03-10,73.58451080322266,74.18353809886679,73.16119915594679,73.24106824330852,4077600
2022-03-11,73.3209457397461,74.53497174939702,73.17717894050655,73.824126490274,5505000
2022-03-14,73.84807586669922,74.53496090831194,73.52859346001097,73.72826920248862,4603900
2022-03-15,73.35287475585938,74.1116462016301,73.04138109814522,73.92794184506081,3901900
2022-03-16,74.06373596191406,74.62282565534584,73.30496441383308,73.88003158057468,4262900
2022-03-17,74.0477523803711,74.22346801056068,73.71229859198377,73.89599686454915,2343700
2022-03-18,74.09568786621094,74.48705679353672,73.72030250778833,73.80017160333311,11756300
2022-03-21,74.1356201171875,74.7745850227327,73.95990446348152,74.53497165974801,4469600
2022-03-22,74.86244201660156,75.2138672264823,74.38321529596448,74.51101071309994,6617300
2022-03-23,72.6340560913086,74.55892724064495,72.58612976545525,74.47905815571683,5695700
2022-03-24,72.82573699951172,73.07333297008728,72.12288058008625,72.98547515595658,4200700
2022-03-25,73.45671081542969,73.59248885359021,72.84170613544632,72.96950153156438,2069600
2022-03-28,73.4726791381836,73.73625256150295,73.18514560249331,73.52060545654506,3804000
2022-03-29,73.61646270751953,74.17555852946182,73.31295772551955,73.89600757168017,6805100
2022-03-30,73.00943756103516,73.56852717309243,72.72988666138676,73.48066936353776,9627500
2022-03-31,71.56378173828125,73.24904541817352,71.48391266352641,72.72190464989573,6211800
2022-04-01,71.14047241210938,72.1148909984071,70.94878540789965,72.1148909984071,17125500
2022-04-04,71.5201416015625,71.70592573112268,70.69621061843314,71.5605265083829,8547700
2022-04-05,72.06941223144531,72.46521874964047,71.05969732383777,71.26164030535928,8868800
2022-04-06,71.07585906982422,71.867478369477,70.91430712923132,71.48782452999104,5322600
2022-04-07,70.6719741821289,71.28588265922906,70.03383352983468,71.2535710380331,4661400
2022-04-08,70.74467468261719,71.28588045458577,70.68005144222384,70.80121847725852,3474700
2022-04-11,70.24385070800781,71.3262683668981,70.1630747424933,70.69620104513807,5544100
2022-04-12,69.26644897460938,70.40541045234129,69.0725854202676,70.24385235471374,2776000
2022-04-13,68.85447692871094,69.1614342033724,68.42635879595753,69.145275313753,2912300
2022-04-14,68.78985595703125,69.29875002058598,68.74946489808438,68.9594873115495,2917800
2022-04-18,68.36981964111328,68.86256104011436,68.20018826547849,68.74139401100061,5722000
2022-04-19,69.33106994628906,69.43607808420437,68.49906579985333,68.59599449244867,5186800
2022-04-20,69.56532287597656,70.29231270410716,69.44415585035115,69.54916398572735,4071700
2022-04-21,69.80764770507812,70.67196341120449,69.64609578653159,70.03382285616755,4243300
2022-04-22,68.7090835571289,69.83188613118169,68.7090835571289,69.83188613118169,3305800
2022-04-25,68.60408782958984,68.7575665076922,67.56206103350969,68.41829752647583,4295700
2022-04-26,67.44087219238281,68.66060945056205,67.40856057781002,68.28903512719036,3736200
2022-04-27,66.20498657226562,67.66705179189829,66.13229005679274,67.35202123256099,4562300
2022-04-28,66.33424377441406,67.19048018576719,66.21307673287254,66.4392519235838,6114800
2022-04-29,65.71224212646484,66.77850077649718,65.63146616989475,66.35846210464645,4773500
2022-05-02,65.96266174316406,66.22114852593407,65.20335412254735,66.011126089055,3928900
2022-05-03,66.86735534667969,67.1985447761553,65.87379938387357,66.1161272505727,2918600
2022-05-04,67.3520278930664,67.44088330708298,66.47963880706673,66.95622133423619,3666400
2022-05-05,66.62503814697266,67.27933150346931,65.88996265916565,67.2631726120827,2524000
2022-05-06,66.2938461303711,66.61695615482748,65.84149579381884,66.18075854623302,2870500
2022-05-09,65.75263977050781,66.19691065753702,65.53453788683674,65.67186380584896,2275600
2022-05-10,65.35682678222656,66.52001411674931,64.94486139145265,65.88187358211849,3031000
2022-05-11,65.09026336669922,66.229218579282,64.77523280814584,65.3810617534886,2526600
2022-05-12,64.89640045166016,64.98525586595814,64.2421070943853,64.6944574487668,2687800
2022-05-13,65.48606872558594,65.72032331984023,65.16295872789689,65.42952493820115,1826000
2022-05-16,65.79302978515625,66.01113168577916,65.15489530078496,65.57493404734488,1559300
2022-05-17,66.77043914794922,66.92391164337411,66.10806016516533,66.14037178599465,2052800
2022-05-18,65.13871765136719,66.52000669390976,64.88831036472672,66.43923074623314,2628700
2022-05-19,65.00949096679688,65.51838509014253,64.33903875149232,64.62175770890657,2306700
2022-05-20,64.81562042236328,65.65570400130574,64.04823952456951,65.34875287475043,2219300
2022-05-24,65.72840881347656,66.00304833096015,64.83178141470877,65.83341695319479,2245000
2022-05-25,67.65089416503906,68.2324908979404,66.76234633991106,67.04506526206856,2772100
2022-05-26,68.11939239501953,68.68483014857435,67.86090568442171,67.92552273996418,2059500
2022-05-27,68.90293884277344,69.05641129815594,68.19209569561693,68.25671892041477,2567900
2022-05-30,69.00794219970703,69.44413969278186,68.991789476027,69.37951647244275,771300
2022-05-31,69.29067993164062,69.37953534307245,68.33750874221754,68.64446604091333,3387100
2022-06-01,69.04835510253906,69.53301708282821,68.62831020022674,69.46031439623854,1947000
2022-06-02,69.49260711669922,69.64608573112686,68.56366831214888,68.78177014978918,4121600
2022-06-03,68.83023834228516,69.46837884094266,68.63637482459494,69.20181265236229,2454200
2022-06-06,68.3455810546875,69.37144865759184,68.3132694391017,69.07257699834163,4488900
2022-06-07,68.8706283569336,68.89486052592669,68.01438602138079,68.22440842400431,5606800
2022-06-08,68.19210815429688,68.78178440339359,67.80438106029197,68.77370495811526,3482500
2022-06-09,67.30355834960938,68.1840329761358,67.28740562231286,68.03055433416999,3474200
2022-06-10,66.18882751464844,66.64117777959859,65.76070941920489,66.51193132514989,4133400
2022-06-13,65.46992492675781,65.69610010713929,64.74292887352347,64.96102460808804,4139400
2022-06-14,65.15489196777344,65.76072096302781,64.81562304669445,65.56685124732232,6506500
2022-06-15,65.42952728271484,65.93842138741294,64.71869019257626,65.54261486153665,4532600
2022-06-16,64.12901306152344,64.54905791650606,63.39394380951997,64.41981144949271,5162600
2022-06-17,64.04823303222656,65.00140409605987,63.67665870738448,64.1613206022737,8516900
2022-06-20,64.77523803710938,64.84793455826976,64.06439473965905,64.4359691165939,1038500
2022-06-21,64.77523803710938,65.26797944545608,64.70253535313776,65.02564538263233,6186000
2022-06-22,62.9577522277832,64.21787458720611,62.941593336461125,64.11286644485797,4197700
2022-06-23,61.07563400268555,63.09506375766705,60.88177047179427,63.00620835542302,4181100
2022-06-24,61.03524398803711,61.738007773421295,60.88177151474059,61.39874504784712,6243500
2022-06-27,62.10958862304688,62.36807541668455,61.21296120950124,61.39067203565425,7745800
2022-06-28,61.90764999389648,62.91736506577347,61.65724262817074,62.55387010502244,12955700
2022-06-29,62.18228530883789,62.24690237890504,61.60068853855871,62.22267020727852,9266300
2022-06-30,61.53607177734375,61.705703159379965,60.60713273616432,61.390672569482525,9309500
2022-07-04,61.486934661865234,62.06012866675609,61.33954887900308,61.6097623948617,1894900
2022-07-05,61.21671676635742,61.5933838725947,60.28323605801341,61.29859983340421,7970400
2022-07-06,61.23309326171875,61.45418442334686,60.64352516041421,60.82367166328813,8653700
2022-07-07,61.70802688598633,62.19933157909602,61.437807118228655,61.437807118228655,3051200
2022-07-08,61.94548797607422,62.15019877160172,61.48693154594381,61.85541472625991,2328400
2022-07-11,61.77354049682617,61.82266909565384,61.42962156319677,61.691651169075286,4137600
2022-07-12,61.37228775024414,61.97823614133732,61.16757697556383,61.43779669748833,1475200
2022-07-13,60.64352798461914,61.08570408118995,60.103094698106894,61.00382100714605,2585200
2022-07-14,58.71924591064453,60.16860189257802,58.30982430514796,60.14403134853477,9699600
2022-07-15,59.30063629150391,59.59542040913637,58.768386843152,59.18599871767786,4403300
2022-07-18,60.05396270751953,60.75816842283689,59.77555899309464,59.77555899309464,6210200
2022-07-19,61.31497573852539,61.519686535759455,60.53707720794707,60.53707720794707,3309500
2022-07-20,61.413230895996094,61.413230895996094,60.91373611825984,61.24127459916053,2790200
2022-07-21,61.6998291015625,61.6998291015625,60.9546850957416,61.38867095863295,3057500
2022-07-22,61.486934661865234,61.85541786085464,61.143022007297525,61.667081170622986,1259500
2022-07-25,62.01918411254883,62.33853247051807,61.5933883843492,61.70802593606748,4541900
2022-07-26,62.11744689941406,62.232084449934334,61.70802529119081,61.74896995092431,5831900
2022-07-27,62.80527114868164,63.157373975736576,62.17476463139985,62.25664770221493,6234600
2022-07-28,63.21469879150391,63.36209083196855,62.39585551053997,62.86259593079828,5904400
2022-07-29,63.87795639038086,64.18911454084352,63.25563384217804,63.26382402298107,4685000
2022-08-02,63.37846374511719,63.81244963344294,63.059115402867,63.59954865618358,4398500
2022-08-03,63.88614273071289,64.13179818583848,63.37846395279403,63.730566773259234,2643800
2022-08-04,64.00897216796875,64.11542578342952,63.72237829418575,64.00078823391631,1304200
2022-08-05,64.25462341308594,64.47570831627378,63.69780981744239,64.10723139520155,1765200
2022-08-08,64.13998413085938,64.57396999194485,64.0908492947127,64.4593324530648,1635500
2022-08-09,63.64049911499024,64.20550296305963,63.37027934006328,64.12361363930363,2460400
2022-08-10,65.04891204833984,65.35188006315073,64.1236151453031,64.20550447098235,2335600
2022-08-11,65.2699966430664,65.65485398154185,65.13079478578587,65.45833334495296,1902800
2022-08-12,65.82682037353516,65.89232934482978,65.40102455467884,65.64667382611464,1637600
2022-08-15,66.42456817626953,66.44913247475502,65.57297042752883,65.78586517925524,3545100
2022-08-16,66.83399200439453,67.03870282819805,66.12159608853798,66.37543551092521,2096900
2022-08-17,66.88311767578125,66.89949179216633,66.3754326059475,66.53101482435812,1895700
2022-08-18,66.97319030761719,67.12877252457247,66.70297053520376,66.89130723190112,2060700
2022-08-19,66.52281188964844,66.97317809487866,66.16252517274134,66.784841432525,1979300
2022-08-22,66.1461410522461,66.26077858028339,65.62208199628228,65.85954723215286,2120100
2022-08-23,62.67426681518555,65.46651921441094,62.55143907095812,65.42558079785418,5645100
2022-08-24,61.3968620300293,62.21570517861862,61.00381456990435,62.1665703415546,3703000
2022-08-25,61.97825241088867,62.39585800282023,61.21672787928348,61.41324852532649,2963100
2022-08-26,61.249473571777344,62.305775797220974,60.95468952137705,62.16657395322022,2909100
2022-08-29,60.84823989868164,61.02019623148088,60.54527189448794,60.84005596422326,7486400
2022-08-30,60.22590637207031,61.2330797840508,59.8983679159629,61.2330797840508,2322900
2022-08-31,59.464385986328125,60.299603168840754,59.41525115398491,60.20952993136784,4135500
2022-09-01,58.44901657104492,59.24329535507914,57.86763873620925,59.161412296857215,5663800
2022-09-02,58.47360610961914,59.4644058047604,58.30164351002105,58.91577601713762,6315500
2022-09-06,57.87583541870117,59.01402692351215,57.64656033100941,58.85844472231663,7192500
2022-09-07,58.06417465209961,58.18699613499951,57.27807967787303,57.5401092535226,4218800
2022-09-08,59.45620727539063,59.57903500902667,57.87583959571126,58.17881383904309,5318900
2022-09-09,60.04578399658203,60.307813617127465,59.841073160303445,60.06215811468159,4274200
2022-09-12,60.27506256103516,60.7991218319253,59.980278440249535,60.25868219472523,7011600
2022-09-13,58.96489334106445,59.75917214710111,58.68648343866534,59.65271854591451,6192700
2022-09-14,58.77655792236328,59.2023598415602,58.539092668826,59.15322500640536,5726300
2022-09-15,58.42445755004883,59.1204729786533,58.35076466518272,58.743805879023554,4032400
2022-09-16,58.342567443847656,58.35075762360356,57.76118962671199,58.03140933316674,9952400
2022-09-19,58.62099075317383,58.69468990115352,57.77758312633218,57.96591984025469,5873800
2022-09-20,58.20336532592773,58.555468086306,57.72843485894744,58.547277906592086,5693300
2022-09-21,57.49917984008789,58.47360540544074,57.47461553966368,58.43266073988115,4684500
2022-09-22,57.22076034545898,57.933156175721074,57.155257637643714,57.69569089896704,4298300
2022-09-23,56.68851852416992,56.74583729932973,55.93517801842649,56.67213816139401,8366500
2022-09-26,55.10815048217773,56.37735370816557,54.80517624573111,56.10713394976274,13441700
2022-09-27,54.66597366333008,55.5421356355492,54.453072682551486,55.43568202152099,5195100
2022-09-28,54.862491607666016,55.23096853000053,54.22379494373819,54.45307002850433,8542700
2022-09-29,54.11735153198242,54.56771785283174,53.626046793869605,54.56771785283174,4710300
2022-09-30,53.79799270629883,54.6086519266089,53.77342841124898,54.32205182495399,3564700
2022-10-03,54.55501174926758,54.90440187433208,53.99765040498213,54.07251699744826,5475300
2022-10-04,55.82779693603516,56.33524723995173,55.02918818235781,55.04582308801062,12530900
2022-10-05,55.37025833129883,55.45345190085226,54.80457633093818,55.3619440517661,6611400
2022-10-06,54.347049713134766,55.31203303304989,54.13907845877265,55.262121962972266,3629500
2022-10-07,53.95605850219727,54.26385821932165,53.45692880028141,54.15570911360791,3915200
2022-10-11,53.2905502319336,53.831276742795545,52.982753675317554,53.45693103738738,10871300
2022-10-12,53.26559448242188,53.80632099109731,52.99107408800667,53.24895957533315,4333700
2022-10-13,54.79625701904297,55.05413928999612,52.56680220742498,52.82468765176697,6236100
2022-10-14,54.4635124206543,55.46177189028554,54.39696009687117,55.32035296233058,6045400
2022-10-17,55.04582214355469,55.34530121439262,54.8045747616698,55.11237445858047,10372300
2022-10-18,55.35361862182617,56.01912269305275,55.05413956840201,55.902659321918655,2498000
2022-10-19,53.98101425170898,54.83785474034269,53.623303466992354,54.83785474034269,5895800
2022-10-20,53.19904327392578,54.34704539534674,53.157449661035805,53.85622997372158,5725700
2022-10-21,53.94773864746094,54.1889860486407,52.99107284286939,53.14081239026447,2458900
2022-10-24,53.781368255615234,54.37200586306972,53.63994932427664,54.29713291032753,5709900
2022-10-25,54.3553581237793,54.40527553524534,53.26559089957534,53.52347319616631,4200700
2022-10-26,54.39695739746094,54.879452200776775,54.047567235106136,54.2555384765238,4043300
2022-10-27,54.6881217956543,54.94601047878326,54.480150531687336,54.62989009561472,3601800
2022-10-28,55.05414581298828,55.40353596602058,54.837853950587046,54.95431733493115,2423100
2022-10-31,54.77961730957031,55.361940525461605,54.67147456152864,55.12900743103837,4578500
2022-11-01,54.89609146118164,55.37858630276296,54.62157422429078,55.23716737061022,2713500
2022-11-02,54.5217399597168,55.29539321105873,54.42191148165452,54.82121904712518,3265300
2022-11-03,53.91447067260742,54.35536875499179,53.79800726770512,54.23890535008948,3351200
2022-11-04,54.77961730957031,55.020864682996695,54.28048765793339,54.34703997062575,3169600
2022-11-07,55.0874137878418,55.195556529586106,54.65483012730955,55.0291821043214,2358600
2022-11-08,55.3037223815918,55.63647133298299,54.94601154674478,55.15398281475399,1760100
2022-11-09,54.912723541259766,55.29538983026774,54.78793953800589,55.17892645303827,2479100
2022-11-10,57.43333435058594,57.9324640220383,55.73628839022541,55.92762471011751,6081700
2022-11-11,57.13385391235352,57.69953588561555,56.68463531475326,57.63298357187226,2828000
2022-11-14,56.96747589111328,57.24199306117383,56.76781896244326,57.14217094361639,4286700
2022-11-15,57.85759353637695,57.86590781515103,56.98411190999443,57.56642876306432,2570500
2022-11-16,57.242000579833984,57.85760000392504,56.96748337371597,57.74113662029234,2848100
2022-11-17,57.242000579833984,57.3584639634667,56.79278195148851,56.8759755227505,2099600
2022-11-18,57.43333435058594,57.757768954368885,57.20040759369338,57.55811835514356,3140700
2022-11-21,58.3900032043457,58.40663810977541,57.30855029484959,57.43333429929577,2988200
2022-11-22,58.656211853027344,59.013922649128666,58.17371704028068,58.531427836382,2706800
2022-11-23,58.98896026611328,59.12205854744358,58.464868726409385,58.65620504262056,2625800
2022-11-24,59.08878326416016,59.44649402401815,58.98064051230656,59.11373879560498,2249000
2022-11-25,59.36329650878906,59.47975986651981,59.13036979332757,59.27178867817533,2884200
2022-11-28,59.44650268554688,59.68775010262742,58.95569357087815,59.354994825730834,3672400
2022-11-29,57.95742034912109,59.22188897071991,57.616350835212046,59.0638288063255,5414300
2022-11-30,58.381683349609375,58.49814672949042,56.91756412810425,58.04892811561573,6020400
2022-12-01,58.36505508422852,58.573026335788434,57.69122391336473,58.398324899312655,2862900
2022-12-02,57.35015487670898,57.999024171924624,57.341834249473685,57.9491131020708,4419400
2022-12-05,56.52658081054688,57.38342765544997,56.31029528941352,57.32519596179428,7759100
2022-12-06,56.85101318359375,57.00907335157935,56.32692796148445,56.65968320350647,3311400
2022-12-07,56.543212890625,56.89260299587505,56.351876587210405,56.801095156865145,3141200
2022-12-08,56.68463897705078,56.8593340518302,56.23542035042728,56.63472791190763,4220500
2022-12-09,57.117218017578125,57.27527182650722,56.69295495828875,56.75950727087882,2337500
2022-12-12,56.72623825073242,57.10890457609788,56.06904836148131,57.0589871619868,8467800
2022-12-13,56.2686882019043,57.60802325758456,56.01080594103407,57.458283737484365,5284000
2022-12-14,55.4201774597168,56.526579615789686,55.30371407486702,56.26037668659327,5126400
2022-12-15,54.488468170166016,55.237165948730194,54.1307573618953,55.07078513861652,10736800
2022-12-16,54.27217102050781,54.6714785792284,54.05588550853007,54.114117199720745,11494100
2022-12-19,53.63994216918945,54.55501430731314,53.29054568096407,54.33872245208376,9698700
2022-12-20,54.31376647949219,54.86280721920124,53.664897265845966,53.99765249885839,5032700
2022-12-21,54.78794097900391,55.22883896822283,54.646522066759765,54.67147759871129,1713200
2022-12-22,54.754669189453125,54.77962472339575,54.00597143728073,54.52174241028365,5739000
2022-12-23,55.22052001953125,55.237161272523295,54.77962201691823,54.8544949618256,3687900
2022-12-28,54.43855285644531,55.47008841161493,54.338724378159824,55.30371396125089,13099800
2022-12-29,55.42848587036133,55.46176202633468,54.45518210855745,54.571645481075294,9330200
2022-12-30,55.18725204467773,55.41186456593184,54.71307781253828,55.32035670124007,4108200
2023-01-03,55.085845947265625,55.98154866287229,54.85769111982479,55.77029753584259,6490400
2023-01-04,56.11675643920898,56.38715764301614,55.28019727538132,55.32245008251844,8879300
2023-01-05,56.20969772338867,56.24349867774704,55.77029821047565,56.10830130718644,3517700
2023-01-06,56.775856018066406,57.189906429610886,56.26884814627965,56.36179915964903,3859300
2023-01-09,56.860347747802734,57.23215175267486,56.65754849372343,57.02934605172349,3846700
2023-01-10,57.13075637817383,57.2068036908279,56.80120512959375,56.9364025010475,3937400
2023-01-11,57.2406120300293,57.71381900834816,56.98711450827242,57.35891216289058,5032700
2023-01-12,57.93350982666016,58.08561090338191,57.40115928157056,57.55326035829231,5310200
2023-01-13,58.46586990356445,58.51656811618909,57.40116231033306,57.61241345876696,4132700
2023-01-16,58.79541778564453,58.91371790618925,58.4151618722882,58.482763783134615,10165000
2023-01-17,58.85456848144531,59.03201866417854,58.465867160190655,58.81231567499178,6747700
2023-01-18,58.49121856689453,59.42072232358941,58.41516480166014,58.981322774799,8581400
2023-01-19,58.271514892578125,58.305315849303966,57.84056075291527,58.13631751254806,3859700
2023-01-20,58.46586990356445,58.46586990356445,57.9757656919482,58.31376881881711,5243400
2023-01-23,58.82077026367188,58.964419497303545,58.14476401018702,58.49967083904695,5319000
2023-01-24,58.66021347045898,58.829218246153246,58.41516138085704,58.727815380736686,3408200
2023-01-25,59.24327087402344,59.505220227527566,58.42361541023838,58.47431362140093,4524600
2023-01-26,60.16431427001953,60.16431427001953,59.26861161588814,59.29396071789226,4463800
2023-01-27,59.969974517822266,60.36712769161549,59.691121466409164,60.215026613287726,4858200
2023-01-30,60.03757095336914,60.0798173092953,59.716465124593,59.716465124593,4166500
2023-01-31,60.86568069458008,60.87413254575854,59.986875131352,60.20657813387739,3378200
2023-02-01,61.13607025146485,61.39802601305272,60.63752072386133,60.89101818901027,3121300
2023-02-02,62.01488876342773,62.12473704353828,61.00933119910344,61.31353337911964,3513100
2023-02-03,61.989524841308594,62.27682324995461,61.6430699341944,62.107824944500734,3120600
2023-02-06,61.533233642578125,61.85433306411201,61.28818153922067,61.82053855394917,2731700
2023-02-07,62.3190803527832,62.53033147262315,61.09382643646056,61.31352295934586,3266900
2023-02-08,61.8712272644043,62.68243076807528,61.7275780542159,62.15852568478111,2443100
2023-02-09,61.78673553466797,62.369784295180416,61.55858069400703,62.10783494548458,2325100
2023-02-10,62.16697692871094,62.21767513254876,61.431820738700985,61.51632634092709,1713900
2023-02-13,62.66554641723633,62.809195656999385,62.15009307749952,62.183887589430135,2537300
2023-02-14,62.488075256347656,62.87678296886692,62.20077684355851,62.68242911260729,2075900
2023-02-15,62.22613906860352,62.69089418362935,62.05714072507062,62.28528913352739,2258400
2023-02-16,62.08248901367188,62.3866911855206,61.70223307542424,62.04023620490876,2408300
2023-02-17,61.6430778503418,61.93883459317506,61.53322958237737,61.921930892335645,2703500
2023-02-21,60.688236236572266,61.42339263361193,60.50233417431804,61.40648892965748,2858100
2023-02-22,60.47697067260742,60.61217448456997,60.06292028049916,60.52766887865708,2441300
2023-02-23,60.25727462768555,60.67133151425885,60.12207724705576,60.61218145144457,2375000
2023-02-24,60.282623291015625,60.316424247643226,59.58127439333097,60.012222084868064,2904700
2023-02-27,60.443172454833984,60.75582644899136,60.3417760381462,60.41782335066203,1781600
2023-02-28,56.98711013793945,59.1925725765184,56.699805232399896,59.15031976936242,10034300
2023-03-01,57.83210372924805,57.86590467918259,56.53924801689367,56.944846522364216,5708700
2023-03-02,58.110965728759766,58.12786943165566,57.35891212173532,57.98422019140913,5565700
2023-03-03,59.11651611328125,59.37002005089366,58.516563670929685,58.5503646257362,6454900
2023-03-06,59.395389556884766,59.9108430127086,59.17568649861351,59.31089036428048,3399800
2023-03-07,58.339111328125,59.36156599730076,58.00110823947757,59.25171773341124,5693000
2023-03-08,58.06026077270508,58.53346124886953,57.832112385089495,58.482763039815616,2616400
2023-03-09,56.86881256103516,57.95041742518659,56.71671147408426,57.95041742518659,6672400
2023-03-10,55.54214859008789,56.68290337506564,55.28864466148274,56.61530146785457,8805400
2023-03-13,55.56749725341797,55.82944658319504,53.970436054288704,54.92529203374522,7242600
2023-03-14,55.770294189453125,56.88569981536729,55.38159291266647,56.68290055071173,4199600
2023-03-15,55.11119842529297,55.18724574118088,53.953539857416224,54.75629805740311,6313200
2023-03-16,55.5337028503418,56.09985438006455,54.29999691892234,54.84079934236996,5659600
2023-03-17,55.609745025634766,55.73649699216014,55.09429175613829,55.40694574731785,9803300
2023-03-20,55.56749725341797,55.96465039654621,55.31399332682085,55.81254932996247,5277100
2023-03-21,56.277305603027344,56.60685688439513,55.956206172864086,56.32801026338099,3637600
2023-03-22,56.17591094970703,56.75895976375748,56.12520628775249,56.73361065621708,3310700
2023-03-23,55.91394805908203,56.63220061836064,55.85479800000904,56.251951159587534,3011500
2023-03-24,55.6435432434082,55.77029520370021,54.7562924151092,55.44919582491664,3547800
2023-03-27,56.19279861450195,56.59840360653886,55.96465023870613,56.23505141777319,3335200
2023-03-28,56.3280029296875,56.57304856085304,55.98154799101778,56.01534894456161,2985800
2023-03-29,57.3166618347168,57.36736004618658,56.62375834151222,56.6998056587169,4062400
2023-03-30,57.282859802246094,57.865915010690976,57.11385502239887,57.4856590911896,6567100
2023-03-31,57.51946258544922,57.68001552167087,57.11385754279,57.56171539399389,9388700
2023-04-03,57.82833480834961,57.905550509258255,57.22773988006299,57.27064185562718,6353200
2023-04-04,57.54520034790039,58.44608951226955,57.38218068773843,58.30880842035995,8882500
2023-04-05,57.91413497924805,57.9312918427396,57.16768377187222,57.236324317683895,3305400
2023-04-06,57.89697265625,57.99134521543859,57.48513596613761,57.871227544556255,7060000
2023-04-10,58.00851058959961,58.26590934788539,57.72537326466972,57.8712295062679,8560500
2023-04-11,58.40319442749024,58.49757355283631,58.1286387571899,58.21443617679809,2755200
2023-04-12,58.36886215209961,58.99519562374439,58.30880331612728,58.6863197399089,3885600
2023-04-13,58.746376037597656,58.77211460248482,58.13720600022122,58.42891846350491,5531500
2023-04-14,58.73780059814453,59.29549356522236,58.514722102128886,59.20111445328968,3239600
2023-04-17,58.96087265014648,58.99519291854582,58.42891830883965,58.71205561369273,4301100
2023-04-18,59.244022369384766,59.34697665023461,58.87508758918525,59.14106154261167,2588800
2023-04-19,59.20969009399414,59.34696462261412,58.8407553885652,58.986611620824526,2371300
2023-04-20,59.02093505859375,59.192529865062994,58.90939908898097,58.91797424715884,4032800
2023-04-21,58.50614547729492,59.02093645480291,58.35170752945028,58.94371420791938,4270500
2023-04-24,58.04283905029297,58.50615295302768,57.83692394216307,58.34313328004975,5691600
2023-04-25,56.97893142700195,57.871232328483664,56.97893142700195,57.742539488987134,4712600
2023-04-26,57.11620330810547,57.41649749613415,56.824490824283984,56.83306598256884,3834100
2023-04-27,57.7768440246582,58.0685630215977,57.36501391193629,57.3907524757412,2584200
2023-04-28,58.02566909790039,58.068571074139015,57.5108781126496,57.54519838445599,2268700
2023-05-01,57.89697265625,58.40318190555098,57.88839095235208,58.17152826768422,2280000
2023-05-02,56.56709289550781,57.828335049658016,56.32685754155967,57.794014778247934,3074900
2023-05-03,56.75584411621094,57.33927556638912,56.54134735579134,56.54992905906618,2280500
2023-05-04,56.3354377746582,56.532771147709646,55.80348340057788,56.49845087719586,2874800
2023-05-05,57.43366241455078,57.49372125373554,56.6528909592264,56.85023088564633,3380400
2023-05-08,57.72537612915039,58.08572917189425,57.49372247193582,57.63957872077176,2870000
2023-05-09,56.52418899536133,56.75584918301176,56.1209405483472,56.609992943926514,3292200
2023-05-10,56.70437240600586,56.92745091676554,56.33544418433223,56.78159465992857,1592600
2023-05-11,57.10761642456055,57.17625696014818,56.31826990306802,56.481289538608216,1593500
2023-05-12,57.07330322265625,57.45940137369578,56.72153188958209,57.26206144593035,1445500
2023-05-15,57.56235504150391,57.60525701758907,56.97034835624817,56.99608692353026,3671100
2023-05-16,56.74726486206055,57.5623499684642,56.71294459340161,57.313539476050224,2976000
2023-05-17,57.43366241455078,57.45940098192675,56.73868836578712,56.867387748589465,1891300
2023-05-18,57.50229263305664,57.61383514558501,57.09046249026263,57.38217496258155,1638000
2023-05-19,57.08189010620117,57.7082236724451,56.85881159064432,57.622426257514974,2114400
2023-05-23,57.064720153808594,57.50228883337294,56.66146519560792,56.66146519560792,3225500
2023-05-24,56.3354377746582,56.98750327665338,55.66620231852272,56.28395409592638,3421900
2023-05-25,57.244903564453125,57.40792321727556,56.24106017226988,56.301119010795645,3351100
2023-05-26,57.31353759765625,57.75968798375653,57.21915849841782,57.3821715868028,2070300
2023-05-29,57.7425422668457,57.84549654339583,57.356444092013845,57.4765617786043,774000
2023-05-30,56.97893142700195,57.79401662478575,56.86738890487474,57.605258398960615,1712000
2023-05-31,56.25821685791016,57.00466803088543,56.19815801957347,56.790171244551175,4371500
2023-06-01,56.25821685791016,56.78158954023952,55.95792266622669,56.36975283027189,3507400
2023-06-02,57.23632049560547,57.313542740967605,56.42123534276976,56.62715042053164,3792700
2023-06-05,56.53277206420898,57.38217749894829,56.515615201635086,57.32211866105606,4657400
2023-06-06,57.0561408996582,57.0732977610765,56.48986628402508,56.541349960123874,4106800
2023-06-07,56.9960823059082,57.17625880820812,56.71294499689892,57.00466400961448,2876400
2023-06-08,56.89312362670898,56.98750273324137,56.52418890460662,56.87596676457683,3012900
2023-06-09,56.73868560791016,57.08188176339396,56.65288820551976,56.80732614819136,1973500
2023-06-12,56.44697189331055,56.9703445461188,56.37833135453391,56.69578893693431,4083800
2023-06-13,56.98749923706055,57.10761690238306,56.4898651687691,56.56708740843175,4061100
2023-06-14,56.89312362670898,57.37360086339811,56.77300595401726,57.14194067611962,2084800
2023-06-15,57.21916961669922,57.26206505001063,56.78159430301574,56.867391715561546,2647600
2023-06-16,56.80733108520508,57.4937234558257,56.74727224371998,57.347860658570944,7136600
2023-06-19,57.064720153808594,57.12477898507752,56.79016456144753,56.93602078796898,543300
2023-06-20,56.00940704345703,57.03041397314111,55.99225017853742,56.98751199195715,4868300
2023-06-21,55.408809661865234,56.01797973024895,55.27152858091679,55.98365946001184,6474800
2023-06-22,54.83395767211914,55.34017021273548,54.71383999688157,55.27152967090762,4711300
2023-06-23,54.29342269897461,54.679517548981565,54.250523998520734,54.64519727943404,2653600
2023-06-26,54.94549560546875,55.03129300774583,54.2333647293168,54.25052486436444,4495800
2023-06-27,55.408809661865234,55.43454822806251,54.919757266350295,55.151410908048014,1659500
2023-06-28,55.4688720703125,55.70052572692795,55.280113844814096,55.52034920602201,1906600
2023-06-29,56.23247909545898,56.25821766283977,55.649047566445326,56.00940060162133,12726800
2023-06-30,56.86739349365234,57.047570029409066,56.55851756209135,56.56709926739114,8770000
2023-07-04,56.9371452331543,57.28591260700043,56.76275489391998,57.10280774003783,1278500
2023-07-05,56.49245834350586,56.75403387463135,56.300632295960405,56.64068514304143,7543300
2023-07-06,55.184566497802734,56.05649833062822,55.1584062810319,55.84723655339745,11576900
2023-07-07,55.760032653808594,56.09136762978669,54.97529279653297,55.03632774919269,5896100
2023-07-10,55.385101318359375,55.995454166264494,55.2717492673964,55.76003221095157,4324000
2023-07-11,55.62924575805664,55.69900189558102,55.132244919740415,55.367666894651634,4155400
2023-07-12,56.38782501220703,56.440145441090735,55.92570224632103,55.97801602289337,3828000
2023-07-13,57.1376838684082,57.1551262278952,56.43142131233848,56.53604886001635,4228700
2023-07-14,56.954586029052734,57.57365682093994,56.84123728765767,57.38183075680072,2527300
2023-07-17,57.14640426635742,57.17256115291905,56.72787412443859,56.7627521906244,3447000
2023-07-18,57.7916374206543,57.80035860111762,57.09409598675428,57.1900023626046,4193600
2023-07-19,58.436859130859375,58.47173719685251,57.85266649317381,57.91370144558408,8470400
2023-07-20,58.602535247802734,58.602535247802734,58.34967422852603,58.41943036880478,6929700
2023-07-21,58.64613342285156,58.750760979038894,58.4717430753534,58.698447200945225,4745200
2023-07-24,58.51533889770508,58.890269807474674,58.323512852849305,58.681008055046185,3562800
2023-07-25,56.98945999145508,58.69844543155241,56.85866889785189,58.6897242513625,8114400
2023-07-26,57.29463195800781,57.58237101932542,56.85866610230636,56.989457189479005,3730600
2023-07-27,57.3818244934082,57.92242455585503,57.29463265167448,57.41670256056391,2187600
2023-07-28,57.591094970703125,58.027060847385776,57.54749572211031,57.80907790904445,1449100
2023-07-31,57.896270751953125,58.13168940240298,57.55621789446362,57.573653602814495,4732300
2023-08-01,57.14640426635742,57.82650992620346,56.90226445536766,57.748039266518575,2786000
2023-08-02,56.43142318725586,56.815075280984175,56.16112647702613,56.72787678527411,3626800
2023-08-03,56.01289749145508,56.1175317032626,55.646687728596405,56.05649674278615,2551900
2023-08-04,56.12624740600586,56.54477090776404,56.012892024533386,56.15240429332685,2937100
2023-08-08,55.63797378540039,56.15241372140715,55.49846481933869,56.10881446701103,3282400
2023-08-09,55.66412353515625,55.75131538044916,55.40254467312183,55.58564954393036,1772000
2023-08-10,55.9780158996582,56.28319733515532,55.77747532169814,55.803632209926725,1817500
2023-08-11,56.326786041259766,56.33550722083742,55.78618932288565,55.83850642188525,1162500
2023-08-14,55.9780158996582,56.23959808656678,55.73387607310959,56.169841949749646,1725900
2023-08-15,55.12352752685547,55.76875517357617,54.966579542268114,55.62924622351582,3192300
2023-08-16,55.06249237060547,55.21944035462708,54.96657934413052,55.053771190295535,1705500
2023-08-17,54.75731658935547,55.41126544191821,54.72243851894138,55.32407359203886,1842400
2023-08-18,54.42597579956055,54.61780184033444,54.33006610532912,54.53932785330471,1775200
2023-08-21,54.12952423095703,54.45213804471607,54.06848594885119,54.36494287467604,2363700
2023-08-22,53.72843551635742,54.2777534707586,53.588926564177605,54.26903561644051,7186400
2023-08-23,54.46957778930664,54.58292652260392,53.76331187046913,53.876663929922096,2225500
2023-08-24,54.40854263305664,54.67883934732669,54.37366456471352,54.39982145289302,1724000
2023-08-25,54.164398193359375,54.818346991548566,53.7894672829718,54.67012019384703,2108500
2023-08-28,54.77475357055664,54.853227562967696,54.31263079644472,54.31263079644472,1155700
2023-08-29,56.25703811645508,56.309358549243015,54.652686760277895,54.67884365051594,5001500
2023-08-30,56.22216033935547,56.60580577331229,56.03904882377407,56.23959604677169,1934200
2023-08-31,55.90826797485352,56.483739488870704,55.69900288471982,56.2395996555112,4210700
2023-09-01,57.09408950805664,57.1551244597509,56.318064190357,56.344227728778094,3862100
2023-09-05,56.248313903808594,57.25975118197716,56.16112206725607,56.97201213427418,5039300
2023-09-06,56.08264923095703,56.31806787365718,55.76875327248268,56.03904998304789,2353800
2023-09-07,55.62924575805664,56.37038975155249,55.50717584354469,56.19599940774154,4371100
2023-09-08,55.34150695800781,55.61180366063786,55.167119949957616,55.47229471942881,3347400
2023-09-11,55.7338752746582,55.93442250205656,55.11480453697559,55.39382242793552,3032400
2023-09-12,55.899539947509766,56.11752286521108,55.59436186703471,55.68155702980845,2641900
2023-09-13,56.50989532470703,56.54477339343862,56.02161566708763,56.18728483048481,3912100
2023-09-14,56.83251190185547,57.24232088995662,56.727877696709,56.94586063486397,4927500
2023-09-15,57.14640426635742,57.17256115291905,56.60580421894371,56.9197001623051,8178300
2023-09-18,57.00689697265625,57.25104345724669,56.631966043853176,57.14640924956507,2620700
2023-09-19,56.52733612060547,56.884824673664326,56.47501569280056,56.788911650385096,11314900
2023-09-20,56.25703811645508,56.74532445937532,56.23088122621704,56.55349839454721,3224700
2023-09-21,55.30663299560547,56.448861497098505,55.2979118151702,56.03905249669096,5624000
2023-09-22,55.21944046020508,55.66412419834604,55.20200142570759,55.52461524852184,1582100
2023-09-25,54.556766510009766,55.21943646838703,54.460853490285,55.123523448662255,5586100
2023-09-26,54.07720565795898,54.896820277106855,54.059766624425336,54.49573248429974,4817800
2023-09-27,53.66739654541016,54.312627479850754,53.62380062476747,54.312627479850754,6227400
2023-09-28,54.05976486206055,54.3300648837868,53.676116115294136,53.71099085506895,4946500
2023-09-29,54.00654220581055,54.51218793570108,53.79363713764079,54.37912184509357,3581400
2023-10-02,52.8355712890625,54.06863727546554,52.755732313769656,54.02428304119422,5086300
2023-10-03,51.58475875854492,52.560565369608405,51.07024020739484,52.52508063145787,8343000
2023-10-04,52.44524765014648,52.46299002124735,51.158954509429805,51.72670023262357,7241700
2023-10-05,52.95089340209961,53.02186288652935,52.33879682694381,52.61379850309216,4403500
2023-10-06,52.70250701904297,52.81783073933288,51.85089350923585,52.72911888372092,2158100
2023-10-10,53.35896301269531,53.42105962171067,52.64041218607443,52.64041218607443,2727200
2023-10-11,53.69605255126953,54.13960164786752,53.31460005747437,53.438796647091095,4095900
2023-10-12,53.13718795776367,53.72267268315021,52.94202525463104,53.66944556847458,2729700
2023-10-13,52.640403747558594,53.53637137973168,52.61379188624985,53.22588838442685,2958600
2023-10-16,53.30573272705078,53.35008696170776,52.39202263387443,52.87105310578551,3243000
2023-10-17,53.18154144287109,53.3944431305413,52.95976687754136,53.22589567913477,3473700
2023-10-18,52.02831268310547,52.91541091549253,52.00169743500624,52.91541091549253,2430900
2023-10-19,51.65572738647461,52.39202051119183,51.5847612907009,51.89524430473162,2121000
2023-10-20,50.28073120117188,51.65573286985652,50.18314984811485,51.52267015715173,4038500
2023-10-23,50.26298141479492,50.89282029378321,49.970240782818905,49.996852644631936,3894000
2023-10-24,49.84604644775391,50.48475823217719,49.68636850164808,50.4670158621642,3823900
2023-10-25,49.6508903503418,50.05008185736104,49.34927680867554,49.686371708646845,2382300
2023-10-26,49.78395462036133,50.10331054320797,49.37589022295124,49.411374966381175,3089000
2023-10-27,49.15411758422852,50.032346406570106,48.96782774991748,49.8371836940472,3930100
2023-10-30,49.82830429077149,50.041209347826495,49.500078904155615,49.63314498781639,2345400
2023-10-31,49.8105697631836,50.09444094199189,49.52669858437529,49.89927823755691,2739100
2023-11-01,50.12104797363281,50.24524117938235,49.52669380782832,49.98798189089485,2713000
2023-11-02,52.23234558105469,52.34766591634579,50.79524398854891,51.22992361729698,3577500
2023-11-03,52.48960494995117,53.03960833415029,52.45412358968951,52.73799477585162,3618000
2023-11-06,52.551700592041016,52.88879548268275,52.250087058722336,52.6492785546934,2334600
2023-11-07,52.4541244506836,52.59606004609441,52.17912275407009,52.338800721908704,1608800
2023-11-08,52.01056671142578,52.76459880314491,51.948470110178846,52.29443785541493,2292200
2023-11-09,52.3210563659668,52.75573601394001,52.28557162245645,52.312186872094905,1300000
2023-11-10,52.29444122314453,52.50734290284164,52.01057006087426,52.40089206299309,2362600
2023-11-13,52.47185516357422,52.78233815204074,52.1347569303743,52.19685352806761,2189200
2023-11-14,53.429931640625,53.74928757866015,53.12831807514865,53.27025367160743,3808700
2023-11-15,53.678314208984375,54.07750910267768,53.33234642912061,53.74041420045783,3608200
2023-11-16,53.73154067993164,53.81137965771505,53.25250681323117,53.74928305099587,3146000
2023-11-17,54.192832946777344,54.37912276958594,53.94444651636588,54.068639731571615,3664400
2023-11-20,54.1041259765625,54.272673432734585,53.89122089886124,54.2549310609252,2694900
2023-11-21,53.58960723876953,54.28154281789253,53.56299537311447,54.04202587496271,2045600
2023-11-22,53.3766975402832,53.79363478084278,53.27024670286776,53.625087339600725,1834000
2023-11-23,53.3766975402832,53.65169920295181,53.35895855405655,53.394439910520965,554700
2023-11-24,53.34122085571289,53.50976831171718,53.01299205358307,53.18154289359877,2327100
2023-11-27,53.44766616821289,53.50976277104844,52.86218149575557,53.22589161979707,3245400
2023-11-28,51.07024383544922,51.8331488398284,50.4137930530842,50.95492012027277,8456100
2023-11-29,52.96863555908203,53.12831351439218,51.34524752544385,51.45169836764687,4258800
2023-11-30,53.846866607666016,53.90896321693128,52.92428357856591,53.22589713100205,7408200
2023-12-01,54.11299514770508,54.13073751940864,53.44767143687264,53.75815448165656,4458500
2023-12-04,53.89121627807617,54.17508743466367,53.60734512148868,53.81137730378524,4312100
2023-12-05,53.45654296875,53.75815653118685,53.07509380662046,53.6694480532984,5786700
2023-12-06,52.96863555908203,53.988799897562295,52.92428132349838,53.66944398694199,4715900
2023-12-07,53.3500862121582,53.59847262995651,52.88879473338195,53.07508793074183,4070500
2023-12-08,54.02428436279297,54.05089622720454,53.36783017388058,53.36783017388058,3490200
2023-12-11,54.05976104736328,54.112988155596334,53.54524587048757,54.04201867795226,4710100
2023-12-12,54.05976104736328,54.12185764829637,53.66943907235374,53.99766444643019,2770300
2023-12-13,55.071067810058594,55.1331644245342,53.4654185603038,53.88235587236433,6076100
2023-12-14,56.03799819946289,56.286388025533874,55.40815921623401,55.4436439605315,7862500
2023-12-15,54.99121856689453,56.41057432451268,54.92911857998837,56.375089584569466,19646800
2023-12-18,55.3460578918457,55.52347821421065,55.02670198839103,55.18637994011837,6369300
2023-12-19,55.878326416015625,56.1089704974749,55.44364673663528,55.44364673663528,3786900
2023-12-20,55.310577392578125,56.3041299204172,55.07993332462243,55.92267738248123,6236900
2023-12-21,55.816219329833984,56.23315658322703,55.576705784279696,55.58557527766602,4484100
2023-12-22,56.17106246948242,56.30412856425927,55.92267603551108,55.96703027243292,3633600
2023-12-27,56.68558120727539,56.91622865415203,56.20654732592672,56.20654732592672,7947600
2023-12-28,56.97832489013672,57.03154862059758,56.61461135059365,56.667838465065856,6334100
2023-12-29,57.21783828735352,57.297673882824526,56.86299762654059,57.03154846323184,4236200
2024-01-02,57.118629455566406,57.43430026837749,56.74883873119654,56.983339998330905,8954800
2024-01-03,56.568458557128906,56.86609055248811,56.40611258127702,56.82099521265234,4734300
2024-01-04,56.90216827392578,57.271955565942,56.5413986736668,56.62257166169737,5137700
2024-01-05,57.19078063964844,57.40724308057844,56.83001105161635,56.92922286035287,3754400
2024-01-08,57.89427947998047,57.96642789081623,57.13666267679229,57.16372263154781,5157400
2024-01-09,57.38018035888672,57.83114404246329,57.00137540621317,57.83114404246329,3467300
2024-01-10,57.36214447021485,57.605663426769,57.26293610174059,57.26293610174059,3439000
2024-01-11,56.58649826049805,57.31705172263007,56.153573357796326,57.25391755776814,4770200
2024-01-12,56.73981857299805,57.15470117767186,56.46022197912465,56.64060676741221,4563700
2024-01-15,56.76687240600586,56.89314416023104,56.4241451090552,56.694720558430696,2510200
2024-01-16,56.50532150268555,56.55943453149873,56.10847427510237,56.46022272460294,4343600
2024-01-17,55.90103530883789,56.261804905270495,55.711632818960005,56.027303635423145,4079900
2024-01-18,55.2967529296875,56.11750053368808,55.143424639417134,56.01828871772855,4743000
2024-01-19,55.937110900878906,56.03632270827949,55.17949752865614,55.40497765800156,3955800
2024-01-22,55.73868942260742,56.189649698584105,55.29675027886044,56.06338137179925,4633800
2024-01-23,55.152442932128906,55.94613053782791,54.86382863177403,55.91005633069893,2605300
2024-01-24,55.62143707275391,55.864956027140366,55.21557558933021,55.43203458841568,2846600
2024-01-25,55.79280471801758,55.873977703604126,55.26968915744787,55.63045874684448,4041900
2024-01-26,56.26180267333984,56.32493683412791,55.80182128410824,55.8469166217349,5676800
2024-01-29,56.57747268676758,56.60452920085479,55.837898150251945,56.1896465956004,3160900
2024-01-30,56.72178268432617,57.02843580811206,56.35199539745677,56.595514358159136,5067300
2024-01-31,56.703739166259766,56.90216277126928,56.37002955465123,56.37002955465123,4435500
2024-02-01,57.20881652832031,57.299007200424704,56.10847243776799,56.65864448304416,3577400
2024-02-02,56.920204162597656,57.07352899844067,56.55943458094369,56.91118303075176,2503500
2024-02-05,56.451202392578125,56.84804616104356,56.198665761786806,56.8119719570402,3129600
2024-02-06,56.79393768310547,56.88412836116713,56.379051618581855,56.43316808975116,2912400
2024-02-07,56.40611267089844,56.84805181876662,56.37905271451086,56.81197761117302,1623700
2024-02-08,55.65751647949219,56.41512988135659,55.5312481526071,56.370034541833896,2111200
2024-02-09,57.05548858642578,57.06450971802046,55.64849482637536,55.64849482637536,2999600
2024-02-12,57.52448654174805,57.67781481091215,57.00137445763457,57.10960395080399,2568900
2024-02-13,56.67668533325195,57.21783626634584,56.14455209146968,57.010394960641385,3890000
2024-02-14,57.16372299194336,57.407241942956205,56.88412639473149,57.0645111851729,2604300
2024-02-15,57.38018035888672,57.77702413414762,57.019414228800514,57.27195086391622,2838900
2024-02-16,57.59665298461914,57.85821079760392,57.27196100167999,57.3801905158083,2180600
2024-02-20,57.84015655517578,58.00250251303081,57.47939043592845,57.48841156722789,4466300
2024-02-21,57.63272476196289,57.91231793167633,57.46135765479259,57.668798969292645,1384000
2024-02-22,57.62370300292969,58.092705539207664,57.60566417918409,57.86722540321839,2791200
2024-02-23,57.95741653442383,58.15584015662262,57.713897572785456,57.72291526445183,2838900
2024-02-26,57.60566329956055,58.16485306492019,57.32607013715762,57.89428103452922,2487600
2024-02-27,59.43656539916992,60.067907029368186,58.4805249405884,58.50758833711776,9925900
2024-02-28,58.69698715209961,59.481653574643815,58.52562005701191,59.400484033459485,3879600
2024-02-29,59.35538864135742,59.43656506827824,58.6789482351504,58.95854828220251,5849000
2024-03-01,59.50872421264648,59.87850808045138,59.355392481012174,59.58989376371046,2864600
2024-03-04,60.12201690673828,60.30239823351501,59.40949896808909,59.49968963147745,4150300
2024-03-05,60.64513397216797,60.80747994137119,60.05888425665035,60.07692652051043,4281100
2024-03-06,60.57299041748047,61.10512026519756,60.45573633630968,60.88866124927095,2187000
2024-03-07,60.87061309814453,60.99688141865134,60.401617462134574,60.79846468721735,1992500
2024-03-08,61.005897521972656,61.1411869631093,60.78041741378053,60.87962921187361,2466200
2024-03-11,60.7263069152832,60.93374477002716,60.54591869256334,60.86159636204632,3303500
2024-03-12,60.798465728759766,60.95179056612931,60.6270986275188,60.87963527285864,2133800
2024-03-13,61.06904220581055,61.26746583620652,60.78944902540241,60.78944902540241,5358300
2024-03-14,60.401615142822266,61.240401457471,60.022810195847256,61.11413314181266,7628600
2024-03-15,60.82551956176758,61.12314809144904,60.14005806813203,60.18515684471475,10396500
2024-03-18,60.68120956420898,60.933746200839614,60.455729441344886,60.87963317330656,5143200
2024-03-19,60.58200073242188,61.060017515372905,60.56396534939495,60.879636160673215,3550200
2024-03-20,61.186283111572266,61.25843840267776,60.20319307441224,60.45572971217418,5095700
2024-03-21,61.60116958618164,61.94389688053249,61.35764721087142,61.37568947332023,4876100
2024-03-22,61.673316955566406,61.93487470782016,61.51097100179189,61.78154988511836,4931500
2024-03-25,61.6552848815918,62.02506870212512,61.50196005066597,61.50196005066597,4597700
2024-03-26,61.7454719543457,62.13329801538364,61.718415442360445,61.84468375236286,6602000
2024-03-27,62.61133193969727,62.62035307320562,61.88077839102049,61.88077839102049,3724000
2024-03-28,63.19757080078125,63.49520622497558,62.5211304082164,62.60230683350009,4889100
2024-04-01,62.59315872192383,63.23420478794061,62.35505549815748,63.09683727473688,5409000
2024-04-02,61.961273193359375,62.38252840173985,61.805586300878616,62.22684150925909,5972200
2024-04-03,62.25432968139648,62.44664141414104,61.81475501597874,61.87885892689359,6735400
2024-04-04,61.961273193359375,62.88619991778549,61.933794104003056,62.59315251252945,4519600
2024-04-05,62.21769332885742,62.5198934657635,61.9337986125856,62.04369401760712,5347600
2024-04-08,62.69388961791992,62.69388961791992,62.27263440010012,62.31842589658547,2137400
2024-04-09,62.712215423583984,62.85873565107629,62.10780114482261,62.66642392241644,1838800
2024-04-10,61.39349365234375,62.26347621223575,61.17370983485132,62.18105990072669,7622500
2024-04-11,61.33855056762695,61.65907009625499,60.96307984351859,61.41180718359785,4446500
2024-04-12,60.81655883789063,61.402653678884825,60.66087193731277,61.15539076942693,3164100
2024-04-15,59.95572662353516,61.411803971779456,59.75425521984822,61.10044415648244,5672900
2024-04-16,58.682804107666016,59.81836199864984,58.61870020221052,59.79088989442629,4022900
2024-04-17,58.81101608276367,59.34216675803325,58.51796863896014,58.77438427893796,2772000
2024-04-18,58.73775100708008,59.13153415486196,58.47217567608281,58.81101461290043,4378100
2024-04-19,58.8659553527832,59.21395396650883,58.59122383395868,58.72858784667054,3709900
2024-04-22,59.07658767700195,59.16816368736242,58.655332439902416,59.05826828284882,5625100
2024-04-23,59.15900802612305,59.22311193642873,58.81101636829253,59.10406381351881,3075700
2024-04-24,58.71943664550781,59.26889969727652,58.51796522960554,59.09490038594242,9627100
2024-04-25,57.83113479614258,58.21575823455146,57.2908279469009,58.1882861299225,7667200
2024-04-26,58.26154708862305,58.30733509480515,57.78534413884714,57.87692364461228,3202100
2024-04-29,58.133338928222656,58.44470225917051,57.78534379518659,58.23407463726475,4867800
2024-04-30,57.84029006958008,58.16996929342848,57.785342367805065,57.91355367194676,3382200
2024-05-01,58.31649398803711,58.52712160829147,57.69376733102383,57.69376733102383,3287200
2024-05-02,57.9684944152832,58.51796091998674,57.69376290963175,58.334805418418895,4193500
2024-05-03,58.72858810424805,58.86595561096319,58.27986076999343,58.38059647579776,3735000
2024-05-06,59.360477447509766,59.38794955288294,58.70111897134581,59.06743001219267,2307000
2024-05-07,59.24142456054688,59.65352008158062,59.09489736128066,59.5161525789689,3380700
2024-05-08,60.11140441894531,60.1388765208825,58.99415902815913,58.99415902815913,3862700
2024-05-09,60.02899169921875,60.34035152217537,59.99235989884711,60.093095603168734,1796500
2024-05-10,60.13888931274414,60.38615225637515,59.955737269671424,60.00152178703832,1934600
2024-05-13,60.19383239746094,60.3586720087174,60.16635330658349,60.23045721169424,2085500
2024-05-14,60.01068115234375,60.59677607108837,59.96489663523084,60.34952011563152,1728500
2024-05-15,60.43193054199219,60.58761744803238,60.12057070351553,60.13888311121339,1646800
2024-05-16,60.16635513305664,60.587617364346045,60.16635513305664,60.43193045852089,2261200
2024-05-17,60.35867691040039,60.47772503333056,60.09310157143105,60.33119781729139,2691200
2024-05-21,60.63340759277344,60.72498361337274,60.06562508617371,60.12057628797531,2347100
2024-05-22,59.67184066772461,60.43192782200757,59.58941736978937,60.37698361458512,1931500
2024-05-23,59.50699996948242,60.12972659381131,59.2047928605872,59.88246369133289,2294800
2024-05-24,59.77256774902344,59.97403915312443,59.45204823649976,59.61688784105499,2723500
2024-05-27,60.06562042236328,60.239619738753504,59.80920478987368,59.80920478987368,968600
2024-05-28,59.56195068359375,60.48688451787544,59.37879166419024,59.52531887971305,3763600
2024-05-29,58.16081237792969,59.06743028687113,58.151656173896384,58.97585427293406,3163300
2024-05-30,58.71943664550781,58.84764445802711,58.21575810575212,58.28902170913509,3218300
2024-05-31,59.08574295043945,59.14984685915281,58.19744443252541,58.95753513301275,4633600
2024-06-03,58.95753479003906,59.40626913522416,58.34396781209455,58.902590579119256,3665700
2024-06-04,59.13153076171875,59.213954060237455,58.43554401336822,58.88427483976586,2093000
2024-06-05,59.51615524291992,59.5253149399844,58.92090069615973,59.22310781807207,2956500
2024-06-06,59.25973892211914,59.67184144355016,59.02163570885688,59.52531423944981,3404400
2024-06-07,59.15900802612305,59.46121516905077,58.948383886605335,59.00332809920957,2752600
2024-06-10,58.49049377441406,59.15900848232936,58.43554956138612,59.01248825198743,4773300
2024-06-11,58.353126525878906,58.490490544263935,58.02344729231334,58.25239081635599,3150600
2024-06-12,59.49784469604492,59.61689281439882,58.75606990706694,58.77438231496679,3959500
2024-06-13,59.16816329956055,59.36047501609759,59.00332368727141,59.34216260886622,2479700
2024-06-14,58.334808349609375,58.84764308108799,58.096705137586845,58.83848338417899,3974200
2024-06-17,58.289024353027344,58.353128262194645,58.02344901881937,58.22492044386005,3688300
2024-06-18,58.078392028808594,58.60038648228677,57.895240002634885,58.16081183794715,2382200
2024-06-19,57.74871444702149,58.115021981107176,57.53808682890702,57.96849826879273,1629500
2024-06-20,56.787147521972656,57.83113287744752,56.75051921481626,57.72123747577599,4355100
2024-06-21,56.62231063842773,57.25419346916674,56.5673629383371,56.70472694846259,11503700
2024-06-24,57.547245025634766,57.56556092698353,56.87873034670944,56.87873034670944,4737400
2024-06-25,57.28166961669922,57.39156153123832,56.851258162504,57.23588161009134,2644900
2024-06-26,57.0802001953125,57.19009210697603,56.78714927520827,57.00693659193622,2649800
2024-06-27,57.14430236816406,57.26335047993801,56.860411153793805,56.93367126154694,4313100
2024-06-28,57.30914688110352,57.75787424966457,57.13514756017484,57.35493488904224,18901700
2024-07-02,57.33661651611328,57.4648243301767,56.67725805132893,57.14430479501815,11228900
2024-07-03,57.97938537597656,58.0632246013954,57.33661679657759,57.33661679657759,5547200
2024-07-04,57.81170272827149,58.12842827313165,57.80238528525492,57.84896183964779,2343500
2024-07-05,57.38319778442383,58.063229083967,57.38319778442383,57.91417840188116,9428700
2024-07-08,57.49497985839844,57.71854875131122,57.290038745258826,57.46703108161173,5746800
2024-07-09,58.04459381103516,58.19364092944598,57.37388000140464,57.56018978780908,4669200
2024-07-10,58.76188278198242,58.81777322908059,58.11911421184527,58.13774554539917,5420200
2024-07-11,59.50711441040039,59.6747892941399,58.85503199350768,58.91092599046304,3344800
2024-07-12,59.758636474609375,59.9822053717964,59.60027191500198,59.64684847245232,4364600
2024-07-15,60.056732177734375,60.18714796321542,59.66548482129121,59.86110849951279,2849200
2024-07-16,61.09074783325195,61.118693057560606,60.08467711537696,60.41071657752333,2953100
2024-07-17,60.40140151977539,61.10937802778018,60.31756584353763,60.8299186665268,2926800
2024-07-18,60.475921630859375,60.89512129719122,60.187144850390496,60.43865896448808,3570000
2024-07-19,59.76795196533203,60.49455618779352,59.75863452200828,60.32687774360034,2032300
2024-07-22,59.6747932434082,60.177828588607376,59.25560067597241,60.08467547441354,5023900
2024-07-23,59.20902633666992,59.72137559105416,58.88298331765185,59.71205814714765,2266800
2024-07-24,58.86434555053711,59.33011819517883,58.8177689967856,58.95750221160342,3213300
2024-07-25,58.65009307861328,58.87366552120838,58.39857541328007,58.808457632443854,8589100
2024-07-26,59.05997848510742,59.10655504337237,58.65009624382324,58.95750792478638,3266900
2024-07-29,59.27423477172852,59.35807399983532,58.864352521622486,59.24628599331712,5733500
2024-07-30,59.81452941894531,60.32688223297662,59.3301253834017,59.39533327726683,7190300
2024-07-31,60.056732177734375,60.447979534177534,59.60027337498705,60.01015206557945,2923800
2024-08-01,59.45122146606445,60.14988044934183,59.05065669803368,60.05672733966352,3359200
2024-08-02,58.99477005004883,59.09723705586353,58.26816224425904,58.87366815682327,4024900
2024-08-06,58.24021530151367,58.43583897079164,57.39250918107898,57.75581129647049,7427500
2024-08-07,58.305423736572266,58.8270904130892,57.98869817468047,58.8270904130892,3033700
2024-08-08,58.79914474487305,58.827093523340025,58.31474070968854,58.38926604751556,2748900
2024-08-09,59.31149291992188,59.41396348077758,58.72462188630694,58.87366900567061,1927900
2024-08-12,57.280723571777344,59.36738310883322,56.52617057958755,59.29286133072007,6116500
2024-08-13,58.11911392211914,58.14705914552892,57.40182357490565,57.56950202249132,3276400
2024-08-14,58.73393630981445,58.817775537315406,58.19364182980228,58.21227316408734,2779700
2024-08-15,59.45122146606445,59.64684512852691,59.02271147584287,59.11586458552117,2997000
2024-08-16,60.08467483520508,60.08467483520508,59.24628260212566,59.47916893869622,1618600
2024-08-19,60.51318359375,60.54112881642188,60.103301375557685,60.103301375557685,2586000
2024-08-20,60.30824661254883,60.53182262348047,59.89837147342877,60.4759250671839,2235500
2024-08-21,60.33618927001953,60.46661215774423,60.07535770882415,60.18714570953375,1988500
2024-08-22,60.25235748291016,60.4852438357187,59.98220846079696,60.32688282151948,1737800
2024-08-23,60.96963882446289,61.10937204497301,60.40139560628142,60.42003049281707,2888500
2024-08-26,61.109375,61.24910822726711,60.9230687683953,60.96964177273289,1585600
2024-08-27,62.61848449707031,62.75821773200355,60.87649199677471,61.1559584666412,4055800
2024-08-28,61.42610168457031,62.64642379954479,61.16527012782404,62.41353746571748,2980000
2024-08-29,61.8546142578125,62.05023793350605,61.48199468677027,61.67761836246383,3553900
2024-08-30,62.66505432128906,62.81410499288178,61.99434762050341,61.99434762050341,3650100
2024-09-03,63.15877914428711,63.19603470494229,62.38559477883924,62.506693118786536,3255400
2024-09-04,63.98785018920898,64.16483896684228,62.95383431731128,62.97246209654177,4316200
2024-09-05,63.73633575439453,64.43499481746204,63.47550417465639,63.9785395529203,2532100
2024-09-06,63.8201789855957,64.3418421487333,63.3171436038012,64.02512011600763,3184300
2024-09-09,64.80760955810547,64.86350000468933,64.0996331038262,64.23004888393989,5674100
2024-09-10,65.18954467773438,65.20817245701488,64.50019602320037,64.83555290726373,6088000
2024-09-11,65.41311645507812,65.469006902516,64.63993209892774,65.00323422152812,3356900
2024-09-12,65.4317398071289,65.72052368264454,65.04049248728701,65.46900247194147,4016000
2024-09-13,65.87889099121094,65.97204410860628,65.34791040421746,65.42243574098465,4275400
2024-09-16,66.63343811035156,66.74522611152457,65.90683387054455,65.95341398114839,3248200
2024-09-17,66.59617614746094,67.08058371720561,66.5216579196847,66.7917998212369,10886100
2024-09-18,66.56822967529297,66.78248823234031,66.1956101148911,66.51233922872713,3512200
2024-09-19,67.08058166503906,67.42524889095037,66.86632311052843,67.07126422167941,6434600
2024-09-20,68.32884216308594,68.49652059113666,67.21099071416526,67.42524214009741,11211200
2024-09-23,67.87239837646484,68.60832009492864,67.55566924492709,68.56173998210247,4193600
2024-09-24,67.90966796875,68.05871155215961,67.7326720505185,68.01213854171264,4641800
2024-09-25,67.72334289550781,68.02143711791152,67.63018978359294,67.90965622646443,3081900
2024-09-26,68.76667022705078,69.16723496974649,68.17048183426549,68.31021504350842,4664700
2024-09-27,68.50585174560547,69.15793070347411,68.4779065198579,68.70147543296606,18511900
2024-09-30,68.64558410644531,68.78531023340207,68.1704939534098,68.5337960977524,7006700
2024-10-01,68.49653625488281,68.78531307201395,68.06802619790093,68.34749267760242,8875900
2024-10-02,67.87271118164062,68.32639632742814,67.69313363756454,68.26968838835998,5898700
2024-10-03,67.5797119140625,67.69313500557173,67.28671127484812,67.54190421689276,7844300
2024-10-04,68.06175994873047,68.44927627605647,67.77820578837927,67.91998286855487,9971600
2024-10-07,67.93887329101562,68.17516598678289,67.541903292786,67.63641892887675,4529200
2024-10-08,67.5797119140625,68.09955873629535,67.39068063929469,67.94832794761638,4185200
2024-10-09,67.20164489746094,67.55136070225018,67.14493695493124,67.34342196486637,4117300
2024-10-10,67.58916473388672,67.60806497667745,66.78577101028598,67.02206370611448,4692700
2024-10-11,68.2224349975586,68.49653542046173,67.73094930857886,67.73094930857886,4097900
2024-10-15,68.86514282226562,68.88404306477453,68.10900332245724,68.38310371086077,7202800
2024-10-16,69.78196716308594,69.8386751078214,68.99747360919851,69.00692733701491,5673500
2024-10-17,69.81977844238281,70.21674849804353,69.49841657988472,69.91429409214749,4216900
2024-10-18,69.90483093261719,69.99934656963026,69.53621490050962,69.80086156857855,3154600
2024-10-21,69.1865005493164,69.92373983993491,69.07308466697589,69.80086301929131,7410500
2024-10-22,68.71391296386719,68.94075914351512,68.39255835932046,68.78007463016097,6274000
2024-10-23,68.5248794555664,68.64774905722187,68.07119432215755,68.38310240068361,3788900
2024-10-24,68.70447540283203,68.85569899789338,68.2035359768761,68.46818267654476,3008600
2024-10-25,68.0428466796875,68.90295560448612,67.98613873689418,68.6761166222316,3981700
2024-10-28,68.23188018798828,68.468172880468,67.91997210325569,67.99558749550857,6248400
2024-10-29,68.78953552246094,68.88405116828562,68.17517300797819,68.32640381016292,7999700
2024-10-30,68.67611694335938,69.03527926786523,68.14681636751553,68.47762472049214,2341500
2024-10-31,67.7593002319336,68.60050170767235,67.59861570775193,68.60050170767235,3909200
2024-11-01,68.46817779541016,68.54378598200981,67.65533029804376,67.89162300748559,2439500
2024-11-04,69.69689178466797,70.67041654109146,68.57214345215077,68.58158996803856,6477800
2024-11-05,69.48895263671875,69.78196048232351,69.29046763806565,69.69689136228317,4471700
2024-11-06,70.15057373046875,70.54754371204619,69.42278821982961,70.33960499472072,4336600
2024-11-07,70.88780975341797,70.88780975341797,70.11276998855716,70.16947792881402,3216800
2024-11-08,70.93507385253906,71.02958949355815,70.54755034995529,70.88781242648894,1949900
2024-11-11,71.14301300048828,71.64395965261423,71.04849734934295,71.06740480622119,2132200
2024-11-12,71.12410736083984,71.2091692770952,70.74603757384833,71.14300760520278,2211600
2024-11-13,70.92562103271484,71.50217582471468,70.80275141892585,71.26588311360265,1800200
2024-11-14,71.55888366699219,71.57779112206002,70.68932822198485,71.02959030239316,2305200
2024-11-15,71.77627563476562,72.24886105303807,71.47382125551451,71.50217522683786,3134200
2024-11-18,73.18458557128906,73.43977855011607,71.83299084975177,71.83299084975177,4850500
2024-11-19,74.08248138427734,74.27151986244463,73.19402577567323,73.3830570427599,3645200
2024-11-20,74.39439392089844,74.65904059510342,73.80838542010096,74.27152431104071,3207900
2024-11-21,74.19590759277344,74.81972378034999,73.92180719620927,74.43220029211348,3584100
2024-11-22,74.58342742919922,74.65903560886456,73.95961127216643,73.987965240926,2517600
2024-11-25,74.65904235839844,75.02765840775862,74.49836504684784,74.69685005718938,5864500
2024-11-26,74.75354766845703,75.01820152341692,73.83673814103965,74.18644668713198,6128200
2024-11-27,75.15998077392578,75.33011181073955,74.66849511817551,74.715756543822,3119200
2024-11-28,75.42463684082031,75.54750645553693,75.23559834385475,75.30176001502237,2398600
2024-11-29,75.47189331054688,75.54750871159118,75.21670034587427,75.2450543184955,3701000
2024-12-02,75.41517639160156,75.74598471795537,75.16942997298987,75.56639996461443,4095600
2024-12-03,72.87267303466797,73.5153895182381,71.76682484135925,73.48703554575553,9728800
2024-12-04,73.53428649902344,73.82728712104739,72.94827804389504,72.9860857388466,3952700
2024-12-05,73.99742126464844,74.05412920392797,73.13731239314471,73.17512008969132,5206200
2024-12-06,74.61178588867188,75.36791820839902,73.92180802597838,73.9974234212754,5097700
2024-12-09,74.82917022705078,74.92368586448309,74.39439252599743,74.61178498206456,3649600
2024-12-10,74.8197250366211,74.94259464635185,74.337685902771,74.66849424518536,3078600
2024-12-11,74.79136657714844,75.14108238676162,74.37549630772554,75.02765928905649,2675200
2024-12-12,74.27152252197266,74.78191561467968,74.08248403703624,74.54562291681981,2760800
2024-12-13,74.59288024902344,74.70630334472834,74.16755625952209,74.64959540241648,2676400
2024-12-16,74.06358337402344,74.64013813041798,73.87455210124,74.38493797997144,4561900
2024-12-17,74.07304382324219,74.26207511318053,73.54374323146814,73.72332800466661,2995100
2024-12-18,72.92938995361328,74.15810779440832,72.70254374610634,74.082492391906,5909100
2024-12-19,72.68363952636719,73.14677122197487,72.60802412799984,72.87267081120424,2853700
2024-12-20,72.86321258544922,73.11841273641396,71.74791797824915,72.41898837239805,8587400
2024-12-23,72.85376739501953,72.91047533578526,72.13543556396935,72.6080209665664,5274000
2024-12-24,72.80651092529297,73.06171109826879,72.6647338526488,72.80651092529297,1330300
2024-12-27,73.26963806152344,73.27909178873169,72.7214444718218,72.74034471515729,2738000
2024-12-30,73.17511749267578,73.39250993733327,72.47569315908822,72.85376290005574,5233200
2024-12-31,72.95773315429688,73.37360338449143,72.88211776295947,73.2507337818786,4323700
2025-01-02,73.01444244384766,73.63825861730803,72.79704999249853,73.2979965610716,9369600
2025-01-03,72.90101623535156,73.78002530783661,72.78760036217957,72.78760036217957,10726900
2025-01-06,72.71199035644531,73.45867615812914,72.66472893173734,73.2979988518516,7128800
2025-01-07,71.60027313232422,72.92282943639891,71.54277290966021,72.8557434060146,7238500
2025-01-08,71.23609161376953,71.55235745650629,70.881489852656,71.41817808627319,10396800
2025-01-09,71.51402282714844,71.69610930293415,71.14983525191914,71.14983525191914,5378300
2025-01-10,71.01566314697266,71.41817932919069,70.67064718740608,71.39901502558318,8916900
2025-01-13,69.76978302001953,70.72815912022953,69.48226726522478,70.65148727737368,4293700
2025-01-14,70.54605865478516,70.58439457259033,69.74101900453392,69.76977642675931,3388400
2025-01-15,71.09233856201172,71.67694856114542,70.74732258508595,71.50444057268254,3155500
2025-01-16,71.3319320678711,71.3319320678711,70.74732207296918,71.11150235183052,3528800
2025-01-17,70.50772857666016,71.63861265417584,70.41189243012411,71.60027673319556,4470500
2025-01-20,70.78565216064453,70.99649605117959,70.45022202198813,70.54605815991444,1955900
2025-01-21,71.24566650390625,71.36067425321627,70.68022818807925,70.95815809837383,3026500
2025-01-22,70.96774291992188,71.38942337121263,70.71856312245802,71.30317304429917,2189800
2025-01-23,71.25525665283203,71.3319284903773,70.88149058458497,70.91024069570723,2440700
2025-01-24,71.3894271850586,71.3894271850586,70.99649682174743,71.23609082507798,3910200
2025-01-27,71.79195404052734,71.82070415238513,70.99650015725952,70.99650015725952,2961800
2025-01-28,71.97404479980469,72.17530290660693,71.61945031669909,71.83028692013752,3791000
2025-01-29,71.79195404052734,72.1369626946499,71.69611058522929,71.87820437610071,2270900
2025-01-30,71.94528198242188,72.30946220968764,71.70568799589299,71.94528198242188,3902400
2025-01-31,71.26484680175781,72.06987920953699,70.68023680056274,71.82070669007923,3915100
2025-02-03,69.07015991210938,69.24266788928941,65.16956977815474,65.16956977815474,9981600
2025-02-04,68.87849426269531,69.84644887777651,68.76348649622697,69.750612728301,4203500
2025-02-05,69.30976104736328,69.30976104736328,68.76348694874538,69.00308097992568,5425700
2025-02-06,69.85603332519531,69.85603332519531,69.49185303955221,69.50143153603247,3955000
2025-02-07,69.74101257324219,69.78893429403664,69.29058203218322,69.72184827202122,3326900
2025-02-10,69.41516876220703,69.9997786632728,69.11807456429192,69.81768489715552,2332500
2025-02-11,69.80810546875,69.9135274154155,69.20433121116197,69.29058885471954,4625400
2025-02-12,69.89436340332031,69.90394921082857,69.10849535970551,69.4822614224108,2531100
2025-02-13,69.60684204101562,70.08603001205564,69.52059171590595,70.01894398858317,1513300
2025-02-14,69.56851196289062,69.99019975257156,69.50142593378946,69.82727758358712,2572200
2025-02-18,69.40559387207031,69.46310140884235,68.90724152829763,69.194749964841,2564000
2025-02-19,69.38642883300781,69.4055931371761,68.61013924535322,69.00307694317988,2193700
2025-02-20,69.46309661865234,69.51101103219078,68.98390861229578,69.29058864389083,2517300
2025-02-21,68.89765167236328,69.5780977709167,68.62930755595673,69.53018335688911,4013400
2025-02-24,69.22350311279297,69.47267561337183,68.67722907409507,68.90723727148661,2703600
2025-02-25,68.42805480957031,69.3864309068701,67.2971707222834,68.61972710429853,5378500
2025-02-26,69.36725616455078,69.76019385641567,68.36096569482794,68.4280517261428,4352300
2025-02-27,68.73473358154297,69.5972735153322,68.71556196533142,69.38642960798047,5181500
2025-02-28,68.83056640625,68.92640254719629,68.11178438140954,68.92640254719629,5933400
2025-03-03,68.65806579589844,69.53977008615112,68.14054180505542,68.88807402121878,4546200
2025-03-04,67.33550262451172,67.71885450291622,66.52088445279524,67.67093277617981,6720200
2025-03-05,66.7988052368164,67.61343069800557,66.492125204875,67.27799324371416,4895200
2025-03-06,66.01294708251953,66.70297908566782,65.78293885208004,66.28129854850039,5025800
2025-03-07,66.5975570678711,66.68381472410759,65.63918091137111,65.9650326067326,3586300
2025-03-10,66.23336791992188,66.59754817852286,65.83085174275834,66.01293821614442,6818600
2025-03-11,65.68709564208984,66.5017138259156,65.3133295658424,65.95543976741324,5039600
2025-03-12,65.59125518798828,65.89793521274812,65.2654035487774,65.83084918582655,4652000
2025-03-13,65.34207916259766,65.82126718599253,65.10248515090022,65.39957938561977,5094000
2025-03-14,66.00336456298828,66.16628674496097,65.4379188624904,65.4379188624904,3014600
2025-03-17,66.76048278808594,66.8083972060977,66.17587278080498,66.17587278080498,3325700
2025-03-18,66.22378540039062,66.84673131226141,66.11836344706653,66.77005947132949,4036600
2025-03-19,66.19503021240234,66.48254593793679,65.9458504043944,66.33878807516956,2791100
2025-03-20,65.9937744140625,66.31004026073425,65.77334470861067,66.06086044409933,2495500
2025-03-21,66.00336456298828,66.08002909390936,65.4379188624904,65.81168495611215,11049500
2025-03-24,66.31961822509766,66.5112978178303,66.09919583324115,66.43462598073724,7418800
2025-03-25,66.77964782714844,66.87548397605504,66.5496396074067,66.60713983438477,7336000
2025-03-26,66.71256256103516,67.0959144729117,66.5783904886528,66.8083987110469,6915700
2025-03-27,66.31961822509766,66.75089182487449,65.91710204810235,66.65505568442258,5927600
2025-03-28,65.51458740234375,66.32920558296782,65.40916545183403,66.12794748976627,8450500
2025-03-31,65.38999938964844,65.54333575146626,64.13452182511033,65.06414773906377,11842800
2025-04-01,65.31211853027344,65.54576390325127,64.79616466257606,65.2829147154553,4501200
2025-04-02,66.29534912109375,66.29534912109375,64.74748767199583,65.0687370302511,10357000
2025-04-03,66.37323760986328,66.49006029653201,65.10768449954277,65.2245071862115,8101200
2025-04-04,64.77669525146484,65.64310971560703,63.93948460093392,65.51655738088623,10728300
2025-04-07,61.79778289794922,64.32888526305973,61.719904824811664,62.41108897094246,14924800
2025-04-08,61.87566375732422,63.66690397593749,61.45705844386077,62.99518657295256,8321000
2025-04-09,63.871341705322266,64.28994704246263,60.91190053090008,61.33050586804043,8322700
2025-04-10,61.95354461669922,63.37485384497884,61.41812031438655,63.37485384497884,5876800
2025-04-11,62.27479934692383,62.86863497122034,61.6712266425131,61.719904615868266,4152400
2025-04-14,63.2872428894043,63.41379522722422,62.67393307968434,63.053597520360384,4659500
2025-04-15,63.79345703125,64.00762823041354,63.47220023250469,63.72531232489942,3845900
2025-04-16,63.59876251220703,64.08551255605883,63.02439359830947,63.67664430175522,4338100
2025-04-17,63.94922256469727,64.08551198157673,63.58902486167801,63.59876194208831,3465900
2025-04-21,63.92001724243164,64.03683249573415,63.423530134248,63.88107634892548,3054200
2025-04-22,64.85457611083984,64.90324665708985,64.30941103144161,64.30941103144161,8739100
2025-04-23,65.48734283447266,65.954626110314,65.25370491015984,65.5652246183155,4104400
2025-04-24,65.52629089355469,65.52629089355469,65.03954083212055,65.14662643981337,4046700
2025-04-25,65.85728454589844,65.92542925715023,65.05901474528461,65.4678830127954,5837600
2025-04-28,66.22720336914062,66.30508515115199,65.86701312496525,65.95462455931639,4762600
2025-04-29,66.71395874023438,66.84051850300213,66.44137990845172,66.460846641915,6204400
2025-04-30,67.15203857421875,67.1909720413455,66.09091962821877,66.68475526931994,6580700
2025-05-01,67.17150115966797,67.45381705580782,66.85024437158995,67.41487616386966,3837800
2025-05-02,67.76534271240234,67.79454652711549,67.29805939534299,67.55117150155083,3258600
2025-05-05,67.58037567138672,67.82375069823027,67.50249388026485,67.72640217293613,1557700
2025-05-06,67.08389282226562,67.46355725218221,66.91839216707896,67.46355725218221,2118100
2025-05-07,67.57064056396484,67.67771873409414,67.22017995942014,67.27858758443898,2738200
2025-05-08,67.89189147949219,68.11579975920503,67.60957557342641,67.72639825334824,2458200
2025-05-09,68.16447448730469,68.3397048043298,67.99898125100776,68.14500775306475,1980100
2025-05-12,68.86538696289062,69.1671770092012,68.53440053255606,69.11849903899177,2348900
2025-05-13,68.73883819580078,69.11850261599305,68.38837758835932,69.11850261599305,2255300
2025-05-14,69.47869873046875,69.5857843262746,68.71936248005925,68.71936248005925,2420000
2025-05-15,69.8778305053711,70.00439026185666,69.59551460726234,69.59551460726234,2589800
2025-05-16,70.06279754638672,70.23802784687184,69.60525134916358,69.96544902994292,2243800
2025-05-20,69.97518157958984,70.53007631623007,69.92651103296079,70.22829367459543,1882300
2025-05-21,69.59551239013672,69.95571006119002,69.22558506675277,69.72207214259045,3189400
2025-05-22,69.6539306640625,69.8583647807011,69.35214060188716,69.46896328020173,4476200
2025-05-23,69.79022216796875,69.90703742257043,69.19638653302331,69.40082065579233,2262000
2025-05-26,69.83889770507812,70.26724014179953,69.75128625786691,70.0628060044234,1459400
2025-05-27,70.97789001464844,71.11417942325464,68.62201432185043,68.7875149699143,7192800
2025-05-28,70.27696990966797,71.01682458873898,70.00439108819803,70.97789112328543,4271600
2025-05-29,71.59119415283203,71.62039796580801,70.38405617745735,70.38405617745735,4938300
2025-05-30,71.48411560058594,72.06821419933297,71.44517470370725,71.46464886575491,7430300
2025-06-02,71.34782409667969,71.66908091615782,71.06550817294585,71.34782409667969,2312600
2025-06-03,71.22126770019531,71.6301359414026,71.12391175277033,71.52305034100793,2118500
2025-06-04,71.19205474853516,71.33808123894687,70.92921300756673,71.17258801584765,6447600
2025-06-05,71.3283462524414,71.60093250857759,71.01682652978755,71.30887951918257,2108600
2025-06-06,71.8735122680664,71.92218281545169,71.57172219452657,71.64960398300241,3389100
2025-06-09,72.02926635742188,72.37972696832216,71.74695045268464,71.74695045268464,5236400
2025-06-10,72.01953887939453,72.29211771227808,71.91245327687369,71.99032763825745,5660000
2025-06-11,71.62039947509766,72.19476837552091,71.47437297992455,72.10714950753062,4486300
2025-06-12,71.94165802001953,71.94165802001953,71.54251941870166,71.54251941870166,2998100
2025-06-13,71.8248291015625,72.11688207362758,71.45490177386691,71.65933588342622,2296700
2025-06-16,72.48680877685547,72.87621026051572,72.11688145234677,72.1655519957946,6599500
2025-06-17,72.28237915039062,72.55495797768737,72.0682079497386,72.27264207021118,4867600
2025-06-18,72.37973022460938,72.67178322257074,72.28238170102767,72.28238170102767,4604600
2025-06-19,72.5257568359375,72.5257568359375,72.19477036980375,72.2531779986,1111700
2025-06-20,72.48680877685547,73.01249966571447,72.29211174863312,73.01249966571447,9496500
2025-06-23,72.39920043945312,72.50628603772105,72.05846948466471,72.36025954669971,8408700
2025-06-24,72.6328353881836,73.22667098067666,72.6133612289981,72.817802764368,6113800
2025-06-25,72.5160140991211,72.6717776667165,72.29211325472232,72.63283677481765,4786600
2025-06-26,73.14878845214844,73.14878845214844,72.51601197495512,72.52574905444854,6877800
2025-06-27,73.16826629638672,73.64527923457294,72.91515420731784,72.91515420731784,10633200
2025-06-30,73.30455780029297,73.47005102866416,72.97356391633453,73.08064951756673,10606400
2025-07-02,74.07514190673828,74.07514190673828,73.20575695535803,73.26503799852114,5189100
2025-07-03,74.05538177490234,74.23320983629773,73.90719046751903,74.01586359044526,5361500
2025-07-04,74.01586151123047,74.12453463110391,73.90718839135702,73.90718839135702,876900
2025-07-07,74.10478210449219,74.49007498501089,73.86767299546294,74.0059904110582,6187700
2025-07-08,74.20356750488281,74.22332282696497,73.67996479049752,73.86766673090659,9097700
2025-07-09,74.11465454101562,74.49995495128447,74.06526246393095,74.3122454613231,5511100
2025-07-10,74.39128112792969,74.82596607386118,73.89731513780352,74.04549890498309,7159800
2025-07-11,73.76887512207031,74.12453121849617,73.59104707385738,74.0948944666811,5333400
2025-07-14,73.88743591308594,73.90719123685862,73.44286198630817,73.76888135848058,4351200
2025-07-15,73.93682098388672,74.01585734613302,73.59104632071208,73.83802929974001,3321900
2025-07-16,74.440673828125,74.440673828125,73.768879774433,73.92695251051249,4030600
2025-07-17,74.74693298339844,74.83584323863849,74.14429390680776,74.2628409137945,3125500
2025-07-18,74.8457260131836,74.86548133559555,74.49006991118797,74.75680821902341,2874100
2025-07-21,75.08283233642578,75.25077896822079,74.90500427413606,74.974159212953,7685500
2025-07-22,75.7645034790039,75.87317659623376,75.28041139777174,75.28041139777174,5655700
2025-07-23,76.3375015258789,76.3375015258789,76.04112645136972,76.07076320508834,3376100
2025-07-24,76.40665435791016,76.67340020867218,76.26834448615308,76.27822591622794,5303800
2025-07-25,76.69315338134766,76.75243442281207,76.24858702563834,76.54496962099289,2680700
2025-07-28,76.35726165771484,76.8512276348997,76.31774347506133,76.74255451693323,5289400
2025-07-29,76.1695556640625,76.68328452477134,76.04112721754679,76.58448529494987,3889900
2025-07-30,76.5746078491211,76.99941889074596,76.21895174276898,76.29798810803004,3761000
2025-07-31,76.15966796875,76.5647236731939,76.0608762843781,76.24858576081039,2807400
2025-08-01,75.60643005371094,75.81389485633446,75.16186369627803,75.44836486294552,3100700
2025-08-05,75.7052230834961,76.554845168739,75.6360681480611,76.2189519215755,2370300
2025-08-06,75.50763702392578,76.11027609872478,75.43848209094831,75.87317454813379,2958400
2025-08-07,75.77437591552734,75.9225672122952,75.41871981821346,75.60642929660759,2656300
2025-08-08,76.10039520263672,76.30786000302376,75.82377546878732,75.8632936503833,1579200
2025-08-11,76.36714172363281,76.51532548428328,76.07075912768684,76.07075912768684,6261100
2025-08-12,76.7721939086914,76.97965872176208,76.53509234194247,76.57461052595445,2379400
2025-08-13,77.06857299804688,77.14760182513625,76.910500269223,77.00929195607664,2884400
2025-08-14,77.27603912353516,77.28592055358632,76.83146521910493,77.04881145629446,2167500
2025-08-15,77.52302551269531,77.67121682066977,77.27604251184555,77.31556069646027,2380900
2025-08-18,77.5822982788086,77.62181646304529,77.30567852647468,77.38471489494806,2265400
2025-08-19,77.62181091308594,77.96758557878046,77.5131377985359,77.5131377985359,1869700
2025-08-20,77.76012420654297,77.95771512230726,77.61193290405042,77.79964238969582,3969100
2025-08-21,77.750244140625,77.9577164901485,77.63169712640914,77.71073349410163,2986300
2025-08-22,78.73817443847656,78.82709223455697,77.78976065844752,77.86879702444728,6312200
2025-08-25,78.57022857666016,78.78757481660865,78.28372740012102,78.74805663322503,2652600
2025-08-26,83.95446014404297,84.00385221898269,80.45718014836893,80.6350082002616,13322500
2025-08-27,84.10264587402344,85.34744226639792,83.85566288157818,83.88530717202273,6757600
2025-08-28,84.7843246459961,84.87324244614604,84.2310851333229,84.7843246459961,5074400
2025-08-29,84.73492431640625,85.05106225488657,84.29035793137308,84.29035793137308,4559300
2025-09-02,84.58673858642578,84.77444053668125,84.04337298413219,84.32987416194855,3688300
2025-09-03,85.68334197998047,85.70309730270608,84.46818235598121,84.47806378600536,3741700
2025-09-04,86.78982543945312,86.87874323962632,85.68334641381743,85.70310173756533,4226300
2025-09-05,86.7997055053711,87.37270787025147,86.384775877281,87.06644382705102,3676800
2025-09-08,87.2343978881836,87.29367139574643,86.25633978945919,86.68115084741302,3494600
2025-09-09,87.2837905883789,87.73823840335785,87.03680758867364,87.44186332610532,3354200
2025-09-10,87.50113677978516,87.669083410523,87.2146355958261,87.28379053420774,3632000
2025-09-11,87.79751586914062,88.01485456866901,87.22451352422831,87.58016963228957,4721000
2025-09-12,86.68115234375,87.79752033760766,86.59224208087093,87.72836539848292,3835600
2025-09-15,87.09608459472656,87.12572134734506,86.32549134003261,86.64162926350092,3806400
2025-09-16,88.05437469482422,88.09389287851681,86.81945971939142,86.9380142704692,3553800
2025-09-17,87.91606140136719,88.61749217565453,87.80738828476974,87.96546101339241,2599800
2025-09-18,88.10377502441406,88.32112126782734,87.63944578390806,87.77775565929416,2539300
2025-09-19,88.5186996459961,88.9138739264671,87.82715030816367,88.9138739264671,7138000
2025-09-22,87.98522186279297,88.6273791728466,87.95558510864517,88.35075941770302,7619400
2025-09-23,88.03461456298828,88.41990741129192,87.92594144810033,87.92594144810033,2175800
2025-09-24,88.01485443115234,88.46930976421596,87.93582560295764,88.14329040944877,4332400
2025-09-25,88.67677307128906,88.71629125337955,87.75799606532223,87.8370324295032,6092600
2025-09-26,88.6668930053711,89.25965067120153,88.59773806997958,88.89412067155614,7195100
2025-09-29,89.11145782470703,89.23001237074577,88.06425238199377,88.06425238199377,7773900
2025-09-30,88.90399932861328,89.23990013088917,87.96546693552928,89.01267245252697,4663100
2025-10-01,88.9830322265625,89.24977054201096,88.84472235376361,88.91387729016306,5164400
2025-10-02,89.77338409423828,89.77338409423828,88.76568922726698,89.0818271676785,6918600
2025-10-03,89.93144226074219,90.2969797877857,89.47699447803326,89.73385888993742,10480100
2025-10-06,90.05000305175781,90.36614098936718,89.1114631320291,90.33650423542302,6687000
2025-10-07,89.61000061035156,90.08999633789062,89.41000366210938,90.04000091552734,6685700
2025-10-08,88.41999816894531,89.76000213623047,88.22000122070312,89.69000244140625,8848700
2025-10-09,89.19999694824219,89.29000091552734,88.3499984741211,88.41999816894531,6106100
2025-10-10,88.83999633789062,89.81999969482422,88.73999786376953,89.43000030517578,3604600
2025-10-14,90.11000061035156,90.12999725341795,88.5,88.8499984741211,2853400
2025-10-15,90.58999633789062,90.72000122070312,90.12000274658205,90.1999969482422,4720000
2025-10-16,89.91000366210938,90.9499969482422,89.7699966430664,90.4800033569336,3029100
2025-10-17,89.31999969482422,89.9000015258789,89.29000091552734,89.69000244140625,2311900
2025-10-20,89.87000274658203,90.0999984741211,89.37999725341797,89.37999725341797,2671400
2025-10-21,90.27999877929688,90.36000061035156,89.94000244140625,89.9800033569336,3093600
2025-10-22,89.7300033569336,90.45999908447266,89.62999725341797,90.19000244140624,4269400
2025-10-23,90.18000030517578,90.4000015258789,89.7300033569336,89.7300033569336,6504700
2025-10-24,90.68000030517578,90.88999938964844,90.44000244140624,90.4499969482422,4022500
2025-10-27,91.33000183105467,91.33000183105467,90.66000366210938,90.76000213623048,7125500
2025-10-28,91.86000061035156,92.16000366210938,91.13999938964844,91.33000183105467,7841800
2025-10-29,91.0999984741211,91.91999816894533,90.4800033569336,91.8000030517578,4116900
2025-10-30,91.86000061035156,91.91000366210938,91.01000213623048,91.01000213623048,6105800
2025-10-31,91.98999786376952,92.0199966430664,91.27999877929688,91.66999816894533,3216300
2025-11-03,92.36000061035156,92.38999938964844,91.51000213623048,91.88999938964844,5498700
2025-11-04,92.68000030517578,92.7300033569336,91.33000183105467,91.69000244140624,4906600
2025-11-05,92.4000015258789,93.1999969482422,92.2300033569336,92.7300033569336,4480100
2025-11-06,93.0,93.0,92.22000122070312,92.48999786376952,3320100
2025-11-07,93.54000091552734,93.55999755859376,92.3000030517578,92.5,4519900
2025-11-10,94.20999908447266,94.2300033569336,93.52999877929688,93.5500030517578,5121700
2025-11-11,93.54000091552734,94.29000091552734,93.5,93.98999786376952,2726700
2025-11-12,95.0,95.0,93.7699966430664,93.81999969482422,4242500
2025-11-13,94.41999816894533,95.3499984741211,93.8000030517578,94.9499969482422,4185900
2025-11-14,94.6500015258789,94.77999877929688,93.3000030517578,93.8499984741211,3325200
2025-11-17,94.66000366210938,95.2699966430664,94.16000366210938,94.6999969482422,4039500
2025-11-18,94.8000030517578,95.22000122070312,93.7300033569336,94.18000030517578,4162300
2025-11-19,94.02999877929688,94.7300033569336,93.37999725341795,94.61000061035156,2972300
2025-11-20,93.58999633789062,94.5999984741211,93.0999984741211,94.5,2464200
2025-11-21,94.0,94.0,93.18000030517578,93.76000213623048,3996800
2025-11-24,93.95999908447266,94.38999938964844,93.61000061035156,93.98999786376952,6808700
2025-11-25,95.68000030517578,95.70999908447266,94.48999786376952,94.5,3428700
2025-11-26,96.87999725341795,96.87999725341795,95.8000030517578,96.13999938964844,2411700
2025-11-27,96.88999938964844,97.12000274658205,96.55999755859376,96.75,1989100
2025-11-28,96.94000244140624,97.04000091552734,96.55999755859376,96.9499969482422,5583300
2025-12-01,96.02999877929688,96.75,95.70999908447266,96.69000244140624,5617600
2025-12-02,98.72000122070312,99.37000274658205,96.25,98.0,7206600
2025-12-03,98.08000183105467,99.26000213623048,97.2699966430664,98.69000244140624,7804400
2025-12-04,98.33000183105467,98.8000030517578,97.87000274658205,98.12000274658205,4632900
2025-12-05,99.26000213623048,99.26000213623048,98.08000183105467,98.11000061035156,3457700
2025-12-08,99.38999938964844,100.0999984741211,98.66000366210938,99.1500015258789,4803600
2025-12-09,100.04000091552734,100.1500015258789,99.36000061035156,99.36000061035156,3405300
2025-12-10,100.1999969482422,100.75,99.93000030517578,100.0,4050000
2025-12-11,100.4000015258789,100.5999984741211,99.5500030517578,100.44000244140624,3320200
2025-12-12,100.16999816894533,100.94000244140624,100.01000213623048,100.48999786376952,3037200
2025-12-15,100.5500030517578,100.8499984741211,100.0,100.19000244140624,2577300
2025-12-16,100.22000122070312,100.61000061035156,100.06999969482422,100.16000366210938,5046100
2025-12-17,98.51000213623048,100.25,98.33000183105467,100.25,7247700
2025-12-18,99.33999633789062,99.62000274658203,98.83000183105469,98.87000274658203,5732600
2025-12-19,100.12000274658203,100.45999908447266,99.51000213623047,99.61000061035156,8368400
2025-12-22,100.4000015258789,100.7699966430664,99.55999755859375,100.20999908447266,4512200
2025-12-23,100.91999816894531,101.33000183105469,100.30000305175781,100.30000305175781,864105
