Date,Close,High,Low,Open,Volume
2010-01-04,4.656678676605225,4.656678676605225,4.340834491884815,4.575693037724348,54600
2010-01-05,4.470411777496338,4.648580193532166,4.4542146487658085,4.648580193532166,12400
2010-01-06,4.340834140777588,4.4623127823581274,4.292242761379363,4.4623127823581274,12900
2010-01-07,4.494705677032471,4.494705677032471,4.251748467290776,4.3165369535766045,17700
2010-01-08,4.29224157333374,4.519001281094177,4.276044451350852,4.405621427213958,34800
2010-01-11,4.332734107971191,4.429916838136152,4.292241496820711,4.292241496820711,6800
2010-01-12,4.251746654510498,4.348929342504302,4.251746654510498,4.308436748925055,8700
2010-01-13,4.29224157333374,4.413719795120478,4.251748575291595,4.259847329367964,7100
2010-01-14,4.29224157333374,4.29224157333374,4.20315720934293,4.251748575291595,4600
2010-01-15,4.29224157333374,4.29224157333374,4.195058455266562,4.195058455266562,7800
2010-01-18,4.332734107971191,4.365128351359512,4.292241496820711,4.332734107971191,4600
2010-01-19,4.29224157333374,4.373227183248182,4.29224157333374,4.373227183248182,5600
2010-01-20,4.211258888244629,4.2517519181233885,4.114076079939788,4.2517519181233885,10300
2010-01-21,4.170764446258545,4.211257072508248,4.170764446258545,4.211257072508248,5100
2010-01-22,4.251746654510498,4.251746654510498,4.170761081182328,4.170761081182328,8600
2010-01-25,4.373228549957275,4.373228549957275,4.251749904036523,4.259848660643893,5000
2010-01-26,4.267944812774658,4.3732262769295565,4.267944812774658,4.3732262769295565,1400
2010-01-27,4.288288116455078,4.377797085537723,4.288288116455078,4.377797085537723,7600
2010-01-28,4.255739212036133,4.304562177289593,4.149955926648419,4.304562177289593,16700
2010-01-29,4.255739212036133,4.255739212036133,4.149955926648419,4.158093281529214,7300
2010-02-01,4.182505130767822,4.190642486739336,4.166230806835282,4.166230806835282,2600
2010-02-02,4.280152797698975,4.280152797698975,4.17436946512985,4.17436946512985,9900
2010-02-03,4.198779106140137,4.337111042088398,4.198779106140137,4.337111042088398,4500
2010-02-04,4.158094882965088,4.26387782108328,4.158094882965088,4.255740851079074,2100
2010-02-05,4.149955749511719,4.198778712681219,4.109270140875679,4.158093104045179,13800
2010-02-08,4.149955749511719,4.158093104045179,4.149955749511719,4.149955749511719,3300
2010-02-09,4.109272480010986,4.149958111806648,4.109272480010986,4.149958111806648,4800
2010-02-10,4.231330394744873,4.263879060242087,4.109273093135668,4.149958731001837,7000
2010-02-11,4.1743669509887695,4.255738547029312,4.1743669509887695,4.239464227821204,6700
2010-02-12,4.1743669509887695,4.1743669509887695,4.1743669509887695,4.1743669509887695,0
2010-02-16,4.149955749511719,4.190641746158179,4.125544461932179,4.190641746158179,7000
2010-02-17,4.190646648406982,4.190646648406982,4.190646648406982,4.190646648406982,1300
2010-02-18,4.223193645477295,4.223193645477295,4.223193645477295,4.223193645477295,1100
2010-02-19,4.3533854484558105,4.3533854484558105,4.223190865297801,4.223190865297801,8500
2010-02-22,4.434756278991699,4.434756278991699,4.2313270847625315,4.2313270847625315,5700
2010-02-23,4.239464282989502,4.426619150323391,4.158092685890068,4.426619150323391,3800
2010-02-24,4.415255069732666,4.456136826468451,4.227197897081131,4.456136826468451,1300
2010-02-25,4.292612552642822,4.292612552642822,4.292612552642822,4.292612552642822,1300
2010-02-26,4.39890718460083,4.39890718460083,4.333495989122695,4.333495989122695,1600
2010-03-01,4.390728950500488,4.390728950500488,4.333494370772207,4.374376157737932,7500
2010-03-02,4.390728950500488,4.390728950500488,4.390728950500488,4.390728950500488,0
2010-03-03,4.37437629699707,4.390729090280222,4.37437629699707,4.390729090280222,2500
2010-03-04,4.333494663238525,4.390729246829554,4.333494663238525,4.374376452963351,3800
2010-03-05,4.317142009735107,4.341671006391239,4.317142009735107,4.341671006391239,3400
2010-03-08,4.292612552642822,4.317141938777154,4.292612552642822,4.300789144648055,6700
2010-03-09,4.276258945465088,4.292611736485017,4.251729563994548,4.292611736485017,7000
2010-03-10,4.251729488372803,4.2762588694070605,4.251729488372803,4.2762588694070605,3400
2010-03-11,4.37437629699707,4.4070818835633725,4.259906744015012,4.333494508729865,9900
2010-03-12,4.382558345794678,4.398911159440553,4.276264862155574,4.382558345794678,5600
2010-03-15,4.382558345794678,4.382558345794678,4.382558345794678,4.382558345794678,0
2010-03-16,4.366199970245361,4.374376171712092,4.308965000452906,4.374376171712092,8800
2010-03-17,4.415255069732666,4.415255069732666,4.366196727721097,4.366196727721097,38900
2010-03-18,4.325318813323975,4.366200999943033,4.325318813323975,4.366200999943033,2800
2010-03-19,4.439788818359375,4.439788818359375,4.374377625363367,4.398907017677602,11000
2010-03-22,4.456140518188477,4.456140518188477,4.341670958661728,4.43978772397037,4100
2010-03-23,4.480669975280762,4.480669975280762,4.382553208421222,4.39072941071883,10900
2010-03-24,4.317142009735107,4.497022748111775,4.292612623197603,4.497022748111775,21200
2010-03-25,4.300790786743164,4.3989075889799665,4.300790786743164,4.333496387488765,6900
2010-03-26,4.4970221519470215,4.4970221519470215,4.398905398566967,4.4070815997413115,27500
2010-03-29,4.492916107177734,4.558626363478983,4.492916107177734,4.558626363478983,9100
2010-03-30,4.410778999328613,4.484702796615568,4.410778999328613,4.418992928654589,5200
2010-03-31,4.394351482391357,4.435420345231026,4.353283011213391,4.394351482391357,11500
2010-04-01,4.369711399078369,4.435421280143012,4.369711399078369,4.394352408646717,9700
2010-04-05,4.402564525604248,4.435419452599222,4.386137062106762,4.402564525604248,8100
2010-04-06,4.394351482391357,4.46827527883808,4.369710478016918,4.369710478016918,4700
2010-04-07,4.4189934730529785,4.435420942067007,4.410779542715086,4.435420942067007,3300
2010-04-08,4.386140823364258,4.386140823364258,4.386140823364258,4.386140823364258,6000
2010-04-09,4.386140823364258,4.386140823364258,4.386140823364258,4.386140823364258,0
2010-04-12,4.394351482391357,4.394351482391357,4.37792401558783,4.394351482391357,4300
2010-04-13,4.37792444229126,4.37792444229126,4.37792444229126,4.37792444229126,1500
2010-04-14,4.312216758728027,4.377926665718925,4.312216758728027,4.361499188971201,15600
2010-04-15,4.410778999328613,4.410778999328613,4.35328306069361,4.35328306069361,1300
2010-04-16,4.3614959716796875,4.4272058301991954,4.353282435195574,4.4272058301991954,5300
2010-04-19,4.386140823364258,4.427209321494726,4.377926888740988,4.394354366325567,8400
2010-04-20,4.312216758728027,4.377926665718925,4.312216758728027,4.377926665718925,13000
2010-04-21,4.312216758728027,4.312216758728027,4.312216758728027,4.312216758728027,2000
2010-04-22,4.279360294342041,4.345070178133106,4.279360294342041,4.345070178133106,10800
2010-04-23,4.295785903930664,4.345068295419959,4.230076048611605,4.345068295419959,2700
2010-04-26,4.230077266693115,4.246504735253289,4.230077266693115,4.246504735253289,2600
2010-04-27,4.386140823364258,4.386140823364258,4.262934545648932,4.262934545648932,8900
2010-04-28,4.292040824890137,4.316802772962381,4.250771436206812,4.316802772962381,5500
2010-04-29,4.358076095581055,4.358076095581055,4.226012921208328,4.226012921208328,5900
2010-04-30,4.300295829772949,4.333311504991414,4.259026038960921,4.275533876570154,14100
2010-05-03,4.2672810554504395,4.29204262030293,4.250773214356119,4.250773214356119,4700
2010-05-04,4.2177581787109375,4.250773865960578,4.192996216484689,4.250773865960578,23900
2010-05-05,4.192995548248291,4.192995548248291,4.192995548248291,4.192995548248291,2600
2010-05-06,3.986644983291626,4.1847393517415705,3.986644983291626,4.1847393517415705,35100
2010-05-07,4.085692882537842,4.168232450732813,4.085692882537842,4.085692882537842,11800
2010-05-10,4.118710517883301,4.159980321675237,3.9618862080611863,4.159980321675237,23400
2010-05-11,3.937124013900757,4.027917340719121,3.796807161611829,3.821569121136108,31400
2010-05-12,4.00315523147583,4.019663072681954,3.8793462256409117,3.8793462256409117,7900
2010-05-13,4.00315523147583,4.027917190074006,4.00315523147583,4.027917190074006,12200
2010-05-14,4.07744026184082,4.07744026184082,3.8463301169881454,3.8463301169881454,11300
2010-05-17,3.887601137161255,4.011410168286899,3.887601137161255,4.003156049208761,8200
2010-05-18,4.00315523147583,4.00315523147583,3.912361908053159,3.920616025445211,13000
2010-05-19,3.879345417022705,3.961884999426595,3.879345417022705,3.8958532547879035,3700
2010-05-20,3.8380777835845947,3.912362890884449,3.8380777835845947,3.8876013196438572,11800
2010-05-21,3.813314199447632,3.8628377144768065,3.739029123692826,3.7802985227615156,14100
2010-05-25,3.656489372253418,3.75553679138909,3.6317278126529198,3.7307748382106984,16500
2010-05-26,3.739027738571167,3.739027738571167,3.730773625668416,3.739027738571167,3900
2010-05-27,3.8519294261932373,3.8519294261932373,3.752310653860179,3.752310653860179,24900
2010-05-28,3.818725109100342,3.8519313834173,3.8104237384461093,3.8436300127630676,4200
2010-05-31,3.943247079849243,3.943247079849243,3.843628301257013,3.843628301257013,15400
2010-06-01,4.134185791015625,4.134185791015625,3.9432494843599804,3.9432494843599804,2600
2010-06-02,4.142485618591309,4.142485618591309,4.026263682695041,4.034565447469741,8800
2010-06-03,4.067772388458252,4.150788070702298,4.067772388458252,4.142486304552895,27900
2010-06-04,4.109279632568359,4.109279632568359,4.067771993402493,4.0760733628956825,3600
2010-06-07,4.142485618591309,4.1507873833660085,4.100977982267608,4.1092793511923755,6700
2010-06-08,4.200597763061523,4.267010313331267,4.150788350359216,4.267010313331267,9300
2010-06-09,4.150784969329834,4.159086729276351,4.150784969329834,4.159086729276351,73300
2010-06-10,4.159091949462891,4.159091949462891,4.092678974083178,4.092678974083178,10900
2010-06-11,4.167394161224365,4.258711674348583,4.159092785040497,4.159092785040497,4500
2010-06-14,4.150784969329834,4.167388093373165,4.076070713209992,4.167388093373165,7900
2010-06-15,4.159091949462891,4.159091949462891,3.968155585390439,4.159091949462891,4300
2010-06-16,4.159091949462891,4.159091949462891,4.159091949462891,4.159091949462891,0
2010-06-17,4.134185791015625,4.159090698775091,4.134185791015625,4.150788930905243,6000
2010-06-18,4.067772388458252,4.1922961097493205,4.067772388458252,4.183994343599917,12800
2010-06-21,4.192297458648682,4.192297458648682,4.175694316857702,4.175694316857702,2300
2010-06-22,4.200597763061523,4.200597763061523,4.167391487926651,4.175693254635382,5700
2010-06-23,4.217198371887207,4.217198371887207,4.217198371887207,4.217198371887207,200
2010-06-24,4.150784969329834,4.225499225449675,4.150784969329834,4.225499225449675,10200
2010-06-25,4.192297458648682,4.192297458648682,4.15078940624617,4.167392548037149,19600
2010-06-28,4.290802001953125,4.290802001953125,4.182280072036271,4.182280072036271,7000
2010-06-29,4.257407188415527,4.274102887269829,4.249059538016806,4.265755236871108,5100
2010-06-30,4.215672969818115,4.224020629779985,4.182281533856006,4.215672969818115,24900
2010-07-02,4.215672969818115,4.290803501704203,4.190629193817875,4.198977251837061,8500
2010-07-05,4.382625579833984,4.4243650302932584,4.282451376400006,4.282451376400006,16400
2010-07-06,4.591323375701904,4.591323375701904,4.382626858624545,4.449409680400177,28100
2010-07-07,4.658107757568359,4.674803468603986,4.549585436808214,4.582976858879467,32300
2010-07-08,4.674801826477051,4.674801826477051,4.641410416135265,4.6497584677492165,5100
2010-07-09,4.633063316345215,4.674802385232804,4.616367609178767,4.616367609178767,7300
2010-07-12,4.6247148513793945,4.633062903246808,4.6247148513793945,4.633062903246808,7700
2010-07-13,4.633063316345215,4.633063316345215,4.633063316345215,4.633063316345215,600
2010-07-14,4.633063316345215,4.633063316345215,4.633063316345215,4.633063316345215,0
2010-07-15,4.633063316345215,4.633063316345215,4.549584382455922,4.549584382455922,6400
2010-07-16,4.674801826477051,4.674801826477051,4.641410416135265,4.641410416135265,3600
2010-07-19,4.674801826477051,4.674801826477051,4.641410416135265,4.674801826477051,2400
2010-07-20,4.708193778991699,4.800020367034421,4.6330632960995235,4.641410950617741,22700
2010-07-21,4.716540336608887,4.808366895546194,4.6748008830764025,4.758279392084441,20600
2010-07-22,4.7415852546691895,4.8668032585227605,4.6998461854227065,4.8668032585227605,32400
2010-07-23,4.716540336608887,4.8000188456169255,4.716540336608887,4.724887988481226,14800
2010-07-26,4.758281230926514,4.791672647433872,4.699846451067177,4.708194106165475,3600
2010-07-27,4.774973392486572,4.774973392486572,4.633060176767322,4.758277696633908,11700
2010-07-28,4.655855178833008,4.739744378448459,4.655855178833008,4.739744378448459,10700
2010-07-29,4.689408779144287,4.689408779144287,4.613908332963692,4.655853114178485,6100
2010-07-30,4.664242267608643,4.664242267608643,4.664242267608643,4.664242267608643,1800
2010-08-03,4.681021690368652,4.731355209618124,4.630688171119181,4.697799530118477,5200
2010-08-04,4.6726298332214355,4.6726298332214355,4.6726298332214355,4.6726298332214355,1800
2010-08-05,4.714576244354248,4.714576244354248,4.588742276263373,4.63068706563205,3600
2010-08-06,4.714576244354248,4.714576244354248,4.580353558398731,4.588742276263373,1900
2010-08-09,4.697797775268555,4.697797775268555,4.697797775268555,4.697797775268555,300
2010-08-10,4.722965717315674,4.722965717315674,4.6558543692923555,4.672632206298185,3700
2010-08-11,4.655855178833008,4.739744378448459,4.655855178833008,4.739744378448459,12100
2010-08-12,4.739742279052734,4.739742279052734,4.6558531165946935,4.6558531165946935,5000
2010-08-13,4.781688690185547,4.806855649614318,4.781688690185547,4.781688690185547,3500
2010-08-16,4.781688690185547,4.781688690185547,4.69779949211506,4.773299970386123,12500
2010-08-17,4.739742279052734,4.739742279052734,4.6977974978161745,4.6977974978161745,4800
2010-08-18,4.697797775268555,4.706186892017361,4.697797775268555,4.706186892017361,4000
2010-08-19,4.7313551902771,4.7313551902771,4.6977995109146224,4.6977995109146224,2900
2010-08-20,4.7313551902771,4.7313551902771,4.664243831552144,4.7313551902771,7800
2010-08-23,4.655855178833008,4.706188698602278,4.655855178833008,4.706188698602278,7000
2010-08-24,4.655855178833008,4.731355258479285,4.655855178833008,4.731355258479285,1700
2010-08-25,4.6390767097473145,4.722965897985515,4.630687590915893,4.697798941506454,4100
2010-08-26,4.655855178833008,4.655855178833008,4.6474660588638335,4.6474660588638335,900
2010-08-27,4.637303829193115,4.679461297548601,4.637303829193115,4.679461297548601,5000
2010-08-30,4.7131876945495605,4.7131876945495605,4.637304402938477,4.654167311958333,17300
2010-08-31,4.586715221405029,4.713187227544224,4.586715221405029,4.713187227544224,11800
2010-09-01,4.6457366943359375,4.654167948978126,4.6457366943359375,4.654167948978126,3400
2010-09-02,4.654167175292969,4.654167175292969,4.654167175292969,4.654167175292969,3500
2010-09-03,4.586715221405029,4.65416685080102,4.586715221405029,4.65416685080102,13400
2010-09-07,4.620438575744629,4.620438575744629,4.5867127790054365,4.5867127790054365,800
2010-09-08,4.637303829193115,4.6710296430601375,4.637303829193115,4.6710296430601375,5400
2010-09-09,4.671030521392822,4.671030521392822,4.654167611288438,4.662599267362375,2600
2010-09-10,4.814367771148682,4.814367771148682,4.595149432434588,4.679464425505352,12400
2010-09-13,4.7722086906433105,4.84809199840268,4.7722086906433105,4.814366173185971,14100
2010-09-14,4.848089694976807,4.848089694976807,4.6794606490123485,4.6794606490123485,7400
2010-09-15,4.7722086906433105,4.805934515860019,4.721619952818248,4.805934515860019,12200
2010-09-16,4.7975006103515625,4.805931860976389,4.6794602873006905,4.772206054390426,15300
2010-09-17,4.7975006103515625,4.7975006103515625,4.7975006103515625,4.7975006103515625,0
2010-09-20,4.805932521820068,4.839658333043527,4.730049647588978,4.797501270035895,16100
2010-09-21,4.73848295211792,4.839660429619104,4.730051696681267,4.763777522514995,16300
2010-09-22,4.873384475708008,4.873384475708008,4.822795357562338,4.8396582629297695,16300
2010-09-23,4.940836429595947,4.95769933609791,4.84809024281345,4.873384803588096,47300
2010-09-24,5.134763240814209,5.17692033220017,5.025154079532134,5.025154079532134,62300
2010-09-27,5.151623725891113,5.151623725891113,5.0673091808772375,5.151623725891113,34400
2010-09-28,5.159250736236572,5.159250736236572,5.07453365433266,5.159250736236572,11900
2010-09-29,5.116888523101807,5.159247033654782,5.116888523101807,5.159247033654782,6300
2010-09-30,5.167719841003418,5.167719841003418,5.09147506767027,5.09147506767027,4000
2010-10-01,5.125363349914551,5.167721480995268,5.108420016690078,5.1592500163634964,5400
2010-10-04,5.083003044128418,5.150776353416404,5.083003044128418,5.150776353416404,3900
2010-10-05,5.108418941497803,5.167720393321544,5.09147561183947,5.1592489304728,15000
2010-10-06,5.125363349914551,5.125363349914551,5.091476683465606,5.091476683465606,10700
2010-10-07,5.201605796813965,5.201605796813965,5.125361033739671,5.125361033739671,6200
2010-10-08,5.29479455947876,5.29479455947876,5.201606062122919,5.210077927319253,9500
2010-10-12,5.277853012084961,5.311739676371149,5.22702301565568,5.22702301565568,15100
2010-10-13,5.252435207366943,5.30326558255189,5.227020423735173,5.227020423735173,13900
2010-10-14,5.29479455947876,5.29479455947876,5.218549388554821,5.252436041418623,8500
2010-10-15,5.2354936599731445,5.328682174149153,5.159248879248082,5.294795515168939,16400
2010-10-18,5.167719841003418,5.294795001839732,5.167719841003418,5.294795001839732,6300
2010-10-19,5.210078239440918,5.210078239440918,5.167719718843197,5.167719718843197,3800
2010-10-20,5.184660911560059,5.184660911560059,5.11688762967728,5.167717591089364,5300
2010-10-21,5.2354936599731445,5.2354936599731445,5.133833683032503,5.1423055497579755,2900
2010-10-22,5.320209503173828,5.320209503173828,5.176191033233852,5.2354924710015505,11500
2010-10-25,5.371039867401123,5.404926521129268,5.371039867401123,5.396454655716844,14900
2010-10-26,5.303266525268555,5.40492648578827,5.303266525268555,5.39645462043124,9200
2010-10-27,5.319438457489014,5.327949753824651,5.259860600662396,5.327949753824651,10500
2010-10-28,5.276881217956543,5.2853925117606115,5.259859036189231,5.259859036189231,2300
2010-10-29,5.259860515594482,5.353482744567598,5.259860515594482,5.353482744567598,1500
2010-11-01,5.361995697021484,5.37050659000744,5.3449735052085074,5.37050659000744,5000
2010-11-02,5.38752555847168,5.38752555847168,5.361992488949146,5.361992488949146,2800
2010-11-03,5.361995697021484,5.404550973633393,5.3449735052085074,5.404550973633393,3000
2010-11-04,5.3279500007629395,5.4045496421291555,5.3279500007629395,5.4045496421291555,800
2010-11-05,5.515191555023193,5.515191555023193,5.41305847578073,5.41305847578073,4800
2010-11-08,5.523703098297119,5.532214392165588,5.4556143707126905,5.4556143707126905,3300
2010-11-09,5.574769496917725,5.574769496917725,5.447102942438542,5.523702550453421,9800
2010-11-10,5.95776891708374,6.042879820445348,5.702435801158117,5.702435801158117,37500
2010-11-11,6.008840084075928,6.0428844716243715,6.000329190109373,6.000329190109373,17500
2010-11-12,5.95776891708374,6.06841329437423,5.753502749015881,5.753502749015881,12200
2010-11-15,5.95776891708374,6.05990200111767,5.9492576238271795,5.95776891708374,15400
2010-11-16,5.991814136505127,5.991814136505127,5.872658854734866,5.9577697702850525,7200
2010-11-17,5.95776891708374,6.000324571684944,5.915213262482537,5.915213262482537,4200
2010-11-18,6.076927661895752,6.076927661895752,5.957772328952197,5.957772328952197,5800
2010-11-19,6.1705474853515625,6.1705474853515625,6.076925271938371,6.076925271938371,7800
2010-11-22,6.187570571899414,6.187570571899414,6.0684152684319,6.0684152684319,7300
2010-11-23,6.366302967071533,6.366302967071533,6.170547646199834,6.196081125374788,9000
2010-11-24,6.213103771209717,6.221614661006515,6.153525919268477,6.221614661006515,7300
2010-11-25,6.366302967071533,6.366302967071533,6.119481093690811,6.213103309544462,26300
2010-11-26,6.4081711769104,6.4081711769104,6.322728976035705,6.3312729924129,9000
2010-11-29,6.391080856323242,6.416713712754113,6.331271129598163,6.408169291470346,6600
2010-11-30,6.391080856323242,6.391080856323242,6.331271129598163,6.331271129598163,3600
2010-12-01,6.322729110717773,6.39108287287355,6.322729110717773,6.39108287287355,5700
2010-12-02,6.3654465675354,6.3654465675354,6.322725692990936,6.331269704931693,1700
2010-12-03,6.220198154449463,6.365449688010352,6.143299972183874,6.365449688010352,4500
2010-12-06,6.237284183502197,6.237284183502197,6.160386030956707,6.220195750427687,7100
2010-12-07,6.271463394165039,6.348361168037488,6.271463394165039,6.348361168037488,3800
2010-12-08,6.305637836456299,6.322726269315785,6.1945628191594455,6.271460970737325,3800
2010-12-09,6.1860198974609375,6.280006504664708,6.1860198974609375,6.2287411936682355,10900
2010-12-10,6.1091227531433105,6.280007140431305,6.1091227531433105,6.237286247319565,7000
2010-12-13,6.262915134429932,6.262915134429932,6.262915134429932,6.262915134429932,900
2010-12-14,6.262915134429932,6.262915134429932,6.262915134429932,6.262915134429932,0
2010-12-15,6.254373550415039,6.322727292918956,6.134754093612742,6.23728511478906,54300
2010-12-16,6.373993396759033,6.476524023334663,6.237285894658194,6.365448974167483,11500
2010-12-17,6.579052448272705,6.579052448272705,6.442344991920137,6.450889411652351,26300
2010-12-20,6.502157688140869,6.62177676727847,6.502157688140869,6.596143903752997,7900
2010-12-21,6.416714191436768,6.493611951625041,6.408169769515592,6.493611951625041,7400
2010-12-22,6.28855037689209,6.450890717893239,6.1860193564458,6.450890717893239,7800
2010-12-23,6.254373550415039,6.2800060001437865,6.203108243537101,6.211652257639869,10400
2010-12-24,6.262915134429932,6.280003563425391,6.262915134429932,6.280003563425391,3400
2010-12-29,6.2800750732421875,6.348709706431499,6.26291641494486,6.348709706431499,13300
2010-12-30,6.417346000671387,6.417346000671387,6.305814488322864,6.305814488322864,13800
2010-12-31,6.322972297668457,6.41734513454112,6.322972297668457,6.41734513454112,1900
2011-01-04,6.468822479248047,6.503139807326698,6.365870495012094,6.485981143287373,18500
2011-01-05,6.648987770080566,6.648987770080566,6.357290111192513,6.400186970121262,9600
2011-01-06,7.0350565910339355,7.0350565910339355,6.640407033044283,6.640407033044283,13400
2011-01-07,6.966421127319336,7.026476220891023,6.949262879808548,6.957841594469299,11700
2011-01-10,6.854894638061523,6.966426191622973,6.854894638061523,6.966426191622973,6700
2011-01-11,6.932106971740723,6.932106971740723,6.8634723140553415,6.8634723140553415,4000
2011-01-12,6.820571422576904,6.906365103138295,6.769095459696823,6.906365103138295,24300
2011-01-13,6.889208793640137,7.069374940287265,6.889208793640137,6.889208793640137,32400
2011-01-14,6.992160320281982,7.0264776404258535,6.872050108873159,6.940684749160901,17500
2011-01-17,7.077955722808838,7.077955722808838,6.992161992832266,6.992161992832266,21000
2011-01-18,7.0350565910339355,7.0779534422002985,7.0350565910339355,7.0779534422002985,10900
2011-01-19,7.0350565910339355,7.0779534422002985,6.975001490314657,7.0779534422002985,17700
2011-01-20,6.914944171905518,7.077951172232508,6.906364640785908,7.0350543348235774,12900
2011-01-21,6.940685749053955,6.940685749053955,6.940685749053955,6.940685749053955,2000
2011-01-24,6.932106971740723,7.00932116618419,6.8634723140553415,7.00932116618419,8200
2011-01-25,7.0007405281066895,7.077954710403231,6.906368093182877,6.914947628591277,21700
2011-01-26,7.077955722808838,7.077955722808838,6.9321068727624535,6.992161992832266,23500
2011-01-27,6.89271354675293,7.116726934224516,6.849633922750627,7.116726934224516,44700
2011-01-28,7.056411266326904,7.0994908667294565,6.978868971612352,6.978868971612352,6400
2011-01-31,7.065030574798584,7.108110194860091,7.065030574798584,7.099494106512707,25900
2011-02-01,7.1081132888793945,7.1081132888793945,7.039186195448565,7.039186195448565,13100
2011-02-02,7.1081132888793945,7.1511929276926045,7.1081132888793945,7.1081132888793945,16800
2011-02-03,7.133958339691162,7.194270142377745,7.116726982977489,7.159806607274907,36200
2011-02-04,7.194266319274902,7.220113751447582,7.125339285697723,7.151186717870401,21800
2011-02-07,7.151192665100098,7.177040118768596,7.108113027868775,7.177040118768596,7700
2011-02-08,7.228731632232666,7.228731632232666,7.151188494771936,7.168419846610288,14200
2011-02-09,7.185655117034912,7.228734747710363,7.168422936094487,7.228734747710363,3700
2011-02-10,7.228731632232666,7.228731632232666,7.185652020123898,7.228731632232666,40100
2011-02-11,7.194266319274902,7.20288158221576,7.185650234658992,7.20288158221576,27900
2011-02-14,7.2201151847839355,7.237346535761469,7.177035574827276,7.228731271110311,26500
2011-02-15,7.23735237121582,7.23735237121582,7.194273548200059,7.220121006344692,13700
2011-02-16,7.280429840087891,7.280429840087891,7.211502757851073,7.263198480366503,13900
2011-02-17,7.254581451416016,7.254581451416016,7.202885735586513,7.254581451416016,9800
2011-02-18,7.254581451416016,7.254581451416016,7.211501825170685,7.254581451416016,3600
2011-02-22,7.142576694488525,7.254583424519799,7.10811314845396,7.254583424519799,18500
2011-02-23,6.978869915008545,7.1081079120114214,6.720393099327645,7.1081079120114214,47600
2011-02-24,6.931279182434082,7.009158853622983,6.905319154497566,7.009158853622983,14300
2011-02-25,7.138958930969238,7.138958930969238,6.931280323762621,6.931280323762621,18400
2011-02-28,7.138958930969238,7.138958930969238,7.0956923481575025,7.0956923481575025,8400
2011-03-01,7.087035655975342,7.138955696876873,6.974543746963954,7.138955696876873,11700
2011-03-02,7.138958930969238,7.138958930969238,7.078386210177665,7.078386210177665,4800
2011-03-03,7.138958930969238,7.138958930969238,7.052425765345767,7.0956923481575025,7800
2011-03-04,7.138958930969238,7.182225513780973,7.0956923481575025,7.130305449358605,8400
2011-03-07,7.095691680908203,7.1389582596513295,7.095691680908203,7.1389582596513295,9200
2011-03-08,7.112998008728027,7.13895762356434,7.095691048676302,7.104344528702164,5000
2011-03-09,7.112998008728027,7.112998008728027,7.095691048676302,7.095691048676302,1700
2011-03-10,6.9226274490356445,7.095692970213236,6.836094688446849,7.095692970213236,33700
2011-03-11,7.05242395401001,7.05242395401001,6.9312785435416995,6.9312785435416995,3200
2011-03-14,6.98319673538208,7.095689475046662,6.931277517223715,7.009157169702356,8200
2011-03-15,7.095691680908203,7.112998642501994,6.8793596124339205,6.931279671973942,52000
2011-03-16,7.026463508605957,7.09568968502642,6.9572373321854935,6.9572373321854935,6300
2011-03-17,7.0091552734375,7.035114875493543,6.9658887198501835,7.035114875493543,6600
2011-03-18,7.0091552734375,7.0091552734375,7.0091552734375,7.0091552734375,0
2011-03-21,7.242796897888184,7.2427968978881845,7.095691038622059,7.095691038622059,6300
2011-03-22,7.441822528839111,7.485088276778341,7.268756236117218,7.3379824231094775,20700
2011-03-23,7.43316650390625,7.43316650390625,7.381246468819778,7.381246468819778,22300
2011-03-24,7.27741003036499,7.433169370450838,7.27741003036499,7.433169370450838,6800
2011-03-25,7.684112548828125,7.744685243251652,7.4245139902056145,7.4245139902056145,28500
2011-03-28,8.030241012573242,8.497517948482354,7.692763729841607,7.692763729841607,73100
2011-03-29,8.164880752563477,8.251741520972619,8.034590428315445,8.069334570005966,36700
2011-03-30,8.164880752563477,8.251741520972619,8.130136610872956,8.251741520972619,23800
2011-03-31,8.243053436279297,8.251739676852123,8.16487892785485,8.208309302353488,11600
2011-04-01,8.208311080932617,8.225683565842544,8.07802075757086,8.14750904047922,15600
2011-04-04,8.269112586975098,8.382030406817705,8.208309728176534,8.22568221022342,47900
2011-04-05,8.30385971069336,8.382033422937095,8.251743074165034,8.251743074165034,11300
2011-04-06,8.208311080932617,8.33860223266005,8.173566939478437,8.33860223266005,11400
2011-04-07,8.208311080932617,8.208311080932617,8.208311080932617,8.208311080932617,0
2011-04-08,8.199618339538574,8.208304575108912,8.078014355013934,8.182246696762919,13700
2011-04-11,8.034586906433105,8.19962130003045,7.921668288344262,8.19962130003045,6300
2011-04-12,7.982474327087402,7.982474327087402,7.92167228221778,7.93904476838952,3100
2011-04-13,8.078022003173828,8.078022003173828,7.999847465756261,8.060649515585123,5900
2011-04-14,7.921666145324707,8.025898496509429,7.817433794139985,7.999840615804521,6400
2011-04-15,8.025901794433594,8.025901794433594,7.9042977489323,7.973786011608877,4500
2011-04-18,7.904299259185791,8.078019949069587,7.904299259185792,8.025903327921652,10500
2011-04-19,7.9911627769470215,8.051965666973205,7.98247653146243,8.051965666973205,7900
2011-04-20,8.208311080932617,8.208311080932617,8.034590373661715,8.060648272660933,16900
2011-04-21,7.9911627769470215,8.199627698381457,7.9911627769470215,8.182256035778236,37000
2011-04-25,8.208311080932617,8.208311080932617,8.034590373661715,8.043276616116678,3700
2011-04-26,8.190934181213379,8.23436370895677,8.069329349782508,8.208305826637707,15500
2011-04-27,9.102009773254395,9.415872723972747,8.334791259490892,8.334791259490892,93600
2011-04-28,9.241510391235352,9.302538965180707,8.979958053473604,9.293820359916523,35000
2011-04-29,8.901487350463867,9.154320943257686,8.892768750017167,9.119447372922384,27000
2011-05-02,9.067137718200684,9.2153506182392,9.006109170461862,9.2153506182392,37100
2011-05-03,9.067137718200684,9.24150642280007,8.979954197352596,9.067137718200684,16600
2011-05-04,8.866607666015625,9.128159678898717,8.857889071580972,9.03225680301939,10600
2011-05-05,8.840461730957031,8.936363873200445,8.718403778732142,8.89277168801643,10700
2011-05-06,8.945077896118164,9.102008518390365,8.849174971530948,9.084572152116277,12100
2011-05-09,8.979954719543457,9.189196179488338,8.979954719543457,8.98867332157074,16400
2011-05-10,9.15432357788086,9.232789341580688,9.067139211225108,9.232789341580688,6900
2011-05-11,8.979954719543457,9.154322602830858,8.979954719543457,9.154322602830858,9600
2011-05-12,8.979954719543457,9.145604000803575,8.96251751548889,9.12816762820066,44000
2011-05-13,9.459465026855469,9.677425042852587,9.119447102577436,9.119447102577436,157000
2011-05-16,9.075850486755371,9.459460392589538,9.075850486755371,9.44202320075568,105000
2011-05-17,8.849173545837402,9.084570688497813,8.849173545837402,8.962512818438576,21800
2011-05-18,8.997387886047363,9.040980049198641,8.849175030203831,8.849175030203831,21900
2011-05-19,9.15432357788086,9.15432357788086,9.023547859348973,9.067139211225108,10400
2011-05-20,9.37228012084961,9.37228012084961,9.285095787144856,9.354842921528087,77800
2011-05-24,9.084569931030273,9.424587720483256,9.084569931030273,9.38099556827885,32000
2011-05-25,9.15432357788086,9.197915761208735,9.084576417136955,9.093295020092878,19600
2011-05-26,9.224067687988281,9.232786288060739,9.15432055031155,9.15432055031155,14300
2011-05-27,9.228436470031738,9.272173301817901,9.10597350787262,9.254678235419163,14000
2011-05-30,9.27218246459961,9.394644713565388,9.210950505905215,9.324666047238798,10900
2011-05-31,9.359652519226074,9.464620486628032,9.2721796301634,9.2721796301634,64400
2011-06-01,9.482112884521484,9.534596436280554,9.315913024125395,9.359649873398629,24500
2011-06-02,9.447124481201172,9.447124481201172,9.403387627718402,9.403387627718402,15000
2011-06-03,9.490862846374512,9.525852167891555,9.412136664408356,9.438378446993331,58000
2011-06-06,9.34216022491455,9.525854414759886,9.315917601928486,9.525854414759886,54800
2011-06-07,9.464618682861328,9.534597314459441,9.359650735464157,9.359650735464157,16000
2011-06-08,9.438385009765625,9.464626810597258,9.079744006290026,9.403395663919513,37600
2011-06-09,9.36839771270752,9.50835496753387,9.307166622273751,9.50835496753387,119800
2011-06-10,9.359652519226074,9.447126242499998,9.315915657589112,9.350904980056432,17800
2011-06-13,9.385893821716309,9.44712575855585,9.324662719087973,9.324662719087973,5100
2011-06-14,9.622068405151367,9.622068405151367,9.377143261144738,9.482111180004722,61600
2011-06-15,9.727041244506836,9.744536323605614,9.543347085026104,9.64831505698491,15200
2011-06-16,9.622068405151367,9.709542087973452,9.560837327702426,9.595826633989088,30700
2011-06-17,9.630819320678711,9.75328151856064,9.622071782483957,9.66580863924657,14700
2011-06-20,10.278121948242188,10.278121948242188,9.858250132905557,9.858250132905557,93000
2011-06-21,11.362789154052734,11.476504621059838,10.470561324459167,10.470561324459167,225900
2011-06-22,11.06538200378418,11.354044084981252,10.951667346279635,11.030392685887902,40000
2011-06-23,11.275322914123535,11.275322914123535,10.715492786589667,10.995407433250877,22300
2011-06-24,11.06538200378418,11.275318745372985,10.837951854563949,11.275318745372985,39500
2011-06-27,11.415273666381836,11.5902202198391,11.056633023241703,11.056633023241703,37700
2011-06-28,11.323183059692383,11.489829911280454,11.314411996670987,11.340725185735172,69800
2011-06-29,11.393346786499023,11.393346786499023,11.226700816773198,11.32317997435611,29000
2011-06-30,12.279203414916992,12.279203414916992,11.314408526306059,11.323179586637186,86600
2011-07-04,12.200267791748047,12.323060149635243,12.147643092978182,12.147643092978182,16900
2011-07-05,11.726634979248047,12.270427979050522,11.726634979248047,12.270427979050522,27200
2011-07-06,11.665249824523926,12.042396425103838,11.586311911055745,12.042396425103838,57700
2011-07-07,11.840664863586426,11.849435927197462,11.481059620080622,11.612622228427494,21100
2011-07-08,11.735405921936035,11.83188504087026,11.726634864818184,11.83188504087026,14300
2011-07-11,11.630167007446289,11.744188351023785,11.542458024246722,11.744188351023785,14600
2011-07-12,11.85820484161377,11.91960060285425,11.638933309806898,11.717870358635581,56300
2011-07-13,12.016079902648926,12.489706382896403,11.928371790872443,11.928371790872443,66700
2011-07-14,12.200267791748047,12.340601437073696,12.121329907138742,12.209038853694526,33800
2011-07-15,12.279203414916992,12.314286819787151,12.156411079644256,12.200265544845543,61300
2011-07-18,12.279203414916992,12.323057880118279,12.156411079644256,12.279203414916992,49000
2011-07-19,12.279203414916992,12.401995750189728,12.279203414916992,12.323057880118279,25600
2011-07-20,12.331828117370605,12.34936940040773,12.287973655096351,12.287973655096351,15700
2011-07-21,12.340600967407227,12.340600967407227,12.30551755741104,12.331830742249036,19800
2011-07-22,12.401997566223145,12.401997566223145,12.296747336200797,12.305517561361803,28000
2011-07-25,12.48970890045166,12.507251028215643,12.340604160276568,12.454625481378384,8500
2011-07-26,12.673892974853516,12.708976382619268,12.48970487496971,12.586184873666344,29500
2011-07-27,12.590368270874023,12.731042645534115,12.590368270874023,12.71345876794431,8400
2011-07-28,12.28264045715332,12.493651970546116,12.28264045715332,12.493651970546116,121600
2011-07-29,12.520031929016113,12.563992883687408,12.22989080206522,12.273851756736516,11500
2011-08-02,12.300227165222168,12.607952988697857,12.300227165222168,12.590368272620202,13100
2011-08-03,12.563994407653809,12.607955367657407,12.309021845815622,12.309021845815622,5200
2011-08-04,12.054047584533691,12.651914543926798,12.03646286761721,12.49365544562028,25300
2011-08-05,12.370566368103027,12.370566368103027,12.133178531774861,12.177139490646166,37400
2011-08-08,11.658403396606445,11.851830296892357,11.359469847182847,11.851830296892357,57300
2011-08-09,12.388150215148926,12.396942574001477,11.658401200096982,11.658401200096982,60600
2011-08-10,12.476070404052734,12.58157702583523,12.38814933721456,12.467278884308717,20400
2011-08-11,12.484858512878418,12.572780388276529,12.018874585632782,12.572780388276529,8000
2011-08-12,11.878199577331543,12.352975832696016,11.658395739876045,12.344183477961371,21900
2011-08-15,10.946233749389648,11.90457886102718,10.568171622021728,11.886994985526151,78300
2011-08-16,10.568174362182617,10.87589939036404,9.899970150182423,10.779185953818827,398800
2011-08-17,11.385845184326172,11.394637544135701,10.72643329135185,10.72643329135185,99200
2011-08-18,10.65609359741211,11.297921459130958,10.348368622424905,11.297921459130958,32500
2011-08-19,10.708844184875488,10.770388996540463,10.55058513946821,10.65609089024467,5200
2011-08-22,10.796764373779297,10.955023406715046,10.550584308034326,10.708843340970075,5500
2011-08-23,10.594551086425781,10.867107528476012,10.550590126534773,10.796770328044625,8900
2011-08-24,10.576964378356934,10.700054875210734,10.515419549172739,10.515419549172739,7400
2011-08-25,10.198898315429688,10.57696034279563,10.1901059607622,10.57696034279563,9600
2011-08-26,10.084604263305664,10.11977285759024,9.680165009790338,9.952721405874438,34600
2011-08-29,10.274213790893555,10.380043346064486,9.903812870950865,10.11547114024087,24200
2011-08-30,10.468232154846191,10.565241586535546,10.450594458653466,10.450594458653466,2500
2011-08-31,10.556421279907227,10.556421279907227,10.406497104222918,10.45059259843329,9100
2011-09-01,10.468232154846191,10.60051866102449,10.468232154846191,10.574060855157782,900
2011-09-02,10.141935348510742,10.450603282495095,10.141935348510742,10.450603282495095,3700
2011-09-06,9.98318862915039,10.00082717578528,9.859722166914946,9.956731650250251,14100
2011-09-07,9.083641052246094,9.559870734854432,8.70442082387303,9.559870734854432,370100
2011-09-08,9.242376327514648,9.268834118370854,9.083633787633762,9.083633787633762,91000
2011-09-09,9.110101699829102,9.268845271780972,9.101282425597935,9.224749741677421,76400
2011-09-12,9.110101699829102,9.330578509294574,9.083644718187884,9.330578509294574,32300
2011-09-13,9.145370483398438,9.17182744342277,9.083637296324463,9.145370483398438,14100
2011-09-14,9.092462539672852,9.171833471915031,9.083643266850782,9.110100244264842,49700
2011-09-15,9.074821472167969,9.154193223405168,8.99544972093077,9.154193223405168,32800
2011-09-16,8.510400772094727,9.083640729631064,8.378115080921987,9.083640729631064,115500
2011-09-19,8.422212600708008,8.589774572234035,8.298745309390016,8.298745309390016,30400
2011-09-20,8.475130081176758,8.572140436540359,8.378120566865622,8.572140436540359,79200
2011-09-21,8.378110885620117,8.466301862941979,8.378110885620117,8.378110885620117,24100
2011-09-22,8.192912101745605,8.281103096243639,7.928339959303164,8.060626451050213,19200
2011-09-23,8.069453239440918,8.148825048525996,7.954806005265278,7.981262994609462,11700
2011-09-26,8.157635688781738,8.201731185039534,7.760777904564846,7.945978316006281,49600
2011-09-27,8.71324348449707,8.819072250577731,7.937165025519958,8.157641831784401,12800
2011-09-28,8.779622077941895,9.009733341268994,8.629164778385126,9.009733341268994,12400
2011-09-29,8.496403694152832,8.761915623811113,8.407899154905511,8.761915623811113,13200
2011-09-30,8.593755722045898,8.761913288955332,8.363644656555838,8.363644656555838,36000
2011-10-03,8.080430030822754,8.549501849546461,8.018477387984186,8.549501849546461,19700
2011-10-04,7.646768569946289,8.115840924011199,7.21309704301287,7.4520589564685755,132000
2011-10-05,7.531705856323242,7.752966304435852,7.5228552358287475,7.602509132195948,87000
2011-10-06,7.213094711303711,7.593663186432271,7.08033869832694,7.575962778588369,300000
2011-10-07,7.646768569946289,7.655618354707952,7.168845587077297,7.21309704301287,28000
2011-10-11,8.22204303741455,8.230893663096797,7.646765872742427,7.655615654382553,19000
2011-10-12,8.850417137145996,8.930071026426958,8.053879932419477,8.222037486646968,24000
2011-10-13,8.567211151123047,8.664565516370445,8.478706568867413,8.57606093411481,44000
2011-10-14,8.584906578063965,8.62915884350568,8.522953912870621,8.522953912870621,10000
2011-10-17,8.496403694152832,8.602608634824513,8.469851825953532,8.478702448686631,13000
2011-10-18,8.620311737060547,8.620311737060547,8.248593906226617,8.531808014126153,24700
2011-10-19,8.487550735473633,8.62915728406288,8.452149098326322,8.62915728406288,8200
2011-10-20,8.399057388305664,8.469860756743264,8.106993282489878,8.461010968720613,13900
2011-10-21,8.40789794921875,8.540653895010779,8.40789794921875,8.40789794921875,13300
2011-10-24,8.496403694152832,8.505253472844092,8.407899154905511,8.487553071419732,12800
2011-10-25,8.40789794921875,8.540653895010779,8.40789794921875,8.540653895010779,14500
2011-10-26,8.40789794921875,8.452150212496665,8.399047327754824,8.40789794921875,23100
2011-10-27,8.483403205871582,8.51893575014817,8.385688073738955,8.51893575014817,33800
2011-10-28,8.510055541992188,8.518938893129432,8.438990427220213,8.483406335743446,10300
2011-10-31,8.438987731933594,8.483403626271052,8.350155943258677,8.474520277971015,11000
2011-11-01,8.527823448181152,8.527823448181152,8.261328806582409,8.48340753338751,29100
2011-11-02,8.883143424987793,8.883143424987793,8.643298145875088,8.643298145875088,7600
2011-11-03,8.669953346252441,8.92756462501455,8.598888224329313,8.678836698283602,15300
2011-11-04,8.705488204956055,8.776553345636243,8.696604850580206,8.74102077529615,4200
2011-11-07,8.927562713623047,8.989744470201899,8.83873090665649,8.954211916847855,18600
2011-11-08,8.971980094909668,9.05192771775252,8.794316451713012,8.971980094909668,13100
2011-11-09,9.060809135437012,9.327303696189276,9.060809135437012,9.122991736149014,26600
2011-11-10,9.060809135437012,9.238471893550903,9.060809135437012,9.202939341928124,9400
2011-11-11,9.487200736999512,9.487200736999512,9.167406920683566,9.167406920683566,14400
2011-11-14,9.238473892211914,9.54938442154607,9.194058828446781,9.487202654544454,22000
2011-11-15,9.345072746276855,9.371721954906668,9.105227327119342,9.282890129923203,593100
2011-11-16,9.407256126403809,9.425021986144957,9.327307639660603,9.345074346564965,7200
2011-11-17,9.327301979064941,9.451666310431046,9.327301979064941,9.416133765349688,8100
2011-11-18,9.336189270019531,9.37172183010713,9.300656709931932,9.353955126481802,14000
2011-11-21,9.211820602416992,9.362834124355194,9.211820602416992,9.362834124355194,3800
2011-11-22,9.060809135437012,9.194056839394571,8.88314637732312,9.194056839394571,5600
2011-11-23,8.794315338134766,9.016394016846885,8.643301768837489,9.016394016846885,53900
2011-11-24,8.661070823669434,8.874266209855985,8.661070823669434,8.874266209855985,1800
2011-11-25,8.75877857208252,8.794311109705395,8.661064305410246,8.669947651606595,6100
2011-11-28,8.792668342590332,8.908596124596256,8.792668342590332,8.908596124596256,7700
2011-11-29,8.917515754699707,8.917515754699707,8.88184572569853,8.88184572569853,4400
2011-11-30,9.113706588745117,9.113706588745117,8.926438616016071,8.99777871510894,25200
2011-12-01,9.10478401184082,9.318804195068822,9.10478401184082,9.318804195068822,6300
2011-12-02,9.381226539611816,9.381226539611816,9.140453217381529,9.256381018776793,67800
2011-12-05,9.425814628601074,9.425814628601074,9.318804533105318,9.318804533105318,37600
2011-12-06,9.586322784423828,9.586322784423828,9.381220472596185,9.425807340078727,6800
2011-12-07,9.425814628601074,9.523907853969332,9.416897758473576,9.523907853969332,1000
2011-12-08,9.434731483459473,9.506071540577306,9.407979174650425,9.407979174650425,6900
2011-12-09,9.550658226013184,9.550658226013184,9.434730433487925,9.523905920181345,7200
2011-12-12,9.318806648254395,9.49715684789527,9.318806648254395,9.49715684789527,20000
2011-12-13,9.238545417785645,9.399060963122553,9.202875391093055,9.202875391093055,49000
2011-12-14,9.095868110656738,9.31880605871421,8.917517922298916,9.31880605871421,24800
2011-12-15,9.185040473937988,9.363390601012025,9.176122754974164,9.176122754974164,57000
2011-12-16,9.354471206665039,9.354471206665039,9.1493688098738,9.238543432219425,33600
2011-12-19,9.381226539611816,9.40797884749056,9.247463299337035,9.35447338129254,14400
2011-12-20,9.675503730773926,9.720090623650112,9.470400451693502,9.470400451693502,78600
2011-12-21,9.720094680786133,9.764682442713575,9.675507769299514,9.764682442713575,56000
2011-12-22,9.871691703796387,9.871691703796387,9.630919171002713,9.729011558371877,48500
2011-12-23,9.720094680786133,9.800352482167364,9.657672324352209,9.800352482167364,44000
2011-12-28,9.798833847045898,9.798833847045898,9.664603585429386,9.664603585429386,24900
2011-12-29,9.870426177978516,9.942015784533458,9.754092853972878,9.942015784533458,38900
2011-12-30,9.852530479431152,9.861479394763698,9.754094117604222,9.825683733433515,7200
2012-01-03,9.879382133483887,9.959920711614314,9.798843555353457,9.959920711614314,20300
2012-01-04,10.201534271240234,10.273123919546656,9.942021582775475,10.022560150474181,40200
2012-01-05,10.156787872314453,10.156787872314453,10.120993060527033,10.156787872314453,5700
2012-01-06,10.147841453552246,10.335764475040838,10.08520073086133,10.201533257739936,44500
2012-01-09,10.28206729888916,10.326811018326426,10.156785908563375,10.156785908563375,42600
2012-01-10,10.434198379516602,10.51473692656446,10.335762851689058,10.487891028687075,44100
2012-01-11,10.514735221862793,10.514735221862793,10.335761176003562,10.398401878700401,31000
2012-01-12,10.559480667114258,10.559480667114258,10.398403572889231,10.461044285791983,6000
2012-01-13,10.478940963745117,10.675812851250923,10.478940963745117,10.568428418088377,6800
2012-01-16,10.335762977600098,10.52368597186249,10.335762977600098,10.425249589420078,7800
2012-01-17,10.550527572631836,10.550527572631836,10.29101505325167,10.34470768120618,10800
2012-01-18,10.443144798278809,10.55052921751425,10.389452161953336,10.514734411102436,14600
2012-01-19,10.344714164733887,10.63107275085826,10.344714164733887,10.434200796189801,14400
2012-01-20,10.380508422851562,10.425251309435623,10.371559504168408,10.380508422851562,14100
2012-01-23,10.46999740600586,10.532638997471357,10.380510759280368,10.380510759280368,18700
2012-01-24,10.845842361450195,10.872688267206252,10.469996267201568,10.469996267201568,61000
2012-01-25,10.845842361450195,10.845842361450195,10.783201630214077,10.827945375418143,4100
2012-01-26,11.16799259185791,11.176941509018624,10.783198541520026,10.872685152880033,16100
2012-01-27,11.166199684143066,11.17517593465338,10.869990265481636,11.17517593465338,8200
2012-01-30,11.04951000213623,11.246982344176107,11.04951000213623,11.238006951190455,6700
2012-01-31,11.399571418762207,11.4444517930767,11.076434264537351,11.076434264537351,28700
2012-02-01,11.399571418762207,11.462404285211273,11.39059517269492,11.4444517930767,18400
2012-02-02,11.399571418762207,11.480355921323905,11.220050777526176,11.435475547009412,45700
2012-02-03,11.453438758850098,11.570127498872404,11.408558342530329,11.570127498872404,25300
2012-02-06,11.632953643798828,11.75861857429233,11.390600032708997,11.435480426172555,18200
2012-02-07,11.62397575378418,11.65987989228457,11.579095366653146,11.650903643653926,2100
2012-02-08,11.363675117492676,11.749645404012004,11.31879471226583,11.749645404012004,10000
2012-02-09,11.534218788146973,11.534218788146973,11.39957759228756,11.480362138598727,15600
2012-02-10,11.50728988647461,11.525242388099214,11.444457842833279,11.444457842833279,6000
2012-02-13,11.354690551757812,11.489331668859096,11.354690551757812,11.489331668859096,6100
2012-02-14,11.489338874816895,11.489338874816895,11.336746026677748,11.399578073785946,7600
2012-02-15,11.408556938171387,11.489341506398087,11.408556938171387,11.44446109560296,4100
2012-02-16,11.588071823120117,11.597048071911754,11.399574878606762,11.399574878606762,10100
2012-02-17,11.66885757446289,11.66885757446289,11.53421725255108,11.588073038906888,13500
2012-02-21,11.758618354797363,11.758618354797363,11.615000927190383,11.668857569545787,15800
2012-02-22,11.686810493469238,12.0727798296159,11.588073454901924,12.0727798296159,10300
2012-02-23,11.785544395446777,11.875304310567103,11.713736120941654,11.857352669951899,41300
2012-02-24,11.76759147644043,11.87530388433204,11.758616084466055,11.87530388433204,7100
2012-02-27,11.702778816223145,11.927832254996668,11.693776472629628,11.927832254996668,49200
2012-02-28,11.774798393249512,11.882823964190864,11.747792215141903,11.882823964190864,14400
2012-02-29,11.765791893005371,11.864815941951033,11.684772528780963,11.810802746297888,10100
2012-03-01,11.702778816223145,11.837810536082964,11.702778816223145,11.792800535136848,25100
2012-03-02,11.846809387207031,11.846809387207031,11.747786212402831,11.747786212402831,10900
2012-03-05,11.92783260345459,11.945837291167612,11.711781501962902,11.819807052708747,29000
2012-03-06,11.432711601257324,11.792797526535585,11.369696929200598,11.729781995968342,63800
2012-03-07,11.117639541625977,11.657767246676086,11.027617828195615,11.657767246676086,27800
2012-03-08,11.207659721374512,11.34269228338543,11.045621848876298,11.045621848876298,31600
2012-03-09,11.360698699951172,11.48672894819226,11.090634372869312,11.306686349641296,20300
2012-03-12,11.774798393249512,11.882823964190864,11.567749596906316,11.603758120553433,12100
2012-03-13,11.747790336608887,11.882822064065568,11.567747747163047,11.864818234376378,79300
2012-03-14,11.693777084350586,11.702779428415031,11.612757704792141,11.702779428415031,7900
2012-03-15,11.486736297607422,11.729793746535929,11.477733947292304,11.69378520378684,18500
2012-03-16,11.360698699951172,11.61275833792252,11.360698699951172,11.585752162767584,6400
2012-03-19,10.892584800720215,11.387701589244294,10.80256309816461,11.387701589244294,38400
2012-03-20,10.874578475952148,10.937593143126511,10.80256146817846,10.80256146817846,23400
2012-03-21,10.577509880065918,10.892584985855098,10.541501370133776,10.87458030163373,24900
2012-03-22,10.289450645446777,10.532508081793871,10.010383809703175,10.532508081793871,25400
2012-03-23,11.072629928588867,11.117640790359669,10.397469577559189,10.397469577559189,70000
2012-03-26,10.93759822845459,11.117641690108686,10.865581187197291,11.072630824695162,12600
2012-03-27,10.802563667297363,10.982606223383527,10.802563667297363,10.982606223383527,36000
2012-03-28,10.9542875289917,10.9542875289917,10.74658006483295,10.836887807726052,23400
2012-03-29,10.918157577514648,11.008464401050782,10.83688083346559,11.008464401050782,11200
2012-03-30,10.818819999694824,10.909127693214137,10.746574189374572,10.873004788054011,12600
2012-04-02,10.791728019714355,10.882035713096263,10.791728019714355,10.83688186640531,13100
2012-04-03,10.701417922973633,10.701417922973633,10.638202212395818,10.692386984142841,19100
2012-04-04,10.611116409301758,10.746577125350745,10.593054521168172,10.746577125350745,32900
2012-04-05,10.493714332580566,10.611113995023002,10.34922270534004,10.611113995023002,38000
2012-04-09,10.565963745117188,10.565963745117188,10.52984082600308,10.52984082600308,3600
2012-04-10,10.430499076843262,10.692390356881424,10.430499076843262,10.68335941520197,8000
2012-04-11,10.656270027160645,10.737546799445383,10.556931367151206,10.565962311013557,24600
2012-04-12,10.72850513458252,10.791719955971953,10.629167435079502,10.629167435079502,5500
2012-04-13,10.74656867980957,10.74656867980957,10.520800422996448,10.656261893826853,3000
2012-04-16,10.836882591247559,10.909128406290165,10.782697799346579,10.836882591247559,8300
2012-04-17,10.656270027160645,10.827853654354263,10.620147112949452,10.827853654354263,9900
2012-04-18,10.565963745117188,10.64724052843351,10.520809880914971,10.620148554407512,20400
2012-04-19,10.240859031677246,10.565965353183119,10.159582235991163,10.565965353183119,75800
2012-04-20,10.484682083129883,10.538866867207261,10.340190473907445,10.340190473907445,29900
2012-04-23,10.385347366333008,10.511777992142806,10.304070596972293,10.511777992142806,24800
2012-04-24,10.593055725097656,10.836886075183687,10.439533964705149,10.439533964705149,16700
2012-04-25,10.574992179870605,10.593053204521096,10.547900212275808,10.593053204521096,11900
2012-04-26,10.373856544494629,10.600359966269805,10.373856544494629,10.600359966269805,18000
2012-04-27,10.319494247436523,10.555057104676871,10.292313219875012,10.555057104676871,11300
2012-04-30,10.645657539367676,10.73625922574494,10.292311999346412,10.292311999346412,45000
2012-05-01,10.917457580566406,11.026179044427579,10.645653488892782,10.645653488892782,15900
2012-05-02,10.926527976989746,10.944647805626138,10.844986588020525,10.944647805626138,28200
2012-05-03,10.899343490600586,10.917464177547739,10.763441794664578,10.917464177547739,5900
2012-05-04,10.872160911560059,10.917461754833235,10.600356715962713,10.663778242161849,22500
2012-05-07,10.88122272491455,10.917463231626964,10.727200355376336,10.863102039537427,10200
2012-05-08,10.781560897827148,10.917463448732645,10.781560897827148,10.872162598430814,42200
2012-05-09,10.88122272491455,10.917463231626964,10.645658999262947,10.772501204777312,24000
2012-05-10,11.171144485473633,11.171144485473633,10.86309980963062,10.872160150459335,27000
2012-05-11,12.004680633544922,12.747611535882209,11.18926870971336,11.288929898257505,82900
2012-05-14,11.32516860961914,11.914077031702618,11.32516860961914,11.914077031702618,62000
2012-05-15,11.442951202392578,11.569793410028726,11.325169337596552,11.352349502075066,9500
2012-05-16,11.551669120788574,11.642270792842764,11.406707136735136,11.442947632748496,9900
2012-05-17,11.37952995300293,11.497310947778878,11.234567067044443,11.497310947778878,6000
2012-05-18,11.37047290802002,11.497314281959767,11.325172047023514,11.497314281959767,10000
2012-05-22,11.461068153381348,11.58791032924738,11.370467339798438,11.370467339798438,16000
2012-05-23,11.32516860961914,11.388589277339634,11.15302642693132,11.316108267361415,10700
2012-05-24,11.461068153381348,11.461068153381348,11.325166500986168,11.334226841556948,6900
2012-05-25,11.578850746154785,11.596971428481785,11.533549904378972,11.533549904378972,7600
2012-05-28,11.433894157409668,11.587916573948734,11.433894157409668,11.587916573948734,2600
2012-05-29,11.432068824768066,11.622906257507323,11.422981121625465,11.486594176972599,13300
2012-05-30,11.486598014831543,11.61382243473141,11.4502480567671,11.604735595203822,12000
2012-05-31,11.586563110351562,11.632000786075414,11.54112543462771,11.54112543462771,25600
2012-06-01,11.586563110351562,11.604738527301736,11.550213143102797,11.586563110351562,52700
2012-06-04,11.65017318725586,11.686523147799114,11.58656097296802,11.686523147799114,43000
2012-06-05,11.67743968963623,11.722876503486004,11.58656432863334,11.686526532415183,12600
2012-06-06,11.72287654876709,11.804664200655273,11.65926431581036,11.65926431581036,14300
2012-06-07,11.72287654876709,11.795576491189546,11.72287654876709,11.795576491189546,14500
2012-06-08,11.80466365814209,11.80466365814209,11.722876010012666,11.795575949094014,14500
2012-06-11,12.040933609008789,12.040933609008789,11.722870865129186,11.804658477364013,41600
2012-06-12,11.96823787689209,11.995500134930246,11.904625652585873,11.950062460432282,11700
2012-06-13,12.013676643371582,12.050026612943668,11.904626734655324,12.022763485775878,23700
2012-06-14,12.222681999206543,12.222681999206543,12.0136700063007,12.086369905281094,11200
2012-06-15,12.086380958557129,12.19543090675643,11.931893315278465,12.19543090675643,5000
2012-06-18,11.995499610900879,12.086374955926875,11.959149646220785,11.959149646220785,6100
2012-06-19,12.059114456176758,12.059114456176758,11.995501358729081,11.995501358729081,57300
2012-06-20,11.950060844421387,12.086373849481626,11.950060844421387,11.9954985127748,32000
2012-06-21,12.086380958557129,12.095468670903392,11.959155585665304,11.959155585665304,11800
2012-06-22,12.177250862121582,12.259038508904528,12.086376373091792,12.086376373091792,24900
2012-06-25,12.240860939025879,12.240860939025879,12.13181105909208,12.240860939025879,10100
2012-06-26,12.268123626708984,12.277211333688077,12.231773665444052,12.231773665444052,11500
2012-06-27,12.302756309509277,12.339208886032793,12.302756309509277,12.302756309509277,8700
2012-06-28,12.402997016906738,12.402997016906738,12.302752678328869,12.302752678328869,1100
2012-06-29,12.47590446472168,12.47590446472168,12.357434255815166,12.421226040472193,8600
2012-07-03,12.685508728027344,12.78575309564309,12.530585061377026,12.530585061377026,20000
2012-07-04,12.712841987609863,12.712841987609863,12.667276071276266,12.667276071276266,3600
2012-07-05,12.740181922912598,12.740181922912598,12.6217117503644,12.703729361567548,21900
2012-07-06,12.694622039794922,12.740187108198109,12.667281955835445,12.676395317155272,3300
2012-07-09,12.712841987609863,12.731068701782329,12.621711024040236,12.731068701782329,8800
2012-07-10,12.758410453796387,12.758410453796387,12.66727860291589,12.66727860291589,11900
2012-07-11,12.758410453796387,12.849542304676886,12.539695054600479,12.758410453796387,73800
2012-07-12,12.758410453796387,12.767523812703985,12.758410453796387,12.758410453796387,10600
2012-07-13,12.803976058959961,12.803976058959961,12.721957569038658,12.75841013465949,18800
2012-07-16,12.785752296447754,12.876884166109695,12.758413083188339,12.803979018019309,4000
2012-07-17,13.10471248626709,13.10471248626709,12.895109541439503,12.895109541439503,13200
2012-07-18,13.3507661819458,13.3507661819458,13.122937401577458,13.122937401577458,19800
2012-07-19,13.387218475341797,13.487463692854519,13.350765906000209,13.478350333244668,19200
2012-07-20,12.867777824401855,13.369001642752803,12.867777824401855,13.369001642752803,6600
2012-07-23,13.031803131103516,13.031803131103516,12.649050806886247,12.758408489648666,4200
2012-07-24,12.98624038696289,13.12293730655495,12.895108527836305,13.022692956793962,11300
2012-07-25,13.077371597290039,13.104710806032525,12.98623974268472,12.98623974268472,9000
2012-07-26,13.086487770080566,13.122940348361091,13.03180933720879,13.077375277333951,9500
2012-07-27,13.020696640014648,13.112070298330652,12.975009810856648,13.112070298330652,10900
2012-07-30,13.06637954711914,13.084653750454816,13.029830269044265,13.06637954711914,48400
2012-07-31,13.11207389831543,13.157759868612953,13.011562672291214,13.075524599234994,18300
2012-08-01,13.230854988098145,13.230854988098145,13.112070450870755,13.130344659904278,15000
2012-08-02,13.239991188049316,13.267403805930352,13.176030155800985,13.176030155800985,15600
2012-08-03,13.239991188049316,13.43187515619802,13.239991188049316,13.386188331133337,2700
2012-08-07,13.230854988098145,13.267405148972784,13.15775640915646,13.212580779064622,46600
2012-08-08,13.331365585327148,13.431875908979526,13.157755814632237,13.157755814632237,41700
2012-08-09,13.42274284362793,13.431880386479705,13.340507572174102,13.340507572174102,60100
2012-08-10,13.806509017944336,13.934431985946969,13.26740713538536,13.46842782187016,179200
2012-08-13,13.66944694519043,14.053214909444202,13.66944694519043,14.053214909444202,20400
2012-08-14,13.742546081542969,13.79737045212713,13.705996791621462,13.79737045212713,13000
2012-08-15,14.025800704956055,14.117173474337953,13.888740243777779,14.007525628237504,20700
2012-08-16,13.705998420715332,14.025805399093587,13.696860879297915,14.025805399093587,35500
2012-08-17,13.705998420715332,13.84305805636092,13.678586667866997,13.705998420715332,24700
2012-08-20,13.5232515335083,13.733409751222432,13.51411399237189,13.715135540353495,6600
2012-08-21,13.495838165283203,13.614622700215731,13.477563085198948,13.477563085198948,8100
2012-08-22,13.477564811706543,13.605487774472211,13.386191142387654,13.468427270493876,7400
2012-08-23,13.705998420715332,13.705998420715332,13.51411440796916,13.51411440796916,16900
2012-08-24,13.5506591796875,13.705993846324805,13.5506591796875,13.705993846324805,3200
2012-08-27,13.486701011657715,13.550662050977634,13.477563471353783,13.550662050977634,5000
2012-08-28,13.486701011657715,13.605486421397426,13.486701011657715,13.486701011657715,3300
2012-08-29,13.56732177734375,13.56732177734375,13.512355877502372,13.548999519512178,22100
2012-08-30,13.59480094909668,13.59480094909668,13.512352556425515,13.512352556425515,3500
2012-08-31,13.576473236083984,13.58563435906406,13.548990740796532,13.548990740796532,2300
2012-09-04,13.558155059814453,13.622281188485761,13.558155059814453,13.622281188485761,2600
2012-09-05,13.558155059814453,13.603959811859522,13.539832809535234,13.539832809535234,32700
2012-09-06,13.603961944580078,13.603961944580078,13.558157185354107,13.558157185354107,7000
2012-09-07,13.658926010131836,13.74137439629409,13.55815624574078,13.567317371681709,18600
2012-09-10,13.603961944580078,13.787180107830855,13.603961944580078,13.787180107830855,2300
2012-09-11,13.71389389038086,13.723054144003477,13.649766873103438,13.668089127655039,17300
2012-09-12,13.823820114135742,13.878785111865678,13.69556699667775,13.69556699667775,5800
2012-09-13,14.016203880310059,14.153617292668198,13.759698436203388,13.759698436203388,17700
2012-09-14,14.199424743652344,14.199424743652344,13.970401763916016,14.016206534593948,10200
2012-09-17,14.190254211425781,14.190254211425781,14.107805853571667,14.13528922195821,22500
2012-09-18,14.107807159423828,14.245221393117657,14.107807159423828,14.126129406710806,8400
2012-09-19,14.107807159423828,14.199416648553047,14.107807159423828,14.107807159423828,8700
2012-09-20,14.492575645446777,14.520059035397006,14.153621698941583,14.153621698941583,13800
2012-09-21,14.190254211425781,14.501725397251205,14.162771716691996,14.501725397251205,4000
2012-09-24,14.20858383178711,14.520055179277458,14.116974303588815,14.116974303588815,14600
2012-09-25,14.254382133483887,14.382634366432894,14.199416266753731,14.327669373355551,6100
2012-09-26,14.399481773376465,14.528048011915445,14.25254842887945,14.463764892645955,5400
2012-09-27,14.482131004333496,14.482131004333496,14.344380346480953,14.344380346480953,3700
2012-09-28,14.463766098022461,14.463766098022461,14.335198972977182,14.353566080465889,800
2012-10-01,14.371935844421387,14.537236349278878,14.344386052209174,14.528052793277439,5900
2012-10-02,14.353569030761719,14.381118821865595,14.234185434922162,14.381118821865595,22200
2012-10-03,14.234177589416504,14.289278017046414,14.234177589416504,14.289278017046414,39800
2012-10-04,14.243367195129395,14.316833879340386,14.234183640655031,14.234183640655031,8000
2012-10-05,14.390297889709473,14.390297889709473,14.234180995820996,14.2800978838691,5100
2012-10-09,14.463766098022461,14.463766098022461,14.40866565134823,14.445398990533755,20000
2012-10-10,14.390297889709473,14.647431236670343,14.390297889709473,14.463764560269722,7300
2012-10-11,14.4178466796875,14.528046677941632,14.4178466796875,14.528046677941632,900
2012-10-12,14.50968074798584,14.52804697684353,14.500497195661119,14.500497195661119,1400
2012-10-15,14.5188570022583,14.619873399678053,14.509673454549784,14.509673454549784,9800
2012-10-16,14.803550720214844,14.849466737787028,14.518866681991064,14.518866681991064,14100
2012-10-17,14.65661907196045,14.785186220902856,14.583152379933944,14.785186220902856,15300
2012-10-18,14.720900535583496,14.739265891722308,14.684166320138274,14.69334987399958,7000
2012-10-19,14.693355560302734,14.73927159579489,14.592339056110859,14.610705295149273,15300
2012-10-22,14.711719512939453,15.033136947051263,14.693352402056698,14.693352402056698,13600
2012-10-23,14.794368743896484,14.895384343643268,14.693351392565722,14.693351392565722,56500
2012-10-24,14.831097602844238,14.886197166715993,14.785181591548369,14.877015365723663,67000
2012-10-25,14.812736511230469,14.85865429275117,14.785187593902315,14.83110362383875,5800
2012-10-26,14.867833137512207,14.895382046110248,14.785182908550661,14.82191537054262,5300
2012-10-29,14.967248916625977,14.967248916625977,14.819969857023903,14.838380178400383,102500
2012-10-30,15.050088882446289,15.050088882446289,14.921218428972068,15.004063093453949,11700
2012-10-31,15.004063606262207,15.086908273575549,15.004063606262207,15.077703115462468,10300
2012-11-01,14.884401321411133,14.884401321411133,14.819966964872851,14.829172123764682,20500
2012-11-02,14.958046913146973,15.03168645849118,14.884407367802767,14.884407367802767,31200
2012-11-05,15.004063606262207,15.050089396827614,14.95803957140119,14.967244729514272,15900
2012-11-06,15.188158988952637,15.271003632985053,15.050085167466573,15.068495478519088,24500
2012-11-07,15.252603530883789,15.261808692571293,15.114529616981383,15.243398369196287,21700
2012-11-08,15.418294906616211,15.556368838220969,15.188171102039849,15.20658142777523,132900
2012-11-09,15.399877548217773,15.409082706881742,15.298624314323096,15.35385351060242,3700
2012-11-12,15.464308738708496,15.510334522610114,15.418284710511012,15.418284710511012,2700
2012-11-13,15.648415565490723,15.648415565490723,15.409086646157448,15.418291807174683,9600
2012-11-14,15.694442749023438,15.795697784728521,15.537958491890713,15.740468563300881,27300
2012-11-15,15.23419189453125,15.639210195349039,15.188167845765443,15.639210195349039,34900
2012-11-16,15.436699867248535,15.602389229870187,15.234189865953322,15.234189865953322,8000
2012-11-19,15.206575393676758,15.37226474813764,15.188165075246749,15.326238952062617,12000
2012-11-20,15.096117973327637,15.243397036036791,15.096117973327637,15.197372987329524,12000
2012-11-21,15.096117973327637,15.17896266556465,15.02247844197306,15.17896266556465,7500
2012-11-22,15.23419189453125,15.25260221631954,15.132938636105491,15.243397055425394,4500
2012-11-23,15.23419189453125,15.23419189453125,15.188167845765443,15.23419189453125,4300
2012-11-26,15.23419189453125,15.23419189453125,15.206578167553733,15.23419189453125,3500
2012-11-27,15.224983215332031,15.234186617333153,15.169752269099435,15.234186617333153,19800
2012-11-28,15.344008445739746,15.344008445739746,15.224062064416545,15.224062064416545,2100
2012-11-29,15.500860214233398,15.500860214233398,15.41781974709772,15.445500489427587,6300
2012-11-30,15.22406005859375,15.316327441222684,15.131792675964817,15.131792675964817,122000
2012-12-03,15.039525985717773,15.131793372594464,13.886188929321214,15.002620086879514,50700
2012-12-04,15.131794929504395,15.214835410252046,14.993394714876379,15.150248760749253,110500
2012-12-05,15.09488296508789,15.141015764819883,14.993388693853301,15.131788852902785,46200
2012-12-06,15.17793083190918,15.205609821337282,15.039528845351214,15.196382904909793,63200
2012-12-07,15.45473575592041,15.45473575592041,15.085667791332092,15.159481384249755,38400
2012-12-10,15.039525985717773,15.224060759471156,14.90112578532975,15.224060759471156,23300
2012-12-11,14.725821495056152,15.039528731879235,14.495153865672394,15.039528731879235,12700
2012-12-12,14.98416805267334,14.98416805267334,14.716593654587284,14.76272735355256,59500
2012-12-13,14.855000495910645,14.984173847052197,14.762733062300283,14.984173847052197,8200
2012-12-14,14.855000495910645,14.947267929521004,14.77195998164681,14.855000495910645,11600
2012-12-17,14.855000495910645,14.938041010174476,14.855000495910645,14.855000495910645,7600
2012-12-18,15.011848449707031,15.011848449707031,14.947261800619048,14.947261800619048,29500
2012-12-19,14.947257041931152,15.085657211608478,14.947257041931152,14.993389845205714,89500
2012-12-20,14.855000495910645,15.030308443784838,14.762733062300283,15.030308443784838,14700
2012-12-21,14.855000495910645,15.039533603276444,14.855000495910645,14.901133332788364,7300
2012-12-24,14.762731552124023,14.854998976295747,14.762731552124023,14.854998976295747,15800
2012-12-27,14.845046997070312,14.882044847485039,14.79880144820651,14.79880144820651,4400
2012-12-28,15.002284049987793,15.020782974846153,14.845046717000884,14.909792954005141,30100
2012-12-31,15.067022323608398,15.122517304698103,15.020775035905611,15.113267847157546,12000
2013-01-02,15.27975845336914,15.298257373170447,15.15951723881474,15.15951723881474,9400
2013-01-03,15.27050495147705,15.27975440892944,15.187261598559171,15.27975440892944,3400
2013-01-04,15.307510375976562,15.307510375976562,15.261264824594218,15.261264824594218,5900
2013-01-07,15.621986389160156,15.631235853051567,15.261266118169342,15.261266118169342,13700
2013-01-08,15.353754997253418,15.575736780414012,15.261262146564572,15.538738934476717,9000
2013-01-09,15.344504356384277,15.557236661709856,15.27975989512469,15.557236661709856,52200
2013-01-10,15.344504356384277,15.372252738704498,15.261260973577876,15.353753817157685,265400
2013-01-11,15.224262237548828,15.353752916627359,15.215014541472076,15.24276115801064,48900
2013-01-14,15.27050495147705,15.316750474585373,15.048523265080581,15.224257664215104,212400
2013-01-15,15.399995803833008,15.501738084712573,15.270506911189091,15.270506911189091,195500
2013-01-16,15.390745162963867,15.44624191053733,15.33525017954412,15.353749095401941,220500
2013-01-17,15.631237030029297,15.631237030029297,15.381506778621906,15.501748054109163,22800
2013-01-18,15.862468719482422,15.862468719482422,15.631237391897677,15.631237391897677,30000
2013-01-21,16.093690872192383,16.093690872192383,15.779216304823976,15.779216304823976,10200
2013-01-22,16.12143898010254,16.186183431564157,15.954952239684669,16.093690601981564,17000
2013-01-23,16.093690872192383,16.093690872192383,15.908706974075335,16.047445338701625,32300
2013-01-24,16.41741943359375,16.556157836539697,15.908711368073776,15.991954762672245,14100
2013-01-25,16.648643493652344,16.648643493652344,16.408162875934472,16.463657860283597,16600
2013-01-28,16.824384689331055,16.87063022939603,16.667147383294157,16.87063022939603,35800
2013-01-29,16.869789123535156,16.897595335594897,16.814173163529095,16.869789123535156,22200
2013-01-30,16.45270347595215,16.869814975478633,16.45270347595215,16.823468271116802,99400
2013-01-31,16.536108016967773,16.536108016967773,16.08192140966979,16.40634092000952,24900
2013-02-01,16.777111053466797,16.823455955957087,16.46196076628766,16.46196076628766,16200
2013-02-04,16.73076820373535,16.777114884754255,16.684423290661556,16.684423290661556,14800
2013-02-05,16.777111053466797,16.786380387553795,16.684419480541514,16.72149681688951,11700
2013-02-06,16.73076820373535,16.82345979782805,16.73076820373535,16.786384220958034,11300
2013-02-07,16.702957153320312,16.82345495338095,16.702957153320312,16.814185619846345,8500
2013-02-08,16.786367416381836,16.82344295613609,16.712214568929983,16.786367416381836,67600
2013-02-11,16.98102569580078,17.138600789246397,16.823450602355166,16.823450602355166,13900
2013-02-12,17.036645889282227,17.203490372376024,17.008839654063102,17.064453892446114,32400
2013-02-13,17.008840560913086,17.04591613249691,16.925418314918414,17.04591613249691,3600
2013-02-14,16.962493896484375,16.971763231371998,16.91614898999111,16.925418324878734,9400
2013-02-15,17.12006378173828,17.12006378173828,16.88833578474047,16.999566001194918,8200
2013-02-19,16.971763610839844,17.184954782132188,16.971763610839844,17.13860810665781,10200
2013-02-20,16.99957275390625,17.00884208962152,16.916150500413814,17.00884208962152,23500
2013-02-21,16.45270347595215,16.962504848310296,16.313666898758655,16.92542925276683,30200
2013-02-22,16.758569717407227,16.758569717407227,16.54538037117911,16.54538037117911,13300
2013-02-25,16.68443489074707,16.99031612635958,16.68443489074707,16.777126549284933,9800
2013-02-26,16.34908103942871,16.627757842392512,16.20974263794681,16.627757842392512,10800
2013-02-27,16.785669326782227,16.785669326782227,16.41409979491271,16.41409979491271,10600
2013-02-28,16.720653533935547,16.720653533935547,16.646339589100535,16.720653533935547,11300
2013-03-01,16.952878952026367,16.952878952026367,16.71135827215059,16.72064773350546,39500
2013-03-04,17.231548309326172,17.417333913112504,16.971450590164704,17.138657279215835,7100
2013-03-05,17.194398880004883,17.315158328770263,17.14795157526165,17.315158328770263,8000
2013-03-06,17.64957046508789,17.78890882492928,17.231553613780356,17.231553613780356,63500
2013-03-07,17.64957046508789,17.78890882492928,17.435918195212206,17.64957046508789,30900
2013-03-08,17.417335510253906,17.649566650390625,17.40804605203448,17.55667383997934,75200
2013-03-11,17.417335510253906,17.417335510253906,17.185104370117188,17.417335510253906,10300
2013-03-12,17.408052444458008,17.417341906088623,17.259424601935407,17.39876298282739,14100
2013-03-13,17.46379280090332,17.46379280090332,17.19440541809339,17.41734725028291,5400
2013-03-14,17.556671142578125,17.556671142578125,17.463778346438858,17.491646716815453,66700
2013-03-15,17.49165153503418,17.556675978708366,17.463783156981012,17.473072616332068,12600
2013-03-18,17.788909912109375,17.788909912109375,17.528812096984982,17.528812096984982,15300
2013-03-19,17.65886878967285,17.705314342340152,17.556686447663672,17.565975912553984,15500
2013-03-20,17.788909912109375,17.872513287480352,17.649571543752238,17.696017075943455,38600
2013-03-21,17.80748176574707,17.881795650827247,17.70529950934328,17.72387842355902,9600
2013-03-22,17.909677505493164,18.02114753114251,16.97146289265462,17.612419969598644,72900
2013-03-25,17.69601821899414,18.522762565311435,17.69601821899414,18.05830012626399,126000
2013-03-26,17.92780303955078,18.048810273290872,17.732327630685692,17.797487283920063,13200
2013-03-27,18.030193328857422,18.104659721641074,17.853334980214182,17.871952022264807,8900
2013-03-28,17.7974853515625,17.946418134804127,17.732325705402822,17.946418134804127,9900
2013-04-01,17.918487548828125,18.03018799265423,17.685779918323863,17.797480362149972,19100
2013-04-02,18.048810958862305,18.048810958862305,17.918495198281633,17.918495198281633,7100
2013-04-03,17.723018646240234,18.04880799417798,17.723018646240234,17.95572633786365,112800
2013-04-04,17.60201072692871,17.732326474059324,17.42515237338081,17.732326474059324,9500
2013-04-05,17.44375228881836,17.499601586264635,17.220353323616102,17.48098633739398,12000
2013-04-08,17.871952056884766,17.992959279610535,17.434460444941852,17.50892683786975,11600
2013-04-09,17.59269142150879,17.881248302738026,17.51822507230712,17.881248302738026,22000
2013-04-10,17.704404830932617,17.871954683499663,17.490314141727666,17.490314141727666,6600
2013-04-11,17.704404830932617,17.732328622747715,17.68578778610981,17.704404830932617,9400
2013-04-12,17.59269142150879,17.704391833020196,17.462375754260325,17.704391833020196,46800
2013-04-15,17.648548126220703,17.86264052327282,17.59269878479859,17.86264052327282,15800
2013-04-16,17.59269142150879,17.64854073955559,17.59269142150879,17.59269142150879,12400
2013-04-17,17.657854080200195,17.676471116442233,17.592696228771363,17.592696228771363,5100
2013-04-18,17.59269142150879,17.695083317442762,17.59269142150879,17.64854073955559,9900
2013-04-19,17.59269142150879,17.657849255133023,17.59269142150879,17.59269142150879,6900
2013-04-22,17.59269142150879,17.67646628628789,17.59269142150879,17.61130845266366,120400
2013-04-23,17.73232650756836,17.73232650756836,17.59270223889044,17.602010760191487,4600
2013-04-24,17.6113224029541,17.84403015046913,17.49962190296243,17.84403015046913,130600
2013-04-25,17.695096969604492,17.723022537881995,17.63924760846867,17.66717140132699,8300
2013-04-26,17.955326080322266,18.048600857332424,17.712812371723214,17.712812371723214,13600
2013-04-29,18.039268493652344,18.08590498045156,17.880701947839906,17.880701947839906,50600
2013-04-30,18.18851661682129,18.263136101009597,18.0019670168161,18.0019670168161,18400
2013-05-01,18.095245361328125,18.23515669920353,18.095245361328125,18.188520179601454,9300
2013-05-02,18.17917823791504,18.468328346237577,18.029939357550646,18.029939357550646,18700
2013-05-03,18.048599243164062,18.33774942487398,18.048599243164062,18.1885105066322,5700
2013-05-06,18.095245361328125,18.12322834053088,17.96466168318697,17.96466168318697,9800
2013-05-07,18.020620346069336,18.160531641115238,18.020620346069336,18.04860331670597,12800
2013-05-08,18.113889694213867,18.15119853145283,18.01128727843753,18.1325450023674,15700
2013-05-09,18.18851661682129,18.18851661682129,18.11389713263298,18.11389713263298,22200
2013-05-10,18.18851661682129,18.18851661682129,18.10456947472584,18.16053364309986,31500
2013-05-13,18.113889694213867,18.160526185529598,18.085906731983563,18.09523438606033,16700
2013-05-14,18.067258834838867,18.23515132335195,18.04860352087008,18.141878311645346,5800
2013-05-15,18.235151290893555,18.38439024424087,18.08591233754624,18.08591233754624,329500
2013-05-16,18.449678421020508,18.55227905937658,18.291111857304976,18.356403657822877,66400
2013-05-17,19.167890548706055,19.167890548706055,18.486987782492964,18.542951930369444,18800
2013-05-21,18.71084213256836,19.05595815829746,18.654877996717193,19.05595815829746,35400
2013-05-22,18.89739418029785,18.934703016222567,18.654880520049048,18.66420817379724,38200
2013-05-23,18.80411720275879,18.888064297517626,18.533622392255293,18.71084245535254,15600
2013-05-24,18.841428756713867,18.934701729722335,18.58025980671356,18.832101103599435,89300
2013-05-27,18.7948055267334,18.8227885084627,18.76682432407344,18.8227885084627,1600
2013-05-28,19.07461166381836,19.07461166381836,18.832098059251038,18.832098059251038,10000
2013-05-29,19.204519271850586,19.344699675816408,18.933507507950285,19.148448179744985,5900
2013-05-30,19.41946029663086,19.62505547419595,19.204517858190368,19.204517858190368,195400
2013-05-31,19.830650329589844,19.830650329589844,19.410114502884085,19.484876546462957,10900
2013-06-03,20.980117797851562,21.41934455170382,19.76523244283319,19.76523244283319,77000
2013-06-04,20.80255889892578,20.961428466022113,20.699760419490588,20.961428466022113,24700
2013-06-05,20.8773136138916,20.93338468186785,20.79320612069367,20.81189707084146,66100
2013-06-06,21.07357406616211,21.07357406616211,20.830598719320278,20.886669816093928,88700
2013-06-07,21.606260299682617,21.774473625625912,21.026852902094365,21.026852902094365,41900
2013-06-10,21.30719566345215,21.933328259847947,21.22308816673725,21.933328259847947,9500
2013-06-11,21.138994216918945,21.25113641997089,20.89601706701549,21.195065318444918,91100
2013-06-12,21.316547393798828,21.363274784833354,21.12029769885694,21.148332351009948,58800
2013-06-13,21.353925704956055,21.400651305641876,21.22309081459442,21.31654379843347,19100
2013-06-14,21.58756446838379,21.727743099629734,21.400658438410524,21.400658438410524,22000
2013-06-17,21.49411392211914,21.80250765926821,21.49411392211914,21.80250765926821,36000
2013-06-18,21.503454208374023,21.58756173295767,21.494108729812755,21.550179818712593,10800
2013-06-19,21.512800216674805,21.821193886919588,21.447383647602855,21.447383647602855,10400
2013-06-20,21.438026428222656,21.73707445590164,21.176358512770122,21.176358512770122,94000
2013-06-21,21.438026428222656,21.596895915735473,21.353918947629584,21.372609894976232,13200
2013-06-24,21.77446937561035,21.867922393428415,21.447386486949213,21.447386486949213,17200
2013-06-25,21.802505493164062,21.961375086364143,21.68101781952543,21.77446905349298,18700
2013-06-26,22.232162475585938,22.74701183978713,21.885808000893725,21.885808000893725,55400
2013-06-27,22.278974533081055,22.46619352665087,22.17600569352504,22.400667414537228,109400
2013-06-28,22.438108444213867,22.438108444213867,22.185365143106722,22.278972847356215,11800
2013-07-02,22.924863815307617,23.14952539636151,22.653398407745154,22.67211886707766,14500
2013-07-03,22.353849411010742,23.018474863716655,22.353849411010742,23.018474863716655,18200
2013-07-04,21.68923568725586,22.2415297020534,21.68923568725586,22.2415297020534,13400
2013-07-05,21.062042236328125,21.679861999090967,20.210199782050523,21.679861999090967,53700
2013-07-08,21.221187591552734,21.436488139207885,21.062052016013652,21.062052016013652,19100
2013-07-09,21.062042236328125,21.221177737976216,21.01523841220575,21.20245549414669,18600
2013-07-10,21.26799201965332,21.436488726066663,20.753142559347943,20.753142559347943,23200
2013-07-11,21.53010368347168,21.53010368347168,21.24927695830316,21.389690320887418,35900
2013-07-12,21.53010368347168,21.8109304086402,21.483299824427853,21.576907542515507,22700
2013-07-15,21.53010368347168,21.642435444810754,21.483299824427853,21.53010368347168,45100
2013-07-16,21.062042236328125,21.389674361539072,21.062042236328125,21.389674361539072,7400
2013-07-17,20.977802276611328,21.108854464692012,20.837388962888856,20.837388962888856,7800
2013-07-18,21.080766677856445,21.34287097698878,20.921631159618258,20.921631159618258,47700
2013-07-19,21.483287811279297,21.483287811279297,21.249265076016783,21.249265076016783,36100
2013-07-22,22.22281265258789,22.27897764432117,21.530105136367798,21.530105136367798,49900
2013-07-23,22.70957374572754,22.84062594826598,22.32577647933438,22.37258032725458,20000
2013-07-24,22.6440372467041,22.79381163381773,22.531705563643115,22.653398369080143,6600
2013-07-25,22.232162475585938,22.756372964557407,22.18535863718655,22.756372964557407,11600
2013-07-26,22.232162475585938,22.419381400087456,22.138553013335176,22.147914138105453,28000
2013-07-29,22.409378051757812,22.409378051757812,22.26873377506677,22.33436765162999,15200
2013-07-30,22.268728256225586,22.399995976820048,22.268728256225586,22.268728256225586,13700
2013-07-31,22.334369659423828,22.39062701747981,22.268735776960316,22.315616610608778,7800
2013-08-01,22.28748321533203,22.399997903120603,22.28748321533203,22.399997903120603,75500
2013-08-02,21.931198120117188,22.268746000194405,21.565522442293528,22.268746000194405,20500
2013-08-06,21.753040313720703,21.931188919342922,21.753040313720703,21.921812394564505,4800
2013-08-07,21.95931625366211,22.081207486569234,21.753038094746564,21.846799756187867,42600
2013-08-08,22.128084182739258,22.13746070405142,21.762407005119176,22.07182684325485,51800
2013-08-09,22.240598678588867,22.25935172105879,22.12808400054645,22.174964818332697,12700
2013-08-12,22.362491607666016,22.399995904119038,22.18434128144561,22.18434128144561,15400
2013-08-13,22.850067138671875,22.971958375815603,22.362498613318728,22.362498613318728,81300
2013-08-14,23.665803909301758,23.675180432990814,22.784430354809803,22.784430354809803,30400
2013-08-15,23.909591674804688,23.909591674804688,23.487656988717124,23.787700425706777,30700
2013-08-16,23.909591674804688,24.125246386187534,23.71269001355669,23.965849036819932,20500
2013-08-19,23.76894760131836,23.956472739279963,23.76894760131836,23.825204963867908,68300
2013-08-20,23.797067642211914,23.937713685388044,23.07509332406626,23.937713685388044,58000
2013-08-21,23.86270523071289,23.86270523071289,23.722059176139176,23.722059176139176,14100
2013-08-22,23.909591674804688,23.975225561887356,23.825204737587175,23.825204737587175,21500
2013-08-23,23.98459815979004,24.050232036126015,23.947093854050483,23.947093854050483,10300
2013-08-26,24.05024528503418,24.05024528503418,23.815837432766028,24.05024528503418,42800
2013-08-27,24.040864944458008,24.275272759558852,23.90959714028624,24.050241471668805,65200
2013-08-28,24.115049362182617,24.237126314740017,24.04931548071987,24.086876931078326,45900
2013-08-29,24.218341827392578,24.800557629330115,24.086872298637658,24.161996976020358,19600
2013-08-30,24.42493438720703,24.547011317009993,24.246512605697838,24.246512605697838,16800
2013-09-03,24.509449005126953,24.575182872007915,24.2277301299197,24.51883981341188,16300
2013-09-04,24.697248458862305,24.88506095610821,24.509437752729117,24.650296230107188,38300
2013-09-05,24.556394577026367,24.88506561315862,24.509442339484494,24.659691648954144,43400
2013-09-06,24.828725814819336,25.072881422395138,24.70664711547479,24.74421034330797,22900
2013-09-09,25.110431671142578,25.16677469667538,24.706636107413768,24.950791606205897,161400
2013-09-10,25.307645797729492,25.401550283507845,24.903850060874852,25.15739647114822,19000
2013-09-11,25.025930404663086,25.298258465944915,25.01653959657266,25.298258465944915,7800
2013-09-12,24.866289138793945,25.09166314955817,24.603353688459062,25.09166314955817,92800
2013-09-13,24.60335350036621,24.79116427901054,23.57038794892548,24.79116427901054,25900
2013-09-16,25.307645797729492,25.307645797729492,24.68786687780343,24.68786687780343,49600
2013-09-17,25.354598999023438,25.354598999023438,25.119834193476922,25.251301911426708,8300
2013-09-18,25.62693214416504,25.62693214416504,25.326431628599217,25.354604055684234,86800
2013-09-19,26.143409729003906,26.143409729003906,25.589364626822174,25.589364626822174,11000
2013-09-20,25.871084213256836,26.284270826168594,25.758398094989527,26.284270826168594,78500
2013-09-23,25.354598999023438,25.871080854780438,25.119834193476922,25.871080854780438,18800
2013-09-24,25.22312355041504,25.392154445180225,25.07287426420438,25.354591228071172,19200
2013-09-25,24.556394577026367,25.213736649290873,24.13381906581037,25.213736649290873,44200
2013-09-26,24.58366584777832,24.687117198622857,24.461406628061457,24.56485797890599,7900
2013-09-27,25.636987686157227,25.721629387708038,24.583669730074064,24.583669730074064,42900
2013-09-30,25.937936782836914,26.05079298989034,25.571157249043253,25.66520378928968,35600
2013-10-01,27.254581451416016,27.254581451416016,25.928530509566624,25.928530509566624,29800
2013-10-02,26.182456970214844,26.41757242304092,25.815677437818504,25.956746350756436,239200
2013-10-03,26.182456970214844,26.426977256408588,26.003768723806232,26.191861803582512,81200
2013-10-04,26.304712295532227,26.379949157470495,26.097811373649062,26.23888026555978,29700
2013-10-07,26.27651023864746,26.389364680380677,26.07901227493082,26.144844331573367,22500
2013-10-08,26.097816467285156,26.323527097152986,25.86270100361592,26.285909555735998,18200
2013-10-09,26.201274871826172,26.23889242333123,26.08841862973277,26.097823466056315,21800
2013-10-10,26.173051834106445,26.238883873130106,26.088410128565016,26.154242167588677,21600
2013-10-11,26.201274871826172,26.201274871826172,26.097823466056315,26.201274871826172,66300
2013-10-15,26.097816467285156,26.23888538672897,26.097816467285156,26.23888538672897,21400
2013-10-16,26.238882064819336,26.238882064819336,25.947339429040344,26.088408330624475,84200
2013-10-17,26.163654327392578,26.23889122074353,26.050799884260666,26.23889122074353,33900
2013-10-18,26.238882064819336,26.238882064819336,26.116622828456663,26.182454862943366,40100
2013-10-21,26.050790786743164,26.23888205754036,25.966149087058483,26.23888205754036,41900
2013-10-22,26.464597702026367,26.521026708428547,26.050795751142857,26.050795751142857,101100
2013-10-23,26.210674285888672,26.568049023306813,26.0037715171514,26.568049023306813,48800
2013-10-24,26.173051834106445,26.332930411930423,26.173051834106445,26.238883873130106,39000
2013-10-25,26.107223510742188,26.28591178051539,26.069604172352552,26.135438014534415,29800
2013-10-28,26.079002380371094,26.238880940324925,25.73103255762874,26.088407212578772,33800
2013-10-29,25.899124145507812,26.20991356340131,25.42823097922585,26.20991356340131,35500
2013-10-30,25.23046112060547,25.786113501307952,25.155116476371706,25.786113501307952,49800
2013-10-31,24.910242080688477,25.192777181015238,24.48643763388397,25.089180139282057,82800
2013-11-01,25.042104721069336,25.3623122944964,24.816076162705873,24.957343787143625,27200
2013-11-04,25.51299285888672,25.626006217137203,25.01384543705475,25.01384543705475,21800
2013-11-05,25.117443084716797,25.49415728132728,25.023264086485433,25.49415728132728,22300
2013-11-06,24.778392791748047,25.286958168579794,24.778392791748047,25.12685445324178,8900
2013-11-07,24.863157272338867,25.098603840819944,24.750143925404217,24.750143925404217,21000
2013-11-08,24.45819664001465,24.76898613707259,24.20391563065112,24.76898613707259,37500
2013-11-11,24.392269134521484,24.48644814047866,24.251001523743287,24.26983768419775,20700
2013-11-12,24.382844924926758,24.382844924926758,24.119145930113564,24.354592487662302,71000
2013-11-13,25.108028411865234,25.36231120269597,23.968467587966003,24.269838986143807,107600
2013-11-14,25.56949234008789,25.56949234008789,24.95733173233133,25.25870299791521,18000
2013-11-15,27.358877182006836,28.01812797042474,25.99328882930388,25.99328882930388,163000
2013-11-18,27.311800003051758,27.735604514728415,27.170532431264416,27.490739885350195,42000
2013-11-19,27.50016212463379,27.632011638746413,27.31180413620298,27.31180413620298,18200
2013-11-20,27.584930419921875,27.754450499285447,27.45307907421858,27.500169482082395,15100
2013-11-21,29.157705307006836,29.157705307006836,27.650848544098178,27.66026662340573,42500
2013-11-22,28.705650329589844,29.18596163071064,28.14057810495861,29.18596163071064,23500
2013-11-25,28.159423828125,28.90343623243134,27.971067553490418,28.90343623243134,57300
2013-11-26,28.310096740722656,28.649140396306183,28.112322472508854,28.112322472508854,18300
2013-11-27,28.460979461669922,28.59300463440483,28.319523662495648,28.508130795158653,26100
2013-11-28,28.338390350341797,28.498707443317436,28.338390350341797,28.498707443317436,38200
2013-11-29,28.385534286499023,28.659015239501773,28.13091278636312,28.262937949970794,8600
2013-12-02,27.89515495300293,28.281801650222917,27.866863073191187,28.159207101788233,12900
2013-12-03,27.480226516723633,27.914026507044053,27.39535264467635,27.819722004912766,77700
2013-12-04,27.499080657958984,27.72541032525683,27.253889735375907,27.272750990661137,74300
2013-12-05,27.34819984436035,27.62168270618412,27.131300760043437,27.244464717639797,18900
2013-12-06,27.819717407226562,28.14978221078281,27.25389228665992,27.263322915185352,25100
2013-12-09,27.583961486816406,28.02719030590702,27.442505633805254,28.008330844558625,14100
2013-12-10,27.42363929748535,27.470790640191517,27.34819606993043,27.376487954779186,25300
2013-12-11,27.668827056884766,28.046043151307924,27.52737124631461,27.52737124631461,26000
2013-12-12,27.34819984436035,27.70655477502705,27.253895347224272,27.70655477502705,50500
2013-12-13,27.489639282226562,27.725399484987864,27.30103219924208,27.423626713246612,43400
2013-12-16,28.97966194152832,29.092827701550668,27.71598631503765,27.753708834614677,67300
2013-12-17,28.57415771484375,29.224856875897636,28.432701844712636,29.045678481086775,35100
2013-12-18,28.753326416015625,28.819339013241315,28.291236436727417,28.687313818789935,45800
2013-12-19,29.196557998657227,29.611496677337495,28.828772464547754,28.86649498020439,44700
2013-12-20,29.536043167114258,29.536043167114258,28.526989607629396,29.224839716070257,309300
2013-12-23,30.639413833618164,30.68656517977148,29.451179765018694,29.498332909880567,21600
2013-12-24,30.733701705932617,30.941171845864297,30.497941491434027,30.497941491434027,5400
2013-12-27,30.431570053100586,31.149164175895876,30.384360766509822,30.752598244490546,13400
2013-12-30,31.281347274780273,31.63070026923955,30.55431283637132,30.639290981168138,16200
2013-12-31,31.30023193359375,31.45130379189907,31.064181929876863,31.205809771004667,11100
2014-01-02,31.15860939025879,31.536290944815406,30.97921263285543,31.536290944815406,19000
2014-01-03,31.338001251220703,31.413538991064847,31.13027967032468,31.15860452184739,13900
2014-01-06,31.91395378112793,31.91395378112793,31.479622720400418,31.479622720400418,23100
2014-01-07,31.68735122680664,32.083913472020896,31.630697933845923,31.668466795819736,22800
2014-01-08,31.706241607666016,31.77233532760462,31.53628529872743,31.74400687488979,92100
2014-01-09,31.706241607666016,31.81954461301254,31.58349458413535,31.81954461301254,9100
2014-01-10,31.545743942260742,31.725140771201676,31.536303520459505,31.58351283314505,51800
2014-01-13,31.592920303344727,31.6778984182819,31.347429972323955,31.60236431713548,23100
2014-01-14,31.32857322692871,31.526854469694804,31.253035457204994,31.432435859379265,17900
2014-01-15,31.08306884765625,31.630706692406992,31.064188013278155,31.30023806322149,28200
2014-01-16,30.809236526489258,31.15858939911681,30.57318660679898,31.07361128395487,228000
2014-01-17,30.705394744873047,30.932000803951695,30.62985699062125,30.62985699062125,18700
2014-01-20,30.733707427978516,30.743151444438336,30.45988858003472,30.686498151190225,103200
2014-01-21,29.987796783447266,30.969763996529615,29.987796783447266,30.884785839513402,15200
2014-01-22,29.42127227783203,30.214400433279096,29.42127227783203,29.83672078804683,17900
2014-01-23,28.599828720092773,29.17578969394733,28.429872373377947,29.17578969394733,42200
2014-01-24,29.232439041137695,29.270207915792774,28.09939981527135,28.354334316435928,93500
2014-01-27,28.51483726501465,29.279638668080832,28.325996567530435,28.892516859064717,85100
2014-01-28,28.835887908935547,28.88309721974723,28.514859552840747,28.514859552840747,25600
2014-01-29,28.646787643432617,28.731877258085426,28.51442682209756,28.542790628075476,17300
2014-01-30,29.157310485839844,29.45039578526284,28.608956472429057,28.826406797701605,66600
2014-01-31,29.923124313354492,30.017668511843187,28.69405514284323,28.73187174027035,39500
2014-02-03,29.96092987060547,30.25401513733,29.809659939181202,30.055474028565587,29800
2014-02-04,30.41474151611328,30.490378294193455,29.923115081552453,29.96093347059254,39000
2014-02-05,31.587100982666016,31.643828592540242,30.48093963933178,30.48093963933178,53200
2014-02-06,31.36020278930664,32.00310145208281,31.284569561866196,31.719470537696324,40500
2014-02-07,31.955820083618164,32.00309128657349,31.435829637986348,31.87073047567393,22100
2014-02-10,31.86128044128418,32.16382049431385,31.672192006500154,32.11654928725833,399000
2014-02-11,31.91799545288086,32.11654023706475,31.728910677941382,31.89908986063563,16300
2014-02-12,31.74782943725586,32.040913090607496,31.672192619254155,31.89909946669728,18600
2014-02-13,31.67218017578125,32.00308210812787,31.67218017578125,31.67218017578125,15100
2014-02-14,31.681629180908203,31.955807095801063,31.672176386783683,31.672176386783683,13000
2014-02-18,31.104921340942383,31.89908965282145,30.859105364625048,31.719454068613963,15100
2014-02-19,31.53982162475586,31.757271996554064,30.859104908475686,30.963103696414137,20700
2014-02-20,31.662748336791992,31.78565278926008,30.982031217928302,31.303480567773605,15400
2014-02-21,31.36965560913086,31.662742897529103,31.086024727182878,31.587106072176393,11700
2014-02-24,31.01984977722168,31.7289289103867,31.01984977722168,31.643839270144376,7300
2014-02-25,31.246753692626953,31.615474272049983,30.91585153328912,31.01985038524188,12000
2014-02-26,31.350866317749023,31.568580240887254,31.142620258317503,31.237277229792557,99100
2014-02-27,31.369779586791992,31.568561274017764,31.3035190243834,31.42657590211214,13200
2014-02-28,32.013465881347656,32.013465881347656,31.18993893356462,31.36978856717008,14500
2014-03-03,31.23727035522461,32.0418652684867,31.00062436768503,32.01346890547994,16900
2014-03-04,32.0797233581543,32.0797233581543,31.379253391117274,31.379253391117274,11000
2014-03-05,32.15544509887695,32.16490934578861,31.805206577339867,31.947195557522985,52700
2014-03-06,32.108150482177734,32.23120750114035,31.738983036223864,32.174414731568355,8900
2014-03-07,31.757884979248047,32.00399878325806,31.65376018608462,31.98506667441648,18700
2014-03-10,31.68215560913086,31.814676741077562,31.237260142512614,31.67268775060322,23400
2014-03-11,31.492855072021484,31.615912022458218,31.492855072021484,31.615912022458218,5300
2014-03-12,31.653789520263672,31.653789520263672,31.047975919636063,31.388746972722565,24200
2014-03-13,31.521244049072266,31.7768221426915,31.42658710073823,31.663233082504437,11800
2014-03-14,31.454986572265625,31.521247164835295,31.199408453383402,31.331929638522745,12100
2014-03-17,31.880956649780273,32.1838633097029,31.473925148459454,31.473925148459454,8600
2014-03-18,31.492855072021484,32.17439681483174,31.436058723143308,32.17439681483174,12900
2014-03-19,31.23727035522461,31.521244818085865,30.76397838014545,31.388723642812693,53100
2014-03-20,32.60033416748047,32.69499468324667,31.237255238812356,31.407640556262052,40600
2014-03-21,32.183860778808594,35.55370161911346,32.183860778808594,32.84647039938222,130800
2014-03-24,33.60373306274414,34.039160849891346,32.8843307888023,32.8843307888023,93400
2014-03-25,33.3102912902832,33.98236870748279,33.3102912902832,33.59426939292632,32700
2014-03-26,33.3102912902832,33.74572269590124,33.27243067273815,33.48067670749644,18400
2014-03-27,32.864891052246094,33.37662897325963,32.864891052246094,33.34819667873179,23600
2014-03-28,32.83645248413086,32.97859945380027,32.79854517953653,32.97859945380027,41600
2014-03-31,33.77463150024414,33.77463150024414,33.02597857477464,33.168129145700455,116000
2014-04-01,34.561214447021484,35.44253989004695,34.00209404354341,34.267438094332476,39100
2014-04-02,35.546756744384766,35.546756744384766,34.58962088050051,34.67491050124578,14800
2014-04-03,35.480445861816406,35.9637552594569,35.347773827967416,35.59416784657993,33600
2014-04-04,35.1108512878418,35.821597279964266,35.1108512878418,35.30985929802623,17200
2014-04-07,33.878883361816406,35.48990790902269,33.45243515593238,35.271946296024204,22300
2014-04-08,34.352725982666016,34.49487663964532,33.64197992785223,33.92627762676947,22600
2014-04-09,35.0634651184082,35.30038042326231,34.561205828930504,34.561205828930504,20600
2014-04-10,35.02556228637695,35.20562025474509,34.769693290570494,35.20562025474509,22000
2014-04-11,34.637001037597656,34.89286988386098,34.11578832781933,34.769672969355156,9100
2014-04-14,34.362178802490234,34.84548783188961,34.352703785166675,34.51380438494044,18700
2014-04-15,34.731773376464844,35.05397822656035,34.551715492122405,34.63700511759002,90900
2014-04-16,35.25300216674805,35.25300216674805,34.788646524854904,34.788646524854904,34200
2014-04-17,35.30038070678711,35.347763045130364,35.158230076716656,35.252998368443855,10400
2014-04-21,35.48991775512695,35.537300098917285,35.18666641681948,35.34776710871484,13900
2014-04-22,35.442527770996094,35.76473270037025,35.347759488803504,35.489910104572225,52700
2014-04-23,36.475467681884766,37.0724914141435,35.461467247250106,35.47094588016553,32000
2014-04-24,37.28099060058594,37.555813207703416,36.200657444375686,36.5891983797678,27100
2014-04-25,37.50843811035156,37.66006378232448,36.674495106979954,37.356808823337474,41700
2014-04-28,37.00565719604492,37.59380408370978,36.72107197678308,37.43253683428638,22100
2014-04-29,36.75902557373047,37.19538991205364,36.654676793110106,37.00566518535282,9200
2014-04-30,37.726619720458984,37.726619720458984,36.265743978932136,36.57879033155859,24300
2014-05-01,37.935298919677734,38.409608713719386,37.328179343599324,37.84992301200238,47600
2014-05-02,38.02069091796875,38.21990024728582,37.859423638022975,38.030175525637056,21400
2014-05-05,38.362178802490234,38.561391686777455,37.51790786086733,37.96376027130964,21800
2014-05-06,37.944801330566406,38.11555322604981,37.66970065243222,37.992231608489966,13100
2014-05-07,37.43254470825195,38.40013755223406,37.34716876264476,38.40013755223406,11100
2014-05-08,37.23332214355469,37.41355857858879,36.1424080727616,37.41355857858879,27400
2014-05-09,35.81989288330078,37.03412905505058,35.81989288330078,37.03412905505058,36900
2014-05-12,36.83492660522461,36.83492660522461,35.668120495506784,35.668120495506784,14600
2014-05-13,36.23727798461914,37.15743675278062,36.23727798461914,37.15743675278062,15000
2014-05-14,38.893409729003906,39.26337085231264,37.47048010477206,37.47048010477206,169600
2014-05-15,38.106056213378906,38.93135805749695,37.99222284886854,38.79855186245195,59300
2014-05-16,37.52739334106445,38.11553649020975,37.10999839373189,38.11553649020975,14500
2014-05-20,37.70762252807617,37.76454099688683,37.25228563367877,37.5084133152828,9700
2014-05-21,38.466552734375,38.466552734375,37.47050213552495,37.62228123993354,17100
2014-05-22,38.039649963378906,38.466529568287555,37.83095608218799,38.466529568287555,31500
2014-05-23,38.466552734375,38.88394798552308,38.039672872382326,38.039672872382326,9600
2014-05-26,38.78907012939453,38.98827945530077,38.6562639121237,38.874446071739776,8500
2014-05-27,39.035701751708984,39.32028693541235,38.751112949308684,38.89340735050884,85000
2014-05-28,39.56743621826172,39.871293165921664,38.8552793075899,39.32055674967113,61100
2014-05-29,40.308101654052734,40.621448965004575,39.50098791911542,39.871312737104525,35800
2014-05-30,41.35259246826172,41.656445905732575,39.88080170134625,40.21314026663666,81700
2014-06-02,42.28313064575195,42.72941682503415,41.08670856842672,41.11519368720046,17300
2014-06-03,41.5899772644043,42.60598785243657,41.30511512591071,42.39709088272453,40600
2014-06-04,41.78936004638672,41.979269253630186,41.16266219803506,41.580463178414064,17000
2014-06-05,41.54249572753906,42.30212921068472,41.314603871486284,41.97928452757054,43200
2014-06-06,42.96681213378906,43.82140211130425,41.684930789734636,41.684930789734636,210800
2014-06-09,41.9033203125,43.479561047628124,41.83685261336107,43.470063592198024,90500
2014-06-10,41.02975082397461,42.01727638113496,40.51699675134685,41.94131120494465,32600
2014-06-11,41.44754409790039,41.87483545423931,40.84933112792032,40.84933112792032,25000
2014-06-12,41.7703971862793,41.7703971862793,41.27663440316788,41.54250527783595,46200
2014-06-13,41.41905212402344,41.57097881320439,41.03923721218005,41.53299985757265,13200
2014-06-16,41.779884338378906,42.05525262721428,41.01075334542376,41.02974463660741,49300
2014-06-17,41.97930145263672,42.20719340057017,41.874851127426375,41.94131885761121,24100
2014-06-18,42.12171173095703,42.44455637069417,41.779875803915616,42.01726146189241,219000
2014-06-19,41.79888153076172,42.30213814041428,41.779890236896854,42.1122288239846,139300
2014-06-20,41.96028518676758,42.50152416604962,41.68492059223665,41.80835851928872,180800
2014-06-23,42.06474304199219,42.121716910911395,41.789374775543216,41.798872231472146,23600
2014-06-24,41.82737731933594,42.03627798286472,41.428570913202655,42.03627798286472,28900
2014-06-25,41.5045166015625,41.99827931224943,41.40006630977239,41.99827931224943,43900
2014-06-26,40.96279525756836,41.7896571054443,40.86775541611799,41.40949048856771,166000
2014-06-27,41.81816101074219,41.81816101074219,40.677664985341835,41.24791481081047,35400
2014-06-30,41.552040100097656,42.01774024455859,41.552040100097656,41.818154468361044,14700
2014-07-02,41.81816101074219,41.95121821569046,41.46650930830219,41.46650930830219,38700
2014-07-03,41.951202392578125,42.00822844127704,41.72310544885359,41.913185026778855,17300
2014-07-04,41.81816101074219,42.0082442858984,41.628077735585975,42.0082442858984,9000
2014-07-07,40.39253234863281,41.95120831094135,40.15492921717027,41.95120831094135,32900
2014-07-08,38.89088439941406,40.14543244909068,38.54873888645126,40.03138031923316,76900
2014-07-09,39.15700149536133,39.34708474847957,38.82435489602028,38.96691824224308,32700
2014-07-10,38.74833297729492,38.97643003480698,38.04502586130179,38.72932428491269,46200
2014-07-11,38.634273529052734,38.74832202557441,38.40617291047305,38.691295964545404,74100
2014-07-14,38.96690368652344,38.96690368652344,38.396657765715204,38.548723586299744,10200
2014-07-15,39.32806396484375,39.32806396484375,38.7673205346527,38.96690625755069,13500
2014-07-16,38.96690368652344,39.423101148277055,38.72930061526415,39.0619434648131,21000
2014-07-17,38.814857482910156,38.814857482910156,38.72932018900499,38.73882272142246,17500
2014-07-18,39.27104949951172,39.34708425001037,38.83386056075385,38.947909060965365,28800
2014-07-21,39.25203323364258,39.86980277279604,39.195010807314155,39.29005060155203,18400
2014-07-22,39.499141693115234,39.774758540992465,39.27104111585111,39.27104111585111,33400
2014-07-23,40.74419021606445,41.23840524035748,39.67972903902995,39.67972903902995,71400
2014-07-24,41.65658950805664,41.91319774120533,40.86774524333468,41.219396919813114,49000
2014-07-25,42.05574035644531,42.28384088242748,41.7135913802395,41.78962609741184,13100
2014-07-28,41.82763671875,42.274331585069056,41.82763671875,42.2553229071901,21200
2014-07-29,41.85619354248047,41.95131980354331,41.85619354248047,41.865704717053056,19500
2014-07-30,42.19865798950195,42.26524710448423,41.742045360122916,41.856197610259024,24100
2014-07-31,41.99888610839844,42.59818807851039,41.78008917842005,42.2652425395593,15700
2014-08-01,42.59819793701172,42.61722391918842,41.038103686872496,41.85620277629551,31000
2014-08-05,42.61723709106445,42.997749594534916,41.97988282091302,42.80749334279968,45800
2014-08-06,42.04646682739258,42.43649046281983,41.99890367747915,41.99890367747915,40600
2014-08-07,41.713497161865234,42.24621361587381,41.523244655065135,42.189135686533405,9000
2014-08-08,41.85619354248047,41.85619354248047,41.523247999926255,41.66593739152053,11200
2014-08-11,42.09400939941406,42.14157252607598,41.85619013727048,41.85619013727048,11400
2014-08-12,41.951324462890625,42.30329965135083,41.713505154985725,42.30329965135083,38600
2014-08-13,40.077327728271484,42.03695733145427,40.048786931648735,41.8657270670625,31500
2014-08-14,41.49470901489258,42.61721636243317,41.28543050572756,41.856195354482196,172000
2014-08-15,41.14274597167969,41.86571517125758,41.14274597167969,41.789614869171295,27200
2014-08-18,41.85619354248047,42.1510907579101,41.41860693545657,41.66593739152053,26500
2014-08-19,42.64577102661133,42.7599233077529,41.85620897902946,42.13208031822088,103100
2014-08-20,44.348533630371094,44.510252610670044,42.350853341073794,42.350853341073794,112300
2014-08-21,44.85270309448242,45.57567187422518,44.42462780372478,44.66244700649757,47300
2014-08-22,44.890769958496094,45.49007561319813,43.949007558513166,45.49007561319813,26100
2014-08-25,44.671974182128906,44.900282295271126,44.05364621069693,44.900282295271126,16700
2014-08-26,44.51028060913086,44.84322632383649,44.50076580080434,44.538817776438165,5400
2014-08-27,44.424556732177734,44.55784886351606,43.3201315457397,44.55784886351606,26600
2014-08-28,43.700984954833984,44.138946009332926,43.51056599967895,43.89140027804954,6300
2014-08-29,43.42487335205078,44.63402942083884,43.320142755487694,44.03421104266606,16600
2014-09-02,43.79619598388672,44.01517652797338,43.50104639910569,43.79619598388672,42700
2014-09-03,43.32013702392578,43.79618248572716,43.072594981842066,43.79618248572716,10100
2014-09-04,41.46357727050781,42.986925598811645,41.20651217200766,42.872672022629196,72600
2014-09-05,41.17795181274414,41.6539974984406,40.578133231823294,41.482620761034646,22600
2014-09-08,41.415950775146484,41.415950775146484,40.92086311165697,41.1779280695422,14500
2014-09-09,40.93992233276367,41.41596794128418,40.749503362967516,41.32076027235598,16300
2014-09-10,40.416282653808594,40.644782567214676,40.13065594608068,40.416282653808594,299700
2014-09-11,40.36867141723633,40.454359777061136,40.27346011079767,40.41627525448567,34100
2014-09-12,40.625736236572266,41.139866438192186,40.321067294562006,40.45436313463924,82900
2014-09-15,40.45433807373047,40.60667245036654,40.14966568852031,40.60667245036654,11700
2014-09-16,40.46385955810547,40.682840009293216,40.2258368548225,40.37817123964607,45400
2014-09-17,40.27345657348633,40.45435622386095,40.13064507428177,40.33058335233194,22100
2014-09-18,40.51148223876953,40.81615115030248,40.23537490271158,40.25441716367487,12200
2014-09-19,39.797420501708984,40.663823545846874,39.38802090186949,40.663823545846874,59700
2014-09-22,38.32166290283203,39.7974032323297,37.75040975332937,39.711714896710404,103300
2014-09-23,38.140777587890625,38.454965818416376,37.1506017953162,38.34071588294701,108100
2014-09-24,38.9595832824707,38.9595832824707,37.845637946618844,38.312164389800984,16400
2014-09-25,38.550174713134766,38.95957059228577,38.08364842191285,38.95957059228577,50300
2014-09-26,39.60804748535156,39.63663730815308,38.7884386334104,38.7884386334104,50500
2014-09-29,39.32212829589844,39.522267929432076,38.72172030189141,39.484145748232216,37700
2014-09-30,38.91232681274414,39.53179588525832,38.78843154402881,39.465083887226506,64500
2014-10-01,38.09272766113281,39.31260865731059,37.94024253661059,39.131533708044245,60900
2014-10-02,37.54948043823242,38.006935583499995,36.8347060920899,37.88304034555347,67500
2014-10-03,39.55086135864258,39.81770938034281,38.09272233216395,38.09272233216395,134800
2014-10-06,38.88372802734375,39.74145879231597,38.46439500642996,39.70333661708815,20400
2014-10-07,38.7884407043457,38.97904801610686,38.22615113419294,38.635955582043195,51300
2014-10-08,38.75984191894531,39.23635831510957,38.578766997194265,38.78843537487665,22500
2014-10-09,38.378639221191406,38.79797243103318,38.2547439136461,38.79797243103318,36700
2014-10-10,37.1968879699707,38.39771194560837,37.18735923675036,38.39771194560837,38700
2014-10-14,36.119937896728516,36.93001417275727,35.85308628989981,36.93001417275727,72600
2014-10-15,35.872135162353516,35.90072496796172,34.73802803502823,35.27172379587321,62400
2014-10-16,37.721038818359375,37.86399155267957,35.166910701431576,35.176439429506985,60600
2014-10-17,39.264949798583984,39.56038762262442,38.21661159836646,38.48346323897476,114200
2014-10-20,40.47529983520508,40.70402564675851,38.88373333954955,39.093401696416215,35500
2014-10-21,40.885093688964844,40.98039548005518,40.27514986518369,40.93274458451001,111600
2014-10-22,39.98925018310547,41.08523921391416,39.76052437693065,41.08523921391416,81000
2014-10-23,40.05596160888672,40.50388812326691,40.02737179240495,40.02737179240495,36900
2014-10-24,39.7509651184082,40.27513200806138,39.64613101337183,40.27513200806138,83000
2014-10-27,39.646141052246094,39.979704528690306,38.88371596192013,39.979704528690306,13300
2014-10-28,39.998775482177734,40.02736529401799,39.5984999387617,39.67474428437637,13800
2014-10-29,40.82871627807617,41.01950540309987,39.87477429195757,40.05602559828003,42100
2014-10-30,41.05764389038086,41.381984152710935,40.4566597139167,40.82869632444276,49700
2014-10-31,42.068817138671875,42.21190981397944,41.30566469469329,41.4010610245643,46400
2014-11-03,42.39318084716797,42.39318084716797,41.97344768040389,42.06884042407758,13200
2014-11-04,42.498104095458984,42.76521025910315,42.30731501828429,42.31685647359246,20800
2014-11-05,41.87803649902344,42.52671705960864,41.84941577732229,42.326386563693866,19500
2014-11-06,42.46950149536133,42.6221320813689,41.32477028080438,42.04976829359054,13600
2014-11-07,42.45994186401367,42.92737488053895,42.393166238652725,42.92737488053895,18000
2014-11-10,43.499732971191406,43.671442740311754,42.91783168583712,42.99414511711383,38000
2014-11-11,43.36618423461914,43.642828171800005,43.1658573721082,43.490197661458566,25000
2014-11-12,43.499732971191406,43.72868054301794,43.29940612021707,43.499732971191406,79500
2014-11-13,43.022762298583984,43.48065744329727,42.4503988261897,43.404340372845645,21500
2014-11-14,43.480655670166016,43.62374471293034,42.24052879888681,42.707961738845626,32000
2014-11-17,43.42341995239258,44.463216391276916,43.356644334766834,43.40434068464262,38500
2014-11-18,44.033939361572266,44.32012108290913,43.642823493312335,43.852691787158456,60400
2014-11-19,44.30106735229492,44.348767365844644,43.97672691075745,44.167516047955985,10600
2014-11-20,44.64448928833008,44.64448928833008,44.11982186423117,44.3010695521198,75200
2014-11-21,44.739864349365234,44.92111195083568,44.644468002013504,44.739864349365234,129700
2014-11-24,44.54907989501953,44.88295804773959,44.1198053850945,44.88295804773959,14300
2014-11-25,43.88132858276367,44.82573269037865,43.46159544549016,44.82573269037865,21700
2014-11-26,44.254642486572266,44.50289064112288,43.824988663053254,43.920466481114076,31900
2014-11-27,44.28330612182617,44.28330612182617,44.07325046897562,44.273756150925664,4500
2014-11-28,44.684303283691406,44.875262576294965,44.2737420793797,44.2737420793797,75900
2014-12-01,44.87527084350586,45.09487279567049,44.646118921716635,44.856174546502906,16600
2014-12-02,47.06174850463867,47.653719153117876,45.09487358582544,45.104423555617366,67600
2014-12-03,46.50794982910156,46.9853461615101,46.02100717263263,46.670266476087846,35000
2014-12-04,46.40293502807617,46.87078516724131,46.0496626631429,46.1355941726938,25700
2014-12-05,46.173789978027344,46.4888697734811,45.87780283736185,46.19288627506185,18500
2014-12-08,45.11395263671875,46.307443447213956,44.92299337859054,46.269250867139334,15900
2014-12-09,45.35264205932617,45.534051316355566,44.01593115225888,45.390834632041056,21500
2014-12-10,44.884796142578125,45.63908313070704,42.965664720962714,45.62953680780109,29600
2014-12-11,45.161720275878906,45.35267965550944,44.035063942530684,44.23557329437872,12200
2014-12-12,44.665191650390625,45.35264341076674,44.34056205712905,45.35264341076674,19800
2014-12-15,45.018489837646484,45.3335696226954,44.74159900315923,45.3335696226954,29600
2014-12-16,44.97072219848633,45.35264062910272,44.340559337540135,44.865698090198705,16900
2014-12-17,45.161720275878906,45.40041858985527,44.732062582272,44.89437932974449,16500
2014-12-18,44.41696548461914,45.830058518537896,44.397869189833585,45.409950959993125,121500
2014-12-19,44.55063247680664,44.77978435434965,44.45515465247362,44.45515465247362,53700
2014-12-22,44.98982620239258,45.1139502599734,44.216446528972504,44.397855811402394,12800
2014-12-23,45.763214111328125,45.763214111328125,44.76068251115319,45.11395478807777,11800
2014-12-24,46.231082916259766,46.59390533576928,45.82052520959379,45.82052520959379,4800
2014-12-29,46.25115203857422,46.79584504923786,45.86890966655291,46.79584504923786,6300
2014-12-30,45.7637939453125,46.251153163762716,45.29555085579517,45.94536071683978,9100
2014-12-31,45.48664855957031,46.22246245317887,45.31463992754068,45.94534067520395,6000
2015-01-02,44.10103225708008,46.04090308454696,44.05324924244058,45.668218900485066,13900
2015-01-05,42.85874938964844,43.90991380499862,42.09426849824168,43.90991380499862,67100
2015-01-06,43.46077346801758,43.46077346801758,42.91608068299262,42.992530583860926,32400
2015-01-07,45.180843353271484,45.2572932325054,42.90651412602583,43.49898610876512,47400
2015-01-08,46.356258392333984,46.47093327423101,45.610889886667785,45.610889886667785,18900
2015-01-09,46.356258392333984,46.62382947142748,46.270254053577666,46.43270831359867,28400
2015-01-12,46.34669876098633,46.71938297189364,46.260694431905215,46.71938297189364,89400
2015-01-13,46.174705505371094,46.499610451908346,46.01225485476931,46.34671422091044,12600
2015-01-14,44.30171585083008,45.677781621886226,43.852581677943895,45.677781621886226,37400
2015-01-15,44.2156982421875,44.91328715848587,44.2156982421875,44.234810716716034,6000
2015-01-16,44.10103225708008,44.66483756370331,44.10103225708008,44.65527950264252,23300
2015-01-19,43.86214065551758,44.053258171483826,43.75702383453637,43.7665782522015,13800
2015-01-20,43.14545822143555,44.3781827870756,43.14545822143555,44.3781827870756,14000
2015-01-21,44.1201286315918,44.769938077632816,43.57543595554729,43.57543595554729,40900
2015-01-22,44.57883071899414,44.67438945220295,44.10102976228609,44.17747601978674,25000
2015-01-23,44.93239212036133,45.62998092002352,44.57882051402979,44.57882051402979,15200
2015-01-26,45.11396026611328,45.381531249905464,44.81772604005522,45.381531249905464,37700
2015-01-27,45.10443115234375,45.295552349305716,45.056651764436666,45.09487308756215,14000
2015-01-28,43.85242462158203,45.07666058966476,43.85242462158203,45.07666058966476,38200
2015-01-29,43.766361236572266,44.101114889717465,43.249890322050625,43.49856123285724,17800
2015-01-30,43.0872802734375,43.66114192095897,43.0872802734375,43.28813020824494,115900
2015-02-02,43.39335632324219,43.71854363024109,42.93426900427343,43.00121901025835,141800
2015-02-03,44.26370620727539,44.75148894968304,43.31683983425103,43.31683983425103,32300
2015-02-04,43.99589920043945,44.69409455427851,43.99589920043945,44.69409455427851,14400
2015-02-05,44.20631408691406,44.20631408691406,43.94807685791622,44.005460476470844,16400
2015-02-06,44.6654167175293,44.93321675935755,44.10112116617554,44.18720027226347,22600
2015-02-09,44.27328109741211,44.93321850404258,44.05330196186862,44.187201987981865,17300
2015-02-10,44.61758804321289,44.61758804321289,44.25414258643749,44.273271678741594,79200
2015-02-11,44.407169342041016,44.76104840981154,44.407169342041016,44.47411933733541,9500
2015-02-12,44.80885314941406,44.96188217609756,44.2828160982208,44.48366601164917,42000
2015-02-13,45.6122932434082,46.224413492390305,44.866276592636815,44.95235571761065,29400
2015-02-17,45.28709030151367,45.918335785187196,45.19144848370008,45.89921034042567,8400
2015-02-18,45.325347900390625,45.325347900390625,44.751489703946284,45.28708971436062,14600
2015-02-19,44.971466064453125,45.420990601699536,44.86625788352301,45.37316604782133,13000
2015-02-20,45.4305534362793,45.54532433916956,44.75148709213521,44.75148709213521,41700
2015-02-23,44.904518127441406,45.813129965296184,44.904518127441406,45.430555407725315,20600
2015-02-24,45.0479736328125,45.58357719789994,44.474115536898005,45.009719101985446,91800
2015-02-25,45.31697082519531,45.31697082519531,44.9723544943172,44.9723544943172,22300
2015-02-26,44.32142639160156,45.240401109951065,44.22570122782051,45.240401109951065,17400
2015-02-27,44.87662887573242,45.230816255687564,44.0438048678468,44.0438048678468,76100
2015-03-02,44.97236251831055,45.192533290836806,44.512875212384365,44.981937224587625,20000
2015-03-03,44.713890075683594,44.981927015400046,44.51286510965601,44.981927015400046,12000
2015-03-04,44.17782211303711,44.560726276546085,44.12995589737888,44.560726276546085,14300
2015-03-05,43.0865478515625,44.1586885699371,43.0865478515625,44.12996810226312,23200
2015-03-06,42.69407272338867,43.14398902346263,42.35903100100226,43.10569749756678,151300
2015-03-09,43.79491424560547,43.92893088525772,42.26329029003754,42.70363172080337,82200
2015-03-10,43.00993728637695,43.31626194056272,42.45472156836655,43.08651662408443,13100
2015-03-11,43.06740951538086,43.21099725960896,42.88552659367202,43.06740951538086,69500
2015-03-12,43.07698059082031,43.124843172251715,42.99082648357144,43.124843172251715,60100
2015-03-13,43.316287994384766,43.316287994384766,43.03867996840427,43.11526300385273,67900
2015-03-16,43.45987319946289,43.938506148127985,43.30671080195724,43.325852906425794,40400
2015-03-17,44.51287841796875,45.02980304374209,43.59390373993665,43.63219526444151,21300
2015-03-18,45.61373519897461,45.79561445961148,44.28313213374037,44.28313213374037,20400
2015-03-19,47.451698303222656,47.52828137310936,45.604173736546265,45.699902573904644,14900
2015-03-20,45.958335876464844,47.76757155881553,45.958335876464844,47.4038094814896,39300
2015-03-23,46.695438385009766,46.71458414488158,45.01065168477404,45.01065168477404,39500
2015-03-24,47.57612228393555,47.85373030823704,46.542273221714865,46.551847926928076,12900
2015-03-25,47.537818908691406,47.85371837168812,46.953886193464164,47.4803816467795,20200
2015-03-26,47.84415817260742,47.84415817260742,47.09749179979996,47.22193741249463,4900
2015-03-27,50.13486862182617,51.322851190451615,47.89302654041758,47.90260545344962,165200
2015-03-30,52.08926773071289,52.20423656127998,50.48932321276333,50.48932321276333,46900
2015-03-31,50.776763916015625,52.309645893118116,50.53725087867593,51.725237151939545,27500
2015-04-01,51.87852096557617,51.945584317989685,50.24983171836533,50.52766769532336,14500
2015-04-02,51.571956634521484,52.34797665207545,51.40908584444212,51.40908584444212,20800
2015-04-06,52.50124740600586,52.50124740600586,51.98389846330008,51.98389846330008,14600
2015-04-07,51.73482131958008,53.056934443279545,51.60069458979652,52.577908319950104,29400
2015-04-08,50.872562408447266,51.36117100071437,49.809127702557014,51.35158843359151,29400
2015-04-09,50.95880126953125,51.1025105785131,50.60432293663679,50.77677264554318,63900
2015-04-10,51.08332443237305,51.22703367197695,50.77674813225067,50.795909607843036,12600
2015-04-13,51.97431182861328,52.21382478634882,51.303674816018216,51.47612443796202,46400
2015-04-14,52.223411560058594,52.654535679833955,51.72522774907179,51.964740742871626,12800
2015-04-15,52.300079345703125,52.69288067362844,51.98392030741506,52.28091785962387,5500
2015-04-16,52.64494705200195,52.83655814261378,52.2617248707783,52.280886345307245,32400
2015-04-17,51.821041107177734,52.68328950683617,51.792300712082096,52.68328950683617,34800
2015-04-20,51.73482131958008,52.692873566238966,51.73482131958008,52.48210090247664,11000
2015-04-21,51.35159683227539,51.67733472883588,50.93005517688852,51.54320800460729,33800
2015-04-22,50.633056640625,51.294114988904795,50.297739836917174,51.15998826742167,49500
2015-04-23,50.2402458190918,50.70011034286244,50.010315384545656,50.70011034286244,15600
2015-04-24,50.44143295288086,50.5851385420998,50.058210738941256,50.20191998283808,39200
2015-04-27,50.26900100708008,50.451029612667554,50.10613022971935,50.451029612667554,11500
2015-04-28,49.57003402709961,49.97272886691986,49.25362780363758,49.97272886691986,110800
2015-04-29,49.18650817871094,49.5987930489239,48.51534650690819,49.5987930489239,10700
2015-04-30,49.387840270996094,50.07817819453943,49.37825386985165,49.512485431088244,47300
2015-05-01,50.25076675415039,50.57675928255741,49.752189730849295,49.76177979030786,10300
2015-05-04,50.72059631347656,51.219169830614014,50.38501362372438,50.48089595974092,13600
2015-05-05,49.86724090576172,50.78769269172757,49.378253980513136,50.62469461162088,13800
2015-05-06,49.57003402709961,49.665912705855725,49.28239433329413,49.28239433329413,20700
2015-05-07,48.9084587097168,49.45497888276407,48.9084587097168,49.35909654646755,5100
2015-05-08,49.148162841796875,49.867263960375396,48.91805253207271,48.91805253207271,12800
2015-05-11,49.43577575683594,50.16446283205292,48.77420079453,48.77420079453,44500
2015-05-12,51.295875549316406,51.63145458054942,50.00149510594664,50.00149510594664,79800
2015-05-13,53.24222946166992,53.24222946166992,51.5163880333042,51.53556449620715,34000
2015-05-14,53.501121520996094,53.529888052343274,52.92584209957552,53.165542468090315,28900
2015-05-15,54.42155075073242,55.45705773095953,53.68327709626273,53.69286349828584,38000
2015-05-19,53.68328094482422,54.66125495287949,53.501106375500406,54.58455275858761,29400
2015-05-20,54.124324798583984,54.26814277430258,53.69286355635605,53.72162641999255,39600
2015-05-21,53.012115478515625,54.268142620906985,52.73406227236179,54.1243246455949,23600
2015-05-22,53.15596008300781,53.4723663707672,52.734088690199854,52.75326516135538,3700
2015-05-25,53.012115478515625,53.788742054794604,53.012115478515625,53.18469997491896,2700
2015-05-26,51.95744705200195,53.03130726381881,51.7752761009527,53.03130726381881,9800
2015-05-27,51.93920135498047,52.486131492382434,51.43064951856939,51.43064951856939,18200
2015-05-28,51.862449645996094,52.29423766150091,51.79528302806269,52.11192879286828,14400
2015-05-29,50.71100616455078,52.35180030012048,50.61505491792806,52.35180030012048,15000
2015-06-01,52.582088470458984,52.77399463756582,50.30801009005311,50.490318935636466,36000
2015-06-02,52.31344985961914,52.66847407841498,52.054376945262945,52.66847407841498,10500
2015-06-03,51.96800231933594,52.5341236152089,51.81447808623343,52.32302642207803,15100
2015-06-04,51.83366012573242,52.39978132388535,51.70892056402257,51.81446914236892,12600
2015-06-05,51.8144645690918,51.99677340449529,51.382676632288266,51.622558412700734,63900
2015-06-08,51.58417892456055,51.91041830798788,51.52660963709468,51.91041830798788,43300
2015-06-09,51.449832916259766,51.776072218583735,51.430641938440154,51.5745724419349,28000
2015-06-10,51.63215637207031,51.73770128210015,51.459441195213444,51.478632177120375,11100
2015-06-11,51.33469772338867,51.80486759344561,51.315506742947036,51.66093707028597,93100
2015-06-12,50.998878479003906,51.33471157659746,50.806972283104905,51.20037833756004,148900
2015-06-15,50.90291213989258,51.23874882250719,50.39436394602282,50.85493651674918,42500
2015-06-16,50.16407775878906,51.04684463184344,49.770671777402214,51.04684463184344,13400
2015-06-17,49.75148391723633,50.279226806131824,49.74189025575904,49.80905686701742,35300
2015-06-18,49.46361541748047,50.2696182324788,49.242924649842294,49.857021335497215,69300
2015-06-19,49.175750732421875,49.88580220718981,48.9838446316491,49.51158366354591,38800
2015-06-22,50.79738235473633,51.01807323103905,49.895427861111294,49.895427861111294,90900
2015-06-23,51.325111389160156,51.41146898332105,50.75899019639554,50.893323418355656,27500
2015-06-24,51.910423278808594,52.04476016980595,51.33470838718685,51.430659649021806,7600
2015-06-25,51.574588775634766,52.04475873035655,51.43065822655714,51.43065822655714,13700
2015-06-26,50.79775619506836,51.42192300617525,50.79775619506836,51.210668294048894,11700
2015-06-29,50.46164321899414,50.538465748283556,50.327207455837474,50.42323195434943,28200
2015-06-30,50.62489318847656,51.37389459163927,50.317610373686726,50.605687554664684,20800
2015-07-02,50.50967025756836,50.72092861187125,50.317621204312154,50.72092861187125,13900
2015-07-03,50.50967025756836,50.50967025756836,50.23119766510651,50.5000692701459,3100
2015-07-06,50.26959991455078,50.55768078990104,49.174904310141386,49.95271608000619,17900
2015-07-07,50.7209358215332,50.7209358215332,49.559022033910345,50.34643498610942,40000
2015-07-08,50.66331481933594,50.83616190839612,50.41364883686074,50.68252045846497,10700
2015-07-09,51.325889587402344,51.42191410692315,50.74973148097566,51.105030262024,30200
2015-07-10,52.56462860107422,52.59343522591665,51.50834051194152,51.50834051194152,28900
2015-07-13,53.58249282836914,53.58249282836914,52.487797309455715,52.487797309455715,15400
2015-07-14,54.73480224609375,55.45499701248972,53.563284253897635,53.62090115392532,12900
2015-07-15,55.15730667114258,55.21492356227118,54.74439477580285,55.21492356227118,14500
2015-07-16,54.744415283203125,55.21494424593283,53.93779682073851,54.88845573343284,10900
2015-07-17,55.15730667114258,55.15730667114258,54.7059871781499,54.734793792164474,9100
2015-07-20,55.53180694580078,55.64703705661065,54.946048082610275,55.205318579256854,10400
2015-07-21,55.99276351928711,56.12719933703381,55.21495157833668,55.93514659892368,14200
2015-07-22,55.94473648071289,56.32884188067661,55.57984038015798,55.69507053490687,12200
2015-07-23,55.82950210571289,56.271220718110484,55.82950210571289,55.94473225175133,208900
2015-07-24,54.64839172363281,55.88712789556392,54.64839172363281,55.75269209329559,35600
2015-07-27,53.86096954345703,54.62917661111415,53.352033047965485,54.542753087058955,26800
2015-07-28,53.14077377319336,53.6593149081813,52.449385593209435,53.6593149081813,32300
2015-07-29,53.89128875732422,53.9969925533912,53.18016816472333,53.18016816472333,10300
2015-07-30,54.16038131713867,54.76579469027229,53.795210938729184,53.92013832241454,9900
2015-07-31,54.49669647216797,54.49669647216797,54.15074612286712,54.16035789135636,20600
2015-08-04,55.35198211669922,56.58202868907759,54.51593755775936,54.51593755775936,27200
2015-08-05,55.736351013183594,56.5147393039234,55.68830316788708,56.5147393039234,38500
2015-08-06,55.909332275390625,55.97659999929188,54.775385407032395,55.97659999929188,32600
2015-08-07,55.38080596923828,56.11114292571395,55.01563565809219,55.73636450950824,14200
2015-08-10,56.514747619628906,57.30274412904933,55.64026350962253,55.64026350962253,43600
2015-08-11,56.21684646606445,56.601236626176004,55.08289952613323,56.601236626176004,39900
2015-08-12,55.41923522949219,56.726157305621406,55.40962712561596,56.726157305621406,19400
2015-08-13,55.25587844848633,55.54416925505426,54.77539254893427,55.217438696726205,30100
2015-08-14,58.379024505615234,60.77184539460678,55.73635261441454,55.918935898112935,83000
2015-08-17,61.1177864074707,62.87636602569492,58.36941097544967,58.36941097544967,91800
2015-08-18,59.061309814453125,61.18505603251439,58.25409357632736,61.18505603251439,68900
2015-08-19,59.96462631225586,60.17603756094526,58.67692428591898,58.67692428591898,51100
2015-08-20,59.378448486328125,60.06073758550348,58.888350814773176,60.06073758550348,51000
2015-08-21,57.99463653564453,59.34960639038354,56.71654617107141,59.339998287020734,314600
2015-08-24,58.369415283203125,59.40726268161948,52.99758401347756,53.929723951742616,46600
2015-08-25,57.754390716552734,59.09975240011745,57.69673476765026,59.09975240011745,48800
2015-08-26,57.898536682128906,58.33097461872702,57.56219810133904,58.33097461872702,29100
2015-08-27,59.524662017822266,59.91892860494604,57.93797735327066,57.93797735327066,43900
2015-08-28,61.87101364135742,62.15950437751286,59.61119766519917,59.61119766519917,27500
2015-08-31,61.05363845825195,62.00564984512004,60.20740652195945,62.00564984512004,53000
2015-09-01,61.82294464111328,61.871021545531676,60.82285258773418,60.94786501148471,157200
2015-09-02,61.72676467895508,62.4864499687855,61.4767399076712,62.4864499687855,61200
2015-09-03,61.755645751953125,62.15952706065503,61.11135418595424,62.15952706065503,34000
2015-09-04,61.39980697631836,61.89985650989671,60.89014646693398,61.697915968628706,43100
2015-09-08,61.40943908691406,62.265285669808506,60.60167307203271,62.24605637725303,15200
2015-09-09,59.9093132019043,61.54407852128861,59.52466491213401,61.47676497887099,25400
2015-09-10,58.99576950073242,60.17857302698501,58.13030806893702,59.5150485607975,29700
2015-09-11,59.130401611328125,59.457354693482216,58.23608887685703,59.457354693482216,25300
2015-09-14,57.63986587524414,59.86122343911959,57.31291286153493,59.62081691928377,105400
2015-09-15,56.95711898803711,58.16877004583062,56.83210655578255,57.65910566893718,108200
2015-09-16,57.60140609741211,57.72641485191843,56.27436102371498,57.50524128435433,63200
2015-09-17,58.793819427490234,59.32271305117042,57.678333293281824,57.678333293281824,85100
2015-09-18,55.83202362060547,59.11116911705316,55.7935576886774,58.42841166442607,872900
2015-09-21,57.38022232055664,57.38022232055664,56.35128278216237,56.505142797203234,157000
2015-09-22,58.20722961425781,58.418788540858415,57.04366285457978,57.091743428358285,49400
2015-09-23,58.54381561279297,58.75537092400411,58.25532842964064,58.26494307947651,25800
2015-09-24,58.101444244384766,58.64957446833748,57.80334251627536,58.16876144280641,15100
2015-09-25,57.86104202270508,59.726599047838775,57.84181272837255,58.38032100918431,26100
2015-09-28,57.73689651489258,58.85314303401465,57.33274000127858,57.69840436955419,36000
2015-09-29,58.40086364746094,58.602945554818184,57.34235545248316,57.35197665244653,46000
2015-09-30,59.50751495361328,59.863558241414474,58.362400773488226,58.76655742383321,54200
2015-10-01,62.71190643310547,62.71190643310547,59.622982574093776,59.65185352576135,94700
2015-10-02,64.46324920654297,64.76156152667842,60.9797904706872,61.82659939686895,56900
2015-10-05,64.36701965332031,65.18495759603633,63.27001914819503,65.18495759603633,115500
2015-10-06,63.1738395690918,65.99332722963054,62.73119055631227,64.59801337688124,121900
2015-10-07,65.51213073730469,65.57949015322062,63.17378623961477,63.510583319194446,72300
2015-10-08,66.54178619384766,66.54178619384766,64.57873049231637,65.53138739368555,48300
2015-10-09,65.40631103515625,66.81124192400513,65.05026403953791,66.81124192400513,73400
2015-10-13,64.36701965332031,65.60836387577817,64.26116808338485,65.60836387577817,48700
2015-10-14,63.21233367919922,64.80009377779633,63.03912255223544,64.55952317599288,50300
2015-10-15,63.60686492919922,63.97253693844978,63.22195050234012,63.51063815789246,33100
2015-10-16,63.92436218261719,63.99172159589522,63.33736986335488,63.7030342009177,14400
2015-10-19,63.14494705200195,63.96288527809346,62.94286871437669,63.96288527809346,28700
2015-10-20,62.40398406982422,63.30853146780944,62.221155488465655,63.30853146780944,58700
2015-10-21,63.20264434814453,63.500949240860095,62.28847993016961,62.548292684853386,36100
2015-10-22,63.40473556518555,63.568321679138926,62.702274091561655,63.568321679138926,46100
2015-10-23,64.37663269042969,64.81928129167935,63.50095301679172,63.587562167919415,52200
2015-10-26,64.1360855102539,64.66533611237494,64.10721822998174,64.5113748370475,18300
2015-10-27,58.66069793701172,64.08796672851287,55.09063332235732,64.08796672851287,320600
2015-10-28,58.2090950012207,60.08680845415393,57.05357874762449,58.729077866331735,172900
2015-10-29,57.891334533691406,59.220178594078455,55.86918356320778,58.06466217953691,85600
2015-10-30,57.3617057800293,57.795024757648235,56.62024967905562,57.795024757648235,52200
2015-11-02,58.24759292602539,59.15274511382998,56.8224543796248,56.8224543796248,103700
2015-11-03,58.276485443115234,58.912018675257436,57.612065505556934,58.03575310255707,49500
2015-11-04,58.23797607421875,58.88314075325957,57.67947887092216,58.44982174096119,35500
2015-11-05,59.55718231201172,60.20234692435859,57.8913148798601,57.8913148798601,42900
2015-11-06,60.84749221801758,61.463769965165234,59.56679834700868,60.45269140986798,50900
2015-11-09,60.47196578979492,61.11713040008394,59.980873410379594,61.11713040008394,24900
2015-11-10,62.32080078125,62.34968749189554,59.86532752440861,60.37568267661601,96100
2015-11-11,65.32512664794922,67.14506996382961,63.30297638722109,64.56441889067548,156800
2015-11-12,64.85330963134766,65.45996000491819,64.41999423300024,65.45996000491819,83900
2015-11-13,66.73100280761719,67.34727696615664,63.129641969603426,64.93995373855958,170200
2015-11-16,65.75843811035156,66.82729014519843,65.44066970073395,66.47100368472714,45700
2015-11-17,65.62362670898438,66.6539606631987,65.45993050751265,65.75843620979246,23700
2015-11-18,65.45032501220703,65.91252709853468,64.66072304704171,65.86438502726747,77100
2015-11-19,65.72955322265625,65.76807127457283,64.82439736903454,65.45030285618643,31800
2015-11-20,64.75698852539062,65.58510822288304,64.67995242642232,65.58510822288304,35200
2015-11-23,64.81472778320312,65.16138269938273,64.51622224015625,64.56437161328898,12500
2015-11-24,64.68959045410156,64.89180472484526,64.52589423681869,64.80514461448404,9600
2015-11-25,64.94960021972656,65.78735163762398,64.5740582539791,64.74738588021408,24100
2015-11-26,63.89160919189453,65.27909338144535,63.881979194181696,65.27909338144535,8800
2015-11-27,64.72988891601562,64.99967590318703,63.140064340305265,63.73745506271626,16200
2015-11-30,65.57778930664062,65.616331353432,64.41191995799036,64.65280223707869,50900
2015-12-01,66.84004211425781,67.0038403602109,65.5296414443401,65.61635556826356,137300
2015-12-02,66.3389892578125,67.10981561994708,65.86686197035618,66.95564740706217,48700
2015-12-03,66.58953857421875,66.72443214497594,66.00178486542747,66.42574028846334,31400
2015-12-04,67.14840698242188,67.44709892529434,66.194507004793,66.58955782705048,14800
2015-12-07,66.74365997314453,66.9460075605806,65.80904288678857,66.62804118163126,15800
2015-12-08,67.35070037841797,67.880637089326,66.48352252739679,66.56060663663095,27400
2015-12-09,67.3313980102539,67.49520351285803,66.72437743952575,66.86890824716833,16700
2015-12-10,66.53170776367188,67.36034363268989,66.4738910011071,67.24471745870625,65700
2015-12-11,66.04991912841797,66.53168365203548,65.81866686425843,66.44496221518985,23600
2015-12-14,65.3465576171875,66.05956724943469,64.80698355507019,66.05956724943469,79900
2015-12-15,62.08982467651367,64.79733940563183,61.92601912386011,64.64317120340365,162100
2015-12-16,62.00312805175781,62.53307227018249,60.403669068920635,62.34036194023377,269300
2015-12-17,63.2075309753418,64.02652954442252,62.08020327374317,62.11874533420121,99800
2015-12-18,65.03824615478516,65.03824615478516,63.20753849649509,63.20753849649509,51600
2015-12-21,63.5255241394043,65.50076329832282,63.11120600441332,65.46222122167838,27200
2015-12-22,63.35206604003906,63.7278419653407,62.39817387205389,62.79321715328134,18200
2015-12-23,62.46562957763672,63.853107288269065,61.32866428559965,63.140097398697726,77800
2015-12-24,62.215084075927734,62.61976460118973,61.665872691316494,62.561955197907984,27600
2015-12-29,62.47735595703125,62.68946424816011,61.879576165854346,61.96634673641637,21600
2015-12-30,63.40292739868164,63.58611211402198,62.0820304726507,62.46769450672605,20400
2015-12-31,63.73070526123047,64.53095644553174,63.07507893706843,63.393252158189554,42100
2016-01-04,62.6701545715332,63.87534985175499,62.255567100899775,63.4800422689967,31500
2016-01-05,61.81207275390625,62.67017143586132,61.706014952232685,62.67017143586132,95400
2016-01-06,60.221221923828125,61.98563031326649,59.65236936787411,61.71566763517497,34900
2016-01-07,58.774986267089844,60.838280831183845,57.82047327953431,59.06423251550165,103300
2016-01-08,59.931976318359375,60.144091955128296,58.543592087242196,58.543592087242196,59200
2016-01-11,58.66893005371094,59.9801836721585,57.90724910361288,59.9801836721585,49400
2016-01-12,60.4526252746582,60.67438087228132,58.29291266803573,58.29291266803573,70800
2016-01-13,60.43331527709961,61.11786534585328,59.98016065340654,60.693637911265995,36900
2016-01-14,59.1702880859375,60.240502474615695,58.331472893986536,60.240502474615695,78000
2016-01-15,59.78736114501953,59.96090966208216,57.618008359702955,58.44718379056523,71200
2016-01-18,56.47063446044922,59.95123930817601,56.40314381337122,59.30525267161812,183100
2016-01-19,55.921085357666016,57.46373451703604,55.313665642054076,56.5477886475158,117200
2016-01-20,57.174468994140625,57.50228228979393,52.21870610182522,54.99547733100827,154100
2016-01-21,57.18412399291992,57.810823518306606,56.171756713972215,57.43480306748155,28600
2016-01-22,60.394752502441406,61.1082298117943,57.70475543320924,57.868663923424116,43500
2016-01-25,61.32035827636719,62.01455220517526,60.26942743546188,60.30799458216578,51600
2016-01-26,59.00638198852539,61.8024337953655,58.668924986998995,61.64816889345684,54400
2016-01-27,58.46800231933594,58.99865546315657,58.024186672222925,58.76709739308114,26400
2016-01-28,59.17232894897461,59.625791206972806,58.40047109269737,58.40047109269737,56500
2016-01-29,61.28529739379883,61.74841002734487,59.17234531315275,59.403899789679755,110400
2016-02-01,60.716041564941406,60.947595993694996,59.73192604151045,60.16609519603753,52000
2016-02-02,60.735328674316406,60.88004924903601,59.336341035749385,60.70638161497993,46500
2016-02-03,62.346595764160156,62.71322427148554,60.06961904431731,60.783586601593676,36000
2016-02-04,62.03784942626953,62.80970002034071,61.758051101586965,62.35623402382011,15300
2016-02-05,60.36870193481445,61.95100391355577,59.87664604844627,61.92206053214912,90100
2016-02-08,61.034420013427734,61.304571710868906,58.85393170413314,59.442471610052976,105700
2016-02-09,60.84148025512695,62.01855679290594,60.78358979700984,60.78358979700984,102600
2016-02-10,60.812522888183594,61.33352588153814,60.20468974309464,60.783579504272126,98200
2016-02-11,60.831825256347656,61.1116235946666,59.5775615389935,60.33976928248648,92200
2016-02-12,59.86699676513672,61.16950415677814,59.201273218625154,61.15985390915982,154100
2016-02-16,58.56448745727539,60.30116013300787,58.32328281674336,60.185382936089894,52700
2016-02-17,59.481075286865234,60.18539250756975,58.32329209208729,60.18539250756975,51400
2016-02-18,60.33977508544922,60.7546475082371,58.59345154579576,58.59345154579576,58200
2016-02-19,59.86699676513672,60.542370559266594,59.66438573104508,59.83805338326393,25200
2016-02-22,59.809120178222656,61.16951456508779,59.7994699289623,60.30117615624123,29300
2016-02-23,58.458351135253906,59.905578837548866,58.28468351653928,59.81874502819156,24100
2016-02-24,58.18821334838867,58.496955017927036,57.40670892709349,58.2557503585695,45000
2016-02-25,60.681095123291016,60.86454073189159,58.170820524103604,58.170820524103604,37200
2016-02-26,60.63283920288086,60.71008025729495,59.860447074020854,60.71008025729495,18600
2016-02-29,61.62730026245117,62.119695432486836,60.5556045246585,60.71973624800372,28500
2016-03-01,62.20657730102539,62.747249833262664,61.6272842498982,61.85899999712692,80200
2016-03-02,63.50033187866211,63.58722988816058,61.936241368797944,62.25485512677428,54500
2016-03-03,63.23965835571289,63.48103109752859,62.2741673884501,63.48103109752859,49300
2016-03-04,62.92106246948242,64.34999274864633,62.679689658996956,63.42312204031579,25100
2016-03-07,63.10452651977539,63.94450679641676,62.61212378063281,62.7859125493822,31100
2016-03-08,63.114131927490234,63.43273827143711,62.70862022100468,63.15275244077979,27500
2016-03-09,63.04658126831055,63.43277187356277,62.71831041450981,63.423122264711004,27800
2016-03-10,62.718292236328125,63.384483359693476,61.772111532083976,63.23000126947656,33200
2016-03-11,63.818965911865234,64.19550688506006,62.35142255045377,62.756927080646165,52500
2016-03-14,63.50033187866211,63.82860260794069,62.95965934351013,63.50033187866211,30400
2016-03-15,63.297584533691406,63.50033674992701,63.12379586747355,63.38448254985604,27800
2016-03-16,64.31136322021484,64.6879041626187,63.09484236300333,63.33621513972952,46000
2016-03-17,63.23965835571289,64.82306295273496,62.747255899897645,64.82306295273496,26300
2016-03-18,61.646610260009766,63.68379723547142,61.30868982083409,63.68379723547142,102400
2016-03-21,61.00938415527344,61.733502514363174,60.90318322304102,61.69488566766795,61400
2016-03-22,60.6038818359375,60.93214898459719,60.17906704246003,60.82594436546368,83100
2016-03-23,67.58438873291016,67.58438873291016,63.23002105346365,63.23002105346365,118700
2016-03-24,68.59815216064453,69.30295660601332,66.6188922699472,66.71543991595635,73100
2016-03-28,68.51126098632812,69.4864092507702,67.22715580403789,69.4864092507702,64100
2016-03-29,70.56124114990234,71.59492824670471,68.88029362352223,68.88029362352223,94100
2016-03-30,74.01970672607422,74.35782710561404,69.60480167487037,70.54187604946033,102100
2016-03-31,73.75889587402344,75.61373474569092,72.3387823293024,73.73957786035949,71600
2016-04-01,71.2857666015625,73.55601244329921,70.84137864972891,73.55601244329921,78600
2016-04-04,71.7108154296875,71.98131172329734,70.80271441216487,71.44031176560645,34400
2016-04-05,71.5369873046875,71.81713916388496,71.0539556750015,71.4886811935278,11100
2016-04-06,70.69648742675781,71.77848059103046,70.59021991194194,71.32442982235823,42400
2016-04-07,69.74009704589844,70.90903250403287,69.70145363771923,70.83174568767444,27400
2016-04-08,70.93798065185547,71.58524085814572,69.60481684883588,70.0588601029307,41800
2016-04-11,70.50324249267578,71.28575073692328,69.92359911274397,70.9379676571529,43200
2016-04-12,68.70641326904297,70.93801676710174,68.59048303870448,70.93801676710174,39900
2016-04-13,68.50353240966797,69.17011088274742,67.69203563875585,69.0541880372428,138700
2016-04-14,68.00118255615234,69.4212965245224,67.86593430873393,68.97690837293665,64400
2016-04-15,71.40169525146484,71.50795536399302,67.46015780143041,68.00115053636615,81500
2016-04-18,71.66250610351562,71.82673493567404,69.83664883418272,71.40167250952702,18500
2016-04-19,71.20848846435547,72.44504767534521,70.4839413606842,72.44504767534521,26900
2016-04-20,71.97167205810547,72.50300949799903,70.54189600105688,71.57558280828053,29500
2016-04-21,71.09258270263672,72.20355678410448,70.72548136400705,71.73985060588562,18800
2016-04-22,71.4596939086914,71.83645795558795,70.27143296584129,70.77378994202138,15900
2016-04-25,71.49833679199219,71.64324774060778,70.6578591864034,71.16987148376505,60700
2016-04-26,71.67219543457031,72.7735063438765,71.30508688448583,71.30508688448583,14000
2016-04-27,72.25414276123047,72.82443947864255,71.76116928752172,71.76116928752172,43100
2016-04-28,72.3797607421875,72.95006452898541,71.55814364223093,72.27343304252433,35200
2016-04-29,72.87275695800781,73.70404248618482,72.01247429797729,73.20140832653577,25900
2016-05-02,71.5291519165039,73.53003465485794,71.50982295812935,73.53003465485794,18100
2016-05-03,72.22512817382812,72.4957778980365,70.81387791570458,71.48083405760323,30900
2016-05-04,71.6644515991211,72.49573663585066,71.28747435858648,72.47640768425941,19700
2016-05-05,72.14778900146484,72.9500772847907,71.29717463007361,71.66448387290484,36300
2016-05-06,73.27871704101562,77.3094871873906,72.40877375908705,72.49576513741968,99300
2016-05-09,71.69343566894531,73.68465655432708,71.68377488223135,73.66532023160646,43400
2016-05-10,71.4711685180664,71.89647203873216,71.33584366494756,71.89647203873216,22800
2016-05-11,70.56256103515625,71.76115589742614,70.1372500882063,71.76115589742614,71600
2016-05-12,70.57223510742188,71.8771578155813,69.89560332843531,71.05554036041818,27600
2016-05-13,70.67855072021484,73.46238584471908,70.22424268044139,73.46238584471908,69400
2016-05-16,70.58187103271484,71.15217486511943,69.20928636776189,70.78486565714127,31100
2016-05-17,70.61088562011719,71.96413414528809,70.16623839081663,70.56255215508193,39000
2016-05-18,70.18556213378906,71.0265156018172,69.38327395592141,70.3305551282284,16900
2016-05-19,70.28223419189453,70.92020053121449,69.740934782521,70.49488963833451,13500
2016-05-20,72.3797607421875,72.59241614151385,70.3208839094046,70.7171975853582,73500
2016-05-24,72.62142944335938,73.53004548849125,71.81914849623053,72.50544092672219,20600
2016-05-25,72.18641662597656,73.09503215339353,72.01242657550624,73.09503215339353,23100
2016-05-26,73.99400329589844,74.91227990617888,71.7707972004359,72.47642579149473,25500
2016-05-27,74.40213775634766,74.71162249938487,73.50269656897412,74.4504977450434,18900
2016-05-30,74.63423156738281,74.7116045792582,74.17967434598552,74.55685855550742,11000
2016-05-31,73.3382797241211,75.17584849659208,73.07714760777795,75.17584849659208,21600
2016-06-01,74.17967224121094,74.17967224121094,73.16417915927197,73.49300338236755,12700
2016-06-02,73.0674819946289,74.42147305607047,72.79667640364272,74.4021334889204,15900
2016-06-03,73.6671142578125,74.41181681895173,73.2705903597777,73.50270208981512,8900
2016-06-06,73.35761260986328,74.00559503722717,73.01911487756104,73.66709730492492,5600
2016-06-07,72.2164077758789,73.79285213345781,72.119695163569,73.74449213795319,31500
2016-06-08,71.91654205322266,72.53551115814331,71.32658597217426,72.36142563621601,15900
2016-06-09,72.10035705566406,73.34796232356743,71.829551405522,72.0519970591781,13300
2016-06-10,70.64964294433594,71.89724816348016,70.07902599864049,71.57809728672423,26500
2016-06-13,69.92428588867188,70.81405369319512,69.92428588867188,70.3691697909335,14300
2016-06-14,70.74632263183594,71.32660540344686,69.46002411265628,69.68246965409995,19300
2016-06-15,71.47172546386719,71.53942504259153,70.35951177450937,71.0365075617529,26800
2016-06-16,71.52972412109375,71.86822188483887,71.094513764664,71.55873716102936,11500
2016-06-17,70.89140319824219,72.2744144395411,70.6496180677962,72.2744144395411,19100
2016-06-20,71.62640380859375,72.28405946689907,70.98809508715608,71.5587042869459,16100
2016-06-21,71.77155303955078,72.5259220524835,70.70769911416615,71.66516690914209,14900
2016-06-22,70.83341217041016,72.53558257418737,70.70768648361393,72.2841238218939,40700
2016-06-23,71.65544891357422,71.71348237146285,70.77535473815574,70.83338081734661,26100
2016-06-24,70.29177856445312,71.4039917216689,70.26276552726702,70.94943446256094,46000
2016-06-27,69.94361877441406,70.79469997844237,69.54709490366962,69.67282054489135,14900
2016-06-28,69.68428802490234,72.16160509092059,69.48107130148558,71.29067100271504,22600
2016-06-29,70.74874877929688,71.08744326585149,69.8391058299907,70.61327098467503,37500
2016-06-30,71.86158752441406,72.06480415725491,69.82941381302169,70.09069023153594,10100
2016-07-04,71.21324157714844,73.35187114412274,70.64230050049827,71.12615187378934,8700
2016-07-05,70.76812744140625,71.60035272622537,70.20686523547278,71.60035272622537,16600
2016-07-06,70.02294921875,71.08742042721299,69.75199371655764,71.08742042721299,38300
2016-07-07,70.26490020751953,71.17454319312802,69.72298900740539,70.61327380273187,20900
2016-07-08,71.82289123535156,72.07449598938423,70.15844151064887,70.70035262734827,18100
2016-07-11,72.79060363769531,72.96479043184692,72.09385646108888,72.19062526162061,17700
2016-07-12,73.59378051757812,74.30987832407877,73.04219036961415,73.04219036961415,26000
2016-07-13,74.44537353515625,74.75503812267507,73.3034839843707,73.98087296238495,26400
2016-07-14,75.21952056884766,75.5775657782356,74.367937621148,74.97759493743014,21600
2016-07-15,75.58724212646484,76.14851134289235,74.15503919195744,75.47111516972616,40600
2016-07-18,76.98075866699219,76.98075866699219,75.74209291388637,76.02272760445818,30900
2016-07-19,76.63240814208984,77.41624526281959,75.64534688051535,76.84530399784076,37400
2016-07-20,75.20018768310547,77.2420412898392,74.87117225752104,77.2420412898392,64200
2016-07-21,75.06468200683594,76.24528022831745,74.9679132342357,75.00662221987261,13200
2016-07-22,75.72271728515625,76.15818043775595,74.66792515051155,75.2388660564971,16200
2016-07-25,75.42276763916016,75.81952199558549,74.98729689714717,75.34534963395953,10600
2016-07-26,75.25823974609375,75.48081462748354,75.09373205023256,75.27759793559865,7200
2016-07-27,75.99604034423828,76.00572467051154,74.88257920606478,75.05686014410043,22100
2016-07-28,74.26289367675781,76.00570254988898,73.40117356364696,75.93792705965468,34100
2016-07-29,74.54368591308594,74.7566967242514,73.29467401877704,73.5173691541705,26700
2016-08-02,73.23662567138672,74.0402551517941,72.7718812543415,73.73042307810418,22000
2016-08-03,73.10101318359375,73.56576459714834,72.87831810508418,73.56576459714834,35200
2016-08-04,73.97245788574219,74.31133546257348,72.69440003385193,73.10105312604948,30600
2016-08-05,76.2380599975586,76.73185698150176,74.04019176078559,74.2144726147083,33800
2016-08-08,76.50919342041016,76.97394501795785,75.81207710455267,76.39301106125527,31900
2016-08-09,76.7706069946289,77.44836194469119,75.4344583558026,76.59632609504506,18100
2016-08-10,76.3446044921875,77.4580656634956,76.3446044921875,77.01268267236773,13100
2016-08-11,76.48981475830078,76.96424318655008,76.00570200666597,76.8383765304358,29000
2016-08-12,80.06259155273438,80.27560240476257,77.07077007220676,77.21600541558747,81300
2016-08-15,82.25079345703125,82.29920771047564,80.56608233225299,81.26320621477583,56500
2016-08-16,82.17332458496094,82.7639429015541,81.91189948772713,82.35728245996556,26200
2016-08-17,83.64503479003906,83.8386770149703,81.96032379480974,82.20238026946247,42000
2016-08-18,81.9603042602539,84.1194433628361,81.7182478432933,84.1194433628361,22300
2016-08-19,82.21202850341797,82.57026720096167,81.01142359761592,82.26043534491014,24800
2016-08-22,82.44442749023438,83.11249826214444,82.12491120668194,82.21205536900376,13500
2016-08-23,82.72517395019531,83.49007284170261,82.19264706782536,82.19264706782536,57800
2016-08-24,82.63803100585938,82.97690839629298,82.47343447150206,82.97690839629298,15400
2016-08-25,83.20929718017578,83.8676907788327,82.66708590735755,82.66708590735755,31200
2016-08-26,82.67679595947266,83.20932307520397,82.54124494582763,83.20932307520397,21500
2016-08-29,82.82403564453125,82.98871323990238,82.64966895807622,82.97903153942953,23400
2016-08-30,83.49246978759766,83.96713193724288,82.8240627060264,82.8240627060264,21600
2016-08-31,83.5408706665039,83.56993054826958,82.82403315071089,83.56993054826958,12700
2016-09-01,85.03260803222656,85.53633690087726,83.17270311091293,83.57955592671182,56500
2016-09-02,85.04237365722656,85.58484456653761,84.90675592989881,85.34266899765063,11900
2016-09-06,84.51925659179688,85.1004763624436,84.09302531103776,85.00360763243754,22500
2016-09-07,82.82403564453125,84.61613318327902,82.59154919279489,84.51926444427312,30000
2016-09-08,82.94996643066406,83.29869981267395,82.82403780573154,83.07590244620783,8200
2016-09-09,81.52599334716797,83.27934223618115,80.86727545335219,83.27934223618115,54600
2016-09-12,81.69062805175781,82.07811026640513,80.83816570141201,81.22564791605933,34500
2016-09-13,80.70257568359375,81.37098254809148,80.70257568359375,81.37098254809148,80000
2016-09-14,80.9835205078125,81.51630979291251,80.50885839329527,81.0803892712999,17100
2016-09-15,81.56474304199219,82.14597042240364,80.78978551913217,80.78978551913217,36700
2016-09-16,81.03189849853516,81.85529346353802,80.75097411930219,81.75842477188016,63200
2016-09-19,81.01253509521484,81.5453240823768,80.65412013167752,81.53563499426235,24400
2016-09-20,81.48724365234375,81.5647342228219,80.5766610860613,81.18694090077116,18400
2016-09-21,83.09526824951172,83.10495734026675,81.50659733378347,81.56471709709207,21000
2016-09-22,81.69062805175781,83.25023860752208,81.6421900034487,83.25023860752208,17400
2016-09-23,81.59378051757812,82.15562211446358,81.43878463525769,81.64221118784543,7300
2016-09-26,80.96409606933594,81.70999318367569,80.8865981536464,81.14814438083856,12700
2016-09-27,80.40226745605469,81.09973409118311,80.08259401651918,81.08035591209072,15500
2016-09-28,79.59976959228516,80.57865599214212,79.53192641968226,80.31697729620278,32900
2016-09-29,79.13457489013672,80.50113256999546,79.01826911966582,79.49317140897179,22000
2016-09-30,79.34780883789062,80.01654677127158,79.34780883789062,79.90993498295585,54600
2016-10-03,80.97605895996094,81.32496894900535,79.25088961663951,79.3090462110496,44300
2016-10-04,79.97779846191406,81.89680374398776,79.54166459498408,80.3460965129135,32100
2016-10-05,80.685302734375,81.88709976774705,79.99717671549446,79.99717671549446,50500
2016-10-06,81.54788208007812,81.54788208007812,80.66592047195505,81.16020347892713,14900
2016-10-07,82.57518005371094,83.32146225697457,81.58660717258095,81.58660717258095,31200
2016-10-11,82.2262954711914,82.96288390718729,81.62540080007993,82.96288390718729,14700
2016-10-12,82.42985534667969,82.75937736837403,81.79018451253702,82.23601233889949,23100
2016-10-13,82.33289337158203,82.77872839316673,81.89675973899656,82.77872839316673,14000
2016-10-14,82.54612731933594,82.817500048959,82.36198576386445,82.39106035713088,36200
2016-10-17,82.9628677368164,83.23424042498648,82.38135377725892,82.5945772877786,9400
2016-10-18,83.30206298828125,83.59282359330203,82.88531006473777,83.35052555390116,65400
2016-10-19,82.38135528564453,83.57346520976314,82.28443752300227,83.57346520976314,15200
2016-10-20,81.88707733154297,82.14876346360448,81.43155564520451,82.14876346360448,32000
2016-10-21,82.41046142578125,83.64134040506805,81.98401423366876,82.25539442505661,32600
2016-10-24,82.17782592773438,83.06948117676241,81.83861006064232,83.06948117676241,22200
2016-10-25,82.19722747802734,82.62367461643423,82.0324664997713,82.17784687826031,24000
2016-10-26,81.82894134521484,82.34261230183405,81.51879997172662,82.34261230183405,17400
2016-10-27,81.67572021484375,82.2866127395447,81.46239055281194,81.85026199304865,22900
2016-10-28,79.02849578857422,82.65507745024523,78.93152978868535,81.93752017342972,33000
2016-10-31,80.35696411132812,81.3169402205663,79.41637824555536,79.41637824555536,21400
2016-11-01,79.1254653930664,80.35695658165416,79.0284993887602,80.35695658165416,38000
2016-11-02,79.31938934326172,79.65877399121574,77.73881492874226,78.92181918563668,41400
2016-11-03,78.58247375488281,79.57153913652543,78.27217800789354,79.31942892824513,39200
2016-11-04,78.05884552001953,78.54368306983332,77.91339277546861,78.54368306983332,10000
2016-11-07,78.36912536621094,79.2612245014622,77.77762308352573,77.77762308352573,31400
2016-11-08,78.31095886230469,78.78609756385579,78.22368426110269,78.36913699775036,27700
2016-11-09,82.17993927001953,82.41265915048578,78.01033467232801,78.17518501077191,61500
2016-11-10,84.4393081665039,84.60415115540467,81.90845560313564,82.43208103673257,25800
2016-11-11,85.23443603515625,85.62230752411695,84.37142585618619,84.37142585618619,25100
2016-11-14,84.26476287841797,86.31077781492684,83.97385740574492,84.06113200676023,46000
2016-11-15,83.66354370117188,84.84654818526873,83.39203593066412,83.66354370117188,19300
2016-11-16,84.0223617553711,84.36174661271178,82.8878434902458,83.3920713642898,34200
2016-11-17,87.00894165039062,87.2610518256764,84.34233538061514,84.63323344395255,18300
2016-11-18,86.67923736572266,88.5410113691246,86.30106475247014,87.00893067355156,28100
2016-11-21,83.50838470458984,86.6695187818006,83.2465684024829,86.09741428124862,41100
2016-11-22,84.50719451904297,85.04051143617963,83.78963694793175,83.79932837327334,34300
2016-11-23,83.52778625488281,85.38956008587616,83.45990931514967,85.38956008587616,19800
2016-11-24,84.20655822753906,84.2938328087403,83.67324151276271,83.94474927999893,19100
2016-11-25,84.09021759033203,84.6720211135389,83.44053711271823,83.44053711271823,19300
2016-11-28,83.8699951171875,85.65508625888185,83.18118514784094,84.01552001813765,12600
2016-11-29,82.7834243774414,84.39387970490267,82.67670661096882,83.86999450632017,30700
2016-11-30,84.06401824951172,84.31626088009565,82.87072312171712,82.87072312171712,34400
2016-12-01,84.6266860961914,85.22817790112354,83.67593024076542,84.40354702546773,26900
2016-12-02,83.21028900146484,84.62672348158428,82.7349145645969,84.36477717841953,15800
2016-12-05,82.25950622558594,83.22966196726989,82.21099547782138,83.19085484939842,14600
2016-12-06,80.50354766845703,82.4341560247498,80.0960765255331,81.49310352595148,43800
2016-12-07,80.3580322265625,81.31848470129846,80.06698243339224,80.38713572553878,51600
2016-12-08,80.47442626953125,80.79457948229859,79.31994582006101,79.6594988934346,30600
2016-12-09,80.36770629882812,80.69756313358407,80.03785686577386,80.47442403345197,70000
2016-12-12,81.63862609863281,81.63862609863281,80.35802051833555,80.4453310025432,44900
2016-12-13,81.06624603271484,82.90954420958981,80.90132126259182,82.08491295727062,35400
2016-12-14,80.61998748779297,81.19238355679038,80.44535905677573,80.96924434982743,47100
2016-12-15,81.5998306274414,82.16252294505202,80.18340360158633,80.40653536090193,30800
2016-12-16,84.22895050048828,84.47148952028947,81.9781886928014,81.9781886928014,33500
2016-12-19,83.67594909667969,84.06401294964245,82.6475861777754,83.86028109222003,34800
2016-12-20,83.51103210449219,83.9184958571006,83.10356835188378,83.9184958571006,15900
2016-12-21,83.86026000976562,83.91846698248098,83.09383612831115,83.09383612831115,11200
2016-12-22,84.25804138183594,85.37372218620062,83.47221744389408,83.47221744389408,15400
2016-12-23,83.53042602539062,84.90804570145748,83.1908729223745,83.96700064501351,11700
2016-12-28,83.62068939208984,84.03806514740897,83.35861228237312,83.95070364237003,5800
2016-12-29,83.7565689086914,85.3193006925971,83.28095714131987,83.62067983229954,10400
2016-12-30,83.04800415039062,84.2516037796715,82.85387900006779,83.75657501932855,10800
2017-01-03,83.28099822998047,83.70807522132095,82.15505114962168,82.15505114962168,19700
2017-01-04,83.62068939208984,84.27101681851263,82.3394440929195,82.99947999887999,40100
2017-01-05,82.50446319580078,83.44598590184057,82.27151149087791,83.44598590184057,63600
2017-01-06,82.79564666748047,83.46538365005775,82.22296485903888,82.24238181818613,37100
2017-01-09,82.68888854980469,82.9994932961714,81.8735464622163,82.28121380330985,10500
2017-01-10,83.01891326904297,83.708067405091,82.03856390687787,82.66948195986338,27600
2017-01-11,83.81483459472656,84.71753086720784,82.9412563624218,83.23245157499068,15200
2017-01-12,83.03829193115234,83.73714682175323,82.80533289555325,83.72744574931905,41800
2017-01-13,82.76657104492188,82.98011329166917,82.2036047826117,82.79569650117298,68400
2017-01-16,82.950927734375,83.22270586163908,82.47531601166285,82.50443403881278,14300
2017-01-17,81.45616149902344,82.9412405073525,81.43675194441673,82.9412405073525,36800
2017-01-18,80.50495910644531,81.39794696259193,80.17493734762444,81.39794696259193,33900
2017-01-19,80.42727661132812,81.04848597125064,79.38869151845144,80.50492963266836,97200
2017-01-20,81.40766906738281,82.21329552599587,80.24289534213604,80.24289534213604,26400
2017-01-23,80.86408996582031,81.37852845131773,80.24288039026844,81.37852845131773,22900
2017-01-24,81.04853057861328,81.26207280212812,80.41761239242955,80.57291852058717,26100
2017-01-25,82.31033325195312,82.31033325195312,81.04849739619931,81.04849739619931,30800
2017-01-26,83.59156799316406,83.8827557189693,82.02883609352325,82.02883609352325,23200
2017-01-27,83.85669708251953,84.3811058143996,83.40998017960702,83.66247491920126,22000
2017-01-30,82.98269653320312,83.72075421474523,82.8176069256127,83.72075421474523,28500
2017-01-31,82.69136047363281,83.40027813386091,82.22521684585277,82.59424937883328,40900
2017-02-01,83.5362319946289,84.73071990196202,82.73990919277395,82.73990919277395,15700
2017-02-02,82.71076965332031,83.35171613730158,82.28347940643351,83.32258355332074,32300
2017-02-03,81.69111633300781,82.6816615268666,81.38035633012045,82.54570448867231,23200
2017-02-06,80.55486297607422,81.80761584903883,80.33150824432478,81.69108552259567,53000
2017-02-07,80.02075958251953,80.409211346382,79.5740426472631,80.37036542908562,64600
2017-02-08,79.63227081298828,80.35090142626545,79.00103791618774,79.86533879935699,26700
2017-02-09,79.63227081298828,79.97216317000466,79.4866005430962,79.62255748590276,221000
2017-02-10,80.7005615234375,81.30266225405093,79.4478082122419,79.63232450579012,45800
2017-02-13,80.41889953613281,81.08897849581246,80.31207513939839,81.06955924599687,10800
2017-02-14,82.25432586669922,82.32230435449254,80.55485626276659,80.59370217137699,55800
2017-02-15,83.15750122070312,84.13834037252437,82.15724281250513,82.15724281250513,36200
2017-02-16,83.58477783203125,84.41994641814162,83.4779534261962,83.50708600795117,59500
2017-02-17,86.37191772460938,87.06141604735814,83.51680594128575,83.51680594128575,70300
2017-02-21,86.33306884765625,87.38188629237696,85.64357054856221,86.10000077408515,25800
2017-02-22,86.36221313476562,86.43990497285183,84.5850512363263,86.3039479607517,25100
2017-02-23,86.08058166503906,86.90603703023037,85.65328398508544,86.43990084219107,18700
2017-02-24,84.54838562011719,85.74345344530477,84.13059852495223,85.74345344530477,28100
2017-02-27,85.22847747802734,85.267342241829,83.7419354729192,84.97586021966453,40400
2017-02-28,83.81964874267578,85.41307423961247,83.81964874267578,85.41307423961247,40400
2017-03-01,86.53038024902344,86.9481670324733,84.51917582932134,84.51917582932134,50000
2017-03-02,85.840576171875,86.99677874098055,85.83085812827792,86.5206983824587,23500
2017-03-03,85.9377670288086,86.37499020449135,85.0438994082589,86.22924914593044,44100
2017-03-06,87.90040588378906,88.37648646880484,86.48187476426324,86.48187476426324,35000
2017-03-07,87.92951202392578,89.05656789083456,87.54087181420911,88.17241122841176,30500
2017-03-08,85.64622497558594,88.40555522033259,85.51020207127827,88.40555522033259,31800
2017-03-09,89.26061248779297,89.620098607204,85.61712400600257,85.9766101254136,45800
2017-03-10,88.8719482421875,90.11559078887622,87.94892696169295,89.96984980640926,30700
2017-03-13,87.9683837890625,89.32862092500743,87.7837780068947,89.32862092500743,13500
2017-03-14,86.61787414550781,87.69634740993011,86.37497489519102,87.52145965319416,23500
2017-03-15,86.84134674072266,87.43402156891042,86.03492677569629,86.61788355726031,17500
2017-03-16,85.9085922241211,87.36598750804727,85.28677082932825,87.36598750804727,23900
2017-03-17,84.82042694091797,86.36526271984025,84.52894485564714,85.68514773780478,28300
2017-03-20,84.41236114501953,85.03418275320875,84.31520290862089,84.95646061170882,22300
2017-03-21,84.00426483154297,84.52892803299541,83.81965905343121,84.28602881450979,35800
2017-03-22,80.64254760742188,82.44000049926487,79.4377694536612,81.07976327394977,193100
2017-03-23,83.89742279052734,84.51924445037493,81.17695488186888,81.17695488186888,57700
2017-03-24,81.41981506347656,83.51846030353538,81.20606258076694,83.03266190199362,140500
2017-03-27,81.09920501708984,81.55585680574025,80.15675471501511,80.61340650366552,60900
2017-03-28,80.3024673461914,81.12832304434345,80.26360258934145,81.12832304434345,59200
2017-03-29,81.6274642944336,82.22044753031781,80.45122092622775,80.45122092622775,64300
2017-03-30,81.59830474853516,83.27032261478142,81.39416406717558,81.69551353729373,34700
2017-03-31,82.44406127929688,82.62876324101656,80.85953590122416,81.32614865104722,30900
2017-04-03,83.40644836425781,83.43561027040491,82.62876292306458,82.62876292306458,26300
2017-04-04,82.93009948730469,83.63973789721074,82.77456687342197,83.59112978355915,17200
2017-04-05,81.6663818359375,83.06620522802383,81.56917301123897,82.87178757862677,109300
2017-04-06,81.17060852050781,81.82191581489006,80.85953582643286,81.46224241594723,41800
2017-04-07,81.12196350097656,81.45248225990954,80.92754593681929,81.45248225990954,82100
2017-04-10,81.9774169921875,81.9774169921875,80.92754436638029,81.58857445486396,17000
2017-04-11,81.17060852050781,81.88996273495151,81.00535277415257,81.55945124224102,22200
2017-04-12,81.59830474853516,81.65662853847927,81.2289009680753,81.64690543463685,12500
2017-04-13,80.9469985961914,81.73440692401984,80.42206959971372,81.73440692401984,41700
2017-04-17,81.16087341308594,81.53999297116863,80.87896266692448,80.95673268308425,6500
2017-04-18,81.57884979248047,81.65661978176949,81.20945346818918,81.57884979248047,13100
2017-04-19,82.56069946289062,82.61902326350015,81.38445584574052,81.66636657628077,23400
2017-04-20,82.63846588134766,82.89120728403658,81.83161873073647,82.56069587287897,46900
2017-04-21,83.4161148071289,83.84384228891444,82.98839474189701,82.9981104271713,40100
2017-04-24,84.81596374511719,85.83667458488972,83.38697153605777,83.60083532470004,87000
2017-04-25,86.19635009765625,87.44064044595002,85.05899164647104,85.44783423445172,95000
2017-04-26,84.85711669921875,86.55912190522027,84.61397309836138,86.55912190522027,24100
2017-04-27,84.79877471923828,85.10027044579674,83.51497665046217,85.10027044579674,14800
2017-04-28,85.83939361572266,85.85884183318952,84.92517157159595,85.01270710057592,14600
2017-05-01,85.78105163574219,86.19925888809973,84.56533374169736,84.56533374169736,45500
2017-05-02,86.53966522216797,87.20101604865452,85.35312337875212,86.06309846856449,77700
2017-05-03,86.5591049194336,86.80224847257807,86.19924978952491,86.5591049194336,47300
2017-05-04,86.14092254638672,87.02596889667223,86.03393875854661,86.03393875854661,76800
2017-05-05,86.73416900634766,86.74389682616453,85.05161234534349,86.5202014912908,23800
2017-05-08,85.77135467529297,86.79255353327906,85.5768353069943,86.53968948472357,59900
2017-05-09,84.67231750488281,86.07282689318707,84.643141462652,85.77133122993114,11400
2017-05-10,84.36109924316406,84.5264425262961,83.90398809950901,84.30274715509019,55000
2017-05-11,84.02069091796875,84.67231390056256,83.70946744716628,84.37081825014064,104700
2017-05-12,87.29829406738281,88.7377002523903,84.31249048263264,84.31249048263264,105500
2017-05-15,87.67757415771484,87.78455792375199,86.88006353280804,87.34689503901285,101600
2017-05-16,86.73416900634766,87.81372698129637,86.5591053504059,87.6872950042866,58400
2017-05-17,85.22667694091797,87.53168053287183,84.95435734426232,86.18953076928936,44400
2017-05-18,85.03218841552734,87.18157715958637,84.85712470957819,85.22670034651327,66700
2017-05-19,86.96763610839844,87.45392350433467,84.76962242127955,85.24618199165316,200300
2017-05-23,88.21250915527344,88.34866899933763,86.80227901882786,87.11350257956816,42500
2017-05-24,87.23019409179688,88.75713549413486,87.10375467991231,88.40700814148317,51500
2017-05-25,87.22044372558594,87.61919523960724,87.14263601840815,87.2787957958936,28400
2017-05-26,87.30799865722656,87.81374148912492,87.14266279378633,87.27882261310812,159400
2017-05-29,95.9028549194336,98.03381567038662,92.43883363460773,92.43883363460773,89500
2017-05-30,96.80779266357422,97.01213026801368,93.6746012147502,95.26066190551425,55300
2017-05-31,97.30402374267578,97.9073113624152,96.44775100627507,97.08995370264864,55600
2017-06-01,97.45000457763672,97.88786981975349,96.97321682586585,97.30404702236125,47300
2017-06-02,97.38188934326172,97.77110700530804,96.99267168121538,97.77110700530804,44200
2017-06-05,97.69326782226562,97.79057038766062,96.73968486449093,97.3818951587757,15500
2017-06-06,97.33322143554688,98.2770717280552,96.58398366009143,97.1094263205716,28700
2017-06-07,98.17002868652344,98.17002868652344,97.33321349077171,97.33321349077171,12600
2017-06-08,98.94852447509766,98.94852447509766,97.98520870738224,98.20901136493467,18300
2017-06-09,99.36690521240234,99.67827789638575,98.9193074431581,99.27932770118588,29900
2017-06-12,97.4305419921875,100.22317088251745,97.30404940050238,100.22317088251745,37100
2017-06-13,96.33100891113281,98.199244878022,95.98071373937736,98.199244878022,32800
2017-06-14,95.10494232177734,97.0607551047824,94.6865347597157,96.32124251106033,24400
2017-06-15,94.51141357421875,94.72548365498336,93.85947827276964,94.23896344368535,40000
2017-06-16,95.71802520751953,95.83478535117146,93.2075781870337,93.47029593396265,46100
2017-06-19,94.09300994873047,95.71799316648315,93.79136978031913,95.71799316648315,20900
2017-06-20,94.04436492919922,94.32654756240231,93.73299226906302,94.18059000402695,19800
2017-06-21,94.91036987304688,95.00767243688212,93.85948436672275,93.85948436672275,16800
2017-06-22,95.5330810546875,95.5330810546875,93.2658957512466,94.8324909674691,19100
2017-06-23,95.99044799804688,96.32127820876163,95.11471005246379,95.53311776959183,22000
2017-06-26,94.53086853027344,95.99042900961773,94.4919460266459,95.99042900961773,7800
2017-06-27,94.04436492919922,95.41634816102413,93.95678742469008,94.38492761626854,34600
2017-06-28,95.16676330566406,95.22516933402781,93.59947051045945,93.7941622230138,33100
2017-06-29,94.24198913574219,95.24466588624591,94.08623720146754,95.04997411164882,27800
2017-06-30,93.5994873046875,94.52428424577288,93.45346478056506,94.31985568280707,25600
2017-07-04,95.3711929321289,95.3711929321289,93.81363693268825,93.82336631951927,9800
2017-07-05,94.251708984375,96.26679893943877,94.03754361466548,95.94555088487448,31100
2017-07-06,92.78177642822266,93.94021251358417,92.73310719919142,93.94021251358417,24400
2017-07-07,93.19062042236328,93.25876326955115,91.57465086474639,92.59680099957764,54200
2017-07-10,92.4897232055664,93.49239976442642,92.38264052190041,92.76229460871122,12900
2017-07-11,91.89588165283203,92.95696399234193,91.34100216500323,92.95696399234193,20700
2017-07-12,93.62870788574219,95.41016667474754,92.3339859837646,92.3339859837646,22600
2017-07-13,92.47024536132812,93.46319248697534,92.35343329502612,93.46319248697534,17800
2017-07-14,92.48001861572266,92.80126677866119,91.87646213629418,92.67471042094924,38200
2017-07-17,91.88619232177734,92.79152326205983,91.74016976489001,92.57735783556052,14500
2017-07-18,92.37287902832031,92.59678115080733,91.74985672271954,92.59678115080733,12400
2017-07-19,92.48001861572266,94.16413169629614,92.34373286666079,92.87914647155833,14700
2017-07-20,92.97644805908203,93.41450812555871,92.44103470937698,92.48971135099116,12200
2017-07-21,93.25874328613281,93.45343497151879,92.4118188579792,92.81093904112396,75400
2017-07-24,94.78711700439453,94.9136658851833,92.73308733312848,92.73308733312848,26700
2017-07-25,94.51456451416016,94.91369232377112,94.16412079074198,94.4756320992368,37900
2017-07-26,95.10836029052734,95.38093911584284,94.19330022865857,94.42693179477256,8900
2017-07-27,94.16663360595703,95.80279007716254,93.66994125837152,95.44244348298697,19900
2017-07-28,93.25113677978516,93.6504402531593,93.2024386970815,93.64069915056173,5500
2017-07-31,92.37458801269531,93.53353357966859,92.13111255276186,93.26084225338813,31600
2017-08-01,93.70886993408203,94.55616008421215,92.1311457109852,92.38436236092805,27000
2017-08-02,94.57564544677734,94.59512022190748,93.51408816021964,93.51408816021964,28500
2017-08-03,92.2869873046875,94.47826755747842,92.14090046844441,94.46852645365284,59900
2017-08-04,92.42330169677734,92.52069041115361,92.13112812336591,92.13112812336591,7800
2017-08-08,91.93635559082031,92.65704103192502,91.6733978746893,92.37460854399465,33600
2017-08-09,91.74159240722656,92.22854355042901,90.79691343085304,91.83898858009488,19800
2017-08-10,91.54678344726562,91.81947480485914,91.09878944117884,91.09878944117884,19300
2017-08-11,91.96559143066406,92.37462859980548,87.66094519095385,90.57291089072433,54100
2017-08-14,89.7743148803711,92.13115667804486,89.5990121680483,92.09219969416368,49700
2017-08-15,90.97221374511719,91.21568931030984,89.59900799089407,89.59900799089407,40700
2017-08-16,91.7805404663086,91.93636838351861,90.76768129529569,90.76768129529569,19900
2017-08-17,90.76769256591797,91.94612090286293,90.57291507550399,91.56629216507122,40000
2017-08-18,90.76769256591797,91.05012512821772,90.46578522669081,90.5923898524314,44400
2017-08-21,89.45291900634766,91.62472426476438,89.37500504409853,90.76768554059285,22500
2017-08-22,90.13463592529297,90.36837033221262,89.59898683622414,89.60872793701162,20600
2017-08-23,90.26129150390625,90.52424193144884,89.24843192803614,89.24843192803614,24000
2017-08-24,91.01113891601562,91.28383771741743,89.4528972022754,90.00802104499168,27300
2017-08-25,90.19306182861328,91.29356837727967,90.08593201773716,91.29356837727967,10900
2017-08-28,90.4754867553711,90.62157352442418,89.25810939706491,90.16383844885598,10200
2017-08-29,90.41997528076172,90.53689290116152,89.66971919248157,89.66971919248157,44700
2017-08-30,90.79022216796875,91.00458103939442,90.38099565000567,90.6148383125954,47200
2017-08-31,91.05331420898438,91.64767032515178,90.72203765045217,91.10203484816893,12500
2017-09-01,91.89126586914062,92.41741759199984,90.86819926946417,90.86819926946417,19300
2017-09-05,91.88150024414062,92.37841497253822,91.57944572840327,91.57944572840327,81500
2017-09-06,92.6414794921875,92.66096328018575,91.77430596866697,92.21276181899604,27900
2017-09-07,91.17021179199219,93.13840162172524,89.37740580322335,93.13840162172524,90600
2017-09-08,90.66358184814453,91.02408782869655,90.34204345976616,90.81947451801743,42800
2017-09-11,90.83894348144531,91.45278326301865,90.30304629884016,90.31279191135778,27800
2017-09-12,90.56611633300781,91.29688114720763,90.19586483662059,90.62458257307618,17600
2017-09-13,89.8548355102539,90.88764731905846,89.56252663461467,90.64405906726694,53600
2017-09-14,89.65998077392578,90.36151628751472,88.67588936588177,89.40665428691604,42800
2017-09-15,88.78307342529297,90.32254595590362,88.48101885398296,90.32254595590362,132900
2017-09-18,89.27021026611328,89.8743042719646,88.64662504049254,89.27994844227572,78200
2017-09-19,89.40664672851562,89.64048940203458,89.15331282919743,89.25074665701995,25500
2017-09-20,89.72818756103516,89.88408764980836,89.14357709558635,89.63075372241458,19600
2017-09-21,90.6246109008789,91.09229636527228,89.54307804309539,89.72820013229315,27400
2017-09-22,90.01073455810547,91.07278327734763,89.61125366215636,90.7220155750038,17900
2017-09-25,90.69277954101562,91.10200601925446,89.56252648638626,90.57585450420873,15600
2017-09-26,89.63074493408203,92.47586180542527,89.46510668129542,92.03739842403616,23100
2017-09-27,90.31278991699219,90.60509138254757,88.81228527255746,89.6989427152501,19400
2017-09-28,89.92578125,90.44242682495738,89.32139933820017,90.07200351995505,16000
2017-09-29,89.37014770507812,89.97452965157842,89.1946824584925,89.69183523001412,40400
2017-10-02,89.71131896972656,90.16947859143617,89.1166872186362,89.49686064150731,103600
2017-10-03,90.73487854003906,91.09555173898623,89.92578836119002,89.92578836119002,34300
2017-10-04,89.35066223144531,91.14430051123433,89.23368291169508,91.14430051123433,37700
2017-10-05,88.56109619140625,89.43842280719566,88.15167958309694,89.1947213826529,73500
2017-10-06,88.29788970947266,88.70730626114025,87.97620208865831,88.21990347948562,36900
2017-10-10,89.37014770507812,89.94527924616914,88.17113394721396,88.45382836877826,20400
2017-10-11,89.85757446289062,90.66666484140458,89.19470640197903,89.19470640197903,15800
2017-10-12,89.92578125,90.24746875646638,89.52610754126779,89.75031601348867,11900
2017-10-13,90.52043151855469,90.647153545243,89.85756353823294,89.8673136748013,13300
2017-10-16,91.30030822753906,91.69997470944502,90.41323144353092,90.41323144353092,21900
2017-10-17,91.49524688720703,91.73894826769988,91.29053862005415,91.29053862005415,9500
2017-10-18,91.88514709472656,92.85020223237083,91.3782441880631,91.3782441880631,14300
2017-10-19,91.81692504882812,92.22634154101567,91.44649422879402,91.44649422879402,8700
2017-10-20,91.44648742675781,92.47003601826754,90.71538341487219,92.0118763142046,10700
2017-10-23,91.88514709472656,92.03136937307849,90.94933492531788,90.94933492531788,14000
2017-10-24,92.46029663085938,92.59676880063559,91.66095644909493,91.66095644909493,10000
2017-10-25,92.6650161743164,93.52284984561472,91.87542603339533,92.18736352191026,12500
2017-10-26,93.864013671875,94.23443704970205,92.4310485315091,92.4310485315091,38600
2017-10-27,93.18165588378906,94.10772558807547,93.00619803026049,94.06873247489938,9200
2017-10-30,92.277587890625,93.56490964415497,91.68268846871514,93.13579991280461,47700
2017-10-31,93.72093963623047,93.8184625405554,92.02401729131047,92.02401729131047,31800
2017-11-01,91.76068115234375,93.64290189333704,91.5558808570671,93.41859999682805,25700
2017-11-02,91.76068115234375,92.297068192725,91.47786701161839,91.6729127860192,20800
2017-11-03,91.12683868408203,91.43891659297857,90.90252919931689,91.43891659297857,18100
2017-11-06,90.35635375976562,91.18530963195192,90.00526534134211,90.90248799263738,49500
2017-11-07,89.89801025390625,90.21984262420075,89.58593240891476,90.21984262420075,46700
2017-11-08,92.35560607910156,93.31134849627,88.13280511077754,89.24458270268529,127300
2017-11-09,91.2243423461914,91.45839886824166,89.79073219765354,91.45839886824166,44100
2017-11-10,90.69768524169922,90.94149622353174,89.78095356904231,90.93174170091265,16500
2017-11-13,90.86346435546875,91.62415333982867,90.45386373935492,90.46361826083948,16500
2017-11-14,90.75618743896484,90.96098774814615,90.67817358821948,90.67817358821948,12400
2017-11-15,90.69768524169922,90.93174170091265,90.4538742598667,90.67818363698171,26300
2017-11-16,91.35112762451172,92.27761413152581,90.87326002267602,90.87326002267602,18800
2017-11-17,91.33161926269531,92.02404174004039,90.9902852866129,90.9902852866129,10700
2017-11-20,91.61443328857422,92.06304468246375,91.08780058082858,91.1853235028877,16100
2017-11-21,92.51164245605469,92.69694118905127,91.61441980037188,91.61441980037188,17300
2017-11-22,92.94075012207031,93.09678528283519,91.8582287573438,92.0630290911406,35100
2017-11-23,92.76521301269531,92.78471461908757,91.9265025679232,92.76521301269531,6800
2017-11-24,93.44786834716797,94.08177835770068,92.6286670588638,92.88222511066061,14500
2017-11-27,94.19884490966797,94.59869865067373,92.41415346621096,93.61369980818091,75600
2017-11-28,94.2085952758789,94.91077234286438,93.92577354386957,93.92577354386957,17300
2017-11-29,94.41737365722656,95.17841694646103,94.00758627034747,94.14418206597384,12000
2017-11-30,96.3199691772461,96.46632393991364,94.01734373927484,94.44664905805632,32200
2017-12-01,95.58821105957031,97.18833973000002,95.37355838164946,95.62723949591165,38400
2017-12-04,96.08583068847656,98.78848523133497,94.7003470160054,95.617496816502,173000
2017-12-05,96.52487182617188,97.03222661407435,95.91019069861275,96.08581494133152,26700
2017-12-06,98.55430603027344,99.51047667474076,96.59316989062269,96.77855310377811,34200
2017-12-07,98.43721008300781,98.80796902534068,98.10547957311718,98.55429538033457,22000
2017-12-08,98.97383117675781,99.31532061934524,98.43719959275501,98.43719959275501,19300
2017-12-11,98.83724212646484,99.32508634733799,98.30061050593956,99.03237683724927,37200
2017-12-12,99.15923309326172,99.86173010005695,98.55431090489856,98.55431090489856,16600
2017-12-13,99.33484649658203,100.00807396188975,98.99335700110447,99.15922226406319,17200
2017-12-14,97.16883087158203,99.76416630150166,96.84685926852134,98.82750607350539,36200
2017-12-15,96.62244415283203,98.2518423837041,96.15411777749699,97.44202647553863,63300
2017-12-18,96.98341369628906,97.2956336390397,95.37352659239238,96.1540801712243,25500
2017-12-19,97.81275177001953,98.24205700273247,96.83706347306173,96.9834182063876,20300
2017-12-20,98.47621154785156,98.7494030562218,96.9346223861506,97.812743265848,41600
2017-12-21,97.52005767822266,98.90554093570812,97.41273135312353,98.68112931670663,15700
2017-12-22,98.54457092285156,98.56408142394935,97.80304533458144,97.80304533458144,16700
2017-12-27,98.53479766845703,99.20802523943311,98.10549971129468,98.30063446964903,11600
2017-12-28,97.69924926757812,98.8315451121412,96.98669019915395,98.38253355393277,13500
2017-12-29,98.4801254272461,98.7924815603972,97.41616490866052,97.84564993726978,11800
2018-01-02,97.65043640136719,99.49529109457463,97.13309722087045,99.03651636555809,18300
2018-01-03,98.09944152832031,98.83152691286001,97.61138460529384,97.85541306680707,14600
2018-01-04,97.43569946289062,98.09945728268971,97.13310650510948,98.09945728268971,19400
2018-01-05,98.58753204345703,98.93893374354316,97.6797455594279,98.21661133654843,14600
2018-01-08,99.50503540039062,99.75881960665929,98.55820389663464,98.55820389663464,41900
2018-01-09,99.8173828125,100.46161394173922,99.20242645373068,99.20242645373068,33400
2018-01-10,100.72518920898438,100.73494498539957,98.84128920595246,99.5831303600149,30400
2018-01-11,102.60910034179688,102.92145650558732,100.3445162925266,100.72520013442251,26200
2018-01-12,104.17084503173828,104.38559121620715,102.3747921274898,102.39431856998104,22700
2018-01-15,102.56025695800781,104.20012812474245,102.15029102811312,104.20012812474245,59200
2018-01-16,101.515869140625,102.49198326697716,101.03757530391718,102.44317458179565,30500
2018-01-17,100.24687957763672,101.74033987717692,99.61241159513126,101.70129443335003,21100
2018-01-18,100.29572296142578,100.53975148444628,100.03217543331382,100.05169443840528,16100
2018-01-19,101.07661437988281,103.04836151385274,99.67100774360529,99.67100774360529,20200
2018-01-22,100.0711898803711,101.05706696644039,99.80764241431498,100.78375627655768,17000
2018-01-23,98.56800842285156,100.07121763410628,97.89448728801938,100.07121763410628,38200
2018-01-24,100.53974914550781,100.66664129354905,97.86519868062804,97.86519868062804,14300
2018-01-25,100.08092498779297,101.07656501797703,100.00283411343428,100.93014649034342,8800
2018-01-26,101.1937255859375,101.50608173407646,99.86621009455737,100.38354926674148,9500
2018-01-29,102.31624603271484,102.92143925676498,100.58852792036681,101.0277761421219,11800
2018-01-30,101.4315414428711,102.04674882545743,100.8749231109255,101.57801406947294,14000
2018-01-31,104.263427734375,104.3806132554911,101.79282407054687,101.79282407054687,30600
2018-02-01,103.98026275634766,104.23415359297157,102.77913514352798,104.23415359297157,31800
2018-02-02,101.15809631347656,103.55058408058329,99.6249542538599,103.55058408058329,45900
2018-02-05,99.43940734863281,101.7830656524514,99.09762555334943,101.09949461160028,27900
2018-02-06,99.07807159423828,99.6932787058247,96.62699556822645,98.51168618658436,55700
2018-02-07,98.76561737060547,100.05462849948697,98.76561737060547,99.75190850302012,33200
2018-02-08,97.7500228881836,99.74213217114493,97.74025556490324,99.24410298783341,29600
2018-02-09,98.62890625,99.84956103032178,95.68956745290521,97.98439694985305,49100
2018-02-12,98.47265625,99.55659826219708,98.43360185431688,99.43942017457707,18100
2018-02-13,97.26174926757812,98.6288838004129,97.22268742946468,98.6288838004129,15000
2018-02-14,98.53126525878906,99.06834894592951,96.91999929679517,96.91999929679517,60300
2018-02-15,101.70494079589844,104.17554446649126,98.6581842910959,98.6581842910959,73700
2018-02-16,102.77912902832031,103.44316550437692,101.49011792189103,102.0369688608958,28800
2018-02-20,102.04674530029297,102.76937088428197,101.07022142182127,102.6326581373188,11600
2018-02-21,102.59355926513672,104.19505725187375,102.37872289735535,102.49590840258607,24200
2018-02-22,103.19902038574219,105.56220584797968,102.29085308658027,103.49198046300123,45800
2018-02-23,102.16392517089844,103.51152536620474,101.46082682542193,103.51152536620474,18700
2018-02-26,101.6561279296875,103.98025938393161,101.56824436223397,102.47641181068116,21400
2018-02-27,103.44783782958984,105.26494088570146,101.75774132850479,102.01173953168522,41200
2018-02-28,103.35993194580078,105.58734699180364,103.06684788040572,103.64323710132865,48000
2018-03-01,105.5091552734375,105.79246778849132,102.74442284179989,103.35989768442663,36700
2018-03-02,105.70451354980469,106.24183154127171,104.60057812139335,104.75689152015944,16200
2018-03-05,106.31027221679688,106.97458960104127,105.76318994274983,105.85111068532012,15200
2018-03-06,105.40169525146484,107.34579711053138,104.04375389548868,105.8315497653342,32900
2018-03-07,106.48609161376953,109.4071300215341,104.88391615273623,105.03045813646969,42500
2018-03-08,106.73033905029297,106.97457323576275,105.50916812294408,106.65218232211804,14300
2018-03-09,107.32625579833984,107.61933976060416,106.24185557277058,106.984329477988,18300
2018-03-12,107.19927978515625,107.66820528153818,106.95504558187173,107.66820528153818,20700
2018-03-13,106.82805633544922,107.94176388660719,105.8901977372866,107.05275511839122,23000
2018-03-14,106.15397644042969,108.0785360413097,105.74365724183612,107.20906272033942,61100
2018-03-15,106.75963592529297,106.96479172739198,105.50915820577416,106.42748104192366,21700
2018-03-16,105.70451354980469,107.95147020975195,105.70451354980469,106.95499837963402,47600
2018-03-19,104.38567352294922,106.19300473020544,103.90697667910437,105.89992822422143,27700
2018-03-20,103.67251586914062,105.0988424271542,103.232889922017,104.581067215741,41400
2018-03-21,104.02421569824219,107.90264786055704,103.87767371297583,104.5322194666059,75700
2018-03-22,102.57836151123047,105.45055801864447,101.68934546715047,104.2196155935476,25500
2018-03-23,102.01171112060547,105.45053189519128,101.66978482429461,102.78349187709811,32200
2018-03-26,99.73545837402344,102.08987926290287,98.1821326882463,102.08987926290287,135200
2018-03-27,98.69991302490234,102.50019616915891,97.76205469285955,100.42909514760271,147900
2018-03-28,100.92244720458984,101.68478871141433,97.81443436060137,98.80156505190813,42700
2018-03-29,101.82160186767578,102.62303863301872,101.3036010562164,101.3036010562164,41900
2018-04-02,105.89722442626953,106.2686269451896,101.27430401880746,102.17347572107406,75900
2018-04-03,105.14464569091797,107.02117965415398,103.85452765910783,106.04381728288317,28200
2018-04-04,104.84162902832031,105.55510664118651,103.84472296875988,104.39204335779847,19700
2018-04-05,105.70172882080078,106.7084107451551,105.13485692624015,105.13485692624015,10900
2018-04-06,104.96870422363281,105.78968491160543,103.60039562032979,105.42806566143359,5900
2018-04-09,104.77323150634766,105.62353935871455,104.33342147110957,105.10553855291076,14100
2018-04-10,104.35297393798828,105.16418647116912,103.55153711609523,104.88075049728607,25700
2018-04-11,105.18376159667969,105.43787049396222,103.68839061334917,104.20639903477417,29900
2018-04-12,106.16108703613281,106.58135308906077,105.1250780122395,105.1250780122395,15100
2018-04-13,106.38589477539062,107.01140610913346,105.88743786807943,106.16110560118979,13700
2018-04-16,107.63689422607422,107.79327575412076,106.4836065551168,106.4836065551168,14900
2018-04-17,107.50984191894531,107.89101258012339,106.81591565227029,107.62712806726233,7800
2018-04-18,107.57828521728516,107.96923169096243,106.63024244203999,107.57828521728516,10600
2018-04-19,107.01140594482422,107.98876833438213,103.60041329313843,107.32416161121542,17100
2018-04-20,107.2362060546875,107.81284630402803,106.51295995081993,106.9234503781488,12900
2018-04-23,107.50984191894531,107.7835021416699,106.131757638777,107.26550136912952,24700
2018-04-24,106.45433807373047,108.48725417581875,106.44456981604152,107.50989152558614,27400
2018-04-25,106.51292419433594,107.0016052409197,106.11220215693037,106.4542773982028,3300
2018-04-26,105.86790466308594,107.05051238168154,105.24239326575741,106.58138256202717,27000
2018-04-27,107.43622589111328,107.53400782227784,106.20425412335119,106.20425412335119,4900
2018-04-30,106.33135986328125,107.79799930967134,104.62028050915949,107.79799930967134,31300
2018-05-01,106.07713317871094,107.42644615339816,105.59803308030709,106.39001594130109,30700
2018-05-02,105.87178802490234,106.72244139953857,105.5980165828711,105.99890152278279,6200
2018-05-03,105.02114868164062,106.28245183853703,104.87448326859997,106.09668261108413,13900
2018-05-04,104.67890930175781,105.49045131908053,104.16069806120836,105.04068293181665,22600
2018-05-07,104.13140869140625,104.96250294958254,103.64252883839495,104.67895173967024,14900
2018-05-08,102.43984985351562,104.62025661476974,101.94119792662498,104.3660370800705,88800
2018-05-09,103.57403564453125,104.3562460132633,102.42027945349248,102.61582831582004,10300
2018-05-10,103.58382415771484,104.86468647250912,103.58382415771484,103.6522670113364,63900
2018-05-11,102.54743194580078,103.65230515187689,102.17588595509757,103.65230515187689,32100
2018-05-14,102.26386260986328,104.3758267122918,102.26386260986328,102.6745272695886,26900
2018-05-15,107.17220306396484,108.32595939657722,103.30027692902294,104.19981374164632,87300
2018-05-16,109.44061279296875,109.97838346087069,107.06465709065075,108.04241651613614,43500
2018-05-17,108.88329315185547,110.67259473902372,108.88329315185547,109.42106383424351,15100
2018-05-18,109.86109161376953,110.40863471410738,108.77577764008895,108.77577764008895,9400
2018-05-22,110.37928771972656,110.95616979974116,109.29397389740846,110.0272936443956,15600
2018-05-23,111.15170288085938,111.81657965493474,110.39883133037013,110.57482088319789,18100
2018-05-24,112.35433959960938,112.93121408222457,110.73125536633708,111.5525697062731,34600
2018-05-25,112.60856628417969,112.68678883899786,111.27881269112464,112.16857746782603,20800
2018-05-28,111.86547088623047,112.60856275457124,111.02459709757518,112.60856275457124,4900
2018-05-29,111.22994232177734,111.94370270455298,111.22016263634205,111.94370270455298,41200
2018-05-30,110.52958679199219,111.75225921225758,109.80576680872313,111.29253318822177,37100
2018-05-31,111.23381805419922,111.69354395736272,110.705622812007,110.76430868471782,26000
2018-06-01,111.70330047607422,112.84772703249469,110.67626056979555,111.40008023649628,34300
2018-06-04,113.46399688720703,113.95306583930706,111.5566309590569,111.90876120157692,30400
2018-06-05,113.71829986572266,114.73556404772381,113.47376542185505,114.09977300114822,30300
2018-06-06,113.42486572265625,114.178036056386,112.51519721136427,113.46399213269673,58500
2018-06-07,113.0824966430664,113.9432551062632,112.49561553349596,113.9432551062632,16700
2018-06-08,113.19010162353516,113.35638325001074,112.36846203298727,113.06293893997247,5800
2018-06-11,112.29023742675781,113.48355943359958,111.7522585798454,113.2683753574348,13000
2018-06-12,113.94328308105469,114.1976010272601,111.80116613207068,112.515202627532,68000
2018-06-13,113.5617904663086,113.93348758470043,113.29769655925011,113.93348758470043,68400
2018-06-14,113.78677368164062,114.37365487745886,112.98470097274921,113.74764727357284,17500
2018-06-15,114.5399398803711,116.08539946276277,113.78677702508374,113.78677702508374,34200
2018-06-18,116.05606079101562,116.5744726726693,114.57907050476852,114.57907050476852,8600
2018-06-19,117.43521118164062,118.04165924892902,115.17571545751204,115.4006904145605,38400
2018-06-20,117.96343994140625,120.09578105521673,117.4743709470699,117.65043608353501,51000
2018-06-21,116.55487823486328,118.54049633881023,116.03645904612364,117.91448888128797,33500
2018-06-22,116.19300079345703,117.43523262962343,115.54742620431554,116.5549144991212,32600
2018-06-25,115.51808166503906,116.39840724597394,114.80404519460282,115.73327319177868,62200
2018-06-26,115.42024993896484,116.40817111695306,113.80632122272233,115.71369423740839,40200
2018-06-27,115.15616607666016,118.59920783713055,114.92140763240599,115.60610856758191,72300
2018-06-28,117.02900695800781,118.14450025403958,114.90565633884108,115.02307943619813,34900
2018-06-29,114.69041442871094,117.42044056775819,114.24030363571474,117.30301743964982,57300
2018-07-03,115.14051055908203,115.95267029461121,113.26178554093879,114.71975373534676,71200
2018-07-04,116.52019500732422,118.21300182992304,114.72953186540744,115.04265267721347,14900
2018-07-05,117.29322052001953,118.34999865594294,116.0505168595712,116.6082635715881,53600
2018-07-06,117.1464614868164,118.36959108392168,115.84504980380267,117.15624861390262,103700
2018-07-09,118.75121307373047,118.83927482589722,116.2364587904031,117.34216531593457,36000
2018-07-10,118.1053695678711,119.42635526634601,117.0877324965173,118.79032649770795,40200
2018-07-11,118.11517333984375,118.84905106891978,117.17581074247326,118.09560655184012,23900
2018-07-12,119.3187255859375,120.79626057519587,117.90967808135184,118.398929857623,27300
2018-07-13,119.59271240234375,120.65927775380015,119.41658145393745,119.41658145393745,21200
2018-07-16,119.37744140625,120.4244399789843,118.96647167834836,119.60250052318099,17100
2018-07-17,120.14065551757812,120.8256124296054,118.5163436303836,119.22085986175902,12800
2018-07-18,120.06236267089844,120.3559166733302,119.37741328574215,120.33634989034934,28800
2018-07-19,119.86669158935547,120.20916635796132,119.5242168207496,119.5242168207496,81500
2018-07-20,119.59271240234375,120.6984187940449,119.59271240234375,119.95475396017495,22800
2018-07-23,117.71399688720703,119.59272218021832,117.4791506265376,119.59272218021832,32900
2018-07-24,117.26384735107422,118.29127893770688,116.69632103593463,117.90966319761787,41600
2018-07-25,117.29322052001953,118.54570384066169,116.68654564547559,117.57698743881961,31900
2018-07-26,116.59849548339844,117.8216250140716,116.35386957726381,117.28344503441933,32000
2018-07-27,116.27558135986328,117.10730790375362,115.66890645712253,116.76483314631523,30100
2018-07-30,115.17338562011719,116.88640124617494,114.39028977522861,116.47527182012293,26100
2018-07-31,115.33000946044922,115.99563874098024,114.7720560538391,115.1929687969419,20700
2018-08-01,116.48505401611328,119.0105300888198,115.11464012229273,115.50618801597787,51100
2018-08-02,118.10017395019531,118.48193105898466,116.25990125330895,116.26969200352654,35900
2018-08-03,117.4638900756836,118.33507999629266,117.28769394184394,118.10015430722414,18300
2018-08-07,115.51598358154297,117.60096556019359,114.97760427176793,117.60096556019359,20500
2018-08-08,116.54378509521484,117.66948250357605,115.26147300824482,115.51598026265853,29400
2018-08-09,117.6107406616211,117.9827070191433,116.50461740293598,116.58292846814724,26800
2018-08-10,114.5077133178711,115.44742349735193,111.48301440965379,114.752429743824,86700
2018-08-13,121.56536102294922,122.92598405461408,115.37892870583319,115.38871198796437,97600
2018-08-14,121.90797424316406,123.73845637733069,121.90797424316406,122.08417042435741,58600
2018-08-15,122.5344467163086,122.82810950485892,121.3108642109405,121.47726963931338,44800
2018-08-16,123.29796600341797,123.90486563922084,122.42677582172907,122.42677582172907,47400
2018-08-17,121.14444732666016,123.56224732353537,120.79205500098539,123.02386808482275,37200
2018-08-20,121.1346664428711,122.86725596176281,121.0367813373563,121.24234229938381,20700
2018-08-21,122.00584411621094,122.22119580724048,121.12486332025104,121.12486332025104,28300
2018-08-22,121.34022521972656,122.3582467286878,121.17381979653267,121.62409724831568,32900
2018-08-23,121.44791412353516,122.10375260411178,121.0661569501753,121.40875858419625,22500
2018-08-24,122.113525390625,123.10218207605317,121.37937593937876,121.57514613911599,46800
2018-08-27,126.78268432617188,127.24275238077114,122.52461273532491,122.52461273532491,80600
2018-08-28,126.05838012695312,128.2118826444903,125.44168968004979,126.82189452011346,49800
2018-08-29,125.88218688964844,127.9573782495316,125.52979449492192,125.84302388117248,60900
2018-08-30,127.49195861816406,127.95218425245643,125.73919552053391,126.08190688258067,44700
2018-08-31,127.39403533935547,127.73674666871598,126.20919574799831,127.28632264923209,28300
2018-09-04,126.59107971191406,128.00113127106215,124.93622794989774,127.207981004396,46500
2018-09-05,127.0807113647461,128.47117506596007,126.48339812522114,126.51277296147464,58200
2018-09-06,126.8849105834961,127.68784790739639,125.23005793931029,127.07096122748288,47900
2018-09-07,126.75757598876953,129.05870448829012,126.19943914635935,126.56173876233478,62600
2018-09-10,126.55197143554688,127.78575959757602,125.82735715163615,126.7575953251726,74200
2018-09-11,129.23492431640625,129.2447258874386,126.07210974674548,126.56171017294643,56500
2018-09-12,125.9252700805664,130.23374903446043,123.94727963343696,129.23495970789082,76300
2018-09-13,124.63272094726562,126.22882360008317,124.51522159073753,126.22882360008317,37000
2018-09-14,125.29856872558594,125.33773766509164,124.11373632070598,124.47604340810021,44200
2018-09-17,125.95465850830078,126.97302120932939,124.85795044549212,125.3475435878833,47000
2018-09-18,126.1994400024414,126.95341407640097,125.58253854063564,126.34631418790815,60000
2018-09-19,125.73918151855469,127.44298139147025,125.23978700602844,126.23856856037152,86300
2018-09-20,125.53355407714844,126.26795476200861,125.09291665451637,126.25816813178841,56400
2018-09-21,126.84566497802734,129.46993088991505,124.91664567863587,125.4747898354566,484900
2018-09-24,126.2581558227539,127.1883936112696,125.80771687239519,126.31690548118793,94000
2018-09-25,126.17007446289062,126.4246613836012,124.84814693058549,126.15048625624402,55900
2018-09-26,125.2202377319336,126.12110844867732,124.92648187555538,126.12110844867732,30200
2018-09-27,124.50908660888672,125.37107743348967,124.36215440144873,125.37107743348967,29200
2018-09-28,123.40220642089844,124.6462164520579,123.01038970753218,124.30337963034326,44900
2018-10-01,122.79489135742188,124.14665118497415,121.60965120588241,123.85279425200136,81200
2018-10-02,123.8528060913086,124.53847980707211,122.93203783875501,123.0104026843517,36300
2018-10-03,123.21607971191406,124.42090720620386,122.50101371967914,123.86257087325168,36800
2018-10-04,123.39241790771484,123.509957698962,122.29533252528392,123.09855348303144,36700
2018-10-05,127.37914276123047,127.71219711335304,123.82342920837861,123.82342920837861,54400
2018-10-09,124.29360961914062,127.39874411988538,123.45120611492892,127.39874411988538,41000
2018-10-10,119.5036392211914,124.40132935320744,119.39588944042448,124.04869506583972,73900
2018-10-11,120.18932342529297,121.26682132776648,118.0343425669114,118.72001625641026,128400
2018-10-12,123.34343719482422,124.31318530588105,121.21784128665816,121.54109065701043,50700
2018-10-15,123.04955291748047,124.05847575243463,122.19735225943828,123.33361980349453,34000
2018-10-16,123.42179107666016,123.6568781100015,122.3932731617085,123.62749316499408,24500
2018-10-17,122.64794921875,124.35234320642476,121.96227562407672,123.9311415773307,43700
2018-10-18,120.66929626464844,122.66755480817764,120.22849965272272,122.66755480817764,39800
2018-10-19,121.7271957397461,122.75571372849093,121.21783921874801,121.35497395414298,79300
2018-10-22,120.3460693359375,122.39330068008621,119.94445506845356,122.19739602046909,56000
2018-10-23,119.023681640625,119.94444241160487,117.69150917060844,119.49385576340559,53200
2018-10-24,114.32188415527344,120.48317934542266,114.08679711736235,119.52322877458894,86600
2018-10-25,117.15274810791016,117.58374723702876,114.61574817108352,114.61574817108352,72200
2018-10-26,116.8980712890625,117.04500349623312,114.79207038831936,116.64339676813474,44400
2018-10-29,115.52669525146484,119.01384757072941,114.16513825160455,117.44658852124425,56100
2018-10-30,117.12787628173828,117.51983921752111,115.11907838446695,115.5110338441786,48400
2018-10-31,117.89220428466797,119.0092938338002,117.3238658564942,118.30376949440468,59600
2018-11-01,118.28414916992188,118.81329795070708,116.8730857544947,118.06856920633491,50800
2018-11-02,116.216552734375,121.89999598223666,116.19695795399274,121.89999598223666,62700
2018-11-05,113.45321655273438,116.12835617364844,112.42432244935956,116.12835617364844,81100
2018-11-06,114.46253967285156,115.07988373928598,113.33565648861169,113.6590190019992,54700
2018-11-07,114.93289184570312,115.77560952295818,114.63891778114588,114.88389367625325,33300
2018-11-08,114.88389587402344,115.13867290310897,114.4331411155313,114.94269517370236,29600
2018-11-09,112.65953063964844,115.43265993086179,112.3263594909726,114.55074509739282,107100
2018-11-12,107.82860565185547,112.93390310779958,107.1622708268837,112.63013534861624,108600
2018-11-13,104.71251678466797,107.87760175474588,100.52832352716432,107.87760175474588,232200
2018-11-14,109.5238265991211,117.5884368491644,106.95648384593342,106.95648384593342,213000
2018-11-15,112.63988494873047,113.19842954855956,107.01524192005706,109.55319543582023,121600
2018-11-16,107.42684173583984,112.57133624685814,107.38764469005582,111.66982662204175,61100
2018-11-19,104.046142578125,107.7403750806316,102.98784511932311,106.91725981894318,110300
2018-11-20,102.99765014648438,104.25192534097013,101.17502916822544,102.96825423974954,62200
2018-11-21,105.28085327148438,106.54492990980894,103.19365365831213,103.19365365831213,163600
2018-11-22,104.19315338134766,106.56451834003666,103.39942636791407,105.23184882293991,20700
2018-11-23,103.78160095214844,106.20195672954381,103.49742799161265,103.77179982217915,33600
2018-11-26,104.9770736694336,105.5454195716836,104.09516637926734,104.26174820287017,56200
2018-11-27,107.42684173583984,107.83840697853607,104.84969765313473,104.84969765313473,37900
2018-11-28,112.56153106689453,113.08087878722891,107.49542369010881,107.49542369010881,172500
2018-11-29,112.0762939453125,113.61534532704155,110.89994422411095,112.25274602954265,31400
2018-11-30,112.61544036865234,113.10558418420376,111.62535524611928,111.74298497529092,23500
2018-12-03,116.43856048583984,118.82065966434342,111.9194340299997,113.6839547100027,83100
2018-12-04,114.88970947265625,117.64432285210201,113.16440859527525,115.88960706288961,103000
2018-12-05,114.44857788085938,115.47788285768374,113.28203323765855,115.01714648670523,42200
2018-12-06,112.69386291503906,114.23291416585863,110.95875713352949,112.48800341411426,45700
2018-12-07,111.55673217773438,114.1642933118096,111.10579329897615,112.70366687792158,39400
2018-12-10,109.62555694580078,112.63503938215968,108.20413553120106,111.2724403054402,40800
2018-12-11,110.07650756835938,112.91934341579876,109.51774387426624,110.4882266105329,53600
2018-12-12,111.70376586914062,112.73307081162967,110.49801634348267,110.9293452685639,25100
2018-12-13,111.33128356933594,112.79191027651899,110.58626275777182,112.13511925478593,54300
2018-12-14,107.6551742553711,110.54701942381351,104.89076377103285,110.54701942381351,60200
2018-12-17,105.90045928955078,108.36098305191429,105.43972295981337,107.04739388974804,32800
2018-12-18,106.4494400024414,108.67469731670379,105.55738206567234,105.55738206567234,54900
2018-12-19,106.12593841552734,107.57675988547714,105.8710615436169,106.80233177855762,27900
2018-12-20,103.80265808105469,106.1259424910333,102.7341481384366,106.106332549902,56200
2018-12-21,101.78327941894531,105.02802949542668,101.70485460356763,103.52819042658788,70900
2018-12-24,102.39099884033203,103.8516322073033,101.13623237450287,101.32248934267997,14700
2018-12-27,106.94937133789062,107.26306305804115,104.68490946677277,104.69471443649637,40100
2018-12-28,109.288330078125,110.01404013753813,107.32694587705076,107.35636544293295,33800
2018-12-31,110.7691650390625,111.54391266329802,109.55310898123975,109.9748068657708,52500
2019-01-02,107.7780532836914,110.44553674526001,107.45442312502618,109.98461030390402,29600
2019-01-03,105.04196166992188,107.19948191821199,104.98312252125059,106.7189447458553,25900
2019-01-04,106.75813293457031,107.20925036185831,104.68887219243399,106.42469376008754,29800
2019-01-07,107.94478607177734,108.47436073759707,105.20865403941919,107.19945793298433,28600
2019-01-08,109.13140869140625,111.07318221698323,108.4841558376049,108.50376638622886,38100
2019-01-09,109.59233856201172,110.06307404661098,107.97419515394051,109.3962031413126,26000
2019-01-10,112.70112609863281,113.14244200062785,108.1212961220873,109.01372945925839,57900
2019-01-11,113.50529479980469,114.28985142591932,112.73054718909027,113.04436834311883,26000
2019-01-14,115.27054595947266,116.40814486163667,113.15224751242103,113.15224751242103,23800
2019-01-15,117.83015441894531,119.03640148236589,115.55494910208009,115.56475063573689,63500
2019-01-16,116.29045867919922,118.27145321896415,115.72165552582922,118.27145321896415,43000
2019-01-17,116.27085876464844,116.84947102311186,115.69225398827234,115.98645714365284,28600
2019-01-18,117.54576873779297,118.1047629974896,116.12376802795933,116.94754589189634,36000
2019-01-21,117.06523895263672,118.09496134678865,116.60431238864518,117.751720548738,12800
2019-01-22,116.77102661132812,117.40847807408402,115.39805595664346,116.84948378750168,20900
2019-01-23,116.85926818847656,118.32049724698042,115.48629782301002,117.09463218532933,30600
2019-01-24,117.02598571777344,117.80073334568701,114.81942857518848,116.79061423546197,49900
2019-01-25,116.3885269165039,117.47709563560598,115.01555661941167,117.47709563560598,26400
2019-01-28,116.26103210449219,116.41793892370104,115.59416128816171,116.10411780319762,18200
2019-01-29,115.55496215820312,116.70237022097726,115.3097891115204,116.43758662267845,20100
2019-01-30,116.81562042236328,117.2276666708503,115.47155624807506,116.48206131214391,20600
2019-01-31,116.35449981689453,117.1589741471543,116.18772028762046,116.81560232660641,21000
2019-02-01,119.88633728027344,120.25914738409288,116.1877194375284,116.1877194375284,29800
2019-02-04,119.70977020263672,123.12388603302423,118.85624685874922,121.61304223052112,29800
2019-02-05,120.39654541015625,121.65230999313901,117.49258794077177,120.03354791962794,32300
2019-02-06,120.36710357666016,121.40703212330106,119.69016500236549,120.19051123053748,26200
2019-02-07,118.4539794921875,120.38668189673818,118.2675819274712,120.38668189673818,18000
2019-02-08,117.45333099365234,120.72028558172747,116.68810000580336,118.11064402322043,36600
2019-02-11,116.22698974609375,120.66140857004031,116.01115384367694,118.37552852112977,33300
2019-02-12,120.48481750488281,120.68103536593442,116.98240914828168,116.98240914828168,17800
2019-02-13,121.10289764404297,122.0349081828449,120.39652829529166,120.57312063247949,20500
2019-02-14,121.70133972167969,122.47637590812285,121.07345756750696,121.28928597648546,21500
2019-02-15,120.57310485839844,122.38807684569423,119.99427158475227,121.78962553045874,17100
2019-02-19,121.083251953125,121.96621349204044,118.8660465703368,120.20029041420956,18100
2019-02-20,121.80926513671875,122.62354494333907,121.09308303432924,121.09308303432924,23200
2019-02-21,121.97602081298828,122.92765667997622,121.01457218352101,122.02506965549554,17000
2019-02-22,121.68170166015625,122.88841699509479,120.90665806860142,122.11337340353994,28700
2019-02-25,121.34814453125,122.18204974309484,120.22972907349198,122.18204974309484,36700
2019-02-26,121.49528503417969,122.63332589122346,120.85759772750069,121.25001838239724,30200
2019-02-27,122.50125122070312,122.67790770730825,121.53945312970511,121.53945312970511,15700
2019-02-28,119.59626770019531,122.0890842760254,119.29202881279754,122.0792679445286,15500
2019-03-01,119.82196044921875,120.98985650741857,119.5471631385047,120.6856176973659,16400
2019-03-04,122.02037048339844,122.02037048339844,118.98776834931618,120.09678155946793,49400
2019-03-05,124.77816009521484,124.8861172592459,122.20682830559448,122.25590246657795,44000
2019-03-06,124.16967010498047,124.85667089365691,122.13812421465879,124.85667089365691,29800
2019-03-07,121.9516830444336,124.0715538558801,121.69651084450322,124.06174501225473,22600
2019-03-08,122.41294860839844,122.67792964185153,120.29307039010727,121.44133401451502,35500
2019-03-11,124.60151672363281,125.30814278530114,123.18826460029614,123.39437010800481,40900
2019-03-12,125.2787094116211,125.82831165507082,124.19914507519056,124.64078264856356,24300
2019-03-13,126.98633575439453,127.58500445121722,125.57308407826699,125.57308407826699,36900
2019-03-14,127.11393737792969,127.5850163220264,126.60359311954929,127.49669182788257,17500
2019-03-15,128.5664825439453,128.87072144246142,126.56438513011814,127.58505901307551,47800
2019-03-18,126.92748260498047,129.8521199707499,126.79008393612773,129.29271645303933,34200
2019-03-19,126.6036148071289,127.19247481962053,125.62219143653101,127.19247481962053,104500
2019-03-20,126.88822937011719,127.29061657269973,125.87736442971054,126.40734147099808,38100
2019-03-21,138.50830078125,139.8135958091096,130.54895574468296,130.54895574468296,150400
2019-03-22,139.05784606933594,139.1167290612458,137.34035558709834,138.96952158147113,67400
2019-03-25,135.897705078125,139.1462142718971,134.30780389575517,138.13534932565784,76800
2019-03-26,137.97830200195312,139.6663513230693,136.58468267411655,136.94780451314023,88500
2019-03-27,135.5247039794922,138.7535941667982,134.97510947322576,138.55729757856548,74700
2019-03-28,137.0415496826172,138.41599935123176,135.539483565932,135.951813972452,89500
2019-03-29,134.99945068359375,137.4439957145338,134.66566171782236,137.4439957145338,95500
2019-04-01,138.74978637695312,139.4860938731287,135.43148913385323,136.0794433257392,66300
2019-04-02,140.4384002685547,140.95872308659622,137.90550042854446,139.16213081704655,75000
2019-04-03,145.61215209960938,146.7804138719613,140.98813524320093,140.98813524320093,175300
2019-04-04,145.37657165527344,147.9487346967409,142.90257397052878,146.42702935548323,150300
2019-04-05,145.5041961669922,146.51539067239364,144.5028137027308,146.26012780059665,32300
2019-04-08,146.053955078125,146.053955078125,144.31626524096774,144.89549019328217,61700
2019-04-09,146.888427734375,147.6640133302,145.4452638851343,145.45509090547003,42200
2019-04-10,147.0160675048828,150.26563561516807,146.27975998816387,147.70328485777753,60200
2019-04-11,147.97816467285156,149.34278727224688,146.53500081116272,147.2713082924238,29100
2019-04-12,146.55462646484375,148.14504568520624,144.6991323810166,148.14504568520624,82800
2019-04-15,146.21102905273438,146.58409631717743,145.73979644200574,146.515382072799,66000
2019-04-16,146.2502899169922,147.42837879489934,146.14229756267162,146.65280823584274,104300
2019-04-17,144.91517639160156,148.4887225702826,144.27704903049448,146.6724908806412,52000
2019-04-18,144.8365936279297,146.17176516839655,144.56170669138191,144.895495831445,40100
2019-04-22,144.09043884277344,144.8071071106246,143.4130337075917,144.8071071106246,24500
2019-04-23,143.42286682128906,145.37654126837148,143.21670912911128,144.16900127354822,44200
2019-04-24,144.57150268554688,144.96420896575233,142.52947496911705,143.88428542045338,22000
2019-04-25,145.92633056640625,146.87862281185414,144.73841452469202,144.73841452469202,105300
2019-04-26,143.96279907226562,145.66121034037945,143.4424764584492,145.66121034037945,37900
2019-04-29,144.8516082763672,145.90240340708297,143.84991838270798,144.59628202241325,185400
2019-04-30,144.5471649169922,145.34261874362704,143.62404048145578,145.01854218744,101200
2019-05-01,145.70594787597656,146.55050680452692,144.50785230327,144.73373334315517,129500
2019-05-02,146.5701904296875,146.727321198363,144.8614270361749,145.60779069497607,43700
2019-05-03,149.06454467773438,150.25282524850698,146.07913565827067,146.45231740500796,61400
2019-05-06,149.18238830566406,149.771606033398,147.5030855642801,147.86645223043357,24800
2019-05-07,148.28872680664062,149.15293080436177,147.95483525654313,148.13159608254395,44100
2019-05-08,148.73065185546875,149.0449133205637,147.14955944813696,147.73879220278425,33900
2019-05-09,150.51795959472656,150.84203606688857,148.00392815774666,148.43601513581996,34500
2019-05-10,150.1742706298828,151.03847474320682,148.91725463858205,150.2528360024407,30000
2019-05-13,147.5227508544922,148.96635771160425,146.52106109990555,148.51461057214362,43100
2019-05-14,150.4983367919922,150.77330808457273,147.83698930010218,147.83698930010218,39000
2019-05-15,160.42681884765625,164.40410278184615,156.34150939972938,158.17794313325754,167100
2019-05-16,164.38442993164062,164.43353515410325,160.94727414659602,162.0176990661555,91700
2019-05-17,165.7593231201172,167.06544440712037,163.3042112990165,163.87379903968946,53500
2019-05-21,165.68077087402344,168.87241620573047,164.82638178017044,167.07527257462246,68400
2019-05-22,163.6085968017578,165.582500576037,163.0291792393746,165.582500576037,38000
2019-05-23,163.91307067871094,164.35498775955736,160.68213549612568,163.00959142892376,52500
2019-05-24,163.74609375,165.55305190591926,162.42032777478894,163.93266960457143,37900
2019-05-27,162.98013305664062,164.57104055886518,162.901567688223,164.15858361328148,31000
2019-05-28,160.7803497314453,163.34348684238338,158.42344858831672,162.64622855435445,80300
2019-05-29,158.79660034179688,160.49553321331058,157.87347606953062,160.49553321331058,56000
2019-05-30,161.31626892089844,162.6522220481744,159.19445836775716,159.19445836775716,41000
2019-05-31,162.05296325683594,162.08243159073405,159.14529607072384,160.9134710495096,31800
2019-06-03,160.11785888671875,162.08249519207726,157.70134963597417,161.6404550211687,66500
2019-06-04,163.7720489501953,163.81133507283366,160.56969784629786,160.62863452474653,72300
2019-06-05,165.7465057373047,166.97440319133048,164.06675041402764,164.06675041402764,30500
2019-06-06,166.78773498535156,168.20227503525177,164.37124155758895,165.79559938959278,44900
2019-06-07,166.78773498535156,168.98813228397194,166.45375052606408,166.78773498535156,48300
2019-06-10,165.08834838867188,167.47538874519523,164.73471333544552,167.47538874519523,42600
2019-06-11,166.630615234375,167.85851279404827,164.83297140833528,165.67776552894983,64400
2019-06-12,164.98033142089844,166.51274534712138,160.7170742181529,166.51274534712138,46400
2019-06-13,163.75242614746094,166.04122914534997,162.35753622816512,165.27502221769433,52500
2019-06-14,166.44395446777344,166.88599454381605,163.49700064217967,163.8408029284429,32000
2019-06-17,167.4950408935547,175.26518006155555,166.66989735066528,166.66989735066528,51600
2019-06-18,167.1708984375,168.21216828509455,166.5029292787644,168.21216828509455,25400
2019-06-19,167.58349609375,168.2121791616162,164.91158930807197,167.17090924669364,42400
2019-06-20,167.09228515625,170.42234232479552,165.67774494501262,168.08442086516806,57500
2019-06-21,165.34381103515625,167.01374902196414,163.26128620302,166.99409846052313,43800
2019-06-24,163.73275756835938,166.31625871308742,163.06478852093736,165.55986965375573,26700
2019-06-25,161.59127807617188,163.5067947880934,160.87419027919205,163.5067947880934,34100
2019-06-26,161.59127807617188,161.95473086564465,160.16692026417795,161.95473086564465,29500
2019-06-27,164.06248474121094,164.44569291301124,161.53722999885093,161.85166490549813,33700
2019-06-28,162.58865356445312,163.90531639609438,159.670369307509,163.90531639609438,101700
2019-07-02,167.89462280273438,168.33679891273144,161.70433717981447,161.70433717981447,48200
2019-07-03,167.28541564941406,168.66103127866535,164.76016018125563,167.86513830794954,14400
2019-07-04,168.7003173828125,169.17195481322065,166.87270547276188,167.10853168450774,15000
2019-07-05,168.36627197265625,168.36627197265625,166.6369094262976,168.0813133744102,12100
2019-07-08,166.43060302734375,168.39577717103907,165.32027483836748,167.28544898206277,30000
2019-07-09,167.3738250732422,168.0911242029478,164.53414993702054,166.1849034899598,15600
2019-07-10,168.2679443359375,168.91645504821392,167.14779628431492,167.2657018708813,34900
2019-07-11,167.98301696777344,168.64134821111907,167.09868000436606,168.08126663498618,15600
2019-07-12,171.74636840820312,172.67000255093168,167.59002975901177,167.67845898720822,23200
2019-07-15,173.4265594482422,174.84148675141586,170.40019049269486,171.30416849348165,65200
2019-07-16,167.76690673828125,173.31851719047432,167.57037734737133,171.93306594723182,50800
2019-07-17,165.9392547607422,168.26798055516403,165.69360807380033,167.5310404943385,29700
2019-07-18,163.02098083496094,165.6150094071059,162.25456432453754,165.41849504421768,36500
2019-07-19,165.1531219482422,166.86282766142978,163.77749200874507,164.04279453165384,25000
2019-07-22,167.00045776367188,167.3836660128248,164.82893435641552,165.33004822282027,28000
2019-07-23,166.3126220703125,167.26573238380732,165.07456820627547,166.84322729281655,15900
2019-07-24,167.7079315185547,168.07149888121157,164.6324445953941,165.7624135777851,19400
2019-07-25,167.03973388671875,167.7373770193197,165.6346421454102,167.7373770193197,34900
2019-07-26,167.03973388671875,168.5627462237142,166.85304002054036,167.11834261948243,26100
2019-07-29,167.62933349609375,170.03666843635224,166.05718843673623,168.68069369748352,44700
2019-07-30,167.29025268554688,168.46966508655095,166.07151803951868,167.05436420652913,23700
2019-07-31,167.01498413085938,167.53590621627927,166.95601578078393,167.0837905373055,28900
2019-08-01,169.45248413085938,171.86045385520492,166.64154394324916,166.8675943263079,31200
2019-08-02,171.12327575683594,171.21172827588697,168.6268541268335,168.8430663966129,19700
2019-08-06,173.71803283691406,174.4355062273946,170.7694947972493,172.44033002031802,52600
2019-08-07,173.73773193359375,174.2684622980479,171.6049574183456,172.7254015184539,41400
2019-08-08,177.8951416015625,177.9934322089986,173.57062482111445,173.90478889113137,42500
2019-08-09,175.49696350097656,179.09418313518873,173.52144861843632,177.8852868636067,45000
2019-08-12,173.37400817871094,176.2635774811958,172.6958571153244,175.16279488864464,27400
2019-08-13,174.39620971679688,175.55596088518286,171.76217444082047,173.54113843173127,37900
2019-08-14,169.8751220703125,171.29042290170813,164.50879058115285,166.5924195845732,90900
2019-08-15,168.4401397705078,171.14296606979306,166.59238462867137,170.71051146238122,38300
2019-08-16,172.30271911621094,173.28556505492372,169.9733790405141,169.9733790405141,26000
2019-08-19,170.33706665039062,173.4526871973397,169.60977008557037,173.4526871973397,32600
2019-08-20,168.66619873046875,169.65886776840824,168.55808507310587,169.54093105020854,13100
2019-08-21,169.24607849121094,169.63922589010988,168.50894398994518,169.39351438968797,20200
2019-08-22,168.4204864501953,169.32470294526516,167.2803815227875,169.32470294526516,13800
2019-08-23,170.57293701171875,171.3690399221892,168.0666765549128,168.07649961659536,23300
2019-08-26,172.0078887939453,172.55829520180225,169.92425988241678,170.3370534405286,35900
2019-08-27,171.4083251953125,174.02269898368658,171.07416117644814,171.08399923391045,23700
2019-08-28,171.96861267089844,172.0570652357069,171.03491171592887,171.56564210182356,5600
2019-08-29,172.22909545898438,173.12371904141102,171.55075483057075,172.52402812362925,23500
2019-08-30,175.1095428466797,176.5546991951965,171.91447194025346,172.53382894701673,36100
2019-09-03,176.94801330566406,179.86781884752662,174.19533281153986,174.20515840226497,56900
2019-09-04,178.36361694335938,178.7961828369896,177.17407573677417,178.7961828369896,21200
2019-09-05,181.24411010742188,183.3970990546538,178.36362258870432,178.5110964212357,32600
2019-09-06,181.8831024169922,182.46314210594065,179.92674541815842,180.6542289249018,32700
2019-09-09,181.873291015625,183.8788061107534,181.38174158044765,182.37466603918253,38400
2019-09-10,176.59405517578125,182.43366487554326,176.31878869169603,181.5292007125223,39200
2019-09-11,176.04354858398438,177.1052823240208,175.97472445220208,176.43678219133858,20100
2019-09-12,170.74461364746094,177.05612193026198,170.7347880585603,175.99437329392813,62400
2019-09-13,172.60269165039062,174.63769869762694,170.10561189086823,170.685636677196,50800
2019-09-16,170.9805450439453,172.68130180298684,169.7516715184447,172.47485945120536,23200
2019-09-17,177.5279998779297,178.64873201578675,170.3218831929485,170.3218831929485,58900
2019-09-18,177.6951141357422,180.18235298415405,177.10524883534742,178.6683873811242,37900
2019-09-19,176.6333465576172,178.74701782213384,176.02383014689605,177.8229026182043,42700
2019-09-20,177.98023986816406,178.6192632313014,176.61373283126184,176.95782348840507,32900
2019-09-23,177.33135986328125,179.0812744632546,175.30617880943998,177.94087629671787,21200
2019-09-24,175.2078857421875,176.95780056997424,173.9593459490255,176.95780056997424,19800
2019-09-25,175.3061981201172,176.0533478627893,173.79221745617585,174.92277515903342,30100
2019-09-26,175.1095428466797,176.63334889453915,174.52951819003587,175.48312516833326,24500
2019-09-27,174.21961975097656,175.7634820406336,174.19012053566863,175.16363965489302,16200
2019-09-30,172.64630126953125,175.52750179990608,172.19395488691896,174.2491472452433,45800
2019-10-01,171.0040740966797,174.54413006034198,170.62056928434026,172.65610521461798,35800
2019-10-02,169.45046997070312,172.9905124184811,168.39828080952336,170.52231528100654,27000
2019-10-03,172.7741241455078,173.27564089048235,167.88688667923716,169.9125797931236,32500
2019-10-04,171.9972686767578,174.44579369178,171.62359192551926,172.82327675400174,15300
2019-10-07,168.78176879882812,171.69248407848013,168.19175428122398,171.69248407848013,22700
2019-10-08,166.6773681640625,169.4602428372169,165.2613456443963,169.0964091359404,32100
2019-10-09,169.36192321777344,169.41109359008107,165.65471421989704,166.75605853707083,14700
2019-10-10,172.59710693359375,173.6197814324973,169.9617286017435,169.98139974730537,24500
2019-10-11,174.50479125976562,175.3111281176425,172.22341867711552,173.3346057544138,32100
2019-10-15,177.28770446777344,177.55321247955266,175.0358454181102,175.0358454181102,28300
2019-10-16,177.00253295898438,177.71054429119556,176.45186081275136,177.22869866089636,32200
2019-10-17,181.64393615722656,182.7649516129658,176.02901580135347,177.00253514634707,54200
2019-10-18,180.3655548095703,184.6726206619505,180.01154919150224,181.80124842859325,32200
2019-10-21,180.07054138183594,180.75889645203645,178.55619323770856,180.75889645203645,20200
2019-10-22,181.40789794921875,182.71575160288307,180.04104586082627,180.33605303915533,17800
2019-10-23,182.7846221923828,183.16812708381582,179.5395727238854,179.5395727238854,35000
2019-10-24,181.36856079101562,183.43358091756525,181.36856079101562,183.0009207515412,21900
2019-10-25,171.59408569335938,182.31256412734467,170.06989453869863,182.23390955579356,78900
2019-10-28,173.1183319091797,173.73783063647573,171.5941402697421,172.66598545310893,56200
2019-10-29,172.05630493164062,174.63267045520033,171.10245670252138,172.4791371338835,33700
2019-10-30,177.74642944335938,178.01199073706843,171.94317825598333,172.34645800968303,37900
2019-10-31,180.65789794921875,181.32675407854293,175.71038874676833,176.84152329277185,48300
2019-11-01,182.14308166503906,185.0840517280081,179.65457430735307,181.05129982826892,56000
2019-11-04,182.989013671875,186.22506742555018,180.74640593776843,181.9759064502633,49300
2019-11-05,188.32994079589844,188.32994079589844,182.51685972475124,183.343080331505,75000
2019-11-06,187.7102508544922,190.45450370454049,184.09060947129623,187.4348440104902,82800
2019-11-07,190.8971405029297,190.97583032485494,186.14634944010356,187.80863628297087,106700
2019-11-08,190.7299346923828,193.6610593366147,189.5004343372546,190.82828571566353,118900
2019-11-11,189.83485412597656,192.00861734952272,188.91026746098996,189.99223377289965,65700
2019-11-12,190.46438598632812,191.80208316670462,187.60210514317265,190.06110620941246,81100
2019-11-13,186.47097778320312,188.14309557044567,176.55628330414996,177.03825293463277,121300
2019-11-14,189.04798889160156,190.1102790966067,184.9267009229443,184.9267009229443,51900
2019-11-15,191.2512969970703,191.98899742366348,188.17262241401764,189.1168855638205,36000
2019-11-18,191.1233673095703,192.70696435494656,189.09715314151543,191.17255032510107,186600
2019-11-19,191.73318481445312,194.56595826754227,190.110250445274,191.15286428327255,25600
2019-11-20,194.3988037109375,194.59552081073605,190.77916104727558,190.77916104727558,43000
2019-11-21,192.15614318847656,194.3299063192638,191.91024312885824,194.3299063192638,42200
2019-11-22,193.14956665039062,193.93644981282995,191.7823629714646,192.2053188623018,27900
2019-11-25,195.34303283691406,196.56268764873073,193.07090345236358,193.07090345236358,39700
2019-11-26,194.69381713867188,195.92331733277933,194.46759330534934,194.6151273252233,47700
2019-11-27,197.09381103515625,201.5790255038347,194.90037180351874,195.24463787371772,89100
2019-11-28,197.14891052246094,197.96548798252618,195.41738200005432,197.1390776658318,15300
2019-11-29,197.49322509765625,198.76235395817812,196.1453733483044,197.24726861203638,22600
2019-12-02,197.26699829101562,200.63168230393956,197.21781898753807,198.1426030632795,42600
2019-12-03,195.7715606689453,200.3955403277039,194.76805384550573,196.76521962372698,46400
2019-12-04,195.90928649902344,197.18824835676972,193.8137322048486,196.73569677965787,40900
2019-12-05,195.7715606689453,196.8734410949998,194.71885953820083,196.017517193475,40800
2019-12-06,197.28665161132812,200.12990851160885,195.76171811544157,195.76171811544157,32800
2019-12-09,195.86990356445312,196.8635773754485,194.30562391656005,196.83406379809145,97100
2019-12-10,195.68301391601562,196.3520234997604,193.60714015297714,195.4862516897362,32900
2019-12-11,199.39202880859375,199.66749890862008,194.79756284001851,195.47640523365288,38500
2019-12-12,196.17489624023438,199.35266499396204,195.2894588547582,199.01815274852166,28500
2019-12-13,194.94512939453125,196.38152205927395,192.62329927327218,196.38152205927395,58600
2019-12-16,198.19178771972656,198.742727997402,195.07306042417366,195.92898442613395,24800
2019-12-17,202.2353057861328,202.8157596255137,197.74906083770426,198.4672497408704,76200
2019-12-18,200.83827209472656,205.74757004704685,200.83827209472656,202.23530344321944,39000
2019-12-19,199.87413024902344,201.22196731122727,198.8115961736233,200.7300542214307,34700
2019-12-20,201.42855834960938,201.8024020543142,199.69701482973332,200.43488439459102,47000
2019-12-23,199.7167205810547,202.3140211743383,199.14609957795494,201.6351786876852,19700
2019-12-24,199.4609375,200.45459659906786,198.67387350481897,200.45459659906786,12000
2019-12-27,199.2739715576172,199.42153946189515,197.1390708077614,198.32949193425523,31700
2019-12-30,200.23440551757812,201.02164818931215,197.87269251778113,199.6636549559561,33800
2019-12-31,198.77804565429688,201.30706067026438,196.64265953995852,200.19507966934714,110100
2020-01-02,199.76206970214844,199.77190479264695,198.41392654898976,199.76206970214844,40200
2020-01-03,203.84585571289062,204.19027905722118,199.58493442852946,199.58493442852946,24500
2020-01-06,205.3120880126953,206.65039593939517,203.3144687198468,203.3144687198468,30300
2020-01-07,212.32838439941406,215.60527133844434,201.95649330433235,205.31210601247085,98900
2020-01-08,208.14617919921875,212.86962036406018,206.96532266185977,212.55471727921483,44900
2020-01-09,207.92971801757812,210.58664937577979,206.15842544030778,208.61854984890334,83000
2020-01-10,205.8632049560547,208.6480675539091,205.25309891521712,208.15604267828977,40500
2020-01-13,204.6527862548828,207.94935825580217,202.95038473653022,204.77086739603422,57800
2020-01-14,209.32704162597656,211.25577052099956,204.2788621436353,204.4953542667061,49200
2020-01-15,209.6025848388672,211.9347778089047,208.94327334568294,209.3368872171519,45600
2020-01-16,216.048095703125,216.49091502623392,209.57304744276442,209.57304744276442,75800
2020-01-17,219.3052978515625,221.19467131096224,215.88080939486332,216.04809602760437,62500
2020-01-20,220.38771057128906,225.54411982539858,219.44301653905248,219.45285162752288,20100
2020-01-21,217.47494506835938,225.5343130821809,215.52653121278405,219.6988915897573,39500
2020-01-22,213.19430541992188,219.91536490485421,212.7711713676189,216.92386121052235,52600
2020-01-23,211.70843505859375,213.73557487727774,209.68129523990976,213.20419468822107,56800
2020-01-24,213.0073699951172,214.01108971463728,209.2089381708154,211.61000643502416,50000
2020-01-27,213.62734985351562,214.8672621090811,207.62465557799777,208.61854038845283,45300
2020-01-28,211.5706787109375,215.71353442177698,211.53132333097938,213.95207710667233,52400
2020-01-29,212.2988739013672,212.88929467379373,211.0688118562213,211.81668417412388,44800
2020-01-30,208.1068115234375,211.89540860465104,207.46718527017555,211.0097549285125,42200
2020-01-31,204.6724395751953,207.93947576662478,202.32056211597455,207.7525039786504,53100
2020-02-03,213.75527954101562,216.02843197219795,204.70202519796865,204.70202519796865,91700
2020-02-04,219.59072875976562,222.8282613332166,211.4329617111144,214.52287779060114,81500
2020-02-05,221.48989868164062,222.86756219578965,219.25610175510755,221.31276193530366,48600
2020-02-06,221.5194091796875,224.12713465029017,218.281892556822,220.9486586017922,33300
2020-02-07,219.3446502685547,221.27339409515557,217.87842597150816,221.27339409515557,25500
2020-02-10,219.75794982910156,221.07657260509774,217.22893531140036,219.09862342569917,26600
2020-02-11,221.35211181640625,222.40503704419606,218.36059272662737,219.10848000677447,33100
2020-02-12,220.36802673339844,222.59197298895887,217.524124546141,222.13931867010257,37800
2020-02-13,221.2241973876953,222.91676397142444,218.52791098125226,218.52791098125226,26800
2020-02-14,223.79254150390625,227.82715056852186,218.46882996210297,222.09997511717617,79800
2020-02-18,223.11355590820312,224.30426250058593,219.70875278774545,219.9449150758575,31400
2020-02-19,222.85772705078125,223.7532158424643,222.36570222221778,223.7532158424643,36600
2020-02-20,222.2082061767578,223.42843291279422,220.42707905648908,222.91672298924306,14100
2020-02-21,218.7246856689453,222.70023902580252,217.868552396995,221.39145139434163,17800
2020-02-24,215.6544952392578,215.9398780734446,206.6701312933548,206.6701312933548,50500
2020-02-25,210.81295776367188,217.52418375751918,210.45869927989978,216.422037910558,39800
2020-02-26,208.4217071533203,213.43051598647253,206.66024997024144,206.66024997024144,55700
2020-02-27,209.56321716308594,213.233718102344,202.0745988298744,206.65042363272232,66200
2020-02-28,206.65040588378906,206.65040588378906,197.8037950073136,201.7301581246512,120300
2020-03-02,214.04058837890625,214.5719834853554,206.40437012683856,207.4573102354749,72300
2020-03-03,205.587646484375,216.31379643905132,204.4559954183127,216.31379643905132,123100
2020-03-04,207.8607940673828,208.6677219516831,201.74000431693884,206.5716914860105,58300
2020-03-05,203.00946044921875,207.43768419380245,202.2419028680568,205.03660047205193,99200
2020-03-06,202.97007751464844,203.56051331695227,194.41869858014226,196.85913753321282,130200
2020-03-09,198.03012084960938,201.66125078282744,182.5411767783438,182.5411767783438,137400
2020-03-10,200.57884216308594,205.69589734515134,193.94634210986897,201.848259606084,82300
2020-03-11,194.8615264892578,200.47060679606523,192.51948339002317,198.67962912831948,77600
2020-03-12,177.87680053710938,186.84149300615658,168.8727526907859,185.12925630964168,152400
2020-03-13,187.6582489013672,189.10480296206228,169.50253744384474,178.94941926690598,165100
2020-03-16,171.48048400878906,177.0994140320479,164.6511921540639,170.2701071619169,131000
2020-03-17,169.05970764160156,175.25922251443018,163.84424227190752,170.2405640422823,122500
2020-03-18,151.57315063476562,161.37429073687917,123.0160360631909,135.11000590564873,238400
2020-03-19,152.36038208007812,158.5106913014108,143.11030800195178,147.60742131198384,110800
2020-03-20,141.8212127685547,155.48966007312652,141.8212127685547,155.34205865050643,97900
2020-03-23,129.40252685546875,143.43506922907844,125.69266303912329,140.7190976451105,145900
2020-03-24,147.36143493652344,147.745213699014,130.27833242940937,130.27833242940937,170000
2020-03-25,156.20806884765625,170.2209282274362,147.21385438048324,150.6776988252557,80500
2020-03-26,158.97323608398438,159.71127337776758,153.99394687772548,156.50326166426265,125700
2020-03-27,141.70314025878906,152.52768569522433,133.38792426751752,152.52768569522433,196300
2020-03-30,143.83859252929688,143.83859252929688,130.61013768911914,134.9539473878565,140900
2020-03-31,144.30154418945312,148.41880970355442,141.41552051997175,142.88315117968176,172900
2020-04-01,135.3775177001953,143.7105548262795,133.64391941027972,142.4497642680549,92400
2020-04-02,139.07127380371094,141.5731513846109,134.1758535287802,134.1758535287802,88000
2020-04-03,135.2199249267578,137.61346727382823,133.4764819855396,137.61346727382823,55600
2020-04-06,143.73023986816406,144.40004321776996,137.68238079374993,137.68238079374993,153300
2020-04-07,149.8470916748047,155.0774056524353,145.77906301228728,146.56706095345095,122200
2020-04-08,160.20919799804688,164.9962673449414,149.92587776194853,151.68900963747592,75100
2020-04-09,174.984130859375,176.15627580778036,164.13935525714345,164.4742495195988,120700
2020-04-13,165.03565979003906,176.31383207609593,163.35131433418556,173.3686961742617,125700
2020-04-14,167.173095703125,170.85697675274793,164.66135930700972,167.95123394421404,111800
2020-04-15,167.4488983154297,169.7045268619748,163.50892423741956,166.32600630438913,86000
2020-04-16,170.94566345214844,173.84154739948116,167.44893273322756,167.44893273322756,87800
2020-04-17,179.1112060546875,182.42078466107,173.87104869530282,174.9939406315858,119400
2020-04-20,186.19334411621094,189.4142774849651,175.3288656123898,179.406738627126,193100
2020-04-21,175.51600646972656,188.91190999061106,173.78240816916087,185.21818410675905,212800
2020-04-22,181.76084899902344,183.76038459774895,177.51552942705143,178.68767409454048,125100
2020-04-23,181.83966064453125,183.04135398305633,180.1848636579521,182.22380752948214,120600
2020-04-24,183.7604217529297,184.49916702586214,180.17504529615672,181.84953157550802,83800
2020-04-27,182.16468811035156,187.14875248221404,180.90389771706649,185.4151694488988,115000
2020-04-28,184.8931427001953,186.45927881057605,181.73130684601875,183.26789435279295,53400
2020-04-29,191.77822875976562,195.02871027023104,180.9925530916917,182.2237949494583,283500
2020-04-30,192.9110107421875,193.14739959712105,185.96680256212102,190.33031718061818,88400
2020-05-01,190.53717041015625,192.44806045931404,187.10939678217787,189.1384812575318,94800
2020-05-04,190.3105926513672,191.5713830753423,186.3410551878274,188.9906899948682,83800
2020-05-05,192.07371520996094,193.05870862129407,190.80308032245614,191.7486655806442,67600
2020-05-06,190.6455078125,197.90490558846452,185.09014469832746,192.53669365670672,72800
2020-05-07,191.24636840820312,192.3495564734948,186.86314972398867,188.77402475713743,79100
2020-05-08,195.4621124267578,197.24494825591213,190.36969783840937,191.94567841957303,73000
2020-05-11,198.56488037109375,200.46592606584574,194.39836114460792,195.39319939089268,148000
2020-05-12,187.5427703857422,199.70744703060268,187.53292586073832,198.7322979820894,85500
2020-05-13,191.4827880859375,198.07239899129752,186.41992057157952,187.2276226992653,162600
2020-05-14,189.39454650878906,195.9939998668012,188.15346012569796,190.0741944196989,146300
2020-05-15,197.90493774414062,199.31348658867523,191.30548278190807,191.67978520755432,105500
2020-05-19,201.31297302246094,214.51187969305647,199.55968582373487,206.3462903257182,115400
2020-05-20,198.6534881591797,206.83879702853503,198.19055502693703,203.95275816660302,113800
2020-05-21,200.56439208984375,203.69667955439706,194.77263994016843,199.02780447809704,111300
2020-05-22,204.8392791748047,205.5977134383219,199.2839157769207,201.6872875770128,70000
2020-05-25,204.59303283691406,207.84349978152466,204.43543024947078,205.8242748704211,15000
2020-05-26,198.88987731933594,211.61599099846524,198.8701732418216,211.61599099846524,81400
2020-05-27,199.8157958984375,199.95369439682915,191.40395743692827,199.06720619714122,91900
2020-05-28,197.3730010986328,199.9536792428692,194.48696234627747,199.9536792428692,90200
2020-05-29,207.60711669921875,207.60711669921875,196.91992953947488,196.91992953947488,526000
2020-06-01,206.3955535888672,210.78863168475925,205.0461171581814,207.59724699057628,135100
2020-06-02,202.48512268066406,207.12443368726545,199.2740342250819,206.79938402600544,86900
2020-06-03,197.5109100341797,203.24356465587417,194.51652123792098,203.23372013114624,115800
2020-06-04,199.95367431640625,200.54467641005266,196.2402447278983,196.9789898300525,83600
2020-06-05,199.84535217285156,201.52969785267203,198.12161336189698,200.94854020232341,82600
2020-06-08,195.6591339111328,198.30876917855926,193.75810342100752,195.02873858961132,101200
2020-06-09,192.64505004882812,196.99871995628487,192.3397044376654,195.028732756722,56200
2020-06-10,188.45883178710938,192.12300926890012,186.13424623446588,192.12300926890012,59100
2020-06-11,183.96728515625,187.32610238933196,183.0610927183964,187.14881073031813,84200
2020-06-12,187.2866668701172,190.81294546735825,183.9770880491731,186.36077055863157,56300
2020-06-15,195.17649841308594,196.9593496604301,184.59767554402683,186.1638119420993,134700
2020-06-16,192.9996337890625,202.02217808969476,191.0887439448447,201.9236727252225,79300
2020-06-17,187.9072265625,195.4325767962698,187.9072265625,195.01888130263694,64700
2020-06-18,190.1825408935547,190.34998797979182,187.2374050090357,187.79885850095516,39200
2020-06-19,198.2693328857422,198.2693328857422,188.13375649203545,189.690048009002,157600
2020-06-22,196.4569854736328,197.98372867585152,191.2562200719953,193.82705416494878,50700
2020-06-23,196.9593048095703,199.77638679124803,195.2257066486561,197.98369142572227,53900
2020-06-24,197.4320831298828,198.44662514814718,191.99491525359326,195.8363986020897,40600
2020-06-25,199.09671020507812,199.11639925057446,193.09808929418136,196.53572148881503,56000
2020-06-26,197.73745727539062,197.79655448425268,195.13707487679702,197.20556736582307,37600
2020-06-29,197.2032470703125,199.59842090186328,193.55625154517148,197.35109173640237,67400
2020-06-30,199.174560546875,200.09122742368342,193.9406345258621,194.48275662297044,105900
2020-07-02,202.66380310058594,203.59033619301195,196.9666262558227,196.9666262558227,53600
2020-07-03,200.5841064453125,202.06261337242782,199.21402396112498,202.06261337242782,12800
2020-07-06,205.03933715820312,205.22661710169044,201.07693453119936,201.2050766062485,48200
2020-07-07,205.51243591308594,206.49810706854439,202.60470901251318,204.56618498618062,40400
2020-07-08,205.6110076904297,205.9954188369206,200.09124324015914,201.59931889486572,29200
2020-07-09,203.57070922851562,205.75890089877097,200.1602946708341,205.75890089877097,35200
2020-07-10,200.52491760253906,204.03390407784082,198.23815358394225,204.03390407784082,49200
2020-07-13,201.07693481445312,203.21583962016143,198.11006976914473,202.44701724908288,30900
2020-07-14,201.01776123046875,202.06257016244615,199.72653453000052,199.72653453000052,51900
2020-07-15,202.77223205566406,204.6844361335522,201.07687679321552,201.3430121649178,32200
2020-07-16,201.71763610839844,203.235578412494,200.79111767153182,201.56979142170462,23500
2020-07-17,202.66380310058594,203.63962274816876,199.1449506163907,202.42723665992025,43700
2020-07-20,202.0625762939453,204.1226252914043,201.81615851797707,203.34395173700958,66800
2020-07-21,201.01776123046875,202.89053025493993,200.08137671823314,202.07242145873286,40500
2020-07-22,195.16290283203125,201.55991450597938,194.6602159210086,200.09125896415327,43900
2020-07-23,193.4477996826172,197.62705045328929,193.19153061767932,194.24620588675046,66700
2020-07-24,192.87611389160156,193.3295292158844,186.81424263439877,192.2157160585192,110700
2020-07-27,191.31878662109375,194.1772270952691,190.54996428555285,192.87613388733894,113100
2020-07-28,191.25961303710938,192.18614627467852,190.135948588177,191.1117683886238,61400
2020-07-29,190.61892700195312,193.28023587421544,190.0965225397743,191.71302248767893,49800
2020-07-30,195.261474609375,195.8035817480094,188.76588984201177,188.76588984201177,58500
2020-07-31,192.78738403320312,195.2614278272256,191.58486423024576,195.2614278272256,57700
2020-08-04,193.02398681640625,195.16289144816682,190.73722248521707,190.73722248521707,83300
2020-08-05,197.89321899414062,197.89321899414062,191.20050285448858,192.7973004900101,66400
2020-08-06,197.30177307128906,198.2283062684581,194.0293529929363,197.10464186852147,45400
2020-08-07,200.73194885253906,202.5652980230407,195.64589651127815,195.64589651127815,49200
2020-08-10,195.85284423828125,200.02222877314915,195.31072212614774,199.65753527959907,48500
2020-08-11,197.13424682617188,198.63247131329263,195.9908645849442,195.9908645849442,33800
2020-08-12,212.3135528564453,213.50622152720095,196.18797276015894,202.06257924263417,92300
2020-08-13,212.45155334472656,217.01521558833335,210.5097950134996,210.92377509224963,57600
2020-08-14,212.75714111328125,214.6989146405216,210.76608101648748,211.51518573719187,33000
2020-08-17,206.52767944335938,212.7571284689893,205.29559047849412,212.7571284689893,30000
2020-08-18,202.42730712890625,205.09848293078696,201.01780440964444,205.0491963584725,54500
2020-08-19,202.54556274414062,206.86279199858646,200.17994304512263,202.47655854685098,61300
2020-08-20,202.7525634765625,203.12712334660097,200.11097187143582,201.12621200745156,28900
2020-08-21,201.52044677734375,203.7382066796039,200.3277932079439,202.09213780141067,26600
2020-08-24,200.9586639404297,203.83682225260472,200.1898415507463,201.78662420006566,36200
2020-08-25,203.12709045410156,204.645017243463,198.77042624654612,200.97831975834455,49000
2020-08-26,203.94520568847656,205.019583550331,201.5204482268993,203.74807448155374,28100
2020-08-27,203.5016632080078,204.57604110415306,201.32332344559498,204.57604110415306,30100
2020-08-28,203.21578979492188,204.1226053169306,202.23011878750208,203.1665032365217,90900
2020-08-31,204.73377990722656,205.36460889931044,202.1316084348619,203.21583777492663,98600
2020-09-01,209.5241241455078,210.00709338462858,204.3789195252806,204.3789195252806,48600
2020-09-02,207.54290771484375,216.28580569823342,207.17821421488293,211.35745011974586,47400
2020-09-03,203.9156494140625,208.66657646836856,202.06258286566663,206.94165198049092,32600
2020-09-04,203.33407592773438,205.85740646982075,198.61271817779772,203.4523666819887,47300
2020-09-08,201.00791931152344,203.73823272930807,198.78030782821997,202.33858143907503,74700
2020-09-09,199.85467529296875,202.15129085813518,199.55898598255303,201.09663055730698,44900
2020-09-10,197.8340606689453,201.06706079744689,196.14855640578327,199.84482317222393,38700
2020-09-11,199.32241821289062,199.54911836280155,196.7695335817237,197.834060212822,27000
2020-09-14,197.98193359375,202.07246338331277,197.48909795451834,200.16027373682002,55200
2020-09-15,197.5679473876953,200.80094787844948,196.99625625894433,197.14410093010852,46200
2020-09-16,194.46304321289062,198.83942526981684,193.6252318083918,197.7453297555853,22700
2020-09-17,192.89584350585938,198.98729911138565,192.5114323540651,192.5114323540651,31400
2020-09-18,191.85101318359375,193.1915264174842,191.72287113383726,193.1915264174842,86900
2020-09-21,193.0141143798828,193.80263919654737,187.28735288188028,189.6431061160106,34300
2020-09-22,192.9845428466797,193.56610024064244,191.811606842258,191.811606842258,40000
2020-09-23,191.8411865234375,193.1915512268182,190.8949355732326,192.9845536614098,44000
2020-09-24,193.72381591796875,194.58136011090576,191.20049998872955,191.22021762446872,35300
2020-09-25,200.5347900390625,201.73731003076023,193.1915430682234,193.1915430682234,39000
2020-09-28,202.4765625,203.66923118956086,199.10556902722803,201.25432487963704,50900
2020-09-29,204.89108276367188,205.34480286005325,201.1035651992326,202.642243269145,31600
2020-09-30,202.85923767089844,209.82275075226812,200.47231207121055,204.3880578209763,100700
2020-10-01,209.1520538330078,209.90166199013547,202.68170748651656,202.68170748651656,36400
2020-10-02,205.75909423828125,208.09670052386144,204.7530295500751,207.74161975450983,33200
2020-10-05,209.91156005859375,209.91156005859375,205.19687079393262,207.14982249381723,26600
2020-10-06,209.793212890625,214.20212653035824,209.19154862289096,210.0003496271691,47500
2020-10-07,208.3235321044922,210.57237157136709,208.00789811954152,210.13838236718829,36000
2020-10-08,208.39260864257812,209.97074877738552,206.24240813541925,209.97074877738552,22100
2020-10-09,206.07469177246094,209.4183774483848,206.07469177246094,209.10274344170753,10900
2020-10-13,209.35919189453125,210.16799277641627,203.18474816922924,206.17333816400838,36000
2020-10-14,206.76510620117188,210.33562882397777,204.56557155594933,209.62546746636642,47700
2020-10-15,209.10275268554688,209.27042761515992,203.64832831243984,207.12022728808356,41400
2020-10-16,210.32582092285156,212.77192448617444,208.3728691998735,209.10276161606058,73700
2020-10-19,206.58761596679688,210.27650987843737,206.00568262399486,210.27650987843737,25300
2020-10-20,201.6460723876953,206.70596929434555,199.55504967317313,205.02918989469143,108300
2020-10-21,195.02780151367188,201.83351458227216,195.02780151367188,199.92002437211724,68900
2020-10-22,192.69017028808594,196.8919468256779,192.38440922047894,194.83051281159405,57700
2020-10-23,193.2030487060547,194.1203318169201,191.64463966423574,192.4534254668018,80200
2020-10-26,192.48301696777344,193.42004602995516,191.79258638268533,192.33507293177527,57900
2020-10-27,192.32522583007812,193.86390409203364,191.80247013980502,192.67043361690932,42200
2020-10-28,189.82977294921875,192.8380784154963,189.82977294921875,191.0725478780668,45300
2020-10-29,186.93983459472656,189.5733439034671,185.58856217214378,189.5733439034671,50000
2020-10-30,188.4982452392578,189.32676198455687,182.31392835773968,187.01874460111293,106400
2020-11-02,188.08396911621094,193.24248997363568,186.29870758937463,190.8950110332393,40800
2020-11-03,191.80247497558594,193.47923940460075,188.20234762037555,188.3305758288577,36700
2020-11-04,193.2227783203125,194.67269015720922,189.86924954328782,194.1302186272926,42900
2020-11-05,194.6234130859375,195.8168686811686,192.8085472650829,194.50504278332593,43900
2020-11-06,196.87222290039062,196.97084724542594,194.20910973003953,194.38665763151698,186600
2020-11-09,200.01858520507812,205.1080702207015,199.73255508164195,199.74241299960303,49100
2020-11-10,196.79331970214844,198.00650603564173,194.1795261589447,196.13247787657863,60300
2020-11-11,212.55490112304688,213.44259538605652,204.5655925549316,206.70594981510683,162800
2020-11-12,213.5511016845703,213.84700480145665,211.43049027235745,212.56476799512103,81600
2020-11-13,213.1565704345703,217.38793526487333,211.2332227844326,212.07159737538626,49800
2020-11-16,220.0017547607422,220.37655136658051,213.38344841100144,213.71879828737335,153200
2020-11-17,217.01315307617188,223.61172818618326,214.04427889498857,219.21267309608953,42200
2020-11-18,211.9039306640625,217.66411591893674,210.87815022768055,217.66411591893674,49500
2020-11-19,210.7992706298828,213.30455197492955,210.70063122524488,210.70063122524488,35000
2020-11-20,212.41685485839844,212.72261593856024,209.35921395626067,210.79926797442965,82500
2020-11-23,210.54281616210938,214.37965397999304,209.84251255333086,210.6907602096109,44700
2020-11-24,210.1778564453125,212.6732796438689,209.57619225216695,209.57619225216695,44700
2020-11-25,212.23928833007812,212.60424205042858,208.91534842073258,210.08908798701125,49900
2020-11-26,211.86448669433594,211.86448669433594,209.56632731388976,211.35158894434267,15400
2020-11-27,210.59213256835938,210.75980751497534,209.00413448539638,210.07924980821406,75100
2020-11-30,208.9449462890625,209.83265572948528,206.6467867542284,208.12628743800715,67800
2020-12-01,207.6232452392578,210.00031308422524,207.0117231572485,208.94492879403964,74000
2020-12-02,208.52084350585938,209.33950241000258,207.13010916085972,208.50111261472358,19800
2020-12-03,208.25450134277344,210.9274723499887,206.90322896048363,208.45176507700975,23600
2020-12-04,212.160400390625,213.33412493716116,208.1065679854401,208.1164259050675,60200
2020-12-07,212.653564453125,215.01090153504288,209.64524347822763,212.06175817764205,50900
2020-12-08,211.99270629882812,213.3045319962914,211.56859000918098,213.3045319962914,43700
2020-12-09,217.28932189941406,218.99567502387376,213.64974805831898,214.8037567066709,66000
2020-12-10,217.37808227539062,219.9524138194129,214.73471519890438,216.99341273664055,73700
2020-12-11,218.35455322265625,219.21265870160377,213.33410339169944,217.2597222442285,33500
2020-12-14,221.09657287597656,222.2801703437831,216.00708720912422,216.70739078063735,56200
2020-12-15,221.31358337402344,222.08292253578927,217.7627756656739,221.915247595431,57200
2020-12-16,221.3036651611328,222.9113937462698,218.8871508495984,219.60717016399911,105300
2020-12-17,218.71949768066406,222.23084323989752,218.5912694837541,221.30368715510394,45900
2020-12-18,218.49266052246094,221.30370273137615,218.33484350750362,219.49871012973136,30700
2020-12-21,221.9250946044922,221.9250946044922,214.89253012383148,216.99342583550347,24100
2020-12-22,226.89620971679688,226.89620971679688,221.69824167928263,221.92509422819904,44700
2020-12-23,221.9250946044922,226.8567633734809,220.8499944249147,226.84690545403603,22700
2020-12-24,223.09881591796875,225.10107207026434,221.185326184187,221.185326184187,14000
2020-12-29,221.9250946044922,226.8567633734809,220.74149710998662,226.8567633734809,32400
2020-12-30,219.231689453125,223.53480149928149,217.90916210531418,218.99481551179434,16400
2020-12-31,216.6952667236328,220.0509139223815,213.9021896220305,218.45204079239068,34400
2021-01-04,215.23458862304688,216.79397527599716,212.6882495360546,216.79397527599716,31500
2021-01-05,214.662109375,217.43544272335095,213.94163846599645,214.24759124681867,14600
2021-01-06,216.65576171875,217.86970876719315,214.681857222558,216.14254233302515,38800
2021-01-07,215.1555633544922,217.12946760545083,214.6818305509765,216.67546300146486,30200
2021-01-08,216.94198608398438,218.10659764744295,215.649080960091,216.39915929846117,47000
2021-01-11,217.06039428710938,218.7875606702885,215.53063039547874,217.33675476333812,28500
2021-01-12,218.12631225585938,219.83375049842357,215.91554884489406,216.94197256288564,19800
2021-01-13,217.03074645996094,218.92570761958015,215.69837024860442,218.12626382113476,19400
2021-01-14,217.84011840820312,219.3008036326852,216.77420808989547,218.22502921261724,35000
2021-01-15,217.9585418701172,219.02445215909208,215.70829183551362,217.22820680782291,29000
2021-01-18,216.96170043945312,219.84359900988278,216.39913046585832,219.84359900988278,6900
2021-01-19,216.7939453125,219.0639386089964,216.1721605458879,219.0639386089964,67200
2021-01-20,220.19886779785156,220.22847515394685,216.65571362798298,216.65571362798298,39800
2021-01-21,223.65322875976562,224.1763121978717,219.25141551604304,219.25141551604304,28500
2021-01-22,225.4988250732422,227.38390731127262,223.4657060352386,224.06774745462076,52700
2021-01-25,231.93377685546875,232.96020056081818,223.52493953744067,225.60740937031807,56000
2021-01-26,234.7959442138672,238.35884258993417,231.25278910035286,231.25278910035286,192900
2021-01-27,235.29928588867188,235.7138040200815,231.93377515402474,235.3585006132024,147300
2021-01-28,235.22030639648438,238.23051344902845,233.74974227974786,233.74974227974786,46300
2021-01-29,233.9965057373047,236.26649892811588,233.3155062740917,234.49986102386882,39800
2021-02-01,236.8685302734375,239.1089160056552,232.34828734688926,235.02293446082624,97800
2021-02-02,237.1152801513672,241.80330338016634,235.6644591263105,236.69089790878277,41900
2021-02-03,227.6898956298828,236.9672564092344,227.02863938724144,236.9672564092344,48400
2021-02-04,228.66696166992188,230.50269339676174,224.8573255081874,230.50269339676174,37200
2021-02-05,227.38392639160156,228.95317684177576,225.97259191444638,228.66696731791288,51000
2021-02-08,223.45587158203125,230.93697174702004,222.94265217454185,228.09454433285947,27700
2021-02-09,223.81118774414062,226.35752660426883,218.71851002388422,221.5806658037249,93900
2021-02-10,221.1957550048828,226.01208727330362,218.56059404776826,224.03818258096035,29600
2021-02-11,218.11643981933594,221.6990811838874,217.26766031086382,221.6990811838874,33200
2021-02-12,222.0642547607422,222.13334864643298,216.75444687224925,217.75127827626963,58200
2021-02-16,225.9923095703125,226.99900502671088,220.78120318143147,223.86050427282143,56800
2021-02-17,221.35365295410156,225.47912125591287,218.21515197772095,225.47912125591287,25700
2021-02-18,217.4946746826172,223.64339838713065,217.4946746826172,220.71214883584625,23300
2021-02-19,217.13937377929688,221.74843929119908,216.2708659811805,221.74843929119908,18900
2021-02-22,211.326171875,217.13931895021483,211.1978783468159,217.13931895021483,25700
2021-02-23,212.1947479248047,212.44148600378702,204.47677358558272,212.1947479248047,154300
2021-02-24,210.2504425048828,217.11963698365471,208.2173232224571,212.68821583547583,29800
2021-02-25,206.6974334716797,210.87225295794394,206.53953253338028,209.72738456200724,30300
2021-02-26,207.84228515625,210.46758193801045,205.3847835211824,207.19089301165732,54700
2021-03-01,216.40904235839844,218.00790031938158,209.6286695874381,210.71432317804238,25600
2021-03-02,217.37623596191406,218.1164501592872,214.3166779222265,215.1062427446971,24400
2021-03-03,217.38609313964844,218.83691412506914,214.93845582166963,214.93845582166963,33900
2021-03-04,217.9387969970703,218.51121603357745,215.64906061225872,217.30713311737406,68500
2021-03-05,223.3472900390625,223.3472900390625,216.6360119419071,218.19539825416496,45900
2021-03-08,221.63987731933594,225.10407434705166,221.07730729978488,221.55104017014085,17400
2021-03-09,223.1992645263672,225.0448756333288,222.27154198165468,224.16648865760604,97500
2021-03-10,223.45587158203125,226.00221029726728,222.56760548525767,224.1862066383887,54300
2021-03-11,225.28172302246094,226.05154459954045,222.32086616917144,225.02512084999998,152700
2021-03-12,224.0184326171875,226.99903283019484,223.8901390566167,225.37056753159624,19700
2021-03-15,223.84078979492188,226.96942685064204,223.0512249248414,226.87072559449547,16500
2021-03-16,226.9990234375,228.88410589863423,223.9394653585942,224.00855924655562,17000
2021-03-17,227.2359161376953,228.51894215426586,225.71600107421347,227.49251832906987,19600
2021-03-18,229.1505889892578,232.6148013698404,224.93631330519008,226.75230201165238,50100
2021-03-19,228.30177307128906,230.31514878256021,226.2883823003236,229.1505374425519,96000
2021-03-22,228.2129669189453,231.93378115677103,227.5615898725551,229.60457322021307,19800
2021-03-23,228.1044158935547,232.55558050499602,227.91689254278035,227.91689254278035,134800
2021-03-24,222.8538055419922,226.98913759105147,222.0642407850397,226.98913759105147,51800
2021-03-25,217.6229705810547,224.03816019002002,215.03716051162067,224.03816019002002,58100
2021-03-26,222.8340606689453,223.43610209754877,217.0801276866389,217.78087035653274,40600
2021-03-29,217.38609313964844,225.9824537042944,216.62615076419638,223.4163718779146,98600
2021-03-30,213.3972625732422,219.0067353526597,212.49855705315616,217.52535858874177,38700
2021-03-31,210.29624938964844,213.5849076384627,208.12356646685515,213.34788192949944,60600
2021-04-01,214.73046875,218.29564903496868,210.00981652593737,210.82951338584343,27600
2021-04-05,218.7499237060547,219.02644610609522,216.0439372835544,217.66357494208071,33400
2021-04-06,215.33290100097656,222.39413866836227,213.13059195668754,220.84362389067581,23600
2021-04-07,216.2711181640625,217.2685730060817,213.5355050936155,214.65148031351814,35000
2021-04-08,220.9917755126953,221.27816837128069,216.1032355230257,216.1032355230257,38200
2021-04-09,222.32498168945312,222.700268560658,220.57696825843698,221.61391975945494,22100
2021-04-12,222.32498168945312,223.1644344057774,219.60912475578655,221.61391975945494,30000
2021-04-13,222.20648193359375,222.92741430000711,220.21155729859652,220.37944483218092,15300
2021-04-14,223.15460205078125,223.68789105457233,220.48811182379487,220.48811182379487,24800
2021-04-15,224.18167114257812,224.49770540126195,221.54482245772445,223.1545899405415,22400
2021-04-16,224.00392150878906,227.64809562276795,223.26323314045015,223.26323314045015,40400
2021-04-19,224.18167114257812,229.02082894126667,221.97936202874325,224.23105337916533,29500
2021-04-20,227.14443969726562,227.14443969726562,222.95707590570876,223.76690244574058,20300
2021-04-21,222.15711975097656,227.13455383432876,220.55723775885622,227.13455383432876,23900
2021-04-22,222.99658203125,223.74714082264245,219.79680284182083,222.15712918258802,29300
2021-04-23,221.3275146484375,223.19404834375993,221.11024490025477,222.53236868132714,31900
2021-04-26,224.4582061767578,224.90261619228912,220.94240773304375,221.53496446664792,34200
2021-04-27,226.07785034179688,227.134573029392,223.42124552687596,225.54456132246963,28500
2021-04-28,226.45310974121094,229.02082018277648,225.25812596660924,227.1345453997626,18400
2021-04-29,224.48782348632812,228.87270094464733,223.64838572835276,227.1444281219801,10400
2021-04-30,225.4556427001953,227.33206215718624,224.55695232236891,225.23838798957735,16700
2021-05-03,227.14443969726562,228.13202421768852,220.2412184745458,223.8952932555856,29900
2021-05-04,225.2384033203125,227.6480968332059,224.36932414131726,224.36932414131726,12800
2021-05-05,225.93955993652344,226.79875355035807,223.6977391081711,225.22849795633542,44200
2021-05-06,227.81597900390625,228.87270162332672,225.93957453289778,225.99882719018433,34600
2021-05-07,228.13204956054688,230.98616853885522,225.2186779155259,225.2186779155259,22000
2021-05-10,227.14443969726562,228.73445137792024,226.95679622729025,227.14443969726562,15400
2021-05-11,228.13204956054688,231.09480345094357,223.14474416450994,225.2285483368628,42800
2021-05-12,216.4192657470703,218.6018341126967,212.68619755952474,217.969780638333,426800
2021-05-13,215.45143127441406,217.25871266017253,206.66192046275793,211.44184074321635,155900
2021-05-14,209.4271697998047,214.86877012079538,209.37778756019534,213.49601317863753,25800
2021-05-17,201.6153564453125,209.44690885355425,199.41304737393784,207.44211365537748,94400
2021-05-18,202.55355834960938,202.9880828099468,200.47962516499356,200.48949558363483,72100
2021-05-19,202.2869110107422,203.3436184646644,200.6672732251354,200.6672732251354,78000
2021-05-20,203.0868377685547,204.360814903358,202.5436633818786,203.74851745074534,52600
2021-05-21,205.5755615234375,206.12860634729586,204.15343765103532,204.38057783168975,29700
2021-05-25,207.2347412109375,209.03215234999013,205.31882474644215,208.8148825404487,48200
2021-05-26,209.2987823486328,209.51605215092465,206.40516690709597,208.40996229878007,47100
2021-05-27,207.02734375,209.21978254758938,206.8989529426905,208.82473970561531,56300
2021-05-28,207.2149658203125,208.49881348346977,206.91868748676004,207.18532442454944,13000
2021-05-31,204.54847717285156,208.37043906794167,203.97567640954247,208.37043906794167,24900
2021-06-01,206.65208435058594,209.95061340649238,205.64474380601936,207.18537342162378,28700
2021-06-02,208.6568603515625,209.27904343379134,205.72373306297533,206.65206494142973,34000
2021-06-03,209.9505615234375,212.7552975699867,207.70875581158757,207.71862623050896,52400
2021-06-04,208.24205017089844,210.34560979523206,207.5408586063398,209.84193209963541,32600
2021-06-07,209.40740966796875,211.7677360080047,208.5087192303113,209.63456495172295,23900
2021-06-08,211.293701171875,211.58997953631967,208.8839925760957,209.34815849754548,10800
2021-06-09,209.36790466308594,211.8368658029808,208.95312099990474,211.8368658029808,28600
2021-06-10,214.1083221435547,215.28355010706815,208.4692080304305,208.4692080304305,18100
2021-06-11,215.25393676757812,218.2956839434341,212.41955884060476,213.8318125937863,32200
2021-06-14,214.24655151367188,221.41640847685647,213.39722836905156,215.0069956833455,20600
2021-06-15,215.79705810546875,217.2685642611093,214.05891501634292,215.01687307340515,25400
2021-06-16,216.2711181640625,218.24628700957234,214.4144546270937,217.13031178966972,17300
2021-06-17,218.99684143066406,220.34982724098873,215.54029601913157,215.54029601913157,26800
2021-06-18,215.85635375976562,219.46103119646358,215.29342335532223,219.4116489570546,38600
2021-06-21,217.23895263671875,218.31541607040143,214.9675053882196,216.52789062728695,12400
2021-06-22,219.10549926757812,221.86085341086482,216.52790310221923,216.52790310221923,19300
2021-06-23,218.6413116455078,220.2313231463335,217.8611265931233,218.76970244083194,11000
2021-06-24,221.8707275390625,223.12494894846736,220.01406393927928,220.23133372518342,31200
2021-06-25,223.28294372558594,225.92967763921067,221.8707053279291,221.8707053279291,18500
2021-06-28,220.62632751464844,225.4753700645628,220.50782222034195,225.4753700645628,7800
2021-06-29,223.43386840820312,223.76985555976802,219.10551189252234,222.26777495196185,13900
2021-06-30,222.91998291015625,224.2046564438414,218.1074143336694,223.58208052146395,42700
2021-07-02,226.2996826171875,228.276099059259,221.96144912999497,222.95953400485118,47600
2021-07-05,224.0267791748047,225.96367373669082,222.45553187320593,225.78578843298303,4600
2021-07-06,225.55853271484375,226.2008620448092,222.43579103073017,224.02680691393235,12100
2021-07-07,224.6888885498047,227.48551950230066,224.00702249453948,224.00702249453948,17000
2021-07-08,224.32325744628906,225.21263877906947,222.24801423132115,224.08608205407953,32300
2021-07-09,233.21714782714844,235.6481467654694,223.6315307839235,226.57638715728683,105800
2021-07-12,233.0095977783203,233.72110886705573,231.10236324800175,233.236896514208,16800
2021-07-13,231.24070739746094,233.01948508552104,230.25249924618973,233.0095933535381,22700
2021-07-14,230.4007568359375,231.1913264838951,228.53304377055437,231.1913264838951,19800
2021-07-15,229.26425170898438,230.4995116858647,228.27604372748016,230.36116317160838,24800
2021-07-16,231.26048278808594,231.75458687868934,226.29967349634717,229.09630445862553,23900
2021-07-19,231.24070739746094,231.6261079733023,227.623861944882,228.02903090582953,16200
2021-07-20,230.87510681152344,238.1878421004364,230.87510681152344,231.24073905231054,32100
2021-07-21,232.14988708496094,234.83781481005428,231.07274367981603,231.73484141725908,18700
2021-07-22,238.9091796875,240.2234982416856,232.97993121506727,232.97993121506727,46600
2021-07-23,239.14639282226562,240.52000166548703,236.32011666757532,238.52381680910437,26000
2021-07-26,240.4310302734375,242.05169093087736,237.92097329152705,237.92097329152705,30900
2021-07-27,241.08331298828125,245.47094534667144,240.53979538612379,240.53979538612379,9800
2021-07-28,237.1699676513672,243.29685546658877,236.91303894813464,241.18209052485182,18900
2021-07-29,240.0851593017578,241.90345862032595,237.61463900624918,237.61463900624918,9300
2021-07-30,241.4884490966797,243.99850653606111,233.88912511979646,240.0753185143902,16700
2021-08-03,242.17030334472656,244.52224372738664,240.52987408490716,241.34021206103267,54500
2021-08-04,240.09507751464844,243.96885195580006,238.81040380351928,243.94908356917506,28800
2021-08-05,240.4508056640625,243.15848624739098,238.88943503365,239.53176427654753,56200
2021-08-06,242.7236785888672,245.96500008265716,239.4823570950772,239.4823570950772,34500
2021-08-09,246.2515869140625,246.2515869140625,239.6602404807204,242.723676643704,26600
2021-08-10,242.00228881835938,245.54007574003214,240.59903508052147,241.9825204336407,29500
2021-08-11,240.7966766357422,241.59712281975376,235.19353826880155,238.553439926812,34800
2021-08-12,238.62261962890625,239.70965460924228,236.83396531669294,237.6640565313898,33600
2021-08-13,240.17413330078125,241.37974860650297,237.16998676973046,239.5416806058831,25200
2021-08-16,241.71572875976562,244.60129485858698,238.30639844887543,239.13650478653494,22100
2021-08-17,241.8343048095703,243.1585001397628,236.53750840994044,236.53750840994044,23300
2021-08-18,242.9806365966797,243.69214770568675,240.34212251697036,241.61690445793943,29300
2021-08-19,244.27517700195312,244.7593893489292,241.73547479790196,241.73547479790196,18200
2021-08-20,250.7874755859375,251.51875508173313,243.23756554722587,243.23756554722587,38200
2021-08-23,244.08738708496094,252.52667715352476,241.86391898398458,248.93949220423974,35600
2021-08-24,247.06187438964844,247.901857213501,242.96081725873842,242.96081725873842,16300
2021-08-25,241.91336059570312,246.61722600914555,241.0931460133995,246.18241200610655,28300
2021-08-26,242.120849609375,244.61113812472973,239.44281423021275,244.1071574461465,28200
2021-08-27,241.8936004638672,243.34626771501286,241.05361746762148,243.34626771501286,20500
2021-08-30,243.5340118408203,244.97678725384614,240.44091559572541,242.23946161445488,17700
2021-08-31,243.3857879638672,244.2158943016393,240.84610076196452,244.08742241197666,32500
2021-09-01,248.15882873535156,250.02654155776867,242.88180077091727,243.34625981321474,37000
2021-09-02,250.8863067626953,251.41005591099042,248.11932074146827,248.7221283565254,15100
2021-09-03,251.49900817871094,252.2006426947731,249.7597670279478,250.88632386810858,16200
2021-09-07,252.47735595703125,253.62366617940495,251.3409073108724,251.49902426529042,16800
2021-09-08,249.83880615234375,251.99309280592962,247.33862551587438,247.33862551587438,36600
2021-09-09,247.0124969482422,252.71444668159504,246.12310063383555,249.73994580560034,18100
2021-09-10,246.53814697265625,249.27548756963412,243.88975656259313,247.0223743590597,26200
2021-09-13,243.05970764160156,247.54616645889212,241.48844506522136,247.49675303065303,11400
2021-09-14,240.64845275878906,243.0992047471676,239.34401076375647,243.0992047471676,21900
2021-09-15,241.4390411376953,242.00231198579584,237.2589094827969,240.6879932350801,13100
2021-09-16,242.74343872070312,243.03001243694115,240.1642149591248,241.4390118608977,32600
2021-09-17,239.21554565429688,245.44124471618827,235.94456412715365,242.6643823254422,66800
2021-09-20,239.90736389160156,239.94688559395618,232.22898019663518,232.64402592624634,29900
2021-09-21,241.12277221679688,242.80272294187986,239.0277759063775,239.0277759063775,21800
2021-09-22,241.73548889160156,242.94110412102603,239.00803964474625,239.00803964474625,14000
2021-09-23,239.0870819091797,242.14064146973743,238.6621445642315,240.3915088244571,12800
2021-09-24,236.3102264404297,240.73739485597721,234.20533819596488,240.73739485597721,20900
2021-09-27,234.15589904785156,236.3102004803275,232.45617996203484,236.3102004803275,24200
2021-09-28,233.46478271484375,235.9071117005122,232.12001863807018,235.69945776084458,35300
2021-09-29,231.1410675048828,234.95782264952783,230.2313765232365,233.70206194094771,18500
2021-09-30,232.31773376464844,232.71326141583077,230.5477946750986,231.03229530202086,72200
2021-10-01,239.79306030273438,240.2577959161577,231.62560574109514,233.0989181206541,34900
2021-10-04,240.11935424804688,242.49247505699222,235.48189594366906,235.48189594366906,46000
2021-10-05,239.9809112548828,241.7508654665262,238.18130944264374,238.18130944264374,19900
2021-10-06,239.56561279296875,240.97959962172143,236.45090987936663,240.97959962172143,27100
2021-10-07,244.58868408203125,247.28809409537521,239.51615359801818,239.51615359801818,55900
2021-10-08,246.8431854248047,255.5643636902075,244.4107391225213,244.95458027626748,48500
2021-10-12,248.8603057861328,249.36460167742703,244.6579204938162,247.22879753130974,24100
2021-10-13,251.67837524414062,253.28022076707532,248.06927400686462,248.14837953844426,21400
2021-10-14,253.2505340576172,254.60518032381484,246.24985359913475,251.7277942106957,21300
2021-10-15,255.99945068359375,256.41475856043644,251.31256414496073,251.31256414496073,57700
2021-10-18,260.0238342285156,262.2881868143716,255.57424968048088,255.72256313028007,55600
2021-10-19,262.17938232421875,262.5254671295809,258.7284922430249,261.54656826429647,50700
2021-10-20,257.32440185546875,264.00867612058056,255.4555920866407,258.6790482868558,39000
2021-10-21,255.81153869628906,259.06468768936355,253.98225910304214,257.2057454076067,22100
2021-10-22,253.1319122314453,256.35539858248376,251.50040398852616,256.35539858248376,29200
2021-10-25,248.97897338867188,253.14181348745697,247.33756750064862,253.14181348745697,33800
2021-10-26,241.08834838867188,261.01259005307895,240.56427240956228,249.00860221627312,65700
2021-10-27,239.16018676757812,243.17469784374012,237.77587780608644,242.22546172381325,32200
2021-10-28,239.30850219726562,242.72972919550142,237.09359289216843,239.33816488140144,37700
2021-10-29,237.5089111328125,239.44695886944052,236.84641930271698,238.83389479300354,20600
2021-11-01,235.76866149902344,239.18988925363348,234.34479199437055,239.18988925363348,13100
2021-11-02,235.45223999023438,238.35930438885907,234.6018743164043,235.9070930618434,28900
2021-11-03,235.21493530273438,236.59924447974157,235.21493530273438,236.59924447974157,15000
2021-11-04,238.0528106689453,239.30858672967594,236.8168147672374,237.15300203142021,32800
2021-11-05,238.58673095703125,238.61640873658695,236.75746625387245,238.61640873658695,18000
2021-11-08,239.23931884765625,239.3382045363831,235.94662457251064,237.67701851036617,29100
2021-11-09,238.85366821289062,240.3764231961306,237.6077901166514,239.4469521184349,18600
2021-11-10,214.6776123046875,228.59986906779827,205.81798887803976,221.54974507691855,299000
2021-11-11,210.83120727539062,212.5418211283602,203.83052570233235,209.17002118098165,95200
2021-11-12,209.6644287109375,211.8101306540942,208.01314016572545,208.42843293567347,90000
2021-11-15,210.01051330566406,212.59127308476477,208.7448548403726,208.7448548403726,27900
2021-11-16,209.0711669921875,209.8226470178079,208.41855757929005,208.64597658517627,23500
2021-11-17,204.918212890625,208.25045260573626,203.21748153097542,208.25045260573626,48800
2021-11-18,203.7218017578125,203.78112715125135,201.00261058102606,203.78112715125135,23300
2021-11-19,201.6353759765625,204.8588470631148,201.59583075609203,202.70327798330766,14600
2021-11-22,205.19505310058594,207.0045524990363,200.83445693159098,201.7441478974861,51600
2021-11-23,205.9861297607422,208.41856112239918,203.71189439969913,203.71189439969913,29800
2021-11-24,213.48114013671875,215.46863058869766,205.49167837432668,207.64724731861583,54200
2021-11-25,213.48114013671875,215.5477361125022,212.808765816134,215.5477361125022,23500
2021-11-26,210.722412109375,212.17594409822172,207.07375079401842,210.73229464225605,23700
2021-11-29,210.16867065429688,211.7408532554813,208.47782222944,210.71251167327628,21900
2021-11-30,204.08761596679688,210.37636306223044,202.7033067364155,209.56555768096106,107300
2021-12-01,201.71449279785156,205.47192264204577,200.89378986465312,203.8008540866762,108000
2021-12-02,197.80877685546875,202.34734994978817,197.6209030741102,199.15354093021227,50600
2021-12-03,196.94851684570312,201.7145241185096,195.35656866419234,198.78767928676785,41000
2021-12-06,196.8594970703125,200.91356886884458,195.6136188770852,198.54044814976325,70400
2021-12-07,200.8740234375,202.86151426152384,196.77052357890457,196.77052357890457,95900
2021-12-08,198.87667846679688,202.31768664344787,195.8015202288363,200.94325987979707,48800
2021-12-09,197.581298828125,202.7032568067392,196.65182782188435,200.56745301637798,70800
2021-12-10,194.71380615234375,199.91487034231875,194.40728164953558,198.61954933350364,66300
2021-12-13,195.7619171142578,196.28597802618023,192.479120743118,194.81268097063233,39100
2021-12-14,193.58657836914062,195.2082040323802,191.3914489229723,195.2082040323802,42800
2021-12-15,191.75733947753906,193.29987502495337,189.83908652642833,189.85885159746047,68500
2021-12-16,187.85153198242188,195.79156570403143,187.8119867658832,195.79156570403143,57800
2021-12-17,194.01174926757812,195.22796462115843,180.94974211861913,183.91613133367846,136200
2021-12-20,192.2220458984375,193.79424390107098,182.9669094610853,191.42112309610172,271900
2021-12-21,192.4296875,195.8608125625884,191.3617854692848,192.22203359631766,36500
2021-12-22,195.900390625,196.39478895796262,190.86741921652205,190.86741921652205,45600
2021-12-23,203.0197296142578,205.9366766307718,198.73823843165803,198.73823843165803,62900
2021-12-24,197.26487731933594,203.6821712411947,196.08820721600907,203.6821712411947,19000
2021-12-29,197.94715881347656,198.05592702378323,195.11920043333916,197.26488686590162,50300
2021-12-30,197.71365356445312,201.3253679653864,197.71365356445312,198.8812812248785,38500
2021-12-31,197.525634765625,198.41620126216208,193.59728575089161,197.40689860556589,105900
2022-01-04,200.0785369873047,201.9783907482284,195.0716283623658,197.08032861942712,37100
2022-01-05,195.66537475585938,201.25609055647237,193.74572625692093,198.6734733148889,70700
2022-01-06,194.43836975097656,196.79340420091765,193.52802397925336,195.92263211548783,50000
2022-01-07,192.9541473388672,193.94365578675882,192.29117849062388,193.2608925419215,48100
2022-01-10,191.8755340576172,195.43775443247767,185.37445809304972,192.45934025784842,57500
2022-01-11,188.37269592285156,194.93314098137174,187.3831875929969,194.93314098137174,54200
2022-01-12,188.13522338867188,190.9652178130231,186.41347346100682,188.44196855481187,114600
2022-01-13,189.02577209472656,190.46055613088802,186.00776871602227,188.0065797387754,55800
2022-01-14,185.97805786132812,188.4716226817819,183.61313393478514,188.1351935270729,69100
2022-01-17,186.90821838378906,187.69982802743777,184.4245580368056,185.84945237563366,15300
2022-01-18,183.81105041503906,185.06773014294487,183.04913991979592,185.04793574995085,78000
2022-01-19,182.95021057128906,184.3652154585837,180.41707144016885,184.05845516647912,32900
2022-01-20,183.1283416748047,185.20630042396783,181.82218323358686,183.48455023291737,79400
2022-01-21,174.7669677734375,182.564298752273,173.76756973070496,182.564298752273,47700
2022-01-24,174.2128448486328,174.55917882485332,165.3171740795209,174.09410867333426,146800
2022-01-25,173.9753875732422,176.56789494990358,170.40326136938302,171.84793528969772,28700
2022-01-26,184.30581665039062,185.90883041680362,176.13248325616965,176.13248325616965,163500
2022-01-27,184.276123046875,186.6707312764011,182.22784875537337,183.45482936133826,94500
2022-01-28,183.08871459960938,184.76098599726717,178.04221636633307,183.60326312935746,95700
2022-01-31,190.18350219726562,190.88605977047516,182.42576034279878,182.7127111213947,38700
2022-02-01,186.5915985107422,190.24287167267659,184.18708534696174,190.24287167267659,59100
2022-02-02,185.94839477539062,188.04614750428473,184.51361078442628,187.38317876635494,53100
2022-02-03,180.08062744140625,184.59278303620175,179.96187617401233,183.5735906583729,28800
2022-02-04,180.09051513671875,180.40716504807082,178.90310816654608,180.12019917857066,31800
2022-02-07,178.3984375,181.84193711485923,178.0719130611492,179.69470600312852,39000
2022-02-08,179.64524841308594,180.4467477806518,175.13309264108577,178.20055954286505,37300
2022-02-09,181.1591796875,181.98047338068963,179.3088040153284,179.83324220154492,65500
2022-02-10,180.82275390625,183.55379140482808,177.2506283051515,178.32918873877523,51300
2022-02-11,181.66383361816406,182.35648644062314,180.45663222815006,180.83265023121317,35600
2022-02-14,180.22903442382812,184.30580363591693,179.22963651370188,182.31689746276345,25900
2022-02-15,180.2092742919922,182.90073848701832,180.2092742919922,181.02067846931214,73700
2022-02-16,170.76934814453125,180.0806250848871,170.23500519499842,180.0806250848871,83600
2022-02-17,165.49526977539062,171.56096072788998,164.11985378748332,171.51148229117697,98400
2022-02-18,160.3498077392578,163.37770043264078,159.41966761019046,163.35790604089337,250600
2022-02-22,160.91383361816406,162.65537787530192,158.34112111810776,159.667058605739,81500
2022-02-23,160.9435272216797,162.76423406220312,159.0535777466215,162.76423406220312,44600
2022-02-24,164.45628356933594,164.94114809288592,155.28353700306764,159.69675085580496,79500
2022-02-25,161.65594482421875,165.2181802739984,160.16179292376208,164.39688668144652,103500
2022-02-28,163.73394775390625,163.86258867088904,159.31084422498134,159.31084422498134,43500
2022-03-01,159.27127075195312,163.71415358286666,158.9447311844195,163.71415358286666,30600
2022-03-02,160.86439514160156,161.2601924800981,158.766626971208,160.64670207581827,30000
2022-03-03,160.62689208984375,162.43769418018664,158.32133582504758,161.27997122380987,24700
2022-03-04,154.84817504882812,161.1513387292046,152.8988422917073,160.30036090072193,51700
2022-03-07,147.6841278076172,155.79809361884847,144.19116438461944,153.878444918656,63500
2022-03-08,152.18638610839844,153.7201270591358,147.0013569577525,147.6841201299239,45100
2022-03-09,157.796875,158.7863832071368,151.87962014895714,153.68051723462366,79800
2022-03-10,155.93661499023438,158.32133370282088,155.81787882154092,156.15430803197168,70100
2022-03-11,154.84817504882812,156.83708149854584,154.16541183660712,156.8271918500716,88700
2022-03-14,153.89822387695312,155.59028970442907,151.6619405663149,154.37318363080493,176200
2022-03-15,147.99081420898438,153.25500402150723,146.89245972396213,152.898780537211,129900
2022-03-16,148.3470916748047,158.76661350862707,147.74349097062424,151.36509519570703,96700
2022-03-17,148.73301696777344,151.90934582676476,147.0310611770836,148.22837307933793,74300
2022-03-18,148.17884826660156,149.64331612867988,144.17133716352512,148.41633566262632,116300
2022-03-21,146.1998291015625,149.5146874421593,145.55665484380904,149.5047826974979,29800
2022-03-22,146.05140686035156,147.44660185659896,144.96294187166615,147.04091499599434,111100
2022-03-23,164.2682647705078,169.87877492823358,152.87902985864133,152.87902985864133,277700
2022-03-24,162.36839294433594,168.22627953326446,159.87484321236607,165.6931410189923,104000
2022-03-25,160.00350952148438,161.2799838467515,157.10425707964725,161.16123256847294,72100
2022-03-28,162.09136962890625,165.43591287396367,158.5291484252552,158.5291484252552,49400
2022-03-29,166.88055419921875,168.86947537190036,161.5174214928665,163.75371971897042,38400
2022-03-30,164.05210876464844,169.44954932184683,163.91345983048703,167.03308351651918,34500
2022-03-31,163.972900390625,169.3505147456463,163.972900390625,165.44851801142846,66500
2022-04-01,164.39874267578125,167.73623038716164,163.4083888042404,163.8936676414717,37600
2022-04-04,165.2801971435547,166.14180038526214,163.4183265773225,163.4183265773225,20800
2022-04-05,165.7753448486328,167.47875482857074,163.82434638453648,166.81521950441845,56500
2022-04-06,165.86447143554688,166.30022958121177,162.9033228657269,164.59681961812262,56100
2022-04-07,169.35049438476562,171.40053393878043,164.8840043297642,164.8840043297642,38100
2022-04-08,168.9940185546875,171.03414552893034,168.26115109987242,169.3208372124454,27400
2022-04-11,167.43914794921875,169.46936143766294,166.29033375162368,169.3208143912506,45600
2022-04-12,167.0529022216797,169.35053071062106,166.5379290320363,167.47876229144146,48900
2022-04-13,168.70675659179688,171.06378809050508,167.052852636627,167.052852636627,28700
2022-04-14,173.054443359375,173.32182802805616,169.58820476078742,169.58820476078742,33500
2022-04-18,168.9444580078125,172.92568467748652,168.38986227504205,172.78703574429392,55200
2022-04-19,168.62753295898438,170.36065197744645,166.53788599511756,170.36065197744645,141200
2022-04-20,167.19154357910156,168.3799651722929,164.95333421513075,168.3799651722929,224200
2022-04-21,158.94189453125,167.86497726298842,158.6943060692102,167.86497726298842,49000
2022-04-22,157.56529235839844,162.10109937016588,157.49596034026777,159.42714718791538,34400
2022-04-25,160.48683166503906,161.60592115074533,155.83217196214585,156.58483538817478,32800
2022-04-26,158.23875427246094,162.00210233689728,154.0891687686926,160.69482785817218,261100
2022-04-27,157.6841583251953,163.1806258117494,156.57496672848606,159.07064782108188,47400
2022-04-28,158.89239501953125,161.2890498385003,156.46603079008096,157.634641233283,107300
2022-04-29,157.4662628173828,159.73416649439056,156.94137648358625,158.02085855787726,63600
2022-05-02,156.97109985351562,158.46652886620208,154.99039196892866,156.713613268696,31700
2022-05-03,154.39617919921875,158.39721773474494,151.52415870628954,157.47618067673227,96900
2022-05-04,154.4951934814453,155.61429811609335,151.13789468910096,154.2178956251502,84900
2022-05-05,148.56297302246094,154.07925112488505,145.4829719978996,154.07925112488505,44400
2022-05-06,146.28521728515625,148.45408016715072,144.72045592396756,148.45408016715072,57300
2022-05-09,142.6109619140625,146.1564306972626,141.4225402537656,144.5916697184245,75900
2022-05-10,139.48141479492188,144.86894146877083,137.09465869443537,143.49235039753063,111300
2022-05-11,133.75721740722656,139.81817944053088,128.74602826344446,128.85496781490076,164100
2022-05-12,129.56797790527344,134.1235959117888,129.34020078284726,133.9651508027436,81200
2022-05-13,138.2831268310547,141.62061480580041,128.53803248127858,130.0829973365421,116700
2022-05-16,139.15463256835938,140.88775203683093,138.104859765313,138.104859765313,55300
2022-05-17,145.62164306640625,146.67143098253024,140.32325832230964,140.32325832230964,77100
2022-05-18,144.4134063720703,144.96800211294664,142.48220426577518,143.9875463564399,54400
2022-05-19,146.34457397460938,148.751126269505,143.35370149794693,143.84887835977057,61300
2022-05-20,149.38499450683594,149.4246171295387,146.34461556912416,148.21638403435338,23900
2022-05-24,143.5914306640625,149.7613317996998,143.32403085511564,149.7613317996998,52100
2022-05-25,140.8580322265625,145.45327375923014,139.6795086571574,143.63102619370363,17500
2022-05-26,141.33340454101562,142.59114304979317,140.80850309799763,142.59114304979317,37600
2022-05-27,143.3636474609375,144.53227310305064,142.5713763067768,144.38371092794281,57400
2022-05-30,148.44415283203125,149.34537855253254,144.95810269981223,144.95810269981223,28600
2022-05-31,141.47206115722656,144.80954897625278,139.2734742825656,144.80954897625278,59100
2022-06-01,137.16400146484375,143.08631296471324,136.36181730373565,143.08631296471324,48500
2022-06-02,141.1155548095703,141.48198097439524,134.49998186074026,134.50989507272166,54300
2022-06-03,138.48118591308594,141.72954545540577,136.8173835239264,140.610440726733,33500
2022-06-06,140.47177124023438,142.97736500038118,139.15459894902855,140.18457530394986,18300
2022-06-07,142.6109619140625,144.43320946729122,139.9370094004941,140.08555644118073,52500
2022-06-08,136.6193084716797,143.57159662237595,135.5992452308881,143.5517853144343,60500
2022-06-09,131.08328247070312,135.47054432160073,131.08328247070312,135.45074811796385,40100
2022-06-10,129.22137451171875,131.08324470638874,126.31964479627386,129.11243497667738,76400
2022-06-13,127.66651153564453,129.24117044532085,126.131460128725,127.86457927262778,53200
2022-06-14,127.28025817871094,128.48849086768783,124.5468799278943,128.32013255681042,31800
2022-06-15,124.78459167480469,127.35951786511578,123.7942377726237,127.35951786511578,110000
2022-06-16,122.89300537109375,123.76452159304277,118.8721711660843,123.76452159304277,63500
2022-06-17,126.59693145751953,127.1317158747366,116.3467708641914,117.8620110098399,38500
2022-06-20,127.121826171875,129.32041302087518,125.78484992893723,126.270121220356,30700
2022-06-21,125.66600799560547,129.69675569367166,124.93314821223014,127.16143697095501,41600
2022-06-22,124.96284484863281,125.6461913997668,122.3978245352835,124.09133621033729,51800
2022-06-23,128.48854064941406,130.61779582490408,124.83413176537832,124.83413176537832,73100
2022-06-24,135.00502014160156,135.5794119745212,128.5875174514326,128.5875174514326,56600
2022-06-27,135.2427215576172,136.51037329749263,134.0344886318608,134.79706534012362,41500
2022-06-28,134.61880493164062,139.41212952597346,134.1533524786384,134.59900873302914,48700
2022-06-29,137.4978485107422,138.1026056672576,130.24076263255733,130.24076263255733,50400
2022-06-30,137.4680938720703,138.0629272456958,135.1085473120996,136.13961603058505,85500
2022-07-04,138.1918182373047,138.87588949337496,136.64523024668995,138.3405228026999,11800
2022-07-05,141.2354278564453,141.3147268682683,137.24005561081742,138.0926637003549,36300
2022-07-06,141.0272216796875,141.2254994579301,138.2314550853048,140.96773985897718,30900
2022-07-07,144.86398315429688,146.73773656856494,143.01997065711018,143.01997065711018,56300
2022-07-08,145.35964965820312,147.78860156062095,142.30612352248815,145.61742437991657,44500
2022-07-11,143.30747985839844,145.63727064731657,143.2281657072365,145.42908423719058,48600
2022-07-12,144.2592010498047,146.529524845825,141.78069087016496,141.78069087016496,57700
2022-07-13,139.450927734375,144.20967123834498,138.67763361683808,141.18588520047447,40300
2022-07-14,135.0590057373047,138.3703076498499,132.85808694550326,136.59568545268016,82800
2022-07-15,142.03848266601562,142.05829985794188,135.91159689988578,135.91159689988578,39100
2022-07-18,146.73770141601562,147.03512564320656,142.89106416125313,142.89106416125313,54200
2022-07-19,154.13360595703125,154.53016156995892,146.52953786555986,146.7278156720237,74100
2022-07-20,153.04306030273438,154.97631057954626,152.39865362888204,154.71853580790338,54800
2022-07-21,153.83616638183594,155.53147398287177,152.52752088724068,153.40986989672265,49700
2022-07-22,152.6266632080078,155.5711346924212,151.41714895586907,153.93532392447,34100
2022-07-25,151.78396606445312,153.6676277078868,150.22745444511955,153.6676277078868,24400
2022-07-26,152.3292236328125,152.3292236328125,150.69341302926847,151.7542226059319,39800
2022-07-27,154.0245361328125,155.55129173665128,152.20035628396926,154.15342350209372,89000
2022-07-28,157.65306091308594,157.79185686146377,154.2822783947874,154.2822783947874,46900
2022-07-29,159.6160888671875,160.65706638532535,156.82032154005321,157.65311263114074,45300
2022-08-02,157.25653076171875,159.86392867174845,157.25653076171875,159.62598621568637,27500
2022-08-03,159.7747039794922,160.74627585657532,155.8586604278397,157.23671165622255,23900
2022-08-04,158.4759521484375,162.90752970556858,158.1091223430028,161.81697913961588,40100
2022-08-05,160.74627685546875,160.76610917526276,155.20433099180673,156.67160497638463,45800
2022-08-08,163.0859832763672,164.04764651562337,159.18977221376107,160.7363602730437,25600
2022-08-09,158.2479248046875,161.59887565606485,156.6418549304187,161.54930242328305,37900
2022-08-10,190.84530639648438,195.77258642638563,166.45675729424633,166.50633052922544,115700
2022-08-11,187.7521209716797,192.43154972512332,181.7838638100405,190.84529704924773,113800
2022-08-12,191.34100341796875,194.3053073106488,187.22668219345184,189.556472899426,53700
2022-08-15,192.44146728515625,192.82811431286356,187.63315092861745,190.7957327046061,39400
2022-08-16,187.90086364746094,192.3621831845238,187.83147320991853,192.3621831845238,76300
2022-08-17,189.3482666015625,189.8142277193234,184.33174935774568,187.89090142518273,50600
2022-08-18,186.85986328125,192.1539733167696,186.50295715669392,192.1539733167696,26600
2022-08-19,185.05552673339844,186.55254175185354,183.31064551704938,186.55254175185354,26700
2022-08-22,181.99208068847656,183.36020823101654,179.92995808692922,183.36020823101654,43000
2022-08-23,182.41835021972656,184.34167655007207,180.28683750462244,182.41835021972656,81300
2022-08-24,184.69859313964844,185.37274068932493,182.54724798476693,182.80500761359147,36600
2022-08-25,185.8288116455078,186.2848491207046,181.49637999299821,183.85591177810457,85400
2022-08-26,182.41835021972656,185.82878266599374,180.01915416802134,185.82878266599374,40000
2022-08-29,181.2386016845703,183.40977933057977,179.50364431252427,179.50364431252427,37300
2022-08-30,180.07864379882812,183.1222617092854,179.5532008253007,182.6067273310151,50400
2022-08-31,179.4441680908203,182.01190145110237,178.55191032263548,181.75414179371367,50500
2022-09-01,178.25448608398438,179.66227829504837,175.9246800596996,179.30537216212875,38700
2022-09-02,176.0238037109375,181.25841622992468,174.794457161923,178.46264936329734,37500
2022-09-06,176.71778869628906,177.91739436687683,173.05950498392315,177.91739436687683,35700
2022-09-07,179.14674377441406,180.08857478021073,175.82554863527545,176.37080886709631,49500
2022-09-08,180.94114685058594,181.00064380050543,177.32252813651445,177.32252813651445,24400
2022-09-09,185.8288116455078,186.97884418512862,180.94118091593336,180.94118091593336,34100
2022-09-12,184.52012634277344,186.3740622974796,183.12225805807518,185.39256679204695,24000
2022-09-13,180.43556213378906,184.2326419874143,179.89028680511203,181.992073969501,35400
2022-09-14,185.52146911621094,187.1473713669366,179.18639700865845,179.18639700865845,28800
2022-09-15,183.41966247558594,185.39256203084338,181.06013106379703,184.1533069370543,38000
2022-09-16,186.87969970703125,190.89488991459126,180.76273734625974,180.76273734625974,54300
2022-09-19,185.79904174804688,187.37537060024417,184.8076376707969,185.46196799241207,41700
2022-09-20,185.8783721923828,186.17578133954214,182.54725359555536,184.3317689890193,39500
2022-09-21,181.05023193359375,185.88828931774444,179.66227209107234,185.88828931774444,19600
2022-09-22,179.68211364746094,181.22870187366564,177.41178941908396,180.92136897328248,26800
2022-09-23,175.557861328125,179.30536807453564,173.67418423102455,177.0647999802798,33300
2022-09-26,178.62127685546875,182.0118770996201,174.8836791214326,174.91342003455117,51700
2022-09-27,172.9702911376953,180.1381392328802,172.7224400889083,179.33510425523068,70800
2022-09-28,174.65110778808594,176.89352646001663,172.4483713770213,172.4483713770213,50100
2022-09-29,173.49020385742188,175.01822067082747,171.53552326577915,173.59934899695955,33000
2022-09-30,172.59719848632812,176.96298904015237,172.28961175974254,173.92677375485013,105800
2022-10-03,168.66798400878906,172.9444624828135,163.61755770812138,172.9444624828135,74100
2022-10-04,173.67872619628906,174.26414933661596,170.56314624217083,170.56314624217083,43900
2022-10-05,174.45269775390625,175.04802261529804,172.1606493461536,172.41863707886935,110700
2022-10-06,184.33518981933594,185.7342278988316,171.65458094673485,172.8055632734173,41800
2022-10-07,180.544921875,184.2955239804886,178.4314818278941,182.8567883738895,43700
2022-10-11,181.09060668945312,183.39257122022852,178.49098738325057,179.4435280849799,17000
2022-10-12,182.37059020996094,184.10698045788473,181.1402282409884,181.5768087828858,23800
2022-10-13,184.38478088378906,185.69450722159465,178.5703541611285,179.89992919590503,46500
2022-10-14,182.90638732910156,188.66128385600751,182.2515165042203,187.510301522602,58400
2022-10-17,188.37356567382812,188.48271082279865,184.54358381921278,184.54358381921278,49700
2022-10-18,191.11209106445312,191.61811939280545,189.57414223812515,190.47706888882308,40900
2022-10-19,187.83778381347656,192.64014078088042,187.72863864875714,190.96329618128263,41100
2022-10-20,185.79373168945312,188.76048350973036,185.04956453982916,187.17292086781814,69000
2022-10-21,186.57762145996094,188.2147986274246,185.84338606981606,185.84338606981606,44200
2022-10-24,187.00425720214844,188.36359777412736,184.4542369996929,185.91280592091837,17300
2022-10-25,191.32046508789062,191.37999605137094,187.87744972546415,187.87744972546415,27500
2022-10-26,191.54867553710938,196.3212663017847,191.54867553710938,192.73934024806894,41800
2022-10-27,190.2488555908203,196.25179301115836,190.2488555908203,191.55858216139723,43800
2022-10-28,194.16812133789062,196.1228018595581,188.52237004414906,189.51459304438143,60900
2022-10-31,192.35235595703125,196.52962154796114,192.35235595703125,194.1978913864969,48200
2022-11-01,198.47438049316406,199.00025751173638,192.3920481982033,192.3920481982033,48000
2022-11-02,199.77418518066406,202.1654463639231,196.95627535331894,198.68274891013462,92500
2022-11-03,198.75221252441406,201.38161290003177,197.34325749821303,197.6210787630908,41300
2022-11-04,196.06332397460938,202.56237427327088,194.98178910510165,200.69700482317728,62700
2022-11-07,200.25047302246094,202.8699413971044,196.12282129874302,197.50201080016285,25700
2022-11-08,201.0144805908203,205.14213245177464,198.23625279440398,202.304373689884,73100
2022-11-09,203.42556762695312,204.2887968087814,194.48562853466402,194.48562853466402,81600
2022-11-10,207.44407653808594,211.1053668079444,205.64814013271814,206.8785021426676,82100
2022-11-11,210.25205993652344,214.46900793307103,207.1960262411566,207.8707306533455,51200
2022-11-14,205.91604614257812,211.93884725861759,205.8565151826374,211.93884725861759,55100
2022-11-15,203.90182495117188,209.0514647044749,203.7033833807035,208.30729746012756,47100
2022-11-16,202.19520568847656,204.91390221216184,200.06193225274822,203.67362343787286,60000
2022-11-17,203.30648803710938,204.90396768366097,201.38158812162104,201.80823674728634,31200
2022-11-18,203.66368103027344,205.15201548277795,202.5920784076557,203.47517138399115,25600
2022-11-21,207.1464080810547,209.8650895181026,203.18743270519587,203.18743270519587,45900
2022-11-22,211.55189514160156,212.35559343523065,206.64037865364952,207.513539831974,31700
2022-11-23,213.6355438232422,215.80851473889476,211.83962251381166,211.83962251381166,65300
2022-11-24,214.69723510742188,215.3124085727906,211.83962778935847,213.41725885448818,24000
2022-11-25,214.32020568847656,214.98499339856573,212.01824065641483,214.69725533962009,50100
2022-11-28,212.673095703125,214.55832867793237,208.1584775683437,214.33010646395502,28000
2022-11-29,210.40090942382812,213.0898255213208,209.35907215050483,212.53418301291444,42600
2022-11-30,216.80076599121094,217.81283787946649,209.81552142825177,209.88496917835917,54400
2022-12-01,216.53280639648438,221.0077415133121,215.31237642831337,218.28904522686148,88700
2022-12-02,216.3046417236328,217.0984232533956,214.79645833109586,216.07643464361766,42500
2022-12-05,214.05226135253906,217.3960631234822,213.8339710835711,216.32446047767255,24500
2022-12-06,209.4285125732422,214.3796955754529,208.69426211438227,213.40732129002743,32100
2022-12-07,214.8857421875,216.97931818113463,208.89270679432423,208.89270679432423,37200
2022-12-08,215.64976501464844,220.5711982544541,211.20460976393952,216.2451049309579,26500
2022-12-09,214.32020568847656,216.3641830054931,214.23090923640282,215.59025014060575,30800
2022-12-12,211.4725341796875,214.84608698319988,211.11533322424654,213.3676689737117,19800
2022-12-13,208.04931640625,215.3024794294338,207.37461201718463,215.3024794294338,32600
2022-12-14,212.54412841796875,212.56396198015383,207.87075070233809,208.04934360274655,25900
2022-12-15,213.258544921875,215.01478438827615,209.45834303612057,209.45834303612057,33400
2022-12-16,217.2373046875,218.2791418590263,211.33358090234609,211.33358090234609,58900
2022-12-19,210.25205993652344,215.709286755585,209.8948590300345,214.72699561783222,34900
2022-12-20,210.21238708496094,211.83963236732987,209.35907461127215,209.61704716745786,20800
2022-12-21,209.547607421875,211.0954730983195,207.9402107794324,211.07562439627895,35100
2022-12-22,207.3746337890625,208.94234814839749,205.27112560216605,208.48591884778162,9900
2022-12-23,205.5786895751953,207.3646940360832,203.90183025192061,206.3823877975644,20200
2022-12-28,207.2357177734375,207.43415936589344,202.4234296707351,202.4234296707351,17900
2022-12-29,205.58448791503906,208.50368080311827,205.58448791503906,207.38167417790498,33400
2022-12-30,207.67955017089844,210.49944475692524,203.54899139230977,205.11780982698872,29000
2023-01-03,207.30223083496094,210.43986764132188,204.49226007016162,205.80292423640822,34700
2023-01-04,211.50228881835938,211.55193794359954,206.5277555453246,207.87812993761392,33200
2023-01-05,213.6072998046875,214.2030438726495,209.5462375934329,211.80017461839424,31800
2023-01-06,210.5789031982422,212.55482346649447,208.00723881022063,212.55482346649447,13600
2023-01-09,209.54624938964844,213.69667117212362,209.54624938964844,211.4625967022317,7400
2023-01-10,210.0029754638672,211.62144295990151,209.04976380250835,209.5760263322278,16900
2023-01-11,212.58457946777344,213.37890484703283,208.66252594144933,210.57887303833695,18400
2023-01-12,211.82997131347656,214.4711474131796,210.02286119053403,212.94205423222823,18700
2023-01-13,210.91644287109375,213.7462760068437,208.5234977430454,210.98595466812992,20600
2023-01-16,211.07533264160156,212.48527987689607,209.5065142711452,210.171770105002,4900
2023-01-17,211.9590301513672,216.357666708105,210.25120334425304,210.25120334425304,13500
2023-01-18,208.69229125976562,213.97464237166514,208.69229125976562,211.4824141723377,19100
2023-01-19,207.01429748535156,212.33635960649897,205.84264173607767,208.74197193741216,30400
2023-01-20,209.64552307128906,210.88667540905857,206.21000673399755,208.27528604214024,26900
2023-01-23,211.35336303710938,211.46258505565336,208.51360570575196,210.022851284509,22300
2023-01-24,207.60009765625,210.3207089197756,206.21993692109604,208.63272969122326,33700
2023-01-25,204.61141967773438,205.85257203133605,201.07660504801692,205.85257203133605,30500
2023-01-26,206.1702880859375,208.03698597378073,204.3830257625541,205.36602382811117,21800
2023-01-27,200.17308044433594,208.11645641195582,197.18437554001508,208.11645641195582,56700
2023-01-30,196.54888916015625,201.06668688324564,196.26094847244707,200.17306322407893,78400
2023-01-31,202.0397491455078,202.3773541147536,196.41982256213726,196.41982256213726,58400
2023-02-01,199.31912231445312,202.40710963680974,196.96588740816097,202.40710963680974,24000
2023-02-02,201.84117126464844,204.32347612096376,197.03543269901073,200.72910353727084,43900
2023-02-03,201.5730743408203,203.31068770785362,200.39150997789807,202.01990132725783,24500
2023-02-06,201.75180053710938,202.72485974363553,200.16311945843412,201.61279207903422,20400
2023-02-07,201.61279296875,202.2879725821559,199.249634020258,200.62979484251835,21300
2023-02-08,205.7135772705078,208.51362464526517,203.58872474920184,203.93625351725902,37300
2023-02-09,208.29513549804688,209.20862174255785,205.32629384029786,207.0341205607093,36000
2023-02-10,209.86398315429688,210.96612712060735,207.84835281557923,207.9277883893694,32400
2023-02-13,213.259765625,213.63708079729508,209.86397452670192,209.86397452670192,60900
2023-02-14,212.75338745117188,213.7065840252119,211.2540656314338,212.4852942862541,20800
2023-02-15,216.1392364501953,217.15202105164468,212.43564192778297,212.58458930637659,40600
2023-02-16,216.1392364501953,217.53925999473032,212.86260623214133,212.87252999706647,19300
2023-02-17,213.8852996826172,217.81726173038987,213.8852996826172,217.14208214369995,15700
2023-02-21,215.41439819335938,215.72220155111566,210.84696664945326,214.7690050335985,47000
2023-02-22,215.4640350341797,217.16193801346708,214.75905387532632,215.48389771280807,31100
2023-02-23,214.0839080810547,217.91658751855775,213.9349758448097,217.91658751855775,24500
2023-02-24,214.4711151123047,215.31510472745867,212.44556124703377,212.44556124703377,31600
2023-02-27,215.4640350341797,218.44280049548172,214.32218100099442,216.24843660597733,46900
2023-02-28,214.3520050048828,215.74208973676397,213.9449033509793,215.722227054655,61400
2023-03-01,212.27676391601562,213.9548043320221,211.67108095788524,213.9548043320221,32600
2023-03-02,211.85977172851562,212.09807847341386,210.65834453944197,212.09807847341386,15600
2023-03-03,212.3760528564453,212.3760528564453,210.03275669582302,210.3107736004066,22700
2023-03-06,214.193115234375,216.42718952767282,211.16470038441412,212.5647239110694,25500
2023-03-07,214.044189453125,215.26547919467956,212.23706425353615,212.4455845268681,24700
2023-03-08,214.51084899902344,217.12223854640453,212.88245762536963,215.42435051544138,13700
2023-03-09,211.57180786132812,214.7094448140957,210.99591132057054,214.7094448140957,19600
2023-03-10,211.7108154296875,214.17325757739187,211.26400359070522,211.9888323584225,23100
2023-03-13,212.07818603515625,212.88245035401374,207.5008154474548,209.42708636712064,19600
2023-03-14,211.84982299804688,215.55341754436355,211.55194338972314,211.55194338972314,24600
2023-03-15,213.18035888671875,214.16335716027444,208.5136283304333,211.40303510205842,17100
2023-03-16,216.95346069335938,218.18468944860294,212.03849973984583,212.85268791529694,21500
2023-03-17,214.22291564941406,216.9236646277176,213.47822416975214,215.38463253959225,29200
2023-03-20,209.50653076171875,215.16618282796807,209.1391544896774,214.22291000872428,27600
2023-03-21,207.17312622070312,210.99588118723256,207.0639042173513,210.21147963645802,49500
2023-03-22,207.3220977783203,210.0526330300322,200.30213260426913,204.56177608137986,66100
2023-03-23,209.06961059570312,214.17322801266718,208.03697859591682,214.17322801266718,57700
2023-03-24,209.93348693847656,210.81720204534565,208.8611445328741,210.79733936352721,27500
2023-03-27,210.340576171875,211.98883019742067,208.05685272272916,211.98883019742067,20100
2023-03-28,209.61570739746094,211.31361022511174,204.83975629183033,210.32068849335374,31100
2023-03-29,212.1576385498047,212.18742499726827,207.27246420554567,208.0568659067317,13500
2023-03-30,212.48251342773438,216.5960390335086,208.2994281690081,216.54635573300212,17300
2023-03-31,214.6585235595703,219.06020376760745,208.81613358334602,213.1681153233837,24300
2023-04-03,212.48251342773438,215.2546657259066,211.01196657105842,213.86362427901275,21900
2023-04-04,211.66778564453125,213.36685777820074,207.66355655636568,209.83955510110036,20900
2023-04-05,213.1184539794922,215.41368031067708,211.63797629292606,212.4825470515396,22600
2023-04-06,213.93321228027344,215.3341997689288,212.60178445871708,213.128394196515,22100
2023-04-10,223.58108520507812,223.58108520507812,211.96583597268133,211.96583597268133,31000
2023-04-11,220.93812561035156,225.80678662860944,220.93812561035156,222.15032556629967,28800
2023-04-12,219.47750854492188,222.567622119186,217.5995948397399,219.1794238759119,44700
2023-04-13,216.0893096923828,219.56692877818995,215.98995824380364,219.56692877818995,35500
2023-04-14,214.1319122314453,215.62232045628048,211.8366859909938,215.62232045628048,90400
2023-04-17,212.25399780273438,215.125517033712,212.1645769482193,214.23127816612808,24700
2023-04-18,214.141845703125,214.141845703125,212.66136816002614,212.8004723132477,12300
2023-04-19,212.47259521484375,213.60530487164345,211.0418008775775,212.0254757747522,32400
2023-04-20,212.17449951171875,212.92964935116558,211.45911754146698,212.63156468618476,15500
2023-04-21,213.1680908203125,216.32776380166527,212.1148715469332,212.17448544373354,29400
2023-04-24,214.07228088378906,214.7379946839547,212.29373388468574,212.29373388468574,99300
2023-04-25,213.6251678466797,214.47966912451503,212.35335410681532,212.35335410681532,56600
2023-04-26,214.8870391845703,216.52648199255887,212.6712882772119,213.64503246299873,41300
2023-04-27,223.80963134765625,223.8692452498566,216.53643205489024,217.08291809375373,84900
2023-04-28,224.505126953125,231.1324728523117,223.8692201323081,223.8692201323081,57500
2023-05-01,226.45263671875,227.8536241345597,224.23688550269338,224.48528688161497,89400
2023-05-02,227.11834716796875,227.98277910198314,224.96222505080888,226.45263330184983,39600
2023-05-03,227.53565979003906,228.082145847979,225.1808196036267,226.28372231648123,30500
2023-05-04,226.51226806640625,227.5754181662253,225.88629169173134,226.96931814853542,22600
2023-05-05,227.12828063964844,228.36035693414107,225.54845151224154,226.70103754632655,26900
2023-05-08,227.20774841308594,228.4398245856388,226.53210400831577,227.12825816054553,47300
2023-05-09,226.0651092529297,227.53564102840963,224.41572061813685,227.03883831874063,31900
2023-05-10,242.9365234375,243.1153651344264,228.49943800194376,228.51931435534073,134100
2023-05-11,238.5845489501953,245.7881888596695,237.47171563645904,243.1452097395458,125200
2023-05-12,242.65834045410156,243.43335154407922,235.42489350683198,239.0714239330646,92200
2023-05-15,236.8656005859375,242.67819848303202,235.3851230201073,242.67819848303202,35900
2023-05-16,240.48231506347656,241.50572741817288,235.04729228287383,237.71016265325983,30400
2023-05-17,240.4525146484375,242.08202695117663,239.93583557843272,239.93583557843272,59000
2023-05-18,242.1913299560547,242.67820208764516,239.67750936469017,239.9954552268514,51900
2023-05-19,245.19204711914062,245.57955267924726,241.44614993063146,241.44614993063146,38600
2023-05-23,236.6171875,243.45319745015425,235.33544321495364,243.44325169305426,50200
2023-05-24,236.84573364257812,237.40215028611576,231.16230907864403,233.03029223442022,57400
2023-05-25,238.8627471923828,242.12177189746612,237.91882503496706,237.91882503496706,31200
2023-05-26,243.83078002929688,245.6093423382736,238.86275260277316,238.86275260277316,43900
2023-05-29,244.79458618164062,246.42409862180676,244.34746673158116,244.92375975033977,11900
2023-05-30,247.7455596923828,247.80517358887874,245.42052676175248,246.9109348190101,27000
2023-05-31,244.44683837890625,248.40138416974781,241.78396765677357,248.27221059839,130700
2023-06-01,246.41416931152344,247.00039293046763,242.90674303381726,244.41702767151253,23200
2023-06-02,246.01670837402344,248.41128591679038,244.27789888677913,245.88753481766776,41300
2023-06-05,248.77891540527344,249.22603478595948,243.45319005815966,243.45319005815966,23300
2023-06-06,250.99468994140625,252.6142717836769,247.59656089686902,247.59656089686902,59300
2023-06-07,250.25941467285156,253.13093398709862,249.39498273170557,249.39498273170557,70600
2023-06-08,243.43331909179688,250.7065177804125,243.43331909179688,249.03725285137983,33500
2023-06-09,242.7378387451172,243.45323595356626,239.59804157039275,243.44329019489328,27000
2023-06-12,245.40066528320312,246.70228597297316,242.94645865393608,243.5823655237938,46800
2023-06-13,245.80804443359375,247.60646781936188,244.11891825055704,245.36092502649808,33100
2023-06-14,247.4872589111328,247.61643247727943,243.16506893645956,244.18848138505467,21000
2023-06-15,246.29493713378906,249.36517450184223,245.8974858355386,248.39144535325792,28300
2023-06-16,249.8222198486328,251.26295993104327,245.10259379426947,245.10259379426947,53300
2023-06-19,246.08627319335938,251.3027020859047,244.89394962159238,251.3027020859047,9300
2023-06-20,246.88111877441406,248.00389765443467,244.17851105060083,244.66538312273678,66000
2023-06-21,246.23532104492188,246.66256413038207,242.31056721075214,243.98976292307387,33200
2023-06-22,243.6717987060547,246.80164971517496,243.15511964241423,245.83785124469097,23400
2023-06-23,238.7136993408203,242.66824462066012,238.46529798874872,242.66824462066012,18700
2023-06-26,239.29002380371094,241.98268632442299,237.26306001364057,241.98268632442299,67100
2023-06-27,242.12176513671875,242.81730107022955,236.54765320082961,238.50504195956867,38800
2023-06-28,245.75836181640625,247.79525596687913,240.4127749474591,246.96063104980843,35400
2023-06-29,250.5076446533203,250.5374693289076,245.5366631190166,245.5366631190166,34000
2023-06-30,251.28314208984375,252.52588759968472,248.61870299845668,251.4620901615489,27500
2023-07-04,248.54905700683594,251.24333545969148,246.56066455078124,251.24333545969148,13900
2023-07-05,246.5706329345703,248.08181564423978,243.8067682768915,247.24669434556685,31300
2023-07-06,244.8208465576172,245.8349310631046,241.63942133182857,245.8349310631046,35700
2023-07-07,242.7230682373047,245.6658957681846,240.60542540200856,243.44882724128342,29300
2023-07-10,242.94183349609375,243.42899519455133,240.61541755534503,243.42899519455133,23000
2023-07-11,241.9178009033203,244.1746308770289,239.74050845844644,242.842396231838,48900
2023-07-12,242.7330322265625,245.7553976189467,241.6294736737894,241.6294736737894,49900
2023-07-13,241.9178009033203,243.0511841413082,240.20778195895508,242.74298569846897,66400
2023-07-14,243.52838134765625,246.12323430488905,240.31713153713414,240.31713153713414,27800
2023-07-17,243.57809448242188,246.56068339445153,243.52838163317506,243.52838163317506,22000
2023-07-18,242.8324432373047,246.54079114225053,241.77859759972475,241.77859759972475,39200
2023-07-19,242.19619750976562,243.62784282333882,240.94351544550605,241.5996735723655,41400
2023-07-20,242.76283264160156,243.62779369342735,240.4563052339381,241.6990505443818,57700
2023-07-21,241.07272338867188,244.97992287901877,240.93353650839322,242.76285412640775,21000
2023-07-24,242.75291442871094,243.96583515670042,240.1680130903875,242.01720368821884,32600
2023-07-25,239.98904418945312,243.86640369037917,239.40247201345716,243.86640369037917,36300
2023-07-26,239.48199462890625,240.39665334730486,237.9409874261854,240.09839144190232,40800
2023-07-27,239.35276794433594,241.83825878487943,238.2790340807933,240.99318583100177,44400
2023-07-28,239.48199462890625,241.11247585217868,238.01057327431525,240.11827961432402,24700
2023-07-31,240.85400390625,242.94182232335572,238.60712560145336,239.50189625436582,48600
2023-08-01,239.60133361816406,239.8896439007273,236.2906577689042,239.06447423433718,25600
2023-08-02,235.81341552734375,238.98490405344384,235.1671788502016,238.98490405344384,22400
2023-08-03,233.65602111816406,236.62865837731542,231.26994087106203,235.77364894356108,19300
2023-08-04,233.85488891601562,235.27658255010317,233.52680226886454,234.33209896176547,11900
2023-08-08,232.9998779296875,236.36026674623486,232.24429409772455,233.23849053620756,58600
2023-08-09,236.94680786132812,237.13570758704952,232.2243753992198,232.2243753992198,53900
2023-08-10,247.694091796875,247.8631033653393,236.94683108337287,236.94683108337287,42800
2023-08-11,242.08680725097656,244.87056001932578,239.49195421326357,243.08100358465612,55500
2023-08-14,240.3966827392578,243.87636999719098,239.71068482402808,241.38092742612437,30300
2023-08-15,238.63693237304688,241.24172177761156,236.88715237787667,236.98656290394544,43300
2023-08-16,241.50025939941406,241.9377082575673,238.09015774261684,241.43065836732893,48200
2023-08-17,240.08847045898438,241.86807516486792,238.02054033015781,240.60544161351726,34300
2023-08-18,241.5897216796875,242.5839180652006,238.2591577201254,238.74631941031066,53100
2023-08-21,238.8258514404297,241.75872767609047,238.60712702703628,238.96503832438614,23700
2023-08-22,240.28732299804688,241.54000496247048,237.6626451890883,237.6626451890883,24300
2023-08-23,242.02716064453125,242.38507193552647,241.11250182759505,241.11250182759505,10900
2023-08-24,238.73635864257812,243.82663876455473,238.54745892129313,243.76698941472398,15000
2023-08-25,238.58724975585938,239.76040940587814,237.90125180706846,238.64689911310498,10900
2023-08-28,238.8556365966797,239.2433725071346,237.61289134903828,238.7959872520297,28600
2023-08-29,240.98326110839844,241.74879657237088,238.58724418013938,238.85568145170453,37800
2023-08-30,242.59384155273438,244.57229771504615,240.24753760199212,241.22186093009074,31400
2023-08-31,242.2757110595703,244.80096311471905,241.28151470915654,241.59964965276808,51800
2023-09-01,243.84654235839844,245.3477733815899,242.80263315965075,242.87221901544333,8200
2023-09-05,242.9915008544922,244.34360831540127,242.15637967369756,244.34360831540127,23900
2023-09-06,241.77862548828125,245.17877536351824,240.14814399541496,240.14814399541496,13600
2023-09-07,241.77862548828125,243.66759258444628,241.2616391114505,241.78856199101972,14800
2023-09-08,242.06689453125,243.62778989856483,241.0428736250135,241.05282529628977,30600
2023-09-11,244.01556396484375,245.8548181810081,242.07688404175892,242.07688404175892,42100
2023-09-12,245.6162109375,247.53500260844447,243.95590485588875,244.681663942648,47000
2023-09-13,247.65431213378906,248.54908276364534,245.1688213061526,245.5664937704816,48800
2023-09-14,254.57391357421875,254.85228733709164,247.68414018776622,248.54908615310467,52200
2023-09-15,250.77609252929688,255.40903598619104,250.16963214960663,254.23589157610013,90900
2023-09-18,252.13815307617188,255.3494032446417,248.27072963382773,249.71231139959406,37000
2023-09-19,249.72222900390625,252.1381339948,245.64603311850266,245.64603311850266,47100
2023-09-20,247.2566375732422,251.04452336761236,246.91861444366592,250.10003983721614,46800
2023-09-21,245.15887451171875,250.1696326152608,244.9501017733734,247.98238850723635,33800
2023-09-22,243.57809448242188,245.79514799269904,243.2698960554159,243.87635640767118,52200
2023-09-25,244.3535614013672,245.46705638466995,242.0867950880829,242.0867950880829,17200
2023-09-26,240.59552001953125,244.87056741756118,239.61126015816762,244.87056741756118,45200
2023-09-27,239.7405242919922,241.7090289574048,239.3527882947104,239.47208701072526,20600
2023-09-28,240.990966796875,243.43818824703663,238.98146098653783,238.98146098653783,19100
2023-09-29,240.27468872070312,242.51299473798414,240.06578865960137,241.35901999266528,29700
2023-10-02,240.92132568359375,242.4035872640105,237.84738879121517,240.26476739689582,25300
2023-10-03,238.98146057128906,239.7474629396509,231.60998372436674,231.60998372436674,24700
2023-10-04,241.20982360839844,241.71716754544562,234.01740398803565,234.01740398803565,18100
2023-10-05,241.43862915039062,241.43862915039062,238.76260727140053,239.6579388717481,22900
2023-10-06,239.39927673339844,240.14537879907016,236.69341202753694,236.69341202753694,18800
2023-10-10,241.32920837402344,243.9654449100729,239.39928850718712,242.7119836632279,35100
2023-10-11,241.1302490234375,242.19469530090544,239.64798739334697,241.32920654666452,25400
2023-10-12,238.75265502929688,240.81190396507736,238.45421117461328,240.7124176203545,44400
2023-10-13,237.04159545898438,239.7375175609256,236.26565053684322,239.7375175609256,57000
2023-10-16,239.0411376953125,239.7474543018972,236.7630461570603,237.48924788871489,26300
2023-10-17,237.53900146484375,238.98146242879943,235.77819633200892,235.77819633200892,39000
2023-10-18,237.24057006835938,237.75787178022944,233.92787488687057,233.92787488687057,37700
2023-10-19,230.99317932128906,236.7928807687634,230.79422182113322,234.07707370189965,83000
2023-10-20,230.9335174560547,231.83879163173032,228.80464010745175,231.83879163173032,38100
2023-10-23,232.13722229003906,232.78383799044076,228.98368428923035,228.98368428923035,65300
2023-10-24,230.8937225341797,232.2167968233459,228.93395991770583,229.00358821632685,45800
2023-10-25,230.4162139892578,231.9382610213174,227.55119231804983,227.55119231804983,45900
2023-10-26,233.49014282226562,233.7786289194059,230.43609132001714,230.43609132001714,55900
2023-10-27,231.24188232421875,236.5242821809915,230.81412445354246,230.81412445354246,76500
2023-10-30,236.23580932617188,241.7669101656636,232.10738400173057,232.10738400173057,70900
2023-10-31,235.20120239257812,236.8525785690331,233.85822781348537,235.40017508235636,42500
2023-11-01,238.2254180908203,238.88199155532942,234.04724953578267,238.88199155532942,28000
2023-11-02,239.74745178222656,243.77640577131027,238.28509059226664,238.28509059226664,25300
2023-11-03,246.263427734375,246.5519138575123,240.632840436306,240.632840436306,28000
2023-11-06,246.30319213867188,250.17297396047186,244.8209458588942,244.8209458588942,65700
2023-11-07,245.64663696289062,248.7006887063577,245.55710835803285,245.72622300481493,26800
2023-11-08,247.70590209960938,248.70070491928652,243.9952918324698,243.9952918324698,40800
2023-11-09,241.76690673828125,249.03891228032361,241.33914884968348,245.71627479859313,63900
2023-11-10,242.6324005126953,245.44769430075317,236.85259858612045,236.85259858612045,59500
2023-11-13,241.77687072753906,244.25393521429956,239.7474796534301,242.66224463028306,49100
2023-11-14,244.85081481933594,247.02943535156226,243.5476255970965,247.02943535156226,57700
2023-11-15,248.86981201171875,249.18815619049158,243.61725449785442,243.80626945656505,36400
2023-11-16,249.64573669433594,249.91433767592125,245.96496970830876,247.705874448408,27500
2023-11-17,250.6902618408203,251.45626411336707,248.9692575474859,249.098571566863,58900
2023-11-20,252.2521209716797,252.72962200426142,247.5566511427542,247.5566511427542,41300
2023-11-21,251.18768310546875,252.34165788677217,248.30276133169485,250.69028175278464,74800
2023-11-22,257.32562255859375,257.32562255859375,251.41647703199465,251.41647703199465,31300
2023-11-23,258.49951171875,262.130535839803,255.71404568419624,255.85333264746131,27300
2023-11-24,256.9973449707031,263.5232487388825,256.9973449707031,263.5232487388825,21900
2023-11-27,259.6435546875,260.35981398375554,256.49997390721035,259.56398381412714,40500
2023-11-28,259.9021911621094,262.8467989713415,258.41991433506246,261.1158518014305,37200
2023-11-29,258.40997314453125,262.55828362850025,255.90305077421888,262.55828362850025,49800
2023-11-30,257.39520263671875,258.1512622912458,255.63441304858375,256.5496447545357,52000
2023-12-01,259.2853698730469,260.1408855553417,257.49470693873906,257.49470693873906,31200
2023-12-04,257.9424133300781,261.13572165436835,256.1915507766868,256.1915507766868,26700
2023-12-05,258.6487121582031,260.230444870248,257.43505160217893,259.87233045648856,39300
2023-12-06,258.6487121582031,262.42895042308106,258.2706822599213,260.96658918228934,33100
2023-12-07,259.1461181640625,259.8424922374583,258.5293453122398,258.6487167856286,22900
2023-12-08,259.3052978515625,260.469200110202,258.46966715436776,258.64872436970126,38400
2023-12-11,263.6227722167969,263.6227722167969,258.5691867714959,259.30533121300266,39500
2023-12-12,270.5665283203125,271.6309444474615,263.622792516495,263.622792516495,53600
2023-12-13,275.9383850097656,276.0577564794567,270.8350421676832,273.5508645390346,45200
2023-12-14,268.59674072265625,279.80815671173923,268.5668978547126,278.04736678512006,69300
2023-12-15,264.7867126464844,268.58683681520785,263.36412136543964,267.55226361314544,189000
2023-12-18,267.71136474609375,270.41722955432147,262.03104930506504,262.09073504385907,119600
2023-12-19,271.4916076660156,272.70526817064587,269.253301597892,272.70526817064587,39300
2023-12-20,270.79522705078125,273.491164152411,269.352781390664,269.352781390664,37000
2023-12-21,271.94921875,273.600594932815,271.1832315734469,271.37224652177315,40000
2023-12-22,276.2666931152344,276.47562357381554,272.4864543995109,273.9886164295306,15100
2023-12-27,273.57073974609375,276.0677042128281,273.43145279719073,276.0677042128281,8900
2023-12-28,275.70074462890625,276.46718011621317,273.6204761464944,275.91972185734613,29900
2023-12-29,277.1938171386719,278.1891628489625,274.9244301342308,276.44730785595385,18000
2024-01-02,270.9728698730469,275.2628068752945,269.7585470553817,274.0684104094913,40500
2024-01-03,269.4201354980469,272.3663802982877,267.7579253823822,271.64973026249083,12200
2024-01-04,267.7877502441406,270.7339642915763,266.663005017697,269.4201009982687,41900
2024-01-05,267.4493713378906,268.24563565715914,265.7572716900241,267.74796286373214,15000
2024-01-08,273.2422790527344,273.4015380030521,266.9517175806483,269.7287100956104,25500
2024-01-09,274.8646545410156,276.78566407141653,271.3710124813233,271.988121833014,28600
2024-01-10,278.218994140625,279.2044069504877,269.8680602629433,269.8680602629433,53800
2024-01-11,277.43267822265625,279.69210170335884,276.03917014149914,279.69210170335884,15400
2024-01-12,277.2336120605469,278.1990985190872,271.98815162115864,276.89519819757385,34900
2024-01-15,275.57135009765625,277.5819675176613,274.2276579265277,276.0789860404156,6900
2024-01-16,276.00933837890625,279.0550936575509,274.67557884434945,275.5713838600322,35900
2024-01-17,274.516357421875,276.20845741934585,274.0286477037227,275.29272592500496,55800
2024-01-18,281.762451171875,281.762451171875,275.5216444843209,276.2084354565805,102000
2024-01-19,286.45050048828125,286.8585958033586,279.3038964499613,281.7624011404278,54000
2024-01-22,286.1718444824219,286.75909478507975,284.5792853287442,286.0921998181913,26500
2024-01-23,292.3828125,293.9156534519601,285.26609650064023,286.86858856931644,112700
2024-01-24,294.4729919433594,295.32897455034794,292.1339237868244,292.66145572208245,74400
2024-01-25,294.622314453125,295.41857882845846,292.81077806737176,293.5274281553874,16500
2024-01-26,296.65283203125,297.5784962143432,294.62231835903003,295.14985034917834,13000
2024-01-29,296.98126220703125,298.96199023349465,283.7332146834484,283.7332146834484,18500
2024-01-30,297.1206359863281,297.8273228838405,293.8459403336257,296.24472696519473,11600
2024-01-31,287.635009765625,296.23478077183535,285.6443183763909,294.9806354764451,47100
2024-02-01,296.125244140625,297.35946281842865,286.66946205936955,286.66946205936955,41600
2024-02-02,298.6036682128906,299.10134099324546,296.1451634629164,296.1451634629164,19300
2024-02-05,292.67144775390625,298.5838034322748,292.67144775390625,298.5838034322748,16900
2024-02-06,295.8664855957031,297.0310533365393,292.9202710651488,297.0310533365393,24900
2024-02-07,297.9069519042969,299.0316973904494,295.0702409973937,295.0702409973937,23300
2024-02-08,295.90631103515625,297.50880292021236,294.2341072902889,297.50880292021236,18300
2024-02-09,302.4358215332031,303.0529310571348,294.622351079796,295.90635564201864,22300
2024-02-12,303.1823425292969,303.21220168884383,298.623641668171,301.1319325722897,39200
2024-02-13,299.1113586425781,302.4855649126087,296.6727494245106,299.46966852943103,25200
2024-02-14,305.1331787109375,305.61095558737577,297.9866037966301,297.9866037966301,23800
2024-02-15,309.9705810546875,310.6772680188684,301.8485562409568,301.8485562409568,31600
2024-02-16,310.44830322265625,313.19546694623307,307.6613475433311,307.76088818377957,12200
2024-02-20,304.8046875,311.0056710149476,302.3561155060157,308.88558007223423,27600
2024-02-21,305.33221435546875,306.0587971754718,302.42579194884854,305.8597462883698,20800
2024-02-22,308.0196838378906,309.1344662053107,306.0688146949056,306.5863835439102,21700
2024-02-23,307.173583984375,309.7614885600754,305.49147790448296,308.0992784565333,23500
2024-02-26,308.15899658203125,309.33349707225835,306.89488825944056,306.89488825944056,40300
2024-02-27,314.4296875,314.6685911134482,307.5618085302574,310.9260817166616,38000
2024-02-28,320.35205078125,323.238547516916,313.26519356798684,313.26519356798684,21400
2024-02-29,317.02752685546875,321.08852341115215,316.20137302302066,317.1668594398293,26400
2024-03-01,310.3388366699219,317.6247439291866,308.5471962286946,316.29098436907867,18600
2024-03-04,308.55712890625,311.5431656376008,308.1490335745677,308.9254019096974,20200
2024-03-05,305.5810546875,309.3235333939709,303.4111782486877,307.6215009659458,24600
2024-03-06,310.0202941894531,312.63805796860913,307.4323895631738,309.9705390598377,29300
2024-03-07,307.1537170410156,313.2253317106505,304.16768002731385,309.55250375375414,27300
2024-03-08,305.5810546875,308.6268097168233,304.5757459366225,304.87433745889484,21100
2024-03-11,308.9851379394531,312.66792893626655,303.580418435791,304.45632745398694,22400
2024-03-12,310.9559326171875,311.40381992637845,309.1443962763581,309.1443962763581,26300
2024-03-13,312.0209655761719,313.1058886905773,309.12450608701755,309.6221789124625,41300
2024-03-14,313.38458251953125,314.0315511139134,310.54784135512193,312.0308966465494,35700
2024-03-15,312.8669738769531,314.4097778059164,308.4874592449514,313.59358711128067,148100
2024-03-18,311.4137878417969,317.0972029832972,310.39854621664324,313.5239157541977,16400
2024-03-19,313.4443359375,315.8132636989109,311.2247039645096,311.2247039645096,18700
2024-03-20,286.68939208984375,304.3169541691088,286.4106965367322,297.77755665939503,189100
2024-03-21,285.8334045410156,291.4471378359319,277.70141775966323,277.70141775966323,114800
2024-03-22,286.1220397949219,289.7948675162307,283.6038166232489,284.6588805370384,43400
2024-03-25,285.2560729980469,289.35689173881826,284.1512540353544,285.67413148764155,41500
2024-03-26,283.61376953125,287.6349741446646,282.67814226413566,284.3503155338793,30200
2024-03-27,288.84210205078125,290.0271896128239,286.24286591846084,286.3623654387448,46500
2024-03-28,285.2171325683594,290.32595000522815,283.4942970962522,287.68690085513595,59100
2024-04-01,282.9266357421875,285.01796854451504,281.71167328685715,283.7930376652072,26300
2024-04-02,287.806396484375,287.9358644319447,277.5688552922186,280.5265900634461,64800
2024-04-03,281.43280029296875,287.09930165946986,280.845240781472,285.58556017348064,32400
2024-04-04,279.2518615722656,281.7116612582934,278.2460233226545,281.5025371044508,35500
2024-04-05,279.3016357421875,285.6453215088085,272.73885740379234,272.9181066739164,37600
2024-04-08,275.84600830078125,279.3813648655814,274.79038858290176,275.029418037647,21600
2024-04-09,276.6925048828125,278.9332122834461,273.87420628007055,275.855977766894,25500
2024-04-10,276.1746520996094,277.54895744484514,273.6152591242956,273.6152591242956,28200
2024-04-11,277.65850830078125,279.2020946221063,275.81614274880155,275.85598605786356,23900
2024-04-12,274.37213134765625,283.8229271618953,273.93394615159207,283.8229271618953,28600
2024-04-15,272.4002685546875,277.2003683441521,272.1214262228927,276.4434975614798,12100
2024-04-16,274.053466796875,274.0733732558525,271.09573169129845,272.4003189555269,20700
2024-04-17,275.3879089355469,276.88171382191297,271.26502325277636,275.4576271242131,19400
2024-04-18,273.6052551269531,277.76801392766515,271.1753304191527,276.6327077843253,31200
2024-04-19,268.5263977050781,272.6592520700876,267.6201523705225,272.1812235356892,55800
2024-04-22,270.70733642578125,273.6152902807521,266.8931675895962,268.6658150243431,36200
2024-04-23,265.9768981933594,274.92978854275077,265.39930706994784,274.92978854275077,80900
2024-04-24,261.0672912597656,269.8807460561428,260.6988242551025,264.95117783687857,92800
2024-04-25,257.47222900390625,261.9835187251947,257.23319954629784,258.99590883317484,80100
2024-04-26,256.1676025390625,259.1751184286752,255.59994945257026,258.0497806790963,70200
2024-04-29,251.98495483398438,258.4083277245841,251.30777060871142,256.7153367698648,92300
2024-04-30,256.3667907714844,262.58103984905966,252.22398337938304,255.08214043374244,80900
2024-05-01,263.8059387207031,265.42921157135373,257.4124707810758,257.4124707810758,54100
2024-05-02,266.3553466796875,269.3728311673971,262.2025863448036,263.76607894172184,75700
2024-05-03,262.9096374511719,270.3288799070711,261.0573341388848,267.3512084227246,40100
2024-05-06,267.14208984375,268.34708386426314,263.0789541887659,264.2341364813762,50700
2024-05-07,265.0707092285156,271.693238099466,263.4673428582534,271.693238099466,37100
2024-05-08,261.90380859375,265.25988520848034,260.5394717282044,262.9992715341089,26800
2024-05-09,257.9302978515625,261.89387089849725,255.4505915859261,261.89387089849725,67000
2024-05-10,255.61988830566406,257.9402822796832,255.19167152643774,257.9402822796832,30900
2024-05-13,253.90696716308594,256.34684509807954,249.45542800683796,255.14185116741604,74600
2024-05-14,255.67962646484375,255.95846881907102,252.86132804145885,253.2397482674709,40800
2024-05-15,237.4253387451172,240.9307897375789,227.6160144724531,239.00876818737416,200600
2024-05-16,234.387939453125,239.9747701804412,234.35806457189085,238.24195109001712,74800
2024-05-17,233.0435028076172,236.74813993966902,231.04180983939898,234.03937267761458,55700
2024-05-21,229.98619079589844,235.30413226828196,229.65755191446775,233.0435034027992,65100
2024-05-22,232.1870574951172,233.38211351314357,229.0500734372192,229.0500734372192,74800
2024-05-23,232.2069854736328,234.44769277482308,231.6393475257978,232.47587460459096,72200
2024-05-24,233.45181274414062,235.52322389405836,232.1173507673701,232.1173507673701,47100
2024-05-27,232.37628173828125,234.20867873031654,232.37628173828125,233.45182306728515,12800
2024-05-28,232.43601989746094,235.33400484517145,231.0418081678587,231.20115099288986,39700
2024-05-29,227.46664428710938,230.99201699708365,226.7994132870436,229.7969761731484,63000
2024-05-30,227.42681884765625,230.6434897727777,225.76371783103738,227.56624003480485,37500
2024-05-31,227.2176971435547,229.95633957481155,223.0748744005595,229.95633957481155,47500
2024-06-03,229.98619079589844,232.43602217271857,226.1620541323261,227.23758022239406,78900
2024-06-04,229.0699920654297,230.00611217583258,228.32308966190843,230.00611217583258,38200
2024-06-05,229.2990264892578,233.4717234742831,228.4326246068626,231.04179867755838,63400
2024-06-06,231.78871154785156,233.94974733578294,227.5064680805314,228.84093005534774,58100
2024-06-07,236.33987426757812,237.06685510837488,230.30488933955428,230.66340314522134,73900
2024-06-10,243.99807739257812,246.72676637411467,233.33231933160607,236.19046106631112,118300
2024-06-11,247.1151580810547,248.07119987778105,240.55237904181467,243.21134986964555,99200
2024-06-12,255.35101318359375,256.6556003645828,247.1350862358264,247.1350862358264,102500
2024-06-13,260.2008972167969,262.59097899916696,253.55844652748877,254.3153022128931,95100
2024-06-14,267.30145263671875,269.4824102235409,255.92860461795783,258.8564646552934,152900
2024-06-17,257.73114013671875,266.7537197756336,256.9344563047928,265.24997676350785,94100
2024-06-18,257.9701232910156,261.26644992055753,256.95431663738754,257.03400324119957,56100
2024-06-19,258.9261779785156,258.9361464029608,256.9344381479117,256.9344381479117,46000
2024-06-20,258.0299072265625,258.9759654335183,257.3626609952761,258.9261840931928,67000
2024-06-21,259.7428283691406,260.66898020253785,257.4423710324874,257.4423710324874,116900
2024-06-24,259.92205810546875,260.629117263481,258.9261881510417,260.0814009451618,35400
2024-06-25,257.9403076171875,262.45159766228903,255.7394129568478,260.0017354930772,86300
2024-06-26,259.1751403808594,262.8698091846314,255.2912538655632,259.21498368632166,50600
2024-06-27,255.93858337402344,260.76855882728864,254.95268182484034,259.1751607902319,65100
2024-06-28,256.0581359863281,259.09730081233397,255.7492384627388,257.43324388322816,88100
2024-07-02,255.3805389404297,257.7520981483142,254.21467741723274,255.09155951856317,84700
2024-07-03,254.6730499267578,255.71932693477007,252.80969067943653,255.09155768903437,51000
2024-07-04,255.6097412109375,255.7990694385896,253.7762740040906,255.33073599270617,9800
2024-07-05,253.59690856933594,255.14139624170167,252.18194925374203,253.3079443223059,48600
2024-07-08,251.25523376464844,255.0915780317487,250.56769501763478,253.03889042251734,53100
2024-07-09,246.63169860839844,251.5442122766995,246.50217025606565,250.20897095199467,65500
2024-07-10,247.35911560058594,249.1029056534465,244.42954587903742,248.19613117684477,45100
2024-07-11,247.02032470703125,248.94348403911167,245.90430387472145,247.76766334394802,47300
2024-07-12,250.7071990966797,251.54421469292487,246.59184960817637,247.0601830213561,53500
2024-07-15,255.10154724121094,256.32716307139606,249.81037723256506,252.77979831716783,73700
2024-07-16,262.47528076171875,267.7066508875347,252.95916634906794,256.8453361367453,80000
2024-07-17,261.3791809082031,262.20625265195054,258.519370073988,261.66816034716305,35500
2024-07-18,260.4425354003906,266.56076248195603,258.0510577747144,261.3692280388309,72900
2024-07-19,257.6524353027344,260.36278421672046,256.94493294286497,258.8083225287722,18100
2024-07-22,257.8716735839844,261.61831027520185,257.373447869951,258.6190121550344,52400
2024-07-23,256.4168395996094,258.9976756288799,256.33713686327474,258.2802293647279,49200
2024-07-24,249.43174743652344,256.92505178895647,249.11287565745315,256.237497819399,91100
2024-07-25,229.0642852783203,249.50150092552562,224.88915088572966,249.50150092552562,277500
2024-07-26,230.9973907470703,233.6180478156883,227.93827738729416,231.30628827493973,91900
2024-07-29,229.94114685058594,232.23298838321944,229.0443465661241,231.28636248192225,69700
2024-07-30,227.25071716308594,231.34613326517174,227.04147087142815,230.26000482466284,47700
2024-07-31,230.65858459472656,233.16964658447478,226.55320935795575,229.50271243214414,130900
2024-08-01,230.2002410888672,231.58530813368066,228.74541513740022,230.68849261686597,50100
2024-08-02,226.2144317626953,231.27640738571705,225.43720078166479,227.19095000982324,55600
2024-08-06,218.2029571533203,226.08489259875424,218.16310578118257,226.08489259875424,86800
2024-08-07,213.09115600585938,221.99941950387077,210.47048373658532,218.22287506830241,83600
2024-08-08,225.20799255371094,229.17388037441776,212.24416432827064,212.24416432827064,80100
2024-08-09,219.21932983398438,226.8820442959243,217.71469354379542,221.21223283247514,114400
2024-08-12,224.00230407714844,225.73611998586975,219.21933375430757,219.21933375430757,78600
2024-08-13,218.9901580810547,224.98878537377578,218.6413939619841,224.12187740390362,68500
2024-08-14,218.22288513183594,219.74745475679646,216.67838221896955,218.9901570674536,57500
2024-08-15,217.26625061035156,220.5346251010307,216.33955813198168,219.0698403668114,61900
2024-08-16,217.2364044189453,217.94389173383988,215.90116294510185,217.25633770793175,59600
2024-08-19,223.81298828125,225.12829645038119,217.33605306075705,218.12324311289655,67900
2024-08-20,226.4735107421875,228.11764974450622,222.74677641104896,223.43433042444764,67700
2024-08-21,225.63648986816406,227.77885460412207,224.08202789356184,227.77885460412207,45000
2024-08-22,225.18807983398438,227.64931625399305,225.18807983398438,225.65641325509654,24800
2024-08-23,225.36741638183594,226.99163706584915,224.88912395637908,225.1681291382824,30000
2024-08-26,229.4130096435547,230.56889695737365,225.51689608787947,225.51689608787947,15700
2024-08-27,228.07778930664062,229.49274864980174,225.16815267363617,225.18808596146764,81100
2024-08-28,222.9759521484375,227.68916339600892,222.59729572019253,227.68916339600892,87400
2024-08-29,222.64710998535156,224.96884364215703,221.21221749319352,224.11189480404275,64900
2024-08-30,223.7631378173828,224.63004572361788,221.24211683553185,222.66705033224562,36900
2024-09-03,225.0087127685547,227.0912927728246,221.21223495278363,222.4179479684703,80100
2024-09-04,225.26779174804688,228.17742822398725,221.97949884696703,222.61722718135613,47600
2024-09-05,221.69052124023438,225.81582976347525,221.21222878664435,225.36742963794444,48000
2024-09-06,219.5979766845703,222.2086746331604,219.21932026589815,221.39157714121362,46300
2024-09-09,221.40155029296875,221.83999136407735,219.55810902707367,220.0065091390193,38600
2024-09-10,216.9972381591797,221.72040833680424,216.29972517985144,221.4015517768153,57300
2024-09-11,218.2029571533203,219.70760873163036,214.96448960110314,217.21647984530944,43000
2024-09-12,217.8542022705078,219.02004873284568,216.78799183810983,218.4421050224772,53500
2024-09-13,212.2740478515625,217.854181965999,210.8491295986142,217.854181965999,68200
2024-09-16,210.1914825439453,212.582960070066,208.25836419475348,212.582960070066,98400
2024-09-17,211.43704223632812,211.73598072162767,206.86333358656663,210.40072418124205,90500
2024-09-18,205.92666625976562,212.12459567432853,205.07967642092086,212.12459567432853,51100
2024-09-19,203.66470336914062,209.26475543575842,202.0903083145617,209.25479639531545,78800
2024-09-20,206.19569396972656,206.63413504625183,203.08677027020946,203.6447806568261,183800
2024-09-23,204.14300537109375,207.2519442597608,202.0305331452456,207.2519442597608,57300
2024-09-24,206.45480346679688,207.25196776467465,203.1067255794257,205.1394800946019,53400
2024-09-25,203.27609252929688,208.03912916728842,202.96719501750982,206.4547750363948,37400
2024-09-26,203.2561492919922,204.96008785069455,202.66824662384914,204.61132378402448,42300
2024-09-27,203.09661865234375,204.6721724022168,201.51109853255014,203.50546805656685,59400
2024-09-30,204.3830108642578,204.452805890607,198.05088106366327,203.11658186097227,79000
2024-10-01,205.4200439453125,209.45864493983063,204.94139955965892,204.95136592875335,81500
2024-10-02,204.42288208007812,206.96570633936264,200.56378180938887,205.42006687071267,47800
2024-10-03,206.28761291503906,207.96289127671986,202.5980322302547,203.4356638031789,51100
2024-10-04,208.1623077392578,209.11961175364715,206.52692542720897,206.52692542720897,58300
2024-10-07,210.40599060058594,211.9017677849503,206.34744120341114,206.63663331325435,70200
2024-10-08,210.85472106933594,211.99151112274214,209.40880616517148,209.66806873320013,83800
2024-10-09,212.21087646484375,212.22085805011164,209.99712518340445,211.67240341447015,26100
2024-10-10,211.4031524658203,212.5100280708548,211.17380424952114,211.3433238194667,22200
2024-10-11,211.4031524658203,211.99148777607206,210.07689501360204,211.2635472190516,37500
2024-10-15,212.45021057128906,212.81916405371513,210.76496593669722,211.4929065319111,50600
2024-10-16,214.1553955078125,214.3049823526583,212.0413686666474,214.3049823526583,91700
2024-10-17,218.12417602539062,218.12417602539062,214.15537015923206,214.15537015923206,113200
2024-10-18,214.893310546875,220.48751752287703,214.70384301255586,218.12419456829537,70600
2024-10-21,216.70819091796875,217.28654466634168,214.2152291149321,215.40186615187923,33200
2024-10-22,214.893310546875,217.06716596713753,213.72660623198666,216.7081940694779,62700
2024-10-23,217.23670959472656,226.1814582550516,213.40750848985303,213.40750848985303,95300
2024-10-24,210.1566925048828,217.2865575996171,208.89026357312736,217.13698596886468,110000
2024-10-25,212.33053588867188,214.8035649585533,209.49853492549911,209.49853492549911,54300
2024-10-28,212.89894104003906,213.60694889724581,211.9615849540885,213.0884085743267,29100
2024-10-29,214.8434295654297,215.082759358868,211.11396871662137,212.25075860775053,60400
2024-10-30,214.7138214111328,216.80790019555667,209.9073837527209,214.76366847451354,16000
2024-10-31,216.08993530273438,216.6184420103563,213.60695497865507,215.00300756183893,72400
2024-11-01,216.13980102539062,218.29372380159563,215.32210220234103,215.3919124405277,57600
2024-11-04,218.6925811767578,218.6925811767578,214.56423699422447,214.65397996831985,90100
2024-11-05,217.68544006347656,223.61868644894432,200.49396901440662,210.954442812505,252800
2024-11-06,213.51718139648438,217.6854213215597,207.3545873031044,217.6854213215597,149200
2024-11-07,219.51028442382812,221.95338402414137,211.8618791985081,213.50722795370245,93800
2024-11-08,216.8079071044922,220.28808736908826,215.1027296982539,216.31928109797343,77600
2024-11-11,216.66830444335938,217.11703454428024,214.39472439725043,216.6284237477399,33400
2024-11-12,218.83218383789062,221.7738757197602,215.91043991086082,216.6682948206284,116100
2024-11-13,223.9178466796875,224.1172805936678,213.0585049716799,217.49597422502876,122900
2024-11-14,229.44224548339844,231.43661507038786,219.03163380478045,221.80380631342916,145400
2024-11-15,231.82550048828125,232.94235772647193,227.9564341040374,229.35248663198655,129900
2024-11-18,227.4279327392578,231.5662433563845,226.60026757266613,230.32972879138637,164700
2024-11-19,219.98892211914062,227.4179452545396,219.71967798377997,225.6928199459901,98100
2024-11-20,220.02879333496094,221.37499873794286,216.95747791357272,221.01601164486974,60900
2024-11-21,217.85494995117188,222.37219557678807,217.24666665508641,220.52739773342833,52600
2024-11-22,219.5601348876953,219.5601348876953,216.93754929494295,218.39343053517834,66800
2024-11-25,222.44200134277344,223.3294951291501,218.91195893613812,220.99607133554173,51700
2024-11-26,218.23388671875,222.18272977341263,217.38627360231658,221.48470349767243,59700
2024-11-27,215.7808074951172,219.66982193470818,215.5713920026015,218.2338886756658,77100
2024-11-28,216.61843872070312,219.3008681294997,215.9204124397117,219.3008681294997,21600
2024-11-29,215.4517364501953,216.88768493672328,214.76367653241468,216.00019111044307,49000
2024-12-02,214.19529724121094,217.1669036730971,213.6368761899392,214.67394168289638,93100
2024-12-03,213.06846618652344,216.6383894589739,208.68085932178838,214.29499918286626,84900
2024-12-04,216.64834594726562,216.64834594726562,212.72941731649973,212.75933164071694,45200
2024-12-05,211.88180541992188,216.8278483348357,211.40316101390806,216.8278483348357,63000
2024-12-06,209.98716735839844,213.43741808695063,208.52130455250634,212.07127984280797,60200
2024-12-09,206.91583251953125,215.3021597929658,206.84602228447974,210.07690630368887,54100
2024-12-10,202.73760986328125,207.07536920078397,201.1321419593872,206.91581600411405,52100
2024-12-11,204.51260375976562,204.98128177981835,200.23468814844801,203.6749722746704,36000
2024-12-12,205.71922302246094,206.21781541213446,201.0823046689979,204.0339783108313,48800
2024-12-13,207.95291137695312,208.8503868259344,204.11375902866953,205.6095362278058,58400
2024-12-16,211.88180541992188,212.32056913203093,207.95289518163983,207.95289518163983,106800
2024-12-17,211.8917999267578,215.39191303589143,211.10401542765862,211.51286484031354,82000
2024-12-18,214.3946990966797,216.78793616305472,210.9743630612009,210.9743630612009,203600
2024-12-19,213.8961181640625,217.39623098359345,213.52716469410416,215.0029937897685,187400
2024-12-20,214.41465759277344,215.81071008083077,212.33053001411727,212.33053001411727,84800
2024-12-23,214.09556579589844,215.37196107660114,213.6468356952475,213.96594212333918,41100
2024-12-24,214.8534393310547,215.01297733177563,214.21524168067424,214.8534393310547,9900
2024-12-27,215.60133361816406,216.6483654918851,214.10555640903962,214.83349705704705,69000
2024-12-30,214.374755859375,216.0400524305359,213.5969530349006,213.5969530349006,41200
2024-12-31,216.32366943359375,216.63301443667555,214.10834139173647,214.10834139173647,55600
2025-01-02,214.54739379882812,218.88824250821543,214.3877269676475,215.86462231606765,52400
2025-01-03,214.54739379882812,216.13404296368446,214.13825325392793,215.50537955924477,39400
2025-01-06,213.89878845214844,214.58732317669634,211.8032029681565,211.87306292340156,57200
2025-01-07,214.40769958496094,214.9565448272448,213.91872560062296,213.91872560062296,39100
2025-01-08,204.6283416748047,214.4077155008295,204.03958729240853,213.60939647339848,92800
2025-01-09,203.70030212402344,207.282741359609,202.19347099625944,204.56846586271172,36500
2025-01-10,209.0390167236328,209.55792632848454,201.87413874177363,201.87413874177363,77900
2025-01-13,212.30215454101562,214.8467897559362,206.31478473022318,207.62202470264586,68100
2025-01-14,213.09048461914062,214.4675845465592,212.55162803652877,213.2900757939372,28600
2025-01-15,216.6829071044922,219.57679634572736,212.50172486109705,214.81684843541996,51100
2025-01-16,219.9759521484375,220.88404015340058,215.09624674184226,216.4234487737112,50900
2025-01-17,221.06365966796875,223.40871881277013,217.97017933567776,217.97017933567776,31300
2025-01-20,225.38453674316406,225.38453674316406,221.5326619222953,222.29105654457317,23100
2025-01-21,227.86932373046875,229.0368590245234,221.7522226585391,224.64611199662312,77500
2025-01-22,231.6014404296875,232.43966855188498,226.29264709576788,226.29264709576788,34400
2025-01-23,228.01901245117188,235.962263523385,227.55997404146987,230.42394310779284,70800
2025-01-24,235.6329345703125,237.44909542409604,228.6277079019057,228.6277079019057,54000
2025-01-27,238.74636840820312,241.52051516990164,234.1660342110105,234.1660342110105,60200
2025-01-28,236.39132690429688,238.74635952371244,234.6051016978764,238.74635952371244,34900
2025-01-29,236.45120239257812,237.27945701789383,235.66287209169627,236.39133113259575,34900
2025-01-30,239.93385314941406,243.3765875228143,235.26369708091656,235.26369708091656,79500
2025-01-31,237.84825134277344,240.2431929701893,236.9601255063844,240.17333301961148,80200
2025-02-03,238.60665893554688,240.5725131790794,232.50952026293285,232.50952026293285,54600
2025-02-04,240.88185119628906,242.6780650757485,238.57671639542775,238.57671639542775,75600
2025-02-05,238.48690795898438,240.7421449544704,235.95224638258156,240.7421449544704,57200
2025-02-06,240.38290405273438,240.7421468290901,238.40707639611188,240.50264656929699,43300
2025-02-07,234.1460723876953,240.5026583990233,233.74692049507473,240.5026583990233,61400
2025-02-10,236.61085510253906,237.32934063274408,234.8545655990754,235.60298675748334,75700
2025-02-11,237.86819458007812,238.75632040266316,235.2138058060603,236.74058373447428,69600
2025-02-12,236.28155517578125,238.66652339761856,234.66497029682355,235.76264555998367,46300
2025-02-13,234.7647705078125,237.85825107593993,233.8766445733505,237.62873949107964,63900
2025-02-14,238.0478515625,240.1833462199465,235.57307626477441,237.0699187413024,28200
2025-02-18,237.5788116455078,239.3351011289623,236.5010833624787,239.19539645671782,23600
2025-02-19,237.75845336914062,238.49690113878626,236.50111117109768,237.99795364686412,32400
2025-02-20,239.65444946289062,240.8319581686386,236.1817641516984,237.75843996448074,57500
2025-02-21,238.56675720214844,240.9916346645058,237.5289379089568,239.5746256377781,28900
2025-02-24,239.57461547851562,241.9396215787976,237.91810624821898,237.91810624821898,28500
2025-02-25,238.98585510253906,240.98164490270557,238.64655926424322,239.57460943918792,30000
2025-02-26,237.59877014160156,240.92174659635384,236.9002315644861,238.98584337558736,51900
2025-02-27,243.7258758544922,257.63651911141295,237.49900568599796,237.49900568599796,180000
2025-02-28,241.6901397705078,245.00315812038423,240.13342617542568,243.5063157825487,78600
2025-03-03,241.14129638671875,245.52205438669702,240.26315922924474,241.69014162680736,57200
2025-03-04,237.87820434570312,242.09929574366518,237.49899939010933,240.61242677848773,60200
2025-03-05,239.7841796875,242.4086483754173,239.00582281590013,239.7143349562893,27900
2025-03-06,240.57249450683594,241.49055595019033,238.3771288617131,238.58667825523213,32800
2025-03-07,240.5525360107422,245.32247229271957,240.36293354832037,240.5824716388438,35000
2025-03-10,239.15550231933594,241.350868117626,236.3913291027608,239.1954114167587,42600
2025-03-11,235.8424835205078,238.62661889527985,233.86665582744484,237.94804242668488,56500
2025-03-12,229.14662170410156,237.2395503387051,226.6917934331195,237.2395503387051,64000
2025-03-13,224.2469482421875,228.34829698345814,221.60253278775977,227.58990232382388,118900
2025-03-14,228.04891967773438,229.9648760534838,224.3167872799718,225.99325862541988,39200
2025-03-17,227.06100463867188,231.85090332619743,221.94181402521363,229.03684755427713,54000
2025-03-18,226.27267456054688,229.32623059905515,219.54685727502974,226.31258365786877,82700
2025-03-19,216.32366943359375,233.26792168671625,205.61626071572954,231.8110035638144,143300
2025-03-20,211.47389221191406,218.05001616093838,210.94500911596327,214.8467819554002,76700
2025-03-21,209.9870147705078,210.7454246333353,203.78012255211007,208.81947957431396,121000
2025-03-24,207.31268310546875,211.3940699391614,205.80586715992519,210.17663683949394,54100
2025-03-25,205.16720581054688,207.48231415410984,203.36100317825347,207.31267384146386,63200
2025-03-26,210.2364959716797,211.0448036531821,203.80007673602273,203.80007673602273,77000
2025-03-27,215.09625244140625,215.30580184707793,210.1067778555544,210.2364938406523,59900
2025-03-28,206.96339416503906,215.54529631259652,205.8956545502466,214.99645107757814,63900
2025-03-31,206.6068878173828,208.16475065045648,205.17885196636817,205.17885196636817,45800
2025-04-01,205.3486328125,207.18611140703283,204.7294708224543,207.1761305760954,43100
2025-04-02,207.78529357910156,207.98501686041368,204.57967929567215,204.63959475627482,37600
2025-04-03,204.60963439941406,207.8851449321959,203.29144856934792,204.1602532127531,69700
2025-04-04,201.97325134277344,204.33002264780995,196.80034670663355,204.33002264780995,84300
2025-04-07,199.47666931152344,202.222906310806,191.7872087611142,199.017292054236,64000
2025-04-08,195.1026611328125,204.80936201713132,191.0082804990488,202.7222255198626,57200
2025-04-09,201.64369201660156,202.09307319163426,193.20525799508906,193.48487362568312,36100
2025-04-10,202.61236572265625,203.95052841621663,196.2311103764203,202.30279236318128,42000
2025-04-11,207.95506286621094,208.58419045175143,197.96874624209627,201.2043030760471,35000
2025-04-14,212.50881958007812,213.21783952306137,207.81525384146303,209.72262872482955,32500
2025-04-15,208.21470642089844,214.705812376466,206.91648218220286,213.57735369575144,29600
2025-04-16,210.3717498779297,211.37038154137235,203.9804980891507,208.9237370135198,29100
2025-04-17,203.15162658691406,209.2632625667174,201.71360982957574,208.7140121188228,35100
2025-04-21,205.3486328125,205.3985522050969,198.73768087148306,203.03180005059443,54600
2025-04-22,204.67953491210938,205.72808587858287,201.04451657805114,205.34861624075677,52100
2025-04-23,212.7984161376953,213.54738988046174,204.77940515084236,204.77940515084236,48100
2025-04-24,204.0703887939453,211.7099150092568,201.85342525736274,211.6499995468481,126500
2025-04-25,201.83343505859375,206.38719275653241,201.2342499981664,204.07037534789217,58100
2025-04-28,199.27694702148438,201.72359149450412,198.27831538042247,201.72359149450412,60600
2025-04-29,199.84616088867188,200.96463869826468,198.47804040453025,200.2356266225908,42600
2025-04-30,197.72906494140625,200.60512894395777,195.93152493981154,198.01866141265032,58100
2025-05-01,201.4140167236328,202.04315952925913,197.27968236789434,198.7576529197766,33500
2025-05-02,200.5452117919922,202.0331631724456,198.93741425383698,202.0331631724456,31100
2025-05-05,200.4752960205078,201.7335663654251,199.47666440894864,199.47666440894864,12200
2025-05-06,201.35409545898438,201.57379563118988,198.72768946083343,201.48390720589927,43000
2025-05-07,200.8248291015625,201.32414492206573,199.72632820129158,200.95464085311482,55700
2025-05-08,209.31320190429688,209.64273694253646,200.6350903460912,201.0445329835414,91400
2025-05-09,207.85519409179688,209.01361048000663,206.13754640939203,209.01361048000663,18700
2025-05-12,212.24916076660156,212.9082613020806,209.70266229045802,209.70266229045802,23700
2025-05-13,207.25599670410156,213.11797459025834,206.38719208343358,212.24915473168133,25100
2025-05-14,214.705810546875,215.53467666730285,204.97913252761546,205.99774110473174,59700
2025-05-15,211.49020385742188,216.8928045938648,211.26052285079263,212.69855482568923,29800
2025-05-16,209.2133331298828,212.3690128380095,209.10348303757746,211.49021209956663,18600
2025-05-20,210.23193359375,211.12071512892842,207.55559291972023,209.21332507141776,53200
2025-05-21,209.91236877441406,213.13794472181004,206.6368581971759,210.10211122506846,65200
2025-05-22,208.254638671875,213.03809283353883,207.4457494692241,210.00224406848463,32900
2025-05-23,209.20335388183594,209.70266971647288,205.8079970635587,205.8079970635587,15300
2025-05-26,207.07626342773438,208.1547874584618,205.10895782139502,207.97502583438558,53100
2025-05-27,207.1960906982422,208.99363071775753,206.0776281251703,208.28461077872436,27700
2025-05-28,207.46571350097656,208.5542182805382,204.71947661949554,206.80661299232298,26100
2025-05-29,203.8207244873047,207.355873799813,203.60102430675173,207.32591606954756,30000
2025-05-30,204.6895294189453,206.27735007680948,202.4426082185267,204.48980613760114,44400
2025-06-02,205.0690155029297,205.5483544285026,202.91196748098707,205.5483544285026,23100
2025-06-03,200.874755859375,204.5497283567532,200.54522081511922,204.0004778864767,22100
2025-06-04,198.15847778320312,202.90197828319128,197.6392002787103,202.90197828319128,21300
2025-06-05,196.36093139648438,199.51659559151844,194.72317622360038,199.51659559151844,48700
2025-06-06,199.4866485595703,201.2042961790725,196.53070747338703,198.58788618937214,31900
2025-06-09,200.1857147216797,201.723600815294,199.6364642461352,200.09582628901947,22000
2025-06-10,201.87338256835938,203.65094569175088,199.8661384313817,201.3341281803941,38200
2025-06-11,200.62509155273438,203.36134774796494,199.48665208600087,201.96326953896224,25900
2025-06-12,209.2233123779297,209.2233123779297,199.53658838013578,199.53658838013578,81100
2025-06-13,207.4757080078125,209.7126484098316,205.7580603351373,207.28598079242883,56300
2025-06-16,205.82797241210938,209.21333313591398,204.4798135735875,208.15478601252815,27400
2025-06-17,204.4798126220703,206.4371373746659,203.9904928623538,205.7780368238818,23900
2025-06-18,205.60826110839844,206.71674280250795,204.04041740795685,204.04041740795685,23800
2025-06-19,205.8479461669922,207.43576682781205,203.24151696013845,205.60826908618728,20500
2025-06-20,209.1034698486328,209.7126357333747,206.10757505244175,207.5356261623388,60200
2025-06-23,212.27914428710938,213.1279720753835,209.0136144152754,209.0136144152754,40700
2025-06-24,212.68856811523438,215.30499344386658,211.12072432216897,213.18788394860334,38900
2025-06-25,212.29910278320312,214.20649292744096,211.03085153530088,212.44890667624801,53200
2025-06-26,210.97091674804688,213.72714985241072,210.52153555343833,210.97091674804688,18500
2025-06-27,209.95233154296875,212.16929510906803,208.6441112320173,210.97092489329847,34900
2025-06-30,213.7628631591797,214.0826653275239,210.58490916854427,210.59489726792754,20700
2025-07-02,222.25741577148438,222.54723839520256,212.40373629619623,212.4137396446735,49400
2025-07-03,214.4224395751953,222.5672236240331,213.48303978499013,222.27740100841334,47500
2025-07-04,213.1532440185547,215.54171107815327,212.6235850439705,214.79219193498628,20100
2025-07-07,213.8927764892578,215.40180288458902,210.2251312874482,213.1532454400922,46100
2025-07-08,209.6754913330078,214.0526882565634,208.4163045908511,212.5536498853739,55600
2025-07-09,213.28317260742188,214.18260475838878,208.13648042030297,208.44627923655582,64100
2025-07-10,210.86473083496094,212.85346056328385,208.7860624641478,212.85346056328385,45100
2025-07-11,209.45562744140625,211.10457876990714,208.49625144028445,209.38568024814012,11600
2025-07-14,211.8640899658203,212.7735102381711,208.98593141113074,209.45563132106986,33900
2025-07-15,208.82603454589844,212.18388093270636,208.10649494522488,212.18388093270636,19500
2025-07-16,209.81539916992188,210.53493880183672,206.52751508023317,208.84601981162015,30200
2025-07-17,208.68612670898438,211.53429034121058,207.5668344044231,209.31571242823097,27800
2025-07-18,210.40501403808594,211.27446664190478,208.68613077598755,208.91597905101713,20100
2025-07-21,212.68356323242188,214.3624788239677,211.38439364429354,211.55428282327094,21900
2025-07-22,211.47433471679688,213.03333214088792,209.99528783355748,212.39374306308116,30700
2025-07-23,210.4350128173828,212.86344764707263,209.09586028988846,211.38440073126557,31100
2025-07-24,198.16287231445312,209.9153429004978,195.0948483784683,209.9153429004978,153000
2025-07-25,196.99362182617188,201.1909414125758,196.84372409051744,198.66254936215336,91700
2025-07-28,197.99298095703125,199.50202265973007,196.2141233298422,198.99233985990182,48200
2025-07-29,197.59324645996094,198.8124655596754,195.30470599860885,197.9929839275037,68700
2025-07-30,194.58517456054688,197.58325120557257,194.14545421276875,194.9549324670847,36800
2025-07-31,191.9268798828125,196.87370339027962,191.6570487099669,194.87498558936306,39400
2025-08-01,189.05870056152344,190.60770983405232,186.82014648933242,190.60770983405232,30400
2025-08-05,189.87818908691406,190.78760933651296,187.30982942026796,189.25859145483884,53700
2025-08-06,192.65640258789062,192.65640258789062,186.9100890600614,189.2485851664078,27500
2025-08-07,187.28985595703125,193.12610829970308,186.38043569415072,192.62642884743994,28100
2025-08-08,187.64962768554688,189.0387359670389,185.98070012785553,187.2898578662896,17300
2025-08-11,190.3179168701172,191.0174650705846,186.70024242698074,186.70024242698074,27800
2025-08-12,192.8762664794922,193.28600728566096,189.86820169916942,190.31791015152234,33400
2025-08-13,213.83282470703125,229.0130888133172,207.29700897215966,207.56684014444505,131800
2025-08-14,211.62423706054688,213.71290876940807,206.80733504909767,213.71290876940807,117800
2025-08-15,215.9114990234375,215.9114990234375,209.73545293094958,213.60298234409743,87500
2025-08-18,221.01821899414062,222.49726590318016,214.61232475609464,215.78157284455904,68800
2025-08-19,219.93890380859375,221.90764201914524,219.85895326843357,220.44857134698285,27300
2025-08-20,220.28866577148438,221.85766649822443,219.14939728321048,220.5385054860094,29700
2025-08-21,221.33799743652344,224.4460041206503,219.60911086756082,220.28866757711612,37300
2025-08-22,223.98631286621094,226.20489082164252,220.54851584521762,222.85703244097593,79800
2025-08-25,223.05690002441406,225.0456296946912,221.38797251677718,223.31674309381086,41600
2025-08-26,222.56723022460938,223.9563385037242,220.94825841621878,223.54659768963103,33100
2025-08-27,223.7064971923828,224.58592266027802,222.30738557467458,222.5672286495811,28500
2025-08-28,228.29354858398438,229.36285467294883,223.8563926470325,225.86509853783895,35900
2025-08-29,225.33543395996094,229.85254032653458,225.33543395996094,227.14427107660268,47800
2025-09-02,223.58656311035156,224.80578219199688,222.05754520860083,224.51597481967443,24400
2025-09-03,226.8144989013672,227.67394815110956,222.687141832964,225.55529694883393,40300
2025-09-04,231.75132751464844,233.90994644222718,221.50789858172013,224.1362174217537,86100
2025-09-05,234.38963317871094,235.1091728173215,228.79323240497047,231.45153077822582,58900
2025-09-08,232.29098510742188,233.44024174257967,230.61205422628836,233.44024174257967,55200
2025-09-09,235.19912719726562,235.39899593084868,231.05177854263394,231.85126872597314,59500
2025-09-10,235.8187255859375,237.19784577529936,228.97311088393943,228.97311088393943,52700
2025-09-11,235.41897583007812,240.33581963025185,235.09917367282804,237.8474105595455,51500
2025-09-12,236.40834045410156,237.42769080833403,234.91930544295533,236.388349006252,19500
2025-09-15,235.74876403808594,239.89611272149358,235.49892430712188,236.91802739812394,45000
2025-09-16,238.20718383789062,238.726854726502,230.0224321505385,235.29904583011233,17300
2025-09-17,233.00051879882812,238.1472262249934,232.22102008556925,236.17848799435055,23400
2025-09-18,234.48956298828125,236.42832162220927,232.94055370093622,233.13043432473418,50200
2025-09-19,235.1691436767578,236.71813777261332,233.6501138789763,234.18976097543455,41100
2025-09-22,234.20974731445312,236.40833379678142,233.3902657147727,234.3596450465867,16400
2025-09-23,232.38092041015625,235.17912833917404,232.16106023544015,234.2097490003821,28500
2025-09-24,236.84805297851562,238.9866803574753,232.16105742277068,232.96054757123358,37000
2025-09-25,236.6182098388672,237.14786883329666,233.90994052385435,236.71813657896323,28800
2025-09-26,238.5070037841797,240.33583243978617,236.2084752157067,237.1878426887231,50200
2025-09-29,238.3699951171875,241.55999755859375,237.42999267578125,238.7899932861328,40500
2025-09-30,234.72000122070312,240.8000030517578,233.10000610351562,240.8000030517578,38500
2025-10-01,232.24000549316406,237.27999877929688,232.00999450683594,237.27999877929688,24200
2025-10-02,232.16000366210938,233.47999572753906,230.0399932861328,233.47999572753906,21600
2025-10-03,231.1699981689453,235.58999633789062,230.1199951171875,232.5,56900
2025-10-06,222.6300048828125,232.0,221.88999938964844,231.60000610351562,24900
2025-10-07,223.5800018310547,225.69000244140625,221.0500030517578,222.75,25600
2025-10-08,221.82000732421875,223.66000366210938,220.3000030517578,223.5800018310547,26300
2025-10-09,221.86000061035156,223.25,220.66000366210938,222.77000427246094,19000
2025-10-10,219.07000732421875,223.80999755859375,218.4499969482422,223.5,42300
2025-10-14,220.41000366210938,221.1300048828125,218.0399932861328,221.1300048828125,35800
2025-10-15,216.83999633789062,223.99000549316406,216.52000427246094,222.0,63500
2025-10-16,211.08999633789062,219.6699981689453,210.94000244140625,214.1699981689453,61800
2025-10-17,209.50999450683594,212.50999450683594,208.57000732421875,209.77999877929688,41200
2025-10-20,210.25,212.16000366210938,208.6999969482422,212.16000366210938,31100
2025-10-21,212.1699981689453,213.6999969482422,208.67999267578125,210.25,73600
2025-10-22,215.13999938964844,215.99000549316406,211.3000030517578,212.11000061035156,26500
2025-10-23,213.91000366210938,215.8699951171875,211.80999755859375,215.13999938964844,20900
2025-10-24,217.1999969482422,217.72999572753906,214.52000427246094,215.77999877929688,11900
2025-10-27,215.57000732421875,218.94000244140625,213.0,217.1999969482422,22900
2025-10-28,214.11000061035156,217.3000030517578,211.6699981689453,217.3000030517578,14200
2025-10-29,207.8300018310547,214.11000061035156,207.5,214.11000061035156,25800
2025-10-30,221.49000549316406,226.3699951171875,204.5,204.5,779700
2025-10-31,224.02999877929688,225.25,212.72999572753906,221.0800018310547,297800
2025-11-03,224.7100067138672,226.27999877929688,220.0800018310547,223.74000549316406,242600
2025-11-04,223.5,225.94000244140625,212.1300048828125,212.1300048828125,225700
2025-11-05,215.3800048828125,223.66000366210938,214.92999267578125,223.66000366210938,242200
2025-11-06,211.99000549316406,215.11000061035156,210.35000610351562,215.11000061035156,144900
2025-11-07,213.02000427246094,213.5399932861328,211.7899932861328,213.00999450683594,63600
2025-11-10,211.5399932861328,214.7100067138672,211.3699951171875,214.22000122070312,42600
2025-11-11,211.77000427246094,212.6300048828125,210.44000244140625,212.6300048828125,37400
2025-11-12,225.0,225.75999450683594,212.3000030517578,212.3000030517578,154200
2025-11-13,224.5,226.99000549316406,223.0800018310547,224.52999877929688,151700
2025-11-14,217.11000061035156,224.92999267578125,214.83999633789062,224.30999755859375,139200
2025-11-17,216.97999572753906,218.0,213.4499969482422,217.52000427246094,78900
2025-11-18,213.72999572753906,216.33999633789062,212.49000549316406,216.33999633789062,49600
2025-11-19,213.8300018310547,214.30999755859375,212.33999633789062,214.27000427246094,50300
2025-11-20,215.5,217.1199951171875,214.13999938964844,215.07000732421875,29600
2025-11-21,216.22999572753906,216.99000549316406,211.97000122070312,211.97000122070312,74200
2025-11-24,221.3800048828125,221.3800048828125,216.66000366210938,216.72999572753906,116100
2025-11-25,229.38999938964844,229.60000610351562,220.4499969482422,222.47999572753906,64600
2025-11-26,235.85000610351562,236.27000427246094,227.5,229.55999755859375,69700
2025-11-27,234.7100067138672,236.44000244140625,234.67999267578125,235.7100067138672,9500
2025-11-28,234.19000244140625,237.0,231.14999389648438,236.69000244140625,31300
2025-12-01,235.57000732421875,236.9600067138672,231.5399932861328,231.88999938964844,39600
2025-12-02,236.35000610351562,241.67999267578125,236.11000061035156,237.55999755859375,70900
2025-12-03,236.72000122070312,237.3000030517578,232.3699951171875,237.19000244140625,36300
2025-12-04,238.0,239.27000427246094,236.27000427246094,236.8300018310547,44800
2025-12-05,235.4600067138672,239.6699981689453,233.1300048828125,239.6699981689453,55000
2025-12-08,233.13999938964844,237.24000549316406,232.24000549316406,235.4600067138672,40700
2025-12-09,228.8000030517578,234.35000610351562,228.41000366210938,233.50999450683594,72900
2025-12-10,224.97000122070312,229.44000244140625,224.6699981689453,228.10000610351562,35400
2025-12-11,221.8300018310547,225.6999969482422,219.89999389648438,225.6999969482422,77000
2025-12-12,221.25,224.8800048828125,220.66000366210938,220.66000366210938,42300
2025-12-15,222.94000244140625,224.5800018310547,221.4199981689453,222.8800048828125,59400
2025-12-16,223.0800018310547,223.4499969482422,220.7100067138672,223.25999450683594,23100
2025-12-17,221.19000244140625,223.8300018310547,220.10000610351562,223.8300018310547,18500
2025-12-18,223.0,224.47999572753906,222.1300048828125,224.47999572753906,93900
2025-12-19,221.55999755859375,223.1199951171875,220.8300018310547,223.1199951171875,81500
2025-12-22,221.97000122070312,222.6300048828125,220.00999450683594,222.02000427246094,36900
2025-12-23,221.63999938964844,221.63999938964844,219.66000366210938,220.89999389648438,4584
