Date,Close,High,Low,Open,Volume
2010-01-04,7.3564300537109375,7.4154168694493,7.2974440415967186,7.406990066683227,957200
2010-01-05,7.255312442779541,7.373285296833635,7.255312442779541,7.364858492195988,763000
2010-01-06,7.4154181480407715,7.415418148040772,7.272165690814044,7.272165690814044,865400
2010-01-07,7.406991004943848,7.406991004943848,7.289018162147375,7.331151377690705,902000
2010-01-08,7.4912543296813965,7.558667125147405,7.373281535803925,7.381708336143155,783300
2010-01-11,7.583950996398926,7.600804606575063,7.516538162943107,7.516538162943107,2160900
2010-01-12,7.432272911071777,7.609231828174653,7.415420101817666,7.58395221248124,367700
2010-01-13,7.4154181480407715,7.51653738779653,7.3732849305698025,7.449124561292691,2546600
2010-01-14,7.575523853302002,7.676643098973937,7.415418581894188,7.415418581894188,3671300
2010-01-15,7.533389091491699,7.634509120091519,7.465976274841263,7.516536289141173,444700
2010-01-18,7.482830047607422,7.583949274837013,7.423844032629539,7.583949274837013,97100
2010-01-19,7.6176581382751465,7.626084944165388,7.423846424546225,7.516538878465565,723400
2010-01-20,7.457551002502441,7.592376648947245,7.44069739488472,7.592376648947245,201800
2010-01-21,7.457551002502441,7.541816629718323,7.449124198693581,7.457551002502441,493500
2010-01-22,7.449126720428467,7.575525605853919,7.373287067723389,7.457553527090034,683700
2010-01-25,7.348006248474121,7.465978307925651,7.339579443192045,7.43227189042173,152400
2010-01-26,7.432272911071777,7.4575533303896835,7.331153644673633,7.331153644673633,198700
2010-01-27,7.2890191078186035,7.415418770847578,7.204753469423637,7.373285549837919,205900
2010-01-28,7.179473400115967,7.289018642676457,7.179473400115967,7.255312228744545,165700
2010-01-29,7.187898635864258,7.322724277242255,7.171045832504114,7.230031849700935,349300
2010-02-01,7.331151962280273,7.364858376677853,7.213179913700897,7.246886328098477,578300
2010-02-02,7.541816234588623,7.550243037955989,7.305871365671805,7.305871365671805,144900
2010-02-03,7.3732829093933105,7.541814929454631,7.322722901562884,7.482828923339184,753400
2010-02-04,7.390138149261475,7.58394981433256,7.348004934012557,7.415417756961129,591900
2010-02-05,7.449126720428467,7.457553527090034,7.339580644701634,7.348007451363202,387700
2010-02-08,7.364856243133545,7.465975457032798,7.339576640564751,7.348003442629041,204900
2010-02-09,7.339578151702881,7.415417778647882,7.289018132531467,7.331151347903606,283300
2010-02-10,7.263737678527832,7.331150493819921,7.171045258407247,7.289017283356328,248600
2010-02-11,7.449126720428467,7.491259950111789,7.255314185334989,7.305874221679879,391100
2010-02-12,7.752482891082764,7.760909695965441,7.373285511230086,7.373285511230086,534100
2010-02-16,7.710347652435303,7.777760466605569,7.6597884436196715,7.6597884436196715,1138700
2010-02-17,7.583950996398926,7.727203468398633,7.558671384759085,7.710349858222496,415500
2010-02-18,7.710347652435303,7.710347652435303,7.49968240724719,7.516536012601823,362300
2010-02-19,7.642937660217285,7.74405691880829,7.592378432733998,7.66821807758336,268400
2010-02-22,7.659786701202393,7.685066299859708,7.626080301784655,7.642933099681548,577900
2010-02-23,7.583950996398926,7.651363829854745,7.53339096949488,7.583950996398926,420800
2010-02-24,7.533389091491699,7.592375908778955,7.415417064165518,7.550242697466391,1245300
2010-02-25,7.583950996398926,7.600804606575063,7.5081113578550385,7.541817774582948,360600
2010-02-26,7.508108615875244,7.609227829129987,7.482829013467577,7.550241822304072,800400
2010-03-01,7.55866813659668,7.6260809410834085,7.474401729176258,7.474401729176258,349100
2010-03-02,7.744054317474365,7.752481120432378,7.524963065935155,7.609228684642801,366600
2010-03-03,7.583950996398926,7.744056274950405,7.541817774582948,7.744056274950405,341400
2010-03-04,7.550243377685547,7.575522985300919,7.482830554961731,7.558670181432084,2633000
2010-03-05,7.710347652435303,7.710347652435303,7.491256408194007,7.5839488267720885,559100
2010-03-08,7.668217182159424,7.710349598934182,7.600804350970604,7.710349598934182,328400
2010-03-09,7.929442405700684,7.99685524287114,7.634511443986041,7.710350283084497,689000
2010-03-10,8.030561447143555,8.173813923213876,7.912589387055799,7.963148611772155,801800
2010-03-11,7.8868560791015625,8.064373773744064,7.869950054268124,8.055920358246308,393300
2010-03-12,7.996747016906738,8.022106453923438,7.895308462677968,7.996747016906738,224500
2010-03-15,8.030560493469238,8.030560493469238,7.819229954167416,7.971388200436578,297500
2010-03-16,7.869950294494629,8.03056116304419,7.861496878738837,8.005201721938912,175700
2010-03-17,7.810774326324463,7.954479116831104,7.793868307174047,7.937573097680688,279500
2010-03-18,7.937577247619629,7.9882961377496216,7.7938723819809415,7.810778409970198,361900
2010-03-19,8.03901195526123,8.064371388090436,7.937573417782577,7.971386263608795,1310900
2010-03-22,8.030560493469238,8.098186201552858,7.920668516292847,8.022107078418278,268900
2010-03-23,8.174264907836914,8.182718322456788,8.01365325470726,8.081279765504265,528500
2010-03-24,8.258797645568848,8.487034202805237,8.12354542679831,8.208077962759646,1284100
2010-03-25,8.292612075805664,8.427863514136241,8.292612075805664,8.326424935388308,319500
2010-03-26,8.368690490722656,8.444769627101218,8.275705327461177,8.292612160506266,385200
2010-03-29,8.360238075256348,8.495489518121365,8.301064964381261,8.301064964381261,269200
2010-03-30,8.427863121032715,8.503942253085622,8.343330572937901,8.343330572937901,172400
2010-03-31,8.38559627532959,8.57156738476304,8.2926111236939,8.57156738476304,397600
2010-04-01,8.5800199508667,8.596926781712828,8.35178337757841,8.35178337757841,637100
2010-04-05,8.664552688598633,8.732178401187412,8.580020144781617,8.580020144781617,487700
2010-04-06,8.681458473205566,8.808256467482463,8.622285377202626,8.622285377202626,1573400
2010-04-07,8.630739212036133,8.656098650893888,8.503941211585326,8.554660089300839,409900
2010-04-08,8.664552688598633,8.70681896050714,8.546207288487228,8.588473560395736,511200
2010-04-09,8.529298782348633,8.639190734879646,8.46167308943137,8.622283908569406,273200
2010-04-12,8.41940689086914,8.529298844197012,8.410953477652722,8.487032584276776,206600
2010-04-13,8.45322322845459,8.512395533081872,8.301064952370506,8.410956951079879,435900
2010-04-14,8.38559627532959,8.453221986730469,8.301063732997457,8.453221986730469,135500
2010-04-15,8.41940689086914,8.44476632435654,8.351781197461506,8.385594044165323,134500
2010-04-16,8.38559627532959,8.444768571264841,8.326423979394338,8.377142859863962,173700
2010-04-19,8.241888999938965,8.343327537044948,8.115091030096945,8.292608671572873,768300
2010-04-20,8.275699615478516,8.368684714560615,8.157354284332705,8.157354284332705,235800
2010-04-21,8.334877967834473,8.343331384698851,8.11509477249607,8.258799634541681,640300
2010-04-22,8.317970275878906,8.33487630006264,8.258797981992782,8.33487630006264,276700
2010-04-23,8.309515953063965,8.34332880390012,8.241890251391656,8.317969367313491,186800
2010-04-26,8.233438491821289,8.309517623032795,8.20807905013816,8.301064207084378,744800
2010-04-27,8.00520133972168,8.275704181694786,7.920668798524055,8.250344741800323,620700
2010-04-28,7.988295555114746,8.022108414789306,7.878403559631886,7.988295555114746,128500
2010-04-29,7.979841232299805,8.047467750130023,7.89530949579566,7.9460283764657325,1149700
2010-04-30,7.8614959716796875,8.047467066039285,7.810776289159068,7.954481115778484,501300
2010-05-03,7.929122447967529,7.979841329253829,7.86149673547774,7.869950151079484,302700
2010-05-04,7.776965141296387,7.962936276430095,7.7516056975570296,7.946029443162403,295100
2010-05-05,7.827682018280029,7.8361354318720595,7.650164363656853,7.6586177772488835,537100
2010-05-06,8.00520133972168,8.089733074757246,7.81923023278414,7.827683648136314,804200
2010-05-07,7.903763771057129,7.920669797732147,7.76851152684618,7.827684635614146,662100
2010-05-10,8.064371109008789,8.11509077907379,7.929119730384527,7.929119730384527,186400
2010-05-11,7.937577247619629,8.148907837539788,7.937577247619628,7.996749554825362,335900
2010-05-12,8.216527938842773,8.267246794263333,7.903758976543751,7.98829067096524,660100
2010-05-13,8.081279754638672,8.267250039053927,7.878401834844413,8.24189060139039,849600
2010-05-14,8.081279754638672,8.191170919901328,7.946027539388504,8.157358067629282,1253200
2010-05-17,8.115093231201172,8.191171550044453,8.013653860419364,8.064373545810268,708700
2010-05-18,8.081279754638672,8.182718311454808,8.055919510813148,8.072826340030163,1025500
2010-05-19,8.14045238494873,8.208078092320436,8.072826677577025,8.072826677577025,375800
2010-05-20,7.979841232299805,8.131999486634168,7.929122351629733,8.123546071135133,611500
2010-05-21,7.8868560791015625,8.030560917915114,7.785417511614715,7.8107769519459085,328300
2010-05-25,7.929122447967529,7.929122447967528,7.607899910559991,7.607899910559991,676800
2010-05-26,7.979841232299805,8.072827190465059,7.903762911294696,7.9460283764657325,520500
2010-05-27,8.072827339172363,8.224984790147504,8.03056106706068,8.03056106706068,238600
2010-05-28,8.165809631347656,8.165809631347656,7.946025738315332,8.089730529439406,407400
2010-05-31,8.03901195526123,8.157356512572077,7.929120004785563,8.081278214084461,146800
2010-06-01,7.827682018280029,8.030559107517405,7.77696234288974,7.886854301100458,513600
2010-06-02,7.9544830322265625,7.962936449043654,7.810778170984795,7.886857310014224,382800
2010-06-03,8.03901195526123,8.157356512572077,7.9122131787915375,7.9122131787915375,298200
2010-06-04,7.9544830322265625,8.005202726966916,7.878403893197133,7.979842476515639,215800
2010-06-07,7.869950294494629,8.005201721938912,7.861496878738837,8.005201721938912,266000
2010-06-08,7.793870449066162,7.90376242531041,7.650165619066916,7.861496156576157,661600
2010-06-09,7.8868560791015625,7.929122350428267,7.785417511614715,7.819230367443664,585900
2010-06-10,7.869950294494629,7.954482033566257,7.827684021877767,7.853043462983045,411800
2010-06-11,8.108173370361328,8.159222039634999,8.014585089982514,8.040109018923813,2019700
2010-06-14,7.929508209228516,8.108177423922747,7.886968576856323,8.074145231190107,465300
2010-06-15,8.014583587646484,8.116680095664735,7.920995324810817,7.920995324810817,335600
2010-06-16,8.125191688537598,8.210271741244828,7.980554706404927,7.980554706404927,422400
2010-06-17,8.057127952575684,8.150716261297667,7.997571018487768,8.125192324626457,389800
2010-06-18,8.244302749633789,8.269827492060317,8.014585747532992,8.040109678568383,796200
2010-06-21,8.252811431884766,8.380432716567356,8.235795747428464,8.252811431884766,359300
2010-06-22,8.031600952148438,8.286842681455061,7.99756877566696,8.286842681455061,927600
2010-06-23,8.099666595458984,8.167730952446778,8.057126169493827,8.125190526481623,293000
2010-06-24,8.082648277282715,8.210268714999218,7.997567444544409,8.091156522834735,1454100
2010-06-25,8.031600952148438,8.116681799047676,8.031600952148438,8.082649622566198,297600
2010-06-28,8.176239967346191,8.176239967346191,7.972046856953432,8.031602977970163,1446300
2010-06-29,7.946525573730469,8.142210500333052,7.921001629258733,8.12519480781575,581300
2010-06-30,7.852932453155518,8.006077665311217,7.827408521593287,7.903981127671136,931500
2010-07-02,7.9975714683532715,8.08265234389822,7.827410528654739,7.827410528654739,250700
2010-07-05,7.920998573303223,7.98055469122412,7.827409460694667,7.869949892662988,189100
2010-07-06,7.963535785675049,8.142204896798736,7.878455758858202,7.878455758858202,367900
2010-07-07,8.040108680725098,8.082649101431894,7.920996476415313,7.997568260018301,968800
2010-07-08,8.150712966918945,8.159221212834234,8.082648622378615,8.082648622378615,128300
2010-07-09,8.235795974731445,8.235795974731445,8.091159001600658,8.11668293468515,212500
2010-07-12,8.235795974731445,8.303860337217555,8.18474729717126,8.235795974731445,233800
2010-07-13,8.354907989501953,8.465512778558216,8.23579576389612,8.23579576389612,349000
2010-07-14,8.261319160461426,8.312367833403528,8.218778734908195,8.303859586014656,314900
2010-07-15,8.4229736328125,8.4229736328125,8.261320954279208,8.295353139833129,512000
2010-07-16,8.2953519821167,8.371924591774214,8.218779372459185,8.371924591774214,429600
2010-07-19,8.2953519821167,8.337892410969895,8.244303305214626,8.2953519821167,477100
2010-07-20,8.431479454040527,8.44849594761291,8.227286399518366,8.235794646304559,808100
2010-07-21,8.286844253540039,8.422972985290729,8.252812070602367,8.405957299517514,294600
2010-07-22,8.482527732849121,8.491035167852576,8.312366861914496,8.329382543312441,249700
2010-07-23,8.465513229370117,8.491037163160419,8.354908434423844,8.474021477763959,211800
2010-07-26,8.482527732849121,8.584624255409896,8.405955138080781,8.405955138080781,524300
2010-07-27,8.439990997314453,8.576119753498334,8.329386180067203,8.542087564452364,276000
2010-07-28,8.346402168273926,8.388941793428243,8.252813045595213,8.380434355232182,552900
2010-07-29,8.354907989501953,8.371924485383461,8.21877926801461,8.312368372580545,292400
2010-07-30,8.337891578674316,8.363415508881936,8.24430248226119,8.312367648466697,295900
2010-08-03,8.235795974731445,8.371924699703667,8.235795974731445,8.303860337217555,752100
2010-08-04,8.559098243713379,8.593130409614412,8.193251851734155,8.201760096057123,423400
2010-08-05,8.593134880065918,8.63567450102969,8.49103751785734,8.49103751785734,326100
2010-08-06,8.720754623413086,8.763295052146997,8.55059371986863,8.55059371986863,479200
2010-08-09,8.82285213470459,8.933456937005902,8.720755581362905,8.720755581362905,316600
2010-08-10,8.559098243713379,8.746274750473637,8.51655783348938,8.703734340249637,351600
2010-08-11,8.474021911621094,8.601642398497802,8.431481478865102,8.525070593206538,599000
2010-08-12,8.39744758605957,8.448496257256618,8.312367549252626,8.405955833157595,753000
2010-08-13,8.669705390930176,8.678213638409822,8.397447962710617,8.422971893758415,143100
2010-08-16,8.49103832244873,8.635675319326552,8.465514385173625,8.635675319326552,177100
2010-08-17,8.482527732849121,8.508051660641556,8.45700299366565,8.491035167852576,223900
2010-08-18,8.525067329406738,8.55909950030415,8.422970005323545,8.499542592690462,951300
2010-08-19,8.50805377960205,8.525070276629048,8.439989414276534,8.50805377960205,674200
2010-08-20,8.542084693908691,8.542084693908691,8.474020338689588,8.50805251629914,207100
2010-08-23,8.465513229370117,8.593134521104075,8.414465361789516,8.516561908341945,255800
2010-08-24,8.354907989501953,8.439988846127134,8.30386012463979,8.43148059818638,359200
2010-08-25,8.482527732849121,8.491035167852576,8.312366861914496,8.354906471104876,266800
2010-08-26,8.482527732849121,8.508051660641556,8.371922963893857,8.508051660641556,163000
2010-08-27,8.559098243713379,8.635670008447573,8.439985257364349,8.465509178942412,189600
2010-08-30,8.567605972290039,8.601638139365427,8.44849379322161,8.457001226447309,126500
2010-08-31,8.550592422485352,8.627165020309777,8.457003331192801,8.482528071394988,302500
2010-09-01,8.686723709106445,8.720755894776751,8.525071030020321,8.525071030020321,382500
2010-09-02,8.720754623413086,8.720754623413086,8.618658081286412,8.635673765945263,160100
2010-09-03,8.71224594116211,8.729262436364033,8.62716589932594,8.686722009750374,178600
2010-09-07,8.814342498779297,8.814342498779297,8.720754209123664,8.72926245674449,417500
2010-09-08,8.984503746032715,9.018535923383967,8.780309870534092,8.788818117719684,457900
2010-09-09,8.8739013671875,9.03555405048529,8.763296558029506,9.018538362902468,473900
2010-09-10,8.890914916992188,8.993011452114482,8.8313588076853,8.8313588076853,428100
2010-09-13,8.916535377502441,8.984862071186765,8.839669374311443,8.967780194138502,183200
2010-09-14,8.899458885192871,8.94216278523497,8.882376999372372,8.882376999372372,139800
2010-09-15,8.865293502807617,8.933619398379593,8.839671495595358,8.85675256223389,449500
2010-09-16,8.925079345703125,8.95924229688776,8.83967237499604,8.83967237499604,268200
2010-09-17,8.81404972076416,8.96778341131531,8.805509593685002,8.916538576295252,1360500
2010-09-20,9.13005542755127,9.17275931255751,8.839670801428333,8.839670801428333,953600
2010-09-21,9.411905288696289,9.420445418215293,8.984867861394482,9.13860078135684,592200
2010-09-22,9.224006652832031,9.352117528277429,9.036109996270909,9.352117528277429,1323000
2010-09-23,9.07880973815918,9.206920554976836,9.04464679937389,9.164216677868048,631400
2010-09-24,9.03610610961914,9.198380684194708,9.03610610961914,9.078809987902645,329900
2010-09-27,8.993404388427734,9.24962690507568,8.993404388427734,9.112975113399155,505200
2010-09-28,9.087352752685547,9.155678645866658,8.916537205223875,8.959241092089293,452600
2010-09-29,9.172760963439941,9.181301904880131,9.01902809006156,9.070272109684685,612200
2010-09-30,9.070268630981445,9.266706136221464,9.05318756916114,9.266706136221464,404500
2010-10-01,9.027567863464355,9.155679536523202,8.993404913550458,9.121516586609305,285800
2010-10-04,9.104435920715332,9.18130277191796,9.044650954006215,9.05319189625297,724700
2010-10-05,9.13005542755127,9.249626142666969,9.061729537344831,9.08735235705389,267000
2010-10-06,9.138596534729004,9.172759480457549,9.070270643271913,9.130055594669649,393000
2010-10-07,9.164217948913574,9.164217948913574,9.036107114327386,9.138595944898102,452200
2010-10-08,9.394820213317871,9.548553895633217,9.147138622092578,9.147138622092578,794300
2010-10-12,9.642504692077637,9.659586579454212,9.317956162505702,9.394823026681847,496700
2010-10-13,9.881643295288086,10.00121403776202,9.676665577769096,9.710828530688929,654500
2010-10-14,9.651044845581055,9.932889448144584,9.599800002156252,9.907267433686759,308900
2010-10-15,9.420442581176758,9.651043113437057,9.420442581176758,9.60833922066563,540000
2010-10-18,9.309412956237793,9.471687588838796,9.181302090086703,9.463146647226317,2966300
2010-10-19,9.514389991760254,9.67666378442859,9.300871371954665,9.317952437994487,1058000
2010-10-20,9.522932052612305,9.54855487864201,9.480228971580917,9.48876909908176,1038000
2010-10-21,9.48876667022705,9.676663273803396,9.446063600126436,9.522929615012854,624500
2010-10-22,9.471685409545898,9.557092362492757,9.369196577304367,9.522929418412247,200400
2010-10-25,9.463147163391113,9.557095082725674,9.403362197860853,9.557095082725674,164700
2010-10-26,9.369195938110352,9.463143824295146,9.249625234731612,9.463143824295146,1185100
2010-10-27,9.394820213317871,9.446065045592645,9.326494313290823,9.369198204434973,334600
2010-10-28,9.540011405944824,9.557092470924458,9.394818688328137,9.394818688328137,338200
2010-10-29,9.770610809326172,9.804773752856693,9.497307261082002,9.531470204612523,608600
2010-11-01,9.83893871307373,9.856019779671643,9.727908929406079,9.821856831966898,240300
2010-11-02,9.736448287963867,9.924344892783262,9.719367222712389,9.821856057747826,467600
2010-11-03,9.693747520446777,9.856021344175764,9.642502683500805,9.770613554102159,511800
2010-11-04,9.76207160949707,9.787693615946006,9.659582769192424,9.787693615946006,916000
2010-11-05,9.779153823852539,9.82185771595414,9.693746854158336,9.73644993175094,422500
2010-11-08,9.642504692077637,9.779156533053351,9.582719715278065,9.736452629121136,397500
2010-11-09,9.676665306091309,9.676665306091309,9.565635508591818,9.582717391826673,641700
2010-11-10,9.967049598693848,10.009753487103486,9.6510421276768,9.6510421276768,696200
2010-11-11,9.668123245239258,9.898723755160095,9.651042178490822,9.873101747782979,714100
2010-11-12,9.420442581176758,9.668124181840223,9.394820571317505,9.616880162121717,337600
2010-11-15,9.497307777404785,9.505848717378951,9.394818941241397,9.394818941241397,285000
2010-11-16,9.428979873657227,9.522927749789725,9.30940918307239,9.522927749789725,1145600
2010-11-17,9.463147163391113,9.463147163391113,9.335036290252251,9.36065830197821,483900
2010-11-18,9.565632820129395,9.67666258642349,9.497306935411304,9.497306935411304,323000
2010-11-19,9.565632820129395,9.68520352564045,9.53146987777035,9.59979576248844,278500
2010-11-22,9.471685409545898,9.565633302140093,9.403359521384878,9.565633302140093,285900
2010-11-23,9.317950248718262,9.505846818062892,9.309409310450619,9.411898940644928,263000
2010-11-24,9.48876667022705,9.48876667022705,9.394818775693304,9.394818775693304,257000
2010-11-25,9.446063995361328,9.557092959679137,9.446063995361328,9.522930013463915,123600
2010-11-26,9.625420570373535,9.625420570373535,9.437523941293277,9.505849840139014,180600
2010-11-29,9.548552513122559,9.71936723845835,9.53147063333455,9.591255583574862,519100
2010-11-30,9.616878509521484,9.762071231288472,9.480226727742878,9.488766853222389,739800
2010-12-01,9.821854591369629,9.821854591369629,9.685202831724146,9.727906710240543,438500
2010-12-02,9.821854591369629,9.898721409797398,9.770609774248205,9.813313652764602,1838100
2010-12-03,9.60833740234375,9.856018956134923,9.52292963296382,9.796234006274284,602000
2010-12-06,9.796235084533691,9.796235084533691,9.52293068114095,9.56563457053128,373600
2010-12-07,9.873101234436035,9.90726418066555,9.710826628964181,9.79623440179241,545100
2010-12-08,9.75352954864502,9.907263198694771,9.719366605801609,9.87310025585136,369400
2010-12-09,9.8645601272583,9.907264012949499,9.779152355875908,9.821856241567104,209200
2010-12-10,9.80477523803711,9.847479127546046,9.719368273528179,9.80477523803711,179000
2010-12-13,9.967618942260742,9.97618974792271,9.86477172638818,9.8819125203551,368500
2010-12-14,9.899051666259766,10.044752056797577,9.813345265699827,9.941904866539737,355900
2010-12-15,9.770492553710938,9.873340566465533,9.69335777018027,9.787634161622321,416300
2010-12-16,9.607651710510254,9.761922917827782,9.607651710510254,9.710498909602979,302800
2010-12-17,9.63336181640625,9.701926605199716,9.52194383027768,9.581938633489528,717000
2010-12-20,9.779059410095215,10.019036102483787,9.667641455718533,9.676212256214399,493300
2010-12-21,9.959047317504883,10.0533237199616,9.830488512576908,9.847629305134063,342700
2010-12-22,9.830487251281738,10.019040032003016,9.761922455136393,9.95904603971505,201200
2010-12-23,9.79620361328125,9.950473976403503,9.779062007736144,9.813344401469616,110200
2010-12-24,9.81334400177002,9.830485606616943,9.779061609432876,9.779061609432876,24300
2010-12-29,9.787635803222656,9.847629806261097,9.77049419243625,9.83048901283168,89400
2010-12-30,9.736210823059082,9.804775624693823,9.701928422241712,9.804775624693823,177600
2010-12-31,9.86477279663086,9.959049217069632,9.719072353998236,9.736213149824783,222800
2011-01-04,9.770492553710938,9.941905363397362,9.744780959200716,9.899052160975756,345300
2011-01-05,9.744779586791992,9.847626767705224,9.727638798651489,9.727638798651489,203200
2011-01-06,10.070463180541992,10.08760478679757,9.73620921476918,9.73620921476918,527900
2011-01-07,10.139029502868652,10.17331190320314,10.001899901530697,10.010470705953542,433900
2011-01-10,10.413287162780762,10.481851953291635,10.10474560548184,10.121887211787946,860700
2011-01-11,10.541847229003906,10.541847229003906,10.370435245068236,10.439000038642504,871400
2011-01-12,10.52470588684082,10.57612989199428,10.507565096694222,10.516135900445938,614800
2011-01-13,10.310441970825195,10.498995589870567,10.233306362244955,10.430430786100784,1199600
2011-01-14,10.379006385803223,10.421859590893314,10.250447587889852,10.327583193580637,349400
2011-01-17,10.439001083374023,10.516136688203982,10.379006269974669,10.38757707436842,131300
2011-01-18,10.601840019226074,10.670404805040826,10.43042805468919,10.438998857255214,4210200
2011-01-19,10.670406341552734,10.670406341552734,10.498994352332952,10.498994352332952,331200
2011-01-20,10.61041259765625,10.678977394946688,10.550418604366328,10.67040659094617,652500
2011-01-21,10.558988571166992,10.738971368055378,10.558988571166992,10.713259773458995,987800
2011-01-24,10.61041259765625,10.63612419230095,10.54184780036581,10.55898859100999,224300
2011-01-25,10.661834716796875,10.72182952142186,10.584699940604938,10.584699940604938,428400
2011-01-26,10.884672164916992,10.918954564753074,10.678977765900502,10.713260165736584,552000
2011-01-27,10.901813507080078,10.961807500987785,10.824677904994818,10.918954297900767,297800
2011-01-28,10.893239974975586,10.978946359686002,10.790392803737083,10.816104392207544,702600
2011-01-31,10.910384178161621,10.918954982787998,10.816107779342223,10.8246785839686,606700
2011-02-01,11.141793251037598,11.201787260835072,10.893245588131812,10.944669608927562,512500
2011-02-02,11.150359153747559,11.227494742340342,11.038941172153171,11.056081959975613,924800
2011-02-03,11.253209114074707,11.270349906133633,11.107508703467676,11.141791104942453,1486400
2011-02-04,11.296061515808105,11.296061515808105,11.158931919674686,11.227496717741396,1265800
2011-02-07,11.201784133911133,11.304631329436255,11.167501735402759,11.278919734894188,360800
2011-02-08,11.398908615112305,11.450331804542722,11.167501810604843,11.227496621416144,788900
2011-02-09,11.27034854888916,11.39890815195533,11.244636955218656,11.39890815195533,903700
2011-02-10,10.918951988220215,11.176070334997341,10.65326365652398,11.107505551504333,2585300
2011-02-11,10.910384178161621,10.978949797815721,10.833249388594977,10.90181419089216,689700
2011-02-14,10.867531776428223,10.978949784363863,10.833249375321635,10.90181417753481,690900
2011-02-15,10.94466781616211,10.953237803760047,10.858961401327155,10.86753220628204,293900
2011-02-16,10.953238487243652,11.124650510252748,10.936097693621242,10.936097693621242,634800
2011-02-17,11.218924522399902,11.23606531111254,10.961806152856216,10.961806152856216,637300
2011-02-18,11.107512474060059,11.244642126509644,11.056088445712863,11.107512474060059,546900
2011-02-22,11.004657745361328,11.158928908054486,10.867528186237031,11.124645700916767,586600
2011-02-23,10.781824111938477,11.038942499034492,10.713259317693783,10.970377704789797,627200
2011-02-24,10.601840019226074,10.790393588895006,10.464710447596566,10.687546410172876,894200
2011-02-25,10.730400085449219,10.79039407138054,10.456140112570127,10.464710915519388,736000
2011-02-28,10.636125564575195,10.790396787061205,10.636125564575195,10.670407967643536,497500
2011-03-01,10.68754768371582,10.738970870526185,10.601841282556126,10.670406076541155,940500
2011-03-02,10.653266906738281,10.79896732045196,10.653266906738281,10.79896732045196,577000
2011-03-03,10.918951988220215,10.987516771713222,10.610410462501678,10.71325763774119,1222900
2011-03-04,10.9360933303833,11.047511305225372,10.876098533248848,10.97894652337743,368800
2011-03-07,10.816106796264648,10.961807192242663,10.781824398231988,10.927524794210003,340200
2011-03-08,10.893239974975586,10.944663969273169,10.824675194149917,10.858957584562752,534600
2011-03-09,10.901813507080078,10.93609590607832,10.841818695815507,10.884671898902525,490500
2011-03-10,10.824681282043457,10.876104487905229,10.72183405296279,10.756116462656346,820900
2011-03-11,10.962242126464844,11.01382950901604,10.747296202416514,10.747296202416514,197500
2011-03-14,10.979439735412598,11.03962434021052,10.884862990783013,10.884862990783013,215500
2011-03-15,10.850471496582031,10.867667566221591,10.764493608245424,10.833276246896203,838800
2011-03-16,10.764492988586426,10.859068906298544,10.669916250920625,10.798884305932077,153400
2011-03-17,10.859070777893066,10.893462101166168,10.790288131346864,10.833277490426697,294700
2011-03-18,10.824679374694824,10.962244666771502,10.764494764399732,10.893462020733162,1200000
2011-03-21,10.816080093383789,10.953645369618602,10.7988848438313,10.833276162890002,325900
2011-03-22,10.721503257751465,10.816079172118918,10.635524557451122,10.816079172118918,517700
2011-03-23,10.65272045135498,10.747296364176421,10.626926349714335,10.704307014728988,1447200
2011-03-24,10.833276748657227,10.902059390493786,10.626928003193777,10.661319324112057,730100
2011-03-25,10.755894660949707,10.910655174807992,10.721503344541905,10.798884011447877,326500
2011-03-28,10.592536926269531,10.833276998196594,10.592536926269531,10.764494354775659,262100
2011-03-29,10.566742897033691,10.63552553561856,10.532351577741256,10.609732251137666,188700
2011-03-30,10.979439735412598,11.065417625130522,10.583939146839661,10.583939146839661,1177100
2011-03-31,11.07401180267334,11.17718572636848,10.92784853911686,11.04821852673792,641800
2011-04-01,11.117005348205566,11.177189954807787,10.996635315047357,11.031026635956307,541800
2011-04-04,11.091207504272461,11.168588155224931,11.04821898259086,11.134196845907555,229500
2011-04-05,11.01383113861084,11.117005099025112,10.988037033541959,11.082613778887023,775100
2011-04-06,10.962242126464844,11.048220824065627,10.867666215066885,11.005231475265235,431000
2011-04-07,10.893458366394043,10.97943705507631,10.841870989193973,10.919251645017306,469200
2011-04-08,10.798884391784668,10.927851627867742,10.7730902886051,10.893460310248676,270700
2011-04-11,10.609731674194336,10.807481544384022,10.549547073693768,10.747296943883454,377700
2011-04-12,10.62692642211914,10.65272052393553,10.532350508653321,10.549546576530915,261100
2011-04-13,10.738700866699219,10.781690226300427,10.566744248248222,10.63552689562862,613700
2011-04-14,10.747296333312988,10.77308961492592,10.652720420763144,10.6871117362316,451000
2011-04-15,10.747296333312988,10.781687648781444,10.6871117362316,10.712905017844532,394700
2011-04-18,10.644123077392578,10.68711242950528,10.592535690866598,10.652721111805857,264200
2011-04-19,10.687112808227539,10.764493480781825,10.635525419873442,10.704308057709758,1276000
2011-04-20,10.730101585388184,10.790287009825928,10.712906335515786,10.747297655214322,1310200
2011-04-21,10.695708274841309,10.790285001373524,10.626925648247108,10.738697621451081,262600
2011-04-25,10.70430850982666,10.773091150568142,10.687113259618167,10.730101795116276,173400
2011-04-26,10.816080093383789,10.850471412442491,10.669916782395868,10.669916782395868,436100
2011-04-27,11.039620399475098,11.117001046566825,10.850467797690143,10.850467797690143,628000
2011-04-28,11.005233764648438,11.134201017924624,10.970842442444535,11.013831800187864,1300000
2011-04-29,10.962242126464844,11.005231475265235,10.773089483715298,10.962242126464844,628000
2011-05-02,10.97083854675293,10.988033791772034,10.910653139302296,10.936447236761214,251300
2011-05-03,10.824679374694824,10.953646631028255,10.77309198018916,10.93645137949558,574400
2011-05-04,10.747296333312988,10.833275031960948,10.704306983989008,10.790285682636968,230200
2011-05-05,10.730101585388184,10.833276364437532,10.652721731031782,10.747297655214322,259100
2011-05-06,10.790287017822266,10.910656226879475,10.73010159333992,10.764493733017684,1306100
2011-05-09,10.9192533493042,10.970840734556074,10.781688081904093,10.781688081904093,644800
2011-05-10,10.9192533493042,10.96224270035515,10.81607939875412,10.96224270035515,253000
2011-05-11,10.996636390686035,11.099810363504872,10.884864381810498,10.919255706083444,916700
2011-05-12,11.185785293579102,11.194383326722141,10.970839384724563,10.970839384724563,559000
2011-05-13,11.07401180267334,11.24596834216524,11.031022462812,11.15139245043306,1100000
2011-05-16,10.996636390686035,11.082615111345325,10.96224506641309,11.022429678902283,350000
2011-05-17,10.9192533493042,11.0052320514061,10.867666784005996,10.98803598300425,237500
2011-05-18,10.859070777893066,10.96224474771237,10.816081418813233,10.945048676098908,246100
2011-05-19,10.747296333312988,10.962242259979249,10.730100265601942,10.962242259979249,677400
2011-05-20,10.816080093383789,10.8590694471956,10.721504170960785,10.721504170960785,312600
2011-05-24,10.738700866699219,10.824679585901634,10.652722967450638,10.773092190389418,242000
2011-05-25,10.764492988586426,10.798884305932077,10.58393836753334,10.695709533941443,316100
2011-05-26,10.764492988586426,10.910655472340178,10.755894954261592,10.764492988586426,404400
2011-05-27,10.721503257751465,10.798883924031042,10.704307189709935,10.798883924031042,210000
2011-05-30,10.755894660949707,10.790285977357511,10.678513994043735,10.738698592768975,37400
2011-05-31,10.669916152954102,10.764492889751539,10.635524835924217,10.764492889751539,575500
2011-06-01,10.70430850982666,10.798885255811514,10.618330618876685,10.661319154374794,299300
2011-06-02,10.635523796081543,10.738697737083807,10.62692576267629,10.738697737083807,105500
2011-06-03,10.609731674194336,10.644122991616616,10.480763618895523,10.626926922928632,264000
2011-06-06,10.558144569396973,10.626927206074187,10.420579296042543,10.549547354777602,225200
2011-06-07,10.57534122467041,10.64412386515983,10.523753834326468,10.523753834326468,591000
2011-06-08,10.540950775146484,10.575342098232044,10.51515666786695,10.549548810906328,567300
2011-06-09,10.558144569396973,10.626927206074187,10.429177330615621,10.540949320204524,391400
2011-06-10,10.429176330566406,10.532350275688923,10.38618698177695,10.489360926899467,381700
2011-06-13,10.446428298950195,10.489559877996738,10.368792443866152,10.437802641274043,251200
2011-06-14,10.498188972473145,10.549946222083813,10.437805240371814,10.437805240371814,330200
2011-06-15,10.567195892333984,10.567195892333984,10.455054122919861,10.463680602720885,148500
2011-06-16,10.463680267333984,10.627579264968093,10.420548692377734,10.567195553629162,303700
2011-06-17,10.386045455932617,10.489560760755884,10.299782290579971,10.437803519677507,571700
2011-06-20,10.79148006439209,10.81735868264729,10.308407861851853,10.308407861851853,357200
2011-06-21,11.20553970336914,11.291802849224041,10.825983671473503,10.825983671473503,3130600
2011-06-22,10.955377578735352,11.188287579180743,10.955377578735352,11.13652952708188,379400
2011-06-23,10.989886283874512,10.99851276583672,10.722471924378835,10.955381178692276,196300
2011-06-24,11.0071382522583,11.015764733440287,10.929501566953471,10.955380187832906,539500
2011-06-27,10.998513221740723,11.153786612830386,10.955381632808413,11.0157661863803,285000
2011-06-28,11.274553298950195,11.291806262402767,10.97263384252939,10.989885983315384,544100
2011-06-29,11.136531829833984,11.274552233748297,11.058895146965558,11.248673613680989,584000
2011-06-30,11.222797393798828,11.231423876555017,11.076150477610321,11.127907728814103,556900
2011-07-04,11.214166641235352,11.231419600178643,11.076146260354458,11.136529971323258,193900
2011-07-05,11.067523002624512,11.257301492913196,11.058896520641708,11.214169905665777,1239900
2011-07-06,11.119277954101562,11.153783049691235,10.981256749076499,11.08477285851189,658900
2011-07-07,11.136531829833984,11.19691555087987,11.093400247944137,11.110653209766674,416900
2011-07-08,10.972633361816406,11.127905912754146,10.920875296392799,11.11928025407233,340200
2011-07-11,10.765602111816406,10.91224900664723,10.739723489983483,10.91224900664723,383700
2011-07-12,10.61032772064209,10.739721630064656,10.48955946855899,10.731095150058774,612300
2011-07-13,10.627583503723145,10.6879680618125,10.437805814490014,10.61033136045954,663000
2011-07-14,10.696592330932617,10.782855504031504,10.627582121520144,10.627582121520144,875400
2011-07-15,10.782855033874512,10.843238758810912,10.696591864536893,10.696591864536893,561800
2011-07-18,10.73972225189209,10.791480312257743,10.670712053182191,10.78285383175239,378200
2011-07-19,10.756976127624512,10.756976127624512,10.679339441807409,10.713844544096506,268500
2011-07-20,10.73972225189209,10.78285383175239,10.73972225189209,10.756975212902795,2368500
2011-07-21,10.774226188659668,10.834610723014912,10.705215997396278,10.713842476970795,188500
2011-07-22,10.86911678314209,10.88636892115566,10.679338328994167,10.79148010541492,583800
2011-07-25,10.817361831665039,10.843240457453707,10.782856723057922,10.834614797301938,215400
2011-07-26,10.63620662689209,10.791479980549807,10.55856995006323,10.72246978396114,243700
2011-07-27,10.455055236816406,10.6189550798324,10.403297997828762,10.567197018178275,190900
2011-07-28,10.549945831298828,10.618956866001202,10.463683477587445,10.472309959758569,297900
2011-07-29,10.782855033874512,10.912248965214385,10.463682623591811,10.463682623591811,379200
2011-08-02,10.61032772064209,10.817358304784761,10.584449103290858,10.78285320742765,559200
2011-08-03,10.627583503723145,10.696593722110954,10.541321142071729,10.627583503723145,555600
2011-08-04,10.403294563293457,10.644830185050541,10.196263207692605,10.6103250962281,1682000
2011-08-05,10.006489753723145,10.377419405741126,9.790832654053823,10.230772512152663,486400
2011-08-08,9.532045364379883,9.808086229085907,9.385398449338142,9.704570904821148,835300
2011-08-09,10.204894065856934,10.204894065856934,9.506165511617588,9.506165511617588,929900
2011-08-10,9.954731941223145,10.179015528028264,9.76495345833677,10.135883942463192,928100
2011-08-11,9.445779800415039,9.747700037037049,9.066223707175746,9.704568457138697,2235200
2011-08-12,9.247376441955566,9.549295880637658,9.066224449679702,9.549295880637658,1324200
2011-08-15,9.1438627243042,9.35951985626735,9.074852507889325,9.1438627243042,226000
2011-08-16,8.988585472106934,9.169737418192248,8.988585472106934,9.109353710385918,1311600
2011-08-17,8.96270751953125,9.143859478993052,8.807434176373597,8.9885861358354,647700
2011-08-18,8.617656707763672,8.876445367948728,8.591778088545109,8.876445367948728,429000
2011-08-19,8.634910583496094,8.867819826462245,8.522768791450703,8.591778998453012,528000
2011-08-22,8.540022850036621,8.703922745480465,8.324365699049164,8.686669778521432,861200
2011-08-23,8.772932052612305,8.807437160263353,8.505516851316687,8.540021958967735,282700
2011-08-24,8.712544441223145,8.867816945195036,8.626281299164978,8.70391796248407,351700
2011-08-25,8.807432174682617,9.169736011264366,8.678038299903218,8.885068828616733,1227500
2011-08-26,8.703920364379883,8.81606215093514,8.643536641875714,8.798809188695937,442600
2011-08-29,8.893697738647461,8.945454973647813,8.721171428202508,8.755676525758215,406600
2011-08-30,9.031721115112305,9.109357815948995,8.893700679254495,8.928205788218948,1347500
2011-08-31,9.264630317687988,9.299135426364666,8.98858944827457,9.031721039787088,926700
2011-09-01,9.152487754821777,9.29913466028326,9.135235613238047,9.230124448615106,457400
2011-09-02,8.824686050415039,9.135232727489068,8.824686050415039,9.135232727489068,903700
2011-09-06,8.617656707763672,8.928203429052328,8.583151607916763,8.885071848577073,559600
2011-09-07,8.747053146362305,8.790183912539662,8.678042933278576,8.721173699455932,622400
2011-09-08,8.6780424118042,8.764304761641933,8.617657861984545,8.74705262074102,156900
2011-09-09,8.3157377243042,8.643536601312025,8.281232622654244,8.643536601312025,378300
2011-09-12,8.203598022460938,8.212224505731678,8.056951097525248,8.15183994550322,285200
2011-09-13,8.394177436828613,8.732023899577973,8.316213631094053,8.316213631094053,756200
2011-09-14,8.801324844360352,8.861963630030312,8.532780942557824,8.645395594190179,1373600
2011-09-15,8.7839994430542,8.835975306720565,8.749348591896137,8.809987374887381,482500
2011-09-16,8.792658805847168,8.82730964624508,8.740682958320898,8.78399671535359,442000
2011-09-19,8.844635963439941,8.9226005651363,8.740683436558545,8.75800844463482,395600
2011-09-20,8.818650245666504,9.035218270747576,8.78399939469919,8.801324407112121,669600
2011-09-21,8.723359107971191,8.87928833827691,8.680046167234172,8.87062541967295,435400
2011-09-22,8.732019424438477,8.732019424438477,8.463475636872731,8.58475315662198,809400
2011-09-23,8.628069877624512,8.740685346218838,8.628069877624512,8.662720727488809,408100
2011-09-26,8.90527629852295,8.90527629852295,8.61074367410818,8.714697045429833,597100
2011-09-27,8.818650245666504,9.078531214850628,8.766673556144807,8.965916568812949,1336900
2011-09-28,8.7839994430542,8.991904550002575,8.775336523729319,8.93126576701133,542300
2011-09-29,8.749345779418945,8.87928622295696,8.662718266299475,8.84463538293741,491200
2011-09-30,8.515454292297363,8.749348145281147,8.489466361790747,8.732022307515793,452000
2011-10-03,8.160282135009766,8.498128505337654,7.987027903870338,8.402838058604964,471600
2011-10-04,8.0476655960083,8.160281037640083,7.8224347127447365,8.160281037640083,1100000
2011-10-05,8.14295482635498,8.2728960958186,8.013014383032552,8.013014383032552,728000
2011-10-06,8.350861549377441,8.394174484169643,8.134293570851337,8.168944414369863,325000
2011-10-07,8.203597068786621,8.368188405296918,8.06499366411659,8.324874634802168,201000
2011-10-11,8.26423454284668,8.420163761474024,8.203595769443302,8.411500843518876,467000
2011-10-12,8.376851081848145,8.446152782174673,8.246910600271262,8.27289853135835,2800000
2011-10-13,8.446152687072754,8.524117305597592,8.324874299796182,8.40283891832102,431000
2011-10-14,8.54144287109375,8.54144287109375,8.368188610997407,8.472141167055213,1400000
2011-10-17,8.688706398010254,8.697369314758053,8.550103034610318,8.610741799562486,787000
2011-10-18,8.861961364746094,8.922600961056924,8.63673129291294,8.697370063082486,916100
2011-10-19,9.095858573913574,9.286438699162836,8.844639655870196,8.844639655870196,532000
2011-10-20,9.113181114196777,9.173819885025045,8.983239828811685,9.017890673019451,685000
2011-10-21,9.139166831970215,9.19980558814269,9.069865160304218,9.095853080643694,1569100
2011-10-24,9.27777099609375,9.303758918732342,9.165155563138299,9.217132234556647,283700
2011-10-25,9.23445987701416,9.338412423384097,9.191146109491337,9.30376157459412,343200
2011-10-26,9.15649700164795,9.251787473544248,9.113184052031333,9.208473697786072,275400
2011-10-27,9.286437034606934,9.303762046810562,9.095856943518374,9.269111196261862,515600
2011-10-28,9.269109725952148,9.295097653205984,9.199808035847711,9.217133871444476,290000
2011-10-31,9.208473205566406,9.684923061155592,9.208473205566406,9.269111992701598,504700
2011-11-01,9.017891883850098,9.156495279291414,8.91393933726911,9.052542732710426,421900
2011-11-02,9.121843338012695,9.243121707570433,9.026553721593883,9.069867484017454,240000
2011-11-03,9.13050651550293,9.381725353337647,9.000566050676511,9.104518587765911,380900
2011-11-04,9.069869041442871,9.165158674224267,9.069869041442871,9.113182811304032,415000
2011-11-07,9.087191581726074,9.095854498570034,9.00056489171014,9.061203657335415,165300
2011-11-08,9.087191581726074,9.095854498570034,9.009226982412878,9.069866574179375,277000
2011-11-09,9.069869041442871,9.078531134501947,8.97457858252003,9.02655527158171,171700
2011-11-10,8.7839994430542,9.052543332993821,8.68004688958001,9.009229562510878,194200
2011-11-11,8.697370529174805,8.835973911927976,8.610743001883408,8.801323066239684,145100
2011-11-14,8.654058456420898,8.706035148179579,8.64539553677087,8.671384295720955,430000
2011-11-15,8.584754943847656,8.671382469824165,8.532779089174804,8.671382469824165,4182000
2011-11-16,8.602081298828125,8.680045911685633,8.558767533224913,8.558767533224913,326000
2011-11-17,8.420166015625,8.67138492058845,8.316213450758216,8.576094449854402,317900
2011-11-18,8.246909141540527,8.463477123289286,8.22958330645281,8.402837526623557,1400000
2011-11-21,8.212258338928223,8.229584175846286,8.013016171218752,8.229584175846286,171600
2011-11-22,8.177607536315918,8.324873846365817,8.16028252544372,8.16028252544372,318100
2011-11-23,8.02167797088623,8.186269267945237,7.969701293522657,8.17760635069443,300000
2011-11-24,8.013014793395996,8.064991469071517,7.952376026892248,7.952376026892248,85100
2011-11-25,8.013014793395996,8.168943994281328,7.969701034689932,7.969701034689932,365300
2011-11-28,8.316211700439453,8.428826335736897,8.186270402098646,8.186270402098646,476800
2011-11-29,8.316211700439453,8.376850477313672,8.281560852776847,8.281560852776847,494700
2011-11-30,8.801324844360352,8.801324844360352,8.454816317472737,8.480804250453934,670000
2011-12-01,8.498128890991211,8.81864943968003,8.454815124705398,8.732021907108402,425600
2011-12-02,8.697370529174805,8.697370529174805,8.498128373002451,8.498128373002451,640800
2011-12-05,8.88794994354248,8.913937869372834,8.6973698931236,8.6973698931236,602600
2011-12-06,8.870625495910645,8.922602181839721,8.818649636122965,8.89661425194588,314400
2011-12-07,8.835972785949707,8.896612377782843,8.73202026213162,8.870623627222404,328800
2011-12-08,8.645395278930664,8.706034888530858,8.524117712013206,8.706034888530858,283000
2011-12-09,8.723359107971191,8.80132372312405,8.654057411422293,8.654057411422293,326400
2011-12-12,8.697370529174805,8.732021374863098,8.619405919840814,8.662719683486511,294000
2011-12-13,8.610398292541504,8.836530172651305,8.575608836328154,8.827832601236452,488800
2011-12-14,8.427754402160645,8.688675768270215,8.271202246051828,8.688675768270215,947700
2011-12-15,8.43644905090332,8.506027947160373,8.35817258525267,8.392962033381195,530000
2011-12-16,8.445147514343262,8.697371247338232,8.349476729223086,8.532121558595028,2213900
2011-12-19,8.471237182617188,8.532119329465537,8.384263990534281,8.384263990534281,429100
2011-12-20,8.419055938720703,8.540818609761812,8.419055938720703,8.445147821165799,755100
2011-12-21,8.26250171661377,8.401659507550663,8.17552768255528,8.358172490521419,227000
2011-12-22,8.401659965515137,8.479936434545362,8.279897306531147,8.349476205792257,740800
2011-12-23,8.497331619262695,8.566910518893746,8.401660010185568,8.419055149816286,132000
2011-12-28,8.410360336303711,8.610399530939766,8.392965190972133,8.506031147288844,162800
2011-12-29,8.427754402160645,8.488636579568777,8.24510952882856,8.392964941975778,289400
2011-12-30,8.601700782775879,8.645186977076396,8.436450258428358,8.436450258428358,313900
2012-01-03,8.679977416992188,8.723464445682637,8.65388553155635,8.697372560246801,267300
2012-01-04,8.984382629394531,9.010474505656244,8.61039547537821,8.61039547537821,755000
2012-01-05,9.114843368530273,9.132238506676995,8.845225362822813,9.027870166134186,423500
2012-01-06,9.036566734313965,9.132237495186882,8.9408951439953,9.132237495186882,505600
2012-01-09,8.888713836669922,9.053963528938816,8.871318695670052,8.949595171277519,194600
2012-01-10,8.827829360961914,8.93219852073909,8.784343178741477,8.871316372628112,323400
2012-01-11,8.79304027557373,8.906106178731623,8.740856523005961,8.775645967866405,284000
2012-01-12,9.114843368530273,9.280093863140765,8.819133485048571,8.827830224676092,513700
2012-01-13,9.254002571105957,9.288792020155585,9.053962616986174,9.053962616986174,399800
2012-01-16,9.280095100402832,9.280095100402832,9.184424316178145,9.24530564891695,798700
2012-01-17,9.30618667602539,9.332278556421414,9.184424014546664,9.332278556421414,197400
2012-01-18,9.349674224853516,9.349674224853516,9.236608297484562,9.306187202104539,533600
2012-01-19,9.532319068908691,9.610595544066742,9.271397761530514,9.349674236688564,676800
2012-01-20,9.506227493286133,9.567108829505722,9.445345327620545,9.567108829505722,174300
2012-01-23,9.575804710388184,9.645383605059372,9.514922555466505,9.523620124661866,119600
2012-01-24,9.654081344604492,9.654081344604492,9.497528414108958,9.497528414108958,276000
2012-01-25,9.601896286010742,9.627988163328924,9.497527947292191,9.497527947292191,177600
2012-01-26,9.523621559143066,9.619293175810734,9.393161319345673,9.55841101171877,536100
2012-01-27,9.523621559143066,9.56710858222419,9.488832106567363,9.54971344121335,290200
2012-01-30,9.523621559143066,9.54971344121335,9.436648342426796,9.436648342426796,429300
2012-01-31,9.619293212890625,9.77584533536177,9.471437831512446,9.506227284222255,586300
2012-02-01,9.541017532348633,9.732359123481373,9.4888329342104,9.61059644356891,363800
2012-02-02,9.471439361572266,9.567110164617844,9.445346645740289,9.549715020729858,517900
2012-02-03,9.636685371398926,9.697566692676887,9.506225160247352,9.506225160247352,607300
2012-02-06,9.55841064453125,9.610595236113115,9.506226882395328,9.593200095770513,193800
2012-02-07,9.523621559143066,9.601898034799893,9.497529677072784,9.56710858222419,224900
2012-02-08,9.619293212890625,9.654082665600432,9.436648378802639,9.654082665600432,1211000
2012-02-09,9.454044342041016,9.567110290461827,9.436650027370343,9.436650027370343,664900
2012-02-10,9.39316177368164,9.488832565530812,9.314885294238675,9.454043111272384,1029400
2012-02-13,9.367067337036133,9.454040534251687,9.262698173264203,9.454040534251687,548900
2012-02-14,9.245307922363281,9.349676302485394,9.227912777619853,9.323584414816404,413000
2012-02-15,9.140935897827148,9.306185559775308,9.0800537449445,9.219212359072106,308600
2012-02-16,9.140935897827148,9.193119652359904,9.088751313848569,9.167027775093526,328000
2012-02-17,9.09744930267334,9.236607093778376,9.04526471628602,9.219212784613179,242200
2012-02-21,9.193122863769531,9.210518007654267,9.062662602418474,9.088754488799463,362900
2012-02-22,9.271397590637207,9.297489472060299,9.14963492436547,9.262700020347523,500800
2012-02-23,9.271397590637207,9.34967406435244,9.236608138924431,9.254003279503797,579400
2012-02-24,9.358368873596191,9.358368873596191,9.219211107801495,9.236605413802977,234000
2012-02-27,9.349674224853516,9.375766106724514,9.306187202104539,9.358371795292506,266200
2012-02-28,9.32358169555664,9.34967357561583,9.245305225933162,9.34967357561583,440200
2012-02-29,9.271397590637207,9.358371634642124,9.210516257501338,9.314884612639664,554400
2012-03-01,9.30618667602539,9.314884245972706,9.219213464890004,9.219213464890004,203200
2012-03-02,9.471439361572266,9.514925562400002,9.29749124047687,9.34967584269471,747700
2012-03-05,9.454044342041016,9.54971514634503,9.410557311195147,9.497531372886884,517000
2012-03-06,9.32358169555664,9.445344355463464,9.167028756309684,9.419252475404274,285400
2012-03-07,9.271397590637207,9.288792731216573,9.106147902363011,9.271397590637207,470700
2012-03-08,9.30618667602539,9.549712828428763,9.297489106078075,9.3931607166067,539300
2012-03-09,9.436650276184082,9.497531623305868,9.227912688509402,9.236610260797129,433000
2012-03-12,9.132242202758789,9.436650607962552,9.08875516923737,9.393163574441132,294500
2012-03-13,9.123506546020508,9.210813163398116,9.088584065592986,9.210813163398116,255600
2012-03-14,9.08858585357666,9.298120777363277,9.079855023597775,9.12350834087443,221600
2012-03-15,9.079854965209961,9.149699939356363,9.0187408209863,9.149699939356363,181100
2012-03-16,8.92270565032959,9.097318114279522,8.852860664749617,9.018742297347577,394000
2012-03-19,8.896512985229492,8.957627970900402,8.756823016755222,8.887782986663266,200600
2012-03-20,8.75682258605957,8.861590057262388,8.721900095658631,8.835398397616146,543700
2012-03-21,8.660786628723145,8.75682327674607,8.643324965836479,8.730631615033984,625200
2012-03-22,8.652054786682129,8.678246445334915,8.599671469376556,8.652054786682129,247400
2012-03-23,8.75682258605957,8.765553416814267,8.643324284102055,8.652055114856752,227600
2012-03-26,8.879051208496094,9.018741162071922,8.774283743314221,8.774283743314221,509200
2012-03-27,8.852859497070312,8.948896131421208,8.748092032519029,8.948896131421208,298000
2012-03-28,8.861588478088379,8.896510962265978,8.800474338932005,8.817935997329654,672600
2012-03-29,8.8004732131958,8.87904900069859,8.678244117900617,8.87904900069859,430800
2012-03-30,8.93143081665039,8.940161643278488,8.7742801004319,8.80047174769874,227000
2012-04-02,8.92270565032959,8.94016648041563,8.79174567790371,8.89651315627367,210200
2012-04-03,9.237007141113281,9.402889589370501,8.975088055656181,8.983818886115577,882700
2012-04-04,9.018739700317383,9.210813771661742,9.010008871479535,9.210813771661742,273200
2012-04-05,8.983819961547852,9.044934116843807,8.87032164984256,9.001281624556936,2000000
2012-04-09,8.896512985229492,9.027472955137537,8.844129663360585,9.018742123953423,269000
2012-04-10,8.76555347442627,8.913974267760226,8.704439323977413,8.861590115505596,291000
2012-04-11,9.053665161132812,9.071126824552291,8.774285207364667,8.774285207364667,295000
2012-04-12,9.027474403381348,9.175895226850326,8.966360240524011,9.106050231408222,288500
2012-04-13,8.739360809326172,9.079854845652024,8.730629979518392,9.079854845652024,424800
2012-04-16,8.957627296447754,9.06239476491513,8.861589825889292,8.861589825889292,1456200
2012-04-17,9.245737075805664,9.29812038825127,8.99254884533793,9.027471331174247,899600
2012-04-18,9.394155502319336,9.43780880686557,9.19335063445367,9.219543116751929,258800
2012-04-19,9.228278160095215,9.39416064159698,9.228278160095215,9.333045648750968,482800
2012-04-20,9.315582275390625,9.376696418944947,9.245737302009184,9.254468131836305,500100
2012-04-23,9.30685043334961,9.32431209110472,9.149698844024309,9.167160501779417,264200
2012-04-24,9.219548225402832,9.341776546719279,9.210817393132231,9.254470721867245,175700
2012-04-25,9.210817337036133,9.429083146763919,9.167164008566978,9.306853993573883,193200
2012-04-26,9.333043098449707,9.376696414948944,9.184623154540715,9.210814811393154,464000
2012-04-27,9.333043098449707,9.359235587919905,9.193353151746356,9.341773928273106,183400
2012-04-30,9.429083824157715,9.429083824157715,9.254471330354766,9.254471330354766,477000
2012-05-01,9.376697540283203,9.402890032896865,9.289391729424576,9.394159202025644,269700
2012-05-02,9.376697540283203,9.402890032896865,9.298121727677938,9.298121727677938,485700
2012-05-03,9.193355560302734,9.411621367364363,9.140972232874011,9.38542970365,525000
2012-05-04,9.010011672973633,9.228277466079529,9.010011672973633,9.167163310447613,232000
2012-05-07,9.001279830932617,9.02747148760929,8.879050712078557,8.99254900116781,181800
2012-05-08,8.826668739318848,8.975089551392223,8.643325432205735,8.94889788826691,1163000
2012-05-09,8.835397720336914,8.948896013594194,8.748091917335934,8.809206062698399,467000
2012-05-10,8.844127655029297,8.922703452607493,8.791743512437932,8.861588480814618,1300000
2012-05-11,8.835397720336914,9.05366347676604,8.835397720336914,8.86158937797543,426100
2012-05-14,8.852859497070312,8.940165301220818,8.704438714134879,8.81793700888655,473000
2012-05-15,8.730629920959473,8.95762649873268,8.721899091210252,8.81793655321617,261800
2012-05-16,8.748091697692871,8.835397498501818,8.669515894132385,8.817936671387134,337000
2012-05-17,8.817936897277832,8.861589382491678,8.72189943152469,8.74809192179434,924600
2012-05-18,8.88778305053711,9.24573880547942,8.80920723455116,8.81793806579802,286000
2012-05-22,9.001279830932617,9.097316460492252,8.86158905254894,8.86158905254894,353000
2012-05-23,8.826668739318848,9.036204542175234,8.748093749942907,8.983820383306648,416100
2012-05-24,8.844127655029297,8.948895107594327,8.817936000042465,8.826665996626275,572100
2012-05-25,8.835397720336914,8.85285938050778,8.756821914803583,8.791744402527533,294400
2012-05-28,8.817936897277832,8.817936897277832,8.783014409536085,8.817936897277832,201300
2012-05-29,8.774285316467285,8.817938642940844,8.774285316467285,8.817938642940844,395700
2012-05-30,8.75682258605957,8.800475907215207,8.695708436012389,8.748092587922722,535200
2012-05-31,8.774285316467285,8.800476979304241,8.660787000683213,8.756823652830683,747100
2012-06-01,8.75682258605957,8.800475907215207,8.695708436012389,8.730630926413328,708000
2012-06-04,8.51236629486084,8.75682376045202,8.372676314523023,8.730632097293169,277600
2012-06-05,8.503633499145508,8.608400960204358,8.44251935501562,8.512364329054854,373900
2012-06-06,8.538556098937988,8.66078522142987,8.52109527150645,8.529826101531109,415000
2012-06-07,8.433789253234863,8.599671705362779,8.363944273165584,8.521095894630381,534700
2012-06-08,8.51236629486084,8.582211285029748,8.381407146448627,8.486174631701989,349500
2012-06-11,8.55601978302002,8.756823925383205,8.503635623097724,8.512366455187768,464200
2012-06-12,8.71316909790039,8.765553248806686,8.59094080014875,8.617132459292984,1195100
2012-06-13,8.660578727722168,8.914785961687032,8.625515689794904,8.74823590455595,444200
2012-06-14,8.476493835449219,8.695637934946937,8.441430812968319,8.678106005722288,945100
2012-06-15,8.485260963439941,8.511558024913995,8.458963065997375,8.458963065997375,475600
2012-06-18,8.572916984558105,8.590448913877395,8.467727916547574,8.494024974558107,1324400
2012-06-19,8.72193431854248,8.818358249886934,8.537853255756552,8.555385183625846,3144300
2012-06-20,8.765763282775879,8.914781325460536,8.704403207306314,8.739466226998685,1057100
2012-06-21,8.71316909790039,8.888485047675648,8.67810607513902,8.765764050026648,546000
2012-06-22,8.546621322631836,8.756999493018016,8.546621322631836,8.739468396803439,156100
2012-06-25,8.362540245056152,8.607981444735335,8.309945284283486,8.546621353807675,237400
2012-06-26,8.318708419799805,8.380069325816729,8.231051296297174,8.371303362675988,419900
2012-06-27,8.476493835449219,8.520322822542441,8.292412758432398,8.292412758432398,254800
2012-06-28,8.494024276733398,8.581682244191521,8.362538161514548,8.406367145243609,786000
2012-06-29,8.669337272644043,8.739463288449677,8.555382287967875,8.555382287967875,696500
2012-07-03,8.783294677734375,8.783294677734375,8.625510680707107,8.669339661655602,323700
2012-07-04,8.80959415435791,8.835891215770799,8.748233229769822,8.748233229769822,123700
2012-07-05,8.879717826843262,8.984906880247033,8.83588884559962,8.83588884559962,1369900
2012-07-06,8.792060852050781,8.923547810552874,8.739466737424648,8.853421767072444,400600
2012-07-09,8.678106307983398,8.879719321247109,8.643043284281243,8.8534222624626,449100
2012-07-10,8.730698585510254,8.78329352292704,8.704401534785946,8.704401534785946,345000
2012-07-11,8.853421211242676,8.862186339151158,8.73946618874913,8.73946618874913,400600
2012-07-12,8.748231887817383,8.844655824821018,8.721934830438382,8.809592802992892,587400
2012-07-13,8.80959415435791,8.888486174565088,8.76576516135742,8.76576516135742,166800
2012-07-16,8.800827026367188,8.870953071520042,8.774529968426966,8.774529968426966,199200
2012-07-17,8.853421211242676,8.853421211242676,8.774529208288042,8.792060300073334,187700
2012-07-18,8.80959415435791,8.914783235977977,8.79206222277031,8.827125249977,351700
2012-07-19,8.906012535095215,8.906012535095215,8.818355431667687,8.818355431667687,197100
2012-07-20,8.923548698425293,8.97614281828442,8.853422647967482,8.862187777298361,471800
2012-07-23,8.844654083251953,8.897248187653837,8.800825105604904,8.8358881205289,257100
2012-07-24,8.783294677734375,8.879717767046438,8.730699733402526,8.853420712864654,114200
2012-07-25,8.967371940612793,8.967371940612793,8.739462819458923,8.809588831501346,807300
2012-07-26,8.906012535095215,8.984904513357636,8.85341844023231,8.984904513357636,614000
2012-07-27,8.941076278686523,8.95860820239413,8.800824232898208,8.87971621764617,426000
2012-07-30,8.888484954833984,8.932313105851602,8.844655967847972,8.870953025652222,163000
2012-07-31,8.862188339233398,8.923549264251113,8.809594216039375,8.906017332540761,306300
2012-08-01,8.71316909790039,8.897250176389687,8.695638004503907,8.897250176389687,365100
2012-08-02,8.72193431854248,8.77452926618203,8.660574242936615,8.730700282477127,197500
2012-08-03,8.748231887817383,8.853421789270145,8.678105844161129,8.765763816715637,253400
2012-08-07,8.80959415435791,8.879720208771289,8.76576516135742,8.77453112715122,671400
2012-08-08,8.853421211242676,8.853421211242676,8.783295172164852,8.809592227826954,734600
2012-08-09,8.976141929626465,9.002439822920941,8.853421771459095,8.862186899922207,990000
2012-08-10,8.906012535095215,8.96737259109129,8.870949526530591,8.941075543659839,942900
2012-08-13,8.818361282348633,8.958613409659618,8.79206338150136,8.958613409659618,550500
2012-08-14,8.783294677734375,8.906014821228222,8.75699678758431,8.818357695299515,309200
2012-08-15,8.783294677734375,8.783294677734375,8.713167806635816,8.72193377001917,206700
2012-08-16,8.783294677734375,8.79205980514945,8.695636715837386,8.783294677734375,398800
2012-08-17,8.800827026367188,8.835890048943615,8.756998039154553,8.76576400379076,1297000
2012-08-20,8.827125549316406,8.844657481498537,8.783297390798156,8.809594453102815,358300
2012-08-21,8.923548698425293,8.949845758354856,8.879719707897046,8.879719707897046,571600
2012-08-22,8.888484954833984,8.941079070442484,8.80959294545284,8.897250083456472,277300
2012-08-23,8.879717826843262,8.923546808086904,8.86218589995849,8.870951863400876,420100
2012-08-24,8.862188339233398,8.87972027094375,8.844657243491563,8.862188339233398,233200
2012-08-27,8.80959415435791,8.862188277183689,8.80959415435791,8.853423147358399,224700
2012-08-28,8.818361282348633,8.844658347227288,8.783298250520888,8.844658347227288,413000
2012-08-29,8.941076278686523,9.002437175695013,8.80959019475201,8.80959019475201,692000
2012-08-30,8.888484954833984,8.958610999624248,8.86218706106134,8.941079070442484,294500
2012-08-31,8.835887908935547,8.923545862130494,8.800824894851207,8.800824894851207,315200
2012-09-04,8.835887908935547,8.906013937104227,8.827121946422412,8.862184960506752,189200
2012-09-05,8.844654083251953,8.870951135452895,8.818357031051011,8.827122157805846,294200
2012-09-06,8.932313919067383,8.976142910043675,8.853422738472222,8.870953833281657,634900
2012-09-07,9.12515926361084,9.195285301612266,8.95861013234953,8.967375260123474,336000
2012-09-10,9.02873706817627,9.1339261356385,9.02873706817627,9.046268161435776,203900
2012-09-11,9.063801765441895,9.116395890906974,9.011206804008264,9.019972770241962,206200
2012-09-12,9.02856731414795,9.125458953644893,8.95810051450826,9.081417833892973,157900
2012-09-13,9.107841491699219,9.107841491699219,8.949290793071986,9.028566142385602,421000
2012-09-14,9.248774528503418,9.310432756550394,9.099032397506171,9.116649514108367,427600
2012-09-17,9.151883125305176,9.284008142847803,9.134266008283292,9.24877474883441,263300
2012-09-18,9.134267807006836,9.15188492749789,9.028567604152135,9.15188492749789,210100
2012-09-19,9.354474067687988,9.354474067687988,9.099031774654305,9.125456607718398,635300
2012-09-20,9.37209415435791,9.407327556290323,9.31924363144401,9.31924363144401,1369700
2012-09-21,9.292816162109375,9.389707780016122,9.257582770140528,9.389707780016122,1043500
2012-09-24,9.257582664489746,9.266391222389014,9.125456816091694,9.24877410659048,416600
2012-09-25,9.22235107421875,9.292817871115721,9.169500556530782,9.22235107421875,372700
2012-09-26,9.160690307617188,9.231157091519602,9.116649197700923,9.116649197700923,698000
2012-09-27,9.160690307617188,9.239965649514986,9.116649197700923,9.160690307617188,773800
2012-09-28,9.275200843811035,9.284009403518086,9.072609010731794,9.116650969236561,300000
2012-10-01,9.143074989318848,9.266392294079713,9.125457871482833,9.257583735161706,317500
2012-10-02,9.31043529510498,9.328052416510605,9.143076841904453,9.143076841904453,402400
2012-10-03,9.275200843811035,9.3192428023158,9.17830920712494,9.3192428023158,593900
2012-10-04,9.213541984558105,9.354475570244356,9.195924866332108,9.319242173822792,568100
2012-10-05,9.292816162109375,9.336858112078016,9.160690312203455,9.160690312203455,171800
2012-10-09,9.134267807006836,9.292818531304158,9.090225845809742,9.204734608909972,277600
2012-10-10,9.099031448364258,9.151881952627527,8.975714165103474,9.072606616247757,256100
2012-10-11,9.072608947753906,9.195925422674659,9.028566989554859,9.116650905952953,799400
2012-10-12,9.054991722106934,9.116650798873579,8.958100087231454,9.116650798873579,251900
2012-10-15,9.319241523742676,9.33685864073976,9.07260776599611,9.07260776599611,597300
2012-10-16,9.407326698303223,9.442560097022204,9.248775984052566,9.257584543739933,466300
2012-10-17,9.37209415435791,9.433752397731991,9.266393948560673,9.336860752425498,171400
2012-10-18,9.424941062927246,9.451365896590533,9.336858004039517,9.336858004039517,421400
2012-10-19,9.389707565307617,9.557066803355486,9.372091289741176,9.372091289741176,994200
2012-10-22,9.292816162109375,9.389707780016122,9.151882594233987,9.380899222016328,282100
2012-10-23,9.143074989318848,9.23996661732569,9.11665015259524,9.23996661732569,548800
2012-10-24,9.151883125305176,9.239966190323468,9.10784117278084,9.204732796310076,501000
2012-10-25,9.319241523742676,9.319241523742676,9.151883112422244,9.187116506386038,522800
2012-10-26,9.592301368713379,9.60991764643623,9.33685904150397,9.33685904150397,1380800
2012-10-29,9.43375015258789,9.59230084356545,9.380899642251915,9.59230084356545,180300
2012-10-30,9.380900382995605,9.565875923732188,9.380900382995605,9.433750897504813,443400
2012-10-31,9.680384635925293,9.777277105494592,9.38970890727825,9.433750862534255,523700
2012-11-01,9.504217147827148,9.689192678008526,9.433750359189517,9.680384119421227,2156300
2012-11-02,9.34566593170166,9.55706712584451,9.33685821363639,9.530641451557694,1329600
2012-11-05,9.31043529510498,9.38971066136913,9.284010453027125,9.292819013729938,336800
2012-11-06,9.301626205444336,9.372093000634559,9.284009086631551,9.310433924820268,397900
2012-11-07,9.107841491699219,9.275199909115427,9.090224374060456,9.257583631507071,507500
2012-11-08,9.081417083740234,9.081417083740234,8.825974746139048,9.028566568360825,2793300
2012-11-09,8.773122787475586,8.940481185255438,8.737889396362444,8.940481185255438,2625300
2012-11-12,8.76431655883789,8.773125118964659,8.641000077185252,8.76431655883789,381800
2012-11-13,8.729084014892578,8.764317418826359,8.658617207025017,8.764317418826359,268100
2012-11-14,8.561722755432129,8.781931667989321,8.482447412506685,8.781931667989321,414400
2012-11-15,8.297472953796387,8.47363993837191,8.209389041493402,8.47363993837191,868800
2012-11-16,8.367939949035645,8.411981906247188,8.279856034612557,8.279856034612557,420200
2012-11-19,8.456023216247559,8.500064330057798,8.411981262406918,8.456023216247559,612700
2012-11-20,8.288663864135742,8.438406001449959,8.24462191080267,8.438406001449959,3780300
2012-11-21,8.350322723388672,8.385556960731845,8.235814812145172,8.279855928763233,3505100
2012-11-22,8.50887393951416,8.50887393951416,8.39436518140103,8.411982301124821,182300
2012-11-23,8.544106483459473,8.57053132036889,8.473639691680747,8.544106483459473,310700
2012-11-26,8.323898315429688,8.500065311094186,8.279856356505938,8.500065311094186,1058000
2012-11-27,8.359131813049316,8.367940372943947,8.323898413501299,8.341515533290561,483200
2012-11-28,8.447216987609863,8.447216987609863,8.332708212049498,8.367941616834946,254800
2012-11-29,8.482449531555176,8.508874372454882,8.394365608515423,8.447216130345383,281600
2012-11-30,8.702658653259277,8.702658653259277,8.429599159024248,8.500065962691888,1079200
2012-12-03,8.632192611694336,8.702659421583217,8.596959206749895,8.702659421583217,382800
2012-12-04,8.64980697631836,8.720273770583363,8.500064828497617,8.500064828497617,376900
2012-12-05,8.632192611694336,8.72027570404012,8.588150645506126,8.649808894151239,316500
2012-12-06,8.940483093261719,9.019758450192178,8.614573945904652,8.676233023534168,3427400
2012-12-07,8.808357238769531,8.94048226133891,8.781932402261736,8.94048226133891,275100
2012-12-10,8.834782600402832,8.843591159772465,8.781932924245941,8.808357762324388,975600
2012-12-11,8.861209869384766,8.975717801626049,8.781934500886486,8.8347841865316,1284300
2012-12-12,8.861207962036133,9.002845513424193,8.675308464782702,8.887764791864793,1666000
2012-12-13,8.834650039672852,8.976288431306397,8.834650039672852,8.852355155211935,829700
2012-12-14,8.772685050964355,8.870061511598722,8.719571385369694,8.85235639358284,468900
2012-12-17,8.896617889404297,8.958584110837817,8.852355940854734,8.852355940854734,522700
2012-12-18,8.993992805480957,9.047107308479289,8.808093311326369,8.852355256453915,1369400
2012-12-19,9.029401779174805,9.117925665375344,8.985139836074536,8.985139836074536,1297800
2012-12-20,9.091370582580566,9.10907485668376,8.949732168622482,9.02940351265312,534200
2012-12-21,9.109076499938965,9.144485898759628,8.905472667776815,8.905472667776815,2306300
2012-12-24,8.98514175415039,9.117927611797258,8.98514175415039,9.100222493087065,99100
2012-12-27,9.091370582580566,9.091370582580566,8.993994120220226,8.993994120220226,114300
2012-12-28,8.870061874389648,9.100222508424379,8.861209315019632,9.082518233910873,808400
2012-12-31,8.914320945739746,8.958582888248827,8.861207290109917,8.861207290109917,276200
2013-01-02,9.082517623901367,9.082517623901367,9.011698842150698,9.02940311547513,374300
2013-01-03,9.00284194946289,9.091365806149627,8.949727466605635,9.029398768778485,272700
2013-01-04,9.082517623901367,9.082517623901367,8.914322384073673,8.993993724599795,553100
2013-01-07,9.064810752868652,9.11792525102051,9.002844541880073,9.0116970989431,279200
2013-01-08,8.967434883117676,9.064810475148747,8.887763560443943,9.029401092207786,356600
2013-01-09,9.126777648925781,9.126777648925781,8.958582444566566,8.967435001475218,1182200
2013-01-10,9.383499145507812,9.392350861261471,9.073666300011894,9.073666300011894,3190200
2013-01-11,9.374646186828613,9.43661241560177,9.312679958055456,9.365793627224862,1247000
2013-01-14,9.33038330078125,9.427758914013474,9.321530742062011,9.339235859500489,298600
2013-01-15,9.32153034210205,9.356939731233222,9.294973511310278,9.303826069649679,1348900
2013-01-16,9.286120414733887,9.312678088212767,9.206449082750007,9.29497297256018,895200
2013-01-17,9.33038330078125,9.427758914013474,9.250711960761038,9.268417078199514,865600
2013-01-18,9.525132179260254,9.525132179260254,9.348085285342554,9.356936996868802,454300
2013-01-21,9.42776107788086,9.516284996938392,9.401204239854264,9.480875598160711,153800
2013-01-22,9.560543060302734,9.58709988750675,9.356938467135123,9.356938467135123,505400
2013-01-23,9.48087215423584,9.560543483601693,9.436610210785215,9.436610210785215,191400
2013-01-24,9.613656044006348,9.64906542588344,9.46316595997214,9.46316595997214,356800
2013-01-25,9.613656044006348,9.64906542588344,9.59595177518093,9.64906542588344,225000
2013-01-28,9.604806900024414,9.66677312382248,9.560544949785875,9.613658614690936,728500
2013-01-29,9.657920837402344,9.693330229746861,9.5693977786543,9.587102052713306,2715900
2013-01-30,9.5782470703125,9.666770950890863,9.498575746637233,9.569395357635699,336900
2013-01-31,9.53398609161377,9.657918512877545,9.48972415077972,9.578247188221516,537400
2013-02-01,9.551689147949219,9.604803639047585,9.507427212738278,9.560541703836645,1607700
2013-02-04,9.525132179260254,9.622507759858443,9.489722800476715,9.516279623507824,725300
2013-02-05,9.53398609161377,9.649065955865474,9.516280977589629,9.516280977589629,773100
2013-02-06,9.489723205566406,9.595951346451608,9.463165537175442,9.516280029731153,522900
2013-02-07,9.560543060302734,9.58709988750675,9.463166620177493,9.48087173446438,696800
2013-02-08,9.640214920043945,9.69332857739356,9.542838474525716,9.542838474525716,885900
2013-02-11,9.604806900024414,9.64021629136995,9.533988117333344,9.569397508678879,439700
2013-02-12,9.551689147949219,9.631360462483672,9.516279768625706,9.569394259724072,285200
2013-02-13,9.365793228149414,9.516283358094613,9.321531276243206,9.46316884696186,4005800
2013-02-14,9.286120414733887,9.29497297256018,9.082516650087422,9.29497297256018,1804800
2013-02-15,9.33038330078125,9.339235859500489,9.206450011391311,9.206450011391311,373700
2013-02-19,9.303825378417969,9.321529649554993,9.233006605417135,9.233006605417135,427000
2013-02-20,9.250711441040039,9.321530218362291,9.206449494157026,9.312678504366824,434800
2013-02-21,9.091370582580566,9.19759875987925,9.073665464250865,9.19759875987925,358900
2013-02-22,9.091370582580566,9.144484249116655,9.02940351265312,9.03825607181797,648800
2013-02-25,9.047106742858887,9.188744283030822,9.047106742858887,9.047106742858887,472200
2013-02-26,8.993992805480957,9.100220967251238,8.958583418224196,9.08251669573605,476400
2013-02-27,8.932025909423828,9.020548948719034,8.861207140297136,8.97628785118459,1457900
2013-02-28,8.923174858093262,8.993993639171267,8.896618026245626,8.958584248632263,975400
2013-03-01,8.958582878112793,9.047106763030797,8.923173492990859,8.923173492990859,878500
2013-03-04,8.967434883117676,9.002844266058636,8.923172943384905,8.932025500176715,971500
2013-03-05,8.940879821777344,9.038255433029045,8.940879821777344,9.020550315950674,288000
2013-03-06,9.011700630187988,9.011700630187988,8.923176713322132,8.96743867175506,407500
2013-03-07,9.144481658935547,9.188743597996066,9.02054839841135,9.02054839841135,990800
2013-03-08,9.109076499938965,9.206452135639124,9.047110263059468,9.206452135639124,268300
2013-03-11,9.03825569152832,9.117927032206744,8.967436909642272,9.047108250320694,492000
2013-03-12,9.100221633911133,9.18874553065127,9.082517361098974,9.100221633911133,434200
2013-03-13,9.091326713562012,9.180282432300132,9.046848430016604,9.144699975134344,438400
2013-03-14,9.144699096679688,9.162490747729835,9.082430014709404,9.082430014709404,509400
2013-03-15,9.153596878051758,9.171388532903444,9.055745321425874,9.126910244127025,775900
2013-03-18,9.091326713562012,9.153595801513966,9.037952603636983,9.07353506080277,188500
2013-03-19,9.037951469421387,9.11801220008538,9.020160667247493,9.064638096858522,455700
2013-03-20,9.082429885864258,9.082429885864258,9.046847432621359,9.073534060465382,633500
2013-03-21,9.064638137817383,9.10022059067854,9.029055684956226,9.091325613727696,446200
2013-03-22,9.046844482421875,9.091322746559173,9.029052837426025,9.0557403049198,424100
2013-03-25,8.948995590209961,9.055742946263733,8.913413138192036,9.02905547098586,333500
2013-03-26,8.868935585021973,8.922308843229246,8.762188220254782,8.904518039944369,945300
2013-03-27,8.87783145904541,8.975683856228432,8.717710819900631,8.8422490005296,1454500
2013-03-28,8.833351135253906,8.975680922800995,8.8244553114441,8.895620205217645,807400
2013-04-01,8.815561294555664,8.931204482729116,8.744396386195481,8.815561294555664,318100
2013-04-02,8.797768592834473,8.868933485835257,8.753290322620872,8.806663568195239,608000
2013-04-03,8.860039710998535,8.9045179914977,8.824457256269731,8.842248059457814,968500
2013-04-04,8.771082878112793,8.88672606448484,8.753292075476192,8.851143610859026,492500
2013-04-05,8.80666732788086,8.80666732788086,8.735502404498805,8.771084866189833,279700
2013-04-08,8.833351135253906,8.84224611071126,8.771081216937715,8.815559487634294,323300
2013-04-09,8.895620346069336,8.940098617470175,8.779977179768139,8.851142074668497,348800
2013-04-10,9.01126480102539,9.029055603118419,8.86003916564801,8.895621618186652,639700
2013-04-11,9.064638137817383,9.091325613727696,8.96678660453735,8.97568242984079,651300
2013-04-12,9.224757194519043,9.224757194519043,9.073531597202964,9.073531597202964,1377500
2013-04-15,9.100218772888184,9.198071134974567,9.037949704907703,9.162488689221089,1196300
2013-04-16,9.180282592773438,9.224760877096337,9.02905693508721,9.037952761622332,471800
2013-04-17,9.100218772888184,9.242549404254522,9.020158906207177,9.162488689221089,811600
2013-04-18,9.206968307495117,9.32261063687338,9.118011755901401,9.144698382038497,480300
2013-04-19,9.402671813964844,9.447150091891926,9.23365537586504,9.23365537586504,590000
2013-04-22,9.402671813964844,9.411567639220777,9.340402733878483,9.393776837061498,540700
2013-04-23,9.456046104431152,9.509419360318672,9.367089546815144,9.367089546815144,623200
2013-04-24,9.50052547454834,9.571690389474696,9.464943017085162,9.464943017085162,247500
2013-04-25,9.545001983642578,9.598376088833026,9.482732901214241,9.482732901214241,558000
2013-04-26,9.669539451599121,9.687331099936927,9.553896282460835,9.553896282460835,1048800
2013-04-29,9.687332153320312,9.776287859624775,9.625062225719352,9.642853875991792,476900
2013-04-30,9.687332153320312,9.722914605512612,9.598375598663273,9.696227130103953,1270300
2013-05-01,9.52721118927002,9.642854376991444,9.491628735229014,9.62506272579463,450700
2013-05-02,9.411568641662598,9.51831601104588,9.340403728740409,9.429360294069484,1414400
2013-05-03,9.553895950317383,9.598374221263116,9.420461985832638,9.420461985832638,285400
2013-05-06,9.616168975830078,9.642855607678609,9.518316578464253,9.518316578464253,142900
2013-05-07,9.687332153320312,9.705122955240173,9.58058479674341,9.58058479674341,266100
2013-05-08,9.75849723815918,9.802975516310193,9.660644856556432,9.696227309406723,2167000
2013-05-09,9.776288032531738,9.776288032531738,9.660644848773309,9.731809754416558,214800
2013-05-10,9.829662322998047,9.900827229995558,9.72291496250178,9.767392393110768,1488700
2013-05-13,9.598374366760254,9.811869052513089,9.598374366760254,9.785182428882102,600300
2013-05-14,9.722915649414062,9.847453821281873,9.58948080310226,9.58948080310226,536300
2013-05-15,9.429360389709473,9.71402004428547,9.4204645634158,9.660645934876126,812700
2013-05-16,10.016468048095703,10.176588626811839,9.509417145162784,9.580582883689566,2164000
2013-05-17,9.71401596069336,9.963093053739968,9.616164457655989,9.918614789322133,1577700
2013-05-21,9.740706443786621,9.829663007908119,9.625063249769742,9.625063249769742,947700
2013-05-22,9.545001983642578,9.731810079280214,9.527211180814177,9.714019276451813,775200
2013-05-23,9.776288032531738,9.785183857825292,9.464941782430671,9.500524235252295,597400
2013-05-24,9.651751518249512,9.749603068112565,9.562794946844743,9.651751518249512,351100
2013-05-27,9.598374366760254,9.68733091000017,9.527209471509309,9.60727019075474,92400
2013-05-28,9.56279468536377,9.740706974955808,9.55389885879599,9.687333712254555,485600
2013-05-29,9.669539451599121,9.722913548260054,9.500523034152387,9.54500045829193,1022400
2013-05-30,9.625061988830566,9.731809342780238,9.598375362431288,9.598375362431288,486500
2013-05-31,9.52721118927002,9.607271922950439,9.438254629991194,9.598376097352032,479600
2013-06-03,9.473837852478027,9.580586071612274,9.411568764943627,9.509420309405213,303300
2013-06-04,9.740706443786621,9.740706443786621,9.43825514379673,9.43825514379673,714200
2013-06-05,9.438253402709961,9.660643923636371,9.38488015276503,9.60727067369144,414700
2013-06-06,9.447147369384766,9.500521457186279,9.278130979992609,9.429356572352493,397100
2013-06-07,9.438253402709961,9.598374849249781,9.429358426620814,9.473835852124086,255600
2013-06-10,9.411568641662598,9.589480923968068,9.402672815459153,9.447151098123692,364700
2013-06-11,9.411568641662598,9.527211837249324,9.367090358998059,9.367090358998059,461200
2013-06-12,9.340065002441406,9.447319237069586,9.313251656879583,9.429443957488665,330400
2013-06-13,9.43838119506836,9.545635420282899,9.340064182669423,9.357940313062253,528900
2013-06-14,9.38475227355957,9.492006482971712,9.38475227355957,9.420503676696951,393500
2013-06-17,9.402630805969238,9.500946976645468,9.366878541307804,9.447319432034222,286000
2013-06-18,9.563512802124023,9.581388936449335,9.393693787938576,9.393693787938576,923900
2013-06-19,9.536697387695312,9.590324074295541,9.50094597916822,9.50094597916822,308000
2013-06-20,9.340065002441406,9.402630611926844,9.25962411337505,9.384754479965036,1034400
2013-06-21,9.304311752319336,9.393690689704863,9.304311752319336,9.37581456127547,647500
2013-06-24,9.170245170593262,9.304312738500906,9.152369040269145,9.268561330233481,483500
2013-06-25,9.38475227355957,9.411565612817434,9.214933321752186,9.214933321752186,493500
2013-06-26,9.518823623657227,9.572451175970285,9.366879886548093,9.366879886548093,637800
2013-06-27,9.617136001586914,9.679700738657003,9.56350847525497,9.56350847525497,466400
2013-06-28,9.751208305358887,9.831649207987018,9.599264567590422,9.608202635078221,904700
2013-07-02,9.912088394165039,10.037217907801757,9.724393271329077,9.786958028147437,1040100
2013-07-03,9.947840690612793,9.956778757348038,9.804835032372692,9.840586446932717,423200
2013-07-04,10.010403633117676,10.099782579459228,9.965714159946899,10.00146556800736,837000
2013-07-05,10.081905364990234,10.153408173421457,9.929961683978709,9.929961683978709,828400
2013-07-08,10.18022632598877,10.224914959356681,10.064034003993905,10.08190928686486,690400
2013-07-09,10.135536193847656,10.198100958477509,10.117660059735705,10.162349542634596,844500
2013-07-10,10.171285629272461,10.189160907522986,10.09084474619304,10.14447228570626,462500
2013-07-11,10.510924339294434,10.510924339294434,10.198098875284876,10.215975005745223,845500
2013-07-12,10.493051528930664,10.627119992661301,10.45730010907871,10.45730010907871,351300
2013-07-15,10.680744171142578,10.743309780377755,10.45729763679909,10.45729763679909,1043000
2013-07-16,10.546675682067871,10.698619380510081,10.528799551718995,10.618178498701758,791700
2013-07-17,10.537737846374512,10.662868204399189,10.484110306540842,10.528799781005429,449600
2013-07-18,10.564552307128906,10.662869331822575,10.501987547691785,10.501987547691785,1955100
2013-07-19,10.519864082336426,10.564552710853047,10.412608987229868,10.475174601438852,739300
2013-07-22,10.537737846374512,10.653930139030106,10.466235028183503,10.466235028183503,758200
2013-07-23,10.269604682922363,10.501989332293505,10.2338532639715,10.45729984550966,648300
2013-07-24,10.23384952545166,10.305352337232748,10.153408649102747,10.305352337232748,431900
2013-07-25,10.162346839904785,10.242787717252915,10.108720156593208,10.162346839904785,313500
2013-07-26,10.108720779418945,10.135534122726776,10.028279897114635,10.108720779418945,233500
2013-07-29,10.207037925720215,10.269602683608685,10.05509421166459,10.05509421166459,181200
2013-07-30,10.350044250488281,10.421547079145327,10.251728074180082,10.251728074180082,907900
2013-07-31,10.45729923248291,10.501988716646972,10.332169699680753,10.367921116535799,651900
2013-08-01,10.600301742553711,10.644991213406806,10.50198558858151,10.50198558858151,638600
2013-08-02,10.591367721557617,10.671807770473553,10.53774016989931,10.58242965421773,389100
2013-08-06,10.55561351776123,10.582426860320808,10.466234572721584,10.546675452781107,617400
2013-08-07,10.528799057006836,10.573488528398412,10.48410958561526,10.510923779878667,583300
2013-08-08,10.55561351776123,10.671804952979663,10.448358442761338,10.591364925300931,1108500
2013-08-09,10.171285629272461,10.555613914038219,10.108720876824389,10.555613914038219,704400
2013-08-12,10.153409957885742,10.2427889103235,10.001466250170072,10.028280447329916,279000
2013-08-13,10.18022632598877,10.207039676485726,10.01040645061895,10.108723489742859,293400
2013-08-14,10.135536193847656,10.2427904413764,10.064033362161828,10.144474260903632,305000
2013-08-15,9.99252986907959,10.099784109509274,9.929964256209908,10.099784109509274,542300
2013-08-16,10.0640287399292,10.08190401345036,9.938898415758675,9.992525941083358,312600
2013-08-19,9.947840690612793,10.02828158646809,9.9299645571423,10.02828158646809,150200
2013-08-20,10.055095672607422,10.117660439586164,9.956779488443539,9.956779488443539,152100
2013-08-21,10.019342422485352,10.153409999308073,10.01040435672894,10.07296996464296,128100
2013-08-22,10.099784851074219,10.215977166499561,10.010405884629803,10.010405884629803,325400
2013-08-23,10.198099136352539,10.207037201811524,10.046155433073142,10.099782973446215,621300
2013-08-26,10.144471168518066,10.269600659633976,10.108719763573415,10.126595039855376,340500
2013-08-27,9.858460426330566,10.135534491872168,9.795895672206688,10.126596426317086,246900
2013-08-28,9.929963111877441,9.965714521233997,9.760144130529008,9.83164694924212,104400
2013-08-29,10.028281211853027,10.037218425873457,9.921026972179526,9.921026972179526,72700
2013-08-30,10.0640287399292,10.07296680288008,9.956774541660437,9.965711752230717,284600
2013-09-03,10.12659740447998,10.189162164647204,10.064032644312757,10.064032644312757,247300
2013-09-04,10.198099136352539,10.215975267270508,10.099782973446215,10.099782973446215,415300
2013-09-05,10.171285629272461,10.180223694588134,10.09084474619304,10.099782811508714,890900
2013-09-06,10.278539657592773,10.305353000641608,10.144472089967799,10.16234736787342,211800
2013-09-09,10.314289093017578,10.332165219884919,10.215972952389134,10.251724353743171,250800
2013-09-10,10.32322883605957,10.430483057572145,10.278539364000801,10.33216690094748,168000
2013-09-11,10.439422607421875,10.466235953518904,10.278540826077897,10.278540826077897,171900
2013-09-12,10.40351676940918,10.547137224434206,10.322730049446243,10.394540276958756,377400
2013-09-13,10.25989818572998,10.38556567877518,10.250921691642297,10.367613546645405,169400
2013-09-16,10.2509183883667,10.322728605836721,10.206036788436606,10.295799988296793,529400
2013-09-17,10.232967376708984,10.331707086780197,10.179110131256943,10.232967376708984,318500
2013-09-18,10.232967376708984,10.268872492358838,10.170133638333109,10.215015246906797,334400
2013-09-19,10.223992347717285,10.268873102913963,10.188087229932624,10.215015854259736,299900
2013-09-20,10.026511192321777,10.14320300911158,10.00855821002551,10.044463318572733,1067300
2013-09-23,10.053441047668457,10.116275637397326,10.008559442446527,10.017535934699996,259800
2013-09-24,10.053441047668457,10.089346160636916,10.053441047668457,10.062417539921926,1114700
2013-09-25,9.891867637634277,10.071393187418538,9.864938163132628,10.05344020441744,440700
2013-09-26,10.071394920349121,10.098323543438886,9.89186933967486,9.89186933967486,442300
2013-09-27,10.098322868347168,10.134227982081695,9.963678905854046,10.053441262167649,417000
2013-09-30,10.125251770019531,10.215014984864242,10.080370162597175,10.080370162597175,213100
2013-10-01,10.035490036010742,10.197062634326779,9.98163193254172,10.080370790181828,315400
2013-10-02,10.134227752685547,10.215014470770923,9.981630808756595,10.00855942943658,256300
2013-10-03,10.008560180664062,10.143205006261066,9.855963225281412,10.143205006261066,306800
2013-10-04,9.963677406311035,10.107297839634134,9.954700915217014,9.954700915217014,250000
2013-10-07,9.873912811279297,9.936746527962068,9.838007708025543,9.891865790928767,146700
2013-10-08,9.882893562316895,9.981632424826712,9.87391706862176,9.963680293481998,222500
2013-10-09,9.90084457397461,9.954702674009049,9.882892444660103,9.882892444660103,319300
2013-10-10,10.134227752685547,10.161156373365534,9.91879707515482,9.91879707515482,245700
2013-10-11,10.125251770019531,10.170133377441887,10.098323147984303,10.098323147984303,1005000
2013-10-15,10.053441047668457,10.098322652890387,9.990607313985006,10.098322652890387,218900
2013-10-16,10.026511192321777,10.080368427119955,9.99958257492269,10.053439809720867,184900
2013-10-17,10.008560180664062,10.053441789196397,9.945726442346082,9.990608050878416,203800
2013-10-18,10.053441047668457,10.053441047668457,9.981630821731535,10.008559442446527,268800
2013-10-21,10.035490036010742,10.08934728343425,10.017537049505897,10.035490036010742,1201700
2013-10-22,10.134227752685547,10.223990963012724,10.071394019083773,10.09832263976376,1528300
2013-10-23,10.241942405700684,10.358634228894736,10.14320356578819,10.14320356578819,2926600
2013-10-24,10.3676118850708,10.502255850624849,10.206038441569579,10.277848670671132,2619700
2013-10-25,10.61894702911377,10.65485214144033,10.322729638408294,10.322729638408294,672600
2013-10-28,10.538163185119629,10.762570412346431,10.529186690579605,10.574068307234093,537600
2013-10-29,10.771543502807617,10.81642510527839,10.56508932990558,10.56508932990558,1145500
2013-10-30,10.789497375488281,10.79847301188592,10.681781178262277,10.744615769318353,453100
2013-10-31,10.726664543151855,10.986976874363144,10.717688049237017,10.717688049237017,2837000
2013-11-01,10.825399398803711,10.888233115876718,10.762564825685512,10.771541315565997,756500
2013-11-04,10.825399398803711,10.933114709233948,10.762564825685512,10.879256625996234,257700
2013-11-05,10.888236999511719,10.942094245914136,10.753592171414681,10.771545157579151,352700
2013-11-06,10.888236999511719,10.915165622712928,10.79847378078036,10.879260506429484,280400
2013-11-07,10.789497375488281,10.942093466793343,10.744615769318353,10.906188353066488,309100
2013-11-08,10.879258155822754,11.031855081068194,10.834376556154334,10.834376556154334,420100
2013-11-11,10.951072692871094,11.04083592761788,10.879262447491925,10.879262447491925,146600
2013-11-12,10.798474311828613,10.960047771072732,10.78949867435047,10.906189665976179,324100
2013-11-13,10.735639572143555,10.735639572143555,10.367611932309849,10.376588424999808,661300
2013-11-14,10.96902084350586,11.256261698312798,10.735637220952587,10.744613711676621,769100
2013-11-15,10.897212028503418,11.0049273628817,10.816425313708361,10.96004575954607,792300
2013-11-18,10.90618896484375,10.986975689272228,10.816426603514152,10.915165457790355,366200
2013-11-19,10.90618896484375,10.969023559424501,10.879260342049418,10.915165457790355,216100
2013-11-20,10.879258155822754,10.960044864016847,10.8254009210569,10.8882346469655,394000
2013-11-21,10.933117866516113,10.97799861678888,10.861307638825156,10.861307638825156,309700
2013-11-22,10.690754890441895,10.906185516777626,10.663826276161231,10.897209882714213,730900
2013-11-25,10.798474311828613,10.977999902074556,10.7446170627776,10.7446170627776,552700
2013-11-26,10.654852867126465,10.852331426395219,10.654852867126465,10.780521196851211,882800
2013-11-27,10.726664543151855,10.78052265059531,10.61894918431052,10.663830797839136,490400
2013-11-28,10.807449340820312,10.87925956718759,10.699734001269396,10.717686129838505,150100
2013-11-29,10.672806739807129,10.85233232859181,10.672806739807129,10.77154559962732,250900
2013-12-02,10.75359058380127,10.75359058380127,10.600994504159377,10.708709837107087,334800
2013-12-03,10.672806739807129,10.77154559962732,10.636901622050193,10.77154559962732,309700
2013-12-04,10.843355178833008,10.85233167174031,10.609971499516005,10.609971499516005,1501300
2013-12-05,10.879258155822754,10.90618677320568,10.762566339102987,10.861306029582574,326900
2013-12-06,10.915165901184082,10.933118887806575,10.81642704289693,10.933118887806575,191800
2013-12-09,10.995951652526855,11.013904637555243,10.879259817978669,10.879259817978669,256700
2013-12-10,11.355001449584961,11.363977941037426,10.986973860487293,10.99595035193976,664000
2013-12-11,11.22036075592041,11.355004742573218,11.121621889444722,11.355004742573218,690700
2013-12-12,11.238398551940918,11.27447684343293,11.058007094480855,11.256437267599765,587000
2013-12-13,11.328593254089355,11.400749827795245,11.139182033067843,11.220357533356312,594500
2013-12-16,11.49996566772461,11.581142033595254,11.382711012597486,11.400750587312858,732000
2013-12-17,11.67133617401123,11.68035596047814,11.499964532010846,11.499964532010846,718300
2013-12-18,11.869768142700195,12.032120871638254,11.680356912330543,11.725454988166032,1199400
2013-12-19,12.131335258483887,12.203491831635862,11.851728752563536,11.851728752563536,1324000
2013-12-20,12.302705764770508,12.37486232619182,12.140353071485526,12.167411566975002,1282000
2013-12-23,12.194473266601562,12.356825130918978,12.140355405046272,12.311727056318606,505400
2013-12-24,12.248590469360352,12.293688544702174,12.13133581754131,12.248590469360352,403000
2013-12-27,12.392904281616211,12.456041934523379,12.140356250510408,12.140356250510408,302200
2013-12-30,12.1674165725708,12.401925923752712,12.140358065949632,12.401925923752712,627700
2013-12-31,12.185456275939941,12.20349499381504,12.131338401965793,12.167416697890417,163200
2014-01-02,12.113300323486328,12.176437129643464,12.023104148826588,12.176437129643464,467100
2014-01-03,12.12231731414795,12.23957197838384,12.077220094204735,12.113298386263907,324600
2014-01-06,12.185456275939941,12.20349499381504,12.086240317016408,12.086240317016408,300700
2014-01-07,12.302705764770508,12.37486232619182,12.185451137417362,12.185451137417362,566800
2014-01-08,12.338787078857422,12.438002160159316,12.257610712258474,12.266630499697085,356400
2014-01-09,12.474079132080078,12.55525549010422,12.293687703234307,12.338785775489296,888000
2014-01-10,12.474079132080078,12.55525549010422,12.347804701800946,12.456040419282592,513900
2014-01-13,12.636436462402344,12.681534551125182,12.320750701516973,12.320750701516973,755700
2014-01-14,12.609373092651367,12.86192196530655,12.474079729580122,12.483099516498,894000
2014-01-15,12.735649108886719,12.934080144825026,12.591335940994979,12.591335940994979,493700
2014-01-16,12.77172565460205,12.852902015485624,12.582314432598452,12.654471006678468,857000
2014-01-17,12.717610359191895,12.762707578907474,12.672512279301985,12.726629287030413,221200
2014-01-20,12.861924171447754,12.91604118188898,12.807806300832155,12.852904382982759,280100
2014-01-21,13.123490333557129,13.520351513229581,12.916039526324923,13.096431831804844,1535800
2014-01-22,12.843884468078613,13.087413593189872,12.735649588087286,13.078393804813672,1716900
2014-01-23,12.952116012573242,13.09643000890488,12.78976416448313,12.807802876415746,708200
2014-01-24,12.843884468078613,13.087413593189872,12.726629799711084,12.879962761409056,576000
2014-01-27,12.762706756591797,12.898000987544362,12.64545296067689,12.898000987544362,480500
2014-01-28,12.970158576965332,12.99721708119387,12.861923699876842,12.898001992239672,439300
2014-01-29,12.807805061340332,12.888981429320596,12.744668268544256,12.861922926718606,502800
2014-01-30,12.798786163330078,12.907021901609568,12.77172765884738,12.807805951549094,529500
2014-01-31,12.726630210876465,12.870944249035022,12.66349341055199,12.70859149371564,459100
2014-02-03,12.537215232849121,12.843881075236148,12.474078451242665,12.789764079623223,471200
2014-02-04,12.636436462402344,12.64545625218181,12.492123266628859,12.492123266628859,594800
2014-02-05,12.744670867919922,12.771729376040708,12.546239801293735,12.582318098846272,353800
2014-02-06,12.708588600158691,12.75368667305418,12.69054902693082,12.708588600158691,264200
2014-02-07,12.582314491271973,12.672510639379702,12.546236204063725,12.636432352171454,414500
2014-02-10,12.537215232849121,12.627411372436178,12.401921883642673,12.627411372436178,802600
2014-02-11,12.97917652130127,13.051333095776497,12.401923065325231,12.537216427422727,2109100
2014-02-12,13.042314529418945,13.222705982487986,12.916040082183468,12.988196663411085,1381000
2014-02-13,12.943100929260254,13.033296236048928,12.780748172796482,13.024276447317742,828600
2014-02-14,12.898002624511719,12.96113942419811,12.852904541803845,12.916041341490237,551000
2014-02-18,12.970158576965332,13.006236869328163,12.861923699876842,12.870943488011134,505900
2014-02-19,12.97917652130127,13.051333095776497,12.92505866035774,12.997215234832966,283700
2014-02-20,13.394078254699707,13.502313124493986,13.033294495211166,13.033294495211166,3421300
2014-02-21,13.439173698425293,13.52936984143788,13.385056700757076,13.39407648709317,449200
2014-02-24,13.664664268493652,13.781918919545138,13.394077538562481,13.394077538562481,807200
2014-02-25,13.592510223388672,13.73682340226927,13.583491294839432,13.65564788427973,676500
2014-02-26,13.475253105163574,13.754860483635452,13.403096528817459,13.403096528817459,543300
2014-02-27,13.457213401794434,13.637604829397407,13.394076617176937,13.52035018641193,494900
2014-02-28,13.421135902404785,13.619566914478062,13.394077401722956,13.394077401722956,1014400
2014-03-03,13.817997932434082,13.87211579736386,13.38505845369299,13.42113674358808,1497800
2014-03-04,13.92623233795166,14.016428489770249,13.79995875761474,13.79995875761474,1170800
2014-03-05,13.808977127075195,13.935250694447713,13.727800770807624,13.92623090815706,585600
2014-03-06,13.691725730895996,13.799960611514125,13.574471061849431,13.799960611514125,709000
2014-03-07,13.754860877990723,13.83603724375101,13.66466472488501,13.736821303299875,491700
2014-03-10,13.772900581359863,13.836037373019181,13.673684639981769,13.682704427411464,269600
2014-03-11,13.61956787109375,13.817998036930202,13.520351928001237,13.799959321933382,675000
2014-03-12,13.664846420288086,13.719179321488314,13.501845989475617,13.628624198285971,579300
2014-03-13,13.465621948242188,13.719177468001162,13.375066837274012,13.673900344319962,345900
2014-03-14,13.438455581665039,13.519955786547754,13.411289134572728,13.483733569222746,239800
2014-03-17,13.366010665893555,13.483733083863756,13.25734401783008,13.429399328029143,229800
2014-03-18,13.637678146362305,13.701066810489618,13.393177532832762,13.47467773734261,453800
2014-03-19,13.610515594482422,13.701071600844962,13.474682448544694,13.692015827487491,297800
2014-03-20,13.556178092956543,13.710122733500917,13.538066552372129,13.646733205061253,323200
2014-03-21,13.347900390625,13.692011907229094,13.347900390625,13.692011907229094,626900
2014-03-24,13.429400444030762,13.510900652752586,13.230177807555844,13.402233995658763,284500
2014-03-25,13.474677085876465,13.529009977185654,13.429399100714981,13.429399100714981,267900
2014-03-26,13.483735084533691,13.574290206219967,13.447512863138005,13.4746793132833,1404300
2014-03-27,13.438455581665039,13.510900016315057,13.420344041199645,13.483733569222746,523900
2014-03-28,13.103401184082031,13.456567622907532,13.040011649631762,13.447512715362524,591400
2014-03-31,13.1758451461792,13.221123136678573,13.003788955002745,13.148678697321909,935700
2014-04-01,13.49278736114502,13.538065344962092,13.130565217819859,13.130565217819859,1539000
2014-04-02,13.864066123962402,13.864066123962402,13.411288013447187,13.492787347911129,705400
2014-04-03,13.538068771362305,13.845958102916404,13.338846110308607,13.827847422969302,712600
2014-04-04,13.664846420288086,13.701068642290203,13.510901760877621,13.538068211477734,876400
2014-04-07,13.329791069030762,13.6739026206488,13.248290851067816,13.556180179547425,734900
2014-04-08,13.193957328796387,13.420346443503838,13.166790876841153,13.320735543930697,575400
2014-04-09,13.257346153259277,13.320734825605207,13.121512173596141,13.24829038189389,555600
2014-04-10,13.284510612487793,13.329788598921962,13.121510206767086,13.329788598921962,792700
2014-04-11,13.203010559082031,13.284510762864945,13.121510355299117,13.175844112356318,779100
2014-04-14,13.18489933013916,13.212065775726847,13.121509805626912,13.18489933013916,432300
2014-04-15,13.112454414367676,13.25734414343075,13.08528796799587,13.148677494337763,572200
2014-04-16,13.24828815460205,13.311676816291127,13.12150996761815,13.203010168993105,592300
2014-04-17,13.45656681060791,13.492789029419011,13.212067049534442,13.275455716552411,331600
2014-04-21,13.529009819030762,13.601455112605686,13.420343174076963,13.420343174076963,306400
2014-04-22,13.45656681060791,13.610511456456539,13.4112896847984,13.556178560042799,828000
2014-04-23,13.329791069030762,13.492790641350734,13.311679525658587,13.411291286993707,336200
2014-04-24,13.266399383544922,13.356955358536636,13.148677825103789,13.329788911481433,504800
2014-04-25,13.239233016967773,13.266399464188114,13.139622134756003,13.20301079947206,322600
2014-04-28,13.203010559082031,13.248288546028736,13.094343908573403,13.239232775918241,303300
2014-04-29,13.230178833007812,13.275456826207792,13.203012382530181,13.203012382530181,349700
2014-04-30,13.103401184082031,13.230178525770828,13.085289641780276,13.19395630477319,571900
2014-05-01,13.07623291015625,13.130566669464727,12.922289129928142,13.130566669464727,463600
2014-05-02,13.221124649047852,13.293569096691462,13.058124210046762,13.058124210046762,350400
2014-05-05,13.067176818847656,13.175843464009096,13.012843064464073,13.139621248955283,326200
2014-05-06,13.12151050567627,13.157732722927598,12.985677406885232,13.003788083708006,480400
2014-05-07,13.049066543579102,13.103400303225989,12.949455658433255,13.049066543579102,488500
2014-05-08,13.067176818847656,13.347898769613279,12.949454404021331,13.049065279517887,823600
2014-05-09,13.03095531463623,13.130566195566587,13.012843774318469,13.067177531665976,371500
2014-05-12,13.130565643310547,13.16678785881683,13.0218989967917,13.10339919758227,832700
2014-05-13,13.230178833007812,13.29356836893014,13.121512167491394,13.121512167491394,398900
2014-05-14,13.13962173461914,13.293566370189346,13.07623220822768,13.293566370189346,366200
2014-05-15,13.366010665893555,13.483733083863756,13.067177167817563,13.094343613931994,697100
2014-05-16,13.1758451461792,13.366012015391899,13.157733604537114,13.311678254071483,656700
2014-05-20,13.29356861114502,13.529012625584212,13.257346388646228,13.366013056142602,749100
2014-05-21,13.465621948242188,13.601455910103113,13.266399322342961,13.356955296916912,1047900
2014-05-22,13.556178092956543,13.79162207531342,13.420344129390797,13.438455669975212,864900
2014-05-23,13.384122848510742,13.538067499828877,13.356956399338674,13.492789508804865,250800
2014-05-26,13.49278736114502,13.556176883931204,13.329787828451552,13.329787828451552,1827900
2014-05-27,13.438455581665039,13.492788475849661,13.33884383631693,13.46562202875735,485800
2014-05-28,13.483735084533691,13.529012213573889,13.384123327991146,13.393179099241538,2911400
2014-05-29,13.356956481933594,13.474678913881643,13.29356781227151,13.474678913881643,241700
2014-05-30,13.311676979064941,13.420343627691729,13.293566302763354,13.3841214114828,478900
2014-06-02,13.130565643310547,13.338843166570236,13.094343427804265,13.221121613879122,832000
2014-06-03,13.130565643310547,13.157732089038824,12.94039879600113,13.130565643310547,897400
2014-06-04,13.257346153259277,13.320734825605207,12.949456835683236,13.130567944961529,1576900
2014-06-05,13.40223503112793,13.447513024316699,13.212068150619816,13.248290372449652,593500
2014-06-06,13.465621948242188,13.492788395172061,13.320733079808488,13.402233284203888,478400
2014-06-09,13.429400444030762,13.54712287178386,13.411289766318037,13.411289766318037,258300
2014-06-10,13.483735084533691,13.483735084533691,13.203012221012717,13.366012649096243,512800
2014-06-11,13.356443405151367,13.538288125879276,13.238245550618075,13.474642126784552,870100
2014-06-12,13.174598693847656,13.356442535637512,13.156414743218589,13.238244688798982,349000
2014-06-13,13.0654935836792,13.192784718123432,13.02912481199512,13.138231127047357,479100
2014-06-16,13.19278335571289,13.27461330032652,13.083677051927994,13.19278335571289,533300
2014-06-17,13.092769622802734,13.220060754108,13.065493261487282,13.210968344636218,444200
2014-06-18,13.029123306274414,13.147322017362924,12.929109412476357,13.138229608717698,394500
2014-06-19,13.047307968139648,13.083676735187503,12.838186907289638,13.02912315106582,1125300
2014-06-20,12.965478897094727,13.147322744558215,12.856372588616635,13.138230335410077,630100
2014-06-23,12.965478897094727,13.010940075735565,12.820003819123936,13.010940075735565,385700
2014-06-24,12.729079246520996,12.947291825500283,12.6654341277603,12.938199417934552,752900
2014-06-25,12.656342506408691,12.747264853514695,12.47449867929645,12.747264853514695,1306600
2014-06-26,12.68362045288086,12.710896813590315,12.63815927363185,12.68362045288086,576700
2014-06-27,12.610882759094238,12.710896658542186,12.519961268805156,12.710896658542186,562600
2014-06-30,12.692709922790527,12.719986277183365,12.547234876562504,12.610879992512347,486700
2014-07-02,12.838189125061035,12.947295445052495,12.610884074970507,12.947295445052495,1002500
2014-07-03,12.965478897094727,13.010940075735565,12.829095361172214,12.829095361172214,509100
2014-07-04,12.992752075195312,13.183688285041976,12.956383314610218,13.0018444821165,308700
2014-07-07,12.901833534240723,13.065493438551144,12.820004449185415,13.065493438551144,371500
2014-07-08,12.710896492004395,13.020031462556693,12.710896492004395,12.992755102537329,407200
2014-07-09,12.792726516723633,12.85637251328783,12.638159030510351,12.783634974728624,665000
2014-07-10,12.656342506408691,12.765448802676037,12.638157690147585,12.729080037253588,651700
2014-07-11,12.64725112915039,12.738173483667438,12.619974769635212,12.64725112915039,439000
2014-07-14,12.8200044631958,12.874557186625623,12.647252149101583,12.647252149101583,283800
2014-07-15,12.610882759094238,12.883648964161209,12.60179034993537,12.829095376307869,844200
2014-07-16,12.629067420959473,12.674527731990906,12.565421424735732,12.665436190044531,689900
2014-07-17,12.629067420959473,12.647251371952077,12.592698651874414,12.638158962905848,368700
2014-07-18,12.619975090026855,12.683620219544688,12.610882680924348,12.610882680924348,720300
2014-07-21,12.729079246520996,12.765448009684212,12.574511786302407,12.656341720194568,403500
2014-07-22,13.001849174499512,13.038217948210141,12.738175348322457,12.738175348322457,641700
2014-07-23,12.974570274353027,13.047307807553482,12.956385457503016,13.047307807553482,251200
2014-07-24,13.0654935836792,13.083678403071195,12.929110906638881,12.99275604031104,504300
2014-07-25,12.92001724243164,13.174598619500784,12.883648474278905,13.092768674382175,516200
2014-07-28,12.829096794128418,12.92001916156574,12.820005251064654,12.910926751402016,292800
2014-07-29,12.883646965026855,12.983660848955815,12.86546214953083,12.901830913423154,346200
2014-07-30,12.892740249633789,12.938200557266237,12.774541542169894,12.901831790900408,373800
2014-07-31,12.656342506408691,12.838186333520932,12.619973740986243,12.82909392539038,410200
2014-08-01,12.674527168273926,12.710895935741434,12.492683330936387,12.656343218090079,402600
2014-08-05,12.529052734375,12.69271262983602,12.492683965061424,12.647251451419086,389600
2014-08-06,12.638157844543457,12.67452661041021,12.501775189318078,12.53814395518483,905000
2014-08-07,12.5381441116333,12.70180399362569,12.492682936957662,12.70180399362569,240700
2014-08-08,12.574514389038086,12.601790750281367,12.519961666551525,12.565421979590363,198600
2014-08-11,12.68362045288086,12.719989222860091,12.547237782233703,12.547237782233703,159200
2014-08-12,12.583605766296387,12.710896019723778,12.50177582217888,12.710896019723778,207100
2014-08-13,12.365394592285156,12.638159948137101,12.229011047259267,12.638159948137101,848000
2014-08-14,12.2744722366333,12.338117370758685,12.147181101282614,12.319933418337113,1149800
2014-08-15,12.229008674621582,12.310838612340719,12.110809972038355,12.256285031494711,560600
2014-08-18,12.174458503723145,12.274472411214099,12.119904911482667,12.238103638753758,346900
2014-08-19,12.147180557250977,12.210826555625788,12.083535425976045,12.147180557250977,992200
2014-08-20,12.238104820251465,12.265381185455068,12.110813670801296,12.14718244677277,580000
2014-08-21,12.229008674621582,12.26537743948567,12.183547501766533,12.26537743948567,1243400
2014-08-22,12.174458503723145,12.238103638753758,12.14718127405294,12.229011228863689,407800
2014-08-25,12.08353328704834,12.183547170933863,12.08353328704834,12.156270814801399,358500
2014-08-26,12.092626571655273,12.156271696279317,12.038072988334816,12.10171898005865,617200
2014-08-27,12.08353328704834,12.192639578677928,11.956242179930623,11.956242179930623,727300
2014-08-28,12.074440002441406,12.138085984928066,12.028978834122267,12.028978834122267,1190400
2014-08-29,12.219917297363281,12.229009706121174,12.07444222563631,12.07444222563631,416000
2014-09-02,12.229008674621582,12.238101082612541,12.074441207174266,12.229008674621582,713100
2014-09-03,12.174458503723145,12.247196048643826,12.056259776452054,12.219918818973621,1134600
2014-09-04,12.210826873779297,12.283564416302934,12.147180873746185,12.147180873746185,512500
2014-09-05,12.374485969543457,12.410854740977609,12.20173452200622,12.23810329344037,812000
2014-09-08,12.474499702453613,12.48359124423009,12.319932219955659,12.319932219955659,788900
2014-09-09,12.283562660217285,12.474498898820137,12.274470251926726,12.438130132757678,476000
2014-09-10,12.292658805847168,12.383580315096308,12.292658805847168,12.310842760856978,681700
2014-09-11,12.356634140014648,12.429750246153326,12.237820249636114,12.292656893433753,949700
2014-09-12,12.475445747375488,12.5668413055152,12.338353281778561,12.36577160057542,715000
2014-09-15,12.475445747375488,12.512003796308846,12.393190790984915,12.475445747375488,334700
2014-09-16,12.356634140014648,12.466308299222662,12.256098840364414,12.457168568052143,857800
2014-09-17,12.356634140014648,12.384052461913468,12.292656893433753,12.31093635577479,425300
2014-09-18,12.484587669372559,12.484587669372559,12.30179739261414,12.31093712435526,615900
2014-09-19,12.548561096191406,12.548561096191406,12.32921281568464,12.46630614471081,1303400
2014-09-22,12.420608520507812,12.521142932401705,12.356632155812843,12.521142932401705,455400
2014-09-23,12.338353157043457,12.457167032778873,12.329213426999356,12.365771475563129,460900
2014-09-24,12.438888549804688,12.466307742090853,12.310935805586709,12.356633587784286,587300
2014-09-25,12.17384147644043,12.429748687447454,12.109865109494988,12.420608957423068,553900
2014-09-26,12.320072174072266,12.356631089729625,12.237817228680779,12.246956085982596,716400
2014-09-29,12.210399627685547,12.274376866782037,12.073307162616535,12.274376866782037,804300
2014-09-30,12.411471366882324,12.50286693965565,12.182983306561791,12.182983306561791,866600
2014-10-01,12.42974853515625,12.42974853515625,12.283515471395637,12.356632439082253,508500
2014-10-02,12.502864837646484,12.539422886287038,12.292655404253821,12.420609010302078,560300
2014-10-03,12.603399276733398,12.621678736893681,12.457167081901668,12.48458540052946,473700
2014-10-06,12.58512020111084,12.731352390283027,12.566840741658018,12.594259059224653,321800
2014-10-07,12.722212791442871,12.76791056893247,12.566840870945805,12.575980600766247,770700
2014-10-08,12.850165367126465,12.905001998441438,12.585119324803989,12.658235414298979,836100
2014-10-09,12.822748184204102,12.978120116570569,12.795329864260806,12.850167375760073,858400
2014-10-10,12.868444442749023,12.905002488885877,12.621677849228394,12.73135198763896,1054400
2014-10-14,12.90500545501709,12.996401027172189,12.703935719243534,12.740493773783019,1020800
2014-10-15,12.713072776794434,12.968979104745115,12.585120048625388,12.795328600110299,1096300
2014-10-16,12.84102725982666,12.932421947432053,12.603399503149868,12.603399503149868,524900
2014-10-17,12.868444442749023,13.096932449007511,12.859304713311666,12.95070026446009,511000
2014-10-20,13.078651428222656,13.078651428222656,12.82274428126831,12.914139815410921,489900
2014-10-21,13.288863182067871,13.3711190085633,13.078654622457442,13.115212670720675,1021100
2014-10-22,13.261442184448242,13.499069885955555,13.22488414357115,13.380256035201898,800900
2014-10-23,13.416818618774414,13.599608885049392,13.307144459009429,13.508213316105532,651400
2014-10-24,13.572187423706055,13.590466010299265,13.316280238500777,13.343699425809405,553800
2014-10-27,13.581329345703125,13.663585182964226,13.407678811628482,13.572190486150687,350700
2014-10-28,13.672723770141602,13.700142089730317,13.53563130058536,13.608747400563711,305000
2014-10-29,13.334561347961426,13.672723522130504,13.334561347961426,13.654444061661156,660100
2014-10-30,13.325420379638672,13.471652563356164,13.270583746550896,13.30714179248027,448400
2014-10-31,13.197466850280762,13.480792361385515,13.160908804165237,13.371118223038938,831300
2014-11-03,13.471653938293457,13.553909767932842,13.20660786035136,13.20660786035136,405600
2014-11-04,13.4899320602417,13.608745927751002,13.398536509353754,13.444234284797727,283900
2014-11-05,13.672723770141602,13.709281820130778,13.499073250596185,13.499073250596185,451900
2014-11-06,13.66358470916748,13.681864170863975,13.49907391196257,13.66358470916748,277100
2014-11-07,13.517349243164062,13.672721143675,13.462511742907997,13.672721143675,260900
2014-11-10,13.416818618774414,13.526492778539401,13.316283318613621,13.36198110308555,418600
2014-11-11,13.234024047851562,13.380257094550005,13.188327146846598,13.380257094550005,748700
2014-11-12,13.27972412109375,13.398538001837917,12.987259720254368,13.188329431637777,594600
2014-11-13,13.17918872833252,13.526490614498108,13.124351221416857,13.517350884743397,564300
2014-11-14,13.325420379638672,13.380257884339015,13.151769879377293,13.215746241850553,1302400
2014-11-17,13.416818618774414,13.672724991559381,13.279725265358625,13.279725265358625,502400
2014-11-18,13.371118545532227,13.453374369179201,13.298002451537714,13.425955180221814,349300
2014-11-19,13.38025951385498,13.435096153621041,13.307143413091785,13.361980052857845,337300
2014-11-20,13.234024047851562,13.343699050778524,13.21574546177208,13.307141007007042,404100
2014-11-21,13.160911560058594,13.334562969179355,13.124353506287816,13.325423237833471,379400
2014-11-24,13.389396667480469,13.444234171875152,13.160908663792322,13.179188122461403,478300
2014-11-25,13.809816360473633,13.83723555191481,13.40767780707574,13.40767780707574,1268000
2014-11-26,13.74583911895752,13.809815485039323,13.67272302297471,13.71842080086712,379000
2014-11-27,13.782395362854004,13.937767264382678,13.718419005146608,13.75497704835262,359700
2014-11-28,13.837234497070312,14.06572251198593,13.709280894937029,13.709280894937029,724300
2014-12-01,13.727558135986328,13.8555108458285,13.645302324452095,13.645302324452095,519000
2014-12-02,13.81895637512207,13.81895637512207,13.691002760603395,13.709282221940072,661100
2014-12-03,13.88293170928955,14.001745584262519,13.782397294287483,13.828095072602105,609700
2014-12-04,13.636163711547852,13.855511979172942,13.572187351393667,13.837233392677119,471700
2014-12-05,13.599605560302734,13.754977466555298,13.517349742685198,13.572187244967733,357700
2014-12-08,13.453375816345215,13.526491918204753,13.288864151354913,13.489933867274985,362800
2014-12-09,13.471653938293457,13.590467817593385,13.334561469969588,13.398537838972372,621900
2014-12-10,13.361979484558105,13.544769728691824,13.261445068187719,13.489933091258026,2108200
2014-12-11,13.582381248474121,13.71095041972709,13.407895329307642,13.407895329307642,439300
2014-12-12,13.536466598510742,13.591567934240034,13.389530870973989,13.518100070471657,457300
2014-12-15,13.619118690490723,13.655852623794434,13.398715090668446,13.591568459464451,430300
2014-12-16,13.710952758789062,13.848704777641466,13.564017038464904,13.619117495683476,840200
2014-12-17,13.637483596801758,13.857887156248413,13.554832043057788,13.802785828483803,1165300
2014-12-18,13.894621849060059,13.958906005158894,13.747686134659324,13.747686134659324,1474800
2014-12-19,13.766053199768066,13.912988919918886,13.747686672652202,13.912988919918886,1077100
2014-12-22,13.738505363464355,13.88544110920096,13.729321660404286,13.775239299898507,429500
2014-12-23,13.912988662719727,13.98645652143699,13.775236646576346,13.775236646576346,353800
2014-12-24,13.96808910369873,14.00482303071427,13.848703621946754,13.848703621946754,213100
2014-12-29,14.08747673034668,14.115026960851532,13.949723826210342,13.9680912304176,232900
2014-12-30,13.857889175415039,14.059926238915274,13.784421311561504,14.059926238915274,408500
2014-12-31,13.848705291748047,13.940540558262843,13.784421130671296,13.839521589935366,306700
2015-01-02,13.922172546386719,14.10584219558589,13.830338159690118,13.830338159690118,319600
2015-01-05,13.830338478088379,13.958906797584678,13.756869740911362,13.84870500552814,503400
2015-01-06,13.839521408081055,14.004824535313162,13.775237247849011,13.811971178811035,519700
2015-01-07,13.867074012756348,13.986458644438802,13.78442244020227,13.839522904700928,629500
2015-01-08,13.940539360046387,14.059924845931802,13.857887802448335,13.912988256976414,296300
2015-01-09,13.793601989746094,13.958904209277003,13.756867190066082,13.912986585482816,320200
2015-01-12,13.628302574157715,13.830339647920228,13.508917070380143,13.775238309328246,356900
2015-01-13,13.784420013427734,13.885438097761565,13.637484299558183,13.710952156492958,391000
2015-01-14,13.637483596801758,13.738501675930001,13.481364189908902,13.738501675930001,449300
2015-01-15,13.564016342163086,13.637484198553729,13.352795598185535,13.637484198553729,448600
2015-01-16,13.44463062286377,13.554832405534055,13.389529293625667,13.518098477977293,314200
2015-01-19,13.52728271484375,13.57320034803357,13.41708092067179,13.490548783453097,152500
2015-01-20,13.481368064880371,13.67422145377983,13.426266721277893,13.527284829441935,439100
2015-01-21,13.60993480682373,13.692586374607039,13.407898614249023,13.417081440598023,559800
2015-01-22,14.014008522033691,14.08747638545199,13.609934397427034,13.609934397427034,532700
2015-01-23,14.427261352539062,14.427261352539062,14.05073844109715,14.087472362315733,612600
2015-01-26,14.776236534118652,14.776236534118652,14.399713559173902,14.399713559173902,675000
2015-01-27,14.64766788482666,14.776237073370613,14.62930135835235,14.6752181124411,417200
2015-01-28,14.445631980895996,14.702770378314167,14.362981291518029,14.702770378314167,420300
2015-01-29,14.427261352539062,14.528279416938721,14.326243288139402,14.463995273757645,401700
2015-01-30,14.372160911560059,14.473179857942048,14.225225217701693,14.362978087548274,1286700
2015-02-02,14.500733375549316,14.592568642974836,14.32624741840805,14.32624741840805,355700
2015-02-03,14.629301071166992,14.656851298240596,14.528282112220564,14.555833215100096,416200
2015-02-04,14.592567443847656,14.702769230218967,14.574200041549465,14.601750269190806,387400
2015-02-05,14.913987159729004,15.051739155803737,14.601748367766719,14.656849691680112,540200
2015-02-06,14.307879447937012,15.180311826508719,14.26196181604282,15.060925458100229,1317400
2015-02-09,13.949722290039062,15.180311086423428,13.949722290039062,15.060924723835377,1299100
2015-02-10,13.96808910369873,14.01400673141963,13.793603169326397,13.894621249667653,699800
2015-02-11,13.912988662719727,14.07829178273655,13.876254733361094,13.922172364010875,579100
2015-02-12,13.867074012756348,13.949724709504334,13.646669527343445,13.949724709504334,467400
2015-02-13,13.949722290039062,14.124209107569046,13.9405394647527,13.949722290039062,444400
2015-02-17,14.353795051574707,14.408895501417009,13.894620549128195,13.912987073807008,719300
2015-02-18,14.32624626159668,14.418080645800767,14.170126845063189,14.298695158110101,357900
2015-02-19,14.225229263305664,14.372164998952023,14.197679031823489,14.271146899646668,252400
2015-02-20,14.234411239624023,14.37216325613671,14.225227538308255,14.243594940939794,785400
2015-02-23,14.151762008666992,14.3354316861832,14.105844370336413,14.24359728532815,193000
2015-02-24,14.041559219360352,14.390532020118894,14.023192690797293,14.14257731597228,453700
2015-02-25,13.867074012756348,14.0966613250483,13.83034007782188,14.004826049809083,464900
2015-02-26,13.90380573272705,14.041557747835023,13.867071803644528,14.023191221196738,377100
2015-02-27,13.857889175415039,13.931357039268576,13.70176974577477,13.91298963540218,463400
2015-03-02,13.793601989746094,13.839518737734451,13.518097122786806,13.720133266191898,826400
2015-03-03,13.665035247802734,13.821154670976087,13.600751088545232,13.766053337465381,282200
2015-03-04,13.600749969482422,13.70176805083335,13.564016042099729,13.600749969482422,232700
2015-03-05,13.545649528503418,13.729319177457525,13.44463144053015,13.591567159693437,399500
2015-03-06,13.389532089233398,13.582385468123842,13.371165559523218,13.51810130042906,330000
2015-03-09,13.407896995544434,13.42626352183113,13.316061736693142,13.361979366118787,207700
2015-03-10,13.398713111877441,13.637484080991673,13.361979183998786,13.407896812798587,291100
2015-03-11,13.241843223571777,13.463309373979946,13.121882172093624,13.39871530011796,582900
2015-03-12,13.740141868591309,13.777052891957759,13.334119731532144,13.334119731532144,407200
2015-03-13,13.675546646118164,13.767824642715997,13.490991532950698,13.684774621783587,310400
2015-03-16,13.850873947143555,13.915468013403672,13.67554593868302,13.67554593868302,253500
2015-03-17,13.767826080322266,13.84164813329759,13.583270947883955,13.84164813329759,253000
2015-03-18,13.980062484741211,14.007746411107542,13.64786328859882,13.740141283096905,526700
2015-03-19,13.9154691696167,14.00774716910822,13.88778612178053,13.961608169362458,296900
2015-03-20,13.961606979370117,14.026201045491689,13.933923933893464,14.026201045491689,460400
2015-03-23,13.93392562866211,13.970836653796479,13.832419649521405,13.887786627237086,861600
2015-03-24,13.730913162231445,13.970835241363158,13.730913162231445,13.952379290647718,538800
2015-03-25,13.795506477355957,13.943150554915194,13.749367483111666,13.786278502501474,345300
2015-03-26,13.65709114074707,13.813963201960544,13.610952143914608,13.813963201960544,250300
2015-03-27,13.712456703186035,13.730912653217299,13.610951618098479,13.629407568129745,207300
2015-03-30,13.371031761169434,13.712458973011119,13.32489275848201,13.712458973011119,567500
2015-03-31,13.63863468170166,13.749367741955735,13.35257449605233,13.380257541108815,468000
2015-04-01,13.813961029052734,13.860100018627628,13.657088992514911,13.657088992514911,636600
2015-04-02,13.647862434387207,13.823189556926136,13.574040395420486,13.795506512320648,344400
2015-04-06,13.564812660217285,13.638634700488357,13.45407959981068,13.574040635258203,292300
2015-04-07,13.740141868591309,13.804735939475544,13.564813847579511,13.638635894312412,318600
2015-04-08,13.647862434387207,13.943150590254088,13.647862434387207,13.684773453870568,358000
2015-04-09,13.65709114074707,13.703230137579533,13.55558517171002,13.694002162207408,632500
2015-04-10,13.601725578308105,13.703231557865855,13.546359480393205,13.684775605208715,589400
2015-04-13,13.583268165588379,13.712456291819118,13.555584241371985,13.610951209776664,271000
2015-04-14,13.620180130004883,13.666319126873654,13.518674160887953,13.564813157756724,284200
2015-04-15,13.703228950500488,13.740139968763309,13.546356902876479,13.546356902876479,306800
2015-04-16,13.610953330993652,13.67554740417577,13.472537208452472,13.67554740417577,309700
2015-04-17,13.472535133361816,13.57404021558927,13.407940190100609,13.564812240833653,817200
2015-04-20,13.592497825622559,13.666320757437498,13.463309675010033,13.463309675010033,512400
2015-04-21,13.65709114074707,13.68477418683528,13.592496193170355,13.610952143914608,218000
2015-04-22,13.65709114074707,13.666319116119197,13.592496193170355,13.601724168542482,206500
2015-04-23,13.887785911560059,13.915468958977186,13.620180773119275,13.629408748934388,258700
2015-04-24,13.924696922302246,14.007746944507343,13.860102851710819,13.860102851710819,302000
2015-04-27,14.1092529296875,14.127708882467173,13.924697802032085,13.933925778421923,567800
2015-04-28,14.284578323364258,14.395312266360955,14.07234017268159,14.07234017268159,628700
2015-04-29,13.878558158874512,14.219985349268997,13.850875111012318,14.183074325443329,768500
2015-04-30,13.813961029052734,13.860100018627628,13.69400000816922,13.841644070786458,400000
2015-05-01,13.804737091064453,13.841648117510015,13.712459084936405,13.795509114445991,197400
2015-05-04,13.777052879333496,13.906241020983586,13.730913880160658,13.777052879333496,249600
2015-05-05,13.666316986083984,13.813961048913495,13.574039006801526,13.786277127111937,353000
2015-05-06,13.583268165588379,13.721684266557915,13.39871307095296,13.703229197108428,212100
2015-05-07,13.666316986083984,13.730911043564888,13.574039006801526,13.592494074641198,1074900
2015-05-08,13.961606979370117,13.980062049678502,13.684773884519146,13.721684905164064,1064600
2015-05-11,13.897012710571289,13.97083475078449,13.850873715431003,13.943150825683437,163600
2015-05-12,13.804737091064453,13.924698147019601,13.786281137827528,13.91547017040114,269100
2015-05-13,13.878558158874512,13.91546918270018,13.795508135259704,13.804736111223177,188700
2015-05-14,14.053885459899902,14.18307448475497,13.795508290218,13.869330338698544,289100
2015-05-15,14.026201248168945,14.081568219950446,13.961607181113996,14.007746177593885,210000
2015-05-19,14.146161079406738,14.164617028434451,13.98006105826966,14.044655999838572,324200
2015-05-20,14.090798377990723,14.164620431782707,13.998520370736593,14.164620431782707,291600
2015-05-21,14.164619445800781,14.164619445800781,14.026202444554626,14.026202444554626,739700
2015-05-22,14.063112258911133,14.155390251802435,13.989290216609355,14.118479230651547,166800
2015-05-25,14.136933326721191,14.22921131325156,13.869328221816849,13.887784171134163,152700
2015-05-26,13.998517036437988,14.136933134321636,13.943150069267677,14.072339072646345,582700
2015-05-27,13.897012710571289,14.072339836070608,13.84164574039732,13.980061845790038,1245800
2015-05-28,13.813961029052734,13.943149143828801,13.777050013398425,13.777050013398425,401100
2015-05-29,13.703228950500488,13.869328092669134,13.684773001355031,13.758595037880673,409500
2015-06-01,13.767826080322266,13.813965083438914,13.620181974371617,13.74014303046359,232600
2015-06-02,13.712456703186035,13.832417738304855,13.620179593114111,13.684773658167272,195000
2015-06-03,13.749366760253906,13.804733726441823,13.730911691543316,13.767822708992568,283000
2015-06-04,13.712456703186035,13.786278743254826,13.638634663117243,13.703229608198535,194400
2015-06-05,13.961606979370117,13.989290024846769,13.832417967098824,13.84164594226709,857700
2015-06-08,13.850873947143555,13.96160700931582,13.65709086833505,13.95237903412776,376200
2015-06-09,13.878558158874512,13.998519206314988,13.804736111223177,13.86010308697579,358100
2015-06-10,13.980062484741211,14.11847947648834,13.933924367520344,13.9616074138585,543800
2015-06-11,13.905899047851562,14.128393220430008,13.887357424746734,14.10985248143843,455600
2015-06-12,13.905899047851562,13.952252221500386,13.803922773114756,13.887357424746734,162300
2015-06-15,13.850271224975586,13.887353576797103,13.78537733031618,13.822459682137698,241600
2015-06-16,13.878084182739258,13.998602051797043,13.822460210822957,13.841001829499403,281800
2015-06-17,13.859543800354004,13.93370851344931,13.831732253971543,13.924438587397237,223700
2015-06-18,14.007875442504883,14.02641706576844,13.878087616113014,13.905899166895091,252400
2015-06-19,14.04495620727539,14.100580186625459,13.915168395647159,13.961521564420023,585500
2015-06-22,14.248910903930664,14.276722454056298,14.044957473411792,14.054228284824749,226500
2015-06-23,14.285994529724121,14.341618519011135,14.20255898785026,14.20255898785026,193900
2015-06-24,14.304535865783691,14.341618229856275,14.230371137638524,14.239641065571696,175100
2015-06-25,14.25818157196045,14.341617105611544,14.184016849629081,14.341617105611544,246800
2015-06-26,14.119121551513672,14.267451875005401,13.998604545103513,14.239639442037028,358700
2015-06-29,13.637048721313477,13.92443762783812,13.562884013328999,13.868813654793234,327700
2015-06-30,13.785377502441406,13.81318904562655,13.544341770535446,13.674130445587814,429900
2015-07-02,13.924437522888184,13.942978257688031,13.766837298580754,13.766837298580754,268300
2015-07-03,13.94297981262207,13.980062170470275,13.81319111809678,13.81319111809678,129500
2015-07-06,13.73902702331543,13.85027410188769,13.683403926085894,13.831733364182242,143900
2015-07-07,13.868817329406738,13.87808814138941,13.63705233451967,13.841005777572011,280700
2015-07-08,13.479449272155762,13.868814453555961,13.460908536148333,13.813190477307456,241100
2015-07-09,13.145708084106445,13.562884812117083,12.913943136976858,13.535073266013203,1162400
2015-07-10,13.460908889770508,13.516531983367138,13.219873126550091,13.219873126550091,727900
2015-07-13,13.562886238098145,13.609239409220185,13.433097535779071,13.44236834682612,255400
2015-07-14,13.451637268066406,13.572155142406999,13.284766229115881,13.516531168052463,274100
2015-07-15,13.516532897949219,13.581426806240643,13.423826556864446,13.479450538337948,322000
2015-07-16,13.646320343017578,13.674131889138732,13.349660609310535,13.581425556584072,292900
2015-07-17,13.683403968811035,13.701944706574375,13.590697627654755,13.692674779749302,188900
2015-07-20,13.711214065551758,13.952249819742839,13.683402519795278,13.766838041177815,460300
2015-07-21,13.609240531921387,13.7112168095119,13.572158168787267,13.66486363456593,342800
2015-07-22,13.544343948364258,13.701944191942705,13.52580321129729,13.535074021887354,302100
2015-07-23,13.405285835266113,13.711215523455973,13.340391926896505,13.599968444488132,425400
2015-07-24,13.358931541442871,13.460908685007334,13.312578374742033,13.442367064681752,288000
2015-07-27,13.405285835266113,13.442368194922059,12.904673537854233,13.294038756298272,501200
2015-07-28,13.497991561889648,13.516532298816852,13.377473677466785,13.414556035434346,410100
2015-07-29,13.692673683166504,13.850273035929668,13.442367112558362,13.442367112558362,350200
2015-07-30,13.803922653198242,13.887357304105413,13.599969221383146,13.61850996021366,197400
2015-07-31,13.73902702331543,13.85954491279701,13.720486285609981,13.794651004658155,197300
2015-08-04,13.896627426147461,14.109851658856101,13.813191895266392,13.813191895266392,408500
2015-08-05,13.970791816711426,14.063498156419255,13.887356287797013,13.970791816711426,234500
2015-08-06,13.896627426147461,14.044956865885716,13.813191895266392,13.933709786082025,172500
2015-08-07,13.850271224975586,13.942977546585883,13.794648139299811,13.887353576797103,288300
2015-08-10,14.285994529724121,14.285994529724121,13.90590006928837,13.90590006928837,425900
2015-08-11,14.267451286315918,14.387969171866583,14.128391779551382,14.128391779551382,785500
2015-08-12,13.65559196472168,14.137663539288146,13.4701801607012,14.128392728058817,666000
2015-08-13,13.73902702331543,14.165474599899023,13.674133115176575,13.905898083230415,453000
2015-08-14,13.729755401611328,13.841002466450384,13.599966717242555,13.785378491974315,200700
2015-08-17,13.637048721313477,13.748295783290192,13.581424748268589,13.739024973763868,184100
2015-08-18,13.683403968811035,13.859544956072133,13.599968438593022,13.627779987294629,115600
2015-08-19,13.451637268066406,13.701942942379114,13.405284103456474,13.637049042393055,207700
2015-08-20,13.247684478759766,13.44236707171464,13.238413668592123,13.44236707171464,163900
2015-08-21,13.006649017333984,13.303308760709351,12.923213492138197,13.238413972160885,266900
2015-08-24,12.617283821105957,12.90467275406944,12.292813414851919,12.5338491800325,418500
2015-08-25,12.645095825195312,12.9788370305575,12.608013469043959,12.88613069812256,365000
2015-08-26,13.173521995544434,13.238415909476366,12.552391754982823,12.839780730034587,381400
2015-08-27,13.182788848876953,13.497989280380786,13.145706497177267,13.303306712929183,455000
2015-08-28,13.2569580078125,13.340393548206928,13.090086927023645,13.090086927023645,194500
2015-08-31,13.396015167236328,13.572157040566102,13.219874178019756,13.24768572703012,486800
2015-09-01,13.219874382019043,13.423826923393223,13.080814866594958,13.080814866594958,356600
2015-09-02,13.080812454223633,13.303307461046863,12.997377821292107,13.256954297787313,176500
2015-09-03,12.969565391540527,13.164247969920261,12.923212228285724,13.108624881304939,252000
2015-09-04,12.774885177612305,13.006650152669707,12.663638095678337,12.88613225954627,273000
2015-09-08,12.84904956817627,13.10862697012074,12.84904956817627,12.84904956817627,320400
2015-09-09,13.349663734436035,13.470181641324812,12.978840085634658,12.988110897883022,508900
2015-09-10,13.294037818908691,13.44236724707347,13.294037818908691,13.331120175949886,324000
2015-09-11,13.16822624206543,13.270738652111,13.14958713727818,13.21482311527212,271600
2015-09-14,12.84205150604248,13.158909238713463,12.80477417800834,13.140271019077197,280000
2015-09-15,12.9352445602417,13.019118765903428,12.786135256292651,12.860689908267176,175200
2015-09-16,13.130949974060059,13.18686551538211,12.907286031248839,12.916604695628179,397300
2015-09-17,13.14026927947998,13.18686526678276,12.963201328188063,13.093672403415715,211700
2015-09-18,12.851370811462402,13.06571611008057,12.823413038168411,13.019119228749528,636800
2015-09-21,13.14026927947998,13.280059018911293,12.916604452123797,12.963201328188063,316700
2015-09-22,13.112313270568848,13.140271935114717,12.93524617225335,13.000481278670375,287300
2015-09-23,12.916604042053223,13.112310204300762,12.87932672013757,13.112310204300762,215500
2015-09-24,12.767495155334473,12.897966230517232,12.748856938172072,12.888646677555288,531300
2015-09-25,13.056396484375,13.112312030655975,12.832732521727936,12.916605841149398,349100
2015-09-28,12.767495155334473,13.000478646814159,12.758175602372528,12.916604447679633,529500
2015-09-29,12.767495155334473,12.832731137306595,12.683620956199947,12.814092031382707,368800
2015-09-30,13.177546501159668,13.18686516529161,12.804772384276031,12.860688812875095,1013600
2015-10-01,13.196185111999512,13.391891284794484,12.981840721622952,13.047075816300772,455100
2015-10-02,13.18686580657959,13.224143131204631,13.00047918345438,13.019118290147663,297100
2015-10-05,13.335975646972656,13.475765388490252,13.214824122902039,13.233462340349018,182700
2015-10-06,13.317336082458496,13.513042247104957,13.280058760085907,13.34529385204757,264100
2015-10-07,13.494401931762695,13.513041035658727,13.308015336609335,13.419847293701352,199800
2015-10-08,13.643514633178711,13.68079195913979,13.429169342331333,13.485085775653731,376900
2015-10-09,13.680792808532715,13.773985684840659,13.596918597722436,13.690111474030381,240000
2015-10-13,13.624874114990234,13.746025634009149,13.485084379301506,13.73670608129351,309200
2015-10-14,13.56895923614502,13.727387196208698,13.475765481979085,13.56895923614502,340200
2015-10-15,13.596916198730469,13.690109058595795,13.49440289748872,13.559638877032048,218300
2015-10-16,13.308018684387207,13.727388851169772,13.280060910271466,13.6341959745301,414300
2015-10-19,13.503722190856934,13.55031906427575,13.30801603350706,13.30801603350706,285600
2015-10-20,13.690109252929688,13.74602568065179,13.47576487231147,13.47576487231147,240800
2015-10-21,13.690109252929688,13.773983450132109,13.643513266716313,13.74602568065179,272600
2015-10-22,13.848539352416992,13.960371329257164,13.68079183153751,13.68079183153751,212000
2015-10-23,14.128118515014648,14.239950482167096,13.923092797521091,13.923092797521091,414500
2015-10-26,13.792623519897461,14.193354539669514,13.764665748462557,14.072203900531086,390000
2015-10-27,13.857858657836914,13.932413307728531,13.718068911480515,13.72738757614582,261900
2015-10-28,13.923091888427734,13.99764741708948,13.801941265160753,13.895134120655463,231500
2015-10-29,13.727386474609375,13.904454420464525,13.708748258012836,13.895134867785526,342100
2015-10-30,13.755346298217773,13.839220501913005,13.652832987585144,13.736707191280374,329800
2015-11-02,14.044245719909668,14.062884827343769,13.811262209552778,13.811262209552778,366700
2015-11-03,14.258590698242188,14.417019552904108,14.025607193005424,14.025607193005424,421100
2015-11-04,14.118797302246094,14.35178076194495,14.109478639316778,14.267907463012909,301300
2015-11-05,14.016286849975586,14.15607658973887,13.93241265061302,14.090841496350869,336300
2015-11-06,14.044245719909668,14.146759033274098,13.951052849023847,13.969691067696388,257700
2015-11-09,14.081522941589355,14.109481602533167,13.904455866086314,14.062884723055035,280600
2015-11-10,14.062884330749512,14.11879987355418,13.923093696214785,14.034926559347177,322100
2015-11-11,13.690109252929688,14.193353547382753,13.690109252929688,14.193353547382753,439400
2015-11-12,13.18686580657959,13.764665671410027,13.177547141994472,13.671471915466661,809700
2015-11-13,13.27073860168457,13.438486989086664,13.177545744386743,13.186864407983524,355200
2015-11-16,13.895136833190918,14.062885250094338,13.233463608336036,13.270740935563287,515400
2015-11-17,13.941732406616211,14.044244824684613,13.83921998854781,13.979009730346675,301800
2015-11-18,13.979010581970215,14.025607461662426,13.96969102827946,14.016287907971673,448400
2015-11-19,14.016286849975586,14.118799266551228,13.960370420813378,13.99764863276251,233700
2015-11-20,13.988327026367188,14.109478531133034,13.951049708651649,13.988327026367188,227400
2015-11-23,14.165395736694336,14.221312164253776,13.94173180397951,13.979009126098648,255500
2015-11-24,14.025605201721191,14.081520737332948,13.81125994517902,13.997647433915313,371500
2015-11-25,13.988327026367188,14.072201213417493,13.885813736078433,14.016284792463503,181800
2015-11-26,13.876498222351074,13.997649754611032,13.801943570000573,13.904455994792123,62100
2015-11-27,14.034926414489746,14.053564632311758,13.848538903700522,13.848538903700522,121000
2015-11-30,14.128118515014648,14.184034942971607,13.997648331050861,13.997648331050861,543800
2015-12-01,14.37042236328125,14.379741916591913,14.109481091913302,14.118799756462446,681000
2015-12-02,14.305187225341797,14.417019198454614,14.025606848178995,14.305187225341797,742500
2015-12-03,14.137436866760254,14.342462566835927,14.100159547542987,14.342462566835927,242800
2015-12-04,14.230632781982422,14.295867878382687,14.146758578746923,14.184035903655863,321300
2015-12-07,14.165395736694336,14.2865472557719,14.100160645176212,14.165395736694336,374500
2015-12-08,14.016286849975586,14.22131257188836,13.99764863276251,14.072203279137794,203100
2015-12-09,14.006967544555664,14.17471594624568,13.979009773861163,13.988329327013165,443900
2015-12-10,14.090842247009277,14.221313329497326,13.979010271488752,14.044245368352007,240200
2015-12-11,14.179816246032715,14.320302836488596,13.936305322263358,13.936305322263358,240500
2015-12-14,13.983136177062988,14.142354808565981,13.8520146884158,14.114256772518111,310000
2015-12-15,14.254742622375488,14.254742622375488,14.001865686382105,14.067426869709259,335900
2015-12-16,14.236011505126953,14.357766975394831,14.179817222352254,14.21728037526606,532700
2015-12-17,14.20791244506836,14.376497057010424,14.095523001504285,14.29220475103939,270000
2015-12-18,14.198548316955566,14.226645458273145,14.02996368266605,14.114255999810808,416300
2015-12-21,14.526350975036621,14.554448115195614,14.217279753711756,14.217279753711756,457200
2015-12-22,14.535715103149414,14.582543366284122,14.442056790496267,14.516983083342039,149500
2015-12-23,14.545082092285156,14.723032730595781,14.442058649657728,14.610643276858957,146500
2015-12-24,14.49825382232666,14.704301613456149,14.432693526909473,14.563815010935881,126100
2015-12-29,14.4701566696167,14.573181011700253,14.44205952777211,14.516985834819039,160200
2015-12-30,14.432692527770996,14.545081980645183,14.348400214817364,14.545081980645183,226200
2015-12-31,14.376497268676758,14.442057555089743,14.32966810987095,14.423325534290655,79600
2016-01-04,14.282838821411133,14.470154561742078,14.170449377212567,14.357765117543511,417900
2016-01-05,14.226645469665527,14.385864092579341,14.217280351346846,14.282840645537703,377400
2016-01-06,14.488887786865234,14.676203542768164,14.189181684228569,14.189181684228569,1768900
2016-01-07,14.27347469329834,14.38586415231738,14.095524939816201,14.32030385785428,638000
2016-01-08,14.264107704162598,14.367132037763328,14.198547414192651,14.236010564631473,616500
2016-01-11,14.236011505126953,14.282840669567218,14.10489091652464,14.18918234068669,381300
2016-01-12,14.507617950439453,14.526349971379199,14.207912760938868,14.236009899156567,440700
2016-01-13,14.3015718460083,14.610643062549087,14.264107802120236,14.535716761156895,222000
2016-01-14,14.367133140563965,14.42332742393961,14.058061902421832,14.301572845561703,485800
2016-01-15,14.245375633239746,14.2547416435279,13.964401576938405,14.13298618935759,504900
2016-01-18,14.161084175109863,14.17045018595893,14.001865563443541,14.020597585141676,144200
2016-01-19,14.104890823364258,14.27347456376691,14.00186648363773,14.27347456376691,918600
2016-01-20,13.889476776123047,14.132987710675936,13.51484525618937,13.964403080109783,639000
2016-01-21,13.805184364318848,14.02059815666861,13.767721212587409,14.001866134206896,595100
2016-01-22,14.00186538696289,14.170450007353425,13.85201278803439,13.90820795922855,542600
2016-01-25,13.898842811584473,14.067427442443735,13.823916507467468,14.048695419818484,400800
2016-01-26,13.908207893371582,13.96440217110771,13.81454957288878,13.823915583575449,534700
2016-01-27,13.308797836303711,13.99250060211204,13.233871530275183,13.861380013158128,1273500
2016-01-28,13.627236366271973,13.655333510379489,13.196409619457592,13.477383740109076,901400
2016-01-29,13.702159881591797,13.739623030483145,13.486746105572596,13.64596471165881,1061400
2016-02-01,13.205771446228027,13.477379468358217,13.130845156894997,13.261965716631888,1240900
2016-02-02,13.158945083618164,13.327528823784702,13.00909247316257,13.177676213329107,628200
2016-02-03,13.233869552612305,13.439917309995096,13.149577247628804,13.261966689876175,800700
2016-02-04,13.224506378173828,13.402457036450473,13.196409234885126,13.23387239033409,556200
2016-02-05,13.31816291809082,13.48674664828987,13.14957829469981,13.261967745896497,691000
2016-02-08,13.121481895446777,13.196408200471534,12.98099440363135,13.196408200471534,793300
2016-02-09,13.336893081665039,13.38372223957319,13.018455879719884,13.065285037628035,2109500
2016-02-10,12.737483024597168,13.477380879103544,12.737483024597168,13.477380879103544,895700
2016-02-11,12.493974685668945,12.700022491940155,12.213000566788585,12.643827310887243,665100
2016-02-12,12.831140518188477,13.055919410920112,12.756214220611264,12.91543282626082,548100
2016-02-16,13.074652671813965,13.074652671813965,12.784312571274613,12.99036035574796,435600
2016-02-17,13.458650588989258,13.52421088415125,13.187042503499823,13.187042503499823,938800
2016-02-18,13.524211883544922,13.59913908908525,13.383725271190015,13.533577895886475,1261400
2016-02-19,13.7396240234375,13.823916337832772,13.430552799449499,13.486747080251687,2311000
2016-02-22,13.889476776123047,14.048695395392858,13.795818449543628,13.86137963542602,821900
2016-02-23,13.767719268798828,14.04869331371143,13.702158985822905,13.908206737851062,728100
2016-02-24,13.945672988891602,14.029964417257736,13.645966857441106,13.908209834109297,553400
2016-02-25,13.973769187927246,14.058061503792556,13.908208894784007,14.02996346970945,559600
2016-02-26,13.955034255981445,14.048692563682724,13.92693712094779,14.029960544865741,572200
2016-02-29,13.973769187927246,14.039329481070485,13.908208894784007,13.93630603567511,583900
2016-03-01,14.029962539672852,14.058060571893359,13.95503624013539,14.029962539672852,516100
2016-03-02,14.011231422424316,14.039328561475017,13.833281684180621,14.029962550727468,412300
2016-03-03,14.058060646057129,14.254742406678552,13.964402324545233,13.992499463722021,1887800
2016-03-04,14.058060646057129,14.207913245922605,14.0018654745116,14.04869463526755,645700
2016-03-07,14.132988929748535,14.18918321598975,13.955038272536507,13.955038272536507,396300
2016-03-08,14.07679271697998,14.132987892288153,13.98313528238904,14.095524739813374,523200
2016-03-09,14.067426681518555,14.170450120808766,14.039328649100536,14.09552382074462,367200
2016-03-10,14.039328575134277,14.114254874803674,13.898841986552146,14.076791724968976,330100
2016-03-11,14.109926223754883,14.194642403376752,13.96873318950738,14.11933933208696,556400
2016-03-14,14.138165473937988,14.23229386371043,14.100513040808915,14.100513040808915,938600
2016-03-15,14.138165473937988,14.15699079281911,14.0534492947644,14.109926149091182,221700
2016-03-16,14.147579193115234,14.185230732575736,14.10051454436873,14.128753872226739,244100
2016-03-17,14.204055786132812,14.260532641849585,14.08168806850189,14.119339604874218,502400
2016-03-18,14.194640159606934,14.2134663732952,14.11933710022042,14.2134663732952,1061700
2016-03-21,14.298182487487793,14.345247126808752,14.156989467208243,14.156989467208243,835400
2016-03-22,14.232294082641602,14.307597154691285,14.194642546616759,14.213468763470894,271000
2016-03-23,14.204055786132812,14.307597286735854,14.194642677618871,14.269945750363526,222100
2016-03-24,14.072274208068848,14.147577276789859,13.949906496976359,14.138165066462275,346500
2016-03-28,14.194640159606934,14.23229168930019,14.100510886532152,14.11933710022042,318400
2016-03-29,14.119339942932129,14.175817697684579,14.006385331110687,14.128753051671447,1439000
2016-03-30,14.12874984741211,14.22287822040754,14.062858998863728,14.156988269542413,1932000
2016-03-31,14.138165473937988,14.269945399156088,14.025209969917595,14.025209969917595,819100
2016-04-01,14.072274208068848,14.156990384800833,14.02520956569737,14.1287519584513,221600
2016-04-04,13.874603271484375,14.091100264873594,13.874603271484375,14.072274049064367,675400
2016-04-05,13.72399616241455,13.865189180236587,13.72399616241455,13.846363863445863,611500
2016-04-06,13.799299240112305,13.855776985913188,13.733409284747369,13.742822391994736,403400
2016-04-07,13.733409881591797,13.808712947476717,13.695758348649338,13.799299839820264,323400
2016-04-08,13.836949348449707,13.8651877696045,13.648691711279055,13.789884714736239,559000
2016-04-11,13.789888381958008,13.865191456852035,13.752236844510994,13.808714599523245,342500
2016-04-12,13.695760726928711,13.83695377556038,13.676934508346617,13.77106380589007,384900
2016-04-13,13.686346054077148,13.855778411225605,13.658107627113543,13.855778411225605,667700
2016-04-14,13.714585304260254,13.723998413040947,13.65810844694301,13.667521555723704,414500
2016-04-15,13.959320068359375,14.204055498668215,13.705172427410519,13.705172427410519,1325600
2016-04-18,13.846364974975586,14.044035754404629,13.83695186698292,13.893429617255526,402300
2016-04-19,13.846364974975586,13.931081151542802,13.80871344068831,13.91225493555747,611400
2016-04-20,13.949907302856445,14.04403659303721,13.846365801804355,13.846365801804355,334400
2016-04-21,14.091100692749023,14.109926011446502,13.987558298020973,14.015797622592299,441700
2016-04-22,13.949907302856445,14.072275021018065,13.949907302856445,14.053449701591974,228500
2016-04-25,13.949907302856445,13.968733519965975,13.799301156713971,13.931081983430357,183600
2016-04-26,13.968733787536621,14.034623753315213,13.931082250279788,13.949907570066475,317200
2016-04-27,14.072274208068848,14.109925742429354,13.921668070626827,13.968732712998305,228800
2016-04-28,14.109926223754883,14.147577759399779,14.025210044133015,14.025210044133015,230300
2016-04-29,13.968733787536621,14.09110150804219,13.921669141544717,14.081688399307117,464000
2016-05-02,13.846364974975586,14.015797328110018,13.752235690415702,13.949906469844747,156900
2016-05-03,13.771061897277832,13.902842716037686,13.705171936739598,13.742823471001929,484700
2016-05-04,13.97814655303955,13.996971872363984,13.723998009533936,13.723998009533936,650800
2016-05-05,13.987560272216797,14.015799600773805,13.884018760558366,14.006386491254801,185000
2016-05-06,14.439377784729004,14.542919282978943,14.18522924672904,14.18522924672904,538300
2016-05-09,14.364075660705566,14.514681812701495,14.345249442864338,14.401727198704549,269000
2016-05-10,14.702938079833984,14.84413200692887,14.354661162626687,14.354661162626687,641300
2016-05-11,14.62763500213623,14.740589605132707,14.458202648799821,14.655873428464503,324000
2016-05-12,14.787654876708984,14.787654876708984,14.637048732971797,14.637048732971797,210600
2016-05-13,14.834718704223633,14.891195556173656,14.712350994754079,14.778240954590233,275100
2016-05-16,14.919435501098633,14.938260819971429,14.806479997128205,14.834719321962519,254900
2016-05-17,14.768827438354492,14.928846677260747,14.759415228411982,14.919434467318236,1821900
2016-05-18,14.82530403137207,14.83471713826455,14.712349441712183,14.712349441712183,1988600
2016-05-19,15.371253967285156,15.503033892796795,14.806480036658826,14.872370897098062,862800
2016-05-20,15.060627937316895,15.23006028887039,14.994737977349814,15.088867261031396,708600
2016-05-24,15.060627937316895,15.117104789379141,15.022976403380937,15.060627937316895,500900
2016-05-25,15.060627937316895,15.16417032890331,15.022976403380937,15.060627937316895,537000
2016-05-26,14.975913047790527,15.14534541389622,14.96649993907722,15.04180301341676,389800
2016-05-27,15.45596981048584,15.587749733131314,15.182995061729594,15.182995061729594,746800
2016-05-30,15.493624687194824,15.521864019217759,15.239477880457544,15.437147818516237,253500
2016-05-31,15.427734375,15.531276794816293,15.408909949424784,15.531276794816293,715000
2016-06-01,15.710118293762207,15.719531401831183,15.380666692815224,15.47479597813819,550400
2016-06-02,15.634815216064453,15.672465852953067,15.550099038856589,15.672465852953067,177800
2016-06-03,15.474799156188965,15.568928460843212,15.446559826182543,15.474799156188965,342600
2016-06-06,15.399494171142578,15.484210355340164,15.390081062302075,15.437144811137651,287500
2016-06-07,15.62540340423584,15.644229621925305,15.43714481807506,15.455971035764525,354500
2016-06-08,15.757182121276855,15.851311407092872,15.62540219835451,15.62540219835451,629500
2016-06-09,15.672465324401855,15.841897673103507,15.606575365543819,15.719530863133828,590100
2016-06-10,15.474799156188965,15.634818435491038,15.437146716180402,15.634818435491038,324500
2016-06-13,15.536261558532715,15.725381124823128,15.479525869005096,15.479525869005096,1110200
2016-06-14,15.413329124450684,15.545714779019276,15.384962187010393,15.545714779019276,554900
2016-06-15,15.498437881469727,15.564629825481646,15.413333438141487,15.413333438141487,358900
2016-06-16,15.47006893157959,15.574084057151344,15.413331440982303,15.413331440982303,223900
2016-06-17,15.271492004394531,15.46061337431693,15.195843817144581,15.44170087660568,632500
2016-06-20,15.205300331115723,15.422788647802014,15.205300331115723,15.337684210212581,376300
2016-06-21,15.252577781677246,15.375507199302492,15.205298346341289,15.205298346341289,408700
2016-06-22,15.413329124450684,15.422785371462348,15.290401520488455,15.290401520488455,492300
2016-06-23,15.299856185913086,15.592992598593568,15.271487447810648,15.470065007338693,331000
2016-06-24,14.931074142456055,15.29985970647147,14.921617894245989,15.110738349459996,763400
2016-06-27,14.874335289001465,15.082368208943377,14.817599611979244,14.883791535770944,1186200
2016-06-28,14.637935638427734,15.176929119919466,14.609567797769591,15.044545262316527,720700
2016-06-29,14.779776573181152,14.912161331935389,14.562287391070432,14.732496237783396,1818400
2016-06-30,14.760866165161133,14.864883098101354,14.713586724876508,14.760866165161133,1160000
2016-07-04,14.798691749572754,15.129653275697684,14.732499805066812,14.85542834614757,346800
2016-07-05,14.893248558044434,14.921616398032683,14.628479947293576,14.836511976270563,788900
2016-07-06,14.704129219055176,14.86488182731333,14.64739263304747,14.855425579345805,475800
2016-07-07,15.224211692810059,15.233667941124738,14.827058281568233,14.893250216176044,404900
2016-07-08,15.205300331115723,15.31877351576666,15.129652142546792,15.280948519684653,409600
2016-07-11,15.460612297058105,15.574083668229088,15.262034692116499,15.262034692116499,597600
2016-07-12,15.801030158996582,15.819942657717851,15.555174890000659,15.583541834487416,604400
2016-07-13,15.772662162780762,15.86722284648661,15.706470225265175,15.772662162780762,525800
2016-07-14,15.78211784362793,16.05634183255305,15.75374909845845,15.848309778761752,383600
2016-07-15,15.6781005859375,15.791573760639277,15.6781005859375,15.772661264256493,240000
2016-07-18,15.78211784362793,15.791574092017756,15.64973216976532,15.64973216976532,227500
2016-07-19,15.867220878601074,15.95232530302201,15.725378968836313,15.725378968836313,199700
2016-07-20,16.027973175048828,16.04688386620897,15.819939339934347,15.867220576821625,637200
2016-07-21,16.027973175048828,16.075252608341337,15.961779443406641,15.980691938161552,473200
2016-07-22,16.141441345214844,16.169810081738692,15.990145024276481,16.056336939237713,172900
2016-07-25,16.018516540527344,16.150900393422656,15.961779057633871,16.131987899124834,298300
2016-07-26,16.103620529174805,16.160356206951196,16.027972357608053,16.027972357608053,311800
2016-07-27,16.264371871948242,16.425124449649395,16.113075540417103,16.16035496767263,441700
2016-07-28,16.3116512298584,16.35893065691293,16.26437180280387,16.26437180280387,295700
2016-07-29,16.4724063873291,16.4724063873291,16.10362174846783,16.254918103056802,385000
2016-08-02,16.453495025634766,16.500776266947916,16.34002365367308,16.368390594866028,447600
2016-08-03,16.217090606689453,16.453491349654588,16.217090606689453,16.44403510350464,505500
2016-08-04,16.18872833251953,16.34002470728742,16.18872833251953,16.18872833251953,673200
2016-08-05,16.406213760375977,16.481861934455388,16.160356743719202,16.16981299092847,691300
2016-08-08,16.614246368408203,16.633158863487214,16.39675808578398,16.39675808578398,266100
2016-08-09,16.64261245727539,16.7466275564346,16.585876784679957,16.5953312271171,217900
2016-08-10,16.888473510742188,17.219433183586112,16.850648517505768,17.124874307684962,583700
2016-08-11,16.860105514526367,17.068137575779964,16.642617204543736,16.756088582102052,648900
2016-08-12,16.718263626098633,16.9168394176627,16.652071695577277,16.86010373487223,285500
2016-08-15,17.020858764648438,17.077594455523972,16.689897261283477,16.775001699394327,534900
2016-08-16,17.105958938598633,17.105958938598633,16.98302953481778,17.001942028260164,431300
2016-08-17,17.2288875579834,17.285625041666933,17.10595995052524,17.143783136052843,731500
2016-08-18,17.25725555419922,17.304534984964636,17.077590470820226,17.219430566711146,445200
2016-08-19,17.35181999206543,17.35181999206543,17.153242371766417,17.228890559595786,532600
2016-08-22,17.399097442626953,17.455833126109564,17.162696657255406,17.399097442626953,492800
2016-08-23,17.181608200073242,17.455832158026727,17.181608200073242,17.39909647769062,444400
2016-08-24,17.27617073059082,17.285626978931205,17.143785057420367,17.20997879580307,644600
2016-08-25,17.313993453979492,17.40855413124127,17.200522084141284,17.304537205893823,387900
2016-08-26,17.238346099853516,17.46529065401191,17.11541847603251,17.342363030190903,571200
2016-08-29,17.399097442626953,17.493658117494544,17.181609152947896,17.20997789648663,369300
2016-08-30,17.323450088500977,17.43692326446535,17.323450088500977,17.3896420229823,309300
2016-08-31,17.682777404785156,17.701688094677124,17.332903489661344,17.342359736404653,864400
2016-09-01,17.644954681396484,17.881355469521942,17.51257081719659,17.701690365540028,738100
2016-09-02,17.748973846435547,17.805709537742946,17.5598524706174,17.67332565682731,356800
2016-09-06,17.711145401000977,17.77733732856946,17.52202586560456,17.730057895619044,766800
2016-09-07,17.61658477783203,17.730057942244088,17.512569664348636,17.711145447576286,693900
2016-09-08,17.711145401000977,17.72060164831001,17.55984905124594,17.63549722612346,560100
2016-09-09,17.09650421142578,17.70168962661419,17.04922477721224,17.644953944838978,518100
2016-09-12,17.313993453979492,17.342362198236497,16.879016863608182,17.030313225789065,339300
2016-09-13,17.380474090576172,17.45645423588707,17.209520122258823,17.389971835178727,353100
2016-09-14,17.200023651123047,17.427964103932144,17.200023651123047,17.361481698301535,285500
2016-09-15,17.304494857788086,17.332988093098297,17.20952102977335,17.228514708470506,173400
2016-09-16,17.313993453979492,17.40896909817251,17.2475110464973,17.38997360703196,489100
2016-09-19,17.323490142822266,17.43746127120363,17.247509994404567,17.43746127120363,381100
2016-09-20,17.475452423095703,17.560930326205934,17.32349210901303,17.32349210901303,439600
2016-09-21,17.74138069152832,17.769872113107127,17.513440261350315,17.513440261350315,341700
2016-09-22,17.798368453979492,17.8743486106391,17.75088153538342,17.798368453979492,215100
2016-09-23,18.045305252075195,18.1497786516388,17.77937378569052,17.826862517996663,597100
2016-09-26,17.93132972717285,17.997813936165837,17.788867188063964,17.978818447882126,218100
2016-09-27,17.978818893432617,18.0453012925637,17.836356350793228,17.93133017154648,448700
2016-09-28,18.045305252075195,18.10228991933266,17.969325091895275,18.045305252075195,290600
2016-09-29,17.750879287719727,18.09278904363953,17.731883798082627,18.035804386237828,336900
2016-09-30,17.693891525268555,17.788867155001114,17.52293756556131,17.75087799001377,458400
2016-10-03,17.74138069152832,17.807863090558214,17.66540054813565,17.674898292498423,445200
2016-10-04,17.788869857788086,17.997816637248345,17.70339195919248,17.741382941461524,539700
2016-10-05,17.893341064453125,17.94082797498608,17.779369943060704,17.798365431877695,444900
2016-10-06,17.8553524017334,17.95032804662225,17.84585646760329,17.9028411299327,615000
2016-10-07,17.788869857788086,17.855352265249174,17.58942263540483,17.84585633119165,568500
2016-10-11,17.665401458740234,17.826859498211075,17.655903713887877,17.779370773949296,198600
2016-10-12,17.712888717651367,17.722386462689336,17.63690856885726,17.665401803971168,255700
2016-10-13,17.826860427856445,17.997816221094745,17.56092899265135,17.693893804499048,359100
2016-10-14,17.817359924316406,17.98831569109013,17.817359924316406,17.902837807703268,267500
2016-10-17,17.845853805541992,17.893340715147932,17.731882686374462,17.826858317095823,299000
2016-10-18,18.130779266357422,18.187763921381283,17.845854179728597,17.97881897862078,452700
2016-10-19,17.98831558227539,18.149773604195058,17.912335443225512,18.140275860375148,262900
2016-10-20,17.93132972717285,17.997813936165837,17.902838306256754,17.978818447882126,264900
2016-10-21,18.045305252075195,18.045305252075195,17.85535394587044,17.902842678176583,254900
2016-10-24,18.064298629760742,18.140278781043776,18.026307648364376,18.130781035694685,480500
2016-10-25,17.674898147583008,18.045301117146664,17.627409426158504,18.02630562857686,584600
2016-10-26,17.655902862548828,17.769872172262474,17.551429485720053,17.62740962936566,648300
2016-10-27,17.826860427856445,17.855351852389695,17.674900125313446,17.703391549846696,380000
2016-10-28,17.845853805541992,17.959823113200038,17.826858317095823,17.826858317095823,235800
2016-10-31,17.893341064453125,18.035803607561512,17.86484783122764,17.86484783122764,500300
2016-11-01,17.665401458740234,18.04530219528645,17.646405969035523,17.94082881342014,882600
2016-11-02,17.532434463500977,17.703390244130407,17.47544980712769,17.627410098462832,524100
2016-11-03,17.893341064453125,18.30173501647081,17.61791191113533,17.61791191113533,2377700
2016-11-04,17.94083023071289,18.159274756554584,17.84585639770578,17.902841059811998,634900
2016-11-07,17.98831558227539,18.168767280325472,17.97881783845548,18.04530023368545,249300
2016-11-08,18.32073211669922,18.377716776652793,17.969322788714557,17.997816024446184,396200
2016-11-09,18.3872127532959,18.444197407768318,17.98831654896995,17.997814293300273,818700
2016-11-10,18.748119354248047,18.81460175792292,18.349223120689167,18.472691994522194,849800
2016-11-11,18.216257095336914,18.653142468279913,18.130779207324675,18.6151533022242,896500
2016-11-14,18.18776512145996,18.292238505488417,17.902840016030993,18.140278207725014,649100
2016-11-15,18.18776512145996,18.23525384670455,17.978820164912694,18.130780462676096,513300
2016-11-16,18.254249572753906,18.301738303325,18.15927573463141,18.168771669235785,561400
2016-11-17,18.30173683166504,18.368219237608812,18.13078103837551,18.225756680370772,557900
2016-11-18,18.55817222595215,18.719628477209366,18.292240766244642,18.339727685848544,608200
2016-11-21,18.748119354248047,18.776612589327122,18.3872141007946,18.529676653170707,255200
2016-11-22,18.71962547302246,18.89058125457675,18.700631795134985,18.776611941213606,342900
2016-11-23,18.786109924316406,18.900079239125873,18.738621200221132,18.748118945040186,840100
2016-11-24,18.662641525268555,18.84309505837616,18.624652356540956,18.767114909411323,267700
2016-11-25,18.69113540649414,18.852593455063825,18.586662018740313,18.681637661106546,390900
2016-11-28,18.843093872070312,18.919074016251663,18.53917329534491,18.69113358370761,437100
2016-11-29,18.795608520507812,18.928573330978207,18.700632879524807,18.881084604731868,446700
2016-11-30,18.814603805541992,18.881086216452236,18.653145745541465,18.814603805541992,749700
2016-12-01,18.615154266357422,18.871587943675596,18.577163286824533,18.84309470902593,333500
2016-12-02,18.539175033569336,18.66264210012417,18.482188561458152,18.596159694170822,235000
2016-12-05,18.434701919555664,18.71013110431465,18.415706428570275,18.539175308465587,572200
2016-12-06,18.577165603637695,18.757619155904596,18.320733705848752,18.320733705848752,1144000
2016-12-07,18.529680252075195,18.74812299557931,18.48219151771996,18.61515816240463,818100
2016-12-08,18.311235427856445,18.57716506398809,18.254248953105563,18.52018040074699,554500
2016-12-09,18.22575569152832,18.377715985872218,18.206760201857932,18.27324260419469,638700
2016-12-12,18.045305252075195,18.263747986153728,17.969325091895275,18.17827007951258,516200
2016-12-13,17.988075256347656,18.216979487772242,17.940385737820165,18.09298855876989,436400
2016-12-14,17.873626708984375,18.03576747426121,17.873626708984375,17.921316239459667,446500
2016-12-15,17.883161544799805,18.178829306306433,17.82593593722384,17.873623640342267,956900
2016-12-16,17.949926376342773,18.007151988125425,17.78778562698409,17.91177657487747,613800
2016-12-19,17.94038963317871,18.01669106022074,17.845012394583797,17.96900335050804,810800
2016-12-20,17.845008850097656,17.97853768527602,17.80685905373895,17.940386069748158,544900
2016-12-21,17.8259334564209,17.930846752514697,17.816395553290732,17.816395553290732,341800
2016-12-22,17.911773681640625,17.93084766970761,17.673331548696805,17.806858561011232,241700
2016-12-23,17.9689998626709,18.0548391788277,17.91177425828942,17.93084824697047,357200
2016-12-28,18.035768508911133,18.197909283489427,17.94992916830088,17.94992916830088,327800
2016-12-29,17.949926376342773,18.10252922054278,17.902238669718795,18.045303608760126,149300
2016-12-30,17.911773681640625,17.988075091415883,17.854546259932352,17.95946138056175,216100
2017-01-03,17.949926376342773,18.054841513918802,17.864087049084095,17.930850566025423,400500
2017-01-04,18.045303344726562,18.05484124974568,17.921314217816754,17.9308503036665,420400
2017-01-05,17.787784576416016,18.04530254298273,17.740096872608532,18.035764638387374,517900
2017-01-06,17.711483001708984,17.825936036668672,17.654257393813776,17.749634619751973,522800
2017-01-09,17.53980827331543,17.654261333818276,17.5016584659276,17.654261333818276,328600
2017-01-10,17.7496337890625,17.787783586150788,17.501653740896458,17.520729549025198,574900
2017-01-11,17.721023559570312,17.816400799789243,17.654260037167923,17.749637277386856,566400
2017-01-12,17.79732322692871,17.95946397350677,17.740097616127443,17.902238362705504,623500
2017-01-13,17.8259334564209,17.921310668553545,17.797319747030404,17.835471359551065,754100
2017-01-16,17.8259334564209,17.902234862293213,17.711480438027923,17.711480438027923,101800
2017-01-17,17.577959060668945,17.864088969511176,17.520733442734418,17.835477070128707,594400
2017-01-18,17.692407608032227,17.74963503644017,17.53026686588168,17.549342675350996,592300
2017-01-19,17.673336029052734,17.873626598299904,17.673336029052734,17.740099552135124,347400
2017-01-20,17.682872772216797,17.778248187965467,17.59703344270744,17.69240885845611,336700
2017-01-23,17.625646591186523,17.692410114618585,17.511195356494298,17.635184497272473,213600
2017-01-24,17.7496337890625,17.778245682086418,17.635180759459253,17.663794471652363,438000
2017-01-25,17.988075256347656,17.988075256347656,17.74963312121757,17.74963312121757,559600
2017-01-26,18.007150650024414,18.17882929178443,17.940387138044244,18.007150650024414,381300
2017-01-27,17.92131233215332,18.064377254048214,17.85454700404447,17.99761374510854,220300
2017-01-30,17.7496337890625,17.949924316906692,17.625642855394883,17.92131242388277,274900
2017-01-31,17.625646591186523,17.73056173896238,17.539807255582566,17.73056173896238,511500
2017-02-01,17.730558395385742,17.78778400194042,17.60656745881984,17.69240677823647,268200
2017-02-02,17.568418502807617,17.740097149868593,17.530266883829924,17.711483435635323,284400
2017-02-03,17.625646591186523,17.71148592679048,17.530269349496617,17.616108685100574,337900
2017-02-06,17.682872772216797,17.79732399878298,17.558881821072415,17.577957631889927,426700
2017-02-07,17.692407608032227,17.77824693147483,17.66379571299757,17.66379571299757,236500
2017-02-08,17.721023559570312,17.768711270095004,17.67333584904562,17.721023559570312,577000
2017-02-09,17.759172439575195,17.816398047197513,17.692407108318346,17.74963453510993,324300
2017-02-10,17.8926944732666,17.949920064928026,17.768703568969965,17.806855176190087,594500
2017-02-13,17.949926376342773,18.026227798442775,17.902238669718795,17.921314480036145,772100
2017-02-14,18.11206817626953,18.484037403186488,18.02622884403185,18.34097245584685,2218700
2017-02-15,19.304277420043945,19.514105869907592,18.360046666903514,18.360046666903514,2102700
2017-02-16,19.48549461364746,19.762086587578946,19.30427805331134,19.313815958504758,870600
2017-02-17,19.4759578704834,19.495033682008387,19.294741299335026,19.428270160840437,526300
2017-02-21,19.59994888305664,19.704864037316472,19.342432679499296,19.36150667368043,551600
2017-02-22,19.58087158203125,19.723936519662036,19.495032255618902,19.495032255618902,398800
2017-02-23,19.294740676879883,19.609484280210413,19.266128779684944,19.561796572105877,412100
2017-02-24,19.018144607543945,19.25658673515398,18.951381102880184,19.218435121535226,905000
2017-02-27,19.04676055908203,19.113525897148257,18.922771426726516,18.979997040185257,781300
2017-02-28,19.027687072753906,19.285203249742644,18.989535449988466,18.989535449988466,1342800
2017-03-01,19.58087158203125,19.704860709532763,19.256590086511128,19.266127991575765,540700
2017-03-02,19.399658203125,19.61902459805063,19.390120296497408,19.55226107082715,393700
2017-03-03,19.380578994750977,19.54271974067666,19.361503184837517,19.428268519534626,464600
2017-03-06,19.304277420043945,19.39011674479938,19.132598770533075,19.285201610282883,337100
2017-03-07,19.161212921142578,19.351967384754673,19.161212921142578,19.294739954169412,341700
2017-03-08,19.018144607543945,19.161209520276152,18.989530897329878,19.123057906657397,435100
2017-03-09,19.027687072753906,19.084912687732572,18.960921732914382,18.989535449988466,304900
2017-03-10,19.151674270629883,19.17075008008251,18.93230791943265,19.037221233083454,366300
2017-03-13,19.285736083984375,19.352766654056445,19.17082705713112,19.17082705713112,344600
2017-03-14,19.142099380493164,19.29531263787656,19.103796979370365,19.23785812296931,400200
2017-03-15,18.98888397216797,19.218703832210508,18.91227735215379,19.13252115638882,383600
2017-03-16,18.864398956298828,18.988884029279063,18.845246844626207,18.97930797344275,560100
2017-03-17,18.749492645263672,18.9314340972448,18.711190239105,18.86440351663237,738100
2017-03-20,18.72076416015625,18.89312955112588,18.625007233125395,18.692037812625518,249700
2017-03-21,18.7111873626709,18.845248503286808,18.61542862232551,18.73033764958313,551000
2017-03-22,18.778217315673828,18.8548239401426,18.644154353018976,18.653730409383325,545300
2017-03-23,18.91227912902832,18.979309699532745,18.730337704483404,18.78779404472668,310800
2017-03-24,19.055917739868164,19.1325243727607,18.902704474083098,18.902704474083098,295200
2017-03-27,19.151676177978516,19.180404349766103,18.76864301970818,19.01761502919544,471900
2017-03-28,19.34319305419922,19.352767284710612,19.161251624898867,19.161251624898867,778400
2017-03-29,19.41022300720215,19.448525407364073,19.25700975366234,19.30488821047626,371900
2017-03-30,19.49640464782715,19.582587326639423,19.352765632176048,19.371917744455654,279700
2017-03-31,19.458099365234375,19.515553872503155,19.276157961363072,19.458099365234375,592000
2017-04-03,19.419803619384766,19.534712673272157,19.304892739050892,19.391075442689676,463200
2017-04-04,19.486831665039062,19.573014357443583,19.35276868438412,19.39107291498446,301400
2017-04-05,19.5921630859375,19.620891256599784,19.429375598189516,19.47725405618056,354200
2017-04-06,19.467676162719727,19.707072082982606,19.381493485309413,19.630465461556323,334100
2017-04-07,19.42937469482422,19.563435832122867,19.381494412613264,19.467677094146968,258800
2017-04-10,19.49640464782715,19.582587326639423,19.381493800595457,19.458100423267933,216700
2017-04-11,19.553863525390625,19.611318048615416,19.429378420662516,19.429378420662516,446100
2017-04-12,19.553863525390625,19.64962228172952,19.534711408833573,19.56343958366915,332500
2017-04-13,19.324037551879883,19.553857399223517,19.276157275488007,19.48682683872068,413000
2017-04-17,19.525131225585938,19.525131225585938,19.276159242282326,19.324039523559545,387000
2017-04-18,19.477256774902344,19.486832833126442,19.371921960883636,19.448528600230055,235700
2017-04-19,19.553863525390625,19.573015641947677,19.438952652494677,19.448528710773203,329500
2017-04-20,19.68792152404785,19.74537786448431,19.573012496067072,19.573012496067072,341000
2017-04-21,19.71664810180664,19.82198289098648,19.649617536490716,19.72622415777262,441300
2017-04-24,19.90816879272461,19.99434965748513,19.726227352794137,19.754953698898905,446100
2017-04-25,20.01350212097168,20.099684813678934,19.86986490860834,19.86986490860834,474800
2017-04-26,20.01350212097168,20.11883692904638,19.90816913934323,19.97519971668304,539500
2017-04-27,19.802831649780273,20.09010603560732,19.76452742423213,19.956044899080833,438200
2017-04-28,19.965621948242188,19.994348292385684,19.76452840700724,19.85071109232992,698600
2017-05-01,20.042226791381836,20.157135810612154,19.927315945705583,19.946468057725948,404100
2017-05-02,20.597627639770508,20.61677975400842,20.032653054875077,20.032653054875077,748100
2017-05-03,20.492294311523438,20.626357294383247,20.41568767550909,20.626357294383247,666700
2017-05-04,20.57847785949707,20.674236615101236,20.434840639314,20.540175453123215,492100
2017-05-05,20.808292388916016,20.90405111972412,20.578472530844095,20.655079150201402,468900
2017-05-08,20.808292388916016,20.865748723268403,20.750837881009502,20.827444500366813,510300
2017-05-09,20.932781219482422,21.01896390252179,20.865750649662033,20.980659676083828,511300
2017-05-10,20.67423439025879,20.961508799710106,20.521021128358598,20.89447822593454,732600
2017-05-11,20.57847785949707,20.750843254295294,20.49229516209796,20.674236615101236,496300
2017-05-12,20.463565826416016,20.674233596832327,20.444413712801968,20.559322741594105,232200
2017-05-15,20.68381118774414,20.75084176391885,20.425263114116362,20.425263114116362,432800
2017-05-16,20.57847785949707,20.72211507968014,20.540175453123215,20.645508440486083,487000
2017-05-17,20.17629051208496,20.482717037954252,20.128412052335197,20.396534349247744,598100
2017-05-18,20.19544219970703,20.252896715481608,19.879439623277673,20.08053134171175,499300
2017-05-19,20.36780548095703,20.386957593062974,20.243318578714334,20.243318578714334,343700
2017-05-23,20.40610694885254,20.540169901039192,20.27204582311174,20.521017789805978,439100
2017-05-24,20.501869201660156,20.540173430708872,20.386960167406343,20.415686512746714,386600
2017-05-25,20.769990921020508,20.77956697717402,20.530594996520556,20.549745282381625,235600
2017-05-26,20.971080780029297,21.01896105659385,20.712532765918105,20.712532765918105,486000
2017-05-29,21.066843032836914,21.229632347512133,20.88490160433023,20.923205831993155,176500
2017-05-30,21.258358001708984,21.373267018202696,21.01896208649355,21.01896208649355,501700
2017-05-31,20.894479751586914,21.06684514042177,20.67423589982961,20.81787311504323,1160900
2017-06-01,20.894479751586914,21.162603892712944,20.76041859424704,20.77957070999453,848200
2017-06-02,20.99980926513672,21.153022499580324,20.68380674079105,20.837019975234657,861800
2017-06-05,21.44029998779297,21.497756328932205,20.951932046786013,20.951932046786013,1097000
2017-06-06,21.31581687927246,21.40199957253142,21.22005812826848,21.36369534155132,608800
2017-06-07,21.210479736328125,21.325390590176315,21.08599465223481,21.08599465223481,509200
2017-06-08,21.267932891845703,21.28708500400501,21.143447815702082,21.153023871781734,246300
2017-06-09,21.239208221435547,21.44987599242825,21.1147213090497,21.248784278268772,422400
2017-06-12,21.057266235351562,21.334966396802926,21.02853806561472,21.248783714038435,460000
2017-06-13,21.153379440307617,21.25909886898707,21.02843796402911,21.076493083026747,364700
2017-06-14,21.057268142700195,21.153376534377298,20.989992818460752,21.124543466939635,393100
2017-06-15,21.057268142700195,21.076490187658635,20.77855582326321,20.941939539179753,332400
2017-06-16,21.105323791503906,21.143767885736956,20.951551080802318,20.980384151477104,536000
2017-06-19,21.259096145629883,21.297538402788067,21.076490383061934,21.08610140563026,481500
2017-06-20,21.19182014465332,21.6243070182647,21.17259993158243,21.307150588654764,556700
2017-06-21,21.422475814819336,21.537804397615165,21.15337273310444,21.249481107510817,523800
2017-06-22,21.259096145629883,21.45131109765104,21.143765707925095,21.393646795356204,802200
2017-06-23,21.345592498779297,21.48975600970194,21.239874912715266,21.259096958586976,637600
2017-06-26,21.41286849975586,21.489754845963873,21.278316019055513,21.374424410094306,331600
2017-06-27,21.432086944580078,21.508973284449475,21.259094054710136,21.26870324321824,479000
2017-06-28,21.624303817749023,21.768465476577692,21.489753180590924,21.52819543415826,673000
2017-06-29,21.31675910949707,21.63391550187786,21.191817657068725,21.605082435983242,463600
2017-06-30,21.48975372314453,21.57625108724853,21.335981038762977,21.451309635491647,916400
2017-07-04,21.355201721191406,21.585860752858785,21.355201721191406,21.384034787567966,158700
2017-07-05,21.739633560180664,21.826129086262483,21.489752503958485,21.576249863155194,540800
2017-07-06,21.547420501708984,21.758857508792175,21.441701081609786,21.595473783691236,517600
2017-07-07,21.69158172607422,21.69158172607422,21.432089609333023,21.55703107285219,208900
2017-07-10,21.87418556213379,21.92223883886617,21.681968788974256,21.720412876852166,933400
2017-07-11,21.845352172851562,21.97029362349027,21.681968468019008,21.97029362349027,612800
2017-07-12,21.768468856811523,21.95107463067772,21.720415574111843,21.91263053802579,634600
2017-07-13,21.614696502685547,21.835744539670372,21.57625424252592,21.835744539670372,231100
2017-07-14,21.508974075317383,21.653137571848852,21.480142842503092,21.624304505919557,370800
2017-07-17,21.41286849975586,21.576252214587278,21.393646454925083,21.441699733886935,260500
2017-07-18,21.22064971923828,21.39364444019343,21.162985423291538,21.384033418683153,520200
2017-07-19,21.259096145629883,21.316760447924718,21.230263077924906,21.28792738021974,291000
2017-07-20,21.17259979248047,21.287928402608994,21.153377746420645,21.21104205148491,417400
2017-07-21,20.999601364135742,21.172596082127594,20.98037932144445,21.143763018090656,282200
2017-07-24,20.903491973876953,20.9803783078126,20.84582768170392,20.9803783078126,483400
2017-07-25,20.730501174926758,20.999604311023596,20.720890152232393,20.91310693988944,278600
2017-07-26,20.499839782714844,20.740109823221633,20.480617739526714,20.740109823221633,588500
2017-07-27,20.125019073486328,20.557504045828278,20.096186008750895,20.471006684736903,1017400
2017-07-28,20.163463592529297,20.21151870582182,19.93280454807058,19.990468850906478,802100
2017-07-31,20.30762481689453,20.413344230684036,20.230738470442645,20.230738470442645,379300
2017-08-01,20.46139907836914,20.528674401505356,20.249960253523817,20.374901710589704,404400
2017-08-02,20.720890045166016,20.740112090455426,20.471008955749067,20.471008955749067,836000
2017-08-03,20.624784469604492,20.79777923461358,20.55750913501549,20.711281852109035,1111300
2017-08-04,20.64400291442871,20.672835981269653,20.528674313295067,20.615171680702833,269200
2017-08-08,20.855438232421875,20.91310252329493,20.682443526687955,20.682443526687955,474600
2017-08-09,20.951549530029297,20.980382598569946,20.8073878535564,20.8073878535564,336100
2017-08-10,20.288406372070312,21.086102973399562,20.192297972356435,21.086102973399562,420400
2017-08-11,20.18268394470215,20.30762356255114,19.971246963298093,20.298014373813896,463800
2017-08-14,20.02890968322754,20.298012774542446,20.01929866213256,20.20190439670749,485000
2017-08-15,20.125019073486328,20.134630095064807,19.913580264989665,20.038521712394953,583600
2017-08-16,19.97124481201172,20.182681770639956,19.94241174956091,20.08657339558538,326200
2017-08-17,20.134632110595703,20.163463345102294,19.942415326014576,19.942415326014576,444600
2017-08-18,19.72136688232422,20.153851888647644,19.71175585999058,20.10579861009451,295700
2017-08-21,19.663700103759766,19.817474622942335,19.567593549803806,19.71175521385276,321100
2017-08-22,19.64447784423828,19.740586221286716,19.59642273915665,19.663698053156107,353400
2017-08-23,19.442651748657227,19.69253281732293,19.413820516232516,19.60603545381884,526000
2017-08-24,19.31771469116211,19.50992965422371,19.308103668041745,19.44265432549639,753900
2017-08-25,19.404205322265625,19.557977972517843,19.346539203585102,19.346539203585102,241300
2017-08-28,19.18316078186035,19.452263909982765,19.16394057015632,19.413821653459614,440200
2017-08-29,19.20237922668457,19.211990247292288,18.8083365473418,19.02938452197511,440000
2017-08-30,19.827083587646484,20.259570408017915,19.673310903317752,19.702143969047512,1485100
2017-08-31,19.807861328125,19.903967871053478,19.711752952081717,19.894358683252474,879300
2017-09-01,19.663700103759766,19.913581176898294,19.65409091485618,19.875138921938913,289900
2017-09-05,19.692533493041992,19.759808815161403,19.500318548860108,19.557982848803167,590200
2017-09-06,19.65409278869629,19.87514081685395,19.615648696956598,19.711757093190638,625900
2017-09-07,19.298490524291992,19.654091008209125,19.25043724708577,19.644479986144873,739500
2017-09-08,19.22160530090332,19.39460004190987,19.22160530090332,19.298491648782328,297400
2017-09-11,19.250438690185547,19.461875692104233,19.183161530692402,19.183161530692402,233000
2017-09-12,19.58681297302246,19.615646037918705,19.240825359842216,19.32732272141601,428700
2017-09-13,19.46187400817871,19.634868737105368,19.46187400817871,19.557982394595186,323300
2017-09-14,19.123994827270508,19.37499145353361,19.027457380046446,19.30741579286636,657500
2017-09-15,19.355680465698242,19.365334392989315,19.04676215757732,19.09503179403269,995400
2017-09-18,19.606678009033203,19.61633193679581,19.35568141110077,19.384643194388588,469900
2017-09-19,19.519792556762695,19.635637837080104,19.47152476405443,19.587370044371838,564000
2017-09-20,19.712873458862305,19.732181318389312,19.481184668434693,19.5004925279617,371000
2017-09-21,19.905948638916016,19.973524306869407,19.703219793756986,19.7418355133297,339500
2017-09-22,19.838367462158203,19.963866686269707,19.78044573480594,19.85767531837513,273100
2017-09-25,20.137636184692383,20.137636184692383,19.8576777590335,19.886639546918513,672600
2017-09-26,20.205209732055664,20.22451758862326,19.857675679033093,20.12798014708382,834300
2017-09-27,20.765125274658203,20.774779203216873,20.234170251723008,20.234170251723008,823800
2017-09-28,20.80373764038086,20.909929005534142,20.66858633294829,20.745815914523824,529000
2017-09-29,21.07404136657715,21.21884659685317,20.8713144124504,20.8713144124504,770400
2017-10-02,21.199541091918945,21.315386393761056,21.141619361647194,21.141619361647194,880200
2017-10-03,21.22850227355957,21.296077930503237,21.11265881631287,21.23815620187989,1141400
2017-10-04,20.977502822875977,21.247807255377076,20.929235029103566,21.209191547320504,743400
2017-10-05,20.890623092651367,21.06439012768133,20.823047432650522,21.025776253951694,240100
2017-10-06,20.82304573059082,20.96785096751331,20.76512400408152,20.861661442462676,231500
2017-10-10,20.93889045715332,20.977504326679682,20.7458155856262,20.7940852241572,381000
2017-10-11,20.755470275878906,21.006466881566286,20.745816347818025,20.94854515449951,329700
2017-10-12,20.736162185668945,20.842353551841345,20.726508257717047,20.745816113620844,246200
2017-10-13,21.42157745361328,21.48915311149147,20.794086834503357,20.803738921658603,673500
2017-10-16,21.218847274780273,21.479497802383754,21.1030038233777,21.411922148849175,304300
2017-10-17,21.09334945678711,21.2381546886775,21.05473374625718,21.218846833412535,493700
2017-10-18,21.17057991027832,21.267117349288913,21.07404247126773,21.093350327329546,407700
2017-10-19,20.977502822875977,21.199537620306362,20.948542883131854,21.141615899519806,360200
2017-10-20,21.20919418334961,21.26711775263362,21.00646721475117,21.00646721475117,341600
2017-10-23,21.09334945678711,21.325038196071418,21.0450798186247,21.218846833412535,275700
2017-10-24,21.199541091918945,21.199541091918945,20.958198400938272,21.131965433052134,718400
2017-10-25,21.2381534576416,21.2381534576416,21.03542651300549,21.18988566357538,213900
2017-10-26,21.489152908325195,21.51811469341285,21.209194509706865,21.22850236643197,650400
2017-10-27,21.80772590637207,21.884955494549494,21.363654393377914,21.556729284470787,755900
2017-10-30,21.720842361450195,21.855993680261438,21.69188057543409,21.759458076138333,386600
2017-10-31,22.068378448486328,22.09733839585467,21.73049827923161,21.73049827923161,364500
2017-11-01,22.45452308654785,22.580020469520395,21.981491656422843,22.05872124009022,1299300
2017-11-02,22.386945724487305,22.493135243123756,22.174563004617653,22.406251737958602,884200
2017-11-03,22.300064086914062,22.4931371268852,22.232488430859238,22.35798581477555,237600
2017-11-06,22.251794815063477,22.47383148459633,22.251794815063477,22.271102671770432,413400
2017-11-07,22.13595199584961,22.309719028626752,22.10699020995388,22.251795456835296,615500
2017-11-08,22.203527450561523,22.386948410281946,22.106990006429797,22.15525964914496,624100
2017-11-09,22.08768081665039,22.329023491768634,21.991145219641883,22.14560438441368,379600
2017-11-10,21.363651275634766,22.08767924962277,20.93888952329662,21.98148973218741,1176600
2017-11-13,21.595346450805664,21.69188206154241,21.21885057199711,21.28642623603233,484400
2017-11-14,21.431230545043945,21.66291929499109,21.267117450335736,21.566381855521822,417400
2017-11-15,21.29607582092285,21.460188903514165,21.218846243309198,21.421575035356522,321000
2017-11-16,21.875301361083984,22.07803017896356,21.344348177496926,21.344348177496926,1041300
2017-11-17,21.875301361083984,21.96218487713257,21.730496114769206,21.86564743248985,222200
2017-11-20,21.991146087646484,22.068375673080684,21.836686916778085,21.86564686050431,267100
2017-11-21,21.98149299621582,22.087682529419247,21.904263407841224,22.020106869753803,781900
2017-11-22,21.86564826965332,22.02010745047596,21.788418679241996,22.00080143384714,279600
2017-11-23,21.875301361083984,21.94287701994431,21.74980397195747,21.817379630817793,143200
2017-11-24,22.029760360717773,22.039414289235097,21.749803798909763,21.749803798909763,95400
2017-11-27,22.039411544799805,22.10698719470769,21.836684595076157,21.99114374952228,300200
2017-11-28,21.962182998657227,22.126296088123308,21.86564556227157,22.02010472396924,447200
2017-11-29,21.76910972595215,22.058722056396107,21.73049585333877,21.971838541392778,335500
2017-11-30,21.991146087646484,22.049067816397496,21.7304955463191,21.78841727507011,720500
2017-12-01,21.904260635375977,22.164909312337777,21.60499440716683,21.962182359000998,481500
2017-12-04,21.855993270874023,22.04906815810096,21.846339342382816,21.952530714487494,701200
2017-12-05,21.286422729492188,21.923567230150564,21.286422729492188,21.875299432733406,1007800
2017-12-06,21.460189819335938,21.662918620034795,21.170579351250087,21.238155004383557,765500
2017-12-07,21.633956909179688,21.662918692604674,21.49880560246,21.518113458076655,302600
2017-12-08,21.65326690673828,21.711188638019415,21.460192014069648,21.662920835501577,626200
2017-12-11,21.624303817749023,21.643611674112464,21.402268993465043,21.624303817749023,322200
2017-12-12,21.65326690673828,21.807726084353735,21.576037317930556,21.68222685172953,415400
2017-12-13,21.82703399658203,21.97183924579709,21.66292088979199,21.682226906068326,322700
2017-12-14,21.60411262512207,21.9045730603337,21.584727603841998,21.80764980259071,521000
2017-12-15,21.84641456604004,22.040259186026756,21.623490572502764,21.623490572502764,1525000
2017-12-18,21.904569625854492,21.95303032279901,21.79795387418805,21.923954644095133,407000
2017-12-19,22.04995346069336,22.127491684630833,21.856106976521136,21.904569521892732,874700
2017-12-20,22.505491256713867,22.55395380415586,22.011184364748498,22.011184364748498,467900
2017-12-21,22.466718673706055,22.62179509787854,22.32133475712645,22.495794347827896,444400
2017-12-22,22.767183303833008,22.873799058784474,22.466722906473684,22.466722906473684,545700
2017-12-27,22.544261932373047,22.679953371734587,22.476416212692275,22.631492671578954,275500
2017-12-28,22.602413177490234,22.679951400193268,22.4764142588442,22.592720668570223,239900
2017-12-29,22.631494522094727,22.650879543204923,22.5151862440909,22.650879543204923,202100
2018-01-02,22.72841453552246,22.84472094827138,22.59272125577259,22.72841453552246,427100
2018-01-03,22.641183853149414,22.815645321326855,22.48610740335993,22.75749026616297,402400
2018-01-04,22.757488250732422,22.835026468760287,22.66056501603336,22.66056501603336,417700
2018-01-05,22.80595588684082,22.81564839734155,22.612109374140957,22.728417651492347,261100
2018-01-08,22.767183303833008,22.86410654936551,22.71872260539533,22.776875813251973,192900
2018-01-09,22.776878356933594,22.94164733814281,22.718725142582503,22.747800825429373,231900
2018-01-10,22.776878356933594,22.79626337793641,22.524878629869065,22.747800825429373,314600
2018-01-11,22.602413177490234,22.844720354519346,22.592720668570223,22.805952167496354,260600
2018-01-12,22.67026138305664,22.77687714423829,22.612108171801765,22.67026138305664,207800
2018-01-15,22.67995262145996,22.82533656577463,22.67026011201803,22.67026011201803,55300
2018-01-16,22.544261932373047,22.71872341078486,22.3794929637238,22.612107652053815,290100
2018-01-17,22.437644958496094,22.75749036871029,22.331031054196103,22.583028899746708,251600
2018-01-18,22.408571243286133,22.6024158990561,22.350416182763595,22.369801202937776,200200
2018-01-19,22.524877548217773,22.63149330995618,22.331032893470166,22.38918610502872,220700
2018-01-22,22.37948989868164,22.505488811024097,22.156567750645085,22.418258083765103,889800
2018-01-23,22.14687728881836,22.4085694947785,22.127492270156765,22.37949196678611,348400
2018-01-24,22.001493453979492,22.25349130318651,21.865800171340553,22.09841485044813,260200
2018-01-25,22.224414825439453,22.30195304902358,21.943337609536314,21.962722627596616,295200
2018-01-26,22.272872924804688,22.340718631447515,22.117796495719116,22.272872924804688,978500
2018-01-29,22.079030990600586,22.214722420343392,22.069338481525087,22.175952384041402,272200
2018-01-30,21.991802215576172,22.127493657400006,21.923956494664257,22.001494725514625,268200
2018-01-31,22.001493453979492,22.146877397339583,21.9239552276103,22.079031680348685,453800
2018-02-01,21.972415924072266,22.0499541504352,21.80764696196888,21.943338395939737,296900
2018-02-02,21.652570724487305,21.99180116144381,21.575032497353575,21.91426293431008,361800
2018-02-05,21.07103157043457,21.50718522188096,21.003185857688916,21.40056947404806,517900
2018-02-06,21.235801696777344,21.33272494119918,20.47011194802477,20.489495117983438,433700
2018-02-07,21.5847225189209,21.759183972027238,21.255184629421574,21.255184629421574,463900
2018-02-08,21.177648544311523,21.65257040968293,21.177648544311523,21.565339674343576,375200
2018-02-09,21.26487922668457,21.739801090873048,21.10980277505801,21.313339924571448,619100
2018-02-12,22.48611068725586,22.660570332254473,22.030571931896922,22.049956953115892,1116700
2018-02-13,22.612106323242188,22.66056702055,22.38918415777487,22.53456809835542,408400
2018-02-14,22.389183044433594,22.5927201813937,22.25348977113651,22.534566977784674,490600
2018-02-15,22.612106323242188,22.73810524543677,22.34072161180995,22.524875589162438,329300
2018-02-16,22.78656768798828,23.22271950775052,22.58302869317356,22.63149123891854,821100
2018-02-20,22.544261932373047,22.970723118640016,22.52487691284791,22.747799091415356,402300
2018-02-21,22.553953170776367,22.74779780912915,22.524875643127753,22.524875643127753,578800
2018-02-22,22.73810577392578,22.980412963410874,22.573338659786778,22.573338659786778,528500
2018-02-23,22.80595588684082,22.873801611688567,22.70903263049089,22.757493334337177,334000
2018-02-26,22.844722747802734,22.990106699519657,22.718723815956665,22.815647066653696,323700
2018-02-27,22.999797821044922,23.145181763985573,22.776875651958782,22.864106387454598,269900
2018-02-28,22.93195152282715,23.174258704470425,22.873798316856746,22.970721559245476,880900
2018-03-01,22.48611068725586,22.961032615176393,22.437648134208434,22.8738018683484,577400
2018-03-02,22.583030700683594,22.64118576074724,22.13718633213919,22.40857106646443,382700
2018-03-05,22.67026138305664,22.728416442968772,22.447339199365242,22.544262450561536,227800
2018-03-06,22.563642501831055,22.670256390878187,22.495794946874163,22.670256390878187,308600
2018-03-07,22.67026138305664,22.786569654223644,22.427954179394533,22.447339199365242,268300
2018-03-08,22.854415893554688,22.931954126538002,22.689646917382987,22.689646917382987,193900
2018-03-09,23.0385684967041,23.26149067196605,22.835029492022663,22.961030268410504,374100
2018-03-12,23.0385684967041,23.329336390640805,22.941645249172808,23.106414215378855,223000
2018-03-13,23.106414794921875,23.290568784984472,23.057954094269355,23.096722285059926,242400
2018-03-14,23.106414794921875,23.223163812482532,23.06749783718076,23.18424685474142,305800
2018-03-15,23.077224731445312,23.252347312158523,23.048038871768107,23.077224731445312,303000
2018-03-16,23.04804039001465,23.320451661813124,23.0091234336648,23.096684729789345,579000
2018-03-19,23.067495346069336,23.213432066175788,22.921560481625363,23.018851009808838,1038600
2018-03-20,23.14533042907715,23.33990963966749,23.04803989595069,23.11614271244044,705100
2018-03-21,22.863187789916992,23.096683953177063,22.73671139735791,23.08695471441674,487800
2018-03-22,22.308635711669922,22.824272411957924,22.308635711669922,22.74644035215996,444200
2018-03-23,22.18215560913086,22.464297962213116,22.133511271677897,22.318363094191703,322400
2018-03-26,22.405925750732422,22.474028569579268,22.259989018160447,22.328093692669935,828900
2018-03-27,22.62969207763672,22.882646723458485,22.36700819286074,22.454569487786067,502800
2018-03-28,22.902109146118164,22.979941215495383,22.658883697356483,22.658883697356483,847100
2018-03-29,23.330183029174805,23.339912269149806,23.04804249255086,23.04804249255086,375100
2018-04-02,23.26207733154297,23.51503197265823,23.135600938816612,23.25234809276978,744400
2018-04-03,23.923654556274414,24.011215863601127,23.349642366316115,23.349642366316115,1290800
2018-04-04,23.806901931762695,23.826360409487712,23.45665861102524,23.748528354250215,736400
2018-04-05,23.660966873168945,23.943109230964346,23.612322534903385,23.87500641512754,498700
2018-04-06,23.29126739501953,23.72907204995711,23.252350436004953,23.58313716497792,647800
2018-04-09,23.203706741333008,23.524764239524362,23.203706741333008,23.40801521488078,369000
2018-04-10,23.271806716918945,23.524761359627718,23.232889761581028,23.40801234927653,434900
2018-04-11,23.60259437561035,23.719341535052283,23.262078425189866,23.300995382112273,703500
2018-04-12,23.89446258544922,23.904191824050965,23.631780565852107,23.631780565852107,560800
2018-04-13,23.690155029296875,23.894463480599963,23.680425790330645,23.836089902465165,345700
2018-04-16,23.836088180541992,23.87500513359555,23.719339177043775,23.826358942278603,165500
2018-04-17,24.11823272705078,24.186335545455098,23.875007315228142,23.875007315228142,673400
2018-04-18,24.225252151489258,24.44901909890944,24.137690849340014,24.18633704812445,263300
2018-04-19,23.95284080505371,24.127961553280812,23.826362544172053,24.127961553280812,263000
2018-04-20,24.0695858001709,24.0695858001709,23.923650928642637,23.972295267264535,223800
2018-04-23,24.176607131958008,24.176607131958008,23.98202605358971,24.05985811380449,816700
2018-04-24,23.962566375732422,24.351728512998577,23.894463558409623,24.215521022690382,495700
2018-04-25,23.738800048828125,24.030671659192443,23.64150951204002,23.99175470221214,556000
2018-04-26,23.767988204956055,23.82636178584054,23.6512391875244,23.758258965531528,480400
2018-04-27,23.719341278076172,23.806902574540302,23.60259411989908,23.787445951952535,85200
2018-04-30,23.612321853637695,23.84581801076812,23.57340489961804,23.748527481381483,525400
2018-05-01,23.544219970703125,23.680425603832475,23.46638791524884,23.651237887163653,319000
2018-05-02,23.349639892578125,23.622053026030095,23.3399106532767,23.55394835092011,348100
2018-05-03,23.271806716918945,23.359368010766698,23.02858131304465,23.349638771932216,697800
2018-05-04,23.495573043823242,23.52476075958219,23.04803920282781,23.26207688473921,448200
2018-05-07,23.612321853637695,23.641507713489936,21.890285607180495,23.53448980126089,621300
2018-05-08,23.660966873168945,23.78744512171949,23.56367634097527,23.56367634097527,430100
2018-05-09,23.660966873168945,23.68042535074019,23.51503200270971,23.641508395597697,341400
2018-05-10,23.767988204956055,23.855549504114123,23.631782564338025,23.670697666373457,309200
2018-05-11,23.719341278076172,23.884734631879237,23.641509220737237,23.75825823457695,520400
2018-05-14,23.95284080505371,24.069587970538446,23.680427659484767,23.767988961429687,255600
2018-05-15,23.89446258544922,24.10850212336263,23.875005963908244,23.904191824050965,188600
2018-05-16,23.865276336669922,24.166875305762602,23.8458178597833,23.8458178597833,349300
2018-05-17,23.767988204956055,23.95284004269672,23.729071247257945,23.884735366725028,461600
2018-05-18,24.21552276611328,24.22525200581166,23.699886051738215,23.76798887396415,445800
2018-05-22,24.41010093688965,24.60468199632035,24.001482196615186,24.001482196615186,677700
2018-05-23,24.487930297851562,24.556033104467794,24.27389264053451,24.38091054136188,398400
2018-05-24,24.565767288208008,24.575496527635334,24.225251330902292,24.38091545041416,384000
2018-05-25,25.849998474121094,26.365637055168513,24.73116186419677,24.760349583915115,994400
2018-05-28,26.054306030273438,26.171053185406663,25.63595803711048,25.84026648642491,333000
2018-05-29,25.762435913085938,26.034849050171506,25.762435913085938,25.87918493059766,729300
2018-05-30,26.70615005493164,26.72560667691419,25.665143768868955,25.80135125672217,753500
2018-05-31,26.5699405670166,26.939644191793885,26.385090610290383,26.501837756047742,895700
2018-06-01,26.618589401245117,26.81316861538727,26.41427909238386,26.60886016218862,703200
2018-06-04,26.608863830566406,26.735340244412093,26.472656320660057,26.589405349770804,361500
2018-06-05,26.67696189880371,26.74506471377664,26.375362922925362,26.414278021911667,512100
2018-06-06,26.900728225708008,26.929915941048684,26.472651012357236,26.61858773339812,464600
2018-06-07,26.891000747680664,26.99802052194003,26.774253590000097,26.910459225848296,345900
2018-06-08,26.861812591552734,26.949373880164973,26.715875873424036,26.822895638541763,290700
2018-06-11,26.92991828918457,27.095311645878105,26.618590054387955,26.618590054387955,338100
2018-06-12,27.241249084472656,27.241249084472656,26.803442553349928,26.998023646218435,530600
2018-06-13,27.046667098999023,27.387183072449652,26.94937841143836,27.241248185445887,823700
2018-06-14,26.831932067871094,26.99786260758119,26.67576236716626,26.929538596234035,449800
2018-06-15,27.036907196044922,27.095470371056344,26.59767872923486,26.81241161206991,917900
2018-06-18,26.783130645751953,27.02714604411637,26.66600243539354,26.675763274730887,615600
2018-06-19,26.6464786529541,26.73432433836497,26.36342178127765,26.57815464467667,496700
2018-06-20,26.685523986816406,26.744087160871477,26.44150858961559,26.656241468944003,816600
2018-06-21,26.28533935546875,26.675763625649893,26.24629599760575,26.666002786184144,398000
2018-06-22,26.373184204101562,26.50007138971192,26.304860191719854,26.343901686642383,313800
2018-06-25,25.972999572753906,26.37318467675279,25.885153880491735,26.35366299809681,694900
2018-06-26,26.275577545166016,26.568395271560327,25.94371646235129,26.02180131350242,974700
2018-06-27,26.353660583496094,26.54887362879041,26.236532383981586,26.27557573771628,832800
2018-06-28,26.304861068725586,26.6952853394162,26.20725453563049,26.295100229247097,684600
2018-06-29,26.656238555908203,26.812408244115076,26.324377503046215,26.40246234714965,1645600
2018-07-03,26.86121368408203,26.890494338426194,26.597676624846844,26.87097452275996,665100
2018-07-04,26.831932067871094,26.86121458488688,26.558634160792796,26.82217122886583,164100
2018-07-05,26.85145378112793,27.03690599909198,26.666001563163878,26.841692942109855,802100
2018-07-06,26.949058532714844,27.046663193080594,26.724562973480758,26.880734525782994,674400
2018-07-09,26.96858024597168,27.300441327304217,26.910017073292316,27.027145280340733,338900
2018-07-10,26.997861862182617,27.280920600451054,26.861213843261098,27.095468387850687,337300
2018-07-11,26.55863380432129,26.910016557035725,26.55863380432129,26.89049487928722,798100
2018-07-12,26.949058532714844,27.10522822332752,26.626958313115004,26.636719151489494,377200
2018-07-13,26.74408531188965,27.02714404668409,26.7245636346577,26.919776683597977,273800
2018-07-16,27.066186904907227,27.134510916976286,26.900256363443923,26.900256363443923,324300
2018-07-17,27.00762367248535,27.07594768440399,26.82217145321356,26.997862833398447,290300
2018-07-18,26.92953872680664,27.134510761841945,26.880736393233384,27.027145255642843,299000
2018-07-19,26.91977882385254,27.05642685196116,26.89049630567651,26.929539663244547,265700
2018-07-20,26.831932067871094,27.03690596360224,26.744086378513416,26.86121458488688,374600
2018-07-23,26.490310668945312,26.851454272463656,26.421986656258262,26.792891098973282,312900
2018-07-24,26.451269149780273,26.666002026842726,26.37318429796759,26.421986632216875,278300
2018-07-25,26.197492599487305,26.46102966930509,26.15844924320777,26.46102966930509,439700
2018-07-26,26.36342430114746,26.461030834454483,26.119408898724796,26.16821123453342,234500
2018-07-27,26.304861068725586,26.51959395218298,26.246296031854666,26.353663404428247,210600
2018-07-30,25.777786254882812,26.32438022002158,25.738744759646334,26.32438022002158,362700
2018-07-31,26.451269149780273,26.470790828155874,25.826588473589087,25.826588473589087,560000
2018-08-01,26.353660583496094,27.05642419551441,26.236532383981586,26.763606489262504,565900
2018-08-02,26.74408531188965,26.79288950496952,26.285337067076483,26.3146177212348,220100
2018-08-03,26.695287704467773,26.84169658623653,26.568398641695563,26.76361172518053,283500
2018-08-07,26.070602416992188,26.831931076053706,25.95347607663787,26.61719821094438,437800
2018-08-08,26.656238555908203,26.695281908804688,26.15844697661522,26.314616664822093,361100
2018-08-09,26.539112091064453,26.705042616685564,26.461027247342134,26.665999263979643,283000
2018-08-10,26.08036231994629,26.509829896446455,25.836346947658164,26.509829896446455,811700
2018-08-13,26.177968978881836,26.451266867490176,26.012038450385624,26.11940581049775,280500
2018-08-14,25.377601623535156,25.826589066340464,24.49914655505843,25.8168300886184,1064700
2018-08-15,24.95789337158203,25.23119127399393,24.7822019958665,25.23119127399393,584700
2018-08-16,25.47520637512207,25.8168282838958,25.02621710201355,25.045738779472536,1147000
2018-08-17,25.631376266479492,25.728982792827615,25.299515193909663,25.43616321378325,544600
2018-08-20,25.894914627075195,26.265817211761693,25.55329269857805,25.699701564594044,1110200
2018-08-21,25.426401138305664,26.00227756789185,25.406881323337146,25.96323607626526,574900
2018-08-22,25.426401138305664,25.758262194734638,25.377598808350044,25.47520532995084,570400
2018-08-23,25.348318099975586,25.543531157090307,25.289754927517045,25.465446306582354,472700
2018-08-24,25.397123336791992,25.57281472306349,25.26047344653096,25.436164832802458,253600
2018-08-27,25.397123336791992,25.699701912209704,25.397123336791992,25.45568651165257,230600
2018-08-28,25.26047134399414,25.49472774731782,25.211669012620646,25.47520607009258,621900
2018-08-29,25.27999496459961,25.563053721056708,25.182388432659582,25.250714308200426,598300
2018-08-30,25.51424789428711,25.602093581252216,25.29951502708887,25.309275865828283,312200
2018-08-31,25.426401138305664,25.563051013222598,25.367837970021007,25.52400765990646,632800
2018-09-04,25.397123336791992,25.46544735107763,24.909092535677726,25.436164832802458,572300
2018-09-05,25.524011611938477,25.807070382239473,25.38736357755308,25.406885257233807,469600
2018-09-06,26.099885940551758,26.20725330809631,25.455685458663822,25.524009470123197,634200
2018-09-07,25.865633010864258,26.158450753103782,25.602095925834806,26.060846080150476,556400
2018-09-10,25.90467643737793,26.31462053291314,25.865633078742306,25.953478773982653,679200
2018-09-11,26.44150733947754,26.490309671934465,25.865630880375516,25.904674235692777,591300
2018-09-12,26.256053924560547,26.44150613045856,25.88515137445409,26.40246277692653,824300
2018-09-13,25.864173889160156,26.412807365457795,25.815189458086465,26.246259552352743,308600
2018-09-14,25.844581604003906,26.089507517823126,25.834786211851196,25.942552343258882,270400
2018-09-17,25.717220306396484,26.00133525625071,25.648641351227916,25.854378216733625,298500
2018-09-18,25.893566131591797,26.011129515723503,25.52127772169002,25.629045714341004,228900
2018-09-19,25.75640869140625,25.991537332543437,25.736814170819066,25.873972077656678,300400
2018-09-20,25.766204833984375,25.991538090031337,25.727017660304288,25.83478565803821,315600
2018-09-21,25.883771896362305,25.962148117821588,25.727019453443734,25.85438011257638,564300
2018-09-24,25.472293853759766,25.815190490903028,25.178383518286303,25.815190490903028,485300
2018-09-25,25.49188804626465,25.71721942513598,25.452699005433296,25.521277958251847,415100
2018-09-26,25.73681640625,25.903366108434444,25.501687744690166,25.550672181776445,703100
2018-09-27,25.83478546142578,26.001335152730523,25.79559641940755,25.83478546142578,333200
2018-09-28,25.68782615661621,25.893564871791337,25.619247207769906,25.785796884383593,582600
2018-10-01,25.276351928710938,26.08950583540802,25.22736749656049,25.815190025547412,571600
2018-10-02,24.88447380065918,25.25676225600378,24.81589484010531,25.23716773337795,720400
2018-10-03,25.43310546875,25.52127894539471,24.923660998691712,24.923660998691712,613000
2018-10-04,25.060819625854492,25.462497978210564,24.884472667525202,25.452700717343777,355300
2018-10-05,25.129396438598633,25.30574338187746,24.992238535442336,25.05102022698985,361600
2018-10-09,24.659137725830078,25.002034332289917,24.610153297179888,24.913860865810637,641500
2018-10-10,24.228071212768555,24.639546827252037,24.051724253899,24.600359652301275,1334800
2018-10-11,23.6794376373291,24.286854731304143,23.6794376373291,23.973347989120494,1382000
2018-10-12,24.11050796508789,24.14969514027564,23.816595742315716,23.983145441295676,1223100
2018-10-15,24.11050796508789,24.228071359287593,23.973348180339624,24.071318921263682,441700
2018-10-16,24.286853790283203,24.286853790283203,23.99294158124332,24.130099490946776,387800
2018-10-17,23.963546752929688,24.326037870732765,23.92435958455527,24.27705344310571,678700
2018-10-18,24.02233123779297,24.041925757056294,23.82638978243212,23.94395502937587,574800
2018-10-19,23.532482147216797,24.110507450840057,23.444308669129423,23.983144929764332,802200
2018-10-22,24.081111907958984,24.130096335408325,23.542275731471715,23.542275731471715,618400
2018-10-23,23.65004539489746,23.904768566861414,23.365932309507624,23.904768566861414,793900
2018-10-24,22.748716354370117,23.777406230006367,22.709529183034142,23.63045106738298,962600
2018-10-25,22.729124069213867,22.993642618743163,21.651449744885948,22.621356076190185,784600
2018-10-26,22.84668731689453,22.925063528995995,22.484198036663862,22.55277698867311,430200
2018-10-29,22.53318214416504,23.150394572000906,22.43521141328924,22.934860458983167,517200
2018-10-30,22.53318214416504,22.56257392401866,22.249067211488853,22.493993104360214,760200
2018-10-31,22.748716354370117,22.925063296972688,22.542979500424632,22.621355711732857,612700
2018-11-01,22.90546989440918,22.94465893629323,22.69973303042701,22.846688200219468,313600
2018-11-02,23.18958282470703,23.18958282470703,22.954454199767593,22.954454199767593,484000
2018-11-05,23.385526657104492,23.385526657104492,22.99364370706501,23.081817183960258,780600
2018-11-06,23.238567352294922,23.58146396585148,23.0818149350067,23.48349323788729,456700
2018-11-07,23.405120849609375,23.503091593565113,23.160194924038287,23.34633915069054,366400
2018-11-08,23.74801254272461,23.94395398957643,23.405115945051993,23.708825374535923,366600
2018-11-09,23.88517189025879,24.130097779434944,23.630450609915478,23.777405769693924,668900
2018-11-12,23.708826065063477,24.012533634756867,23.68923154608037,23.992939115773762,1702800
2018-11-13,23.94395637512207,24.1398959728593,23.101410685806677,23.101410685806677,1175500
2018-11-14,25.981739044189453,26.03072347508283,24.52198095365891,24.52198095365891,1132800
2018-11-15,25.922956466674805,26.197274148522723,25.638843393186185,25.94255098722887,699600
2018-11-16,25.638845443725586,25.903365886452242,25.5506719628167,25.766206100240375,503500
2018-11-19,25.7760009765625,25.79559549687085,25.47229338632829,25.56046685907956,664000
2018-11-20,25.75640869140625,25.93275377078189,25.344933102257087,25.570264483100683,741200
2018-11-21,25.746610641479492,25.981739275405424,25.511482007553557,25.805392332801905,749300
2018-11-22,25.83478546142578,26.207072017417122,25.74661198552113,25.74661198552113,174000
2018-11-23,26.099302291870117,26.265851972143786,25.776000191178436,25.815189230601064,321100
2018-11-26,26.00133514404297,26.295245484536018,25.922957060032694,26.295245484536018,431900
2018-11-27,26.011131286621094,26.09930476504108,25.746612719997568,25.913162416053492,431200
2018-11-28,25.893566131591797,26.079710336542682,25.63884297445803,25.9719423438917,505100
2018-11-29,26.05031967163086,26.31484010020806,25.84458093763647,25.854378198173,373800
2018-11-30,26.432403564453125,26.540171562024696,25.99153805087526,26.050319745625032,989100
2018-12-03,26.25605583190918,26.76550215430985,26.03072445152915,26.442200039831796,696700
2018-12-04,26.0405216217041,26.207071308503593,25.82498750234324,26.167882267545444,672900
2018-12-05,26.030725479125977,26.20707243373668,25.97194378380121,26.060117261106562,214100
2018-12-06,25.67803382873535,25.834788144451345,25.46249968116028,25.834788144451345,464100
2018-12-07,25.158788681030273,25.736813953005935,25.13919416060892,25.72701669279526,544900
2018-12-10,25.266557693481445,25.344933909690734,24.904066525615736,25.060818958034314,861500
2018-12-11,25.550670623779297,25.68782853416663,25.45269988694418,25.45269988694418,1003500
2018-12-12,25.75640869140625,26.099303458500277,25.668235217400262,25.668235217400262,307300
2018-12-13,25.520381927490234,26.051440907221288,25.451539246547476,25.825249154294564,492000
2018-12-14,25.707233428955078,25.726902765160965,25.363029424207774,25.402366220848407,594000
2018-12-17,24.438594818115234,25.726906515043257,24.409090809505983,25.726906515043257,693300
2018-12-18,25.15650749206543,25.402368590258316,24.517269011918184,24.517269011918184,861700
2018-12-19,25.01882553100586,25.707235470953968,25.01882553100586,25.205678612490626,870600
2018-12-20,25.30402374267578,25.441707233007914,24.930315699251572,25.038493306790222,589600
2018-12-21,24.635278701782227,25.37286191891069,24.605776573590607,25.30402111876875,947500
2018-12-24,24.20256805419922,24.645116922815156,24.143560037766647,24.625449459775687,280300
2018-12-27,24.56644058227539,24.654950728050526,24.173063198703307,24.654950728050526,461500
2018-12-28,24.438594818115234,24.89097836216194,24.438594818115234,24.546772431472995,418000
2018-12-31,24.674617767333984,24.802464701669663,24.55660362537161,24.576272961660532,384200
2019-01-02,24.812299728393555,24.88114053062849,24.448426380645703,24.536936519453814,448800
2019-01-03,24.35991859436035,24.733626646485085,24.23206977005908,24.684455176074664,497100
2019-01-04,24.69428825378418,24.7237903838205,24.320578349973385,24.546770100517623,402300
2019-01-07,25.136837005615234,25.186010348470052,24.576274027468923,24.674618837407326,442500
2019-01-08,25.540048599243164,25.776075013576303,25.235181381867594,25.254850718671488,702300
2019-01-09,25.75640869140625,25.8350841663294,25.42203745404005,25.58922307272315,508000
2019-01-10,25.88425636291504,25.933429708482397,25.45154030077897,25.79574621666513,551100
2019-01-11,25.63839340209961,25.90392382158275,25.569552599071656,25.854752355354552,729200
2019-01-14,25.736740112304688,25.79574625129339,25.54005048131389,25.61872595855594,474300
2019-01-15,25.766244888305664,25.8350856984746,25.6088939291277,25.815416359634508,495600
2019-01-16,25.933427810668945,25.972764608472822,25.736738194335974,25.76624219951728,384900
2019-01-17,26.130117416381836,26.1399520854776,25.70723602412078,25.776076832019772,332500
2019-01-18,26.474321365356445,26.533327499777197,25.962929864986766,26.080944009599456,656300
2019-01-21,26.434982299804688,26.533327106228057,26.27763135983576,26.405480170917492,222900
2019-01-22,26.59233856201172,26.61200602522844,26.297304104504036,26.41531826266139,494100
2019-01-23,26.985713958740234,27.00538142049629,26.503826443948423,26.582501918286447,853000
2019-01-24,27.202068328857422,27.43809472831083,26.946372593840128,26.99554593274985,735100
2019-01-25,27.251243591308594,27.40859642198642,27.093892636402106,27.32992094453318,351000
2019-01-28,27.211904525756836,27.329918670000644,27.054553583945882,27.093890381513027,384000
2019-01-29,27.467601776123047,27.57578125794379,27.182402006148823,27.192236675020826,588400
2019-01-30,27.70362663269043,27.70362663269043,27.36925541306522,27.49710234961783,568200
2019-01-31,27.457767486572266,27.762634722730862,27.42826347954867,27.70362858445498,1024700
2019-02-01,27.506938934326172,27.56594694832722,27.408595995867056,27.52660827232652,379000
2019-02-04,27.11355972290039,27.546275750841403,27.00538024697234,27.487269616594826,712800
2019-02-05,27.388927459716797,27.44793359967402,26.897205249940093,27.10372767767605,455700
2019-02-06,27.320083618164062,27.40859375616167,27.08405720876082,27.251240940788353,475400
2019-02-07,27.615116119384766,27.693791589067352,27.211904102790104,27.290579572472694,519600
2019-02-08,27.16273307800293,27.536441096110824,26.671010915572378,26.916871996787656,463000
2019-02-11,26.78902244567871,27.29057926262489,26.700512308819317,27.270909926484777,545300
2019-02-12,27.310251235961914,27.33975336724981,26.838198377642424,26.838198377642424,430600
2019-02-13,27.005382537841797,27.369257794067515,26.90703959767879,27.31025165481544,328200
2019-02-14,27.57577896118164,27.605281089569154,26.867697867543168,26.92670400008933,263200
2019-02-15,27.3692569732666,27.674124205325963,27.3692569732666,27.644622074470362,471000
2019-02-19,27.202068328857422,27.52660486257724,27.202068328857422,27.43809472831083,313000
2019-02-20,27.605281829833984,27.693791968912286,27.16273301021366,27.280745278470604,433100
2019-02-21,27.42826271057129,27.683958470293195,27.42826271057129,27.615117664939465,494400
2019-02-22,27.62495231628418,27.654456322462035,27.290581082686856,27.506938167344018,264100
2019-02-25,27.526607513427734,28.008495026522926,27.526607513427734,27.73313180519497,640500
2019-02-26,27.438095092773438,27.713460167012318,27.438095092773438,27.546274564040694,345200
2019-02-27,27.320083618164062,27.398759087965143,27.015214531385112,27.19223480738033,533900
2019-02-28,27.29058074951172,27.6642887776792,27.241409282253528,27.36925622258757,504600
2019-03-01,27.526607513427734,27.65445633113394,27.35942189657665,27.5167728446987,381200
2019-03-04,27.53644371032715,27.772470145608818,27.33975407637341,27.56594771815162,308600
2019-03-05,27.556110382080078,27.585612511278057,27.35942076716136,27.526606377110916,308300
2019-03-06,27.585613250732422,27.723296735174713,27.447931642061363,27.516772446396892,392000
2019-03-07,27.54627799987793,27.615118808081363,27.369257706914052,27.536443330738678,323200
2019-03-08,27.438095092773438,27.497101224477802,27.280744157714395,27.467599096511172,246700
2019-03-11,27.959320068359375,27.978989403362036,27.398757151180785,27.398757151180785,556900
2019-03-12,28.087169647216797,28.51988567929094,27.929818703875508,27.929818703875508,672500
2019-03-13,27.929819107055664,28.175680194046947,27.644621221546814,28.165845525474747,462800
2019-03-14,28.46275520324707,28.739093308606513,28.09759420267921,28.127202461881797,649200
2019-03-15,28.867393493652344,28.897001754386554,28.52197131468431,28.62066363473224,1014700
2019-03-18,28.88713264465332,28.90687148535497,28.679878582084925,28.818048584597005,433400
2019-03-19,29.272031784057617,29.37072410906972,28.85752552492641,28.91674016697386,676600
2019-03-20,29.10425567626953,29.311509749028897,29.054910454488493,29.30164032819278,892900
2019-03-21,29.163469314575195,29.291769898626843,28.995692930938066,29.08451583300475,348200
2019-03-22,29.183208465576172,29.272031368586408,29.114124403768102,29.163469624374006,460800
2019-03-25,29.291767120361328,29.36085117488305,29.035167858995443,29.114121333077307,347600
2019-03-26,29.459545135498047,29.508890353658916,29.24242165783164,29.410198034937768,367100
2019-03-27,29.459545135498047,29.676666730765046,29.38059165700101,29.49902093354686,395500
2019-03-28,29.380592346191406,29.53849930688956,29.360853505504274,29.479284667227617,265400
2019-03-29,29.222684860229492,29.489151675118347,29.163468339232484,29.469414717185433,428800
2019-04-01,29.50889015197754,29.607582470024166,29.22268450028166,29.301637978239082,454200
2019-04-02,29.814834594726562,29.824704014754932,29.390460827903006,29.597713001300598,441100
2019-04-03,29.706275939941406,30.041828704871467,29.686537099086824,29.834574640697266,528700
2019-04-04,29.538497924804688,29.943134727960967,29.370721551613105,29.75561951500582,463500
2019-04-05,29.676668167114258,29.785229911201846,29.508891781887762,29.607584105385612,284100
2019-04-08,29.548368453979492,29.696405992965076,29.390461494741615,29.696405992965076,304600
2019-04-09,29.71614646911621,29.755622269898804,29.489153555618028,29.508892397209095,368800
2019-04-10,30.031959533691406,30.05169837470981,29.726015027504065,29.874052570343135,487700
2019-04-11,30.041828155517578,30.150388013433695,29.86418235587374,30.11091221484586,362800
2019-04-12,29.883920669555664,30.15038748192455,29.874051249482832,30.130650524178286,380100
2019-04-15,30.09117317199707,30.229341289724495,29.89379041558638,29.89379041558638,234300
2019-04-16,29.923398971557617,30.150390005030093,29.903660129760127,30.08130594113843,353500
2019-04-17,29.89379119873047,30.071435119434096,29.82470525565745,30.02208989963856,413700
2019-04-18,30.337902069091797,30.337902069091797,29.804966573011388,29.913526426761468,362900
2019-04-22,30.525419235229492,30.594503296327606,30.229342267438245,30.249081108437558,271800
2019-04-23,30.841232299804688,31.295214335706085,30.72280113951769,30.72280113951769,526400
2019-04-24,30.64384651184082,30.98926867713487,30.633978974386142,30.890576360993805,327400
2019-04-25,30.949792861938477,30.95966228178672,30.397116644832888,30.59450127699908,474400
2019-04-26,30.328033447265625,30.476070984383405,29.765489676778405,30.110911851652837,633000
2019-04-29,30.29842758178711,30.54515744195671,30.012220040438635,30.328033960271814,373900
2019-04-30,30.752408981323242,30.860970719907698,30.24907985115814,30.308294489295385,548700
2019-05-01,30.82149314880371,31.137307063187702,30.772147930580992,30.811623728679283,364500
2019-05-02,31.216262817382812,31.216262817382812,30.74254191127358,30.84123423731289,438100
2019-05-03,31.216262817382812,31.314955143422125,31.01888004770374,31.2261322382267,306300
2019-05-06,31.20639419555664,31.3050846357702,30.870841428111984,30.98927070932805,381700
2019-05-07,31.058351516723633,31.20639092633414,30.989267462851686,31.018875721253643,510900
2019-05-08,30.99913787841797,31.176783669739457,30.949792661895046,31.01887671798688,486700
2019-05-09,30.791887283325195,31.038617143344148,30.63398032350502,30.900447141701914,598800
2019-05-10,30.870840072631836,30.999138768715802,30.63397963820032,30.722800654012662,545500
2019-05-13,30.7326717376709,30.81162522008857,30.495811290417883,30.604373034641995,590100
2019-05-14,31.196523666381836,31.245868884734968,30.703063953252858,30.772148011907007,540700
2019-05-15,31.236000061035156,31.522207603666814,31.058354259732678,31.16691600106185,576900
2019-05-16,31.5814208984375,31.601159738274873,31.20639235352428,31.32482162774977,601300
2019-05-17,36.190330505371094,36.37784759003631,32.469647894804254,32.469647894804254,3169000
2019-05-21,34.8974723815918,35.282370365024235,34.75930426085184,35.03564050233176,2528300
2019-05-22,34.107940673828125,34.75930741994363,33.456573927712626,34.749436116251374,1715600
2019-05-23,33.39735412597656,33.92042022641095,33.20984078699793,33.92042022641095,1062100
2019-05-24,33.40721893310547,33.82172702327904,33.121015179069765,33.22957314657374,772700
2019-05-27,33.8019905090332,33.880945870610304,33.33813717176485,33.33813717176485,186900
2019-05-28,33.752647399902344,33.96976712821111,33.397355780198254,33.634218114934015,912200
2019-05-29,33.229576110839844,33.95003062315303,33.051934073260036,33.68356191958492,609300
2019-05-30,33.77238845825195,33.86121136900805,33.14076054389716,33.259189836638846,782900
2019-05-31,34.01911544799805,34.038854289239126,33.3183997607364,33.614478614553526,649200
2019-06-03,34.413883209228516,34.53231626435214,33.979639968173004,33.979639968173004,885700
2019-06-04,35.14419937133789,35.19354458688276,34.27570927151346,34.433616220136216,861700
2019-06-05,34.76917266845703,35.242893564898914,34.46322627573874,35.16394196455811,1057400
2019-06-06,34.058589935302734,34.82838969738336,33.82173136604645,34.64087258485646,586700
2019-06-07,33.95003128051758,34.05858925980751,33.584868365891325,33.9204211363485,587300
2019-06-10,33.69342803955078,33.959896731904195,33.49604340468172,33.959896731904195,458000
2019-06-11,33.39735412597656,33.78225210665838,33.150624265047306,33.72303558470776,852600
2019-06-12,33.6046028137207,33.81185497181379,33.29866022743049,33.31839530123111,1022400
2019-06-13,33.44623565673828,33.743182827726905,33.33735414633522,33.55511716714134,419200
2019-06-14,34.23809814453125,34.257895127266934,33.36704978360294,33.41654035249797,620300
2019-06-17,34.17870330810547,34.32717877378814,33.89165653081381,34.16880670580766,413200
2019-06-18,34.61423110961914,34.723112619942164,34.198502049830154,34.228199410028886,572400
2019-06-19,34.812191009521484,34.950769870635305,34.465753296456626,34.5449412170931,461700
2019-06-20,34.762699127197266,34.930971564216854,34.584530088417814,34.930971564216854,656600
2019-06-21,34.59443283081055,34.802295464966036,34.525145286092055,34.683517356289755,900500
2019-06-24,34.30738067626953,34.8913783659118,34.267786716591594,34.67361536357094,560900
2019-06-25,34.71321105957031,34.84188954701609,34.069822398229455,34.366773334779396,850600
2019-06-26,34.09952163696289,34.752806936783045,33.89165899063107,34.74290655787874,956600
2019-06-27,34.416263580322266,34.55483866895587,34.05002887809233,34.14901000543405,512000
2019-06-28,34.85178756713867,34.92107511491524,34.44595888335244,34.44595888335244,1123200
2019-07-02,35.87131118774414,35.94059873519971,34.94087193467539,34.94087193467539,972700
2019-07-03,35.92080307006836,36.188056666857534,35.326904929685206,35.92080307006836,715100
2019-07-04,35.83171463012695,35.881205192456214,35.475376539935674,35.881205192456214,124000
2019-07-05,35.79212188720703,36.07917244472243,35.56446227203937,35.84161245121948,281400
2019-07-08,35.66344451904297,35.940598482807076,35.267516218632714,35.66344451904297,494100
2019-07-09,35.45558166503906,35.722835248550986,35.16853110024239,35.703038267266244,464300
2019-07-10,35.43578338623047,35.71293733818049,35.05964830736913,35.356599239879,679700
2019-07-11,35.128936767578125,35.44568087897513,35.08934280968159,35.415983522608904,395100
2019-07-12,35.99998474121094,36.16825719094541,35.10914325588828,35.148733441806954,677800
2019-07-15,35.64365005493164,36.08907272825275,35.56446589961254,35.99998819358853,468800
2019-07-16,35.505069732666016,35.703035755699254,35.3664946493091,35.57435727434447,857300
2019-07-17,35.43578338623047,35.65354639650092,35.10914264671275,35.42588678389452,456500
2019-07-18,35.02995300292969,35.51496956309016,34.84188736068546,35.287309961672065,750500
2019-07-19,34.762699127197266,35.18832474473844,34.72310894427007,35.04974966477391,310800
2019-07-22,35.13883972167969,35.22792425510821,34.81219517381232,34.81219517381232,303900
2019-07-23,35.069549560546875,35.19822804945237,34.634027305028035,35.19822804945237,555300
2019-07-24,35.534767150878906,35.554560354916845,35.08934454226859,35.08934454226859,268000
2019-07-25,35.495174407958984,35.63374949630253,35.28731177544366,35.495174407958984,279100
2019-07-26,35.119041442871094,35.53477050882198,34.90127841899738,35.53477050882198,485200
2019-07-29,35.15863800048828,35.277416124142825,35.0002659103194,35.08935044703242,249900
2019-07-30,35.00026321411133,35.23781944312052,34.88148509960673,34.97056962945722,253800
2019-07-31,35.22792053222656,35.64364579370033,34.95077035791071,34.99036054289303,517600
2019-08-01,35.703041076660156,35.881210146354505,35.0893497120954,35.237821419581756,525900
2019-08-02,35.534767150878906,35.98018598360139,35.28731056563849,35.64364487663891,479100
2019-08-06,35.14873123168945,35.67334175292121,34.71320900686501,34.77259994584062,483500
2019-08-07,35.415985107421875,35.51497000659265,34.713209314804566,34.84188779578266,448400
2019-08-08,35.722835540771484,35.88120761645687,35.34670044506064,35.425888370847396,412500
2019-08-09,35.43578338623047,35.95049355312284,35.24771773474378,35.673343377060775,484000
2019-08-12,35.28731155395508,35.44568362190907,35.03985496178397,35.43578324372498,366000
2019-08-13,35.445682525634766,35.53476704709665,35.09924104177729,35.326900646427035,508200
2019-08-14,33.82236099243164,34.64391858852844,30.417360067621477,34.64391858852844,2919900
2019-08-15,33.01070785522461,33.466030854079854,31.921900361017933,33.30765878627001,1328600
2019-08-16,33.53532028198242,33.60460782954925,32.81274744600826,32.961219143985105,686900
2019-08-19,34.03023147583008,34.2281975039488,33.47592735227524,33.614502439191966,411600
2019-08-20,34.13911819458008,34.277693302663096,33.88176118595004,33.921355152799045,491600
2019-08-21,34.44595718383789,34.6340266121422,34.119316442705525,34.23809455076384,397000
2019-08-22,34.20840072631836,34.505347882312634,33.891656589806075,34.505347882312634,337100
2019-08-23,33.06019973754883,33.74317852124615,32.97111522003286,33.66399060528188,494100
2019-08-26,32.872135162353516,33.27796385167066,32.654375913182896,33.13938875422894,606600
2019-08-27,33.208675384521484,33.277962931326115,32.693965196909886,32.76325274371452,429500
2019-08-28,32.97111892700195,33.02060949210005,32.67416798463719,32.99091590821881,480500
2019-08-29,33.06019973754883,33.40663743017334,32.981011821584566,33.0898933180916,288600
2019-08-30,34.49544906616211,34.54494340764236,33.48582944524071,33.48582944524071,720600
2019-09-03,33.42643737792969,34.66372035560303,33.20867436557502,34.4954479071777,517400
2019-09-04,33.30765914916992,33.76297837709811,33.30765914916992,33.426437257349455,369600
2019-09-05,33.406639099121094,33.86195831099974,33.317554577154596,33.54521418309391,516900
2019-09-06,33.960941314697266,34.10941299242632,33.30765611538158,33.37694365349933,391500
2019-09-09,33.159183502197266,34.109415914256076,33.07999557991505,34.109415914256076,295500
2019-09-10,32.891929626464844,33.16907980013316,32.634576433185394,33.14928659563221,633200
2019-09-11,32.99091720581055,33.21857683492653,32.80284776479734,32.921625880882154,507000
2019-09-12,32.8916015625,33.12994817593728,32.841947122981246,32.97105169644273,354500
2019-09-13,33.0008430480957,33.18953143045356,32.95118860941109,32.971051142563105,408000
2019-09-16,33.0902214050293,33.15973837445405,32.82208289936638,32.89159986879113,337100
2019-09-17,33.59670639038086,33.63642766677231,32.70291137473614,32.921395442647224,290600
2019-09-18,33.70594787597656,33.785398013178096,33.487467575454446,33.556984551310265,359400
2019-09-19,33.6463623046875,33.82512131566635,33.537120265934774,33.686083582823244,282500
2019-09-20,33.15974044799805,33.84498460144986,33.0504984068164,33.666225586496424,544000
2019-09-23,33.36829376220703,33.60664039536748,32.97105442479457,33.1100883823085,409200
2019-09-24,33.45766830444336,33.626497933759566,33.15973789855725,33.60663540158174,433100
2019-09-25,33.288841247558594,33.63642607699753,33.19946175021851,33.427875179334166,416400
2019-09-26,33.82512283325195,33.98401931809649,33.36829212448175,33.36829212448175,544700
2019-09-27,33.39808654785156,33.825121544929786,33.05049789597416,33.78539647813393,607400
2019-09-30,33.427879333496094,33.477533774102255,33.0604319269413,33.19946587599495,466000
2019-10-01,33.199466705322266,33.69601870056981,33.010778310948986,33.43780954154208,465500
2019-10-02,32.176570892333984,33.19946679295892,32.02760377801006,33.1001579090037,517500
2019-10-03,32.23615264892578,32.24608580972168,31.759463217275535,32.11698123811093,507200
2019-10-04,32.395050048828125,32.563879691649426,32.24608672816446,32.29574116838568,312000
2019-10-07,32.29574203491211,32.39505091801911,32.156708083205885,32.2758795006125,234800
2019-10-08,32.037532806396484,32.25601689481688,31.729672996412525,32.126912316351095,292900
2019-10-09,32.305667877197266,32.47449750609713,31.96801240778817,32.17656710094573,282800
2019-10-10,32.176570892333984,32.32553421826682,32.10705391588711,32.26595040325012,400800
2019-10-11,32.583744049072266,32.742640539707914,32.28580981428815,32.30567234916651,648900
2019-10-15,32.26594924926758,32.84194757471142,32.23615355443378,32.454637637390555,375400
2019-10-16,32.14677429199219,32.35532900385626,31.928293995759372,32.186499359813055,391600
2019-10-17,32.16663360595703,32.37518450855375,31.878632575671695,32.16663360595703,421300
2019-10-18,32.037532806396484,32.34539640477149,32.017674060531945,32.236154360561294,158200
2019-10-21,32.375186920166016,32.50429149308165,32.07725649592221,32.1070521902202,249500
2019-10-22,32.25601577758789,32.68305077831445,32.19642817688503,32.40498288514959,237100
2019-10-23,32.71284103393555,32.812153696762806,32.206359712884066,32.206359712884066,323300
2019-10-24,33.030635833740234,33.060431528457585,32.57380892424417,32.71284287162202,388700
2019-10-25,32.90153503417969,33.32857003717777,32.79229299317214,33.10015658252151,658900
2019-10-28,32.96112060546875,33.219329768607295,32.82208665072852,32.90153678966073,325400
2019-10-29,32.81215286254883,32.98097870247686,32.69297767018602,32.92139489468609,159800
2019-10-30,33.149810791015625,33.259052831260306,32.69298009650233,32.79229276417518,277800
2019-10-31,32.802223205566406,33.070361734433696,32.64332672050331,33.06043236153833,431500
2019-11-01,33.39808654785156,33.59670809343995,32.97105155077334,32.97105155077334,383300
2019-11-04,33.427879333496094,33.61656772315591,33.308707918363105,33.41794996073126,343100
2019-11-05,33.10015869140625,33.487468651734154,33.01077917837741,33.43781042019167,281100
2019-11-06,33.3385009765625,33.36829288427702,32.96112039581713,33.159741953493175,427800
2019-11-07,33.37822341918945,33.80525840865197,33.35836088614575,33.38815279151589,288600
2019-11-08,34.08332824707031,34.08332824707031,33.3682921700969,33.37822533138321,261700
2019-11-11,34.08332824707031,34.21243282505519,33.7456727427652,33.95422366908544,317900
2019-11-12,34.053531646728516,34.222357481417944,33.92442708653686,34.073394178172656,306900
2019-11-13,35.414085388183594,36.158913322978584,34.50043160659598,34.51036097883463,1003100
2019-11-14,35.75174331665039,36.06953628750489,35.284983233286766,35.30484576751405,502400
2019-11-15,35.24525833129883,35.85104851521828,35.24525833129883,35.80139407894825,391300
2019-11-18,35.06650161743164,35.265119375467776,34.85794691006826,35.21546493595874,483800
2019-11-19,34.95726013183594,35.33464069719279,34.92746443694529,35.07643154622564,475500
2019-11-20,35.26511764526367,35.394222212365655,34.78842823026102,34.92746216942129,554400
2019-11-21,35.02677536010742,35.30484324262079,35.006912827300646,35.21546373918567,354900
2019-11-22,34.9076042175293,35.11615513100274,34.500431762866036,34.99698372164517,1032400
2019-11-25,35.255191802978516,35.344571314014665,34.87781122433797,34.97712389681764,183900
2019-11-26,35.47367477416992,35.67229253607688,34.99698532648947,34.99698532648947,1141100
2019-11-27,35.513397216796875,35.85105272684634,35.29491691386447,35.30484628692867,423900
2019-11-28,35.563053131103516,35.64249947561619,35.52332806465175,35.52332806465175,236600
2019-11-29,35.443878173828125,35.60277465232958,35.37436120125817,35.53325767975962,271000
2019-12-02,35.17573928833008,35.721949479085566,35.16580991594854,35.41408589778619,307600
2019-12-03,34.381256103515625,35.0565670614598,34.36139357082424,35.0069126239267,326900
2019-12-04,34.420982360839844,34.70898341225183,34.27201525469133,34.430911733334,331800
2019-12-05,34.023738861083984,34.47063638576709,34.023738861083984,34.45077385262664,232400
2019-12-06,34.33160400390625,34.38125844482073,34.073398638116366,34.16277814711883,316800
2019-12-09,33.96415710449219,34.29187945015599,33.83505252546533,34.28195007718057,254300
2019-12-10,33.785396575927734,34.033672561534146,33.76553404247231,33.93435989425704,331200
2019-12-11,33.715877532958984,34.01380793971632,33.57684359569827,33.79532387351197,480200
2019-12-12,33.7258415222168,33.945035809915225,33.656098576259204,33.685991125030675,523100
2019-12-13,34.12437438964844,34.16422858577643,33.636169988843854,33.72584002977917,335400
2019-12-16,34.37345886230469,34.41331306011146,34.21404587178309,34.21404587178309,305800
2019-12-17,34.19411849975586,34.373458587748374,33.75573372949941,34.373458587748374,626100
2019-12-18,34.22400665283203,34.32364214482183,34.104447863149666,34.20408335513947,356200
2019-12-19,34.00481414794922,34.22400461587009,33.865328268170884,34.20408131936333,294600
2019-12-20,34.15426254272461,34.273825129030364,33.984887913182696,34.0147766594065,572300
2019-12-23,34.52290725708008,34.54283055357745,34.18415420604722,34.20408130324976,208200
2019-12-24,34.7520637512207,34.7520637512207,34.46312653804122,34.50298073310844,117100
2019-12-27,34.5926513671875,35.20041454995722,34.532870073557504,35.02107446977254,285300
2019-12-30,34.52290725708008,34.672354785041385,34.16422710884467,34.5527960025313,233200
2019-12-31,34.25389862060547,34.54283204071859,34.214044424484584,34.46312744918214,224500
2020-01-02,34.383419036865234,34.572724567976266,34.233971502557154,34.35353029014468,290800
2020-01-03,34.49301528930664,34.522907835964276,34.08451929156776,34.09448474068871,278000
2020-01-06,35.44949722290039,35.4793859690681,34.48305388928839,34.48305388928839,613500
2020-01-07,35.678653717041016,35.76832375768668,35.42957069310366,35.45945943975044,930400
2020-01-08,37.14326095581055,37.452125287404954,35.718505691828895,35.81814118623297,1243300
2020-01-09,37.651390075683594,37.95028893843364,36.95395686213,37.11336984231038,882600
2020-01-10,38.568016052246094,38.617831898878975,37.75102400520925,37.87058279726928,1471900
2020-01-13,38.60786819458008,38.85695121519027,38.38867392021742,38.74735407800895,783900
2020-01-14,38.70750045776367,38.78720884988199,38.43849413612767,38.54808747423237,455900
2020-01-15,38.42852783203125,39.00640225991996,38.25915320360506,38.66764920236233,576200
2020-01-16,38.697540283203125,38.7672832286107,38.448457249403084,38.56801604142957,378300
2020-01-17,38.58794403076172,38.96655131507293,38.52816273301609,38.81709997106163,372600
2020-01-20,38.448455810546875,38.6377575408967,38.358785769706365,38.4683829085898,279200
2020-01-21,38.15951919555664,38.63775815406037,37.9602520126704,38.36874802726976,542900
2020-01-22,38.109703063964844,38.249188950726634,37.810804192231686,38.129630162174436,565900
2020-01-23,38.33885955810547,38.36874830550826,37.751023454716226,38.04992233086041,553700
2020-01-24,38.8868408203125,39.00640340935391,38.408601866262934,38.408601866262934,508600
2020-01-27,39.27540969848633,39.315263894798505,38.35878598753827,38.35878598753827,508500
2020-01-28,39.345157623291016,39.48464351386483,39.00640454588084,39.35511927231538,354200
2020-01-29,39.554386138916016,39.703833677304246,39.23556016284127,39.444788997008054,555000
2020-01-30,39.4348258972168,39.5842734301067,39.26544746576189,39.35511750577795,650200
2020-01-31,39.10603713989258,39.733727462641276,38.94662414689194,39.49460607278754,759400
2020-02-03,39.54441833496094,39.604199627180364,39.25548492433004,39.25548492433004,343800
2020-02-04,39.8532829284668,39.932991318662246,39.355116891860966,39.743685792300674,1109200
2020-02-05,40.08243942260742,40.221925306739585,39.68390886804484,40.0724777740431,680600
2020-02-06,39.98280715942383,40.25181727525705,39.8134287306228,40.221924728583204,694500
2020-02-07,41.32785415649414,41.845947293353625,40.10236615613056,40.10236615613056,1054200
2020-02-10,41.16844177246094,41.27803891078717,40.32156101382148,40.65034862809486,634000
2020-02-11,40.5606803894043,41.21825944786585,40.48097579480269,41.19833234903908,570000
2020-02-12,40.50090026855469,40.570643209575245,40.042584626655724,40.56067776045503,615500
2020-02-13,40.04258728027344,40.441121655977646,39.86324719127709,40.28170866583706,1120800
2020-02-14,40.31159591674805,40.490935999084385,39.94295410337018,40.05255124265408,1121900
2020-02-18,40.152183532714844,40.35145071614553,39.78354171382658,40.182076080687956,604200
2020-02-19,39.8532829284668,40.29166767242605,39.84332128004498,40.172108887838114,620700
2020-02-20,40.19203567504883,40.211962772443826,39.644053799154634,39.873209718139286,483500
2020-02-21,39.733726501464844,40.15218417270427,39.67394520527116,40.022659931304005,477800
2020-02-24,38.966548919677734,39.2953365353032,38.56801456061714,38.86691342955992,446600
2020-02-25,38.149559020996094,39.25548831808254,38.00010767787961,38.91673523429665,714500
2020-02-26,37.452125549316406,38.57798193937018,37.41227135127607,37.8905103256436,998300
2020-02-27,36.983848571777344,37.392344603767164,36.296380752293665,37.02370277019234,341700
2020-02-28,35.77828598022461,36.31630623272853,34.99118269978799,35.24026572772069,1235800
2020-03-02,36.87424850463867,37.003772738871355,35.97755191558724,36.05725650539603,1085900
2020-03-03,35.798213958740234,37.242896316412406,35.648762618023795,37.063556227834866,1055400
2020-03-04,35.99747848510742,36.356158635748,35.63879833446684,36.24656150075169,649800
2020-03-05,33.317344665527344,35.89784500378443,33.13800458018859,35.61887322690434,1561300
2020-03-06,33.21771240234375,33.486722525722485,32.41068203220753,32.53024462084609,751100
2020-03-09,30.288496017456055,31.175232895018215,28.843815586075124,29.49143108292538,1116500
2020-03-10,31.693323135375977,31.75310442881216,30.408055732140223,30.975964717315506,1378900
2020-03-11,29.8799991607666,31.26490015820375,29.54124609802832,31.145341371562388,939800
2020-03-12,25.549999237060547,27.690000534057617,25.469999313354492,26.84000015258789,1160900
2020-03-13,27.860000610351562,27.959999084472656,25.739999771118164,26.200000762939453,2262000
2020-03-16,22.139999389648438,24.850000381469727,21.979999542236328,23.540000915527344,1168800
2020-03-17,20.18000030517578,22.59000015258789,19.899999618530273,22.40999984741211,1871900
2020-03-18,15.869999885559082,18.979999542236328,14.369999885559082,15.050000190734863,2795200
2020-03-19,16.6299991607666,16.899999618530273,15.510000228881836,15.510000228881836,1927300
2020-03-20,16.969999313354492,18.790000915527344,16.940000534057617,17.0,1713900
2020-03-23,14.5,16.739999771118164,14.260000228881836,16.5,1657900
2020-03-24,17.020000457763672,17.18000030517578,15.199999809265137,15.539999961853027,1613000
2020-03-25,19.309999465942383,20.3799991607666,16.450000762939453,17.040000915527344,1883200
2020-03-26,19.3799991607666,21.030000686645508,18.989999771118164,19.5,1631700
2020-03-27,18.610000610351562,19.09000015258789,17.8700008392334,18.5,1234400
2020-03-30,18.079999923706055,18.90999984741211,17.510000228881836,18.899999618530273,1222200
2020-03-31,17.790000915527344,18.469999313354492,17.56999969482422,17.959999084472656,2381200
2020-04-01,16.600000381469727,17.68000030517578,16.229999542236328,17.260000228881836,2017000
2020-04-02,16.8700008392334,17.530000686645508,16.530000686645508,16.68000030517578,1705700
2020-04-03,15.869999885559082,17.100000381469727,15.4399995803833,17.100000381469727,1278700
2020-04-06,16.799999237060547,17.299999237060547,16.459999084472656,16.600000381469727,1135400
2020-04-07,17.329999923706055,18.469999313354492,17.049999237060547,17.360000610351562,1818800
2020-04-08,18.559999465942383,18.709999084472656,17.5,17.75,2115000
2020-04-09,19.0,20.600000381469727,18.780000686645508,19.489999771118164,1234800
2020-04-13,18.1200008392334,19.600000381469727,18.049999237060547,19.34000015258789,917800
2020-04-14,19.969999313354492,20.020000457763672,18.459999084472656,18.459999084472656,1935900
2020-04-15,19.579999923706055,19.84000015258789,19.270000457763672,19.5,1794400
2020-04-16,19.920000076293945,20.459999084472656,19.440000534057617,19.719999313354492,1707300
2020-04-17,21.8799991607666,22.40999984741211,20.639999389648438,20.690000534057617,2013200
2020-04-20,21.459999084472656,21.770000457763672,21.170000076293945,21.510000228881836,1677800
2020-04-21,20.809999465942383,21.540000915527344,20.6299991607666,21.040000915527344,1087200
2020-04-22,20.260000228881836,21.270000457763672,20.190000534057617,21.149999618530273,989700
2020-04-23,19.959999084472656,20.40999984741211,19.65999984741211,20.190000534057617,1461500
2020-04-24,19.68000030517578,19.969999313354492,19.40999984741211,19.969999313354492,1135800
2020-04-27,20.770000457763672,20.950000762939453,19.639999389648438,19.969999313354492,708000
2020-04-28,22.5,22.610000610351562,20.739999771118164,21.18000030517578,1474700
2020-04-29,23.799999237060547,24.389999389648438,22.799999237060547,22.989999771118164,1590100
2020-04-30,23.0,23.530000686645508,22.3700008392334,23.530000686645508,1805700
2020-05-01,22.6299991607666,22.790000915527344,22.34000015258789,22.719999313354492,1070200
2020-05-04,21.709999084472656,22.139999389648438,21.040000915527344,21.280000686645508,1450500
2020-05-05,21.700000762939453,22.530000686645508,21.399999618530273,21.84000015258789,1238200
2020-05-06,21.780000686645508,21.799999237060547,21.170000076293945,21.780000686645508,876600
2020-05-07,21.530000686645508,22.25,21.309999465942383,21.989999771118164,909700
2020-05-08,22.030000686645508,22.15999984741211,21.530000686645508,21.780000686645508,631000
2020-05-11,21.979999542236328,22.15999984741211,21.479999542236328,21.829999923706055,629900
2020-05-12,20.780000686645508,22.09000015258789,20.700000762939453,22.09000015258789,1176000
2020-05-13,19.920000076293945,20.6299991607666,19.350000381469727,20.59000015258789,1153800
2020-05-14,19.469999313354492,20.020000457763672,18.68000030517578,19.520000457763672,1531500
2020-05-15,19.280000686645508,19.799999237060547,18.969999313354492,19.329999923706055,1111200
2020-05-19,20.700000762939453,21.100000381469727,19.989999771118164,20.65999984741211,1191200
2020-05-20,20.3799991607666,21.209999084472656,20.260000228881836,20.969999313354492,691100
2020-05-21,20.1200008392334,20.59000015258789,19.959999084472656,20.510000228881836,810200
2020-05-22,19.0,21.799999237060547,18.56999969482422,21.65999984741211,1217400
2020-05-25,18.520000457763672,19.450000762939453,18.329999923706055,19.06999969482422,609000
2020-05-26,19.709999084472656,19.860000610351562,18.799999237060547,18.850000381469727,1548000
2020-05-27,21.350000381469727,21.440000534057617,19.989999771118164,20.100000381469727,1525500
2020-05-28,21.510000228881836,22.059999465942383,21.190000534057617,21.489999771118164,1105400
2020-05-29,20.65999984741211,21.299999237060547,20.059999465942383,21.260000228881836,1479500
2020-06-01,20.809999465942383,21.030000686645508,20.209999084472656,20.5,691400
2020-06-02,21.469999313354492,21.639999389648438,20.729999542236328,20.90999984741211,749300
2020-06-03,23.469999313354492,23.850000381469727,21.700000762939453,21.75,1268900
2020-06-04,24.18000030517578,24.389999389648438,22.68000030517578,23.360000610351562,1180600
2020-06-05,25.90999984741211,26.829999923706055,25.239999771118164,25.239999771118164,1439100
2020-06-08,27.8799991607666,28.40999984741211,26.239999771118164,26.34000015258789,1135400
2020-06-09,26.969999313354492,27.329999923706055,26.030000686645508,27.020000457763672,1186100
2020-06-10,26.8700008392334,27.079999923706055,25.860000610351562,26.860000610351562,1259800
2020-06-11,24.510000228881836,25.729999542236328,24.190000534057617,25.0,1524000
2020-06-12,24.25,25.799999237060547,23.6200008392334,25.010000228881836,1334800
2020-06-15,23.559999465942383,24.059999465942383,22.6200008392334,23.270000457763672,1074900
2020-06-16,23.639999389648438,24.489999771118164,23.420000076293945,24.309999465942383,846700
2020-06-17,23.649999618530273,24.200000762939453,23.149999618530273,23.899999618530273,833800
2020-06-18,23.200000762939453,23.600000381469727,22.899999618530273,23.25,722500
2020-06-19,22.6200008392334,23.780000686645508,22.350000381469727,23.469999313354492,2199600
2020-06-22,22.690000534057617,22.729999542236328,21.860000610351562,22.350000381469727,756600
2020-06-23,22.729999542236328,23.020000457763672,22.540000915527344,22.959999084472656,631500
2020-06-24,21.729999542236328,22.489999771118164,21.239999771118164,22.489999771118164,1185500
2020-06-25,21.81999969482422,22.15999984741211,21.639999389648438,21.729999542236328,1252900
2020-06-26,21.799999237060547,21.889999389648438,21.25,21.6299991607666,569300
2020-06-29,22.270000457763672,22.5,21.799999237060547,21.850000381469727,623700
2020-06-30,22.020000457763672,22.229999542236328,21.559999465942383,22.09000015258789,730900
2020-07-02,20.899999618530273,22.40999984741211,20.860000610351562,21.559999465942383,1175700
2020-07-03,21.020000457763672,21.34000015258789,20.799999237060547,21.0,356300
2020-07-06,21.40999984741211,21.59000015258789,21.079999923706055,21.469999313354492,384400
2020-07-07,20.899999618530273,21.270000457763672,20.799999237060547,21.200000762939453,601600
2020-07-08,20.479999542236328,21.049999237060547,20.34000015258789,20.84000015258789,984100
2020-07-09,20.68000030517578,21.049999237060547,19.68000030517578,20.5,1219800
2020-07-10,20.8799991607666,21.06999969482422,20.479999542236328,20.59000015258789,825800
2020-07-13,20.219999313354492,21.200000762939453,20.190000534057617,21.010000228881836,821800
2020-07-14,20.049999237060547,20.1299991607666,19.770000457763672,20.100000381469727,954800
2020-07-15,20.280000686645508,20.84000015258789,20.239999771118164,20.360000610351562,1289900
2020-07-16,19.989999771118164,20.209999084472656,19.90999984741211,20.059999465942383,917100
2020-07-17,19.729999542236328,20.110000610351562,19.579999923706055,20.06999969482422,626000
2020-07-20,20.280000686645508,20.3700008392334,19.530000686645508,19.719999313354492,710400
2020-07-21,20.540000915527344,21.190000534057617,20.520000457763672,20.56999969482422,837000
2020-07-22,20.299999237060547,20.600000381469727,20.079999923706055,20.329999923706055,540300
2020-07-23,20.059999465942383,20.860000610351562,20.030000686645508,20.110000610351562,654000
2020-07-24,19.729999542236328,20.079999923706055,19.6299991607666,19.989999771118164,551100
2020-07-27,19.75,20.09000015258789,19.549999237060547,19.700000762939453,453600
2020-07-28,19.8799991607666,19.950000762939453,19.610000610351562,19.610000610351562,600200
2020-07-29,20.25,20.31999969482422,19.84000015258789,19.899999618530273,506700
2020-07-30,20.309999465942383,20.399999618530273,19.770000457763672,19.90999984741211,496900
2020-07-31,19.989999771118164,20.469999313354492,19.670000076293945,20.299999237060547,656800
2020-08-04,19.209999084472656,19.969999313354492,19.139999389648438,19.719999313354492,870700
2020-08-05,20.09000015258789,20.18000030517578,19.260000228881836,19.280000686645508,806200
2020-08-06,20.809999465942383,20.81999969482422,20.020000457763672,20.020000457763672,652800
2020-08-07,20.3700008392334,20.75,20.049999237060547,20.639999389648438,538300
2020-08-10,21.190000534057617,21.25,20.200000762939453,20.350000381469727,847600
2020-08-11,21.940000534057617,22.18000030517578,21.56999969482422,21.59000015258789,1006400
2020-08-12,21.700000762939453,22.09000015258789,20.809999465942383,20.860000610351562,1266300
2020-08-13,21.139999389648438,22.100000381469727,21.020000457763672,22.0,1091800
2020-08-14,21.139999389648438,21.34000015258789,20.8799991607666,21.1299991607666,471000
2020-08-17,20.889999389648438,21.40999984741211,20.81999969482422,21.010000228881836,422600
2020-08-18,20.690000534057617,21.100000381469727,20.639999389648438,20.850000381469727,598400
2020-08-19,19.940000534057617,20.809999465942383,19.860000610351562,20.670000076293945,776800
2020-08-20,19.950000762939453,20.079999923706055,19.559999465942383,19.790000915527344,640800
2020-08-21,19.200000762939453,20.0,19.18000030517578,19.81999969482422,504000
2020-08-24,19.610000610351562,19.850000381469727,19.110000610351562,19.149999618530273,626800
2020-08-25,20.15999984741211,20.329999923706055,19.700000762939453,19.889999389648438,658000
2020-08-26,20.209999084472656,20.329999923706055,19.559999465942383,20.09000015258789,580600
2020-08-27,20.75,20.75,20.079999923706055,20.209999084472656,809600
2020-08-28,21.510000228881836,21.6299991607666,20.700000762939453,20.81999969482422,1026100
2020-08-31,20.68000030517578,21.520000457763672,20.479999542236328,21.450000762939453,972900
2020-09-01,20.829999923706055,21.0,20.239999771118164,20.5,456400
2020-09-02,20.760000228881836,21.0,20.420000076293945,20.829999923706055,331500
2020-09-03,19.75,20.81999969482422,19.690000534057617,20.760000228881836,435900
2020-09-04,19.860000610351562,20.360000610351562,19.540000915527344,20.020000457763672,477600
2020-09-08,19.860000610351562,20.15999984741211,19.59000015258789,19.719999313354492,348400
2020-09-09,19.6200008392334,19.969999313354492,19.510000228881836,19.969999313354492,392600
2020-09-10,19.3799991607666,19.829999923706055,19.280000686645508,19.709999084472656,404900
2020-09-11,19.739999771118164,19.950000762939453,19.219999313354492,19.420000076293945,442700
2020-09-14,19.690000534057617,20.34000015258789,19.549999237060547,19.84000015258789,376700
2020-09-15,19.75,20.219999313354492,19.610000610351562,19.739999771118164,464000
2020-09-16,19.8799991607666,20.06999969482422,19.690000534057617,19.850000381469727,265100
2020-09-17,20.100000381469727,20.219999313354492,19.559999465942383,19.690000534057617,430500
2020-09-18,19.93000030517578,20.260000228881836,19.799999237060547,20.079999923706055,829700
2020-09-21,19.110000610351562,19.739999771118164,19.010000228881836,19.6200008392334,624400
2020-09-22,18.850000381469727,19.43000030517578,18.75,19.010000228881836,813800
2020-09-23,18.850000381469727,19.59000015258789,18.729999542236328,18.989999771118164,752700
2020-09-24,18.760000228881836,19.010000228881836,18.5,18.709999084472656,771900
2020-09-25,18.93000030517578,19.110000610351562,18.579999923706055,18.65999984741211,646300
2020-09-28,19.65999984741211,19.770000457763672,19.209999084472656,19.239999771118164,756800
2020-09-29,19.31999969482422,19.68000030517578,19.219999313354492,19.639999389648438,447900
2020-09-30,19.479999542236328,19.81999969482422,19.209999084472656,19.329999923706055,794800
2020-10-01,20.34000015258789,21.329999923706055,20.079999923706055,20.200000762939453,1385300
2020-10-02,20.399999618530273,20.43000030517578,19.920000076293945,19.920000076293945,675900
2020-10-05,20.6299991607666,20.81999969482422,20.420000076293945,20.540000915527344,497700
2020-10-06,20.549999237060547,20.899999618530273,20.389999389648438,20.760000228881836,481800
2020-10-07,20.989999771118164,21.239999771118164,20.780000686645508,20.780000686645508,717900
2020-10-08,21.190000534057617,21.31999969482422,20.969999313354492,21.139999389648438,929500
2020-10-09,21.18000030517578,21.440000534057617,20.93000030517578,21.190000534057617,435300
2020-10-13,21.149999618530273,21.34000015258789,20.93000030517578,21.040000915527344,771400
2020-10-14,21.079999923706055,21.260000228881836,20.940000534057617,21.15999984741211,515900
2020-10-15,20.81999969482422,20.950000762939453,20.579999923706055,20.850000381469727,362600
2020-10-16,21.239999771118164,21.239999771118164,20.799999237060547,20.889999389648438,623800
2020-10-19,22.079999923706055,22.139999389648438,21.1299991607666,21.1299991607666,930600
2020-10-20,22.170000076293945,23.1299991607666,22.149999618530273,22.170000076293945,1469800
2020-10-21,22.8700008392334,22.979999542236328,22.040000915527344,22.100000381469727,938400
2020-10-22,23.260000228881836,23.43000030517578,22.809999465942383,22.889999389648438,806900
2020-10-23,24.010000228881836,24.229999542236328,23.309999465942383,23.459999084472656,1207400
2020-10-26,23.290000915527344,23.959999084472656,23.110000610351562,23.809999465942383,749800
2020-10-27,23.299999237060547,23.549999237060547,23.139999389648438,23.170000076293945,949000
2020-10-28,22.770000457763672,23.010000228881836,22.729999542236328,22.959999084472656,1231200
2020-10-29,22.68000030517578,22.700000762939453,22.360000610351562,22.450000762939453,984000
2020-10-30,22.770000457763672,23.110000610351562,22.600000381469727,22.610000610351562,1179900
2020-11-02,22.920000076293945,23.260000228881836,22.520000457763672,22.889999389648438,653300
2020-11-03,23.760000228881836,23.850000381469727,23.209999084472656,23.209999084472656,519400
2020-11-04,23.469999313354492,23.8799991607666,23.290000915527344,23.8799991607666,520100
2020-11-05,23.969999313354492,24.040000915527344,23.3700008392334,23.5,450700
2020-11-06,23.610000610351562,24.06999969482422,23.559999465942383,23.950000762939453,331800
2020-11-09,27.899999618530273,28.670000076293945,25.059999465942383,25.100000381469727,2004700
2020-11-10,30.020000457763672,30.1299991607666,27.65999984741211,28.239999771118164,2003700
2020-11-11,29.649999618530273,30.579999923706055,29.170000076293945,29.940000534057617,1340700
2020-11-12,28.8799991607666,29.639999389648438,28.540000915527344,29.229999542236328,1029200
2020-11-13,29.719999313354492,29.899999618530273,28.889999389648438,28.889999389648438,724400
2020-11-16,31.399999618530273,31.700000762939453,30.1200008392334,30.5,677000
2020-11-17,29.3799991607666,29.780000686645508,29.1299991607666,29.5,2066400
2020-11-18,30.040000915527344,30.15999984741211,29.520000457763672,29.549999237060547,1874000
2020-11-19,31.0,31.049999237060547,29.920000076293945,29.920000076293945,1122700
2020-11-20,31.510000228881836,31.6200008392334,31.079999923706055,31.139999389648438,1376900
2020-11-23,32.189998626708984,32.38999938964844,31.639999389648438,31.799999237060547,630900
2020-11-24,33.720001220703125,34.16999816894531,32.04999923706055,32.5,930400
2020-11-25,33.029998779296875,33.54999923706055,32.5,33.54999923706055,887400
2020-11-26,32.52000045776367,33.13999938964844,32.52000045776367,33.02000045776367,443800
2020-11-27,33.470001220703125,33.81999969482422,32.810001373291016,32.810001373291016,593000
2020-11-30,31.420000076293945,33.220001220703125,31.420000076293945,33.11000061035156,2377400
2020-12-01,31.639999389648438,32.369998931884766,31.479999542236328,32.119998931884766,918700
2020-12-02,31.639999389648438,31.989999771118164,31.280000686645508,31.600000381469727,657300
2020-12-03,32.15999984741211,32.68000030517578,31.579999923706055,31.649999618530273,782900
2020-12-04,33.04999923706055,33.27000045776367,32.27000045776367,32.33000183105469,445100
2020-12-07,32.5,33.060001373291016,32.060001373291016,32.9900016784668,606100
2020-12-08,31.530000686645508,32.619998931884766,31.399999618530273,32.16999816894531,867700
2020-12-09,31.510000228881836,32.20000076293945,31.1299991607666,31.889999389648438,764600
2020-12-10,32.0099983215332,32.13999938964844,30.84000015258789,31.350000381469727,749000
2020-12-11,31.200000762939453,31.670000076293945,30.8700008392334,31.59000015258789,548000
2020-12-14,31.280000686645508,32.31999969482422,31.280000686645508,31.81999969482422,576900
2020-12-15,32.599998474121094,32.779998779296875,31.34000015258789,31.530000686645508,856400
2020-12-16,31.989999771118164,32.869998931884766,31.860000610351562,32.5,860200
2020-12-17,33.0,33.13999938964844,32.459999084472656,32.86000061035156,888400
2020-12-18,33.4900016784668,33.68000030517578,32.959999084472656,32.959999084472656,1503800
2020-12-21,33.27000045776367,33.29999923706055,32.0099983215332,32.5,823200
2020-12-22,33.77000045776367,33.79999923706055,33.22999954223633,33.279998779296875,470600
2020-12-23,34.83000183105469,35.060001373291016,33.77000045776367,33.810001373291016,651100
2020-12-24,34.529998779296875,35.0,34.400001525878906,34.81999969482422,377100
2020-12-29,35.119998931884766,35.290000915527344,34.790000915527344,34.790000915527344,857900
2020-12-30,35.599998474121094,35.70000076293945,35.040000915527344,35.130001068115234,708000
2020-12-31,35.27000045776367,35.72999954223633,35.22999954223633,35.45000076293945,474900
2021-01-04,34.029998779296875,35.290000915527344,33.79999923706055,35.18000030517578,687800
2021-01-05,34.599998474121094,34.68000030517578,33.88999938964844,33.939998626708984,643400
2021-01-06,34.4900016784668,35.849998474121094,34.099998474121094,34.63999938964844,629500
2021-01-07,34.290000915527344,35.369998931884766,34.16999816894531,34.790000915527344,640500
2021-01-08,34.41999816894531,34.58000183105469,33.959999084472656,34.40999984741211,428000
2021-01-11,34.58000183105469,34.7400016784668,33.47999954223633,33.900001525878906,425300
2021-01-12,34.65999984741211,35.099998474121094,34.459999084472656,34.56999969482422,503800
2021-01-13,35.130001068115234,35.220001220703125,34.529998779296875,34.560001373291016,779400
2021-01-14,35.189998626708984,35.790000915527344,35.150001525878906,35.18000030517578,916900
2021-01-15,33.0,35.400001525878906,32.52000045776367,34.97999954223633,1030300
2021-01-18,32.90999984741211,34.400001525878906,32.7599983215332,33.119998931884766,425300
2021-01-19,32.119998931884766,33.52000045776367,32.04999923706055,32.970001220703125,836500
2021-01-20,31.690000534057617,32.209999084472656,31.479999542236328,32.209999084472656,1137600
2021-01-21,30.3799991607666,31.65999984741211,30.239999771118164,31.65999984741211,855900
2021-01-22,29.920000076293945,30.760000228881836,29.84000015258789,30.139999389648438,1044600
2021-01-25,30.219999313354492,30.299999237060547,28.479999542236328,29.700000762939453,1817500
2021-01-26,29.43000030517578,30.5,29.18000030517578,30.469999313354492,862500
2021-01-27,28.510000228881836,29.0,27.719999313354492,29.0,855300
2021-01-28,29.469999313354492,29.709999084472656,28.59000015258789,28.8700008392334,626600
2021-01-29,28.889999389648438,29.450000762939453,28.540000915527344,29.299999237060547,776600
2021-02-01,29.920000076293945,30.049999237060547,29.049999237060547,29.100000381469727,476300
2021-02-02,31.350000381469727,31.450000762939453,29.719999313354492,30.520000457763672,809100
2021-02-03,31.479999542236328,31.68000030517578,31.25,31.3799991607666,678500
2021-02-04,31.600000381469727,31.850000381469727,31.479999542236328,31.760000228881836,737400
2021-02-05,32.040000915527344,32.75,31.829999923706055,31.84000015258789,358300
2021-02-08,32.79999923706055,32.86000061035156,31.899999618530273,32.11000061035156,514600
2021-02-09,32.83000183105469,32.970001220703125,32.47999954223633,32.790000915527344,388000
2021-02-10,32.47999954223633,32.900001525878906,32.40999984741211,32.790000915527344,457300
2021-02-11,32.4900016784668,32.56999969482422,32.16999816894531,32.439998626708984,304000
2021-02-12,32.099998474121094,32.779998779296875,32.0099983215332,32.400001525878906,565800
2021-02-16,31.520000457763672,32.4900016784668,31.399999618530273,32.119998931884766,480800
2021-02-17,31.709999084472656,31.799999237060547,31.09000015258789,31.25,358200
2021-02-18,31.3700008392334,31.600000381469727,31.0,31.34000015258789,610800
2021-02-19,32.45000076293945,32.54999923706055,31.360000610351562,31.479999542236328,434900
2021-02-22,32.7599983215332,32.970001220703125,31.989999771118164,32.25,414900
2021-02-23,33.529998779296875,33.91999816894531,32.41999816894531,32.849998474121094,438900
2021-02-24,34.189998626708984,34.56999969482422,33.27000045776367,33.650001525878906,443100
2021-02-25,34.0,34.83000183105469,33.90999984741211,33.9900016784668,871700
2021-02-26,33.68000030517578,34.16999816894531,33.400001525878906,33.779998779296875,852100
2021-03-01,37.97999954223633,38.959999084472656,35.20000076293945,35.20000076293945,1638300
2021-03-02,36.869998931884766,38.70000076293945,36.689998626708984,38.02000045776367,711100
2021-03-03,37.27000045776367,37.75,36.75,37.189998626708984,884900
2021-03-04,37.349998474121094,37.880001068115234,36.81999969482422,37.16999816894531,1349000
2021-03-05,38.70000076293945,38.720001220703125,36.75,37.33000183105469,1052500
2021-03-08,38.709999084472656,39.439998626708984,38.560001373291016,38.619998931884766,624700
2021-03-09,35.65999984741211,37.54999923706055,35.5099983215332,37.310001373291016,911800
2021-03-10,35.119998931884766,36.130001068115234,34.650001525878906,35.16999816894531,1240300
2021-03-11,35.290000915527344,35.5099983215332,34.95000076293945,35.060001373291016,912000
2021-03-12,35.130001068115234,35.43000030517578,34.91999816894531,35.0099983215332,671100
2021-03-15,34.369998931884766,35.2400016784668,34.16999816894531,34.79999923706055,671900
2021-03-16,34.849998474121094,35.15999984741211,33.630001068115234,34.33000183105469,547800
2021-03-17,35.18000030517578,35.88999938964844,34.790000915527344,35.209999084472656,493500
2021-03-18,35.15999984741211,35.43000030517578,34.72999954223633,35.06999969482422,502200
2021-03-19,35.31999969482422,35.470001220703125,35.04999923706055,35.04999923706055,1136300
2021-03-22,35.0,35.279998779296875,34.90999984741211,35.209999084472656,369100
2021-03-23,34.130001068115234,34.970001220703125,33.959999084472656,34.790000915527344,1411600
2021-03-24,34.34000015258789,35.08000183105469,34.13999938964844,34.4900016784668,779400
2021-03-25,34.81999969482422,34.86000061035156,34.13999938964844,34.15999984741211,586400
2021-03-26,35.380001068115234,35.41999816894531,34.630001068115234,35.0,492000
2021-03-29,35.90999984741211,36.220001220703125,35.2599983215332,35.2599983215332,900900
2021-03-30,35.81999969482422,36.16999816894531,35.790000915527344,35.869998931884766,431700
2021-03-31,35.810001373291016,36.189998626708984,35.599998474121094,35.75,623800
2021-04-01,36.16999816894531,36.33000183105469,35.75,35.900001525878906,433200
2021-04-05,36.31999969482422,36.45000076293945,36.060001373291016,36.380001068115234,273600
2021-04-06,36.790000915527344,36.95000076293945,36.25,36.31999969482422,564900
2021-04-07,37.0,37.150001525878906,36.5,36.93000030517578,251100
2021-04-08,37.91999816894531,37.959999084472656,36.83000183105469,36.869998931884766,545700
2021-04-09,39.06999969482422,39.220001220703125,37.72999954223633,37.77000045776367,669800
2021-04-12,37.849998474121094,38.650001525878906,37.529998779296875,38.619998931884766,620800
2021-04-13,37.33000183105469,37.779998779296875,37.16999816894531,37.709999084472656,388000
2021-04-14,37.380001068115234,37.70000076293945,37.2400016784668,37.31999969482422,358700
2021-04-15,37.63999938964844,37.689998626708984,37.150001525878906,37.54999923706055,588700
2021-04-16,37.20000076293945,37.63999938964844,36.75,37.63999938964844,457200
2021-04-19,36.709999084472656,37.20000076293945,36.61000061035156,37.09000015258789,323300
2021-04-20,36.88999938964844,37.20000076293945,36.119998931884766,37.18000030517578,617900
2021-04-21,36.88999938964844,37.119998931884766,36.04999923706055,36.720001220703125,489000
2021-04-22,37.060001373291016,37.189998626708984,36.5,36.90999984741211,591000
2021-04-23,38.02000045776367,38.029998779296875,36.869998931884766,37.06999969482422,1449700
2021-04-26,38.529998779296875,38.79999923706055,38.04999923706055,38.31999969482422,458100
2021-04-27,38.529998779296875,38.689998626708984,37.93000030517578,38.599998474121094,524200
2021-04-28,38.72999954223633,38.7599983215332,38.22999954223633,38.61000061035156,481200
2021-04-29,38.81999969482422,38.90999984741211,38.619998931884766,38.900001525878906,497700
2021-04-30,38.5,39.25,38.400001525878906,38.689998626708984,408200
2021-05-03,38.2400016784668,38.65999984741211,38.099998474121094,38.650001525878906,269700
2021-05-04,38.060001373291016,38.209999084472656,37.5,38.189998626708984,337400
2021-05-05,38.0,38.45000076293945,37.869998931884766,38.06999969482422,263400
2021-05-06,37.650001525878906,38.060001373291016,36.959999084472656,38.060001373291016,436000
2021-05-07,38.06999969482422,38.27000045776367,37.5099983215332,37.630001068115234,287500
2021-05-10,37.25,38.18000030517578,37.189998626708984,37.970001220703125,606900
2021-05-11,36.5099983215332,36.95000076293945,36.22999954223633,36.70000076293945,433800
2021-05-12,36.11000061035156,36.5099983215332,36.029998779296875,36.310001373291016,347700
2021-05-13,36.470001220703125,36.66999816894531,36.099998474121094,36.130001068115234,307500
2021-05-14,37.029998779296875,37.06999969482422,36.4900016784668,36.5,411800
2021-05-17,36.290000915527344,36.939998626708984,36.0,36.83000183105469,409000
2021-05-18,36.060001373291016,36.61000061035156,36.040000915527344,36.2400016784668,294000
2021-05-19,35.83000183105469,35.939998626708984,32.970001220703125,35.849998474121094,931300
2021-05-20,35.40999984741211,36.08000183105469,35.20000076293945,35.880001068115234,756300
2021-05-21,35.91999816894531,36.08000183105469,35.5,35.560001373291016,283900
2021-05-25,36.20000076293945,36.4900016784668,35.88999938964844,36.150001525878906,501800
2021-05-26,36.56999969482422,36.970001220703125,36.20000076293945,36.20000076293945,333600
2021-05-27,36.86000061035156,37.029998779296875,36.5099983215332,36.97999954223633,626200
2021-05-28,37.43000030517578,37.529998779296875,37.029998779296875,37.06999969482422,359700
2021-05-31,37.20000076293945,37.93000030517578,37.20000076293945,37.4900016784668,254100
2021-06-01,37.2400016784668,37.84000015258789,37.189998626708984,37.40999984741211,322900
2021-06-02,36.70000076293945,37.20000076293945,36.65999984741211,37.18000030517578,343700
2021-06-03,37.290000915527344,37.5,36.5,36.650001525878906,338800
2021-06-04,37.52000045776367,37.59000015258789,37.2400016784668,37.40999984741211,259800
2021-06-07,36.7599983215332,37.83000183105469,36.7400016784668,37.5,473700
2021-06-08,38.599998474121094,38.63999938964844,36.810001373291016,36.81999969482422,489400
2021-06-09,38.25,38.599998474121094,37.65999984741211,38.599998474121094,475800
2021-06-10,38.540000915527344,38.540000915527344,37.689998626708984,38.25,436100
2021-06-11,38.56999969482422,38.86000061035156,38.25,38.599998474121094,324800
2021-06-14,38.470001220703125,38.83000183105469,38.040000915527344,38.599998474121094,392100
2021-06-15,38.77000045776367,39.22999954223633,38.33000183105469,38.4900016784668,304200
2021-06-16,38.720001220703125,39.13999938964844,38.459999084472656,38.58000183105469,366600
2021-06-17,38.349998474121094,39.04999923706055,38.099998474121094,38.619998931884766,260000
2021-06-18,38.36000061035156,38.63999938964844,37.63999938964844,37.959999084472656,774900
2021-06-21,39.0,39.02000045776367,37.91999816894531,38.5,266000
2021-06-22,39.02000045776367,39.189998626708984,38.63999938964844,39.0,239100
2021-06-23,39.0,39.099998474121094,38.59000015258789,38.93000030517578,668800
2021-06-24,39.08000183105469,39.119998931884766,38.75,38.970001220703125,491800
2021-06-25,38.97999954223633,39.349998474121094,38.790000915527344,39.02000045776367,433100
2021-06-28,38.0099983215332,39.0,37.72999954223633,38.83000183105469,536700
2021-06-29,37.900001525878906,38.369998931884766,37.65999984741211,38.0,346000
2021-06-30,38.18000030517578,38.20000076293945,37.349998474121094,37.689998626708984,1317500
2021-07-02,38.650001525878906,39.06999969482422,37.209999084472656,38.380001068115234,682300
2021-07-05,38.97999954223633,39.2400016784668,38.25,38.560001373291016,297500
2021-07-06,38.63999938964844,38.90999984741211,38.349998474121094,38.900001525878906,327400
2021-07-07,39.0099983215332,39.75,38.5099983215332,38.61000061035156,822500
2021-07-08,38.68000030517578,39.150001525878906,38.290000915527344,38.31999969482422,575500
2021-07-09,38.54999923706055,39.0,38.540000915527344,38.849998474121094,436000
2021-07-12,37.77000045776367,38.34000015258789,37.0099983215332,38.2599983215332,734900
2021-07-13,36.540000915527344,37.77000045776367,36.38999938964844,37.77000045776367,633700
2021-07-14,35.86000061035156,36.720001220703125,35.810001373291016,36.4900016784668,526700
2021-07-15,35.81999969482422,36.130001068115234,35.599998474121094,35.65999984741211,467600
2021-07-16,35.75,36.380001068115234,35.65999984741211,36.0,357500
2021-07-19,34.70000076293945,35.349998474121094,34.4900016784668,35.20000076293945,490600
2021-07-20,35.75,36.040000915527344,34.75,34.75,449400
2021-07-21,36.599998474121094,36.689998626708984,35.900001525878906,35.970001220703125,464300
2021-07-22,38.540000915527344,39.09000015258789,38.0,38.0,1809200
2021-07-23,39.0,39.36000061035156,38.43000030517578,38.61000061035156,1382400
2021-07-26,38.290000915527344,39.0,38.11000061035156,39.0,11149200
2021-07-27,38.720001220703125,38.83000183105469,37.52000045776367,38.060001373291016,581700
2021-07-28,38.88999938964844,39.290000915527344,38.58000183105469,38.939998626708984,622600
2021-07-29,38.459999084472656,39.099998474121094,38.38999938964844,38.880001068115234,526200
2021-07-30,38.06999969482422,38.439998626708984,37.58000183105469,38.33000183105469,630900
2021-08-03,38.099998474121094,38.47999954223633,37.849998474121094,38.16999816894531,664900
2021-08-04,37.709999084472656,38.060001373291016,37.65999984741211,37.869998931884766,408800
2021-08-05,38.25,38.400001525878906,37.709999084472656,37.709999084472656,521500
2021-08-06,39.02000045776367,39.029998779296875,38.369998931884766,38.40999984741211,488500
2021-08-09,38.900001525878906,38.97999954223633,38.349998474121094,38.88999938964844,227300
2021-08-10,39.70000076293945,39.75,38.75,38.9900016784668,364100
2021-08-11,38.5,39.75,38.29999923706055,39.75,511900
2021-08-12,36.5,38.439998626708984,36.15999984741211,38.310001373291016,1111600
2021-08-13,35.9900016784668,36.56999969482422,35.849998474121094,36.459999084472656,585300
2021-08-16,35.220001220703125,35.88999938964844,35.11000061035156,35.720001220703125,503100
2021-08-17,34.689998626708984,35.209999084472656,34.66999816894531,35.209999084472656,413400
2021-08-18,34.5099983215332,34.869998931884766,34.33000183105469,34.709999084472656,396300
2021-08-19,34.380001068115234,34.5,33.95000076293945,34.119998931884766,337100
2021-08-20,34.939998626708984,35.029998779296875,34.16999816894531,34.43000030517578,388200
2021-08-23,35.59000015258789,36.400001525878906,35.209999084472656,35.209999084472656,648100
2021-08-24,35.65999984741211,35.810001373291016,35.5,35.810001373291016,381100
2021-08-25,35.66999816894531,35.77000045776367,34.02000045776367,34.7599983215332,1310800
2021-08-26,34.959999084472656,35.459999084472656,34.86000061035156,35.41999816894531,668800
2021-08-27,36.060001373291016,36.29999923706055,34.959999084472656,34.970001220703125,729500
2021-08-30,35.86000061035156,36.2599983215332,35.720001220703125,36.06999969482422,327300
2021-08-31,36.43000030517578,37.13999938964844,35.880001068115234,35.939998626708984,1435700
2021-09-01,37.08000183105469,37.65999984741211,36.619998931884766,36.7400016784668,954600
2021-09-02,38.630001068115234,38.75,37.2599983215332,37.290000915527344,803200
2021-09-03,38.060001373291016,38.650001525878906,37.779998779296875,38.45000076293945,716500
2021-09-07,38.150001525878906,38.41999816894531,37.959999084472656,38.0099983215332,842400
2021-09-08,38.4900016784668,39.439998626708984,38.09000015258789,38.25,782300
2021-09-09,38.650001525878906,39.380001068115234,38.47999954223633,38.47999954223633,745900
2021-09-10,38.43000030517578,38.93000030517578,38.189998626708984,38.790000915527344,547300
2021-09-13,38.70000076293945,39.25,38.43000030517578,38.66999816894531,723900
2021-09-14,38.470001220703125,38.90999984741211,38.31999969482422,38.77000045776367,435400
2021-09-15,38.599998474121094,38.810001373291016,38.15999984741211,38.5,592800
2021-09-16,37.130001068115234,38.75,37.130001068115234,38.75,663100
2021-09-17,36.689998626708984,37.47999954223633,36.63999938964844,37.0,2998000
2021-09-20,36.20000076293945,36.459999084472656,35.54999923706055,36.11000061035156,1511800
2021-09-21,36.22999954223633,36.540000915527344,35.95000076293945,36.369998931884766,511600
2021-09-22,36.61000061035156,36.779998779296875,36.119998931884766,36.119998931884766,527100
2021-09-23,36.83000183105469,36.900001525878906,36.54999923706055,36.779998779296875,425200
2021-09-24,37.08000183105469,37.13999938964844,36.369998931884766,36.59000015258789,720300
2021-09-27,38.119998931884766,38.150001525878906,36.970001220703125,37.0,797400
2021-09-28,37.81999969482422,38.0,37.4900016784668,37.84000015258789,615900
2021-09-29,37.63999938964844,38.29999923706055,37.4900016784668,38.0,376800
2021-09-30,37.84000015258789,38.849998474121094,37.68000030517578,37.689998626708984,664300
2021-10-01,37.97999954223633,38.220001220703125,37.56999969482422,37.970001220703125,426100
2021-10-04,37.18000030517578,37.93000030517578,36.529998779296875,37.86000061035156,528600
2021-10-05,36.970001220703125,37.369998931884766,36.869998931884766,37.09000015258789,339900
2021-10-06,36.560001373291016,36.68000030517578,36.029998779296875,36.529998779296875,425700
2021-10-07,37.06999969482422,37.209999084472656,36.650001525878906,36.70000076293945,932400
2021-10-08,37.779998779296875,38.34000015258789,37.11000061035156,37.11000061035156,597300
2021-10-12,37.72999954223633,38.150001525878906,37.56999969482422,37.7400016784668,1250200
2021-10-13,37.88999938964844,38.04999923706055,37.470001220703125,37.779998779296875,695200
2021-10-14,38.09000015258789,38.349998474121094,37.880001068115234,38.16999816894531,349900
2021-10-15,38.790000915527344,38.970001220703125,38.09000015258789,38.34000015258789,465800
2021-10-18,37.9900016784668,38.529998779296875,37.2400016784668,38.52000045776367,447000
2021-10-19,37.470001220703125,38.099998474121094,37.34000015258789,38.0,536400
2021-10-20,37.5099983215332,37.81999969482422,37.2599983215332,37.34000015258789,641300
2021-10-21,37.66999816894531,37.849998474121094,37.2400016784668,37.470001220703125,253700
2021-10-22,37.459999084472656,37.810001373291016,37.279998779296875,37.77000045776367,230400
2021-10-25,38.130001068115234,38.400001525878906,37.34000015258789,37.52000045776367,413800
2021-10-26,37.59000015258789,38.380001068115234,37.58000183105469,38.25,301400
2021-10-27,36.880001068115234,37.880001068115234,36.849998474121094,37.630001068115234,701000
2021-10-28,37.41999816894531,37.70000076293945,36.5,37.11000061035156,623000
2021-10-29,37.529998779296875,37.619998931884766,37.15999984741211,37.16999816894531,344600
2021-11-01,38.0,38.0099983215332,37.4900016784668,37.68000030517578,926700
2021-11-02,38.099998474121094,38.70000076293945,37.720001220703125,37.880001068115234,408700
2021-11-03,38.58000183105469,38.66999816894531,37.88999938964844,37.88999938964844,252000
2021-11-04,39.02000045776367,39.08000183105469,38.52000045776367,38.540000915527344,389700
2021-11-05,41.599998474121094,41.95000076293945,39.0099983215332,39.0099983215332,917000
2021-11-08,41.900001525878906,42.22999954223633,41.119998931884766,41.31999969482422,623900
2021-11-09,42.36000061035156,42.43000030517578,41.709999084472656,41.88999938964844,348900
2021-11-10,41.70000076293945,42.43000030517578,41.400001525878906,41.939998626708984,519000
2021-11-11,37.5,41.7599983215332,37.25,41.349998474121094,1549400
2021-11-12,37.349998474121094,37.7599983215332,36.56999969482422,37.720001220703125,1922200
2021-11-15,36.709999084472656,37.54999923706055,36.29999923706055,37.470001220703125,905000
2021-11-16,36.599998474121094,36.810001373291016,35.689998626708984,36.68000030517578,696700
2021-11-17,35.79999923706055,36.400001525878906,35.650001525878906,36.38999938964844,800400
2021-11-18,35.68000030517578,36.099998474121094,35.630001068115234,35.849998474121094,521100
2021-11-19,35.27000045776367,35.68000030517578,35.02000045776367,35.56999969482422,611700
2021-11-22,34.459999084472656,35.47999954223633,34.43000030517578,35.47999954223633,698000
2021-11-23,34.20000076293945,34.619998931884766,33.7599983215332,34.369998931884766,951400
2021-11-24,33.72999954223633,34.04999923706055,33.310001373291016,34.04999923706055,2417900
2021-11-25,33.810001373291016,33.97999954223633,33.47999954223633,33.72999954223633,396200
2021-11-26,32.15999984741211,32.45000076293945,30.850000381469727,32.13999938964844,1227700
2021-11-29,31.540000915527344,32.75,31.350000381469727,32.400001525878906,1291000
2021-11-30,30.700000762939453,31.8799991607666,30.510000228881836,31.030000686645508,2527400
2021-12-01,30.200000762939453,31.639999389648438,30.18000030517578,31.450000762939453,981800
2021-12-02,31.15999984741211,31.3799991607666,30.229999542236328,30.299999237060547,746100
2021-12-03,29.81999969482422,31.040000915527344,29.670000076293945,31.040000915527344,608100
2021-12-06,30.729999542236328,30.829999923706055,29.75,29.899999618530273,920000
2021-12-07,31.489999771118164,32.27000045776367,31.030000686645508,31.049999237060547,1206100
2021-12-08,31.170000076293945,31.68000030517578,30.899999618530273,31.68000030517578,749600
2021-12-09,30.770000457763672,31.049999237060547,30.559999465942383,30.8700008392334,778200
2021-12-10,30.440000534057617,31.18000030517578,30.299999237060547,31.06999969482422,543200
2021-12-13,30.049999237060547,30.440000534057617,29.459999084472656,30.420000076293945,1412600
2021-12-14,29.989999771118164,30.649999618530273,29.940000534057617,30.34000015258789,499000
2021-12-15,30.3799991607666,30.450000762939453,29.399999618530273,29.899999618530273,1084600
2021-12-16,30.059999465942383,30.809999465942383,30.020000457763672,30.489999771118164,720500
2021-12-17,31.040000915527344,31.56999969482422,29.8799991607666,30.059999465942383,1335000
2021-12-20,30.479999542236328,30.729999542236328,29.93000030517578,30.34000015258789,1088500
2021-12-21,32.189998626708984,32.58000183105469,30.479999542236328,30.489999771118164,868700
2021-12-22,32.75,32.79999923706055,31.969999313354492,32.18000030517578,803200
2021-12-23,32.40999984741211,33.130001068115234,32.38999938964844,33.119998931884766,1338700
2021-12-24,32.380001068115234,32.66999816894531,32.310001373291016,32.310001373291016,239000
2021-12-29,31.969999313354492,32.54999923706055,31.950000762939453,32.369998931884766,558200
2021-12-30,31.559999465942383,32.150001525878906,31.549999237060547,32.08000183105469,249500
2021-12-31,31.90999984741211,32.0099983215332,31.549999237060547,31.56999969482422,306600
2022-01-04,32.900001525878906,33.630001068115234,32.54999923706055,32.54999923706055,764800
2022-01-05,32.0,33.31999969482422,31.940000534057617,32.880001068115234,502900
2022-01-06,32.15999984741211,32.310001373291016,31.3700008392334,32.189998626708984,303900
2022-01-07,32.2400016784668,32.5,31.889999389648438,32.16999816894531,400300
2022-01-10,32.040000915527344,32.20000076293945,31.329999923706055,31.959999084472656,314700
2022-01-11,32.81999969482422,32.88999938964844,31.790000915527344,32.209999084472656,333000
2022-01-12,32.97999954223633,33.2599983215332,32.88999938964844,32.95000076293945,708900
2022-01-13,33.380001068115234,33.72999954223633,32.7599983215332,33.119998931884766,511900
2022-01-14,33.119998931884766,33.4900016784668,32.689998626708984,33.29999923706055,696000
2022-01-17,33.5,33.77000045776367,33.06999969482422,33.06999969482422,141500
2022-01-18,33.15999984741211,33.349998474121094,32.75,32.970001220703125,539100
2022-01-19,31.90999984741211,33.2599983215332,31.809999465942383,33.2599983215332,336300
2022-01-20,31.149999618530273,32.189998626708984,31.100000381469727,32.0,859300
2022-01-21,30.899999618530273,31.1299991607666,30.329999923706055,30.940000534057617,664000
2022-01-24,30.950000762939453,30.950000762939453,29.579999923706055,30.329999923706055,542100
2022-01-25,30.809999465942383,31.059999465942383,29.940000534057617,30.399999618530273,591900
2022-01-26,30.969999313354492,31.770000457763672,30.739999771118164,31.010000228881836,660400
2022-01-27,30.270000457763672,31.15999984741211,30.229999542236328,31.059999465942383,634600
2022-01-28,30.520000457763672,30.530000686645508,29.5,30.219999313354492,476700
2022-01-31,32.099998474121094,32.220001220703125,30.239999771118164,30.239999771118164,775100
2022-02-01,32.7599983215332,32.77000045776367,31.920000076293945,32.2400016784668,486400
2022-02-02,32.88999938964844,33.099998474121094,32.459999084472656,32.72999954223633,593500
2022-02-03,31.559999465942383,32.68000030517578,31.540000915527344,32.540000915527344,476100
2022-02-04,31.739999771118164,31.959999084472656,31.1200008392334,31.5,341200
2022-02-07,31.459999084472656,32.2599983215332,31.3700008392334,31.850000381469727,370400
2022-02-08,32.540000915527344,32.84000015258789,31.010000228881836,31.059999465942383,746800
2022-02-09,33.0,33.38999938964844,32.79999923706055,32.79999923706055,666900
2022-02-10,32.709999084472656,33.290000915527344,32.5,32.59000015258789,634400
2022-02-11,31.579999923706055,33.2400016784668,31.190000534057617,32.029998779296875,763000
2022-02-14,31.780000686645508,32.16999816894531,31.3700008392334,31.520000457763672,1108500
2022-02-15,33.959999084472656,34.060001373291016,32.63999938964844,32.900001525878906,1000100
2022-02-16,33.4900016784668,33.79999923706055,32.959999084472656,33.65999984741211,582100
2022-02-17,32.779998779296875,33.5,32.7599983215332,33.31999969482422,661200
2022-02-18,32.439998626708984,33.02000045776367,32.369998931884766,32.93000030517578,559100
2022-02-22,31.84000015258789,32.16999816894531,31.670000076293945,32.08000183105469,522900
2022-02-23,31.270000457763672,32.290000915527344,31.229999542236328,32.06999969482422,402000
2022-02-24,32.0,32.099998474121094,30.260000228881836,30.40999984741211,1522600
2022-02-25,33.22999954223633,33.43000030517578,31.950000762939453,32.36000061035156,725000
2022-02-28,33.90999984741211,34.439998626708984,32.77000045776367,32.97999954223633,1150700
2022-03-01,34.599998474121094,34.84000015258789,33.45000076293945,33.75,991300
2022-03-02,35.029998779296875,35.470001220703125,34.709999084472656,34.97999954223633,821600
2022-03-03,34.560001373291016,35.18000030517578,34.5099983215332,35.04999923706055,991400
2022-03-04,33.720001220703125,34.43000030517578,33.540000915527344,34.29999923706055,372800
2022-03-07,30.950000762939453,34.18000030517578,30.8700008392334,33.650001525878906,1333500
2022-03-08,30.18000030517578,31.190000534057617,29.049999237060547,31.079999923706055,1286900
2022-03-09,33.189998626708984,33.27000045776367,30.639999389648438,30.739999771118164,1144800
2022-03-10,32.56999969482422,33.36000061035156,32.279998779296875,32.58000183105469,533300
2022-03-11,30.920000076293945,32.959999084472656,30.8799991607666,32.959999084472656,591300
2022-03-14,29.920000076293945,31.170000076293945,29.670000076293945,31.170000076293945,750000
2022-03-15,30.350000381469727,30.68000030517578,29.700000762939453,30.299999237060547,767600
2022-03-16,30.479999542236328,30.969999313354492,29.649999618530273,30.670000076293945,1506900
2022-03-17,30.56999969482422,30.59000015258789,30.040000915527344,30.389999389648438,891700
2022-03-18,32.2400016784668,32.470001220703125,30.56999969482422,30.56999969482422,2685900
2022-03-21,32.33000183105469,32.47999954223633,31.600000381469727,32.11000061035156,590200
2022-03-22,32.900001525878906,33.11000061035156,32.349998474121094,32.400001525878906,408000
2022-03-23,31.889999389648438,32.81999969482422,31.8799991607666,32.7599983215332,418300
2022-03-24,31.940000534057617,32.369998931884766,31.510000228881836,31.979999542236328,1711000
2022-03-25,31.719999313354492,32.11000061035156,31.31999969482422,32.11000061035156,750000
2022-03-28,31.790000915527344,31.8700008392334,31.420000076293945,31.729999542236328,384600
2022-03-29,32.790000915527344,32.97999954223633,32.20000076293945,32.279998779296875,458500
2022-03-30,32.619998931884766,32.93000030517578,32.25,32.93000030517578,325400
2022-03-31,32.540000915527344,33.33000183105469,32.5099983215332,32.90999984741211,695300
2022-04-01,32.810001373291016,32.97999954223633,32.29999923706055,32.790000915527344,505100
2022-04-04,34.279998779296875,34.34000015258789,32.70000076293945,32.900001525878906,845100
2022-04-05,33.20000076293945,34.65999984741211,33.150001525878906,34.25,562000
2022-04-06,32.25,32.900001525878906,31.959999084472656,32.900001525878906,518400
2022-04-07,32.810001373291016,32.93000030517578,31.969999313354492,32.2599983215332,370700
2022-04-08,32.56999969482422,32.91999816894531,32.27000045776367,32.810001373291016,614200
2022-04-11,31.690000534057617,32.470001220703125,31.600000381469727,32.400001525878906,513700
2022-04-12,32.15999984741211,32.310001373291016,31.670000076293945,31.969999313354492,471400
2022-04-13,33.04999923706055,33.2400016784668,32.18000030517578,32.189998626708984,405600
2022-04-14,33.59000015258789,33.939998626708984,33.29999923706055,33.31999969482422,455400
2022-04-18,32.849998474121094,33.4900016784668,32.529998779296875,33.4900016784668,273100
2022-04-19,34.41999816894531,34.459999084472656,32.869998931884766,32.97999954223633,416200
2022-04-20,34.029998779296875,34.790000915527344,33.93000030517578,34.5,323300
2022-04-21,33.380001068115234,34.75,33.22999954223633,34.29999923706055,492600
2022-04-22,32.689998626708984,33.560001373291016,32.66999816894531,33.290000915527344,531000
2022-04-25,33.75,33.880001068115234,32.04999923706055,32.5,528900
2022-04-26,32.689998626708984,33.849998474121094,32.34000015258789,33.849998474121094,817800
2022-04-27,33.099998474121094,33.40999984741211,32.650001525878906,32.68000030517578,661200
2022-04-28,33.560001373291016,33.93000030517578,32.650001525878906,33.52000045776367,358500
2022-04-29,30.549999237060547,33.79999923706055,30.389999389648438,33.279998779296875,1455800
2022-05-02,32.0,32.0099983215332,30.3799991607666,30.59000015258789,720500
2022-05-03,30.950000762939453,32.0,30.940000534057617,32.0,1002300
2022-05-04,31.399999618530273,31.6200008392334,30.5,30.959999084472656,904000
2022-05-05,30.850000381469727,31.59000015258789,30.469999313354492,31.149999618530273,598600
2022-05-06,30.639999389648438,30.920000076293945,30.06999969482422,30.65999984741211,403800
2022-05-09,29.059999465942383,30.329999923706055,28.889999389648438,30.1200008392334,915800
2022-05-10,28.3799991607666,29.899999618530273,27.719999313354492,29.559999465942383,883800
2022-05-11,27.700000762939453,28.770000457763672,27.399999618530273,28.3799991607666,702400
2022-05-12,28.18000030517578,28.34000015258789,27.270000457763672,27.329999923706055,786000
2022-05-13,30.100000381469727,30.260000228881836,28.559999465942383,28.600000381469727,882500
2022-05-16,29.329999923706055,30.209999084472656,29.040000915527344,29.989999771118164,449600
2022-05-17,30.489999771118164,30.510000228881836,29.600000381469727,30.0,681700
2022-05-18,29.8799991607666,30.579999923706055,29.149999618530273,29.760000228881836,867300
2022-05-19,29.31999969482422,29.81999969482422,29.030000686645508,29.18000030517578,507800
2022-05-20,29.700000762939453,29.90999984741211,29.010000228881836,29.709999084472656,412700
2022-05-24,29.559999465942383,29.8799991607666,29.170000076293945,29.8700008392334,542000
2022-05-25,30.030000686645508,30.1299991607666,29.299999237060547,29.34000015258789,372100
2022-05-26,30.3799991607666,30.610000610351562,29.979999542236328,30.010000228881836,613400
2022-05-27,31.729999542236328,31.8700008392334,30.399999618530273,30.65999984741211,965800
2022-05-30,31.989999771118164,32.43000030517578,31.639999389648438,31.829999923706055,209900
2022-05-31,31.59000015258789,32.09000015258789,31.09000015258789,31.5,1456700
2022-06-01,34.02000045776367,35.18000030517578,32.650001525878906,33.189998626708984,1068600
2022-06-02,34.40999984741211,34.849998474121094,33.869998931884766,33.869998931884766,685500
2022-06-03,33.90999984741211,34.2599983215332,33.61000061035156,34.029998779296875,497400
2022-06-06,33.97999954223633,34.810001373291016,33.90999984741211,34.7599983215332,429400
2022-06-07,33.63999938964844,33.81999969482422,33.209999084472656,33.59000015258789,949700
2022-06-08,33.09000015258789,33.5,32.619998931884766,33.40999984741211,1077700
2022-06-09,32.66999816894531,33.08000183105469,32.400001525878906,33.08000183105469,361500
2022-06-10,31.229999542236328,32.27000045776367,31.110000610351562,32.09000015258789,918000
2022-06-13,31.299999237060547,31.639999389648438,30.18000030517578,30.239999771118164,988500
2022-06-14,30.780000686645508,31.549999237060547,30.6200008392334,31.549999237060547,687000
2022-06-15,30.540000915527344,31.209999084472656,30.200000762939453,31.100000381469727,544300
2022-06-16,28.8799991607666,29.829999923706055,28.850000381469727,29.829999923706055,523200
2022-06-17,29.709999084472656,29.950000762939453,28.940000534057617,28.940000534057617,1746400
2022-06-20,30.489999771118164,30.719999313354492,29.520000457763672,29.520000457763672,222000
2022-06-21,30.43000030517578,30.729999542236328,29.899999618530273,30.489999771118164,469200
2022-06-22,30.020000457763672,30.350000381469727,29.559999465942383,30.059999465942383,585000
2022-06-23,31.420000076293945,31.559999465942383,30.399999618530273,30.709999084472656,627400
2022-06-24,32.13999938964844,32.25,31.450000762939453,31.530000686645508,579200
2022-06-27,32.04999923706055,32.31999969482422,31.530000686645508,32.310001373291016,354700
2022-06-28,31.799999237060547,32.66999816894531,31.770000457763672,32.20000076293945,731800
2022-06-29,31.149999618530273,32.13999938964844,31.0,31.799999237060547,558400
2022-06-30,31.719999313354492,31.790000915527344,30.260000228881836,30.549999237060547,965700
2022-07-04,31.739999771118164,32.08000183105469,31.549999237060547,31.809999465942383,228300
2022-07-05,31.969999313354492,32.0,31.209999084472656,31.6200008392334,505400
2022-07-06,31.649999618530273,32.15999984741211,31.229999542236328,31.989999771118164,420700
2022-07-07,32.47999954223633,32.560001373291016,31.6299991607666,31.709999084472656,473100
2022-07-08,31.950000762939453,32.58000183105469,31.84000015258789,32.400001525878906,504900
2022-07-11,31.760000228881836,31.8799991607666,31.290000915527344,31.75,508000
2022-07-12,31.809999465942383,32.18000030517578,31.6200008392334,31.690000534057617,441400
2022-07-13,30.81999969482422,31.530000686645508,30.40999984741211,31.31999969482422,821100
2022-07-14,30.920000076293945,31.149999618530273,30.280000686645508,30.5,536500
2022-07-15,31.309999465942383,31.420000076293945,30.84000015258789,31.309999465942383,509100
2022-07-18,32.75,32.7599983215332,31.6299991607666,31.6299991607666,780100
2022-07-19,33.709999084472656,33.7599983215332,32.90999984741211,32.90999984741211,602300
2022-07-20,33.43000030517578,33.65999984741211,32.849998474121094,33.599998474121094,426500
2022-07-21,33.5099983215332,33.529998779296875,33.060001373291016,33.150001525878906,303100
2022-07-22,33.11000061035156,33.630001068115234,32.93000030517578,33.529998779296875,210500
2022-07-25,33.52000045776367,33.540000915527344,32.880001068115234,33.099998474121094,272100
2022-07-26,32.5,33.529998779296875,32.349998474121094,33.529998779296875,609400
2022-07-27,32.81999969482422,33.279998779296875,32.619998931884766,32.79999923706055,494000
2022-07-28,33.0099983215332,33.150001525878906,32.599998474121094,32.810001373291016,611300
2022-07-29,33.880001068115234,33.959999084472656,32.88999938964844,33.02000045776367,663700
2022-08-02,33.720001220703125,33.95000076293945,33.31999969482422,33.79999923706055,675900
2022-08-03,34.15999984741211,34.38999938964844,33.689998626708984,33.90999984741211,598900
2022-08-04,34.36000061035156,34.77000045776367,34.189998626708984,34.189998626708984,395900
2022-08-05,34.61000061035156,34.63999938964844,34.04999923706055,34.04999923706055,310300
2022-08-08,33.63999938964844,34.599998474121094,33.45000076293945,34.16999816894531,482600
2022-08-09,33.25,33.689998626708984,33.04999923706055,33.599998474121094,301900
2022-08-10,27.389999389648438,32.0,27.3700008392334,32.0,2284400
2022-08-11,26.649999618530273,27.950000762939453,25.530000686645508,27.8700008392334,3305400
2022-08-12,27.559999465942383,27.81999969482422,26.329999923706055,26.809999465942383,930300
2022-08-15,27.3799991607666,27.829999923706055,27.290000915527344,27.469999313354492,1076200
2022-08-16,26.84000015258789,27.399999618530273,26.81999969482422,27.360000610351562,1402700
2022-08-17,26.549999237060547,26.920000076293945,26.3700008392334,26.860000610351562,1067900
2022-08-18,26.3700008392334,26.670000076293945,26.309999465942383,26.600000381469727,751400
2022-08-19,26.149999618530273,26.399999618530273,25.81999969482422,26.399999618530273,719600
2022-08-22,25.489999771118164,25.81999969482422,25.190000534057617,25.81999969482422,893300
2022-08-23,25.360000610351562,25.610000610351562,25.229999542236328,25.459999084472656,760800
2022-08-24,25.899999618530273,25.920000076293945,25.299999237060547,25.43000030517578,855400
2022-08-25,26.520000457763672,26.56999969482422,25.81999969482422,26.0,992100
2022-08-26,25.040000915527344,26.600000381469727,24.940000534057617,26.459999084472656,1295700
2022-08-29,24.739999771118164,24.8799991607666,24.399999618530273,24.729999542236328,864300
2022-08-30,24.270000457763672,25.1299991607666,24.149999618530273,24.84000015258789,747900
2022-08-31,23.979999542236328,24.459999084472656,23.889999389648438,24.290000915527344,1349300
2022-09-01,23.260000228881836,23.719999313354492,22.940000534057617,23.719999313354492,1263000
2022-09-02,23.309999465942383,23.600000381469727,23.100000381469727,23.489999771118164,732200
2022-09-06,23.209999084472656,23.489999771118164,23.06999969482422,23.420000076293945,1252900
2022-09-07,23.520000457763672,23.579999923706055,22.950000762939453,23.1299991607666,644000
2022-09-08,24.139999389648438,24.15999984741211,23.219999313354492,23.40999984741211,1048500
2022-09-09,24.530000686645508,24.780000686645508,24.260000228881836,24.350000381469727,734500
2022-09-12,24.329999923706055,24.81999969482422,24.049999237060547,24.729999542236328,903100
2022-09-13,23.579999923706055,23.989999771118164,23.270000457763672,23.770000457763672,821800
2022-09-14,23.469999313354492,23.709999084472656,23.31999969482422,23.540000915527344,521200
2022-09-15,23.25,23.6200008392334,23.149999618530273,23.5,594300
2022-09-16,23.209999084472656,23.229999542236328,22.899999618530273,23.059999465942383,1518400
2022-09-19,23.290000915527344,23.530000686645508,22.959999084472656,22.959999084472656,421700
2022-09-20,23.049999237060547,23.190000534057617,23.0,23.170000076293945,680600
2022-09-21,22.479999542236328,23.25,22.469999313354492,23.18000030517578,1529000
2022-09-22,22.239999771118164,22.540000915527344,22.149999618530273,22.5,606700
2022-09-23,21.15999984741211,21.950000762939453,21.010000228881836,21.889999389648438,1274700
2022-09-26,21.309999465942383,21.530000686645508,21.010000228881836,21.100000381469727,707100
2022-09-27,21.780000686645508,22.100000381469727,21.450000762939453,21.549999237060547,871400
2022-09-28,22.1200008392334,22.190000534057617,21.649999618530273,21.809999465942383,639200
2022-09-29,21.610000610351562,21.860000610351562,21.239999771118164,21.860000610351562,700400
2022-09-30,21.190000534057617,21.739999771118164,21.170000076293945,21.6200008392334,849600
2022-10-03,21.639999389648438,21.719999313354492,20.899999618530273,21.389999389648438,898100
2022-10-04,22.81999969482422,23.100000381469727,22.100000381469727,22.139999389648438,811900
2022-10-05,22.90999984741211,23.079999923706055,22.530000686645508,22.530000686645508,708700
2022-10-06,22.8700008392334,23.200000762939453,22.65999984741211,22.850000381469727,654100
2022-10-07,22.489999771118164,22.59000015258789,22.149999618530273,22.5,868300
2022-10-11,22.420000076293945,23.100000381469727,22.049999237060547,22.280000686645508,602900
2022-10-12,22.530000686645508,22.549999237060547,22.049999237060547,22.290000915527344,496600
2022-10-13,23.15999984741211,23.34000015258789,21.969999313354492,22.09000015258789,771100
2022-10-14,22.719999313354492,23.5,22.709999084472656,23.440000534057617,561200
2022-10-17,23.3799991607666,23.489999771118164,22.84000015258789,23.079999923706055,594400
2022-10-18,23.709999084472656,24.200000762939453,23.59000015258789,23.90999984741211,459100
2022-10-19,23.6299991607666,23.65999984741211,23.260000228881836,23.549999237060547,405800
2022-10-20,23.479999542236328,23.979999542236328,23.43000030517578,23.56999969482422,327000
2022-10-21,24.079999923706055,24.100000381469727,23.3799991607666,23.440000534057617,407700
2022-10-24,24.3799991607666,24.43000030517578,23.969999313354492,24.09000015258789,483600
2022-10-25,25.0,25.010000228881836,24.299999237060547,24.299999237060547,694900
2022-10-26,25.3700008392334,26.059999465942383,24.81999969482422,24.860000610351562,805800
2022-10-27,25.950000762939453,25.989999771118164,25.540000915527344,25.600000381469727,545600
2022-10-28,25.940000534057617,26.020000457763672,25.700000762939453,25.920000076293945,761400
2022-10-31,26.0,26.149999618530273,25.770000457763672,25.770000457763672,647900
2022-11-01,25.219999313354492,26.350000381469727,25.1299991607666,26.219999313354492,679300
2022-11-02,24.239999771118164,25.3700008392334,24.190000534057617,25.139999389648438,974300
2022-11-03,24.260000228881836,24.610000610351562,23.959999084472656,24.010000228881836,451000
2022-11-04,24.299999237060547,24.559999465942383,23.809999465942383,24.469999313354492,416300
2022-11-07,24.170000076293945,24.459999084472656,23.809999465942383,24.459999084472656,596100
2022-11-08,24.510000228881836,24.65999984741211,24.06999969482422,24.209999084472656,647400
2022-11-09,24.049999237060547,24.350000381469727,23.799999237060547,24.329999923706055,686500
2022-11-10,28.43000030517578,28.690000534057617,24.93000030517578,24.959999084472656,1619300
2022-11-11,28.84000015258789,29.139999389648438,27.860000610351562,28.510000228881836,909000
2022-11-14,28.950000762939453,29.25,28.049999237060547,28.649999618530273,907100
2022-11-15,29.1200008392334,30.18000030517578,28.920000076293945,29.450000762939453,981400
2022-11-16,28.56999969482422,29.389999389648438,28.56999969482422,28.90999984741211,831100
2022-11-17,28.43000030517578,28.850000381469727,28.030000686645508,28.190000534057617,612500
2022-11-18,28.420000076293945,28.850000381469727,28.280000686645508,28.700000762939453,396700
2022-11-21,28.6200008392334,28.75,28.030000686645508,28.219999313354492,417100
2022-11-22,28.68000030517578,28.84000015258789,28.420000076293945,28.719999313354492,428000
2022-11-23,28.809999465942383,29.25,28.639999389648438,28.639999389648438,361100
2022-11-24,29.0,29.139999389648438,28.729999542236328,28.729999542236328,104400
2022-11-25,29.059999465942383,29.1200008392334,28.729999542236328,28.940000534057617,199800
2022-11-28,28.75,29.31999969482422,28.709999084472656,28.850000381469727,941900
2022-11-29,28.700000762939453,29.040000915527344,28.670000076293945,28.809999465942383,299700
2022-11-30,29.09000015258789,29.329999923706055,28.43000030517578,28.75,1891700
2022-12-01,29.09000015258789,29.200000762939453,28.780000686645508,29.0,391000
2022-12-02,28.18000030517578,28.969999313354492,28.110000610351562,28.75,748200
2022-12-05,28.450000762939453,28.75,27.920000076293945,28.079999923706055,428400
2022-12-06,28.1299991607666,28.700000762939453,28.110000610351562,28.559999465942383,401600
2022-12-07,27.799999237060547,28.200000762939453,27.65999984741211,28.079999923706055,516500
2022-12-08,27.8799991607666,28.1299991607666,27.639999389648438,27.8799991607666,572200
2022-12-09,27.770000457763672,28.139999389648438,27.729999542236328,27.8799991607666,287100
2022-12-12,28.530000686645508,29.5,28.450000762939453,28.860000610351562,784200
2022-12-13,28.1299991607666,29.209999084472656,28.0,29.100000381469727,630900
2022-12-14,28.200000762939453,28.6299991607666,27.950000762939453,28.15999984741211,513900
2022-12-15,27.889999389648438,28.239999771118164,27.65999984741211,28.100000381469727,555000
2022-12-16,26.56999969482422,27.969999313354492,26.530000686645508,27.68000030517578,1714100
2022-12-19,26.649999618530273,26.979999542236328,26.489999771118164,26.559999465942383,465500
2022-12-20,26.219999313354492,26.639999389648438,26.170000076293945,26.5,369900
2022-12-21,26.6299991607666,26.729999542236328,26.3700008392334,26.3799991607666,407000
2022-12-22,26.020000457763672,26.68000030517578,25.649999618530273,26.440000534057617,505300
2022-12-23,25.969999313354492,26.010000228881836,25.780000686645508,25.850000381469727,380400
2022-12-28,25.56999969482422,25.989999771118164,25.440000534057617,25.510000228881836,315800
2022-12-29,26.219999313354492,26.3700008392334,25.530000686645508,25.649999618530273,305700
2022-12-30,26.190000534057617,26.59000015258789,25.950000762939453,25.989999771118164,348500
2023-01-03,26.610000610351562,26.940000534057617,26.280000686645508,26.510000228881836,456100
2023-01-04,26.8799991607666,27.030000686645508,26.639999389648438,26.739999771118164,466400
2023-01-05,26.559999465942383,26.770000457763672,26.34000015258789,26.700000762939453,248000
2023-01-06,26.799999237060547,26.860000610351562,26.200000762939453,26.68000030517578,296900
2023-01-09,27.030000686645508,27.670000076293945,26.959999084472656,26.959999084472656,554300
2023-01-10,27.459999084472656,27.479999542236328,26.81999969482422,26.969999313354492,368500
2023-01-11,27.639999389648438,27.719999313354492,27.389999389648438,27.489999771118164,488800
2023-01-12,28.739999771118164,28.75,27.65999984741211,27.729999542236328,480500
2023-01-13,28.270000457763672,29.020000457763672,28.260000228881836,28.489999771118164,590000
2023-01-16,28.56999969482422,28.700000762939453,28.260000228881836,28.270000457763672,137700
2023-01-17,28.709999084472656,28.790000915527344,28.139999389648438,28.440000534057617,364500
2023-01-18,28.549999237060547,29.25,28.530000686645508,28.850000381469727,647300
2023-01-19,28.280000686645508,28.600000381469727,28.059999465942383,28.469999313354492,439000
2023-01-20,28.399999618530273,28.530000686645508,28.06999969482422,28.360000610351562,269500
2023-01-23,29.15999984741211,29.170000076293945,28.3799991607666,28.40999984741211,328400
2023-01-24,29.079999923706055,29.309999465942383,28.899999618530273,29.040000915527344,285500
2023-01-25,29.389999389648438,29.520000457763672,28.6299991607666,28.729999542236328,309900
2023-01-26,29.510000228881836,29.739999771118164,29.31999969482422,29.600000381469727,265100
2023-01-27,29.75,29.920000076293945,29.219999313354492,29.219999313354492,367100
2023-01-30,29.540000915527344,29.829999923706055,29.360000610351562,29.459999084472656,561600
2023-01-31,30.049999237060547,30.09000015258789,29.40999984741211,29.649999618530273,503400
2023-02-01,30.149999618530273,30.299999237060547,29.579999923706055,30.010000228881836,641400
2023-02-02,30.700000762939453,31.0,30.299999237060547,30.360000610351562,544700
2023-02-03,30.290000915527344,31.049999237060547,30.18000030517578,30.43000030517578,533800
2023-02-06,30.040000915527344,30.25,29.8799991607666,30.170000076293945,332000
2023-02-07,30.09000015258789,30.280000686645508,29.739999771118164,30.0,436300
2023-02-08,30.25,30.360000610351562,29.829999923706055,29.920000076293945,251200
2023-02-09,29.649999618530273,30.8700008392334,29.579999923706055,30.540000915527344,692400
2023-02-10,29.420000076293945,29.639999389648438,29.1200008392334,29.5,413000
2023-02-13,30.190000534057617,30.260000228881836,29.1200008392334,29.56999969482422,390000
2023-02-14,31.739999771118164,32.119998931884766,30.6200008392334,31.25,1131600
2023-02-15,31.309999465942383,31.649999618530273,30.850000381469727,31.600000381469727,749800
2023-02-16,31.770000457763672,31.920000076293945,30.950000762939453,31.299999237060547,1302600
2023-02-17,31.440000534057617,32.0,31.18000030517578,31.709999084472656,597500
2023-02-21,30.59000015258789,31.360000610351562,30.43000030517578,31.049999237060547,597400
2023-02-22,30.920000076293945,31.09000015258789,30.299999237060547,30.59000015258789,445500
2023-02-23,30.790000915527344,31.170000076293945,30.329999923706055,30.920000076293945,593900
2023-02-24,30.549999237060547,30.68000030517578,30.239999771118164,30.399999618530273,443100
2023-02-27,30.700000762939453,31.0,30.639999389648438,30.770000457763672,339300
2023-02-28,30.770000457763672,31.010000228881836,30.549999237060547,30.700000762939453,849400
2023-03-01,30.790000915527344,31.149999618530273,30.579999923706055,30.700000762939453,395200
2023-03-02,30.729999542236328,30.829999923706055,30.43000030517578,30.5,424900
2023-03-03,31.3799991607666,31.440000534057617,30.709999084472656,30.739999771118164,284400
2023-03-06,31.049999237060547,31.459999084472656,30.969999313354492,31.3799991607666,235000
2023-03-07,30.829999923706055,31.34000015258789,30.780000686645508,31.110000610351562,446900
2023-03-08,30.84000015258789,31.1200008392334,30.6299991607666,30.829999923706055,323300
2023-03-09,30.3700008392334,30.93000030517578,30.309999465942383,30.889999389648438,522600
2023-03-10,29.829999923706055,30.3799991607666,29.479999542236328,30.3799991607666,542800
2023-03-13,29.5,29.68000030517578,29.0,29.149999618530273,482900
2023-03-14,29.780000686645508,30.010000228881836,29.3799991607666,29.729999542236328,492000
2023-03-15,28.59000015258789,29.209999084472656,27.959999084472656,29.200000762939453,637800
2023-03-16,28.959999084472656,29.0,28.030000686645508,28.299999237060547,483400
2023-03-17,28.239999771118164,28.719999313354492,28.049999237060547,28.670000076293945,1333700
2023-03-20,28.18000030517578,28.450000762939453,28.040000915527344,28.270000457763672,355500
2023-03-21,28.950000762939453,29.06999969482422,28.510000228881836,28.510000228881836,346200
2023-03-22,28.739999771118164,29.360000610351562,28.729999542236328,28.959999084472656,313900
2023-03-23,29.260000228881836,29.600000381469727,28.75,28.75,612200
2023-03-24,28.969999313354492,29.100000381469727,28.530000686645508,29.020000457763672,320300
2023-03-27,29.079999923706055,29.219999313354492,28.93000030517578,29.020000457763672,323600
2023-03-28,28.920000076293945,29.5,28.84000015258789,29.09000015258789,407000
2023-03-29,29.31999969482422,29.350000381469727,29.059999465942383,29.15999984741211,393900
2023-03-30,30.190000534057617,30.200000762939453,29.290000915527344,29.3700008392334,532800
2023-03-31,30.559999465942383,30.670000076293945,30.139999389648438,30.350000381469727,542100
2023-04-03,30.889999389648438,30.920000076293945,30.489999771118164,30.68000030517578,492200
2023-04-04,31.0,31.809999465942383,30.520000457763672,30.889999389648438,527800
2023-04-05,31.020000457763672,31.389999389648438,30.809999465942383,30.989999771118164,750600
2023-04-06,31.440000534057617,31.850000381469727,30.450000762939453,30.950000762939453,666000
2023-04-10,32.20000076293945,32.2400016784668,31.399999618530273,31.399999618530273,401200
2023-04-11,32.38999938964844,32.540000915527344,31.920000076293945,32.38999938964844,525300
2023-04-12,32.2400016784668,32.68000030517578,32.11000061035156,32.470001220703125,317700
2023-04-13,32.13999938964844,32.52000045776367,31.729999542236328,32.400001525878906,421200
2023-04-14,31.459999084472656,32.18000030517578,31.270000457763672,32.13999938964844,342500
2023-04-17,32.04999923706055,32.06999969482422,31.40999984741211,31.540000915527344,411400
2023-04-18,31.93000030517578,32.34000015258789,31.799999237060547,32.08000183105469,390200
2023-04-19,31.739999771118164,32.04999923706055,31.459999084472656,31.75,408000
2023-04-20,31.43000030517578,31.799999237060547,31.270000457763672,31.5,436700
2023-04-21,31.260000228881836,31.889999389648438,31.059999465942383,31.600000381469727,507800
2023-04-24,31.0,31.34000015258789,30.81999969482422,31.200000762939453,381400
2023-04-25,30.729999542236328,31.06999969482422,30.59000015258789,30.889999389648438,324900
2023-04-26,30.43000030517578,30.639999389648438,30.309999465942383,30.6200008392334,359300
2023-04-27,30.670000076293945,30.809999465942383,30.34000015258789,30.559999465942383,385700
2023-04-28,30.489999771118164,30.799999237060547,30.420000076293945,30.68000030517578,682700
2023-05-01,30.540000915527344,30.989999771118164,30.420000076293945,30.520000457763672,318600
2023-05-02,30.020000457763672,30.65999984741211,29.600000381469727,30.360000610351562,597900
2023-05-03,30.270000457763672,30.6299991607666,30.110000610351562,30.110000610351562,407500
2023-05-04,29.350000381469727,30.170000076293945,29.139999389648438,30.09000015258789,482300
2023-05-05,29.549999237060547,29.90999984741211,29.329999923706055,29.65999984741211,350800
2023-05-08,29.729999542236328,29.81999969482422,29.399999618530273,29.579999923706055,428500
2023-05-09,29.6200008392334,29.729999542236328,29.450000762939453,29.639999389648438,472500
2023-05-10,29.389999389648438,29.719999313354492,29.190000534057617,29.690000534057617,562400
2023-05-11,29.09000015258789,29.399999618530273,28.969999313354492,29.270000457763672,591600
2023-05-12,29.149999618530273,29.6299991607666,28.950000762939453,29.190000534057617,371000
2023-05-15,29.389999389648438,29.600000381469727,29.139999389648438,29.139999389648438,618700
2023-05-16,29.15999984741211,29.43000030517578,29.0,29.3799991607666,436900
2023-05-17,29.6200008392334,29.739999771118164,29.079999923706055,29.079999923706055,284900
2023-05-18,29.709999084472656,29.799999237060547,29.450000762939453,29.639999389648438,449900
2023-05-19,30.100000381469727,30.360000610351562,29.860000610351562,29.889999389648438,574700
2023-05-23,29.420000076293945,30.479999542236328,29.31999969482422,30.239999771118164,522300
2023-05-24,29.209999084472656,29.360000610351562,28.979999542236328,29.309999465942383,356400
2023-05-25,29.459999084472656,29.6200008392334,29.059999465942383,29.190000534057617,218600
2023-05-26,29.979999542236328,30.309999465942383,29.450000762939453,29.540000915527344,437500
2023-05-29,29.989999771118164,30.149999618530273,29.8799991607666,29.979999542236328,127600
2023-05-30,29.90999984741211,30.200000762939453,29.799999237060547,29.940000534057617,417800
2023-05-31,27.760000228881836,31.049999237060547,27.450000762939453,30.989999771118164,2060300
2023-06-01,27.75,27.920000076293945,27.450000762939453,27.799999237060547,852000
2023-06-02,28.799999237060547,29.139999389648438,27.8700008392334,28.1299991607666,1781600
2023-06-05,28.8799991607666,29.0,28.559999465942383,28.75,962300
2023-06-06,28.979999542236328,29.270000457763672,28.770000457763672,28.90999984741211,639600
2023-06-07,28.579999923706055,29.1200008392334,28.399999618530273,28.989999771118164,562900
2023-06-08,27.920000076293945,28.670000076293945,27.8700008392334,28.520000457763672,489400
2023-06-09,27.829999923706055,28.18000030517578,27.809999465942383,27.90999984741211,391600
2023-06-12,27.690000534057617,27.84000015258789,27.579999923706055,27.81999969482422,301800
2023-06-13,27.8799991607666,28.350000381469727,27.829999923706055,27.93000030517578,408600
2023-06-14,27.719999313354492,28.100000381469727,27.59000015258789,27.959999084472656,464300
2023-06-15,28.059999465942383,28.239999771118164,27.579999923706055,27.90999984741211,614300
2023-06-16,28.43000030517578,28.889999389648438,28.06999969482422,28.06999969482422,2096000
2023-06-19,28.239999771118164,28.559999465942383,28.170000076293945,28.559999465942383,119300
2023-06-20,28.770000457763672,28.799999237060547,28.110000610351562,28.239999771118164,1000400
2023-06-21,28.989999771118164,29.149999618530273,28.600000381469727,28.690000534057617,1008500
2023-06-22,28.989999771118164,29.270000457763672,28.739999771118164,28.899999618530273,601100
2023-06-23,28.0,28.700000762939453,27.81999969482422,28.690000534057617,566200
2023-06-26,28.040000915527344,28.18000030517578,27.8700008392334,27.899999618530273,386400
2023-06-27,28.18000030517578,28.190000534057617,27.93000030517578,28.059999465942383,421800
2023-06-28,28.489999771118164,28.489999771118164,28.059999465942383,28.059999465942383,415300
2023-06-29,28.729999542236328,28.90999984741211,28.420000076293945,28.549999237060547,524100
2023-06-30,29.649999618530273,29.729999542236328,28.959999084472656,28.969999313354492,852000
2023-07-04,29.540000915527344,29.649999618530273,29.360000610351562,29.649999618530273,150100
2023-07-05,29.920000076293945,29.959999084472656,29.329999923706055,29.469999313354492,361100
2023-07-06,28.829999923706055,29.6200008392334,28.729999542236328,29.600000381469727,433100
2023-07-07,28.860000610351562,28.969999313354492,28.739999771118164,28.75,272500
2023-07-10,28.700000762939453,28.8799991607666,28.5,28.8799991607666,305000
2023-07-11,29.079999923706055,29.079999923706055,28.649999618530273,28.729999542236328,234200
2023-07-12,29.18000030517578,29.489999771118164,28.889999389648438,29.290000915527344,273300
2023-07-13,29.18000030517578,29.469999313354492,29.110000610351562,29.360000610351562,538000
2023-07-14,29.110000610351562,29.34000015258789,28.899999618530273,29.239999771118164,316700
2023-07-17,28.850000381469727,29.030000686645508,28.790000915527344,29.010000228881836,333900
2023-07-18,29.290000915527344,29.40999984741211,28.860000610351562,28.860000610351562,492800
2023-07-19,29.100000381469727,29.43000030517578,28.899999618530273,29.34000015258789,295700
2023-07-20,28.530000686645508,29.06999969482422,28.40999984741211,29.049999237060547,273200
2023-07-21,28.920000076293945,29.0,28.469999313354492,28.709999084472656,354700
2023-07-24,28.799999237060547,28.979999542236328,28.670000076293945,28.979999542236328,187900
2023-07-25,29.40999984741211,29.530000686645508,28.760000228881836,28.760000228881836,417300
2023-07-26,29.43000030517578,29.610000610351562,29.190000534057617,29.399999618530273,452700
2023-07-27,29.0,29.639999389648438,28.940000534057617,29.600000381469727,574100
2023-07-28,29.440000534057617,29.56999969482422,29.18000030517578,29.280000686645508,362000
2023-07-31,30.1299991607666,30.149999618530273,29.440000534057617,29.559999465942383,731500
2023-08-01,30.18000030517578,30.540000915527344,29.8799991607666,30.059999465942383,399600
2023-08-02,29.850000381469727,30.020000457763672,29.25,29.93000030517578,614800
2023-08-03,29.940000534057617,30.170000076293945,29.260000228881836,29.709999084472656,752700
2023-08-04,29.799999237060547,30.479999542236328,29.739999771118164,29.959999084472656,663900
2023-08-08,29.6200008392334,30.170000076293945,29.350000381469727,30.020000457763672,785600
2023-08-09,32.0,32.38999938964844,30.040000915527344,30.040000915527344,1406900
2023-08-10,31.440000534057617,32.5,31.200000762939453,32.0099983215332,997700
2023-08-11,31.65999984741211,32.380001068115234,31.420000076293945,31.440000534057617,454200
2023-08-14,31.760000228881836,31.93000030517578,31.43000030517578,31.790000915527344,588600
2023-08-15,31.299999237060547,31.65999984741211,30.549999237060547,31.65999984741211,762900
2023-08-16,32.709999084472656,32.7400016784668,31.100000381469727,31.229999542236328,1286300
2023-08-17,32.279998779296875,32.599998474121094,32.0,32.540000915527344,784600
2023-08-18,32.06999969482422,32.279998779296875,31.75,32.119998931884766,372200
2023-08-21,31.959999084472656,32.189998626708984,31.75,32.189998626708984,321200
2023-08-22,31.760000228881836,32.060001373291016,31.510000228881836,32.060001373291016,257600
2023-08-23,31.920000076293945,32.04999923706055,31.860000610351562,31.90999984741211,462600
2023-08-24,31.56999969482422,31.950000762939453,31.510000228881836,31.950000762939453,335500
2023-08-25,31.790000915527344,32.0,31.40999984741211,31.739999771118164,342400
2023-08-28,31.780000686645508,32.040000915527344,31.760000228881836,32.0,408300
2023-08-29,32.380001068115234,32.470001220703125,31.670000076293945,31.8799991607666,555300
2023-08-30,32.61000061035156,32.939998626708984,32.38999938964844,32.38999938964844,400700
2023-08-31,32.59000015258789,33.04999923706055,32.56999969482422,32.650001525878906,644000
2023-09-01,32.939998626708984,32.959999084472656,32.459999084472656,32.66999816894531,493500
2023-09-05,33.220001220703125,33.52000045776367,32.58000183105469,32.79999923706055,509900
2023-09-06,32.7400016784668,33.560001373291016,32.470001220703125,33.099998474121094,403500
2023-09-07,32.709999084472656,32.88999938964844,32.31999969482422,32.56999969482422,505300
2023-09-08,32.560001373291016,32.779998779296875,32.369998931884766,32.70000076293945,413600
2023-09-11,32.540000915527344,32.779998779296875,32.2599983215332,32.619998931884766,254200
2023-09-12,33.02000045776367,33.25,32.34000015258789,32.34000015258789,309100
2023-09-13,33.13999938964844,33.20000076293945,32.56999969482422,32.90999984741211,377200
2023-09-14,33.65999984741211,33.720001220703125,33.09000015258789,33.15999984741211,666000
2023-09-15,32.91999816894531,33.869998931884766,32.810001373291016,33.599998474121094,1726400
2023-09-18,33.34000015258789,33.54999923706055,32.5,32.84000015258789,484500
2023-09-19,32.540000915527344,33.220001220703125,32.529998779296875,33.209999084472656,376700
2023-09-20,32.810001373291016,33.040000915527344,32.650001525878906,32.650001525878906,307200
2023-09-21,32.08000183105469,32.65999984741211,31.90999984741211,32.5,523700
2023-09-22,31.969999313354492,32.29999923706055,31.850000381469727,32.119998931884766,301700
2023-09-25,31.75,32.060001373291016,31.40999984741211,31.670000076293945,246800
2023-09-26,31.43000030517578,31.8700008392334,31.170000076293945,31.510000228881836,432700
2023-09-27,31.110000610351562,31.6299991607666,30.770000457763672,31.559999465942383,567800
2023-09-28,31.459999084472656,31.65999984741211,31.1200008392334,31.1200008392334,352700
2023-09-29,31.709999084472656,31.829999923706055,31.350000381469727,31.690000534057617,551700
2023-10-02,31.239999771118164,31.84000015258789,31.149999618530273,31.700000762939453,278500
2023-10-03,31.149999618530273,31.350000381469727,30.8700008392334,30.950000762939453,258200
2023-10-04,31.59000015258789,31.6200008392334,30.739999771118164,31.110000610351562,331700
2023-10-05,31.760000228881836,32.119998931884766,31.530000686645508,31.579999923706055,427700
2023-10-06,31.25,31.700000762939453,30.649999618530273,31.360000610351562,484500
2023-10-10,31.540000915527344,32.099998474121094,31.5,31.729999542236328,467200
2023-10-11,31.75,31.760000228881836,31.399999618530273,31.6200008392334,444000
2023-10-12,31.229999542236328,31.75,30.809999465942383,31.690000534057617,380400
2023-10-13,30.610000610351562,31.25,30.469999313354492,31.200000762939453,287500
2023-10-16,31.010000228881836,31.1200008392334,30.530000686645508,30.690000534057617,604900
2023-10-17,30.959999084472656,31.209999084472656,30.799999237060547,30.799999237060547,306600
2023-10-18,29.5,30.739999771118164,29.489999771118164,30.739999771118164,444900
2023-10-19,29.34000015258789,29.59000015258789,29.149999618530273,29.549999237060547,456100
2023-10-20,28.639999389648438,29.299999237060547,28.440000534057617,29.299999237060547,452000
2023-10-23,28.530000686645508,28.8799991607666,28.1200008392334,28.489999771118164,727800
2023-10-24,29.100000381469727,29.5,28.770000457763672,28.81999969482422,578600
2023-10-25,28.530000686645508,29.309999465942383,28.5,29.059999465942383,268000
2023-10-26,28.690000534057617,29.3799991607666,28.639999389648438,28.709999084472656,408000
2023-10-27,28.440000534057617,28.809999465942383,28.270000457763672,28.670000076293945,237700
2023-10-30,28.799999237060547,29.010000228881836,28.309999465942383,28.65999984741211,362900
2023-10-31,28.959999084472656,29.059999465942383,28.639999389648438,28.760000228881836,756800
2023-11-01,28.899999618530273,29.25,28.770000457763672,28.979999542236328,461000
2023-11-02,29.280000686645508,29.3799991607666,28.860000610351562,29.0,460100
2023-11-03,29.520000457763672,29.809999465942383,29.329999923706055,29.530000686645508,353500
2023-11-06,29.18000030517578,29.889999389648438,29.010000228881836,29.610000610351562,427600
2023-11-07,28.829999923706055,29.190000534057617,28.719999313354492,29.18000030517578,678600
2023-11-08,29.219999313354492,29.25,28.59000015258789,28.860000610351562,490200
2023-11-09,29.549999237060547,29.899999618530273,29.389999389648438,29.389999389648438,443300
2023-11-10,30.1299991607666,30.25,29.540000915527344,29.540000915527344,427200
2023-11-13,30.209999084472656,30.639999389648438,30.100000381469727,30.1299991607666,400900
2023-11-14,28.8700008392334,31.899999618530273,28.610000610351562,31.68000030517578,963800
2023-11-15,28.489999771118164,29.25,28.420000076293945,28.8700008392334,1071500
2023-11-16,28.690000534057617,29.059999465942383,28.489999771118164,28.489999771118164,549100
2023-11-17,28.84000015258789,29.1200008392334,28.649999618530273,28.889999389648438,945900
2023-11-20,28.860000610351562,28.959999084472656,28.020000457763672,28.780000686645508,998100
2023-11-21,28.65999984741211,28.899999618530273,28.540000915527344,28.6200008392334,641900
2023-11-22,28.639999389648438,28.860000610351562,28.549999237060547,28.68000030517578,473100
2023-11-23,28.549999237060547,28.860000610351562,28.530000686645508,28.68000030517578,150900
2023-11-24,28.579999923706055,28.799999237060547,28.549999237060547,28.549999237060547,249900
2023-11-27,28.31999969482422,28.520000457763672,28.219999313354492,28.510000228881836,550100
2023-11-28,27.829999923706055,28.309999465942383,27.799999237060547,28.299999237060547,606400
2023-11-29,26.450000762939453,27.200000762939453,25.690000534057617,27.190000534057617,1930500
2023-11-30,26.979999542236328,27.049999237060547,26.360000610351562,26.479999542236328,2145900
2023-12-01,27.56999969482422,27.600000381469727,26.850000381469727,26.959999084472656,486500
2023-12-04,27.719999313354492,27.8799991607666,27.399999618530273,27.5,306700
2023-12-05,27.420000076293945,27.989999771118164,27.3799991607666,27.649999618530273,525100
2023-12-06,27.770000457763672,28.100000381469727,27.559999465942383,27.59000015258789,663200
2023-12-07,27.829999923706055,28.030000686645508,27.760000228881836,27.780000686645508,488700
2023-12-08,27.950000762939453,28.079999923706055,27.719999313354492,27.75,416000
2023-12-11,27.559999465942383,27.959999084472656,27.540000915527344,27.850000381469727,556500
2023-12-12,27.549999237060547,27.700000762939453,27.420000076293945,27.579999923706055,594800
2023-12-13,27.799999237060547,27.860000610351562,27.18000030517578,27.290000915527344,608700
2023-12-14,28.31999969482422,28.670000076293945,27.6200008392334,27.90999984741211,3089700
2023-12-15,27.829999923706055,28.389999389648438,27.559999465942383,28.31999969482422,2400400
2023-12-18,27.959999084472656,28.09000015258789,27.719999313354492,27.940000534057617,270400
2023-12-19,28.579999923706055,28.6299991607666,27.850000381469727,28.079999923706055,323200
2023-12-20,27.989999771118164,28.889999389648438,27.969999313354492,28.600000381469727,362700
2023-12-21,28.540000915527344,28.6299991607666,28.1299991607666,28.1299991607666,281500
2023-12-22,28.540000915527344,28.799999237060547,28.420000076293945,28.530000686645508,573300
2023-12-27,28.6200008392334,28.790000915527344,28.260000228881836,28.260000228881836,252000
2023-12-28,28.610000610351562,28.729999542236328,28.5,28.59000015258789,216000
2023-12-29,28.600000381469727,28.899999618530273,28.450000762939453,28.6299991607666,215300
2024-01-02,28.34000015258789,28.68000030517578,28.209999084472656,28.420000076293945,327300
2024-01-03,27.850000381469727,28.079999923706055,27.540000915527344,28.010000228881836,313800
2024-01-04,28.559999465942383,28.59000015258789,27.75,27.81999969482422,376700
2024-01-05,28.5,28.540000915527344,28.06999969482422,28.5,362000
2024-01-08,28.56999969482422,28.579999923706055,28.299999237060547,28.31999969482422,402300
2024-01-09,28.219999313354492,28.469999313354492,28.09000015258789,28.3700008392334,308400
2024-01-10,28.280000686645508,28.420000076293945,28.110000610351562,28.139999389648438,227300
2024-01-11,28.329999923706055,28.329999923706055,27.899999618530273,28.219999313354492,281300
2024-01-12,28.15999984741211,28.75,28.020000457763672,28.399999618530273,288000
2024-01-15,28.479999542236328,28.540000915527344,28.110000610351562,28.110000610351562,73400
2024-01-16,28.030000686645508,28.34000015258789,27.649999618530273,28.34000015258789,342700
2024-01-17,27.709999084472656,27.959999084472656,27.270000457763672,27.780000686645508,424500
2024-01-18,28.149999618530273,28.209999084472656,27.799999237060547,27.799999237060547,454200
2024-01-19,27.920000076293945,28.100000381469727,27.6299991607666,28.100000381469727,356300
2024-01-22,27.239999771118164,27.59000015258789,26.8799991607666,27.520000457763672,864400
2024-01-23,27.540000915527344,27.6200008392334,27.059999465942383,27.059999465942383,859600
2024-01-24,27.450000762939453,27.920000076293945,27.420000076293945,27.760000228881836,296700
2024-01-25,26.950000762939453,27.559999465942383,26.920000076293945,27.5,301400
2024-01-26,26.790000915527344,27.030000686645508,26.690000534057617,26.950000762939453,524000
2024-01-29,27.219999313354492,27.239999771118164,26.540000915527344,26.739999771118164,465700
2024-01-30,26.93000030517578,27.149999618530273,26.8700008392334,27.110000610351562,289700
2024-01-31,26.920000076293945,27.200000762939453,26.81999969482422,27.049999237060547,852600
2024-02-01,26.780000686645508,27.100000381469727,26.579999923706055,27.0,869300
2024-02-02,26.510000228881836,26.68000030517578,26.299999237060547,26.610000610351562,1000800
2024-02-05,26.450000762939453,26.549999237060547,26.06999969482422,26.40999984741211,480100
2024-02-06,27.299999237060547,27.350000381469727,26.420000076293945,26.489999771118164,723000
2024-02-07,27.40999984741211,27.489999771118164,27.200000762939453,27.329999923706055,577400
2024-02-08,27.770000457763672,27.809999465942383,27.110000610351562,27.399999618530273,573500
2024-02-09,28.360000610351562,28.729999542236328,27.75,27.799999237060547,573000
2024-02-12,28.8799991607666,29.309999465942383,28.450000762939453,28.450000762939453,636600
2024-02-13,28.3799991607666,28.690000534057617,28.239999771118164,28.479999542236328,686800
2024-02-14,25.600000381469727,28.420000076293945,24.75,28.3700008392334,2121800
2024-02-15,26.059999465942383,26.34000015258789,25.270000457763672,25.56999969482422,1106200
2024-02-16,25.65999984741211,26.260000228881836,25.540000915527344,26.040000915527344,1214400
2024-02-20,26.049999237060547,26.31999969482422,25.709999084472656,25.709999084472656,840200
2024-02-21,25.940000534057617,26.040000915527344,25.700000762939453,25.889999389648438,569200
2024-02-22,26.079999923706055,26.200000762939453,25.760000228881836,25.8799991607666,590400
2024-02-23,25.84000015258789,26.100000381469727,25.729999542236328,25.93000030517578,759500
2024-02-26,25.06999969482422,25.8799991607666,24.920000076293945,25.770000457763672,1046000
2024-02-27,25.299999237060547,25.3799991607666,25.0,25.170000076293945,805300
2024-02-28,25.049999237060547,25.309999465942383,24.8799991607666,25.229999542236328,408800
2024-02-29,25.34000015258789,25.510000228881836,25.010000228881836,25.030000686645508,2131500
2024-03-01,25.610000610351562,25.760000228881836,25.170000076293945,25.309999465942383,405700
2024-03-04,25.780000686645508,25.81999969482422,25.440000534057617,25.610000610351562,441300
2024-03-05,25.860000610351562,25.940000534057617,25.690000534057617,25.739999771118164,387400
2024-03-06,26.540000915527344,26.65999984741211,25.799999237060547,25.950000762939453,634500
2024-03-07,26.399999618530273,26.700000762939453,25.989999771118164,26.600000381469727,484300
2024-03-08,26.610000610351562,27.030000686645508,26.3799991607666,26.399999618530273,463100
2024-03-11,26.399999618530273,26.540000915527344,26.270000457763672,26.540000915527344,409300
2024-03-12,26.440000534057617,26.59000015258789,26.299999237060547,26.399999618530273,356500
2024-03-13,26.700000762939453,26.850000381469727,26.459999084472656,26.459999084472656,455100
2024-03-14,26.690000534057617,26.899999618530273,26.520000457763672,26.639999389648438,553600
2024-03-15,26.979999542236328,27.020000457763672,26.579999923706055,26.6299991607666,2021400
2024-03-18,27.059999465942383,27.219999313354492,26.84000015258789,27.0,594600
2024-03-19,27.270000457763672,27.360000610351562,27.0,27.0,317300
2024-03-20,27.68000030517578,27.81999969482422,27.239999771118164,27.239999771118164,342100
2024-03-21,27.170000076293945,28.1299991607666,27.170000076293945,27.81999969482422,458300
2024-03-22,27.559999465942383,27.709999084472656,27.110000610351562,27.200000762939453,401800
2024-03-25,27.520000457763672,27.670000076293945,27.420000076293945,27.510000228881836,304100
2024-03-26,27.610000610351562,27.90999984741211,27.34000015258789,27.510000228881836,498100
2024-03-27,27.770000457763672,27.799999237060547,27.489999771118164,27.59000015258789,381200
2024-03-28,27.969999313354492,28.079999923706055,27.549999237060547,27.829999923706055,486400
2024-04-01,27.459999084472656,27.950000762939453,27.3700008392334,27.899999618530273,214500
2024-04-02,26.75,27.3700008392334,26.719999313354492,27.329999923706055,353300
2024-04-03,27.040000915527344,27.139999389648438,26.579999923706055,26.719999313354492,528400
2024-04-04,27.100000381469727,27.239999771118164,26.959999084472656,27.010000228881836,580400
2024-04-05,26.989999771118164,27.3799991607666,26.899999618530273,27.020000457763672,415900
2024-04-08,27.290000915527344,27.68000030517578,27.049999237060547,27.100000381469727,432400
2024-04-09,27.100000381469727,27.420000076293945,27.020000457763672,27.25,320400
2024-04-10,26.920000076293945,27.010000228881836,26.6200008392334,26.860000610351562,367300
2024-04-11,26.889999389648438,27.06999969482422,26.530000686645508,26.950000762939453,527100
2024-04-12,26.770000457763672,26.81999969482422,26.469999313354492,26.770000457763672,628600
2024-04-15,26.3700008392334,27.190000534057617,26.360000610351562,26.969999313354492,483300
2024-04-16,26.1299991607666,26.43000030517578,25.81999969482422,26.3799991607666,636600
2024-04-17,26.040000915527344,26.260000228881836,25.81999969482422,26.25,604400
2024-04-18,25.559999465942383,26.100000381469727,25.479999542236328,26.06999969482422,393700
2024-04-19,25.579999923706055,25.8700008392334,25.450000762939453,25.6200008392334,469100
2024-04-22,25.420000076293945,25.790000915527344,25.360000610351562,25.600000381469727,452500
2024-04-23,26.059999465942383,26.06999969482422,25.389999389648438,25.489999771118164,622500
2024-04-24,26.190000534057617,26.43000030517578,25.920000076293945,26.049999237060547,450800
2024-04-25,25.579999923706055,26.010000228881836,25.350000381469727,25.90999984741211,508900
2024-04-26,26.030000686645508,26.1299991607666,25.65999984741211,25.670000076293945,416900
2024-04-29,26.43000030517578,26.489999771118164,26.040000915527344,26.100000381469727,397200
2024-04-30,26.559999465942383,26.690000534057617,26.209999084472656,26.309999465942383,700200
2024-05-01,27.139999389648438,27.3799991607666,26.399999618530273,26.399999618530273,723000
2024-05-02,27.610000610351562,27.6299991607666,27.149999618530273,27.15999984741211,510300
2024-05-03,28.0,28.059999465942383,27.65999984741211,27.739999771118164,369800
2024-05-06,28.3700008392334,28.489999771118164,27.93000030517578,28.010000228881836,673800
2024-05-07,28.270000457763672,28.450000762939453,28.219999313354492,28.389999389648438,539600
2024-05-08,28.469999313354492,28.549999237060547,28.049999237060547,28.209999084472656,356200
2024-05-09,28.850000381469727,28.8700008392334,28.530000686645508,28.549999237060547,595700
2024-05-10,28.6200008392334,29.020000457763672,28.559999465942383,28.84000015258789,650200
2024-05-13,28.600000381469727,28.8700008392334,28.549999237060547,28.68000030517578,405700
2024-05-14,28.809999465942383,28.940000534057617,28.579999923706055,28.579999923706055,524700
2024-05-15,28.729999542236328,28.8799991607666,28.559999465942383,28.850000381469727,406100
2024-05-16,28.459999084472656,28.760000228881836,28.3799991607666,28.68000030517578,617900
2024-05-17,27.649999618530273,28.649999618530273,27.360000610351562,28.489999771118164,992400
2024-05-21,27.059999465942383,27.31999969482422,26.559999465942383,26.559999465942383,733600
2024-05-22,25.729999542236328,25.760000228881836,23.739999771118164,23.8700008392334,1691100
2024-05-23,25.799999237060547,26.6299991607666,25.739999771118164,25.739999771118164,985100
2024-05-24,25.469999313354492,25.979999542236328,25.25,25.700000762939453,528500
2024-05-27,25.709999084472656,25.860000610351562,25.25,25.25,179200
2024-05-28,25.31999969482422,25.56999969482422,25.15999984741211,25.3799991607666,537300
2024-05-29,25.350000381469727,25.600000381469727,24.93000030517578,24.959999084472656,715300
2024-05-30,25.3799991607666,25.68000030517578,25.229999542236328,25.280000686645508,960300
2024-05-31,25.59000015258789,25.600000381469727,25.06999969482422,25.450000762939453,1295900
2024-06-03,25.299999237060547,25.75,25.260000228881836,25.610000610351562,344000
2024-06-04,25.290000915527344,25.389999389648438,25.010000228881836,25.290000915527344,1078900
2024-06-05,25.600000381469727,25.729999542236328,25.260000228881836,25.290000915527344,488200
2024-06-06,25.780000686645508,26.049999237060547,25.530000686645508,25.59000015258789,937500
2024-06-07,25.440000534057617,25.90999984741211,25.43000030517578,25.649999618530273,342200
2024-06-10,24.90999984741211,25.450000762939453,24.770000457763672,25.399999618530273,972500
2024-06-11,25.020000457763672,25.15999984741211,24.739999771118164,24.790000915527344,781100
2024-06-12,25.530000686645508,25.670000076293945,25.209999084472656,25.209999084472656,490700
2024-06-13,25.09000015258789,25.489999771118164,25.030000686645508,25.440000534057617,413100
2024-06-14,24.770000457763672,24.940000534057617,24.43000030517578,24.809999465942383,755200
2024-06-17,24.899999618530273,24.90999984741211,24.510000228881836,24.639999389648438,521600
2024-06-18,26.030000686645508,26.059999465942383,24.850000381469727,24.850000381469727,533500
2024-06-19,25.690000534057617,26.100000381469727,25.600000381469727,25.68000030517578,256300
2024-06-20,26.09000015258789,26.190000534057617,25.709999084472656,25.709999084472656,653900
2024-06-21,26.579999923706055,26.690000534057617,26.079999923706055,26.100000381469727,3063700
2024-06-24,26.3799991607666,26.84000015258789,26.3700008392334,26.6299991607666,964700
2024-06-25,25.770000457763672,26.329999923706055,25.59000015258789,26.31999969482422,529400
2024-06-26,25.950000762939453,26.020000457763672,25.549999237060547,25.6299991607666,442900
2024-06-27,25.969999313354492,26.049999237060547,25.559999465942383,25.8799991607666,803300
2024-06-28,25.40999984741211,26.0,25.34000015258789,26.0,2019300
2024-07-02,25.6200008392334,25.729999542236328,25.229999542236328,25.350000381469727,510500
2024-07-03,26.25,26.260000228881836,25.690000534057617,25.700000762939453,362500
2024-07-04,25.950000762939453,26.31999969482422,25.8700008392334,26.059999465942383,94100
2024-07-05,25.489999771118164,26.030000686645508,25.489999771118164,26.0,416600
2024-07-08,25.649999618530273,25.739999771118164,25.479999542236328,25.489999771118164,307600
2024-07-09,25.020000457763672,25.6299991607666,24.850000381469727,25.6299991607666,1023900
2024-07-10,25.530000686645508,25.56999969482422,25.18000030517578,25.190000534057617,434900
2024-07-11,25.440000534057617,25.760000228881836,25.420000076293945,25.649999618530273,504800
2024-07-12,25.81999969482422,25.850000381469727,25.450000762939453,25.530000686645508,879200
2024-07-15,25.690000534057617,25.989999771118164,25.6299991607666,25.799999237060547,444600
2024-07-16,26.360000610351562,26.3700008392334,25.649999618530273,25.68000030517578,578000
2024-07-17,26.1299991607666,26.270000457763672,25.979999542236328,26.200000762939453,547700
2024-07-18,25.510000228881836,26.389999389648438,25.420000076293945,26.1200008392334,465800
2024-07-19,25.329999923706055,25.489999771118164,25.059999465942383,25.450000762939453,340200
2024-07-22,25.59000015258789,25.600000381469727,25.0,25.399999618530273,386200
2024-07-23,25.530000686645508,25.68000030517578,25.40999984741211,25.510000228881836,392200
2024-07-24,24.579999923706055,25.440000534057617,24.579999923706055,25.329999923706055,750200
2024-07-25,24.399999618530273,24.65999984741211,24.25,24.510000228881836,680600
2024-07-26,24.440000534057617,24.729999542236328,24.360000610351562,24.510000228881836,595500
2024-07-29,24.889999389648438,24.959999084472656,24.450000762939453,24.450000762939453,491100
2024-07-30,24.809999465942383,24.969999313354492,24.540000915527344,24.899999618530273,399600
2024-07-31,25.1200008392334,25.309999465942383,24.75,24.8700008392334,606500
2024-08-01,23.65999984741211,25.110000610351562,23.65999984741211,25.110000610351562,780900
2024-08-02,23.06999969482422,23.31999969482422,22.68000030517578,23.290000915527344,469000
2024-08-06,22.950000762939453,23.100000381469727,22.40999984741211,22.40999984741211,561200
2024-08-07,22.780000686645508,23.290000915527344,22.579999923706055,23.139999389648438,496600
2024-08-08,23.049999237060547,23.079999923706055,22.780000686645508,22.90999984741211,1123800
2024-08-09,22.829999923706055,23.149999618530273,22.559999465942383,23.149999618530273,393900
2024-08-12,22.6200008392334,22.84000015258789,22.280000686645508,22.729999542236328,585000
2024-08-13,22.979999542236328,23.190000534057617,22.780000686645508,23.010000228881836,561600
2024-08-14,24.1299991607666,24.299999237060547,22.809999465942383,23.739999771118164,1182500
2024-08-15,24.670000076293945,24.799999237060547,23.93000030517578,23.93000030517578,672000
2024-08-16,23.829999923706055,24.280000686645508,23.68000030517578,24.1200008392334,400200
2024-08-19,24.020000457763672,24.15999984741211,23.770000457763672,23.90999984741211,466800
2024-08-20,24.209999084472656,24.329999923706055,23.8700008392334,24.020000457763672,339700
2024-08-21,23.959999084472656,24.5,23.8700008392334,24.219999313354492,442700
2024-08-22,24.100000381469727,24.31999969482422,23.950000762939453,23.989999771118164,488900
2024-08-23,24.139999389648438,24.420000076293945,24.059999465942383,24.18000030517578,458300
2024-08-26,24.209999084472656,24.3700008392334,24.1200008392334,24.209999084472656,251300
2024-08-27,23.90999984741211,24.209999084472656,23.829999923706055,24.139999389648438,214900
2024-08-28,23.670000076293945,23.940000534057617,23.600000381469727,23.8700008392334,346500
2024-08-29,24.040000915527344,24.260000228881836,23.709999084472656,23.770000457763672,623800
2024-08-30,24.110000610351562,24.1299991607666,23.84000015258789,24.0,559300
2024-09-03,23.950000762939453,23.989999771118164,23.559999465942383,23.979999542236328,561500
2024-09-04,24.389999389648438,24.440000534057617,23.770000457763672,23.850000381469727,451800
2024-09-05,24.079999923706055,24.489999771118164,23.950000762939453,24.399999618530273,443800
2024-09-06,23.860000610351562,24.209999084472656,23.5,23.5,525600
2024-09-09,24.479999542236328,24.59000015258789,23.93000030517578,23.93000030517578,673700
2024-09-10,24.3700008392334,24.5,24.06999969482422,24.5,398600
2024-09-11,24.360000610351562,24.549999237060547,23.950000762939453,24.270000457763672,389700
2024-09-12,24.700000762939453,24.809999465942383,24.25,24.399999618530273,948000
2024-09-13,24.170000076293945,24.8700008392334,24.15999984741211,24.739999771118164,401900
2024-09-16,23.950000762939453,24.350000381469727,23.829999923706055,24.15999984741211,642400
2024-09-17,23.979999542236328,24.15999984741211,23.760000228881836,24.059999465942383,382300
2024-09-18,24.100000381469727,24.3700008392334,23.889999389648438,23.93000030517578,514300
2024-09-19,24.43000030517578,24.700000762939453,24.329999923706055,24.34000015258789,554500
2024-09-20,24.200000762939453,24.459999084472656,23.969999313354492,24.459999084472656,2841600
2024-09-23,24.299999237060547,24.43000030517578,23.940000534057617,24.190000534057617,311900
2024-09-24,24.3799991607666,24.530000686645508,24.239999771118164,24.280000686645508,450900
2024-09-25,24.190000534057617,24.479999542236328,24.049999237060547,24.280000686645508,419500
2024-09-26,24.920000076293945,25.040000915527344,24.290000915527344,24.290000915527344,1769600
2024-09-27,24.989999771118164,25.280000686645508,24.8700008392334,24.920000076293945,459800
2024-09-30,25.389999389648438,25.5,24.860000610351562,24.860000610351562,798900
2024-10-01,25.1299991607666,25.420000076293945,24.8799991607666,25.40999984741211,392000
2024-10-02,25.450000762939453,25.530000686645508,25.079999923706055,25.079999923706055,508500
2024-10-03,24.920000076293945,25.350000381469727,24.809999465942383,25.34000015258789,561300
2024-10-04,25.260000228881836,25.299999237060547,24.90999984741211,25.049999237060547,427900
2024-10-07,25.0,25.329999923706055,24.959999084472656,25.18000030517578,399700
2024-10-08,24.899999618530273,25.079999923706055,24.790000915527344,24.959999084472656,370000
2024-10-09,24.969999313354492,25.079999923706055,24.799999237060547,24.860000610351562,484500
2024-10-10,25.0,25.040000915527344,24.670000076293945,24.850000381469727,578500
2024-10-11,25.350000381469727,25.3799991607666,24.950000762939453,24.950000762939453,776200
2024-10-15,25.59000015258789,25.760000228881836,25.299999237060547,25.299999237060547,799200
2024-10-16,25.8799991607666,26.25,25.540000915527344,25.610000610351562,730000
2024-10-17,26.219999313354492,26.229999542236328,25.829999923706055,26.0,394100
2024-10-18,26.489999771118164,26.68000030517578,26.100000381469727,26.280000686645508,460300
2024-10-21,26.3700008392334,26.489999771118164,26.170000076293945,26.40999984741211,485000
2024-10-22,25.700000762939453,26.329999923706055,25.690000534057617,26.18000030517578,480600
2024-10-23,25.399999618530273,25.889999389648438,25.290000915527344,25.6299991607666,386400
2024-10-24,25.43000030517578,25.530000686645508,25.110000610351562,25.3700008392334,518200
2024-10-25,25.809999465942383,25.809999465942383,25.479999542236328,25.5,305600
2024-10-28,26.010000228881836,26.170000076293945,25.809999465942383,25.809999465942383,388300
2024-10-29,26.100000381469727,26.1200008392334,25.889999389648438,25.989999771118164,408600
2024-10-30,26.149999618530273,26.260000228881836,25.899999618530273,25.989999771118164,471900
2024-10-31,24.5,26.139999389648438,24.479999542236328,26.030000686645508,1194000
2024-11-01,25.040000915527344,25.40999984741211,24.56999969482422,24.6299991607666,695900
2024-11-04,25.100000381469727,25.540000915527344,24.93000030517578,24.959999084472656,1070500
2024-11-05,25.920000076293945,26.049999237060547,25.200000762939453,25.200000762939453,525500
2024-11-06,26.31999969482422,26.5,25.950000762939453,26.290000915527344,752800
2024-11-07,26.139999389648438,26.989999771118164,26.049999237060547,26.450000762939453,1652500
2024-11-08,26.239999771118164,26.360000610351562,25.889999389648438,26.0,521100
2024-11-11,26.799999237060547,27.059999465942383,26.489999771118164,26.520000457763672,923200
2024-11-12,26.959999084472656,26.979999542236328,26.469999313354492,26.729999542236328,564900
2024-11-13,30.18000030517578,30.739999771118164,28.6200008392334,29.5,3243800
2024-11-14,30.90999984741211,31.079999923706055,30.09000015258789,30.15999984741211,2019500
2024-11-15,30.670000076293945,30.989999771118164,30.1299991607666,30.75,1311500
2024-11-18,31.190000534057617,31.43000030517578,30.559999465942383,30.600000381469727,1323300
2024-11-19,31.3700008392334,31.520000457763672,30.950000762939453,30.959999084472656,1283600
2024-11-20,31.690000534057617,31.90999984741211,31.290000915527344,31.489999771118164,1034900
2024-11-21,32.58000183105469,32.779998779296875,31.579999923706055,31.75,1944300
2024-11-22,31.989999771118164,32.61000061035156,31.3799991607666,32.5099983215332,498600
2024-11-25,32.56999969482422,32.63999938964844,31.950000762939453,31.979999542236328,1178600
2024-11-26,32.45000076293945,32.599998474121094,32.2599983215332,32.349998474121094,858000
2024-11-27,32.709999084472656,32.81999969482422,32.29999923706055,32.33000183105469,802400
2024-11-28,32.599998474121094,33.06999969482422,32.58000183105469,32.63999938964844,242500
2024-11-29,32.90999984741211,32.97999954223633,32.5,32.52000045776367,456100
2024-12-02,33.13999938964844,33.77000045776367,32.790000915527344,32.86000061035156,2150800
2024-12-03,33.2400016784668,33.349998474121094,32.869998931884766,33.099998474121094,607800
2024-12-04,32.75,33.33000183105469,32.68000030517578,32.7599983215332,597200
2024-12-05,32.869998931884766,33.04999923706055,32.560001373291016,32.709999084472656,448400
2024-12-06,33.279998779296875,33.43000030517578,32.97999954223633,33.09000015258789,354900
2024-12-09,32.97999954223633,33.5,32.970001220703125,33.099998474121094,739000
2024-12-10,33.06999969482422,33.25,32.900001525878906,32.9900016784668,556600
2024-12-11,33.34000015258789,33.470001220703125,33.119998931884766,33.16999816894531,788900
2024-12-12,33.369998931884766,33.4900016784668,33.099998474121094,33.34000015258789,479300
2024-12-13,33.18000030517578,33.41999816894531,33.0099983215332,33.369998931884766,486800
2024-12-16,33.540000915527344,33.650001525878906,33.0,33.0,484600
2024-12-17,33.72999954223633,34.13999938964844,33.279998779296875,33.279998779296875,1556700
2024-12-18,32.77000045776367,34.060001373291016,32.63999938964844,33.65999984741211,549500
2024-12-19,32.86000061035156,33.13999938964844,32.560001373291016,32.900001525878906,633100
2024-12-20,34.18000030517578,34.4900016784668,32.66999816894531,32.720001220703125,1778400
2024-12-23,35.31999969482422,35.349998474121094,34.09000015258789,34.09000015258789,544300
2024-12-24,35.72999954223633,35.75,35.16999816894531,35.72999954223633,336600
2024-12-27,36.52000045776367,36.529998779296875,35.84000015258789,35.86000061035156,939100
2024-12-30,36.38999938964844,36.68000030517578,35.970001220703125,36.2400016784668,915400
2024-12-31,36.5,36.68000030517578,36.16999816894531,36.43000030517578,1040700
2025-01-02,35.09000015258789,36.66999816894531,34.68000030517578,36.599998474121094,875000
2025-01-03,35.189998626708984,35.400001525878906,35.099998474121094,35.25,372000
2025-01-06,33.9900016784668,34.88999938964844,33.97999954223633,34.790000915527344,763300
2025-01-07,34.119998931884766,34.38999938964844,33.970001220703125,34.0,530300
2025-01-08,34.0,34.06999969482422,33.68000030517578,33.86000061035156,529800
2025-01-09,34.029998779296875,34.06999969482422,33.81999969482422,33.869998931884766,166900
2025-01-10,34.2599983215332,34.400001525878906,33.599998474121094,33.869998931884766,774000
2025-01-13,33.869998931884766,34.34000015258789,33.72999954223633,33.95000076293945,473600
2025-01-14,33.84000015258789,34.20000076293945,33.630001068115234,33.86000061035156,745800
2025-01-15,34.470001220703125,34.83000183105469,34.02000045776367,34.20000076293945,638700
2025-01-16,34.630001068115234,34.77000045776367,34.2599983215332,34.5099983215332,448800
2025-01-17,34.91999816894531,35.150001525878906,34.540000915527344,34.70000076293945,821500
2025-01-20,34.810001373291016,35.04999923706055,34.459999084472656,34.84000015258789,150000
2025-01-21,35.380001068115234,35.45000076293945,34.7400016784668,34.939998626708984,396600
2025-01-22,34.79999923706055,34.97999954223633,33.79999923706055,34.91999816894531,693900
2025-01-23,35.029998779296875,35.27000045776367,34.70000076293945,34.84000015258789,571700
2025-01-24,34.880001068115234,35.0,34.59000015258789,34.91999816894531,693000
2025-01-27,34.91999816894531,34.970001220703125,34.560001373291016,34.599998474121094,564100
2025-01-28,35.0,35.060001373291016,34.47999954223633,34.810001373291016,571300
2025-01-29,34.97999954223633,35.220001220703125,34.720001220703125,34.88999938964844,477400
2025-01-30,35.29999923706055,35.56999969482422,35.0,35.040000915527344,595500
2025-01-31,34.27000045776367,35.29999923706055,34.18000030517578,35.13999938964844,1137600
2025-02-03,33.619998931884766,34.09000015258789,32.68000030517578,32.849998474121094,889700
2025-02-04,33.36000061035156,33.779998779296875,33.34000015258789,33.72999954223633,500900
2025-02-05,33.93000030517578,33.9900016784668,33.220001220703125,33.599998474121094,407300
2025-02-06,34.0,34.16999816894531,33.58000183105469,33.97999954223633,408000
2025-02-07,34.0099983215332,34.20000076293945,33.869998931884766,34.0099983215332,424000
2025-02-10,34.459999084472656,34.7400016784668,33.97999954223633,34.08000183105469,464700
2025-02-11,33.97999954223633,34.5,33.939998626708984,34.27000045776367,664000
2025-02-12,33.630001068115234,34.02000045776367,33.41999816894531,33.47999954223633,671600
2025-02-13,33.369998931884766,33.869998931884766,33.16999816894531,33.650001525878906,366100
2025-02-14,37.9900016784668,39.16999816894531,35.4900016784668,35.529998779296875,2389500
2025-02-18,37.93000030517578,38.20000076293945,37.099998474121094,37.959999084472656,1463300
2025-02-19,36.880001068115234,37.7400016784668,36.63999938964844,37.66999816894531,881100
2025-02-20,36.119998931884766,36.56999969482422,35.959999084472656,36.310001373291016,1040900
2025-02-21,34.959999084472656,36.22999954223633,34.91999816894531,36.22999954223633,711800
2025-02-24,35.5,35.7599983215332,34.630001068115234,34.900001525878906,819200
2025-02-25,35.81999969482422,36.130001068115234,35.29999923706055,35.36000061035156,631700
2025-02-26,35.5,35.97999954223633,35.22999954223633,35.7400016784668,509600
2025-02-27,35.040000915527344,35.650001525878906,34.91999816894531,35.59000015258789,899400
2025-02-28,35.11000061035156,35.220001220703125,34.54999923706055,35.029998779296875,2231300
2025-03-03,34.20000076293945,35.349998474121094,34.04999923706055,35.18000030517578,747500
2025-03-04,34.560001373291016,34.97999954223633,33.619998931884766,33.790000915527344,688700
2025-03-05,35.369998931884766,35.43000030517578,34.369998931884766,34.68000030517578,748100
2025-03-06,34.970001220703125,35.31999969482422,34.5099983215332,34.88999938964844,996800
2025-03-07,36.15999984741211,36.189998626708984,34.939998626708984,35.43000030517578,814100
2025-03-10,35.4900016784668,36.119998931884766,34.83000183105469,35.560001373291016,1031000
2025-03-11,34.97999954223633,35.439998626708984,34.29999923706055,35.31999969482422,1383500
2025-03-12,34.18000030517578,35.189998626708984,33.97999954223633,35.09000015258789,1050700
2025-03-13,34.099998474121094,34.58000183105469,33.810001373291016,34.06999969482422,908300
2025-03-14,34.95000076293945,34.970001220703125,34.220001220703125,34.43000030517578,488600
2025-03-17,35.04999923706055,35.310001373291016,34.75,34.91999816894531,733000
2025-03-18,34.75,35.31999969482422,34.65999984741211,34.939998626708984,664100
2025-03-19,35.150001525878906,35.220001220703125,34.68000030517578,34.900001525878906,825600
2025-03-20,35.2400016784668,35.5,34.90999984741211,34.90999984741211,545500
2025-03-21,35.20000076293945,35.2400016784668,34.709999084472656,35.16999816894531,1239500
2025-03-24,36.29999923706055,36.310001373291016,35.41999816894531,35.41999816894531,694900
2025-03-25,36.47999954223633,36.939998626708984,36.290000915527344,36.29999923706055,586200
2025-03-26,35.90999984741211,36.560001373291016,35.86000061035156,36.47999954223633,315700
2025-03-27,36.2400016784668,36.40999984741211,35.720001220703125,35.75,767300
2025-03-28,35.060001373291016,36.11000061035156,34.939998626708984,36.0,544400
2025-03-31,35.380001068115234,35.599998474121094,34.630001068115234,34.630001068115234,620800
2025-04-01,35.189998626708984,35.86000061035156,35.0,35.33000183105469,729800
2025-04-02,35.34000015258789,35.470001220703125,34.650001525878906,34.869998931884766,613900
2025-04-03,33.20000076293945,34.560001373291016,33.119998931884766,33.9900016784668,703000
2025-04-04,30.559999465942383,32.5099983215332,30.540000915527344,32.11000061035156,800200
2025-04-07,30.030000686645508,30.739999771118164,28.979999542236328,29.59000015258789,1295800
2025-04-08,30.010000228881836,31.110000610351562,29.579999923706055,31.0,761300
2025-04-09,32.72999954223633,33.029998779296875,29.530000686645508,29.559999465942383,1015300
2025-04-10,31.149999618530273,32.040000915527344,30.5,32.040000915527344,741600
2025-04-11,31.549999237060547,31.56999969482422,30.709999084472656,31.030000686645508,636800
2025-04-14,32.09000015258789,32.36000061035156,31.84000015258789,32.099998474121094,489000
2025-04-15,32.7400016784668,32.91999816894531,31.90999984741211,32.34000015258789,378800
2025-04-16,32.400001525878906,32.72999954223633,32.029998779296875,32.5099983215332,583700
2025-04-17,32.45000076293945,32.650001525878906,32.099998474121094,32.58000183105469,376100
2025-04-21,32.09000015258789,32.529998779296875,31.770000457763672,32.209999084472656,272300
2025-04-22,32.459999084472656,32.560001373291016,32.06999969482422,32.470001220703125,569100
2025-04-23,33.400001525878906,33.689998626708984,33.27000045776367,33.33000183105469,545500
2025-04-24,33.650001525878906,33.7599983215332,33.150001525878906,33.349998474121094,376500
2025-04-25,33.849998474121094,33.90999984741211,33.5,33.529998779296875,264700
2025-04-28,33.79999923706055,34.06999969482422,33.689998626708984,33.779998779296875,269100
2025-04-29,33.790000915527344,33.95000076293945,33.70000076293945,33.810001373291016,426600
2025-04-30,34.4900016784668,34.540000915527344,33.34000015258789,33.45000076293945,743600
2025-05-01,34.720001220703125,34.880001068115234,34.22999954223633,34.52000045776367,395900
2025-05-02,35.75,35.849998474121094,34.880001068115234,35.0099983215332,481800
2025-05-05,35.099998474121094,35.720001220703125,35.02000045776367,35.43000030517578,217700
2025-05-06,35.0099983215332,35.16999816894531,34.619998931884766,34.86000061035156,404500
2025-05-07,35.70000076293945,35.720001220703125,34.9900016784668,35.0099983215332,471000
2025-05-08,36.08000183105469,36.349998474121094,35.75,36.0,591500
2025-05-09,36.09000015258789,36.279998779296875,35.369998931884766,36.279998779296875,484300
2025-05-12,37.029998779296875,37.060001373291016,36.220001220703125,36.849998474121094,762500
2025-05-13,36.16999816894531,37.15999984741211,35.70000076293945,37.029998779296875,966200
2025-05-14,34.36000061035156,35.02000045776367,33.59000015258789,34.0099983215332,884400
2025-05-15,35.83000183105469,36.13999938964844,34.529998779296875,35.0,758800
2025-05-16,35.5,35.86000061035156,35.11000061035156,35.86000061035156,593500
2025-05-20,36.060001373291016,36.369998931884766,35.439998626708984,35.59000015258789,975500
2025-05-21,34.2599983215332,35.189998626708984,34.130001068115234,35.04999923706055,965300
2025-05-22,34.54999923706055,34.66999816894531,34.11000061035156,34.150001525878906,704200
2025-05-23,34.369998931884766,34.439998626708984,34.08000183105469,34.16999816894531,550300
2025-05-26,34.20000076293945,34.61000061035156,34.11000061035156,34.540000915527344,231300
2025-05-27,34.79999923706055,34.91999816894531,34.150001525878906,34.2599983215332,1014200
2025-05-28,34.97999954223633,35.119998931884766,34.650001525878906,34.790000915527344,898900
2025-05-29,35.099998474121094,35.41999816894531,34.630001068115234,35.2400016784668,1965500
2025-05-30,35.33000183105469,35.380001068115234,34.630001068115234,35.0099983215332,2339700
2025-06-02,36.84000015258789,37.33000183105469,35.310001373291016,36.0,1485300
2025-06-03,35.779998779296875,36.790000915527344,35.5,36.790000915527344,1052200
2025-06-04,35.689998626708984,35.95000076293945,35.15999984741211,35.95000076293945,552600
2025-06-05,35.790000915527344,35.95000076293945,35.47999954223633,35.83000183105469,285300
2025-06-06,36.470001220703125,36.619998931884766,36.0099983215332,36.2599983215332,385900
2025-06-09,37.310001373291016,37.40999984741211,36.34000015258789,36.34000015258789,466600
2025-06-10,37.099998474121094,37.59000015258789,36.7400016784668,37.31999969482422,541400
2025-06-11,37.09000015258789,37.56999969482422,36.900001525878906,37.150001525878906,503400
2025-06-12,37.22999954223633,37.2599983215332,36.849998474121094,36.970001220703125,367000
2025-06-13,36.40999984741211,37.029998779296875,36.29999923706055,36.90999984741211,436600
2025-06-16,36.4900016784668,36.79999923706055,36.36000061035156,36.560001373291016,423200
2025-06-17,36.470001220703125,36.66999816894531,36.38999938964844,36.4900016784668,861500
2025-06-18,36.380001068115234,36.599998474121094,36.16999816894531,36.52000045776367,525600
2025-06-19,36.810001373291016,36.83000183105469,36.22999954223633,36.36000061035156,133800
2025-06-20,36.0099983215332,37.0,35.79999923706055,37.0,1126800
2025-06-23,36.060001373291016,36.33000183105469,35.849998474121094,35.90999984741211,356700
2025-06-24,36.279998779296875,36.52000045776367,36.0099983215332,36.439998626708984,303200
2025-06-25,36.13999938964844,36.380001068115234,35.939998626708984,36.31999969482422,538800
2025-06-26,36.540000915527344,36.779998779296875,36.130001068115234,36.47999954223633,510900
2025-06-27,38.470001220703125,38.56999969482422,36.7400016784668,37.20000076293945,864700
2025-06-30,39.90999984741211,40.130001068115234,38.5,38.56999969482422,1067200
2025-07-02,39.77000045776367,39.849998474121094,38.880001068115234,39.5099983215332,869700
2025-07-03,40.47999954223633,40.5,39.5099983215332,39.65999984741211,474700
2025-07-04,40.22999954223633,40.5,40.150001525878906,40.189998626708984,197400
2025-07-07,40.630001068115234,40.95000076293945,40.130001068115234,40.38999938964844,583200
2025-07-08,41.0099983215332,41.220001220703125,40.58000183105469,40.58000183105469,591800
2025-07-09,40.45000076293945,41.13999938964844,40.33000183105469,41.099998474121094,474100
2025-07-10,39.9900016784668,40.459999084472656,39.790000915527344,40.34000015258789,823400
2025-07-11,39.41999816894531,39.97999954223633,39.2400016784668,39.81999969482422,572800
2025-07-14,40.400001525878906,40.43000030517578,39.43000030517578,39.5,364000
2025-07-15,40.5,40.720001220703125,40.209999084472656,40.459999084472656,612200
2025-07-16,40.40999984741211,40.5,39.869998931884766,40.5,462400
2025-07-17,40.290000915527344,40.459999084472656,40.209999084472656,40.400001525878906,624400
2025-07-18,39.959999084472656,40.369998931884766,39.88999938964844,40.369998931884766,670400
2025-07-21,40.5,40.959999084472656,40.31999969482422,40.91999816894531,615500
2025-07-22,39.18000030517578,40.720001220703125,39.119998931884766,40.720001220703125,1588700
2025-07-23,39.0,39.560001373291016,38.970001220703125,39.45000076293945,842700
2025-07-24,38.900001525878906,39.16999816894531,38.66999816894531,39.0,494700
2025-07-25,39.279998779296875,39.31999969482422,38.599998474121094,38.7400016784668,314300
2025-07-28,39.06999969482422,39.2400016784668,38.81999969482422,39.15999984741211,376500
2025-07-29,39.33000183105469,39.45000076293945,38.90999984741211,39.04999923706055,545400
2025-07-30,39.529998779296875,39.54999923706055,39.18000030517578,39.369998931884766,462800
2025-07-31,39.5099983215332,39.54999923706055,39.130001068115234,39.529998779296875,588800
2025-08-01,39.11000061035156,39.16999816894531,38.459999084472656,38.790000915527344,738800
2025-08-05,39.7400016784668,40.20000076293945,39.560001373291016,39.869998931884766,909500
2025-08-06,39.779998779296875,39.84000015258789,39.16999816894531,39.7400016784668,459700
2025-08-07,39.220001220703125,39.95000076293945,39.04999923706055,39.79999923706055,474000
2025-08-08,39.33000183105469,39.630001068115234,39.060001373291016,39.13999938964844,462600
2025-08-11,39.619998931884766,39.63999938964844,39.0,39.09000015258789,422400
2025-08-12,40.79999923706055,40.880001068115234,39.599998474121094,39.599998474121094,680600
2025-08-13,38.43000030517578,38.63999938964844,36.119998931884766,38.13999938964844,2548000
2025-08-14,38.70000076293945,38.970001220703125,38.099998474121094,38.470001220703125,842900
2025-08-15,37.93000030517578,38.77000045776367,37.52000045776367,38.77000045776367,608500
2025-08-18,38.380001068115234,38.41999816894531,37.689998626708984,37.77000045776367,781100
2025-08-19,37.720001220703125,38.29999923706055,37.41999816894531,38.290000915527344,500200
2025-08-20,37.18000030517578,37.83000183105469,37.060001373291016,37.83000183105469,440000
2025-08-21,37.36000061035156,37.5,37.119998931884766,37.20000076293945,308700
2025-08-22,37.84000015258789,38.29999923706055,37.380001068115234,37.38999938964844,388900
2025-08-25,37.04999923706055,38.02000045776367,37.029998779296875,37.689998626708984,394000
2025-08-26,37.459999084472656,37.59000015258789,37.099998474121094,37.220001220703125,660500
2025-08-27,37.27000045776367,37.529998779296875,37.220001220703125,37.43000030517578,234300
2025-08-28,37.150001525878906,37.5,37.06999969482422,37.20000076293945,508900
2025-08-29,37.029998779296875,37.279998779296875,36.959999084472656,37.099998474121094,508000
2025-09-02,36.84000015258789,36.900001525878906,36.220001220703125,36.790000915527344,506500
2025-09-03,36.83000183105469,37.099998474121094,36.61000061035156,36.75,469600
2025-09-04,36.849998474121094,37.38999938964844,36.70000076293945,37.09000015258789,512000
2025-09-05,36.86000061035156,36.97999954223633,36.34000015258789,36.939998626708984,376900
2025-09-08,36.81999969482422,37.02000045776367,36.47999954223633,36.86000061035156,435100
2025-09-09,36.310001373291016,36.79999923706055,36.279998779296875,36.7599983215332,420000
2025-09-10,36.5,36.7599983215332,36.31999969482422,36.369998931884766,401000
2025-09-11,36.88999938964844,37.18000030517578,36.619998931884766,36.70000076293945,366000
2025-09-12,36.619998931884766,37.099998474121094,36.599998474121094,36.79999923706055,345900
2025-09-15,36.83000183105469,36.91999816894531,36.45000076293945,36.70000076293945,448400
2025-09-16,37.15999984741211,37.31999969482422,36.65999984741211,36.65999984741211,789900
2025-09-17,37.04999923706055,37.47999954223633,36.869998931884766,37.02000045776367,717000
2025-09-18,37.20000076293945,37.650001525878906,37.060001373291016,37.08000183105469,329500
2025-09-19,38.58000183105469,38.720001220703125,37.15999984741211,37.709999084472656,5684200
2025-09-22,38.650001525878906,38.900001525878906,38.209999084472656,38.4900016784668,634800
2025-09-23,39.599998474121094,40.36000061035156,38.439998626708984,38.439998626708984,1056600
2025-09-24,40.099998474121094,40.59000015258789,39.75,39.77000045776367,1015900
2025-09-25,39.459999084472656,39.959999084472656,38.869998931884766,39.790000915527344,766000
2025-09-26,39.70000076293945,40.220001220703125,39.619998931884766,39.95000076293945,535700
2025-09-29,40.9900016784668,41.189998626708984,39.900001525878906,39.900001525878906,632200
2025-09-30,41.209999084472656,41.380001068115234,40.4900016784668,40.95000076293945,696800
2025-10-01,40.34000015258789,40.86000061035156,40.119998931884766,40.849998474121094,603800
2025-10-02,39.900001525878906,40.599998474121094,39.88999938964844,40.599998474121094,572300
2025-10-03,40.13999938964844,40.34000015258789,39.83000183105469,40.08000183105469,524700
2025-10-06,40.33000183105469,40.70000076293945,40.099998474121094,40.47999954223633,401300
2025-10-07,39.7599983215332,40.45000076293945,39.58000183105469,40.38999938964844,361800
2025-10-08,39.88999938964844,40.040000915527344,39.619998931884766,39.970001220703125,553900
2025-10-09,39.119998931884766,39.939998626708984,38.9900016784668,39.939998626708984,295900
2025-10-10,38.130001068115234,39.18000030517578,38.11000061035156,39.18000030517578,369800
2025-10-14,38.84000015258789,38.880001068115234,38.130001068115234,38.33000183105469,397900
2025-10-15,38.5099983215332,39.849998474121094,38.40999984741211,39.18000030517578,268000
2025-10-16,38.68000030517578,38.86000061035156,38.189998626708984,38.59000015258789,600000
2025-10-17,38.380001068115234,38.599998474121094,38.119998931884766,38.34000015258789,402800
2025-10-20,39.38999938964844,39.529998779296875,38.68000030517578,38.689998626708984,471400
2025-10-21,39.61000061035156,40.11000061035156,39.18000030517578,39.18000030517578,560600
2025-10-22,39.38999938964844,39.79999923706055,39.099998474121094,39.54999923706055,363600
2025-10-23,40.0099983215332,40.06999969482422,39.52000045776367,39.52000045776367,546500
2025-10-24,40.150001525878906,40.5,40.08000183105469,40.16999816894531,336100
2025-10-27,40.099998474121094,40.529998779296875,40.029998779296875,40.47999954223633,376500
2025-10-28,39.959999084472656,40.54999923706055,39.5099983215332,40.15999984741211,449600
2025-10-29,39.04999923706055,39.75,38.90999984741211,39.75,408200
2025-10-30,38.52000045776367,39.189998626708984,38.439998626708984,38.939998626708984,440700
2025-10-31,39.380001068115234,39.630001068115234,38.33000183105469,38.52000045776367,383300
2025-11-03,38.84000015258789,39.54999923706055,38.349998474121094,39.54999923706055,443800
2025-11-04,38.369998931884766,38.709999084472656,38.2400016784668,38.540000915527344,257300
2025-11-05,38.83000183105469,38.91999816894531,38.349998474121094,38.4900016784668,359500
2025-11-06,38.220001220703125,38.900001525878906,38.0,38.619998931884766,452900
2025-11-07,38.150001525878906,38.189998626708984,37.25,38.13999938964844,483200
2025-11-10,38.11000061035156,38.47999954223633,37.97999954223633,38.34000015258789,225800
2025-11-11,38.38999938964844,38.439998626708984,37.91999816894531,38.040000915527344,237500
2025-11-12,38.40999984741211,39.75,36.75,39.5,1319800
2025-11-13,36.91999816894531,38.939998626708984,36.900001525878906,38.25,419300
2025-11-14,37.060001373291016,37.400001525878906,36.369998931884766,36.5099983215332,1109800
2025-11-17,36.369998931884766,37.0,36.209999084472656,36.93000030517578,674500
2025-11-18,36.0099983215332,36.54999923706055,35.709999084472656,36.029998779296875,704500
2025-11-19,36.5099983215332,36.650001525878906,35.810001373291016,36.0,707400
2025-11-20,36.349998474121094,37.2599983215332,36.2400016784668,36.810001373291016,488200
2025-11-21,36.779998779296875,36.939998626708984,36.11000061035156,36.47999954223633,508100
2025-11-24,36.61000061035156,36.91999816894531,36.2599983215332,36.900001525878906,1657900
2025-11-25,36.529998779296875,36.70000076293945,36.18000030517578,36.59000015258789,592500
2025-11-26,37.15999984741211,37.310001373291016,36.47999954223633,36.599998474121094,565400
2025-11-27,37.290000915527344,37.369998931884766,37.16999816894531,37.369998931884766,112000
2025-11-28,38.22999954223633,38.540000915527344,37.0,37.349998474121094,589400
2025-12-01,37.16999816894531,37.869998931884766,37.0,37.869998931884766,697000
2025-12-02,37.36000061035156,37.52000045776367,37.06999969482422,37.52000045776367,438400
2025-12-03,37.88999938964844,37.91999816894531,37.369998931884766,37.41999816894531,639900
2025-12-04,38.15999984741211,38.56999969482422,37.75,37.75,727700
2025-12-05,37.81999969482422,38.220001220703125,37.529998779296875,38.220001220703125,411700
2025-12-08,38.279998779296875,38.290000915527344,37.650001525878906,38.040000915527344,488600
2025-12-09,38.56999969482422,39.529998779296875,38.13999938964844,38.2400016784668,893900
2025-12-10,38.93000030517578,39.040000915527344,38.15999984741211,38.5,728100
2025-12-11,38.959999084472656,39.25,38.61000061035156,38.61000061035156,610100
2025-12-12,41.060001373291016,41.119998931884766,39.02000045776367,39.2400016784668,1256600
2025-12-15,40.25,41.40999984741211,40.22999954223633,41.08000183105469,966700
2025-12-16,39.93000030517578,40.40999984741211,39.84000015258789,40.040000915527344,745200
2025-12-17,39.439998626708984,40.13999938964844,39.36000061035156,40.029998779296875,1197900
2025-12-18,40.599998474121094,41.34000015258789,39.459999084472656,39.52000045776367,1039900
2025-12-19,41.560001373291016,41.66999816894531,40.619998931884766,40.83000183105469,2378300
2025-12-22,42.959999084472656,43.09000015258789,41.529998779296875,41.66999816894531,883200
2025-12-23,43.22999954223633,43.470001220703125,42.83000183105469,42.83000183105469,178807
