Date,Close,High,Low,Open,Volume
2010-01-04,8.037515640258789,8.132418267991108,7.9572130419155656,8.02291491466878,1957200
2010-01-05,7.957216262817383,8.081319695763078,7.847713561371744,8.066719660464218,1254200
2010-01-06,8.088621139526367,8.241925359702643,8.008319194177382,8.030219598145052,1331000
2010-01-07,8.855138778686523,8.906239933367983,8.08861797745955,8.132419464472957,3122200
2010-01-08,9.081443786621094,9.234747935009276,8.80403694306244,8.898938881216159,2271400
2010-01-11,9.47565746307373,10.001271958011621,9.278552462597766,9.417255929880763,1939000
2010-01-12,9.249350547790527,9.789565010864052,9.125247131111324,9.482956651562624,2055000
2010-01-13,9.665461540222168,9.709263032535443,9.220149733342529,9.307752021767977,1466800
2010-01-14,9.716562271118164,9.89906719156876,9.607058901127193,9.621659628939732,1503900
2010-01-15,9.417255401611328,9.70926374739688,9.351554202605703,9.643561852190103,813500
2010-01-18,9.234748840332031,9.577858291066095,9.234748840332031,9.329651483990432,460000
2010-01-19,9.453757286071777,9.504859150976772,9.31505381550384,9.336954216919574,468100
2010-01-20,8.906242370605469,9.366154977199024,8.833240800540574,9.26395194366672,1710300
2010-01-21,8.431729316711426,9.008444964205564,8.409828916381596,8.825940003654239,634300
2010-01-22,8.16892147064209,8.453629450766778,8.095919906441686,8.336826391085209,1070300
2010-01-25,8.16892147064209,8.409828651486766,8.139720705721698,8.278424861244424,430400
2010-01-26,8.23462200164795,8.30762424995624,7.986415192841011,8.00831628505412,610400
2010-01-27,8.161622047424316,8.234623613823826,7.8550136584233226,8.21272321352409,401500
2010-01-28,8.14702033996582,8.497430183769225,7.93531463923915,8.307624880717427,721100
2010-01-29,7.906114101409912,8.066718646721414,7.774710319227673,8.066718646721414,545700
2010-02-01,8.285726547241211,8.366028489521856,7.825813904285672,7.884215443435461,489400
2010-02-02,8.424427032470703,8.570430828418,8.322224027207088,8.460928155507782,304900
2010-02-03,8.541232109069824,8.614234372578588,8.395228278253478,8.424429044416748,281200
2010-02-04,8.139720916748047,8.475530070139152,7.920715522267856,8.475530070139152,831900
2010-02-05,8.453628540039062,8.504729699094222,7.957214893670962,8.03751751070173,408200
2010-02-08,8.35142707824707,8.665335847829315,8.271125142489355,8.650735812328461,380500
2010-02-09,8.760236740112305,8.862439752712664,8.526630649826984,8.526630649826984,730800
2010-02-10,8.592333793640137,8.804039517979383,8.577733062761004,8.760238021543154,306200
2010-02-11,8.971940994262695,9.044943233866842,8.592331158443614,8.665332701846806,429100
2010-02-12,9.008445739746094,9.008445739746094,8.679936921712494,8.767539226774705,370400
2010-02-16,9.190948486328125,9.344252657046425,9.088745473782236,9.263950041402847,273400
2010-02-17,9.044942855834961,9.300449291368718,8.950040226796391,9.278548898883178,180600
2010-02-18,9.12524700164795,9.12524700164795,8.8551397739433,9.088745874401138,410000
2010-02-19,9.081443786621094,9.256649024922563,9.008442242179697,9.015742605484126,172900
2010-02-22,8.986543655395508,9.169048597496788,8.920841764846871,9.169048597496788,113200
2010-02-23,8.606931686401367,9.015742998665315,8.606931686401367,8.94274075483929,238200
2010-02-24,8.628833770751953,9.037645163068634,8.5631318776831,8.72373642782906,933200
2010-02-25,8.906242370605469,9.008445404137772,8.446329764011915,8.58503393067727,559500
2010-02-26,9.351552963256836,9.636260209819467,9.00114313399375,9.030343895082254,975100
2010-03-01,9.424554824829102,9.468356315988972,9.351553267830765,9.453755586868654,212500
2010-03-02,9.636261940002441,9.665462706333917,9.358854311752829,9.417255844415779,496300
2010-03-03,9.767664909362793,9.82606643707967,9.607060360040819,9.643561488914148,482700
2010-03-04,9.35885238647461,9.723862238629795,9.300450865825864,9.723862238629795,372000
2010-03-05,9.27855110168457,9.512157200192723,9.263950372427265,9.373453753253779,145300
2010-03-08,8.950042724609375,9.344253380371558,8.884340832615491,9.293151522042361,290400
2010-03-09,9.008445739746094,9.110648080884722,8.723737726142984,8.87704193405216,221800
2010-03-10,9.052241325378418,9.329648812911739,8.986540156610722,9.110642828416925,474700
2010-03-11,9.198247909545898,9.27124945715122,9.030343027271773,9.103345271078087,369900
2010-03-12,9.139847755432129,9.300451601825186,9.052244771325428,9.139847755432129,366500
2010-03-15,9.249350547790527,9.307752073733552,9.044945206989944,9.176348292261194,373400
2010-03-16,9.2931547164917,9.402658139522826,9.271254310366018,9.402658139522826,324100
2010-03-17,9.468354225158691,9.555956491932752,9.285849328662499,9.344250839845207,532500
2010-03-18,9.519455909729004,9.58515778756149,9.431853638019343,9.534056636447765,328900
2010-03-19,9.592461585998535,9.78226622790503,9.161749740369963,9.55596045233148,2656900
2010-03-22,9.621660232543945,9.63626026507138,9.34425265251206,9.34425265251206,352300
2010-03-23,9.650862693786621,9.753065028084658,9.453756998438374,9.621661927387013,690600
2010-03-24,9.234748840332031,9.54135716716655,9.132546528854546,9.43185449166895,2397600
2010-03-25,9.147147178649902,9.439155493372503,9.147147178649902,9.307751716937279,393800
2010-03-26,9.774965286254883,9.774965286254883,9.125247419363776,9.132547784387537,1768300
2010-03-29,9.716562271118164,9.84066497651963,9.614359265033462,9.84066497651963,957900
2010-03-30,9.687361717224121,9.782263665215,9.672760989101809,9.767663633293726,360600
2010-03-31,9.709261894226074,9.774963776892578,9.643560011559572,9.716562258122579,383700
2010-04-01,9.753067016601562,9.796868523232096,9.643564294327222,9.796868523232096,474400
2010-04-05,9.745760917663574,9.833363176943589,9.643557933736457,9.833363176943589,121500
2010-04-06,9.884469032287598,10.001272100335708,9.716564796018739,9.738465197227459,364600
2010-04-07,8.752938270568848,9.92827073320418,8.431729826891615,9.85526846608602,3425800
2010-04-08,8.285726547241211,8.33682771994696,7.3001993557363045,8.212724275203342,3722500
2010-04-09,8.336825370788574,8.541230700215314,8.285724212482156,8.358725767748316,831600
2010-04-12,8.139720916748047,8.395228138576494,8.044818950447254,8.395228138576494,467500
2010-04-13,8.285726547241211,8.39522925909675,8.125121966478659,8.176223139184408,1496500
2010-04-14,8.322224617004395,8.387926503887234,8.278423823216544,8.293023855745473,1183500
2010-04-15,8.482831001281738,8.606934437736905,8.29302566362075,8.314926761490167,526500
2010-04-16,8.358728408813477,8.847841838063816,8.322227271546785,8.533933032252058,863700
2010-04-19,8.431729316711426,8.49743121390209,7.957216001557278,8.263824390979597,388600
2010-04-20,8.271121978759766,8.606931021245904,8.271121978759766,8.57042990215375,254200
2010-04-21,8.307625770568848,8.358726936017492,8.176221978042433,8.307625770568848,503700
2010-04-22,8.358728408813477,8.453631087226364,8.249225693214685,8.249225693214685,573300
2010-04-23,8.468233108520508,8.497433883534658,8.285728090631716,8.409831558492206,384900
2010-04-26,8.183521270751953,8.47552888675516,8.117819383100963,8.431728092455215,330900
2010-04-27,8.0302152633667,8.278422028353816,7.825809978871803,8.220020518498131,687400
2010-04-28,7.730908393859863,8.030216346283732,7.687106907460781,7.993715223651332,668100
2010-04-29,8.095921516418457,8.241925370055139,7.8112134796759625,8.022919241499473,1626000
2010-04-30,8.329524993896484,8.395226880878136,8.168920458630343,8.249223074363947,804800
2010-05-03,8.373326301574707,8.548530865575662,8.3514252089238,8.380625969590625,548500
2010-05-04,8.110518455505371,8.307624104772518,7.920713866382703,8.249222585626924,436000
2010-05-05,8.592333793640137,8.796739152539818,7.957215924421231,8.030218186414558,869400
2010-05-06,8.840539932250977,8.94274295956413,8.322225822664928,8.475530015534074,804800
2010-05-07,8.672632217407227,8.818635986144542,8.548528839930286,8.731033724902153,598800
2010-05-10,8.935442924499512,9.015745554714897,8.69453642625574,8.796739457347506,1048100
2010-05-11,9.271251678466797,9.482957400786864,9.074146686886605,9.08874672142532,878700
2010-05-12,9.344253540039062,9.585160017332317,9.293151680836674,9.307752410951965,792200
2010-05-13,9.32235336303711,9.351554127761846,9.227450703631431,9.307752632574168,550500
2010-05-14,8.760236740112305,9.307751536369324,8.533930317997601,9.307751536369324,1870900
2010-05-17,8.65073299407959,8.847837934435823,8.453627357522379,8.672633388296731,820900
2010-05-18,8.278425216674805,8.606934010183878,8.220023684326577,8.424429047545372,458500
2010-05-19,8.088621139526367,8.176223451598341,7.855014974001106,8.176223451598341,1466800
2010-05-20,8.322224617004395,8.563131071440765,8.08861852693302,8.08861852693302,550300
2010-05-21,8.300324440002441,8.395227090658361,8.176221027314014,8.176221027314014,234900
2010-05-25,8.701833724975586,8.745634511290705,8.17621941578754,8.234620928341661,545500
2010-05-26,8.986543655395508,9.278551284277114,8.75293685608912,8.760237220861436,723200
2010-05-27,9.169050216674805,9.198250984719579,8.979244876283165,8.986545242344665,612300
2010-05-28,9.256649017333984,9.402652802298045,9.183646776751472,9.183646776751472,847500
2010-05-31,9.35885238647461,9.35885238647461,8.935441013670678,9.147146700072645,86700
2010-06-01,9.27855110168457,9.424554913252166,9.21284921242888,9.293151134740786,2438400
2010-06-02,9.344253540039062,9.351553905096708,9.139848191832904,9.139848191832904,421400
2010-06-03,9.212851524353027,9.409957241582902,9.066847676146415,9.409957241582902,293700
2010-06-04,8.906242370605469,9.26395194366672,8.906242370605469,9.05954657280332,356600
2010-06-07,8.913541793823242,9.008444451452291,8.840539535277472,8.840539535277472,1345400
2010-06-08,9.27855110168457,9.322352593255394,8.95734271623586,9.008443876234246,520800
2010-06-09,9.2931547164917,9.417258178206161,9.256654271682683,9.26395394292367,301400
2010-06-10,9.234748840332031,9.344252212030662,9.176347320573173,9.293150360090888,105500
2010-06-11,9.103344917297363,9.307750217329906,9.074144160149856,9.307750217329906,472900
2010-06-14,8.7748384475708,9.088746492353652,8.716436222284424,8.913541905097947,688500
2010-06-15,9.081443786621094,9.088744149925521,8.760235459436833,8.774836186045691,374100
2010-06-16,8.877038955688477,9.015743080984171,8.847838197131646,9.015743080984171,214700
2010-06-17,8.796740531921387,9.015746656041669,8.767539761785434,8.833241668641646,857600
2010-06-18,8.716435432434082,8.979242985704158,8.709135764110753,8.833239176221383,449300
2010-06-21,8.577729225158691,8.796735216956106,8.541228110492314,8.72373298762335,587000
2010-06-22,8.271121978759766,8.716433682321432,8.23462085966761,8.541229146120212,313100
2010-06-23,8.65073299407959,8.687233419041167,8.271122447910582,8.271122447910582,355700
2010-06-24,8.460927963256836,8.701834395146204,8.431727204730882,8.650733241776035,215200
2010-06-25,8.621533393859863,8.636133426564403,8.475528889608041,8.475528889608041,177900
2010-06-28,8.723734855651855,8.760235978134283,8.628832215677946,8.67263370189706,565400
2010-06-29,8.723734855651855,8.760235978134283,8.636132579414634,8.71643449191517,671400
2010-06-30,8.555832862854004,8.833240490238481,8.555832862854004,8.74563749531607,304700
2010-07-02,8.285726547241211,8.606935012565053,8.285726547241211,8.555833839859302,444000
2010-07-05,8.190820693969727,8.271122605092598,8.147019208502073,8.263822241481158,88400
2010-07-06,7.935312271118164,8.322222430181089,7.803908531881333,8.103217126387547,347400
2010-07-07,8.249223709106445,8.300324871268161,7.935314978796204,7.935314978796204,821200
2010-07-08,8.606931686401367,8.723734719562211,8.161619948425402,8.293023012630854,620200
2010-07-09,8.913541793823242,9.015744816547095,8.621534152042429,8.621534152042429,409700
2010-07-12,8.833239555358887,8.935441878282985,8.738336901071431,8.862440318508789,846500
2010-07-13,9.161746978759766,9.263949286779386,8.840537934752652,8.840537934752652,530600
2010-07-14,9.453757286071777,9.475657687487512,9.161749613191272,9.161749613191272,461600
2010-07-15,9.928269386291504,10.125374366848463,9.380754545787218,9.380754545787218,912800
2010-07-16,9.840667724609375,9.928270723546438,9.658162753192721,9.928270723546438,325100
2010-07-19,9.380757331848145,9.760367371983076,9.256653875446007,9.694665460217083,369100
2010-07-20,9.738466262817383,9.753066299820343,9.293153646906035,9.482959001353453,524700
2010-07-21,9.680062294006348,9.913668397060139,9.563259242479452,9.913668397060139,202300
2010-07-22,9.97936725616455,9.986667618717629,9.599756757815218,9.636257874379714,181900
2010-07-23,9.935568809509277,10.001270700138248,9.694662341337125,9.855266885518928,623900
2010-07-26,9.98667049407959,10.052372383572392,9.789564825601186,9.928268969241788,193400
2010-07-27,9.658160209655762,10.037770784406163,9.658160209655762,10.030470420383802,381500
2010-07-28,9.592461585998535,9.599761255770972,9.424556649610567,9.57056048807757,418500
2010-07-29,9.577858924865723,9.59975932217426,9.526757765745442,9.592459653872133,939800
2010-07-30,9.468354225158691,9.658158788402025,9.45375349926255,9.490254617801973,974200
2010-08-03,9.701964378356934,9.738465512353404,9.47565790453979,9.577860940489666,277600
2010-08-04,9.490259170532227,9.687364887481426,9.446457668031984,9.672764154580923,1233400
2010-08-05,9.351552963256836,9.439155246522342,9.249349951346549,9.41725415355517,463400
2010-08-06,9.446455955505371,9.555959343803726,9.329652898281369,9.482957084938157,503700
2010-08-09,9.607060432434082,9.753064252826475,9.431855847963213,9.555959269347028,417800
2010-08-10,9.643563270568848,9.643563270568848,9.329654478944935,9.621662867679188,376400
2010-08-11,9.789565086364746,9.789565086364746,9.504857819247015,9.665461668728412,485700
2010-08-12,10.074272155761719,10.132673676973004,9.680061539485006,9.709262300090648,459900
2010-08-13,10.001270294189453,10.169175196337283,9.913668008973614,10.13267407011375,263700
2010-08-16,10.162579536437988,10.213906172483458,10.067259440083197,10.111253599655964,569100
2010-08-17,10.778491973876953,10.859147804569453,10.162578026924555,10.18457545307524,902800
2010-08-18,10.983800888061523,11.41640732317386,10.565859409722172,10.778496388085095,946000
2010-08-19,10.969134330749512,11.145109579548398,10.910475914483216,11.09378364013126,428900
2010-08-20,10.998467445373535,11.108451840121779,10.837156393714212,10.969138226823087,221100
2010-08-23,10.59518814086914,11.020462078202701,10.580523884028462,10.925141961315719,368800
2010-08-24,10.631850242614746,10.815158005418448,10.419213265732996,10.558526857787816,270200
2010-08-25,10.961804389953613,10.998466083417734,10.580524596012225,10.63185054730381,1249600
2010-08-26,10.998467445373535,11.115784319575322,10.925144049365553,10.998467445373535,353900
2010-08-27,11.042459487915039,11.130447126555113,10.910477680323131,11.071788700795064,324600
2010-08-30,10.910476684570312,11.00579679254683,10.800491621860393,10.925140940040185,188500
2010-08-31,10.976470947265625,11.071791084463268,10.932476768842195,10.961805988036566,379000
2010-09-01,10.903144836425781,11.035126639588963,10.7711630332626,10.932474048321648,605000
2010-09-02,11.130447387695312,11.181773336623657,10.910477936302453,10.998465577006876,748200
2010-09-03,11.504393577575684,11.577716954064094,11.013129472452087,11.013129472452087,801300
2010-09-07,11.563054084777832,11.885674742366922,11.50439495699553,11.50439495699553,226100
2010-09-08,11.592382431030273,11.805019393304686,11.504394095576968,11.680370067220005,194200
2010-09-09,11.262426376342773,11.651039256953178,11.071786873713995,11.651039256953178,275300
2010-09-10,11.893006324768066,11.973662182352621,11.247763659673076,11.299089605944284,397900
2010-09-13,11.94433307647705,12.083645952716497,11.812351279174774,11.915003166620066,219700
2010-09-14,12.347612380981445,12.4429318128374,12.010325332857315,12.017657812004295,527700
2010-09-15,11.966326713562012,12.347607074172272,11.929665732110823,12.347607074172272,287800
2010-09-16,12.384269714355469,12.662898245400086,12.098310104860136,12.134971091221647,572300
2010-09-17,12.127642631530762,12.589577592656973,12.127642631530762,12.46492825417414,755300
2010-09-20,12.464926719665527,12.633569510226259,12.178967083625407,12.288951451446444,283800
2010-09-21,12.303619384765625,12.464929736712016,12.142307634291782,12.464929736712016,387400
2010-09-22,12.413602828979492,12.750888465920209,12.369609354275777,12.413602828979492,628800
2010-09-23,12.706892967224121,12.780216345736038,12.398935896295766,12.479591752511588,289500
2010-09-24,12.516252517700195,12.992852371676788,12.50892004012799,12.882868005147897,480100
2010-09-27,12.332944869995117,12.552915003292584,12.149637124844114,12.486924103156056,310500
2010-09-28,12.325613021850586,12.450262350860353,11.988327424840149,12.450262350860353,420500
2010-09-29,12.640902519226074,12.684895988498265,12.193631152956074,12.325612959299823,261800
2010-09-30,12.171637535095215,12.574914113664015,12.171637535095215,12.574914113664015,491100
2010-10-01,12.120306015014648,12.281616292702886,11.863674947103554,12.061647605080124,365400
2010-10-04,12.068982124328613,12.134973029139463,11.922336756936776,11.995660139896298,450000
2010-10-05,12.838872909545898,12.904863800797273,12.303614701419798,12.303614701419798,500500
2010-10-06,13.058844566345215,13.124835472512288,12.67756548446875,12.95619266720854,477100
2010-10-07,12.457598686218262,13.30814681863789,12.296288315768889,13.03685204113087,800000
2010-10-08,12.699559211730957,12.9561903114377,12.428264556618927,12.61890336363047,280500
2010-10-12,13.667425155639648,13.704087544120643,12.714225431567726,12.721557909263925,522800
2010-10-13,14.04137134552002,14.495975115317814,13.850731145187199,13.931386991085262,1036200
2010-10-14,13.59410572052002,14.100034189522404,13.579440762382372,14.100034189522404,309600
2010-10-15,13.300808906555176,13.68208933393946,13.286145350522736,13.564772494517687,326500
2010-10-18,13.418126106262207,13.484117005024734,13.007517157260889,13.212822331025087,224100
2010-10-19,12.824207305908203,13.198155204526339,12.728887911449549,13.198155204526339,655800
2010-10-20,13.154162406921387,13.491447941149847,12.772882012859453,12.772882012859453,389200
2010-10-21,13.13949966430664,13.256816513213446,12.985520426036986,13.124834708561501,307200
2010-10-22,12.919529914855957,13.139498639772677,12.736222177916343,13.139498639772677,273100
2010-10-25,13.57944107055664,13.58677354979187,13.139502106134849,13.20549302072449,246600
2010-10-26,13.66009521484375,13.806741998948162,13.293479653110099,13.366803045162305,163200
2010-10-27,13.806739807128906,13.990047558895636,13.381465878971182,13.498782728219716,428200
2010-10-28,14.50330924987793,14.591296184072267,13.894727594013212,14.004711961019682,433100
2010-10-29,14.921253204345703,15.243875280790444,14.28334153029898,14.37132987788476,427400
2010-11-01,14.312670707702637,15.177883587154817,14.188021370857369,14.972578385725178,683000
2010-11-02,13.990045547485352,14.298002582118206,13.946052084974074,14.298002582118206,484000
2010-11-03,13.843400001525879,14.129361028826324,13.62343127147361,13.99737923138413,603700
2010-11-04,13.960721015930176,14.833265030530294,13.880065146242279,14.627961214637256,966900
2010-11-05,13.836071014404297,14.708614987585063,13.682091761266504,13.931390438897376,4611700
2010-11-08,13.300808906555176,13.711419243058424,13.029514239839965,13.381464758105285,1711300
2010-11-09,12.758224487304688,13.462127270650019,12.538255654181123,13.198163552079553,1157300
2010-11-10,12.435598373413086,12.882869777148821,12.303617954541156,12.684897051049992,740700
2010-11-11,13.198159217834473,13.271482604305675,12.457595671677154,12.59690996611971,766900
2010-11-12,12.926860809326172,13.183491917088148,12.692227133153061,12.978188149700188,414900
2010-11-15,13.036846160888672,13.198156458579373,12.809543570495933,13.000183776054206,254900
2010-11-16,12.362271308898926,12.897529438780413,12.017651949734825,12.743550248860414,700100
2010-11-17,12.684894561767578,12.80221139898302,12.266953154371688,12.281618108655373,374500
2010-11-18,11.761028289794922,12.758221700464748,11.717033413958035,12.684898305930698,1215500
2010-11-19,12.098311424255371,12.127641335364773,11.218434369616784,11.621711556944677,1002000
2010-11-22,12.479592323303223,12.794881886356197,11.988327482889163,11.988327482889163,944700
2010-11-23,12.985523223876953,13.00018818278178,12.35494537477137,12.362277854223784,859900
2010-11-24,13.154162406921387,13.315472697396704,12.926859826695857,13.154162406921387,748100
2010-11-25,12.985523223876953,13.205493411867003,12.941529745689925,13.205493411867003,66800
2010-11-26,13.300808906555176,13.396129712664766,12.736222141285532,12.904864923138451,496800
2010-11-29,13.784740447998047,13.828735309216425,13.139497867258434,13.3667990561122,906500
2010-11-30,14.693950653076172,15.133888156463474,14.078036470101289,14.078036470101289,8205000
2010-12-01,15.324529647827148,15.478508905433698,14.517975161409439,14.693951855396161,1898400
2010-12-02,15.911112785339355,16.006432197147372,15.13388694155725,15.18521288626365,1179200
2010-12-03,16.057754516601562,16.446367350758088,15.947770174414408,15.947770174414408,833000
2010-12-06,16.85698127746582,16.90097474784938,16.365716429513263,16.42437485620041,874100
2010-12-07,15.654485702514648,17.3042558290402,15.625155784527676,17.12094803720403,1355200
2010-12-08,15.76446533203125,15.947773068450218,15.251203110647323,15.405182336473318,871100
2010-12-09,15.66181755065918,15.911116249388956,15.537168201294294,15.911116249388956,265800
2010-12-10,15.412518501281738,15.749804145697073,15.207213283902375,15.661817194339758,471200
2010-12-13,16.19706916809082,16.21906659648969,15.515164271521003,15.515164271521003,606000
2010-12-14,16.19706916809082,16.67366892851835,16.0430899663524,16.204401644223775,517300
2010-12-15,16.14574432373047,16.197070261599492,15.779128883492413,15.984432634968497,694800
2010-12-16,15.683810234069824,16.24106594738232,15.603155777168501,15.786463522395225,667600
2010-12-17,15.082562446594238,15.720474074255995,14.60596254468894,15.58849226173789,1138800
2010-12-20,15.280531883239746,15.30986039165134,14.825928115381094,14.979907329754502,401700
2010-12-21,15.309865951538086,15.375856867587911,15.067899725531207,15.375856867587911,127200
2010-12-22,15.031230926513672,15.324522957569569,14.899249162906836,15.251199600173914,140600
2010-12-23,14.745278358459473,14.994577052624928,14.715948442191827,14.81860035207382,154600
2010-12-24,14.693950653076172,14.789270072536162,14.664620740302503,14.664620740302503,4500
2010-12-29,14.701285362243652,15.104563371280893,14.547307477748978,14.950584088258656,436200
2010-12-30,14.583961486816406,14.759936726949078,14.547300502903019,14.547300502903019,111900
2010-12-31,14.547307014465332,14.77460829323049,14.547307014465332,14.679288853273333,115000
2011-01-04,14.239344596862793,14.840593730645114,14.107362806807746,14.25400955098602,451400
2011-01-05,13.938722610473633,14.22468227618182,13.938722610473633,14.151358890518186,257100
2011-01-06,13.586769104003906,14.078033863795923,13.586769104003906,13.96804810978385,772300
2011-01-07,13.601431846618652,13.799404513781433,13.462118990639102,13.520777403295458,177900
2011-01-10,13.630767822265625,13.704091220370174,13.425462587278385,13.630767822265623,465900
2011-01-11,14.261341094970703,14.290669602771281,13.762743875618698,13.762743875618698,1222100
2011-01-12,13.557442665100098,14.26134523763481,13.352137456750947,14.210017886652038,801000
2011-01-13,13.029513359069824,13.704085839408734,12.992850975149425,13.608765039742645,326600
2011-01-14,12.699559211730957,12.897531894235614,12.574909900360652,12.831541000067395,251300
2011-01-17,12.626236915588379,12.824209614948337,12.596908403753812,12.596908403753812,36000
2011-01-18,13.168827056884766,13.418125689233545,12.904864868565557,12.904864868565557,363600
2011-01-19,12.787553787231445,13.418131730742585,12.65557193438354,13.418131730742585,229300
2011-01-20,12.582245826721191,12.640904260004355,12.252291265423793,12.538252351390659,291800
2011-01-21,12.178964614868164,13.036844747617623,12.178964614868164,12.611570919328898,749300
2011-01-24,12.090982437133789,12.655570802241707,11.995662995563867,12.464930520574324,303300
2011-01-25,11.82701587677002,11.944334127999019,11.636376340761396,11.929669171779494,349500
2011-01-26,12.28161907196045,12.354942450602952,11.841680198632561,11.841680198632561,367400
2011-01-27,11.929669380187988,12.281619944441879,11.87101095281234,12.281619944441879,223300
2011-01-28,11.878344535827637,12.208297696056132,11.85634709906813,11.944335447578807,281400
2011-01-31,11.78302001953125,11.944331708211688,11.658370713972236,11.841678433998613,307900
2011-02-01,12.237626075744629,12.252289633216469,11.731696281995944,11.966329983871514,242300
2011-02-02,12.039651870727539,12.171633661280017,11.89300512599656,12.171633661280017,224500
2011-02-03,12.413602828979492,12.44293134593952,11.834349584849985,12.274288527469162,319800
2011-02-04,12.413602828979492,12.472261261426892,12.193632658406232,12.354944396532092,257600
2011-02-07,12.362271308898926,12.523581575862375,12.288947951724008,12.501584149151885,4341800
2011-02-08,13.638097763061523,13.82140552493459,12.758219946659915,12.831543331114588,1206200
2011-02-09,13.212825775146484,13.97538545063585,13.168830898818824,13.784745182131648,524500
2011-02-10,13.073512077331543,13.256819875049892,13.007521158270738,13.066179597599508,544000
2011-02-11,12.824207305908203,13.20548768079652,12.802209877097662,13.036844922162905,227000
2011-02-14,12.904866218566895,13.132167442947868,12.904866218566896,12.926862254087103,181900
2011-02-15,13.168827056884766,13.300808850307888,12.978188242525851,13.190824488630964,285400
2011-02-16,13.132165908813477,13.198156804719234,12.992851639842765,13.12483343165428,173800
2011-02-17,13.249484062194824,13.396130822889132,13.183493159735102,13.308142486767116,201800
2011-02-18,13.425457000732422,13.56477125930744,13.337470078441715,13.374131062975025,138400
2011-02-22,13.564769744873047,13.83606575512228,13.491446385465679,13.682086560514133,458100
2011-02-23,13.542776107788086,13.843400706821763,13.44745669284964,13.564773541324874,373700
2011-02-24,12.545580863952637,13.711418080575537,12.516250957320324,13.55743886780974,357600
2011-02-25,13.520780563354492,13.579438989720419,12.648235247450033,12.648235247450033,561100
2011-02-28,13.696754455566406,14.004711512436657,13.469453251230073,13.667424546089688,503600
2011-03-01,13.59410572052002,13.95338880372808,13.381468023106283,13.924058887452786,344100
2011-03-02,13.146832466125488,13.711420689480773,13.110170075859255,13.601434917209264,954800
2011-03-03,13.014850616455078,13.278814231416105,12.860872773412602,12.948859712714821,490300
2011-03-04,13.036846160888672,13.190823981612478,12.970855266713615,13.014848729987992,254100
2011-03-07,13.124833106994629,13.190824001268018,12.934192901152285,13.124833106994629,282000
2011-03-08,12.736221313476562,13.183491210253486,12.640900513562483,13.124832794355186,308400
2011-03-09,12.325613021850586,12.780216868394199,12.318280543846814,12.780216868394199,230700
2011-03-10,11.6143798828125,12.23762655174085,11.357748736956447,12.171635645705658,342500
2011-03-11,11.365081787109375,11.629044725268614,11.343085050412018,11.372414265763044,299600
2011-03-14,11.19643783569336,11.541055906226331,11.086452764857736,11.423739056745866,195500
2011-03-15,10.910476684570312,10.961802627610158,10.426544366584551,10.859150741530469,190900
2011-03-16,10.998467445373535,11.33575380833554,10.998467445373535,11.071790841381516,215000
2011-03-17,11.350415229797363,11.445735341067369,11.020461428794148,11.079119851227452,244200
2011-03-18,11.731697082519531,11.929669806433594,11.497063364633505,11.526392579369258,500300
2011-03-21,11.797686576843262,11.885673511243926,11.65837229909392,11.783021621600783,254400
2011-03-22,11.739029884338379,11.834349310407159,11.658374017145889,11.731697405636579,105800
2011-03-23,12.391606330871582,12.472262206043176,11.805021961971223,11.805021961971223,393500
2011-03-24,12.721559524536133,12.926863331988898,12.457595888065667,12.552916711692134,961000
2011-03-25,12.582245826721191,12.838876996782794,12.574913347744875,12.692230214311202,480800
2011-03-28,12.164300918579102,12.574909836922247,12.098310024743794,12.574909836922247,836200
2011-03-29,12.208295822143555,12.259621768176775,12.098311452282775,12.200963344349217,243200
2011-03-30,12.508917808532715,12.61890215544036,12.281616638453334,12.464924349475025,189200
2011-03-31,12.758224487304688,12.978194718955988,12.435602319999422,12.64090758983509,322000
2011-04-01,12.354941368103027,12.677563366746668,12.252288087586821,12.677563366746668,557100
2011-04-04,12.391606330871582,12.640905037286098,12.281621936518697,12.55291808121477,362000
2011-04-05,12.501587867736816,12.52358530099042,12.134972371339524,12.391603498523056,1768300
2011-04-06,12.780217170715332,12.904866502673727,12.501588594089641,12.574911977334676,634900
2011-04-07,13.198159217834473,13.308143598277638,12.72889178206242,12.72889178206242,312800
2011-04-08,13.535444259643555,14.363996113889131,13.381466413304079,13.535444259643556,791200
2011-04-11,13.066173553466797,13.557438280044506,12.956189205417699,13.520777296870428,255800
2011-04-12,12.65556812286377,13.154165461890443,12.450262924874187,13.14683298354861,342700
2011-04-13,12.56757926940918,12.765551980993466,12.450262417772683,12.765551980993466,301500
2011-04-14,12.765546798706055,12.868198652583759,12.58957159269001,12.648229994695358,151700
2011-04-15,12.868206024169922,13.366803426101546,12.73622559294751,12.809547588561932,311900
2011-04-18,12.538247108459473,12.904862512809007,12.413597815039559,12.868200133257986,493900
2011-04-19,12.824207305908203,12.824207305908203,12.494254264911156,12.567576230559267,207400
2011-04-20,12.787553787231445,13.124839501373721,12.721562860807492,13.029520051276716,388700
2011-04-21,12.978187561035156,13.095504393800452,12.846205774542458,12.897531714061405,132400
2011-04-25,12.860876083374023,13.132170847659825,12.824213683789765,13.029518925878987,243500
2011-04-26,12.846208572387695,12.978190387625427,12.721559235610645,12.94152799532202,454400
2011-04-27,12.904866218566895,13.02218306976528,12.743554499273731,12.794881845384309,1000000
2011-04-28,12.948854446411133,13.051506300024238,12.875531094461794,12.941521971363537,244000
2011-04-29,12.904866218566895,13.014850591749482,12.83154283693611,13.007518113733687,235000
2011-05-02,13.711414337158203,14.041367305528183,13.102832925958598,13.190819824779975,518000
2011-05-03,13.682092666625977,13.982717315686354,13.572108277693927,13.726086142493319,375400
2011-05-04,13.887398719787598,13.968053197305393,13.579441573147239,13.821407802755559,389100
2011-05-05,13.674755096435547,13.850730332916548,13.374130559297974,13.579435701122575,297300
2011-05-06,13.638097763061523,13.92405742405479,13.46945495778484,13.718752227287153,225400
2011-05-09,13.953388214111328,13.975384251860948,13.645431098870738,13.718753089405903,731100
2011-05-10,13.998322486877441,14.170586139743124,13.818568923640948,14.005812397248254,401400
2011-05-11,14.440218925476074,14.597502776406387,13.938406299065138,14.005814071907986,663900
2011-05-12,14.200550079345703,14.432733108810623,14.095694148977614,14.170591854335495,693000
2011-05-13,14.342850685119629,14.634951493540495,14.208035147164525,14.267953005305191,396000
2011-05-16,14.342850685119629,14.3578305067934,14.028281572742527,14.275442916142076,302000
2011-05-17,14.305402755737305,14.387788918964414,14.20803534207648,14.305402755737305,307000
2011-05-18,14.29791259765625,14.432728135130505,14.155607149371821,14.290422686846078,148500
2011-05-19,14.148119926452637,14.380302920015344,14.118161706074838,14.193059399851368,136100
2011-05-20,14.095687866210938,14.170585538185234,13.841036638630897,14.148115808026663,358800
2011-05-24,14.282934188842773,14.50013733815931,14.103180597281447,14.11816042038353,873000
2011-05-25,13.990835189819336,14.23050665223562,13.96087554274,14.23050665223562,188900
2011-05-26,13.930916786193848,14.080710730141583,13.878488834384413,13.878488834384413,423600
2011-05-27,13.743675231933594,13.94589858489464,13.691247272696598,13.863510975490936,229000
2011-05-30,13.42910385131836,13.713713338573942,13.361696078024101,13.713713338573942,91100
2011-05-31,13.331737518310547,13.556430590438815,13.27930956338034,13.556430590438815,3122200
2011-06-01,13.084573745727539,13.361694722099282,13.002187586715158,13.361694722099282,326200
2011-06-02,12.695108413696289,13.16696135095142,12.582761183753018,13.107043494973714,228300
2011-06-03,12.440457344055176,12.79247457431812,12.358069755216329,12.69510859268944,235000
2011-06-06,11.976096153259277,12.500378615067689,11.923668192789393,12.47790887691426,355800
2011-06-07,11.983583450317383,12.238234712920985,11.901196571236255,11.983583450317383,1200000
2011-06-08,11.8562593460083,12.193298245378218,11.796341478181944,11.893708191969106,232400
2011-06-09,11.49675178527832,11.938645868330646,11.399385074487274,11.871238804808202,328400
2011-06-10,11.49675178527832,11.773872094017156,11.294528451879076,11.40687427202712,239900
2011-06-13,11.144731521606445,11.481769627820363,11.047364830606485,11.421851774016874,262400
2011-06-14,11.249591827392578,11.481773408769223,11.152225104329748,11.302019788165873,383700
2011-06-15,11.002429008483887,11.309508983720837,10.96498087560772,11.309508983720837,258900
2011-06-16,11.017409324645996,11.18218383090719,10.90506349245,10.950001539617444,351200
2011-06-17,11.429347038269043,11.601610770079919,11.099797973698896,11.114777801305491,595400
2011-06-20,11.796340942382812,11.878727828332645,11.466792684306192,11.481771793443755,345400
2011-06-21,11.976096153259277,12.125891550505905,11.803832446414004,11.893709256195546,209900
2011-06-22,11.931156158447266,12.245725298486432,11.893707315246932,12.006053844847933,259600
2011-06-23,12.073461532592773,12.140867878456755,11.811320346360148,11.90119714082575,278200
2011-06-24,12.12588882446289,12.193296595214331,12.021031498541506,12.095929180326934,174600
2011-06-27,11.916176795959473,12.13337995205982,11.68399524484379,12.13337995205982,206300
2011-06-28,12.290661811828613,12.320621454088307,11.92366476547358,11.976092710873674,122200
2011-06-29,11.938644409179688,12.388029777679524,11.863747442994063,12.388029777679524,267000
2011-06-30,11.983583450317383,12.125888903785153,11.89370666015327,12.013543094649322,240400
2011-07-04,12.148360252380371,12.335603790707438,12.08095246429824,12.238237779341487,45400
2011-07-05,12.230744361877441,12.268192487390824,11.7064627476408,12.208274629436762,309600
2011-07-06,12.290661811828613,12.41049752375865,12.170826099898576,12.32810993609886,389200
2011-07-07,12.575274467468262,12.695110196250123,12.27568371695904,12.283173628577229,192000
2011-07-08,12.545317649841309,12.792479074755688,12.395522240809306,12.582765787821863,324700
2011-07-11,12.927292823791504,13.406635779024429,12.620213564526074,13.174454213652817,480900
2011-07-12,13.361696243286133,13.518980097215067,12.94227120425444,12.94227120425444,709600
2011-07-13,13.983345985412598,14.118161546980202,13.474043387737055,13.571410817115735,482700
2011-07-14,13.818572998046875,14.282936149520033,13.676267516151341,14.282936149520033,490600
2011-07-15,13.788617134094238,13.833555193354783,13.616353383132857,13.646311613121505,202700
2011-07-18,13.818572998046875,14.005816526862931,13.698737253888979,13.841041307229759,344200
2011-07-19,13.781124114990234,14.170591016993644,13.766144289092836,13.96836765304324,282500
2011-07-20,13.900955200195312,14.043260641356271,13.638814049179125,13.77362957990484,287800
2011-07-21,13.863506317138672,14.005811750504225,13.803588465493325,13.841036587063817,113900
2011-07-22,13.885979652404785,14.073223165979469,13.811081961263984,13.908447959758778,166900
2011-07-25,14.050749778747559,14.530092591795984,14.050749778747559,14.19305521207916,236100
2011-07-26,14.357830047607422,14.440217635623862,13.960873357274295,13.960873357274295,380000
2011-07-27,14.178079605102539,14.859645905643612,14.140630043858435,14.417751082846035,397400
2011-07-28,13.953389167785645,14.327876279872328,13.668779591163949,14.327876279872328,274900
2011-07-29,14.028281211853027,14.200544871006509,13.856017552699544,13.953383533965395,391700
2011-08-02,13.391654014587402,14.193057366036927,13.219390343574439,14.193057366036927,699500
2011-08-03,13.870999336242676,13.930917201318158,13.301778903748302,13.301778903748302,496200
2011-08-04,13.459062576293945,14.080710953496563,13.30177871837073,13.900957360775218,538300
2011-08-05,13.15947437286377,13.533961413314325,12.70259972637659,13.331738068617899,346100
2011-08-08,13.06210994720459,13.346719503728725,12.672643035283258,12.897334715246792,475100
2011-08-09,13.69124698638916,13.736185032144746,12.979721023911257,13.069598543977145,907200
2011-08-10,14.485161781311035,14.59001771679928,13.384170173019516,13.676269666768189,490700
2011-08-11,15.279073715209961,15.279073715209961,14.06573628571583,14.327876118377871,545200
2011-08-12,15.016928672790527,15.204172179576217,14.432729845894109,15.114296096309655,292300
2011-08-15,14.971993446350098,15.136767249024372,14.777259991250583,15.136767249024372,161400
2011-08-16,14.912074089050293,15.114297437172151,14.7547902151031,14.971991959395133,251000
2011-08-17,14.822196006774902,15.106805495543208,14.799726272705882,15.06935736731603,392100
2011-08-18,14.717336654663086,15.204169397514208,14.537583092466717,14.882111824758834,153600
2011-08-19,15.346477508544922,15.608618701429581,14.732319040306598,14.784746993172615,227900
2011-08-22,16.439983367919922,16.62722690774336,15.511254153267403,15.71347751912988,350700
2011-08-23,14.38779067993164,16.43998081482377,14.237996728468493,16.43998081482377,901700
2011-08-24,14.178079605102539,14.612484515651296,14.058243866230791,14.372813037907802,453100
2011-08-25,14.97947883605957,15.114294374152815,13.856017923355102,14.252974626790273,371900
2011-08-26,15.503759384155273,15.556187325484725,14.799723559813726,14.979477113752242,350200
2011-08-29,15.503759384155273,15.848286672065532,15.196680217607694,15.496269474171887,303500
2011-08-30,15.608619689941406,15.848291163110195,15.353968392560901,15.661047646127745,209500
2011-08-31,15.443846702575684,15.563682445315642,15.189195392114586,15.541212707843874,471400
2011-09-01,15.466314315795898,15.586150053145476,15.338988666292638,15.466314315795898,214900
2011-09-02,15.713479042053223,15.87825428734268,15.466317602674016,15.466317602674016,248200
2011-09-06,17.316280364990234,17.743195337535813,15.773392820123048,15.870760244929173,790500
2011-09-07,16.627225875854492,17.009201416260574,16.357594738104552,16.777019841284098,391600
2011-09-08,17.22640609741211,17.30130380093792,16.439983781778288,16.672165377008913,440000
2011-09-09,16.73957061767578,17.735706065746715,16.447469761271307,17.211423649475844,421700
2011-09-12,16.410015106201172,16.844419833535575,16.170343729541376,16.297669326961152,307400
2011-09-13,16.447465896606445,16.717096953453872,16.290182065814996,16.290182065814996,175700
2011-09-14,16.54483413696289,16.874383064345107,16.47742636934938,16.68713958287523,181300
2011-09-15,15.825819969177246,16.597263702371855,15.593638429499075,16.54483575101432,411700
2011-09-16,15.855777740478516,16.08795925270976,15.758411760689404,15.810839705849261,695700
2011-09-19,15.855777740478516,16.095449163240364,15.541208640965003,15.825818098356104,129500
2011-09-20,16.582286834716797,16.597266660218413,15.900720488495875,16.102943847103344,320700
2011-09-21,17.278837203979492,17.473570697142673,16.327639481874577,16.327639481874577,492000
2011-09-22,17.144018173217773,17.3162833168042,16.3351261324664,16.3351261324664,477900
2011-09-23,15.458820343017578,16.66466874047712,14.889600025848923,16.484915181669272,840500
2011-09-26,14.99445915222168,15.728453296540495,14.56005430879274,15.001949063313235,525700
2011-09-27,14.52260684967041,15.616109741458478,14.500138541706919,15.616109741458478,471300
2011-09-28,14.380301475524902,14.942031979591428,14.380301475524902,14.882114116299848,835000
2011-09-29,14.687378883361816,14.724827007570422,14.380299693477273,14.380299693477273,274400
2011-09-30,14.612485885620117,15.084338973096074,14.148121282540362,14.76976977192716,515000
2011-10-03,14.163101196289062,14.687383677674054,13.91593978159153,14.42524243698156,288100
2011-10-04,13.661286354064941,14.33536270612498,13.114535646281603,13.706224396587714,399000
2011-10-05,13.781124114990234,14.148121278147546,13.601370489885928,14.088203403112777,215000
2011-10-06,14.769774436950684,15.21166944074961,13.938413836569795,14.073229455160014,339000
2011-10-07,14.410256385803223,14.904579001652545,14.28293077695996,14.687377332775343,289000
2011-10-11,14.75478458404541,14.94202803598226,14.305400013686137,14.567541132108559,271000
2011-10-12,15.159232139587402,15.458821425240435,14.679889282542552,15.099314282456795,254000
2011-10-13,14.679888725280762,15.136761832850421,14.492645250286248,15.136761832850421,480000
2011-10-14,14.957014083862305,15.024421875354149,14.664914606434255,15.024421875354149,87000
2011-10-17,15.121783256530762,15.129273166865916,14.874621929687956,14.979477817271471,228000
2011-10-18,15.346477508544922,15.586148966535042,14.79972681643564,15.114295962186315,397100
2011-10-19,15.294045448303223,16.07297747758078,15.009436025513432,15.009436025513432,542000
2011-10-20,15.309032440185547,15.481296156493032,15.001953144661815,15.016931542365397,338800
2011-10-21,14.777256965637207,15.63108831372329,14.747298747900704,15.353967299749174,282500
2011-10-24,15.189196586608887,15.788375347428726,14.829687901562131,14.979483306044516,423600
2011-10-25,15.279073715209961,15.638580995907855,15.129279729196645,15.35397142249409,711200
2011-10-26,15.054374694824219,15.54869732233166,14.949517384239375,15.25659797750115,318700
2011-10-27,14.470175743103027,15.346475276790539,14.470175743103027,15.346475276790539,609000
2011-10-28,14.627461433410645,14.889601167254055,14.230504734433696,14.24548455595458,457800
2011-10-31,14.799728393554688,15.046889789514841,14.387791781251282,14.387791781251282,373900
2011-11-01,16.07298469543457,16.147882396714692,14.485160285359168,14.784749661924826,686400
2011-11-02,15.346477508544922,16.454958716026514,15.309029378941931,16.117921263935873,466300
2011-11-03,15.743437767028809,16.05800698297946,15.219155264259422,16.05800698297946,298300
2011-11-04,15.750925064086914,16.140390491266963,15.661047547934809,16.140390491266963,209300
2011-11-07,15.481291770935059,16.013062595475315,15.264088637381802,15.683515082473377,211500
2011-11-08,15.144254684448242,15.728454954168448,14.792237397372707,15.728454954168448,458900
2011-11-09,15.204167366027832,15.421370450840238,14.732314506877701,15.076841764581902,301400
2011-11-10,15.084332466125488,15.6161046278176,14.986966496872848,15.151740225052013,200600
2011-11-11,15.21915054321289,15.234130365172042,15.001948839022983,15.04688687634599,146800
2011-11-14,14.99445915222168,15.256600326208249,14.859643609682617,15.204170948567358,199000
2011-11-15,15.960636138916016,15.983105874038808,14.979480562094134,15.046888338907925,410700
2011-11-16,16.477428436279297,16.589774253543013,15.67602646362899,15.743434239698134,781000
2011-11-17,15.638581275939941,16.5073926960163,15.496277200962368,16.4774330411442,297500
2011-11-18,15.21915054321289,16.335121565189635,15.091824913668997,15.661045291126733,307000
2011-11-21,15.21915054321289,15.855778690932361,14.882113120458666,14.994458928043407,613600
2011-11-22,15.338991165161133,15.353970991908856,15.114299478164916,15.20417558154144,315900
2011-11-23,15.279073715209961,15.541214976426946,14.94952466029275,15.338991595326275,381900
2011-11-24,14.8446626663208,15.309027119043726,14.462685800828,15.136762034057618,120700
2011-11-25,14.702359199523926,15.099315939421833,14.4926473908307,15.069357721846181,106400
2011-11-28,14.852156639099121,15.129277690134685,14.642443372678837,15.054379992944957,506600
2011-11-29,15.26408863067627,15.47380185312993,14.739807717373802,14.739807717373802,404700
2011-11-30,17.04665184020996,17.136527938297206,15.383929740047734,15.428867789091356,1012600
2011-12-01,16.709611892700195,17.570931828262214,16.477430320004547,17.039160899095613,815900
2011-12-02,16.94927978515625,17.218910863104064,16.814465674736773,16.874383533330242,622500
2011-12-05,16.79949378967285,17.293816713744604,16.70212633061184,17.0241855084127,528500
2011-12-06,16.78450584411621,17.1589928132907,16.612242181149007,16.79948566573625,837200
2011-12-07,16.612245559692383,16.85191704013894,16.559817601914038,16.574795998025916,369300
2011-12-08,16.859407424926758,17.203934830584767,16.29767684118064,16.29767684118064,472800
2011-12-09,16.514875411987305,17.12903526532433,16.33512183121347,17.069117405066386,269100
2011-12-12,15.78088665008545,16.514881045774317,15.338991744229814,16.514881045774317,683000
2011-12-13,15.586152076721191,16.005578640454225,15.279072781324956,15.713477742755352,537000
2011-12-14,14.23050594329834,15.57117008366262,14.178077992075966,15.57117008366262,594900
2011-12-15,13.8560152053833,14.590009181518178,13.593874091462517,14.290419949274773,341000
2011-12-16,14.110669136047363,14.64992985826827,13.938405472796099,14.515114320574439,656600
2011-12-19,14.35034465789795,14.537588196157115,13.863511744135089,14.110673157494992,271300
2011-12-20,14.867132186889648,15.1142935165177,14.410257651176991,14.410257651176991,353700
2011-12-21,14.23050594329834,15.054377625726518,14.09569039526679,15.054377625726518,4081000
2011-12-22,13.885979652404785,14.320384546755866,13.676266402921469,13.998325474838667,199400
2011-12-23,13.683755874633789,14.073222713191651,13.45157289671203,14.028283242820256,123000
2011-12-28,13.0770845413208,13.721202598414877,12.927290607765874,13.683754472164757,177900
2011-12-29,13.339225769042969,13.361695502023927,12.665149493713185,12.987208523667999,319700
2011-12-30,13.48153305053711,13.69124630115847,13.196923536923148,13.369187227493564,128000
2012-01-03,13.893465995788574,14.043261354996977,13.481530900797098,13.48902081161296,259400
2012-01-04,14.07321834564209,14.16309440138313,13.781117593098335,13.89346337705171,756300
2012-01-05,14.425239562988281,14.492647337980877,13.923426920573702,14.073222293569371,274700
2012-01-06,14.223020553588867,14.597507671151149,14.155612758143258,14.597507671151149,187900
2012-01-09,14.245492935180664,14.507634251770504,13.856025917878917,14.507634251770504,281000
2012-01-10,14.342850685119629,14.597501939356064,14.335360774282742,14.590012028519178,97400
2012-01-11,13.8560152053833,14.410255642172135,13.706219874984527,14.410255642172135,262000
2012-01-12,13.82606029510498,13.945897457529618,13.713714473171178,13.82606029510498,153100
2012-01-13,13.833547592163086,13.975853034942503,13.249348857113283,13.489020279549546,180700
2012-01-16,14.005810737609863,14.035768946988838,13.81107737670695,14.035768946988838,39100
2012-01-17,13.638815879821777,14.290423889605396,13.638815879821777,14.110670300695492,153400
2012-01-18,13.8560152053833,14.230502102826092,13.758649240611998,13.908443142456628,220100
2012-01-19,13.474043846130371,13.856020807382064,13.444085625070974,13.72120524122797,155400
2012-01-20,13.369189262390137,13.623840595277938,13.286801646292652,13.339229609789284,172000
2012-01-23,13.593878746032715,13.653796612997388,13.316759147029085,13.324249058968999,114000
2012-01-24,13.766145706176758,13.841043414818877,13.466556300163248,13.496515955042085,166000
2012-01-25,15.189196586608887,15.189196586608885,13.533962938442444,13.63133037992245,450200
2012-01-26,14.664910316467285,15.279068745016023,14.432728785113259,15.226640795538128,236100
2012-01-27,14.8446626663208,15.151741855109343,14.455195890302138,14.709847133964006,256500
2012-01-30,14.672404289245605,14.747301992899212,14.252979148762243,14.252979148762243,178200
2012-01-31,14.867132186889648,15.046885751296019,14.432727382435665,14.732316656446283,206100
2012-02-01,14.290419578552246,14.942027391762496,14.125645862231474,14.867129728506107,364500
2012-02-02,14.282934188842773,14.79972665742819,14.237996148091081,14.237996148091081,284300
2012-02-03,13.983345985412598,14.567546276020662,13.983345985412598,14.372812845817975,477600
2012-02-06,14.020792007446289,14.440218453322084,13.88597789472313,13.983343880893376,303600
2012-02-07,14.380301475524902,14.417749604374185,13.511491743519704,13.870998923269191,640500
2012-02-08,14.155609130859375,14.477668198006167,14.020793574513776,14.380302200953578,300100
2012-02-09,14.282934188842773,14.395280004999284,14.14811863803314,14.34285205269655,220400
2012-02-10,14.75478458404541,14.777252884003163,13.945892928820387,14.282930285174215,260300
2012-02-13,15.174216270446777,15.74343678912189,14.904585122507303,14.904585122507303,365600
2012-02-14,14.88211727142334,15.069360812475923,14.649934251958648,14.971993371137865,241300
2012-02-15,14.642444610595703,15.556194022162975,14.28293734795688,14.949523909335726,376000
2012-02-16,14.72482967376709,14.852155319107075,14.455198559269563,14.567545809346617,380300
2012-02-17,14.702359199523926,14.867134396130952,14.672400981948273,14.8596444845984,140700
2012-02-21,15.174216270446777,15.256603883107129,14.395282477979316,14.604995751771664,320900
2012-02-22,15.84080696105957,15.998092314869105,15.458829877299472,15.646073461776666,406000
2012-02-23,16.087961196899414,16.380062028675134,15.556190341952691,15.556190341952691,316600
2012-02-24,16.05051612854004,16.73957239790685,15.818334543981438,15.818334543981438,379600
2012-02-27,15.428866386413574,15.930679078869877,15.204173304513246,15.795863515440617,368500
2012-02-28,15.548700332641602,15.653556234972848,15.33149718803599,15.42886460753317,265700
2012-02-29,14.904579162597656,15.646063094378455,14.71733570219177,15.578655334347998,553300
2012-03-01,14.447714805603027,14.971995953857611,14.417755148160145,14.971995953857611,704000
2012-03-02,14.020792007446289,14.552564261535279,13.930915932297516,14.46268675783205,569800
2012-03-05,13.518977165222168,14.200543241538712,13.518977165222168,14.200543241538712,366800
2012-03-06,13.241863250732422,13.481534751071589,12.942273875308462,13.481534751071589,828200
2012-03-07,13.331737518310547,13.548940678512409,13.174453653519926,13.226881608450132,534600
2012-03-08,13.54145336151123,13.668779031550057,13.219394229733322,13.548943274872915,154900
2012-03-09,13.294290542602539,13.541451943435495,13.26433089229321,13.541451943435495,241800
2012-03-12,13.017168998718262,13.399145954374628,12.987210778097701,13.196924036660423,168300
2012-03-13,12.97222900390625,13.174452319782896,12.829923548820332,12.994698737410705,227700
2012-03-14,12.492886543273926,12.972229445933317,12.373050817609078,12.972229445933317,364700
2012-03-15,12.597743034362793,12.717578765623552,12.440459172791021,12.440459172791021,224100
2012-03-16,12.39552116394043,12.55280647261526,12.178319411123951,12.417990901909626,446900
2012-03-19,11.871238708496094,12.522845317200984,11.811320842999615,12.313133502240605,256300
2012-03-20,11.609097480773926,11.863748765604303,11.346956284206822,11.863748765604303,262400
2012-03-21,12.088440895080566,12.440459618249129,11.781361644159894,11.781361644159894,377700
2012-03-22,11.758891105651855,12.200786573488562,11.69148333452892,11.976093526893958,277100
2012-03-23,11.833788871765137,11.976093611818142,11.683994220583754,11.781360208143724,273500
2012-03-26,12.080952644348145,12.193299911862628,11.916178842444337,12.065974246760415,336700
2012-03-27,10.260945320129395,11.361937478564125,9.474522349818873,11.361937478564125,2000000
2012-03-28,10.867613792419434,11.129754285103727,10.133618841493293,10.186047511452012,1380300
2012-03-29,10.905065536499023,10.964983420138234,10.485639636747036,10.91255473624579,638300
2012-03-30,11.616589546203613,11.661527596400813,10.912553426524797,11.039879092545913,778200
2012-04-02,11.436835289001465,11.669016868921382,11.212142907518318,11.616588908477025,455600
2012-04-03,10.860121726989746,11.444321178512961,10.642919321021038,11.287036628378575,507600
2012-04-04,10.283414840698242,10.560535907566377,10.178558915774815,10.493128119099936,898300
2012-04-05,10.23098373413086,10.403248108859211,10.19353489490494,10.290901591181452,460000
2012-04-09,10.25345516204834,10.545555319536536,10.118640309134635,10.440698687912663,289000
2012-04-10,10.485637664794922,10.710330043324575,10.29090422245073,10.29090422245073,383400
2012-04-11,10.051230430603027,10.553043032470896,9.998802482857114,10.478145352024832,583400
2012-04-12,10.298391342163086,10.440696071881924,9.901435366790048,9.938884205435171,601100
2012-04-13,10.043739318847656,10.470654189226419,9.908923795874518,10.096167260325151,377300
2012-04-16,9.339703559875488,10.230982074643668,9.317233831418255,10.216002969949262,701900
2012-04-17,9.78908920288086,10.066209475976802,9.48949991150071,9.48949991150071,564400
2012-04-18,9.242341041564941,9.804071648976645,9.197402278689948,9.594359088873949,640300
2012-04-19,9.272297859191895,9.384643669282436,9.227359106589335,9.354684738973141,313500
2012-04-20,9.19740104675293,9.399624381187687,9.100034335463302,9.399624381187687,337400
2012-04-23,8.822914123535156,8.987688614804217,8.792955190056903,8.987688614804217,279600
2012-04-24,8.83789348602295,8.860362506389297,8.605711227979766,8.740526778732407,351000
2012-04-25,9.19740104675293,9.227359979897637,8.762996159016016,8.87534269401665,349100
2012-04-26,9.339703559875488,9.482008268719218,9.174929122574525,9.234846969906314,477500
2012-04-27,9.362176895141602,9.586869283480482,9.212382207674818,9.422094770128314,441100
2012-04-30,9.579375267028809,9.66925204100844,9.159949607513422,9.354682974941177,263000
2012-05-01,9.407116889953613,9.74415515944303,9.332219179277073,9.594360452367457,445200
2012-05-02,9.107522010803223,9.414601178696998,8.965217291880668,9.414601178696998,505700
2012-05-03,9.137484550476074,9.234851276364209,8.867854111747143,8.920282074041747,381000
2012-05-04,8.935263633728027,9.219873953637519,8.84538680337938,9.137486323443094,188700
2012-05-07,8.598221778869629,8.912790938026061,8.515834890243827,8.912790938026061,156900
2012-05-08,7.849246501922607,8.351059095896817,7.706941768446241,8.33607998860956,779900
2012-05-09,7.647022724151611,7.969081695041499,7.5646358611626825,7.751879316000599,713000
2012-05-10,7.691967010498047,8.029005329223844,7.624559203897365,7.789333048612798,276000
2012-05-11,7.55714750289917,7.676983224311379,7.437311781486961,7.6545142051159,261000
2012-05-14,7.295009613037109,7.602088966065854,7.287519698505295,7.287519698505295,434000
2012-05-15,7.2575578689575195,7.579616922995082,7.235088848573611,7.3024966240026155,280800
2012-05-16,6.755748271942139,7.2425812627175805,6.703319587227187,7.160194349990552,832000
2012-05-17,7.100275039672852,7.205131684318394,6.94299114412072,7.040357161097528,1302800
2012-05-18,7.205128192901611,7.377392546038953,6.995415719509164,7.205128192901611,467000
2012-05-22,7.265047550201416,7.534678643369838,7.212619599541894,7.482249978433058,383000
2012-05-23,7.280028820037842,7.384884742201297,7.04784652301788,7.265048994427406,799500
2012-05-24,7.542166233062744,7.789327539608597,7.37739250488358,7.482248383856302,1467300
2012-05-25,7.849246501922607,7.916654270408278,7.4972292664842035,7.54216730262318,294600
2012-05-28,8.163819313049316,8.186289055582606,7.841760860458317,7.864229888714077,126800
2012-05-29,8.088644981384277,8.389337810209314,7.885676784246187,8.389337810209314,395900
2012-05-30,7.915745258331299,8.073609156561641,7.697742800480654,8.02098809612092,1059900
2012-05-31,8.11119556427002,8.231472678005069,7.667673169690913,7.938297392502922,1011300
2012-06-01,8.547202110290527,8.870447453546156,8.276578552135204,8.366786404853645,588400
2012-06-04,8.607340812683105,8.735135451916207,8.479546173450004,8.644927597794306,213600
2012-06-05,9.035828590393066,9.133553223408638,8.577271124065202,8.577271124065202,457700
2012-06-06,9.471832275390625,9.832663626079558,9.12603520585965,9.313968380237176,992100
2012-06-07,8.832857131958008,9.449277570479836,8.674993273689246,9.434243292834621,764900
2012-06-08,8.82534408569336,8.832861586761375,8.502099425760628,8.622376575215446,500600
2012-06-11,8.735133171081543,8.855410278505133,8.644925340513849,8.825341001649235,493100
2012-06-12,8.990721702575684,9.03582597290101,8.742650008056522,8.742650008056522,675600
2012-06-13,8.832857131958008,9.110998079020492,8.720097540440893,9.110998079020492,447400
2012-06-14,8.885480880737305,8.892998380299632,8.592305566888708,8.847894816742102,257000
2012-06-15,9.065896987915039,9.080931269637663,8.870446307163572,8.908033086832422,279100
2012-06-18,9.697351455688477,9.810111789815371,8.855410925318544,8.908032701341027,399500
2012-06-19,9.7725248336792,9.907836945402288,9.622178441158072,9.802594112183424,1326400
2012-06-20,9.674799919128418,9.85521559798248,9.366589621859015,9.644730639319407,737100
2012-06-21,8.855413436889648,9.193693101396837,8.750171288812245,9.020794877036323,972400
2012-06-22,6.547592639923096,8.381820334981983,5.75827306579413,8.381820334981983,2644000
2012-06-25,6.758075714111328,6.938491361039004,6.299519098943138,6.487452243719814,796400
2012-06-26,7.554912090301514,7.660154185964844,6.547590382673577,6.720488520925054,903900
2012-06-27,7.427119731903076,7.652639702588591,6.63028269332312,7.201599761217563,1046200
2012-06-28,5.051644325256348,7.1339441945259185,4.901297906644664,7.028702059951876,1470400
2012-06-29,5.3523359298706055,5.705650446261155,5.089229596285449,5.262128105519243,826800
2012-07-03,6.089034557342529,6.5400737027961355,5.637994694980824,5.668063971344398,928500
2012-07-04,6.487453937530518,6.56262678492325,6.134139332369128,6.269451461347583,206700
2012-07-05,6.096551895141602,6.464901460347168,6.04393083593002,6.464901460347168,516000
2012-07-06,5.780824661254883,6.036413542369783,5.780824661254883,6.013861761498457,377500
2012-07-09,5.653029918670654,5.886067013852006,5.607925999453691,5.833445953992593,307400
2012-07-10,5.427510738372803,5.773307860151988,5.389924312890628,5.690617509018719,491300
2012-07-11,5.607924938201904,5.78834058092764,5.4650957084836875,5.5477863906266585,422700
2012-07-12,5.487649440765381,5.600409071071611,5.299716245649499,5.5703397885294,397000
2012-07-13,5.480133533477783,5.5928935550071905,5.329787077074724,5.487651035525049,276400
2012-07-16,5.036608695983887,5.502683219215935,4.92384908335836,5.48013108161839,566700
2012-07-17,5.006540298461914,5.096748506259435,4.871228524446827,5.0366095815763785,310100
2012-07-18,4.9915056228637695,5.11178311295549,4.908815274089988,4.931367057044973,210800
2012-07-19,5.014057636260986,5.224542611252967,4.931366931144221,5.036609418640211,182100
2012-07-20,4.878744602203369,5.014056705168205,4.833640687366441,5.014056705168205,196500
2012-07-23,4.773504257202148,4.908816420345243,4.6607442407343065,4.78102175891197,275700
2012-07-24,4.961436748504639,5.141852819271545,4.76598639349916,4.818607463696634,483200
2012-07-25,5.156888008117676,5.299717308052383,5.044127996752993,5.044127996752993,397900
2012-07-26,5.487649440765381,5.525235864716083,5.194473398297638,5.194473398297638,346800
2012-07-27,5.502683639526367,5.6379954000849315,5.412475440699897,5.600408620702727,186900
2012-07-30,5.600407123565674,5.645511390148392,5.419991491050795,5.510199307308235,125000
2012-07-31,5.419993877410889,5.683100303231444,5.404959234748405,5.683100303231444,396000
2012-08-01,5.284680366516113,5.495165295008449,5.217024317416558,5.337301419412178,233700
2012-08-02,5.089231967926025,5.262130557732548,5.044128034731393,5.262130557732548,432400
2012-08-03,5.374890327453613,5.42751140124621,5.089231738321134,5.186957101727643,193300
2012-08-07,5.435027122497559,5.600408149258416,5.307232513500773,5.555304232869092,375500
2012-08-08,5.3523359298706055,5.547786574419255,5.322266655086818,5.427509116830074,252600
2012-08-09,5.743237495422363,5.7507549941763765,5.352336521565429,5.352336521565429,223100
2012-08-10,5.728204250335693,5.765791036344421,5.645513894643144,5.750756393631762,172500
2012-08-13,5.397439479827881,5.698132565940483,5.3147491589487705,5.690615426976021,409300
2012-08-14,5.119300842285156,5.374890134817492,5.119300842285156,5.374890134817492,542500
2012-08-15,5.043682098388672,5.247849123094464,4.869762013596926,5.126861363438281,491300
2012-08-16,5.232725620269775,5.247849090131805,5.058805536570452,5.058805536570452,388500
2012-08-17,5.1722331047058105,5.331029760416747,5.141986157005828,5.331029760416747,133300
2012-08-20,5.187355995178223,5.285658383861907,5.08149132956192,5.179794078817622,198300
2012-08-21,5.452017307281494,5.5125111999748295,5.247850239155465,5.25541179545611,392800
2012-08-22,5.746924877166748,5.746924877166748,5.368837709450882,5.520072792880441,336400
2012-08-23,6.38967227935791,6.503098849741093,5.784733094651471,5.890597388875001,1450300
2012-08-24,6.200629711151123,6.48797605927919,6.132573902233412,6.48797605927919,484100
2012-08-27,6.0872039794921875,6.1930679324862865,6.064518949728322,6.132574039019918,196600
2012-08-28,6.011585712432861,6.20819120912152,5.928406796669519,6.094765349340233,208800
2012-08-29,5.754485130310059,6.07207795651335,5.716676280237994,6.01914599909876,221000
2012-08-30,5.520072937011719,5.807418917943757,5.414208267675253,5.7922954452631235,296800
2012-08-31,5.6713080406188965,5.852789724844115,5.444455574765319,5.467140965579499,706300
2012-09-04,5.88303804397583,6.02671088839622,5.7015559679850405,5.754488315268212,235100
2012-09-05,5.920844554901123,6.004023826663988,5.822541811960646,5.860350670190674,445900
2012-09-06,5.920844554901123,6.0947650143016565,5.905721083723511,5.973776884308763,343700
2012-09-07,5.973776817321777,6.087203030167961,5.943529875305727,6.072079198587946,596200
2012-09-10,6.109887599945068,6.298931153708576,5.913282491528441,5.973776371041249,428400
2012-09-11,6.0493927001953125,6.208189287421192,6.0342692328677,6.1930654595216765,393700
2012-09-12,6.072079181671143,6.117449955140806,6.0191472135765185,6.0569560712772414,400000
2012-09-13,6.7223896980285645,6.7223896980285645,6.034270848907184,6.049394320285017,505800
2012-09-14,7.622237205505371,7.712978038768049,6.729951263372975,6.949241790710458,862600
2012-09-17,7.591990947723389,7.6978556233432025,7.486126272103575,7.599552864798541,612700
2012-09-18,7.74322509765625,7.788595875530319,7.486125705705967,7.561743428448068,470400
2012-09-19,9.036283493041992,9.134586246762979,7.864213086238304,7.864213086238304,959200
2012-09-20,8.590139389038086,9.391684427078134,8.52208431096289,9.2177639711687,1045800
2012-09-21,8.81699275970459,9.066530236213659,8.726251924714388,8.832116592774982,660400
2012-09-24,8.249861717224121,8.816992457320856,8.17424471789764,8.816992457320856,518000
2012-09-25,8.272547721862793,8.688443791278218,8.151559931737022,8.280109639031682,266300
2012-09-26,8.529647827148438,8.620388677090592,7.8264060598106955,7.977640809714287,512400
2012-09-27,8.79430866241455,8.839678724141562,8.408659532014301,8.58258002501886,344900
2012-09-28,9.308503150939941,9.527793603146556,8.80186646461021,8.80186646461021,686300
2012-10-01,9.497549057006836,10.041994006938152,9.43705445253716,9.467302115343985,919900
2012-10-02,9.391684532165527,9.769771668819072,9.300943705905956,9.610975042578824,1005200
2012-10-03,9.384122848510742,9.421931707340242,9.089215336157443,9.391684764505444,782500
2012-10-04,9.505108833312988,9.52779457703318,9.195077547242356,9.33875103956144,878900
2012-10-05,9.308503150939941,9.679028273436671,9.26313238928101,9.437052079828694,515700
2012-10-09,8.907734870910645,9.300945933347796,8.726253174929262,9.157272383171085,511500
2012-10-10,9.36143684387207,9.663906240627256,9.104337496058198,9.33118990419655,1093300
2012-10-11,9.270696640014648,9.527796004888682,9.089214989919085,9.452178290110211,494500
2012-10-12,9.074090957641602,9.300943375811432,8.824553513997973,9.127022924128443,500300
2012-10-15,8.839675903320312,9.104337156467203,8.71868814913107,9.104337156467203,496000
2012-10-16,9.074090957641602,9.293381460272181,8.930418168115617,9.089214788720103,505100
2012-10-17,9.058968544006348,9.210203993879125,8.643073220288422,8.983351540214029,630700
2012-10-18,8.590139389038086,9.089215009597348,8.559892447290007,8.990912268630098,766500
2012-10-19,8.567455291748047,8.748936961909617,8.416220566613406,8.597702236774975,776000
2012-10-22,8.431344985961914,8.711130172275977,8.32548102252389,8.63551243741096,403900
2012-10-23,8.060815811157227,8.370847077564225,8.03813079001969,8.234736229595189,736800
2012-10-24,7.7885966300964355,8.325480494375794,7.773472795625185,8.128874973114256,593000
2012-10-25,7.962517738342285,8.212055279918237,7.864214961184449,8.053258596993155,353900
2012-10-26,8.075942993164062,8.196930784333782,7.939831367526069,7.9852021497867725,677400
2012-10-29,8.128870964050293,8.16667981043742,8.0078832325265,8.0078832325265,330000
2012-10-30,8.05325698852539,8.219615556730833,7.985201898987984,8.219615556730833,329400
2012-10-31,8.567455291748047,8.673319959914323,8.038133393204776,8.121312311742814,887900
2012-11-01,8.733810424804688,8.748933530815252,8.408655352424166,8.61282269214508,388200
2012-11-02,8.469152450561523,8.711128729362056,8.34816467173328,8.60526406231532,375600
2012-11-05,8.5750150680542,8.801867459708136,8.514521193098998,8.514521193098998,394100
2012-11-06,8.643073081970215,8.786745891677223,8.5750172748454,8.65819619402903,436600
2012-11-07,8.174242973327637,8.771620529889764,8.136434121161654,8.771620529889764,454100
2012-11-08,8.325478553771973,8.408657460543141,7.705415186720891,8.181805044360742,921600
2012-11-09,8.015446662902832,8.575015387666928,8.015446662902832,8.469150741977545,335900
2012-11-12,7.357574939727783,8.23473765562407,7.191217127718853,8.204490715154815,477000
2012-11-13,7.176092624664307,7.531494682742364,7.160969516418367,7.281957266961396,521000
2012-11-14,6.760196685791016,7.1609695105671785,6.760196685791016,7.130722572956135,309300
2012-11-15,6.38967227935791,6.805568261808323,6.321616481356793,6.699703607012811,423700
2012-11-16,6.866062164306641,7.28952006358344,6.314055305383205,6.366987272363818,680000
2012-11-19,7.213902950286865,7.3651376693522455,7.002174343595333,7.3651376693522455,342600
2012-11-20,6.963313579559326,7.229089194484301,6.864596943278058,7.198714176385181,372200
2012-11-21,7.365771770477295,7.388552305589264,6.864595652933048,6.872189406030422,372500
2012-11-22,7.365771770477295,7.654327870556137,7.35817801737992,7.388552305589264,145700
2012-11-23,7.517647743225098,7.722674855365344,7.380963725978857,7.548022049744327,294700
2012-11-26,7.396149158477783,7.517646362235705,7.229090865400871,7.517646362235705,238400
2012-11-27,6.879785537719727,7.411336127249677,6.765881374418763,7.380961828538834,471200
2012-11-28,7.077216625213623,7.153152718071897,6.462137024946565,6.651976532911997,591700
2012-11-29,6.917752265930176,7.327805624930355,6.917752265930176,7.084811256391091,380000
2012-11-30,6.7658820152282715,6.978502126341824,6.5760424492603375,6.849411887729665,731100
2012-12-03,6.49251127243042,6.811441701544914,6.469730734402312,6.765879901308452,281900
2012-12-04,6.378608703613281,6.454544814634088,6.18876915024169,6.333047616345137,304000
2012-12-05,6.090053558349609,6.355828513337595,5.862245574712199,6.234331308293892,651100
2012-12-06,5.960962295532227,6.105240409035355,5.8546522400368515,6.04449180589514,389900
2012-12-07,6.295078754425049,6.310266264355836,6.074864929690965,6.074864929690965,455200
2012-12-10,6.302672863006592,6.462138105325109,6.264704810229731,6.333047160392006,186100
2012-12-11,6.393795967102051,6.522886916314214,6.226736963854476,6.3026730719253,409700
2012-12-12,6.781069278717041,6.970908837703024,6.614010264038852,6.765881766391548,604700
2012-12-13,6.1432061195373535,6.606414222520715,6.120425583110026,6.606414222520715,890200
2012-12-14,6.750692844390869,6.750692844390869,6.006521631820275,6.097644504428471,579300
2012-12-17,6.826630115509033,6.986095368142056,6.560855177240943,6.689946130523886,701100
2012-12-18,6.644383907318115,6.910159553282989,6.644383907318115,6.82662969211555,455600
2012-12-19,6.7355055809021,6.970906886803996,6.6216021670600425,6.644382704992405,219500
2012-12-20,6.674758434295654,7.0468437720963175,6.56844802741815,6.682352189968419,733100
2012-12-21,6.910161018371582,6.970909626183947,6.576042951223044,6.598823498107548,647000
2012-12-24,6.750692844390869,6.917751082082454,6.7279115831036576,6.872190007868464,83100
2012-12-27,6.917752265930176,6.9329397760540505,6.758287030531198,6.803848836722481,275400
2012-12-28,6.88737678527832,6.9481253669647725,6.765879621905418,6.932938583633268,124200
2012-12-31,7.069625377655029,7.084812165547403,6.849411521862361,6.940534421757903,166500
2013-01-02,7.358179569244385,7.4037413732576125,7.213901850866392,7.274650440097158,207300
2013-01-03,7.016470909118652,7.39615008027244,6.9633160568948975,7.350588985275092,208300
2013-01-04,7.092404365539551,7.130372413211102,6.79625446271778,6.910158605732434,339000
2013-01-07,6.841816425323486,7.016468434858971,6.765880328198315,6.9785003862963855,326200
2013-01-08,6.9025654792785645,6.9785008573491245,6.796255080963371,6.9709078264683075,213600
2013-01-09,6.970907688140869,6.986094473781485,6.826629241563219,6.910159097217751,292600
2013-01-10,6.834221363067627,7.062028886672579,6.834221363067627,7.024060845375061,258200
2013-01-11,7.024062633514404,7.024062633514404,6.83422310287888,6.894971694747821,180100
2013-01-14,7.122779369354248,7.168340451760711,6.91775232598412,7.024062725233114,212100
2013-01-15,7.5935797691345215,7.601173522706905,7.04684182298638,7.1227779103498055,1191400
2013-01-16,7.821389675140381,7.828983431011938,7.525239713773423,7.639143879305523,637800
2013-01-17,7.525238037109375,7.912510810107277,7.449302667853874,7.859355979210401,355200
2013-01-18,7.213903427124023,7.479679106216568,7.213903427124023,7.434117292247959,326900
2013-01-21,7.251870632171631,7.350587280680986,7.145560228196853,7.213902579024897,188500
2013-01-22,7.115189552307129,7.358184057447285,7.062034685352907,7.2974354311622465,503600
2013-01-23,6.530480861663818,7.024063405921253,6.4773252947979465,6.940534263961194,1115200
2013-01-24,6.712727069854736,6.773475672137366,6.340641699828514,6.522887506676403,649500
2013-01-25,6.758289337158203,6.879787287075838,6.492514336903562,6.689947690816556,502600
2013-01-28,6.576041221618652,6.811442558112635,6.500105843915683,6.651977323501959,770600
2013-01-29,6.60641622543335,6.6747585796153475,6.507699572079398,6.636790524605303,626400
2013-01-30,6.6671648025512695,6.819036297927528,6.568448149511598,6.705132857440437,546500
2013-01-31,6.879785537719727,6.894972324984946,6.591229337876518,6.7127265327198895,394500
2013-02-01,6.674758434295654,7.282245128689219,6.614009837274337,6.978501419402237,445700
2013-02-04,6.333047866821289,6.629197118318393,6.287486053570721,6.469732582392539,252200
2013-02-05,6.49251127243042,6.591227902792548,6.340639811942624,6.340639811942624,159200
2013-02-06,6.219142436981201,6.568447187265318,6.173581357133012,6.454543763464537,284100
2013-02-07,6.226737022399902,6.348234217111252,6.173582180758788,6.219143266685342,318900
2013-02-08,6.378608703613281,6.416576759123684,6.2267372057520936,6.2267372057520936,471200
2013-02-11,6.20395565032959,6.310266043584724,6.20395565032959,6.295078534185287,144500
2013-02-12,6.082459926605225,6.219143922989507,5.9989304153812295,6.203957134138133,391900
2013-02-13,5.900212287902832,6.143207004711355,5.8850251407329335,6.082458416031762,125600
2013-02-14,5.97614860534668,6.090052763341211,5.885025713459277,5.89261946882832,241300
2013-02-15,5.778714656829834,5.95336701661597,5.771120902796031,5.869837532694743,351900
2013-02-19,5.801496982574463,5.839465040263696,5.740748379943877,5.77112268125917,236200
2013-02-20,5.771121978759766,5.816683425186662,5.7179671389734805,5.740747681141834,451600
2013-02-21,5.778714656829834,5.824276094762289,5.73315321889738,5.824276094762289,571300
2013-02-22,5.262351989746094,5.702780032669123,5.011763851485355,5.6951862771629465,956600
2013-02-25,5.277539253234863,5.368662510836151,5.1408549099682315,5.2699458596540385,575100
2013-02-26,5.095293998718262,5.361069319655336,5.042138789694752,5.224384961996616,410000
2013-02-27,5.095293998718262,5.110481149569231,4.920641582887002,4.996577337141845,201000
2013-02-28,5.087701320648193,5.148450299018796,5.0117655502978335,5.095295078728387,524600
2013-03-01,4.93582820892334,5.292726397018109,4.89786015478785,5.292726397018109,279300
2013-03-04,4.7839579582214355,5.026952409068299,4.7839579582214355,4.951016643178654,340400
2013-03-05,4.638756275177002,4.92151397573934,4.6158298077026165,4.860377215012763,307400
2013-03-06,5.020863056182861,5.051431446665233,4.608189420266896,4.64639972616788,266400
2013-03-07,5.020863056182861,5.158420813353531,4.9673681906367335,5.020863056182861,255200
2013-03-08,5.250125408172607,5.26540960173511,4.837451817581114,4.967367645064346,199000
2013-03-11,4.898586750030518,5.273049898124769,4.898586750030518,5.250123434199088,184600
2013-03-12,5.1431355476379395,5.158419739697926,4.913872302334257,4.9673671567461515,257300
2013-03-13,5.074357032775879,5.211915140130776,5.0285044517922195,5.211915140130776,276200
2013-03-14,5.0819993019104,5.112567689173302,4.990294140121693,5.043788635629812,188800
2013-03-15,4.898586750030518,5.066713180408763,4.898586750030518,5.0361448047770425,270900
2013-03-18,4.860376834869385,4.95208196878674,4.776313613243237,4.9291555031054965,168700
2013-03-19,4.791598796844482,4.860377843761198,4.623472683097257,4.860377843761198,316100
2013-03-20,4.7304606437683105,4.875660608984255,4.676965804666506,4.852734145253831,228300
2013-03-21,4.9367995262146,5.005578583185409,4.753388829093755,4.7992417766769195,425600
2013-03-22,4.94443941116333,4.96736587554196,4.799239806245899,4.898586846809859,217400
2013-03-25,4.8909454345703125,4.982650572645073,4.822166398812329,4.921513813928566,224600
2013-03-26,4.623473167419434,4.88330446133777,4.623473167419434,4.88330446133777,226900
2013-03-27,4.791598796844482,4.837451373320998,4.638756875256096,4.654041067414934,170000
2013-03-28,4.623473167419434,4.768672825936542,4.592904779899629,4.768672825936542,400400
2013-04-01,4.440062046051025,4.6846094868284105,4.432420132116297,4.646398823943108,315100
2013-04-02,4.37892484664917,4.493556459636563,4.37892484664917,4.432419696550981,339900
2013-04-03,4.203155994415283,4.54705043001501,4.172587616335477,4.409492728655882,595300
2013-04-04,4.37892484664917,4.455345800506148,4.004461626144197,4.157303898262006,576000
2013-04-05,4.493556499481201,4.707535172178103,4.371282607821973,4.394209076384283,538400
2013-04-08,4.302504062652588,4.516482741899884,4.287219871277781,4.424777593651043,303600
2013-04-09,4.424778461456299,4.554694295823704,4.264294238344086,4.310146821461299,1186000
2013-04-10,4.3177876472473145,4.5241243840125716,4.203156045843546,4.470629539516462,376200
2013-04-11,4.119093894958496,4.386567458246,4.0732413153438305,4.371283265041111,372200
2013-04-12,3.8210513591766357,4.08088296820988,3.782840699823328,4.0579564997171245,335500
2013-04-15,3.301389217376709,3.438946964782597,3.0262733581609997,3.3701679088776864,1636700
2013-04-16,3.2249670028686523,3.5459353570374033,3.2020409000873604,3.45423021710457,779200
2013-04-17,2.9727783203125,3.2173255795391347,2.9422097534824694,3.1791149165520824,576900
2013-04-18,2.919283390045166,3.0415571076195067,2.903999198123616,3.0339150116587317,579700
2013-04-19,2.789368152618408,3.026273343059433,2.7435153881766245,3.0186312460194635,1480300
2013-04-22,3.1867573261260986,3.240251819225946,2.911641488741511,2.9345677781565684,769300
2013-04-23,3.01098895072937,3.3854518632343886,2.9957047576557754,3.3854518632343886,686900
2013-04-24,3.2020413875579834,3.2478939645048794,3.0644836567172944,3.087409762988798,1078900
2013-04-25,3.270819902420044,3.416019523566087,3.2020408660006754,3.3701669540877845,1003600
2013-04-26,3.1943986415863037,3.4465883244832902,3.148546071351534,3.3166725266161916,1081500
2013-04-29,3.056840658187866,3.324314142898544,3.0339143751156854,3.2708196645986902,607300
2013-04-30,3.217325210571289,3.2326094011325175,3.0109884557927815,3.133261980282609,1169600
2013-05-01,3.026273488998413,3.117978657900438,2.8810734560348994,3.117978657900438,932000
2013-05-02,3.056840658187866,3.1638299791913767,3.018630186400898,3.102693224332228,1184200
2013-05-03,3.0950517654418945,3.217325293066946,3.0644833835356318,3.079767574488763,482600
2013-05-06,2.82757830619812,3.056841372711061,2.8122941139107205,3.056841372711061,1472300
2013-05-07,2.858146905899048,2.9498520665258825,2.636525918848906,2.8046522288667277,1079300
2013-05-08,2.88871431350708,2.911640595891831,2.5218934309472703,2.8963564076353303,1080200
2013-05-09,3.01098895072937,3.156188967130471,2.896357320475458,2.957494092769836,1529600
2013-05-10,3.247894048690796,3.3090308195379987,2.89635725191548,2.9651363013205327,1549200
2013-05-13,3.255535840988159,3.3930935548481687,3.1485461435820854,3.324314515716242,865200
2013-05-14,3.087409734725952,3.2249674643074067,3.041557158198801,3.2249674643074067,729000
2013-05-15,2.9574944972991943,3.087410338396733,2.9574944972991943,3.0797684230166196,608000
2013-05-16,2.9957048892974854,3.0491995674058083,2.835220672770554,2.9574942227324357,874400
2013-05-17,2.697662115097046,2.9498514350352707,2.6900200200141273,2.9269251497865154,811500
2013-05-21,2.798147678375244,2.968200879689953,2.759499265415122,2.782688313191195,965600
2013-05-22,2.8909051418304443,3.053228721647459,2.844527028822794,2.844527028822794,848400
2013-05-23,2.9372825622558594,3.03776863436905,2.9140935112197837,2.9372825622558594,659100
2013-05-24,3.045499086380005,3.0532287720087767,2.9218239320294126,2.9527426745445,648400
2013-05-27,3.0996060371398926,3.1537136342199057,3.0686871206381725,3.122794902008366,109800
2013-05-28,3.176903247833252,3.2619295872994916,3.0532281198973146,3.0841468558087484,1091300
2013-05-29,3.0764169692993164,3.200091904803086,3.0532279188923597,3.200091904803086,996900
2013-05-30,3.207821846008301,3.385604754155664,2.991390335340924,3.1305250095486628,1334200
2013-05-31,2.9527416229248047,3.254199623663048,2.720850952359328,3.084146416104318,9383500
2013-06-03,3.223281145095825,3.2310106442880384,2.9682012215961024,3.037768557227932,1091900
2013-06-04,3.292848825454712,3.3701456683709305,3.115065902457198,3.1614440082069293,1062000
2013-06-05,3.8493874073028564,3.895765524429335,3.285119762726597,3.285119762726597,1819500
2013-06-06,3.7179811000823975,3.8493858980434155,3.632954401064027,3.8493858980434155,915300
2013-06-07,3.5633883476257324,3.8107382718677356,3.524739737672689,3.6561445692164836,725300
2013-06-10,3.648413896560669,3.7102517325874427,3.5556576953910777,3.571117062252676,378900
2013-06-11,3.3546862602233887,3.6097660231287767,3.3546862602233887,3.571117417836269,1039700
2013-06-12,3.401064157485962,3.478360994764653,3.1769031450875604,3.331496819644943,367000
2013-06-13,3.3778748512268066,3.4629015547417796,3.29284851629222,3.3856047190828886,301800
2013-06-14,3.3083088397979736,3.4474431842052717,3.261930356415048,3.4397133141146203,223300
2013-06-17,3.223281145095825,3.3701453155516976,3.21555127732323,3.3392265816220803,331500
2013-06-18,3.231010675430298,3.346956113074099,3.200091941202669,3.207821809049769,417700
2013-06-19,3.045499086380005,3.2310115414705307,3.030039715122461,3.2078226688744573,425800
2013-06-20,2.7053916454315186,2.898633905819484,2.6822025962997844,2.8909042227755726,684100
2013-06-21,2.7285807132720947,2.821337094725207,2.635824516109164,2.767229128756649,1162300
2013-06-24,2.581717014312744,2.6744734124427176,2.5121498539329252,2.6590140434694245,617000
2013-06-25,2.5507984161376953,2.682203243901257,2.5198796764969105,2.6126360797094907,507900
2013-06-26,2.334367036819458,2.45031249389131,2.318907667115241,2.4271234393349843,594300
2013-06-27,2.4580421447753906,2.4657718295206816,2.311177950324642,2.3420966893058055,466400
2013-06-28,2.5662574768066406,2.635824816908006,2.3807448770200037,2.4889606370164596,744600
2013-07-02,2.581717014312744,2.705392150389304,2.5276092229062184,2.6667437279560713,563100
2013-07-03,2.7363102436065674,2.7749586569334626,2.6049054540049528,2.697661830279672,587900
2013-07-04,2.9063637256622314,2.952741826108658,2.821337208177116,2.852255941808067,215700
2013-07-05,2.798147678375244,2.9527415145059037,2.7440399002310727,2.844525958217561,265100
2013-07-08,2.829068183898926,2.8986353663467495,2.78268987797677,2.859986931653514,214400
2013-07-09,2.581717014312744,2.875445393385743,2.581717014312744,2.8290672864658637,676700
2013-07-10,2.6899328231811523,2.7440406154277808,2.635825030934524,2.6512844001478464,551800
2013-07-11,2.898634672164917,2.898634672164917,2.8058784511149497,2.8599862467274306,552600
2013-07-12,2.898634672164917,2.960472152864895,2.8290675063774415,2.8522565616399334,379900
2013-07-15,3.0532286167144775,3.0609583019501,2.8754456720049353,2.8986347277118014,297800
2013-07-16,3.2773895263671875,3.285119395982242,2.999120854673689,3.014580225323328,387300
2013-07-17,3.0996060371398926,3.2619291969602933,3.0068496562150937,3.2464698308545237,596800
2013-07-18,3.169173002243042,3.238740334051275,3.0223090241493766,3.030038707206938,520800
2013-07-19,3.3005778789520264,3.323767112980049,3.1459842140331093,3.200091812464545,303200
2013-07-22,3.679333209991455,3.687062709575598,3.493820428426813,3.5401985316728735,607600
2013-07-23,3.7179811000823975,3.764359199025045,3.5788468032544545,3.67160300113975,686200
2013-07-24,3.6638734340667725,3.8107376103823314,3.632954698903539,3.7566300081368706,756800
2013-07-25,3.602036476135254,3.733441303561724,3.5711177365737843,3.671603824438785,437300
2013-07-26,3.625225782394409,3.640685152462128,3.4397129730013267,3.5943070422589716,339600
2013-07-29,3.625225782394409,3.6561445225298472,3.532469561988096,3.6561445225298472,398300
2013-07-30,3.5633883476257324,3.61749595926344,3.4551723871893953,3.6097664584211078,337500
2013-07-31,3.5170094966888428,3.6174951979750856,3.4087935590261456,3.578846964735879,475600
2013-08-01,3.4706311225891113,3.6638733998445514,3.4706311225891113,3.586576562658454,226500
2013-08-02,3.4474430084228516,3.54019923329815,3.401064895985203,3.486091619744463,229500
2013-08-06,2.9913902282714844,3.431982733192085,2.9913902282714844,3.431982733192085,765700
2013-08-07,3.153714418411255,3.161444287676402,3.0068504038877624,3.0068504038877624,496200
2013-08-08,3.3237674236297607,3.3701455274400787,3.1537140077448567,3.223281347750536,725500
2013-08-09,3.6638734340667725,3.694792537810403,3.2851187440269607,3.2851187440269607,578700
2013-08-12,4.158574104309082,4.166303604126543,3.803008266776013,3.8261971348088064,1001300
2013-08-13,4.275386810302734,4.610253424113221,4.189723586094631,4.244236479437745,991600
2013-08-14,4.368839263916016,4.423352170855753,4.236450139048663,4.329901154952208,692800
2013-08-15,4.828306674957275,5.0152090676738705,4.306538346280612,4.314325744833928,1398600
2013-08-16,4.8438825607299805,5.124236005651424,4.820519990268988,5.015209810370282,1023300
2013-08-19,4.8438825607299805,4.968484298106935,4.68813085318549,4.851670331777886,908100
2013-08-20,5.256624221801758,5.357862999639852,4.797156208029871,4.8049439777134,1249600
2013-08-21,5.124234676361084,5.256623779101198,5.093084342932971,5.202110509931368,916200
2013-08-22,5.0930867195129395,5.248838459331723,4.999635675621669,5.248838459331723,736400
2013-08-23,5.178749084472656,5.318925615727634,5.046359952616726,5.054147352015773,823700
2013-08-26,5.287776470184326,5.357864937318481,5.20211282939163,5.256626122867242,1145200
2013-08-27,5.318925857543945,5.607066703894151,5.303350686696404,5.451314995418732,1150700
2013-08-28,5.116447448730469,5.459101499169801,5.100872281498739,5.318924622742955,1015200
2013-08-29,5.30334997177124,5.30334997177124,4.867244875488434,5.163173453040047,1793100
2013-08-30,5.178749084472656,5.389014067025797,5.124235803313936,5.124235803313936,848600
2013-09-03,5.396801948547363,5.396801948547363,5.194324718646343,5.28777574783143,414900
2013-09-04,5.1865363121032715,5.334500609198342,5.100873064844022,5.279987701186335,519200
2013-09-05,5.061933994293213,5.264411532308748,5.015208494291458,5.155384994296722,452800
2013-09-06,5.061933994293213,5.147597596633728,5.0229958919544515,5.108659494294967,373000
2013-09-09,5.038573265075684,5.147599850831809,4.843883410807295,5.022998091587869,678900
2013-09-10,4.773793697357178,5.194323610300289,4.633616812148607,5.194323610300289,1348300
2013-09-11,4.79715633392334,4.851669609114762,4.719280491750813,4.719280491750813,587600
2013-09-12,4.563530921936035,4.610256448890011,4.407778794081304,4.571318324090958,1066500
2013-09-13,4.8828206062316895,4.890608377172647,4.485653571776799,4.516803912857914,594800
2013-09-16,4.181937217712402,4.5557416845735945,4.0962739648264535,4.5557416845735945,1500500
2013-09-17,4.158574104309082,4.322113560411663,4.049547552679821,4.181936671557273,922300
2013-09-18,4.2130866050720215,4.399988981854567,3.9405209947995314,4.142998538702183,2001400
2013-09-19,3.963884115219116,4.345475913052123,3.956096345626789,4.283175241678677,1624900
2013-09-20,3.776982069015503,3.9483093020228166,3.7614068997731405,3.901583794295729,1608300
2013-09-23,3.761408567428589,3.8159218696165,3.660169736797393,3.660169736797393,758400
2013-09-24,3.74583101272583,3.792556511499018,3.6368048489217246,3.74583101272583,801300
2013-09-25,3.8081324100494385,3.924946365116017,3.714681394532706,3.761406902291072,704800
2013-09-26,3.6757431030273438,3.8704328946808144,3.6679557044586852,3.761406715330437,864500
2013-09-27,3.6991045475006104,3.8159184495846508,3.6913167807358005,3.7614051962544566,526700
2013-09-30,3.753619432449341,3.776982000216665,3.5900799727127906,3.6134425404801154,770800
2013-10-01,3.4966282844543457,3.699105834702957,3.465477949237834,3.6679554994864456,531000
2013-10-02,3.8081324100494385,3.8081324100494385,3.5433545327520304,3.5433545327520304,869100
2013-10-03,3.535567045211792,3.792557544106273,3.527779645633264,3.792557544106273,568700
2013-10-04,3.605654716491699,3.6134421143820754,3.488840777405848,3.574504382247642,374200
2013-10-07,3.738044500350952,3.753619670296525,3.60565537014291,3.6368057100340563,324000
2013-10-08,3.6991045475006104,3.839281007196764,3.683529385312149,3.7302548718775332,461800
2013-10-09,3.6913185119628906,3.722469222290644,3.5122042484616354,3.644593003483259,294300
2013-10-10,3.5978684425354004,3.7224702026374374,3.590081041408577,3.667956909383957,252200
2013-10-11,3.403177261352539,3.5511415385428173,3.3876020938241567,3.5511415385428173,302700
2013-10-15,3.5511412620544434,3.558929030882929,3.309725998490225,3.379814432581573,223100
2013-10-16,3.543353796005249,3.6290170234135193,3.465477594592277,3.535566027327452,212000
2013-10-17,3.730254888534546,3.7769803753085776,3.597865823670876,3.6835294017605142,655400
2013-10-18,3.776982069015503,3.80034500854971,3.6913184525118465,3.6991062228036906,279100
2013-10-21,3.917158603668213,3.948308939291153,3.792556889835163,3.800344659411544,320900
2013-10-22,4.158574104309082,4.18972444153421,3.9560965410044355,3.9794594795939373,434400
2013-10-23,3.1929123401641846,3.4109650586863234,3.08388616657376,3.1150365018853097,986000
2013-10-24,3.1306121349334717,3.3097267752724586,2.826896134825222,3.2707886646738924,1150100
2013-10-25,3.263000965118408,3.2707883637167683,3.0760987569913936,3.1306118468744986,668800
2013-10-28,3.2552130222320557,3.317514064415484,3.1929123513899174,3.2941511271790374,466600
2013-10-29,3.1929123401641846,3.2630007802858163,3.1461868371968595,3.2630007802858163,420400
2013-10-30,3.2318506240844727,3.30193869674912,3.130611843040605,3.2474257926034285,480400
2013-10-31,3.2474253177642822,3.387601813938251,3.122823987831865,3.130611385282014,649800
2013-11-01,3.076099395751953,3.239638699360657,3.076099395751953,3.239638699360657,502400
2013-11-04,3.0838863849639893,3.115036722481499,3.006010355499557,3.115036722481499,523300
2013-11-05,3.0215859413146973,3.130612130974943,3.0060105856925623,3.122824731669883,496600
2013-11-06,3.0527358055114746,3.1695497476150707,2.959284614694469,3.0760985567980654,594100
2013-11-07,3.0215859413146973,3.0527362812176246,2.9904354157410986,3.0215859413146973,528600
2013-11-08,2.7568068504333496,2.959284184485782,2.694506189392791,2.951496601855712,785200
2013-11-11,2.7490203380584717,2.8424715516725763,2.710082409748715,2.7645955093823744,310200
2013-11-12,2.5465433597564697,2.73344563320973,2.5387557727655308,2.73344563320973,691400
2013-11-13,2.585963010787964,2.6648034599524197,2.585963010787964,2.6490352197435207,577200
2013-11-14,2.6332669258117676,2.649034976603396,2.593846798832698,2.649034976603396,813900
2013-11-15,2.4834704399108887,2.6490349729976215,2.4755864145258064,2.6490349729976215,570900
2013-11-18,2.4834704399108887,2.530774592221384,2.4361660996304013,2.5071225160661363,387100
2013-11-19,2.4125139713287354,2.507122461874758,2.3809778704700575,2.47558636101608,519600
2013-11-20,2.3494417667388916,2.4125139683791343,2.3415577415338613,2.404629943174104,1044500
2013-11-21,2.357326030731201,2.388862134745798,2.2232974006991575,2.3257899267166042,903800
2013-11-22,2.4834704399108887,2.515006541451219,2.3888619473199064,2.412514023475154,645600
2013-11-25,2.4834704399108887,2.578078744531879,2.444050125015484,2.4677023891407237,840300
2013-11-26,2.4519338607788086,2.6096145378252524,2.4203977629635136,2.4519338607788086,800400
2013-11-27,2.3809781074523926,2.48347063341432,2.349442003454879,2.4677025814155633,344300
2013-11-28,2.404629707336426,2.4125137317682186,2.3573255607456693,2.404629707336426,116400
2013-11-29,2.507122755050659,2.562310938006897,2.4046302273047786,2.467702624367632,335600
2013-12-02,2.570194721221924,2.570194721221924,2.4203980508144207,2.4992384926988924,478200
2013-12-03,2.727874517440796,2.775178654189844,2.5465418052661812,2.5938459420152293,580700
2013-12-04,2.8776729106903076,3.003817353041633,2.7121081421341464,2.751528280368936,995300
2013-12-05,2.9486289024353027,2.9880490372332287,2.7357599865564732,2.767296094394814,1211500
2013-12-06,2.6963393688201904,2.9801644764996857,2.6569190531127638,2.956512399857228,834500
2013-12-09,2.7199912071228027,2.798831455689269,2.6963391325528625,2.712107182266156,351500
2013-12-10,2.830367088317871,2.877671417626069,2.7751789234232467,2.806715017648746,481100
2013-12-11,2.869788408279419,3.0274689351326716,2.854020167624079,2.854020167624079,628200
2013-12-12,2.8540194034576416,2.893439712586144,2.7672951369088583,2.8145992822991035,482300
2013-12-13,3.1141936779022217,3.2088021900357484,2.8461363834989224,2.8697886525098273,511500
2013-12-16,2.9880478382110596,3.137844478303898,2.9722797906191767,3.1141924069160742,578600
2013-12-17,3.0826566219329834,3.0984246711115686,2.861903745462817,2.9565120405343284,523500
2013-12-18,3.153613328933716,3.2088016975284575,3.0668890450948396,3.129961251523113,452800
2013-12-19,3.19303297996521,3.271873221557206,3.0747724296072527,3.0747724296072527,557200
2013-12-20,3.1772656440734863,3.240337851489534,3.1378453264684514,3.193033695927498,670800
2013-12-23,3.1299612522125244,3.145729303823066,3.043236780384544,3.137845278017795,602300
2013-12-24,3.279757499694824,3.4374383800662915,3.137845045706482,3.279757499694824,494000
2013-12-27,3.295525312423706,3.3191775743523224,3.240337327823516,3.3112933617294673,303900
2013-12-30,3.3191776275634766,3.4216701376640013,3.2088012806536574,3.232453167021498,270000
2013-12-31,3.405902147293091,3.4610901337370774,3.248221273027507,3.2876415855788936,242600
2014-01-02,3.642423391342163,3.681843709267603,3.421670663591736,3.453206767556083,497100
2014-01-03,3.7764525413513184,3.8158728647067446,3.650308108118059,3.697612270580531,510400
2014-01-06,3.634539842605591,3.7843365363290364,3.57935146830536,3.7843365363290364,472900
2014-01-07,3.626655101776123,3.689727305572927,3.5241625826363223,3.5951189998777213,379900
2014-01-08,3.642423391342163,3.7212636512530297,3.5793511834134697,3.6266553393599894,406800
2014-01-09,3.5793514251708984,3.6581916904068135,3.571467586617326,3.6581916904068135,327900
2014-01-10,3.666074752807617,3.7291469451754176,3.524161944040147,3.7291469451754176,701000
2014-01-13,3.831638813018799,3.863174903995097,3.6660741474233047,3.689726027685599,607400
2014-01-14,3.6187708377838135,3.8079874268742366,3.603002788692945,3.784335541207906,622900
2014-01-15,3.5399303436279297,3.5872348685407824,3.4689743081385664,3.5872348685407824,621200
2014-01-16,3.461089849472046,3.547814304398296,3.4295537523970334,3.547814304398296,347100
2014-01-17,3.6503071784973145,3.689727115873632,3.4689744139343386,3.4847424640728595,786500
2014-01-20,3.666074752807617,3.7606830413593175,3.626654444607782,3.7606830413593175,429800
2014-01-21,3.555699348449707,3.603003505128459,3.492626763604685,3.50051097768782,459400
2014-01-22,3.3901350498199463,3.5478155924413106,3.3349466719324345,3.5083952688159354,452600
2014-01-23,3.3822505474090576,3.4689750264539154,3.3585986559950283,3.4689750264539154,528700
2014-01-24,3.3270609378814697,3.405901549138008,3.232452655501499,3.3822492905730672,5744100
2014-01-27,3.216686248779297,3.31129457940455,3.153614028362462,3.3034107398224895,521100
2014-01-28,3.311293601989746,3.311293601989746,3.1851491983908913,3.232453349740462,250300
2014-01-29,3.492626667022705,3.500510880887817,3.311293883465228,3.3507142009107698,838200
2014-01-30,3.3980181217193604,3.6108869941631263,3.3349459189123163,3.3349459189123163,446600
2014-01-31,3.3980181217193604,3.476858375228166,3.3507139696140773,3.445322273824644,250600
2014-02-03,3.476858377456665,3.5714670576678538,3.4137861746091946,3.4295542253210622,417000
2014-02-04,3.508394479751587,3.5478147945110363,3.4295542261726717,3.4768583783200206,385300
2014-02-05,3.508394479751587,3.658191149521518,3.500510642363687,3.5714670585547026,317400
2014-02-06,3.6030023097991943,3.9656677666253666,3.532045910351497,3.5478139573465524,1249400
2014-02-07,3.626655101776123,3.658191203674525,3.563582897979319,3.626655101776123,352900
2014-02-10,3.7606825828552246,3.831638978587925,3.658190094783519,3.666074305838208,1334300
2014-02-11,3.9104807376861572,3.949901056485664,3.7843363190317723,3.8001043713635703,515500
2014-02-12,3.7054953575134277,4.005088701568383,3.6976115200067126,4.005088701568383,1023900
2014-02-13,3.7370309829711914,3.8631757504558317,3.681842999640356,3.760683244355793,782300
2014-02-14,3.8001043796539307,3.8552923749656123,3.626655427685731,3.8158724320201287,632100
2014-02-18,3.8789443969726562,3.926248551089396,3.800104140111423,3.926248551089396,638300
2014-02-19,3.7843358516693115,3.918364091967204,3.768567801284855,3.894712204360507,436000
2014-02-20,4.099697113037109,4.162769694417679,3.7054954530935413,3.7843360858342536,1617600
2014-02-21,3.9420173168182373,4.20219039957783,3.8710608848146872,4.060277911510798,619800
2014-02-24,4.07604455947876,4.099696444693179,3.9893201031660377,4.068160347113995,452100
2014-02-25,3.9814367294311523,4.170653336895454,3.973552516150149,4.060276982541278,343400
2014-02-26,3.863175868988037,3.997204477086594,3.839523606877723,3.957784165549388,562200
2014-02-27,3.926248788833618,3.997205212275317,3.886828470046003,3.9025965223730448,376000
2014-02-28,3.9104807376861572,3.965669108817462,3.8631765806907628,3.965669108817462,675800
2014-03-03,4.123349666595459,4.162769985724412,4.012973299350425,4.0208571376122,635500
2014-03-04,4.186907768249512,4.218686924154306,4.0518461662354275,4.099514900092618,443100
2014-03-05,4.345804214477539,4.377583754095157,4.123350089016566,4.178963809800549,596800
2014-03-06,4.417306423187256,4.472920130217157,4.337858540885529,4.441140977296467,484200
2014-03-07,4.377583026885986,4.488810071139307,4.282245181545723,4.369638048592041,489500
2014-03-10,4.38552713394165,4.433195861840895,4.258410526210331,4.37758253537713,474400
2014-03-11,4.449085235595703,4.472919787880729,4.369637359374546,4.433195660351472,367300
2014-03-12,4.536478519439697,4.560312695149599,4.385527350873218,4.472920212430105,384400
2014-03-13,4.560313701629639,4.615927421955906,4.457031619362965,4.520589940400142,319900
2014-03-14,4.5762038230896,4.631817166551546,4.504700519967109,4.607982984735709,306600
2014-03-17,4.234576225280762,4.568257719304838,4.17896289550168,4.5444231645156625,572200
2014-03-18,4.290189743041992,4.369637624075896,4.131293602136805,4.194852285801307,820500
2014-03-19,4.226631164550781,4.282244488254997,4.2107415893728115,4.24252073972875,365100
2014-03-20,4.449085235595703,4.48880936312496,4.186907054647207,4.202796629891439,558400
2014-03-21,4.242520809173584,4.520588568758353,4.242520809173584,4.457030267006105,645900
2014-03-24,4.0677361488342285,4.282245661949071,4.028012389420344,4.171018605217753,569000
2014-03-25,4.2504658699035645,4.306079579405959,4.035956388733475,4.051845965900244,594100
2014-03-26,3.972398519515991,4.3140246558128865,3.972398519515991,4.258411318995627,403700
2014-03-27,4.051846981048584,4.115405305639543,3.9326749330217883,3.9644540953172673,500600
2014-03-28,4.226631164550781,4.2345757627210885,3.9644526058582525,4.020066308399823,502500
2014-03-31,4.091570854187012,4.218687495007006,4.051846714512028,4.194853314271993,354200
2014-04-01,4.10745906829834,4.131293241106976,4.043900769025517,4.123348643116546,160300
2014-04-02,4.059791564941406,4.226632340133345,4.02801240574651,4.171018622123545,309000
2014-04-03,4.059791564941406,4.107460303733752,4.004177846931606,4.004177846931606,213200
2014-04-04,4.10745906829834,4.147182815925182,4.083624516652358,4.11540366628877,295600
2014-04-07,4.131293773651123,4.17896288308787,4.028011713437891,4.099514619918222,280000
2014-04-08,4.131293773651123,4.1710179052359475,4.075680444037244,4.1710179052359475,224900
2014-04-09,4.194851875305176,4.210741449957049,4.115403623208469,4.13923817460495,150200
2014-04-10,4.2981343269348145,4.353748032885845,4.2027968700222305,4.258410575973261,245700
2014-04-11,4.218686580657959,4.361692770585599,4.155128274023452,4.321969018357727,198500
2014-04-14,4.32991361618042,4.3616927694896885,4.186907426288712,4.258410710653261,192500
2014-04-15,4.059791564941406,4.2663560997082355,4.02801240574651,4.242521919730793,234900
2014-04-16,4.171017646789551,4.218686374435233,4.051845638256661,4.051845638256661,190100
2014-04-17,4.194851875305176,4.194851875305176,4.099514048556597,4.171017323908695,117600
2014-04-21,4.202796936035156,4.2584106428597055,4.107459477625116,4.178962760851339,287700
2014-04-22,4.171017646789551,4.1869072226714446,4.0597906156162935,4.131293517666131,437900
2014-04-23,4.584146022796631,4.679483457794921,4.155127186467035,4.155127186467035,1505100
2014-04-24,4.464975357055664,4.592092353397529,4.433196202679548,4.520589066632568,486700
2014-04-25,4.425251483917236,4.5682576747451895,4.425251483917236,4.544423120188501,423900
2014-04-28,4.409362316131592,4.512644385223717,4.385527759364223,4.488810207293775,526700
2014-04-29,4.4411420822143555,4.520589984282036,4.401417941761776,4.409362921387284,362000
2014-04-30,4.464975357055664,4.49675451143178,4.385527471115375,4.425251603504221,544300
2014-05-01,4.345804214477539,4.504700397215713,4.345804214477539,4.425252495265365,334800
2014-05-02,4.449085235595703,4.512643536572629,4.3855269346187775,4.409361486903803,451900
2014-05-05,4.409362316131592,4.49675480699128,4.369638181131786,4.49675480699128,255400
2014-05-06,4.393472671508789,4.433196427070896,4.353748537109261,4.369638115101588,194100
2014-05-07,4.38552713394165,4.40936168730996,4.266355124774851,4.401416709908066,369700
2014-05-08,4.266355514526367,4.425251667543797,4.2584109152360705,4.409362090125795,311500
2014-05-09,4.147183895111084,4.27430090557264,4.107460137147272,4.266355926677411,265900
2014-05-12,4.16307258605957,4.2266312671516815,4.123348836569035,4.178962540460621,364100
2014-05-13,4.115405559539795,4.202798450662822,4.115405559539795,4.202798450662822,198200
2014-05-14,4.171017646789551,4.202796798553339,4.115403941784237,4.115403941784237,906700
2014-05-15,3.996232748031616,4.139238946568988,3.996232748031616,4.115404390727386,580500
2014-05-16,3.996232748031616,4.075680636107934,3.972398192190014,3.972398192190014,258500
2014-05-20,3.8600893020629883,4.0603013956619645,3.7960211113369353,4.0603013956619645,1028700
2014-05-21,3.820044994354248,3.860087547624106,3.7479685512181393,3.8040280494211225,867000
2014-05-22,3.7719953060150146,3.956190419667258,3.7479696903759367,3.956190419667258,857800
2014-05-23,3.9081380367279053,3.924154980244247,3.7479682196904336,3.7960190502394586,660300
2014-05-26,3.84407114982605,3.948181115772519,3.820045538069699,3.948181115772519,78900
2014-05-27,3.7960197925567627,3.884113190060464,3.771994563521109,3.844071014376331,355200
2014-05-28,3.7239432334899902,3.771994067111748,3.6678837366608996,3.771994067111748,292600
2014-05-29,3.7960197925567627,3.8200454034665468,3.683901166017408,3.723943723575671,125800
2014-05-30,3.6919105052948,3.7800035370309946,3.6598766061408745,3.7800035370309946,402100
2014-06-02,2.963139057159424,3.7159363925427904,2.530680960616155,3.1713596292334842,2824100
2014-06-03,3.1553421020507812,3.4116136755641424,3.0352147900328244,3.0352147900328244,1380700
2014-06-04,3.187375545501709,3.2514433342556504,3.171358598313224,3.2033924926901944,1150800
2014-06-05,3.171359062194824,3.2434355260228607,3.1473336378978454,3.2434355260228607,332000
2014-06-06,3.1953842639923096,3.2434353001775,3.179367315576275,3.2354266350323964,1278400
2014-06-09,3.171359062194824,3.2354268603201017,3.171359062194824,3.2354268603201017,283500
2014-06-10,3.2594525814056396,3.2914864815085867,3.17135916518543,3.1873761152369036,592100
2014-06-11,3.451655626296997,3.6758932857819877,3.2594522454877235,3.531740368300861,1455700
2014-06-12,3.6598753929138184,3.667883674110502,3.4516547355630203,3.483688624097901,527400
2014-06-13,3.8040273189544678,3.908137631965091,3.6278409585221962,3.7880103770969886,1022800
2014-06-16,4.068309783935547,4.124369309038726,3.8921233051279835,4.124369309038726,1647200
2014-06-17,4.2044525146484375,4.476740990177773,3.9481809858047026,4.0042404901413695,1874300
2014-06-18,4.292547225952148,4.36462331715685,4.172419898111981,4.276530274365076,1217500
2014-06-19,4.3165717124938965,4.404665121855783,4.260512582615209,4.356614275442258,2031300
2014-06-20,4.548818111419678,4.612886294854507,4.300555189435206,4.324580805957545,12966300
2014-06-23,4.588860034942627,4.700978671953894,4.556826138653694,4.636910879376027,1436300
2014-06-24,4.564835548400879,4.66894592797168,4.540810311191778,4.652928975874192,1152900
2014-06-25,4.58085298538208,4.596869939174964,4.476742976665486,4.524793838044137,846600
2014-06-26,4.652927875518799,4.66093654061073,4.508775340731561,4.532800572259015,503300
2014-06-27,4.829113483428955,4.885172597583163,4.628901488594612,4.644918432906397,1103400
2014-06-30,5.389707088470459,5.525851310408832,4.765045476598537,4.797079366245909,1746200
2014-07-02,5.04534387588501,5.413734083044826,5.013309978034085,5.4057254176450025,6359800
2014-07-03,5.117419242858887,5.173478747232612,4.933224164915653,4.9812750050042185,610400
2014-07-04,5.141446113586426,5.189496965448309,5.085386595477116,5.157463064207054,160400
2014-07-07,5.19750452041626,5.237547082285465,5.0773775985569864,5.117419778552021,595600
2014-07-08,5.205512046813965,5.229537655054628,5.085384769358825,5.141444267337647,740500
2014-07-09,5.245555400848389,5.309623190106983,5.133436387771702,5.205512841624694,589200
2014-07-10,5.005301475524902,5.309623896886624,4.98928452607819,5.309623896886624,780100
2014-07-11,5.0613603591918945,5.069368641980813,4.957250009816903,4.981275240057809,439000
2014-07-14,4.9412336349487305,5.053352280104805,4.845131939100666,4.893182787024698,596000
2014-07-15,4.837123870849609,4.99729338370917,4.837123870849609,4.9572511964314,414200
2014-07-16,4.9412336349487305,4.973267533564752,4.845131939100666,4.853140222817575,534400
2014-07-17,5.125429153442383,5.133437437800705,4.981276216250355,5.0053018330737675,643100
2014-07-18,5.03733491897583,5.0853857629715264,4.981275410043771,5.013309687915064,352700
2014-07-21,4.949241638183594,5.085385890523252,4.9011907929826855,5.085385890523252,399600
2014-07-22,5.0613603591918945,5.125428148999844,4.997292187509797,4.997292187509797,361600
2014-07-23,5.085386753082275,5.1014037041992975,5.037335899731211,5.077378468460884,213100
2014-07-24,4.949241638183594,5.085385890523252,4.917207741382988,5.069368942122949,299600
2014-07-25,5.053351402282715,5.053351402282715,4.9332241124029546,4.9332241124029546,255100
2014-07-28,5.04534387588501,5.0933947226613965,5.021318261559724,5.021318261559724,301100
2014-07-29,5.0613603591918945,5.101402536884788,4.997292187509797,5.09339425409587,199200
2014-07-30,4.628902435302734,4.941233104197775,4.620893770571865,4.861148366259836,1234900
2014-07-31,4.5408101081848145,4.652928767854716,4.516784490175572,4.604877913710473,738600
2014-08-01,4.668943881988525,4.676952545464914,4.564833548040031,4.6048761016737885,515600
2014-08-05,4.564835548400879,4.708988499152529,4.524793359094289,4.692971547055041,470100
2014-08-06,4.68496036529541,4.708985971482406,4.548816154608564,4.604875647795517,318900
2014-08-07,4.805088043212891,4.853138877820129,4.59686737804077,4.668943820888671,501500
2014-08-08,4.82110595703125,4.861148518188775,4.749029499697372,4.789072060854896,321600
2014-08-11,4.725004196166992,4.829114548083397,4.660936404795099,4.805088935381858,241200
2014-08-12,4.773383617401123,4.821762458654139,4.733067724116517,4.749194004534189,281900
2014-08-13,4.845952033996582,4.8701412621953555,4.757257300145765,4.757257300145765,271100
2014-08-14,4.886268138885498,4.926584036778708,4.829825958731183,4.837889292102184,314200
2014-08-15,4.918520927429199,4.983026059411602,4.789510663464394,4.805636946459994,387900
2014-08-18,5.128161907196045,5.1362248547495675,4.854014769721285,4.862078101755641,282400
2014-08-19,5.120098114013672,5.160414001592683,5.079782610915459,5.144287723457238,378600
2014-08-20,5.112034320831299,5.160413147227972,5.05559216446148,5.152349817254826,240900
2014-08-21,5.047529697418213,5.071718920669048,4.950771650972556,4.999150481954999,313100
2014-08-22,5.184603691101074,5.25717214145318,5.047530506908301,5.047530506908301,574400
2014-08-25,5.095908164978027,5.152349938191925,5.07171855897154,5.128160716666182,247200
2014-08-26,5.063657283782959,5.176541251931753,5.047531002618846,5.1362253567810345,359600
2014-08-27,5.0555949211120605,5.095910823999265,5.0555949211120605,5.087847489629446,336500
2014-08-28,5.1039719581604,5.18460335076941,5.047530175574497,5.079782732618101,338400
2014-08-29,5.289423942565918,5.394244937056468,5.10397156172909,5.10397156172909,402200
2014-09-02,5.38618278503418,5.450688292710048,5.168477802010605,5.232982925205611,350100
2014-09-03,5.321675777435303,5.38618087778907,5.265234006866119,5.3619916573967705,275300
2014-09-04,5.273298740386963,5.378119756247829,5.23298284675406,5.313614634019867,261900
2014-09-05,5.281362533569336,5.2974888155329305,5.168478175343282,5.273299200347093,260900
2014-09-08,4.966897964477539,5.2813609448961385,4.958835018161581,5.273297614099406,357900
2014-09-09,4.837887763977051,5.087845252311505,4.821761486809692,4.958835034972632,435700
2014-09-10,4.708878040313721,4.845951602847359,4.668562150928245,4.781446102934435,459700
2014-09-11,4.773383617401123,4.773383617401123,4.5879312003574695,4.636310041610486,476100
2014-09-12,4.660498142242432,4.716939913149673,4.539550886114342,4.636308537224522,423500
2014-09-15,4.531487941741943,4.725003644903996,4.499235388628395,4.692751091790448,425800
2014-09-16,4.507299423217773,4.5879308185968135,4.475046865066157,4.507299423217773,359900
2014-09-17,4.475046634674072,4.563740972784291,4.475046634674072,4.555678025901908,308400
2014-09-18,4.483109474182129,4.5234253610708475,4.402478084885485,4.458920249633532,509200
2014-09-19,4.3460373878479,4.515363554794786,4.289595588519553,4.458921755466439,815300
2014-09-22,4.176710605621338,4.362163028554225,4.14445804376178,4.281531623905332,462700
2014-09-23,4.265404224395752,4.3702252151909935,4.192835787002006,4.208962063702754,576200
2014-09-24,4.329908847808838,4.3621613976096665,4.305719627698577,4.321845902598992,346600
2014-09-25,4.370225429534912,4.426667208515413,4.305720319568177,4.329909543565311,372100
2014-09-26,4.233151435852051,4.3621616422918,4.233151435852051,4.313782814876894,501300
2014-09-29,4.378289699554443,4.450858162444147,4.273469056412637,4.410542264287445,304000
2014-09-30,4.04770040512085,4.38635269305413,4.031574124004068,4.38635269305413,498600
2014-10-01,4.168647289276123,4.184773568781838,4.031573721237128,4.096078839259989,552700
2014-10-02,4.176710605621338,4.217026500186217,4.120268814607544,4.160584324691559,348000
2014-10-03,4.208962917327881,4.297657649410666,4.08801600978326,4.096078957528508,576100
2014-10-06,4.241215705871582,4.273468264628863,4.176710203876191,4.265404932699129,285700
2014-10-07,4.04770040512085,4.27346872523666,4.04770040512085,4.249279111321053,334100
2014-10-08,4.434731960296631,4.604058120448248,3.9751323278163992,4.088016690904748,788000
2014-10-09,4.475046634674072,4.475046634674072,4.200899520018631,4.458920356428505,644700
2014-10-10,4.483109474182129,4.684688139664136,4.378288475856095,4.458920249633532,520800
2014-10-14,4.781445026397705,4.902392282842184,4.4750457970806155,4.531487568135504,552600
2014-10-15,4.886268138885498,5.055594294867546,4.829825958731183,4.870141856624393,868700
2014-10-16,4.7895097732543945,5.015277693230084,4.68468876102526,4.7895097732543945,650500
2014-10-17,4.394415378570557,4.749193926403612,4.337973590277675,4.749193926403612,493200
2014-10-20,4.483109474182129,4.507299083211518,4.289594139870183,4.402478084885485,418700
2014-10-21,4.62018346786499,4.725004476165371,4.499236180170769,4.499236180170769,525200
2014-10-22,4.515363693237305,4.676626915716347,4.4992374094374945,4.563742544636738,452800
2014-10-23,4.499236106872559,4.563741223397053,4.281531146361978,4.410541379410967,497200
2014-10-24,4.458921432495117,4.5476157920098474,4.394415919465003,4.499236945597932,337500
2014-10-27,4.4266676902771,4.475046912498126,4.273468229673541,4.434731022140879,308300
2014-10-28,4.410541534423828,4.426667814121727,4.273468349232115,4.418604866513196,237400
2014-10-29,4.402477741241455,4.612119337048744,4.28959380503753,4.337972634839212,521000
2014-10-30,3.773552179336548,4.418604011376651,3.725173349605654,4.418604011376651,1150200
2014-10-31,3.5477848052978516,3.692921314864827,3.193006286319985,3.3945849640700807,916900
2014-11-03,3.950941801071167,4.0315731879336845,3.55584742872366,3.588099983468667,703000
2014-11-04,3.6848578453063965,3.9428782701809117,3.6122894085700588,3.9348153241439636,806300
2014-11-05,3.5639114379882812,3.821931925058732,3.5074692642011933,3.6848587335429817,1102800
2014-11-06,3.773552179336548,3.9428782756350556,3.5639105838360092,3.620352359615004,879800
2014-11-07,4.039637088775635,4.071889648070859,3.6526059927521057,3.829995068875841,980600
2014-11-10,3.852691173553467,4.039636128445841,3.812051201883501,3.925843665164671,735900
2014-11-11,3.9827394485473633,4.080275829921962,3.909586968728851,3.917715194297631,721300
2014-11-12,4.023379802703857,4.145300484998706,3.787666664468893,4.015251963924289,601200
2014-11-13,3.9095873832702637,4.120916619564684,3.8608191874119746,4.072148423706395,440800
2014-11-14,4.015253067016602,4.072149504405143,3.747027724824698,3.8201798442382264,1109800
2014-11-17,4.17781400680542,4.17781400680542,3.9095886489618747,4.039637213352614,989400
2014-11-18,4.868696689605713,4.8768249171704365,4.267221802524132,4.267221802524132,1047200
2014-11-19,4.6085991859436035,4.836184110824045,4.511062789566271,4.78741591263538,1342800
2014-11-20,4.730520725250244,4.811801070170299,4.632983923770922,4.641112152050556,906400
2014-11-21,4.754904270172119,4.917465335116817,4.706136066961278,4.836184608856854,757200
2014-11-24,4.673623561859131,4.795544254031365,4.649239268394606,4.730519988226225,375700
2014-11-25,4.706135272979736,4.771159532957151,4.632982786717564,4.714263499264494,820600
2014-11-26,4.795544147491455,4.87682447794212,4.681751684860525,4.70613559020813,533000
2014-11-27,4.673623561859131,4.803672093469409,4.592343229602707,4.803672093469409,69400
2014-11-28,4.234710216522217,4.616728047369636,4.1859420075358615,4.616728047369636,525800
2014-12-01,4.535447120666504,4.665495661378735,4.259093584077791,4.259093584077791,675000
2014-12-02,4.4622955322265625,4.535448045074638,4.34037519424684,4.486679832367688,673000
2014-12-03,4.551703929901123,4.632984281089926,4.437911438236799,4.47042357871232,634300
2014-12-04,4.535447120666504,4.649239593789706,4.478551077892514,4.535447120666504,580000
2014-12-05,4.397271156311035,4.478551896691698,4.33224687406674,4.46229543855533,466900
2014-12-08,4.405397891998291,4.5110625086137865,4.161556528666403,4.437910022099188,654200
2014-12-09,4.4622955322265625,4.584216257781588,4.33224696500803,4.470423761465372,830500
2014-12-10,4.429782390594482,4.714264148538801,4.381014188894797,4.446038457827711,453900
2014-12-11,4.478551387786865,4.6411120749255765,4.267222106931291,4.3972706566422595,785300
2014-12-12,4.413527011871338,4.535447728927786,4.372887031236039,4.494807748292487,802700
2014-12-15,4.007124423980713,4.535447212708754,3.990868356061784,4.535447212708754,1022300
2014-12-16,4.088404655456543,4.315989578728271,3.9583557402975145,4.145300692486883,1196900
2014-12-17,4.226581573486328,4.29973407358088,4.096533028940668,4.29973407358088,901100
2014-12-18,4.405397891998291,4.470422152200085,4.267221145281899,4.267221145281899,709900
2014-12-19,4.641111373901367,4.641111373901367,4.33224572741568,4.33224572741568,3936800
2014-12-22,4.364757061004639,4.576086271257809,4.340373159867808,4.567958045828785,955800
2014-12-23,4.397271156311035,4.567960090989957,4.33224687406674,4.356631173695998,512300
2014-12-24,4.527318954467773,4.559831087303343,4.389142196129006,4.389142196129006,371200
2014-12-29,4.641111373901367,4.689879572676709,4.470422484400077,4.5842149482092065,548600
2014-12-30,4.787417411804199,4.8686977675714,4.665496684365743,4.689880984883557,510800
2014-12-31,4.909336566925049,4.94997692558038,4.7061355487987635,4.714263775559903,440500
2015-01-02,5.0312581062316895,5.039385946792273,4.795544916346018,4.933721694053188,453400
2015-01-05,5.356378555297852,5.380762458580229,5.039384712025716,5.177561455876367,782900
2015-01-06,5.445788860321045,5.559581745666186,5.315740291441235,5.364508504771163,721300
2015-01-07,5.478300094604492,5.583964733094847,5.25071513678322,5.413275820941272,740000
2015-01-08,5.348250865936279,5.486427623655182,5.315738733246561,5.413275131315717,508800
2015-01-09,5.4864277839660645,5.4864277839660645,5.405147449866793,5.421403516686648,486000
2015-01-12,5.648988246917725,5.746525031868213,5.42953115903571,5.502683650854778,974100
2015-01-13,5.470170974731445,5.746524460737318,5.42140278089073,5.681499814707879,681700
2015-01-14,5.551452159881592,5.68962892434193,5.380763261145317,5.543324320100214,620900
2015-01-15,5.551452159881592,5.746525353112426,5.527068252962246,5.730269285974457,939400
2015-01-16,5.5433268547058105,5.705887600414032,5.356381803353661,5.6815032947701045,1176300
2015-01-19,5.518939971923828,5.518939971923828,5.388891436085042,5.49455606524166,300300
2015-01-20,5.380763053894043,5.632732278615041,5.372635214425726,5.559580173099395,1151200
2015-01-21,5.413276672363281,5.575837769664842,5.299484175554903,5.470173114555124,1279500
2015-01-22,5.397018909454346,5.567707794944521,5.340122872674408,5.518939597315212,805900
2015-01-23,5.429531574249268,5.50268407166254,5.34825123688742,5.356379464411215,833400
2015-01-26,5.819677829742432,5.933470694484774,5.41327573799896,5.445787874332419,1512300
2015-01-27,6.0879034996032715,6.161056004362675,5.884702442005161,5.884702442005161,1239900
2015-01-28,5.98223876953125,6.1366716075609204,5.892830202761393,6.07977517642097,727400
2015-01-29,5.8928303718566895,6.07977535088067,5.7709096659584,5.8928303718566895,690300
2015-01-30,6.193568229675293,6.299232874130382,5.827806475884925,6.0797757443411085,2529300
2015-02-02,6.25859260559082,6.364257251710278,5.982239422569132,6.0797758401061985,805000
2015-02-03,5.868446350097656,6.209824187548053,5.852190281055983,6.209824187548053,486000
2015-02-04,6.0879034996032715,6.161056004362675,5.884702442005161,6.047263520628805,391900
2015-02-05,6.250463962554932,6.348000367576607,6.047262924972165,6.161055397497453,1306100
2015-02-06,6.16918420791626,6.26672062215341,5.860318508590026,5.892830646669076,660700
2015-02-09,6.177311897277832,6.266720468591957,5.8928305022695255,5.8928305022695255,289700
2015-02-10,5.787165641784668,6.055390957930622,5.787165641784668,5.98223884562051,535900
2015-02-11,5.193818092346191,5.754652968056843,5.153178119876699,5.730269062090186,996300
2015-02-12,4.876824855804443,5.218202657722789,4.844312721105098,5.169434455673771,1162300
2015-02-13,5.096282482147217,5.283227469653346,4.8849535849002175,4.917465722938217,1002300
2015-02-17,4.966233730316162,5.031258003777709,4.876825160518914,4.966233730316162,922600
2015-02-18,4.958105564117432,4.966233792189013,4.787416650366687,4.917465586485264,637800
2015-02-19,4.7386474609375,4.96623276121772,4.68175142654882,4.96623276121772,538500
2015-02-20,4.746776580810547,4.860569058582306,4.632983715463548,4.698008376051222,476900
2015-02-23,4.698007583618164,4.746775780151549,4.616726868487349,4.746775780151549,584300
2015-02-24,4.8036723136901855,4.8036723136901855,4.649239481535524,4.68987984331446,765400
2015-02-25,5.071898937225342,5.169435753383764,4.754905350542587,4.8524417791256935,804400
2015-02-26,5.055642604827881,5.169435486542953,4.990618322462295,5.1206672747687625,295200
2015-02-27,4.966233730316162,5.088154436844183,4.966233730316162,5.0475140721430956,482800
2015-03-02,4.868696689605713,5.071897727821147,4.860568849616211,4.966233482506291,956500
2015-03-03,4.85233211517334,4.909611051236194,4.81141892385487,4.876880342109086,847500
2015-03-04,4.901427268981934,4.942340842886196,4.819600511354167,4.860514085258429,712300
2015-03-05,5.015985488891602,5.065081547080493,4.885062276873771,4.901427629603401,535800
2015-03-06,4.639580726623535,4.811417078734087,4.606850030048257,4.770503512924649,820600
2015-03-09,4.345005512237549,4.754139745670623,4.3368230304629085,4.737774391940532,600300
2015-03-10,4.189534664154053,4.4759285637016974,4.1322561183530215,4.304092536117774,790800
2015-03-11,4.394100666046143,4.4595620674487275,4.1977164618383895,4.1977164618383895,549100
2015-03-12,4.443198204040527,4.4841117886994795,4.377736780730892,4.451381077044662,886600
2015-03-13,4.647764205932617,4.647764205932617,4.418649280597339,4.4922931686504395,799000
2015-03-16,4.786870002746582,4.844148930503078,4.5904857764627796,4.705043241794998,1052500
2015-03-17,4.811418056488037,4.893244814554685,4.655947021071025,4.778687353261378,894500
2015-03-18,4.901427268981934,4.917793010688245,4.721408402200847,4.819600511354167,965500
2015-03-19,4.770503997802734,4.942340367378881,4.73777329790068,4.942340367378881,935400
2015-03-20,4.934158802032471,4.934158802032471,4.745957047622391,4.786870234992796,9506500
2015-03-23,5.220551490783691,5.253282189331871,4.958705512217556,4.983253731219042,665500
2015-03-24,5.36784029006958,5.441484565890868,5.228734609154148,5.253282831154828,776300
2015-03-25,5.26964807510376,5.433301584506061,5.26964807510376,5.35147482980491,546200
2015-03-26,5.196004390716553,5.384206142987269,5.089629402437281,5.3514754373906905,648100
2015-03-27,5.228734016418457,5.310560763510157,5.089628351272214,5.146907269326757,532800
2015-03-30,5.20418643951416,5.22055178972537,5.056897897432545,5.114176818262143,442300
2015-03-31,5.0568976402282715,5.1796379556598815,4.934157714977368,5.163272606281048,874400
2015-04-01,5.416936874389648,5.441485098794421,5.040533368055065,5.08962942668382,850800
2015-04-02,5.384206295013428,5.400571648273802,5.097812417866484,5.35147558849268,482300
2015-04-06,5.498762607574463,5.515127957381681,5.400570508731157,5.466031907960027,330700
2015-04-07,5.384206295013428,5.482398414575672,5.359658460213267,5.408754519994389,451500
2015-04-08,5.36784029006958,5.5396766735320835,5.253282831154828,5.433301695163724,432500
2015-04-09,5.196004390716553,5.302379378995824,5.122360498214648,5.236917967802669,367600
2015-04-10,5.261465549468994,5.3760234037414145,5.17963878940353,5.367840532644483,329600
2015-04-13,5.286013126373291,5.376022746532171,5.245099556251786,5.277830256276702,341500
2015-04-14,5.179638385772705,5.351474763609967,5.122359853280778,5.245099788723903,473600
2015-04-15,5.2532830238342285,5.294196208428302,5.155090912591532,5.1878216163390976,331600
2015-04-16,5.179638385772705,5.359657634069237,5.163273035034906,5.228734437986104,381400
2015-04-17,5.0568976402282715,5.302378271091492,5.0568976402282715,5.171455476060818,462600
2015-04-20,5.138724327087402,5.14690680596958,4.950522630629249,5.015984022409359,264600
2015-04-21,5.155092239379883,5.196005434503962,5.081447941903326,5.114178654074936,395200
2015-04-22,5.089630126953125,5.1714572927735665,5.040534061569366,5.114178354735426,530200
2015-04-23,5.138724327087402,5.21236819774969,5.048714718299414,5.1305414580245525,367100
2015-04-24,4.950523853302002,5.130542725158089,4.942340982218159,5.073263798113495,553000
2015-04-27,4.975072383880615,5.065082027521715,4.9423416753167295,4.999620610393942,492200
2015-04-28,5.040533065795898,5.073263769585682,4.917793121674593,4.925975602531656,571700
2015-04-29,5.20418643951416,5.302378540781419,4.9750711463764965,5.040532547221336,573600
2015-04-30,5.105995178222656,5.179639467006136,5.015985925465982,5.114178050390074,514700
2015-05-01,5.302379131317139,5.376023410559845,4.991437052493234,5.138725610978647,525800
2015-05-04,5.547860145568848,5.572407980049413,5.318744812725728,5.318744812725728,454400
2015-05-05,5.580591678619385,5.605139516737555,5.466033800131752,5.564226323146988,940900
2015-05-06,5.4496684074401855,5.719696965980973,5.40875521412904,5.719696965980973,423800
2015-05-07,5.531495571136475,5.572408764423304,5.416937693499317,5.4333030488502185,688900
2015-05-08,5.498762607574463,5.588772226604519,5.490580127761213,5.56422439698405,388100
2015-05-11,5.506947040557861,5.564225976230469,5.425120268297584,5.490581686105806,223700
2015-05-12,5.695148468017578,5.7196963031232375,5.515129189732321,5.515129189732321,357300
2015-05-13,5.7442450523376465,5.7851586348198465,5.629687567640663,5.719696824812159,521000
2015-05-14,5.866984844207764,5.940629129506359,5.752427370550572,5.834254137448566,513500
2015-05-15,5.932445049285889,5.997906449469783,5.8915314790805935,5.8915314790805935,272200
2015-05-19,5.95712947845459,6.047638464464046,5.899533172003909,6.006498301620047,542900
2015-05-20,6.064096450805664,6.171061612925975,5.932447261947146,5.932447261947146,341600
2015-05-21,6.154603481292725,6.179287892423094,6.014726067026576,6.039410478156945,323300
2015-05-22,6.245113372802734,6.253341249477761,6.064095377806604,6.154604375304669,299100
2015-05-25,6.097007751464844,6.171060604266592,6.0887798746787976,6.1628323351350796,52900
2015-05-26,6.1792893409729,6.2122016352984275,6.039411893916662,6.17106107121877,561300
2015-05-27,6.195745468139648,6.212201615249302,6.064095898916927,6.154604904192768,370000
2015-05-28,6.4014482498168945,6.434360547874932,6.146377351348795,6.154605622036074,552000
2015-05-29,6.31916618347168,6.48372804191845,6.245113719898842,6.343850599559614,424700
2015-06-01,6.434358596801758,6.459042616687647,6.3109373203360475,6.376761896492314,283500
2015-06-02,6.475500106811523,6.516640671633934,6.352078804689797,6.417903786874754,173500
2015-06-03,6.5166401863098145,6.5166401863098145,6.335622185387056,6.426131185848435,295500
2015-06-04,6.187516212463379,6.491955081653955,6.138147779001024,6.491955081653955,598500
2015-06-05,6.154603481292725,6.302708771038727,6.0723227647671685,6.1134629268572445,404300
2015-06-08,6.187516212463379,6.203972356950831,6.064094932634774,6.154603923488476,324400
2015-06-09,6.064096450805664,6.245114477831657,6.022956275460143,6.212202180617028,249200
2015-06-10,6.1052350997924805,6.253340390712972,6.05586666948565,6.154603530099311,500700
2015-06-11,6.097007751464844,6.1628323351350796,5.9982708759594905,5.9982708759594905,251600
2015-06-12,5.9900431632995605,6.097007918521775,5.915990308468777,6.031183333047958,395400
2015-06-15,5.726745128631592,5.973587746657903,5.718516858269469,5.957131205933658,803600
2015-06-16,5.6280059814453125,5.800795666303396,5.6280059814453125,5.726742832122684,676800
2015-06-17,5.726745128631592,5.75965742538903,5.570411522860998,5.636236116375874,510300
2015-06-18,5.776113033294678,5.833709743403611,5.7020601763468335,5.743200739616856,480900
2015-06-19,5.9900431632995605,5.998271040311049,5.718516159701847,5.8007972838895965,4242700
2015-06-22,5.874848365783691,6.129918770725848,5.8501643482045,5.907760650786203,569200
2015-06-23,5.874848365783691,5.948901203212035,5.784339778199477,5.792567653277413,279100
2015-06-24,6.064096450805664,6.129921045234923,5.858394397041465,5.858394397041465,409200
2015-06-25,6.00649881362915,6.129919705027267,5.94890210992337,6.031182834970596,276100
2015-06-26,6.039411544799805,6.13814842206876,5.990043106165328,5.998270983098338,499700
2015-06-29,5.95712947845459,6.1463753261041365,5.940673334847908,6.088779019653456,350600
2015-06-30,5.841937065124512,5.990042764936424,5.833709188660212,5.932446060304519,622100
2015-07-02,5.891305446624756,6.0805513117040935,5.841937011257814,6.0805513117040935,381300
2015-07-03,5.9242167472839355,5.9653572993902975,5.858392177790063,5.858392177790063,55300
2015-07-06,5.973586559295654,6.072323429942165,5.874849296303696,5.883077565030295,426300
2015-07-07,5.8254804611206055,5.940673468968043,5.784340297347802,5.8254804611206055,528800
2015-07-08,5.652690410614014,5.965357519597175,5.636234267633079,5.8583923940483995,400300
2015-07-09,5.529269218444824,5.693831042872208,5.422304483764237,5.685602775095408,340000
2015-07-10,5.562183856964111,5.6280084529892775,5.488130990263029,5.54572731561228,317800
2015-07-13,5.537498474121094,5.553954620265098,5.414077181868331,5.455217743401076,271500
2015-07-14,5.455217361450195,5.5868665213847155,5.446989092781565,5.512813672748825,274300
2015-07-15,5.405849456787109,5.537498629636378,5.38116504070513,5.422305603393268,312600
2015-07-16,5.364708423614502,5.463445294592238,5.340024009697343,5.340024009697343,220500
2015-07-17,5.282428741455078,5.34002506473207,5.241288174246776,5.34002506473207,555500
2015-07-20,4.764058589935303,5.216603175496561,4.706461885048003,5.060269598527134,1011000
2015-07-21,4.8134260177612305,4.961531687207816,4.7558297172834445,4.7969698758610955,802900
2015-07-22,4.747602462768555,4.8792516260488545,4.640637321430583,4.7558307316463,722200
2015-07-23,4.6159539222717285,4.772287520932307,4.541901061762637,4.7558313733020094,955000
2015-07-24,4.88748025894165,4.928620429358099,4.533672910101869,4.558356933882641,971400
2015-07-27,4.73937463760376,5.0520414037832975,4.6817779318716415,4.879251678932402,697600
2015-07-28,4.747602462768555,4.8874798949266,4.7146901719484795,4.764058608178592,483900
2015-07-29,5.076726913452148,5.1672359298849875,4.805200256499176,5.1672359298849875,1186600
2015-07-30,5.298883438110352,5.479901021072522,5.002672455463199,5.134321606708414,833700
2015-07-31,5.381165504455566,5.521042958835336,5.265972468285087,5.521042958835336,470800
2015-08-04,5.340024471282959,5.438761743140881,5.233059714650557,5.249515861235964,523000
2015-08-05,5.3482513427734375,5.471672606075747,5.307110790890874,5.340023075458773,454900
2015-08-06,5.331796169281006,5.562182595463068,5.307111755197215,5.414076895651224,757700
2015-08-07,5.3482513427734375,5.504584890643645,5.331795200489489,5.364707485057386,460500
2015-08-10,5.6280059814453125,5.660918265004437,5.356479445909858,5.405847871248543,1035500
2015-08-11,6.017001628875732,6.521867076826231,5.636283473982354,5.669389366177138,1047900
2015-08-12,6.314953804016113,6.36461263248445,5.942511998523656,6.00872416446806,1130300
2015-08-13,6.132872104644775,6.389442960334888,6.083213267542176,6.240466449027087,534700
2015-08-14,5.992172718048096,6.31495579693859,5.975619770001409,6.1494259218183185,485300
2015-08-17,6.199084758758545,6.232191049466878,6.033555278483937,6.041831949824373,450900
2015-08-18,6.15770149230957,6.215636997442109,6.017001261740076,6.050107151914858,409000
2015-08-19,6.364614486694336,6.405996658480552,6.165978720298933,6.165978720298933,764900
2015-08-20,6.505313396453857,6.604631061827914,6.447377894325664,6.480483782783683,651900
2015-08-21,6.248744010925293,6.604632591607348,6.207361443440988,6.5384207993551895,624300
2015-08-24,5.503859996795654,6.12459607775787,5.412818594418252,5.785260085134233,1448400
2015-08-25,5.379711627960205,5.685941272065765,5.1893525853385585,5.528688115582379,932600
2015-08-26,5.305224418640137,5.404542494768831,5.147971225644203,5.205906737164826,947800
2015-08-27,5.429370403289795,5.594900226991775,5.090034876413336,5.247288031336236,883200
2015-08-28,5.611454486846924,5.685942550073767,5.338330272837226,5.338330272837226,814600
2015-08-31,5.503859996795654,5.636283567778515,5.412818594418252,5.429371540791109,749800
2015-09-01,5.338329315185547,5.594900536378837,5.321776371365333,5.4128177597031675,572300
2015-09-02,5.495583534240723,5.520413152066271,5.272118552424329,5.2803952232506415,450800
2015-09-03,5.387988567352295,5.677665282933391,5.379711898075512,5.4542003429533095,471700
2015-09-04,5.520412445068359,5.520412445068359,5.288670822104749,5.313500436750375,642700
2015-09-08,5.396265029907227,5.619729977669745,5.346606196477036,5.619729977669745,321000
2015-09-09,5.181077480316162,5.404542459504194,5.164524138858236,5.404542459504194,397600
2015-09-10,5.214182376861572,5.346605925975695,5.197629433222307,5.305223369550879,417000
2015-09-11,5.222460746765137,5.280396270074719,5.114866372613113,5.131419322893927,643400
2015-09-14,5.760431289672852,6.033555122386525,5.230736571844716,5.239012848317621,1198300
2015-09-15,5.611454486846924,5.73560139044279,5.586624869335721,5.73560139044279,820500
2015-09-16,5.793537616729736,5.810090565562827,5.669390303154842,5.785260944986476,789000
2015-09-17,6.074936866760254,6.11631903283249,5.677665783477368,5.793536400994316,1104900
2015-09-18,6.21563720703125,6.248743098322351,5.992171848836286,6.174254645590697,4935300
2015-09-21,6.124597072601318,6.248744387890194,6.066661553558927,6.165979247928653,649500
2015-09-22,5.9094061851501465,6.033553455165954,5.892853242124925,6.000447569115511,466100
2015-09-23,5.983895778656006,6.050107563510027,5.9259602695820535,6.025278341516453,211900
2015-09-24,6.472207546234131,6.513589709724483,6.0749364877374745,6.124595320717892,936700
2015-09-25,6.4391021728515625,6.497037285304815,6.3232311586383485,6.397719611396364,564400
2015-09-28,6.290124893188477,6.422548845176303,6.232189784181301,6.3646133415157955,677500
2015-09-29,6.132872104644775,6.339784123232287,6.12459582912102,6.232190173503332,604700
2015-09-30,6.240466594696045,6.273572486870558,5.975619062646582,6.099766355627685,501300
2015-10-01,6.033554553985596,6.31495503131578,5.975619045519569,6.24046657680994,427000
2015-10-02,6.2735724449157715,6.281849115230731,6.091490039173637,6.190807715032983,660700
2015-10-05,6.4556565284729,6.563250501379811,6.3315092116458365,6.3315092116458365,1062000
2015-10-06,6.405994415283203,6.554971286575636,6.314953432441454,6.538418344726839,1000700
2015-10-07,6.356337547302246,6.530143687568432,6.240466918675917,6.397720111995485,1101100
2015-10-08,6.240466594696045,6.480484510287942,6.223913648608789,6.273572486870558,758900
2015-10-09,6.389443397521973,6.430825961932351,6.21563765309718,6.372890450688498,800800
2015-10-13,6.257019519805908,6.455655266840397,6.223913627742387,6.422549374776876,469000
2015-10-14,6.4391021728515625,6.463931394001998,6.257019376032715,6.290125267335532,841800
2015-10-15,6.563248634338379,6.571525303943999,6.290124851806181,6.439101747480709,513600
2015-10-16,6.182529926300049,6.521865849413747,6.182529926300049,6.472207020467343,501600
2015-10-19,6.025277614593506,6.306677666273432,5.967342112509214,6.149424498890342,677800
2015-10-20,6.54669713973999,6.621185604074927,6.1080438144759395,6.37289098606075,714200
2015-10-21,6.331507682800293,6.5301430260371065,6.265295901721355,6.5301430260371065,500600
2015-10-22,6.4887614250183105,6.687396785545787,6.3397845099693235,6.372890403390569,412800
2015-10-23,6.902584552764893,7.018454769395999,6.447377987881774,6.563248599166207,845500
2015-10-26,6.794989585876465,7.035007455735166,6.728777814143484,6.985348232282141,469300
2015-10-27,6.761883735656738,6.786712952860855,6.654289408696792,6.753607066819839,279700
2015-10-28,6.63773775100708,7.175708668687261,6.497037124473068,6.819819754011846,833300
2015-10-29,6.248744010925293,6.612908868312162,6.132872979830604,6.596355920249122,586900
2015-10-30,6.091489315032959,6.389442307191106,6.074936371024173,6.298401312469442,640500
2015-11-02,6.091489315032959,6.190806979085675,5.9425124243005705,6.108042259041746,358200
2015-11-03,6.199084758758545,6.306679118263746,5.983896434401554,6.141149637989138,522500
2015-11-04,5.8928542137146,6.314954922431921,5.859748322205793,6.257019414964831,973400
2015-11-05,5.917685031890869,6.1245970931831835,5.818367337187383,5.892855410888279,744700
2015-11-06,5.843195915222168,6.041831677243539,5.760431178818845,5.818366691627868,480600
2015-11-09,5.859748363494873,5.92596014697903,5.760430688268639,5.760430688268639,1044800
2015-11-10,5.843195915222168,5.959066546186821,5.743878231538179,5.851472586189197,527900
2015-11-11,5.917685031890869,5.992173105591765,5.818367337187383,5.843196563536536,721900
2015-11-12,5.992172718048096,6.215638108658474,5.868025805024656,5.868025805024656,652600
2015-11-13,6.165977478027344,6.199083366647769,5.901130369063943,5.942512532512813,496200
2015-11-16,6.15770149230957,6.273572107921307,6.1494248224392045,6.199083657701378,255100
2015-11-17,5.752153396606445,6.108042286367466,5.743877121891684,6.108042286367466,689100
2015-11-18,5.810089588165283,5.876301372359222,5.6445601276804345,5.876301372359222,583300
2015-11-19,6.058383941650391,6.074936887065282,5.7687068049097725,5.834918981222686,456400
2015-11-20,5.834918975830078,6.149424938422344,5.810089360404014,6.008725099852478,804100
2015-11-23,5.9011311531066895,5.942513322053724,5.793536803468325,5.793536803468325,196700
2015-11-24,6.175795555114746,6.234057522730617,5.90113085955453,5.967716192189747,605700
2015-11-25,6.0842413902282715,6.300644148971686,6.025979017440442,6.075918420904264,426900
2015-11-26,6.1175336837768555,6.1175336837768555,5.951070338769562,5.951070338769562,145800
2015-11-27,5.976039886474609,6.067594928412782,5.909454545748643,5.95107058214234,240000
2015-11-30,6.042624473571777,6.242380457716368,5.976038748643719,6.134179101198117,553600
2015-12-01,6.159149646759033,6.3256129898282305,5.959393238196081,6.3256129898282305,503400
2015-12-02,6.092563629150391,6.192441623838134,5.9760389051348195,6.075917296702434,492600
2015-12-03,6.092563629150391,6.250703985845919,5.992685237582776,6.250703985845919,527500
2015-12-04,6.333935737609863,6.450460066392524,6.142502713312696,6.142502713312696,903100
2015-12-07,6.192442417144775,6.433814467001984,6.117533713092564,6.300643790357985,547000
2015-12-08,6.2007646560668945,6.31728938129351,6.109210025091536,6.225734353438277,568600
2015-12-09,6.467105865478516,6.483752196788274,6.134178842403514,6.209087531737347,857700
2015-12-10,6.608600616455078,6.70847901232303,6.367228587127314,6.433813919786023,670100
2015-12-11,6.625246047973633,6.841648746543547,6.575307055275922,6.575307055275922,973800
2015-12-14,5.742990970611572,6.450460783634175,5.559880893855653,6.450460783634175,1904500
2015-12-15,5.934422969818115,6.01765462781335,5.742989957989148,5.809575284385336,1030600
2015-12-16,6.050948143005371,6.167472480605721,5.917777471462115,6.159149512074221,1299500
2015-12-17,5.88448429107666,5.98436228603539,5.643112271486459,5.643112271486459,1338100
2015-12-18,5.867838382720947,6.150826055558849,5.801252651055657,5.8928076848255175,12430700
2015-12-21,5.984363079071045,6.200765430158827,5.9510704096729246,5.967716744371985,1065300
2015-12-22,5.6514363288879395,6.100887789736174,5.618143657482881,5.9094547307171155,809900
2015-12-23,5.634789943695068,5.759637658807474,5.5765275708079605,5.618143608138744,482700
2015-12-24,5.742990970611572,5.776283639679936,5.576527228389835,5.643112963406482,265000
2015-12-29,5.543233394622803,5.6264654466855974,5.410062746330072,5.576526056695985,598100
2015-12-30,5.435033798217773,5.501619138987619,5.418387463025312,5.443356767374036,383600
2015-12-31,5.484971523284912,5.534910517203641,5.410062833966897,5.418386198059941,335800
2016-01-04,5.593172550201416,5.751312898082567,5.551556919841018,5.709697267722169,633300
2016-01-05,5.6764044761657715,5.7180201055839746,5.58484945643798,5.58484945643798,542400
2016-01-06,5.88448429107666,5.98436228603539,5.659758603979581,5.676404936472703,791800
2016-01-07,6.4587836265563965,6.64189329161119,6.209088231874516,6.209088231874516,1379400
2016-01-08,6.242381572723389,6.425491257562771,6.167472866849129,6.400521953524639,1208700
2016-01-11,6.092563629150391,6.242380621182005,6.050947599590562,6.125856294046305,924500
2016-01-12,6.333935737609863,6.3672284029763375,6.009331654966922,6.009331654966922,1207100
2016-01-13,6.067594528198242,6.408844575350161,6.009332160466001,6.38387527266485,1788300
2016-01-14,5.83454704284668,6.075919134802392,5.71802228357979,5.976040713019345,1080600
2016-01-15,5.693051338195801,6.092563719768838,5.5182646464526055,5.93442336072119,1634100
2016-01-18,5.718021869659424,5.85119295677007,5.659759891123482,5.6764062274023175,130200
2016-01-19,5.534911155700684,5.767959820872143,5.426709791288275,5.69305151979269,859300
2016-01-20,5.593172550201416,5.8345449525630615,5.4600018980403835,5.809575256842943,912400
2016-01-21,5.318508148193359,5.509941168707606,5.168691157004768,5.484971868616109,728800
2016-01-22,5.268568992614746,5.343477684395194,5.110428641567054,5.226953361421053,776400
2016-01-25,5.193661689758301,5.4433571312151265,5.152046047435472,5.368448419402086,685400
2016-01-26,5.077136039733887,5.26856905682142,5.010550711508634,5.251922724765107,657800
2016-01-27,5.243599891662598,5.343477886562107,5.0521668696652675,5.077136169950209,921700
2016-01-28,5.226953983306885,5.435033354671524,5.077136581921206,5.093782915755181,699300
2016-01-29,5.310185432434082,5.443356097587576,5.093782704679768,5.226953766713149,3089300
2016-02-01,5.484971523284912,5.801251818103526,5.376770171354412,5.801251818103526,667300
2016-02-02,5.410062789916992,5.509940776941221,5.260245809380649,5.351800432379605,653700
2016-02-03,5.576526641845703,5.718020668943738,5.393416981229345,5.451679344410853,1100800
2016-02-04,5.601495265960693,5.7929282547214225,5.410062277199964,5.759635595535192,896800
2016-02-05,5.876161098480225,5.892807431460853,5.501618407976142,5.6431124367514265,956400
2016-02-08,5.826222896575928,6.084241291512984,5.776283890802298,5.992686249154693,801100
2016-02-09,5.559881687164307,5.901132189126052,5.534912380240263,5.901132189126052,1094400
2016-02-10,5.193661689758301,5.676406236366828,5.077137335622432,5.676406236366828,1361500
2016-02-11,5.718021869659424,5.859515926469506,5.44335712261866,5.4516804891980595,1218900
2016-02-12,5.776282787322998,5.967715804657905,5.559880073431423,5.643112130700406,1369400
2016-02-16,5.451679706573486,5.784606384356373,5.418387038795197,5.693051746406032,914500
2016-02-17,5.318508148193359,5.5265875010618934,5.177014124741977,5.518264533324684,1009600
2016-02-18,6.142502307891846,6.1508252752441885,5.35180056542672,5.518264278151939,1351200
2016-02-19,5.967717170715332,6.24238191131228,5.901131827162127,6.192442903647375,1081900
2016-02-22,6.10088586807251,6.192440884038296,5.884483572102262,5.901129902561512,768400
2016-02-23,6.0010085105896,6.209087861450875,5.934423181814769,6.200764496914089,698800
2016-02-24,6.0010085105896,6.500398873280689,5.992685146052813,6.225734193644583,1068700
2016-02-25,6.192442417144775,6.325613093788774,6.059271740500776,6.2507047866164855,917700
2016-02-26,6.10088586807251,6.1508248594502595,5.876160208432725,6.11753219853176,1042000
2016-02-29,6.192442417144775,6.234058055156064,6.042625405920276,6.042625405920276,1424300
2016-03-01,5.776282787322998,6.200764453747441,5.709697459011702,6.184118121669616,903300
2016-03-02,6.017655372619629,6.042625071548629,5.834545702366595,5.834545702366595,813500
2016-03-03,6.150826454162598,6.225735159090562,6.025978744909299,6.100887449837264,983000
2016-03-04,5.992685317993164,6.433813729102936,5.951069684754804,6.117533011467995,1018600
2016-03-07,6.242381572723389,6.325613247650381,6.034302186965942,6.1591498977963965,908000
2016-03-08,5.982978343963623,6.275851326044105,5.932771581236216,6.275851326044105,924200
2016-03-09,5.957874298095703,6.016449049543309,5.715208097682244,5.890931953017211,829300
2016-03-10,6.133598327636719,6.217276261361449,5.957874467310854,6.05828798778053,875300
2016-03-11,6.133598327636719,6.234011848106395,6.016449220422096,6.125230733768176,932500
2016-03-14,5.079257488250732,6.100129464321733,5.062521895167864,6.058290282110556,3710700
2016-03-15,5.296818733215332,5.3721290807612245,5.146198437131449,5.1545660318543804,3407000
2016-03-16,5.57295560836792,5.63989795577051,5.238243871354966,5.246611465276358,1869200
2016-03-17,5.347025394439697,5.731944320387634,5.330289806311869,5.648266379748494,1245300
2016-03-18,5.388864994049072,5.556220888674725,5.321922636198811,5.355393815123941,3551200
2016-03-21,5.196406364440918,5.4390726507861205,5.171302776643004,5.4390726507861205,751500
2016-03-22,5.213140964508057,5.338658081594096,5.13783061445485,5.263347731540889,664600
2016-03-23,4.8784284591674805,5.213140616019401,4.861692871275278,5.104359095216146,1170000
2016-03-24,4.895164489746094,5.079256372216257,4.886796894547228,4.920268073358543,524100
2016-03-28,4.83659029006958,5.029049774254188,4.719440761256035,4.99557819530179,454100
2016-03-29,5.029049873352051,5.095992234560073,4.819854795073006,4.844957981022041,760700
2016-03-30,5.162933349609375,5.179668935871972,4.92026714929779,5.020680666873374,888400
2016-03-31,5.045785427093506,5.229876919081685,5.012313847724075,5.188037744125855,608900
2016-04-01,5.154566287994385,5.154566287994385,4.962106811708469,4.978842400993856,621200
2016-04-04,5.029049873352051,5.171302191415126,4.987210698093063,5.129463415164085,350500
2016-04-05,5.079257488250732,5.137831864536765,4.98721152679095,5.1043606783710285,465000
2016-04-06,5.037416934967041,5.1043592890783,4.978842175615738,5.045784928734901,345700
2016-04-07,5.079257488250732,5.1629354536650744,5.054153899122423,5.095993081333601,463300
2016-04-08,5.280082702636719,5.280082702636719,5.054152077925121,5.104358839082379,491800
2016-04-11,5.347025394439697,5.480910498470216,5.321922211751903,5.380496570695353,460400
2016-04-12,5.598060607910156,5.623163795048787,5.330290751380989,5.355394337527585,659200
2016-04-13,5.539484977722168,5.7319444448760395,5.480910617506579,5.572956154704762,633500
2016-04-14,5.455808162689209,5.606428490236045,5.3721302029409665,5.53111852596662,319100
2016-04-15,5.5227508544921875,5.531118850461931,5.380498115070611,5.447440885804537,219300
2016-04-18,5.497646331787109,5.648266631655063,5.4725427489718275,5.623163048839781,203800
2016-04-19,5.68173885345459,5.706842440882795,5.564589709808264,5.614796485656689,1186300
2016-04-20,5.849093914031982,5.982979028975245,5.614795661145146,5.681738019112813,1731500
2016-04-21,5.907668590545654,5.957875358288726,5.815622650179396,5.949507763168842,547300
2016-04-22,5.849093914031982,5.89930108151566,5.807255139806154,5.865829902531827,602200
2016-04-25,5.874197483062744,5.932772245641725,5.840726304162734,5.88256547729171,234200
2016-04-26,6.01645040512085,6.01645040512085,5.798887335588363,5.8825656847980525,318400
2016-04-27,6.05828857421875,6.06665656790517,5.907668278934294,6.024817397488871,549700
2016-04-28,5.531118392944336,5.65663552905203,5.372130073742319,5.606428355402572,1146600
2016-04-29,5.807254791259766,5.832357974487007,5.506013799477556,5.506013799477556,1096900
2016-05-02,5.941139221191406,5.999713977660936,5.823990107260231,5.899300451434215,727600
2016-05-03,5.849093914031982,5.949507849991411,5.773783960822319,5.932772260499494,906600
2016-05-04,5.907668590545654,6.049921298654985,5.790519465811821,5.790519465811821,501900
2016-05-05,6.008082866668701,6.024818457979445,5.81562336709116,5.916037313963594,489700
2016-05-06,6.275852680206299,6.426473000888382,6.02481841339486,6.058289595768656,636900
2016-05-09,5.966242790222168,6.1503342545999695,5.91603602721004,6.091759897256429,529800
2016-05-10,6.2005414962768555,6.208909490262138,5.90766848992651,6.033185606650348,580300
2016-05-11,6.317690849304199,6.468311145945616,6.0917602048381205,6.275851678510964,858900
2016-05-12,6.225645542144775,6.351162668201683,6.116864006294925,6.300955897580509,443000
2016-05-13,6.317690849304199,6.351162026335625,6.2005413306863035,6.242380501479538,398200
2016-05-16,6.459943771362305,6.585460896764783,6.326059050403897,6.35116263508757,615000
2016-05-17,6.611349105834961,6.661817370632344,6.476766665289159,6.518823753163368,657400
2016-05-18,6.3926520347595215,6.64499372604829,6.367418106282281,6.535645633084086,861100
2016-05-19,6.375830173492432,6.485178281744737,6.224425378202707,6.308539153363665,849700
2016-05-20,6.451533317565918,6.527235922159288,6.333774022376573,6.417887804654677,772000
2016-05-24,5.862735271453857,6.291716106506776,5.795444254446207,6.232836266082032,1289700
2016-05-25,5.946849822998047,5.997318088971874,5.694508092042789,5.778621868665834,703700
2016-05-26,5.845912933349609,6.039374821561448,5.71133088975394,6.014140888930324,698000
2016-05-27,5.694508075714111,5.862735628477817,5.652450986980123,5.854324451382694,604700
2016-05-30,5.6776862144470215,5.7702115835791785,5.526281393119461,5.652451877016001,314300
2016-05-31,5.770210266113281,5.820678528366121,5.576748393601017,5.719742003860442,839300
2016-06-01,5.5683369636535645,5.702919400982188,5.492634768810201,5.6776850686436635,961300
2016-06-02,5.433755874633789,5.509458483759882,5.374876022970586,5.501046904485349,620900
2016-06-03,6.098254203796387,6.115076957970312,5.585159599862514,5.585159599862514,1334900
2016-06-06,6.047785758972168,6.08984244259619,5.837501137593801,6.08984244259619,934900
2016-06-07,5.8038554191589355,5.896380761504136,5.702918900829302,5.81226659514337,949800
2016-06-08,5.837500095367432,5.980493676548443,5.787031843377548,5.837500095367432,911700
2016-06-09,5.879558086395264,5.938437927427771,5.8038558920233,5.8038558920233,659400
2016-06-10,5.753388404846191,5.955261485184437,5.694508555871125,5.854324945015314,784000
2016-06-13,5.795444488525391,6.0393746355735605,5.711330713868455,6.030963458650924,1300700
2016-06-14,5.68609619140625,5.829089392927445,5.593570848351063,5.79544388655939,1226100
2016-06-15,5.778621196746826,5.879557716957914,5.6103936630616795,5.702919007131549,994400
2016-06-16,5.635628700256348,6.005729748193247,5.610394765786875,5.9132047870236395,1489200
2016-06-17,5.896381378173828,5.913204132988166,5.669273586551107,5.694507919315669,16892600
2016-06-20,6.0730204582214355,6.173957394094534,5.702919830669242,5.787033609658377,1139500
2016-06-21,5.988905429840088,6.131899024833678,5.913203245085757,5.980494254238963,952400
2016-06-22,6.064608573913574,6.064608573913574,5.829089619112328,5.988905981104943,1072900
2016-06-23,6.0730204582214355,6.173957394094534,5.972083923434473,6.081432036663417,573300
2016-06-24,6.401065826416016,6.535647894422952,6.266483357322879,6.359008729620748,1297500
2016-06-27,6.333773612976074,6.535646677394914,6.165545658207581,6.535646677394914,1151300
2016-06-28,6.359007358551025,6.468355465773144,6.258070829308814,6.3085390939299195,568100
2016-06-29,6.417887210845947,6.518823740240618,6.359007368155999,6.443121142651558,537900
2016-06-30,6.476766109466553,6.49358886295532,6.300126997291458,6.46835493326521,574500
2016-07-04,6.7459306716918945,6.796398528859414,6.535645660672874,6.535645660672874,276300
2016-07-05,6.813222408294678,6.838456339565814,6.670228393051785,6.7795768992090935,700200
2016-07-06,6.266480922698975,6.3505950836098695,6.123487731539752,6.199189914839095,6049500
2016-07-07,6.148722171783447,6.291715775955214,6.089842334452108,6.266481445360046,1686000
2016-07-08,6.359007358551025,6.359007358551025,6.056197369738277,6.165545476960396,2715700
2016-07-11,6.333773612976074,6.401064634449021,6.249659435048764,6.350596368344311,991800
2016-07-12,6.131899833679199,6.300127378752743,6.09825432466449,6.2748934475347635,884100
2016-07-13,6.25806999206543,6.426297518295928,6.1487218994725765,6.182367404718676,1157300
2016-07-14,6.24124813079834,6.333773483982331,6.165545532639972,6.1823682876655965,550300
2016-07-15,6.325361251831055,6.359006758403075,6.216013154928949,6.224424732114992,472300
2016-07-18,6.342184543609619,6.392652807752733,6.22442526060902,6.316950612081117,426500
2016-07-19,6.190778732299805,6.367417828272435,6.15713322840845,6.333772324381081,1078800
2016-07-20,5.702919006347656,6.11507666436265,5.610393662290505,6.064608404264044,4388500
2016-07-21,6.182369232177734,6.224426326710131,5.744977133602762,5.812268163985654,1741900
2016-07-22,6.22442626953125,6.241249026972436,6.098255388179272,6.131900903061643,601600
2016-07-25,6.207601547241211,6.258069803590402,6.140310538775623,6.15713329089202,902600
2016-07-26,6.249658584594727,6.350595504154768,6.190779149361279,6.224424655519269,753700
2016-07-27,6.3926520347595215,6.3926520347595215,6.1739562499171745,6.325361024038799,1359400
2016-07-28,6.3001275062561035,6.4431211230056045,6.199190977169201,6.392652858462154,1459700
2016-07-29,6.476766109466553,6.49358886295532,6.316950151866306,6.37582958853395,915000
2016-08-02,6.73751974105835,6.779576827513621,6.518823533228703,6.5356462875935915,1003900
2016-08-03,6.544058322906494,6.737520212173407,6.518823989051623,6.737520212173407,678600
2016-08-04,6.57770299911499,6.661816766144884,6.518823161651024,6.552468668462982,371200
2016-08-05,6.266480922698975,6.527234179785077,6.2244242433295724,6.493588274769093,1064400
2016-08-08,6.36741828918457,6.518823067655255,6.241247439915964,6.333772782857752,931800
2016-08-09,6.426610469818115,6.587275781965652,6.367418262280431,6.511171054312432,539200
2016-08-10,6.570364952087402,6.604189192510711,6.468892230817476,6.59573333401326,589400
2016-08-11,6.553452014923096,6.6380126054400534,6.494259399952875,6.5788203936865335,632600
2016-08-12,6.773309230804443,6.86632566884034,6.680292389551887,6.680292389551887,1545300
2016-08-15,6.536540985107422,6.84941582693666,6.46043623936291,6.84941582693666,541400
2016-08-16,6.485803604125977,6.6549247867665775,6.460435225121534,6.519627840654096,469000
2016-08-17,6.59573221206665,6.612644329401522,6.409698518166386,6.435066895777034,794300
2016-08-18,6.553452014923096,6.629556747996708,6.511171518056266,6.621100487336662,463000
2016-08-19,6.561907768249512,6.638012092222421,6.468890924264101,6.528083131441178,467700
2016-08-22,6.468891620635986,6.5365400951016275,6.401243146170345,6.451979502019576,393400
2016-08-23,5.7839508056640625,6.257490578756916,5.733214444605909,6.257490578756916,1935600
2016-08-24,5.64865255355835,5.800862016073461,5.572548225517485,5.800862016073461,1342300
2016-08-25,5.758581161499023,5.843141744730654,5.614827968396919,5.623284228328415,1083300
2016-08-26,5.614827632904053,5.936158233201016,5.521811198515439,5.834685539386178,1294700
2016-08-29,5.657109260559082,5.741669855732972,5.56409240425944,5.56409240425944,481800
2016-08-30,5.581004619598389,5.69093359682971,5.496444022965345,5.581004619598389,927700
2016-08-31,5.547180652618408,5.581004892928169,5.479532171998889,5.538724794149344,1435000
2016-09-01,5.758581161499023,5.76703742143052,5.521811528450459,5.521811528450459,1319700
2016-09-02,6.029176235198975,6.029176235198975,5.733213952805932,5.860054642962435,1078400
2016-09-06,6.232120990753174,6.265945224913887,6.029175585788896,6.113736171190679,1756600
2016-09-07,5.9868950843811035,6.215208866303546,5.76703756259715,6.215208866303546,1037200
2016-09-08,5.868509292602539,6.003806206667553,5.783948721311905,5.986894092409426,631400
2016-09-09,5.809318542480469,5.9953522618241335,5.7585821835367605,5.809318542480469,1099700
2016-09-12,5.876966953277588,5.978440073211185,5.67402151984386,5.7670383784426855,1584600
2016-09-13,5.817774772644043,5.961527990486954,5.758582152586157,5.876966989485192,1901500
2016-09-14,5.876966953277588,6.071456528593276,5.851598975706739,5.851598975706739,1015900
2016-09-15,6.037632465362549,6.172929828138467,5.876967124277657,5.876967124277657,1159500
2016-09-16,6.2490339279174805,6.32513866637493,5.986895877162266,5.995352138420529,12250800
2016-09-19,6.2405781745910645,6.333594630692371,6.156017576673178,6.299770391525216,561700
2016-09-20,6.105280876159668,6.206753997899266,6.046088658629704,6.198297736413991,584700
2016-09-21,6.426610469818115,6.46889096367361,6.147560339378536,6.1898408332340304,799100
2016-09-22,6.299769401550293,6.502715207878114,6.282857284624364,6.502715207878114,800800
2016-09-23,6.291312217712402,6.350504816076402,6.198295392630857,6.291312217712402,538800
2016-09-26,6.147561073303223,6.35050690353488,6.130648954385312,6.316682262482336,411300
2016-09-27,5.995351314544678,6.139104510446878,5.868510235618225,6.07991189942342,769600
2016-09-28,6.223665714263916,6.257489951579205,5.902335056551955,6.012264029435002,837400
2016-09-29,6.088367462158203,6.189840562326943,6.046087373369829,6.189840562326943,949900
2016-09-30,6.0799126625061035,6.2152096152930545,5.910791068305691,6.147561138899579,1795900
2016-10-03,6.046088218688965,6.105280431911835,5.953071365202969,6.063000337212173,806700
2016-10-04,5.682475566864014,6.062998738098395,5.5810028824881535,5.936157681020268,2065600
2016-10-05,5.589461326599121,5.758582533351703,5.437251837305035,5.657109809300154,2169400
2016-10-06,5.487987041473389,5.530267535849562,5.327322130563957,5.487987041473389,1640900
2016-10-07,5.428795337677002,5.640197022768993,5.327322625604858,5.521812192018158,1428000
2016-10-11,5.251216888427734,5.403425927506568,5.2343047729745305,5.369601696600161,1020600
2016-10-12,5.378058433532715,5.4457069013530415,5.217393120851103,5.251217354761266,927400
2016-10-13,5.369604110717773,5.521813621445043,5.276587232297422,5.386516233774491,1031000
2016-10-14,5.192025184631348,5.369602629344991,5.183569327044212,5.361146771757856,507500
2016-10-17,5.259673595428467,5.310410353212643,5.175113004482679,5.242761477239309,579400
2016-10-18,5.352691650390625,5.471076504328271,5.268131040435164,5.335779528399533,796200
2016-10-19,5.581004619598389,5.597916738924997,5.403427165060632,5.437251403713849,1094900
2016-10-20,5.665565490722656,5.75012649466933,5.5894611516741,5.631741250430687,618800
2016-10-21,5.724757194519043,5.724757194519043,5.555636020188355,5.66556458189496,732600
2016-10-24,5.79240608215332,6.029176146515108,5.631740753339378,5.944615553249011,1014600
2016-10-25,5.936159133911133,5.978439631024308,5.77549380938445,5.809318045788309,855700
2016-10-26,5.834685325622559,6.003806475784581,5.767036865557749,5.944614274836187,957200
2016-10-27,5.657109260559082,5.953071545276062,5.631740880398553,5.88542306913695,1223600
2016-10-28,5.581004619598389,5.7247578354829285,5.5049002842370145,5.657109358176493,951200
2016-10-31,5.733213901519775,5.75858187803746,5.589460690530506,5.597916548297496,990200
2016-11-01,6.139105319976807,6.139105319976807,5.87696686746094,5.893878986666797,1755000
2016-11-02,5.9784393310546875,6.24057735164011,5.961527213701327,6.215208974001728,1115100
2016-11-03,6.0207200050354,6.037632124024168,5.876966792022514,5.919247291102795,623300
2016-11-04,5.961526870727539,6.05454330921133,5.860053769228564,6.0207190764505585,868200
2016-11-07,5.631740570068359,5.902334862930766,5.572548358316712,5.902334862930766,919400
2016-11-08,5.62328577041626,5.834687488076895,5.547181023029062,5.648653750734141,1465500
2016-11-09,5.893878936767578,6.206753744252128,5.775494103328862,5.876966817704904,1882400
2016-11-10,5.860053539276123,6.249032603977855,5.834685567309331,5.953070377326531,1793200
2016-11-11,5.293498516082764,5.995352063022904,5.259673874691819,5.91079106437063,2145800
2016-11-14,5.581004619598389,5.69938945488465,5.251218091121152,5.301954449100979,1759400
2016-11-15,5.927703857421875,6.003808195181566,5.538724697435034,5.640197416592451,2086500
2016-11-16,5.809318542480469,5.953071761096009,5.733214205673276,5.893879140719981,1117400
2016-11-17,5.767038822174072,5.98689639197704,5.69938993594101,5.860055284713099,1438200
2016-11-18,5.860053539276123,5.893877770709609,5.699388238358743,5.775492960692409,964600
2016-11-21,5.919247627258301,5.986896107055145,5.8346870275122455,5.8938792457261115,600300
2016-11-22,5.9868950843811035,6.003807201441408,5.817773913778063,5.936158733200191,848700
2016-11-23,5.724757194519043,5.876966251416662,5.66556458189496,5.834686159442333,1551700
2016-11-24,5.851598262786865,5.876966237267049,5.657108711166492,5.657108711166492,239500
2016-11-25,5.826231002807617,5.910791605991672,5.783950902823971,5.910791605991672,471500
2016-11-28,5.936159133911133,5.978439631024308,5.800862188295696,5.902334897507274,639900
2016-11-29,6.003807544708252,6.054543898790008,5.800862128381228,5.8938785759227645,672700
2016-11-30,5.868509292602539,5.953069863893173,5.733212378537524,5.944614008372414,1451500
2016-12-01,5.6993889808654785,5.8515984453624,5.682476862945453,5.817774209522351,1758200
2016-12-02,5.7839508056640625,5.834687166722215,5.690933942115737,5.690933942115737,1420500
2016-12-05,5.834685325622559,5.902333785687367,5.682475887260111,5.750124750541548,2090100
2016-12-06,6.003807544708252,6.07145601681726,5.834686364435732,5.843142221841008,1326200
2016-12-07,6.156016826629639,6.249033271397906,6.046087861121664,6.046087861121664,1657100
2016-12-08,6.147561073303223,6.316682262482336,6.088368455482173,6.147561073303223,1010900
2016-12-09,5.91079044342041,6.172928866557094,5.707845035695253,6.07991201974139,1331900
2016-12-12,5.640196800231934,5.8854227130057835,5.62328468222052,5.716301532891645,2462700
2016-12-13,5.547180652618408,5.699389734012329,5.454163790158193,5.699389734012329,1017500
2016-12-14,5.327322483062744,5.631740611133921,5.310410364836568,5.589460517176832,2548600
2016-12-15,5.065184116363525,5.293498320425696,4.9806235240534855,5.285042059586337,1503000
2016-12-16,4.929886817932129,5.090552133499073,4.803045736882786,5.090552133499073,5534000
2016-12-19,4.955255508422852,5.005991863403968,4.862238656015784,4.9129750109969015,1173800
2016-12-20,4.904519081115723,4.929887056623831,4.760765875847441,4.828414348157997,752700
2016-12-21,4.786133289337158,4.912974361633311,4.701572708878607,4.9045185051957825,876100
2016-12-22,4.845327377319336,4.938344245844985,4.752310508793687,4.76922263005137,626700
2016-12-23,4.828414440155029,4.896062913754509,4.7776780849554195,4.896062913754509,893800
2016-12-28,5.158200740814209,5.225849211662916,4.8284142438184166,4.853782218778336,1191300
2016-12-29,5.504898548126221,5.614827087472031,5.073639036481337,5.158199606446039,2052000
2016-12-30,5.318865776062012,5.614828021795748,5.28504154244768,5.521811580964671,1092900
2017-01-03,5.479531764984131,5.513356002781457,5.200481601547834,5.344234813794828,876300
2017-01-04,5.4034271240234375,5.530268219618053,5.2850422896362685,5.496443981221719,1037000
2017-01-05,5.767038822174072,5.817775184436296,5.504900748877537,5.504900748877537,1942600
2017-01-06,5.665565490722656,5.9699840565671325,5.52181267109016,5.665565490722656,1732200
2017-01-09,5.6909332275390625,5.936159143470287,5.623284754622408,5.767037961178651,1446400
2017-01-10,5.876966953277588,5.936159572970792,5.716302020084254,5.7247578782022925,886400
2017-01-11,5.868509292602539,5.936157749635046,5.674019777025776,5.792404576832663,1107400
2017-01-12,5.79240608215332,5.969983529620483,5.750125987128629,5.969983529620483,877300
2017-01-13,5.868509292602539,5.876965148123297,5.674019777025776,5.733212378537524,574800
2017-01-16,5.834685325622559,5.902333785687367,5.809316951489941,5.893877526570952,204100
2017-01-17,5.826231002807617,5.902335747281646,5.716302420276727,5.826231002807617,1071000
2017-01-18,5.79240608215332,5.860054556766198,5.71630174982219,5.79240608215332,614500
2017-01-19,5.64865255355835,5.868510486872759,5.631740435858525,5.741669402515729,1245700
2017-01-20,5.581004619598389,5.682477335558041,5.513356142291953,5.640197238849884,1421100
2017-01-23,5.640196800231934,5.707845272277589,5.564092067572222,5.640196800231934,756300
2017-01-24,5.597916603088379,5.67402133981976,5.538724388489946,5.640197101987306,622800
2017-01-25,5.597916603088379,5.597916603088379,5.487987628524546,5.555636507406173,487900
2017-01-26,5.547180652618408,5.631741253392809,5.496444292153768,5.496444292153768,518900
2017-01-27,5.538723468780518,5.581003557442082,5.4964429769022995,5.538723468780518,772200
2017-01-30,5.521811008453369,5.597915324586648,5.504898893399682,5.564091094479273,715700
2017-01-31,5.437252044677734,5.614829520148998,5.420339923357461,5.614829520148998,1019400
2017-02-01,5.428795337677002,5.479531693713074,5.386514839371918,5.386514839371918,1127000
2017-02-02,5.454163551330566,5.504900312790289,5.369602954258917,5.487987790159226,794700
2017-02-03,5.53026819229126,5.555636572571521,5.386514978208806,5.420339216438005,603500
2017-02-06,5.944615364074707,6.003807575868956,5.581004219776541,5.581004219776541,1500600
2017-02-07,6.054543972015381,6.2659456515211325,5.969983380856421,5.969983380856421,1285000
2017-02-08,6.029176235198975,6.325138517592017,5.98689573633566,6.139105209670217,1372300
2017-02-09,5.876966953277588,6.0799127899280485,5.800862617348307,6.046088551022427,758300
2017-02-10,5.834685325622559,5.986894360768378,5.716300520509143,5.792404836473739,1404000
2017-02-13,5.9023356437683105,5.961528266567427,5.7839508013868315,5.817775042067254,513900
2017-02-14,5.961526870727539,6.037631192830944,5.8177736798859305,5.93615849454863,1056300
2017-02-15,5.860053539276123,6.00380672447676,5.834685567309331,5.919246145893045,1036300
2017-02-16,5.868509292602539,5.986894092409426,5.868509292602539,5.885421406860665,866800
2017-02-17,5.7839508056640625,5.978440391328695,5.7839508056640625,5.876967265995633,637600
2017-02-21,5.733213901519775,5.826230353040242,5.614828667048191,5.72475764053607,691800
2017-02-22,5.724757194519043,5.843142016550525,5.6571087247867675,5.750125572276989,785400
2017-02-23,5.572547912597656,5.927702767567361,5.386514225129398,5.800861690332942,1618800
2017-02-24,5.572547912597656,5.792405430349535,5.547179535864105,5.631740119614828,1037200
2017-02-27,5.327322483062744,5.665564847586274,5.208937252262805,5.538724162498302,2809900
2017-02-28,5.420338153839111,5.479530760744497,5.3019533432449855,5.378058065949532,1349800
2017-03-01,5.504898548126221,5.5810028594861505,5.285040663001393,5.386513346959036,1382200
2017-03-02,5.208937168121338,5.496443576538868,5.149744956894222,5.420338844142064,1285900
2017-03-03,5.487987041473389,5.547179652956696,5.0905520878474055,5.192024790490208,1993300
2017-03-06,5.352691650390625,5.513357010914398,5.208938411857944,5.50490115152725,1844700
2017-03-07,5.200481414794922,5.310410385296965,5.0990087050469,5.310410385296965,1646800
2017-03-08,5.344234466552734,5.420338795043472,5.158200767538278,5.158200767538278,1378000
2017-03-09,5.268129348754883,5.386514164677278,5.259673088866379,5.327321958324413,678100
2017-03-10,5.521811008453369,5.614827439640335,5.293497253620277,5.293497253620277,1300600
2017-03-13,5.843142509460449,5.936159364797293,5.564092346666639,5.6571092020034826,1425200
2017-03-14,5.631740570068359,6.003807571547905,5.589460476419569,5.83468639051934,1558000
2017-03-15,5.885425090789795,5.961529854196765,5.564094315534655,5.657111203785745,3580600
2017-03-16,6.029176235198975,6.08836844974755,5.893878880766399,5.98689573633566,1330200
2017-03-17,5.800861835479736,6.096824087621046,5.783949718306423,6.046087736101109,2827100
2017-03-20,6.0207200050354,6.0630005041156805,5.826230435056211,5.860054673033746,775500
2017-03-21,6.2490339279174805,6.426611382173711,5.944615780521139,5.995352138420529,1486400
2017-03-22,6.172928810119629,6.274401513054469,6.096824081310159,6.274401513054469,762500
2017-03-23,6.156016826629639,6.249033271397906,5.978439391029584,6.181384801305825,1717600
2017-03-24,6.215209484100342,6.333594315290017,6.130648890393431,6.164473127876195,831100
2017-03-27,6.418153762817383,6.460433847855712,6.215207983696897,6.426609618538401,932600
2017-03-28,6.3843302726745605,6.4266103626080575,6.240577079824008,6.418154505908024,1689000
2017-03-29,6.392786979675293,6.4266112174076975,6.308226385344281,6.367419002984349,546100
2017-03-30,6.375874996185303,6.409699234635883,6.308226519284142,6.3420507577347225,455000
2017-03-31,6.468891620635986,6.61264483048383,6.375874766637373,6.392786885253783,819400
2017-04-03,6.561907768249512,6.578819885045344,6.468890924264101,6.502715157855765,606000
2017-04-04,6.587276458740234,6.587276458740234,6.511171723268038,6.570364340103826,525800
2017-04-05,6.587276458740234,6.654924933285868,6.401243153739739,6.460435367358812,866600
2017-04-06,6.587276458740234,6.629556956939613,6.544995960540856,6.595732719666795,548600
2017-04-07,6.528083801269531,6.663381152735338,6.409698971551573,6.646469034204202,960100
2017-04-10,6.502716064453125,6.519628183606815,6.333594469699497,6.418155468684674,556000
2017-04-11,6.528083801269531,6.578820560079654,6.392786853020436,6.536540062143455,1032300
2017-04-12,6.477346897125244,6.544995365520807,6.350506220491904,6.477346897125244,1258100
2017-04-13,6.325138092041016,6.426610798625892,6.189841149927847,6.3927865630976,1088200
2017-04-17,6.2490339279174805,6.32513866637493,6.105280712260843,6.32513866637493,1591400
2017-04-18,6.375874996185303,6.426611353861173,5.9107911126647315,6.215209661936682,983100
2017-04-19,6.164471626281738,6.367417404959782,5.995350480063885,6.342049031418794,1667800
2017-04-20,6.156016826629639,6.2321211538748855,6.08836795332087,6.1644726837828046,655300
2017-04-21,6.215209484100342,6.2321216028417235,6.130648890393431,6.172929388855245,767100
2017-04-24,6.071457386016846,6.15601839843951,5.986896776810971,6.096825770387003,806700
2017-04-25,5.9023356437683105,6.071456847170424,5.724758178587715,6.003808365809578,2305900
2017-04-26,6.012263774871826,6.1560169789835575,5.809317956356235,5.843142192239385,2257600
2017-04-27,5.9784393310546875,6.054543657536466,5.851598249296146,6.0376315401831055,970800
2017-04-28,5.961526870727539,6.037631192830944,5.910790118369722,5.986894843689787,1048000
2017-05-01,5.919247627258301,5.969983987105934,5.75012642776619,5.8938792457261115,1345700
2017-05-02,6.0799126625061035,6.2067537573522324,5.9530715676599755,6.147561138899579,1215100
2017-05-03,6.063000679016113,6.122192895575967,5.978440081632941,6.071456537146064,1448800
2017-05-04,6.054543972015381,6.063000232739629,5.902334907929253,6.029175996276045,1529100
2017-05-05,6.172928810119629,6.198296784245,6.029175612686933,6.054543586812303,1025900
2017-05-08,6.223665714263916,6.232121571984381,6.10528048044369,6.223665714263916,903600
2017-05-09,6.451979160308838,6.451979160308838,6.122192259929993,6.189841134029518,1520600
2017-05-10,6.502716064453125,6.570364541067885,6.375874969192085,6.451979706992054,1321600
2017-05-11,6.638011932373047,6.671836165150192,6.494258741461849,6.502715001264465,836500
2017-05-12,6.756397724151611,6.790221961820159,6.671837129980241,6.680293391005737,1001100
2017-05-15,6.840959072113037,6.87478331151495,6.671837471886734,6.832502810654189,838900
2017-05-16,6.866326808929443,6.908607308305428,6.798678332501248,6.857870547767557,670900
2017-05-17,6.967798709869385,7.035447178397565,6.883238527425838,6.891693981166843,1255300
2017-05-18,6.908606052398682,6.95934199727988,6.790220836953713,6.917062312023316,1343800
2017-05-19,6.917063236236572,6.942431212066676,6.840958502312849,6.942431212066676,1348600
2017-05-23,6.824046611785889,6.917063875819417,6.714118034329771,6.917063875819417,2750800
2017-05-24,6.688748836517334,6.7733098286930495,6.401242834056662,6.7733098286930495,1944800
2017-05-25,6.663381099700928,6.714117454890524,6.578820507718269,6.67183695729084,763900
2017-05-26,6.621100902557373,6.7225736175412525,6.5957329254197665,6.7225736175412525,442700
2017-05-29,6.604188442230225,6.612644702983739,6.511171590025093,6.612644702983739,176200
2017-05-30,6.536540985107422,6.578821489013656,6.477348360282049,6.544996843958608,535600
2017-05-31,6.485803604125977,6.5703641954462775,6.460435225121534,6.536539958918157,760200
2017-06-01,6.3589630126953125,6.468891991614552,6.333594631707513,6.451979872028264,1169900
2017-06-02,6.435067653656006,6.451979772982673,6.299770295825942,6.4181555343293395,903000
2017-06-05,6.502716064453125,6.578820802253094,6.308226492577324,6.460435564960536,1293600
2017-06-06,6.638011932373047,6.6633803085642365,6.384330186544456,6.595731843009945,1249100
2017-06-07,6.7225728034973145,6.739484920613387,6.4858031638722995,6.629556360967255,1436500
2017-06-08,6.409699440002441,6.680293759493645,6.350507222425773,6.680293759493645,1076000
2017-06-09,6.198297023773193,6.384330722892868,6.156016930858136,6.384330722892868,834800
2017-06-12,6.299769401550293,6.358962012399381,6.113736115365075,6.20675296006602,981700
2017-06-13,6.215209484100342,6.29131422004492,6.172929388855245,6.29131422004492,707600
2017-06-14,5.860053539276123,6.299768951128084,5.7501249887256165,6.299768951128084,2196200
2017-06-15,5.885425090789795,5.953073590166275,5.8093203273828244,5.8346887162574355,1139500
2017-06-16,5.682475566864014,5.885421338832338,5.5810028824881535,5.834684996644408,35245000
2017-06-19,5.800861835479736,5.860054043977991,5.682476612049869,5.690932872244864,958700
2017-06-20,5.834685325622559,5.885421670671165,5.741668491425132,5.843141181522346,593000
2017-06-21,5.868509292602539,5.961526122630541,5.834685064086285,5.834685064086285,447800
2017-06-22,5.953070163726807,5.978438538000011,5.868509588177177,5.893877559233751,519400
2017-06-23,6.012263774871826,6.037631750175839,5.953071160467967,5.986895396351116,581600
2017-06-26,5.969982624053955,6.046087348057731,5.885422043614567,5.961526767618343,470200
2017-06-27,5.961526870727539,5.995351103488311,5.87696588560895,5.986894843689787,617900
2017-06-28,5.919247627258301,5.995352368638123,5.8600550058276895,5.995352368638123,669900
2017-06-29,5.953070163726807,5.969982278836733,5.800861127737472,5.893877559233751,1061700
2017-06-30,5.9868950843811035,6.046087695700505,5.8769661218807885,5.8769661218807885,587800
2017-07-04,5.758581161499023,5.953070704540107,5.758581161499023,5.944614847825277,260600
2017-07-05,5.927703857421875,5.936159715743289,5.741670135749867,5.758582255609437,587100
2017-07-06,5.927703857421875,5.944615977281445,5.834686996585871,5.893879214485993,844300
2017-07-07,5.851598262786865,5.91079047205175,5.817774028002164,5.885422497571566,478700
2017-07-10,5.91079044342041,5.953070938304825,5.775493504936972,5.775493504936972,570300
2017-07-11,5.826231002807617,5.902335747281646,5.792406761533996,5.902335747281646,349500
2017-07-12,5.758581161499023,5.910790211315958,5.750125304784194,5.885422237954803,309500
2017-07-13,5.62328577041626,5.775494861973877,5.60637364913208,5.750126881655997,418800
2017-07-14,5.606372833251953,5.72475766501299,5.606372833251953,5.690933427366979,524600
2017-07-17,5.6909332275390625,5.741669582226553,5.631740612128637,5.665564848586965,348700
2017-07-18,5.733213901519775,5.75858187803746,5.690933403034679,5.741669759286765,366800
2017-07-19,5.682475566864014,5.741668167691568,5.631739224676084,5.741668167691568,273400
2017-07-20,5.707846164703369,5.775494647325913,5.665565661455899,5.682477782111534,294300
2017-07-21,5.6909332275390625,5.775493818684881,5.674021109309899,5.724757463997389,242000
2017-07-24,5.589461326599121,5.783950915972971,5.564092943977853,5.7078461713259285,386800
2017-07-25,5.555636882781982,5.6148291013798355,5.53872476272306,5.606373242958748,415400
2017-07-26,5.640196800231934,5.682476893652119,5.5133557135379805,5.521811974152038,632700
2017-07-27,5.572547912597656,5.674020613098524,5.496443185613671,5.674020613098524,448000
2017-07-28,5.665565490722656,5.674021752404023,5.581004889992732,5.581004889992732,352800
2017-07-31,5.62328577041626,5.758582740689698,5.597917386881602,5.6740221342687995,499800
2017-08-01,5.7839508056640625,5.834687166722215,5.724758182821173,5.817775046369498,358000
2017-08-02,5.707846164703369,5.800863029917747,5.69938990276717,5.792406767981548,588600
2017-08-03,5.665565490722656,5.716302254377361,5.648653370576671,5.716302254377361,265600
2017-08-04,5.758581161499023,5.758581161499023,5.648652201689571,5.758581161499023,481700
2017-08-08,5.758581161499023,5.809317511438002,5.7078448115600455,5.758581161499023,322800
2017-08-09,5.716300964355469,5.809317402558596,5.707844704582461,5.809317402558596,420600
2017-08-10,5.817774772644043,5.826230630814178,5.7078457939151415,5.800862653087037,513400
2017-08-11,5.9023356437683105,5.919247764108522,5.76703868104662,5.809318780288771,287800
2017-08-14,5.851598262786865,5.919246732356267,5.809317767697647,5.868510380179216,347800
2017-08-15,5.927703857421875,5.953071835602858,5.716302157568885,5.792406495328576,464400
2017-08-16,5.9868950843811035,6.029175578640202,5.902334499079583,5.919246616139887,505300
2017-08-17,5.969982624053955,6.0291752319698535,5.86850992752669,6.0291752319698535,275000
2017-08-18,5.750126361846924,6.00380815817689,5.716302122336262,5.969983918666228,520900
2017-08-21,5.741669654846191,5.783950152562209,5.690933299516996,5.758581773289257,279900
2017-08-22,5.750126361846924,5.800862721112917,5.690933741094895,5.750126361846924,333900
2017-08-23,5.775493144989014,5.783949404725548,5.707844679963372,5.767037288469138,1310900
2017-08-24,5.893878936767578,5.919247316969951,5.750126126343213,5.750126126343213,205900
2017-08-25,5.91079044342041,5.944615081257952,5.851598234442247,5.8769662087995505,235200
2017-08-28,6.0207200050354,6.054544243012936,5.876966792022514,5.927703552205539,507200
2017-08-29,6.265946388244629,6.299770628685124,6.003808323222415,6.063000945601658,822700
2017-08-30,6.164471626281738,6.257488458309868,6.156015770579155,6.257488458309868,366900
2017-08-31,6.342050552368164,6.358962671045811,6.156017246914053,6.164473104644518,546300
2017-09-01,6.33359432220459,6.4096990582322535,6.299770084684899,6.384331081700844,528800
2017-09-05,6.519628047943115,6.519628047943115,6.3082263613125775,6.384331097528921,645000
2017-09-06,6.950887203216553,7.145376354426036,6.900150447090864,6.976255178062707,1682500
2017-09-07,7.3144989013671875,7.331411425389249,6.950888505661705,6.976256485261266,1011400
2017-09-08,7.424427509307861,7.432883770887331,7.196114091696614,7.356779029539085,1031400
2017-09-11,7.669652938842773,7.737301414102312,7.559723964937664,7.559723964937664,1084100
2017-09-12,7.7964959144592285,7.855688139936928,7.610462168971845,7.65274267564174,1129000
2017-09-13,7.602003574371338,7.85568573013794,7.542811367051356,7.821861496464615,825700
2017-09-14,7.661196231842041,7.70347591714248,7.602003220841478,7.602003220841478,724400
2017-09-15,7.534354209899902,7.737299587774892,7.50052998025407,7.6696511284832285,3064100
2017-09-18,7.466707229614258,7.602004174997215,7.390602496227992,7.500531465959996,618600
2017-09-19,7.602003574371338,7.635827808044662,7.492074613324699,7.492074613324699,548700
2017-09-20,7.551268577575684,7.720389767230024,7.534356055393528,7.610460792346342,627500
2017-09-21,7.475162982940674,7.652740413311286,7.449795009011544,7.475162982940674,366700
2017-09-22,7.695023059844971,7.695023059844971,7.47516507380744,7.525901035856976,404800
2017-09-25,7.762667179107666,7.9064203347528546,7.60200150800628,7.65273824794175,787000
2017-09-26,7.593548774719238,7.754214520391417,7.559724534540911,7.695022301687718,648900
2017-09-27,7.441339492797852,7.542812205091901,7.399058994400307,7.466707469263007,765900
2017-09-28,7.500533103942871,7.618918360222894,7.373692391554947,7.441340879019651,615400
2017-09-29,7.4328837394714355,7.525900197151986,7.424427477927707,7.525900197151986,414300
2017-10-02,7.5089874267578125,7.534355401395609,7.407514721773253,7.432882696411049,454100
2017-10-03,7.5089874267578125,7.551267922109723,7.458250671048845,7.534355401395609,437400
2017-10-04,7.602003574371338,7.602003574371338,7.517443393404699,7.5258988469980235,365900
2017-10-05,7.576635837554932,7.618916332576525,7.534355342533339,7.610460072285533,230100
2017-10-06,7.610462665557861,7.644286911814106,7.46670941736041,7.551270436217843,606600
2017-10-10,7.661196231842041,7.788036900609967,7.618915740108298,7.618915740108298,454200
2017-10-11,7.7964959144592285,7.7964959144592285,7.500533174203554,7.661198938262436,640400
2017-10-12,7.804949760437012,7.897967017207464,7.728845831852219,7.804949760437012,245500
2017-10-13,7.804949760437012,7.821862282189247,7.720389570976101,7.821862282189247,218500
2017-10-16,7.788039684295654,7.9064249421780195,7.695023214381106,7.821863928485817,447000
2017-10-17,7.745757579803467,7.796494338840503,7.67810910537637,7.7288458644134055,542300
2017-10-18,7.720390319824219,7.796495062224301,7.686566079472349,7.703477796431533,172400
2017-10-19,7.728845119476318,7.804949041046531,7.64428413137606,7.737300573139665,219800
2017-10-20,7.71193265914917,7.813405361797183,7.678108424933166,7.71193265914917,1135300
2017-10-23,7.644283294677734,7.779580215682662,7.5089863736728075,7.652739553848858,350300
2017-10-24,7.627372741699219,7.695021212480435,7.585092245852613,7.618916481243221,355100
2017-10-25,7.568179607391357,7.711932807177007,7.551267893175419,7.6020038422566065,570600
2017-10-26,7.449795722961426,7.593548126625216,7.432883201098963,7.568180150264951,252000
2017-10-27,7.331409931182861,7.500531104767426,7.170744211452499,7.4328826353336,502400
2017-10-30,7.542811393737793,7.585091887587372,7.3314097309232436,7.3314097309232436,312900
2017-10-31,7.4075140953063965,7.525898504559714,7.399057835664501,7.5174430513511235,236700
2017-11-01,6.739485263824463,7.365234435419036,6.714117288466818,7.348321914225008,1137200
2017-11-02,6.680293083190918,6.8494146669575855,6.654924704500072,6.77330993410175,510000
2017-11-03,6.671837329864502,6.714117829825245,6.5449962331990035,6.671837329864502,305400
2017-11-06,6.807135105133057,6.86632732484691,6.671837738894058,6.697206121069106,369500
2017-11-07,6.570364952087402,6.798678776553113,6.48580435102913,6.798678776553113,1069200
2017-11-08,6.561907768249512,6.612644118637007,6.443522547462018,6.604187858630756,467100
2017-11-09,6.502716064453125,6.595732921406784,6.468891826145744,6.578820802253094,332200
2017-11-10,6.451979160308838,6.528083488443678,6.418154924867422,6.51117137072297,244200
2017-11-13,6.418153762817383,6.485802221452005,6.418153762817383,6.451977992134694,863300
2017-11-14,6.3166823387146,6.4519796949074335,6.257490123395915,6.401243337541393,613400
2017-11-15,6.342050552368164,6.418155288025931,6.316682172743337,6.358962671045811,551100
2017-11-16,6.342050552368164,6.367418931992991,6.308226315012871,6.316682172743337,649200
2017-11-17,6.409699440002441,6.4435236795367485,6.333594699441878,6.375875200468133,1010200
2017-11-20,6.3505072593688965,6.418155738831047,6.333594736286615,6.3927873574243685,657100
2017-11-21,6.3843302726745605,6.477346712458252,6.375874012757862,6.375874012757862,1143200
2017-11-22,6.3843302726745605,6.418154505908024,6.350506039441098,6.392786129374594,1007300
2017-11-23,6.418153762817383,6.418153762817383,6.358961159903778,6.358961159903778,81600
2017-11-24,6.401242256164551,6.435066488694572,6.342049647628687,6.435066488694572,717100
2017-11-27,6.282857418060303,6.418154759557866,6.265945300775193,6.401242642272755,448600
2017-11-28,6.181385517120361,6.325138734321234,6.172929658987993,6.27440237587682,437000
2017-11-29,6.113736629486084,6.189841363660959,6.071456132007441,6.172929245312843,375100
2017-11-30,6.172928810119629,6.172928810119629,6.088367821123916,6.088367821123916,710900
2017-12-01,6.088367462158203,6.172928446168261,6.071455345999523,6.147560070321913,453400
2017-12-04,5.9868950843811035,6.096824046881418,5.9868950843811035,6.062999812760809,327800
2017-12-05,5.9868950843811035,6.071455669682623,5.944614993338681,5.944614993338681,556000
2017-12-06,5.9784393310546875,6.020719422829746,5.953070953416305,5.986895188123026,609600
2017-12-07,6.003807544708252,6.02917592335748,5.936159072599244,5.969983308653748,523000
2017-12-08,6.063000679016113,6.105280776099333,5.936159581332988,5.969983820286257,341900
2017-12-11,5.969982624053955,6.079911580233486,5.9361583918782,6.0291752319698535,438000
2017-12-12,5.953070163726807,5.978438538000011,5.902333818397029,5.953070163726807,248600
2017-12-13,6.029176235198975,6.096824710806902,5.919247260727732,5.961527759591047,874800
2017-12-14,6.003807544708252,6.063000159411984,5.986895426681,6.02917592335748,452800
2017-12-15,5.9868950843811035,6.020719318501711,5.919246616139887,6.020719318501711,2567300
2017-12-18,5.969982624053955,6.012263115881976,5.944614651530466,6.012263115881976,488700
2017-12-19,5.9868950843811035,6.029175578640202,5.919246616139887,5.9784392274592895,497900
2017-12-20,6.0207200050354,6.0630005041156805,5.961527790183075,6.003807886046633,1092100
2017-12-21,6.012263774871826,6.046088010754975,5.9784395389886775,6.00380751429269,677800
2017-12-22,6.130649089813232,6.189841708941866,5.9868958742270735,6.029176374064201,493100
2017-12-27,5.496444225311279,5.910791365675323,5.378059385666802,5.8938792457261115,1421800
2017-12-28,5.344234466552734,5.4879872662426585,5.310410230953142,5.4879872662426585,1221600
2017-12-29,5.445706844329834,5.53872368821712,5.3696021172205395,5.386514233998531,910500
2018-01-02,5.428795337677002,5.530268049749146,5.386514839371918,5.4879875514440615,1002900
2018-01-03,5.242762565612793,5.445708429230019,5.132833976170948,5.4034279233715345,1932700
2018-01-04,5.2343058586120605,5.251217977572975,5.14128900271867,5.225849597523243,755300
2018-01-05,5.141288757324219,5.2258493480927015,5.115920781702025,5.200481372470508,430300
2018-01-08,5.1159210205078125,5.175113235200429,5.07364052154161,5.149745258394085,881900
2018-01-09,5.01444673538208,5.132831943619739,5.01444673538208,5.107463569506919,792100
2018-01-10,5.01444673538208,5.073639339500909,4.989078764485886,5.056727224497905,549500
2018-01-11,5.183568477630615,5.192024333832119,5.014446918217478,5.014446918217478,849800
2018-01-12,5.310410022735596,5.352690113968967,5.234305294012178,5.28504164542223,637000
2018-01-15,5.487987041473389,5.513355418742428,5.437250690151988,5.462619067421027,570400
2018-01-16,5.56409215927124,5.606372656604928,5.513355804400838,5.555636301734526,859700
2018-01-17,5.420338153839111,5.589459715047365,5.411882297547854,5.555635483449044,436300
2018-01-18,5.259673595428467,5.420338919833816,5.251217737942239,5.420338919833816,442000
2018-01-19,5.208937168121338,5.327322397008967,5.192025050168348,5.318866136424123,400100
2018-01-22,5.1159210205078125,5.242761710972975,5.1074647594278835,5.234305853109768,461400
2018-01-23,5.428795337677002,5.445707456355692,4.989079848814329,5.090552560886473,992200
2018-01-24,5.496444225311279,5.597916945006546,5.420339483931457,5.496444225311279,1066400
2018-01-25,5.428795337677002,5.538724310696849,5.37805898164093,5.538724310696849,692300
2018-01-26,5.538723468780518,5.614827789657994,5.479530860794344,5.487986717239995,738100
2018-01-29,5.386514663696289,5.538724130057066,5.37805880624108,5.530267869385155,674700
2018-01-30,5.335779190063477,5.487988278331891,5.327323331212504,5.403427673738327,553800
2018-01-31,5.369604110717773,5.43725260294464,5.192026617013839,5.378060373854542,813300
2018-02-01,5.462618827819824,5.504899320341492,5.301953520740811,5.327321896897144,982700
2018-02-02,5.301953315734863,5.487986588560365,5.2596728248480185,5.411882269467346,369500
2018-02-05,5.437252044677734,5.589461539776976,5.259674569206471,5.259674569206471,892300
2018-02-06,5.166658401489258,5.411884376382598,5.124377894142074,5.369603869035414,570900
2018-02-07,5.217393398284912,5.3273223659467295,5.115920691158632,5.115920691158632,592300
2018-02-08,5.428795337677002,5.496443812391765,5.24276162899469,5.24276162899469,613300
2018-02-09,5.327322483062744,5.411883074193627,5.132832921853363,5.411883074193627,767700
2018-02-12,5.581004619598389,5.674021477503102,5.301954449100979,5.301954449100979,919300
2018-02-13,5.335779190063477,5.606373527979649,5.276586565239597,5.606373527979649,556500
2018-02-14,5.581004619598389,5.640197238849884,5.293498591046039,5.369602926407413,824500
2018-02-15,5.572547912597656,5.648652236364972,5.530267419113961,5.606372146097946,365700
2018-02-16,5.496444225311279,5.640197446487946,5.411883625565224,5.555636846741891,337500
2018-02-20,5.310410022735596,5.471074933925754,5.234305294012178,5.45416281678907,616800
2018-02-21,5.335779190063477,5.487988278331891,5.3104112102937915,5.369603431900902,481300
2018-02-22,5.378058433532715,5.547179603083531,5.335777939536674,5.352690056491755,346500
2018-02-23,5.682475566864014,5.826228738004784,5.538722798939848,5.606371255190421,631000
2018-02-26,5.767038822174072,5.792406801696802,5.6486535736787875,5.69938993594101,473600
2018-02-27,5.631740570068359,5.767037918107913,5.564092097656933,5.750125800005057,542900
2018-02-28,5.682475566864014,5.716300198205905,5.564090768425511,5.657107597378351,833100
2018-03-01,5.834685325622559,5.8769654115547505,5.555635226246908,5.555635226246908,662900
2018-03-02,5.775493144989014,6.122191729853755,5.733213055956317,5.860053726271066,511200
2018-03-05,5.817774772644043,5.834686892201048,5.6824774129712665,5.817774772644043,421200
2018-03-06,5.741669654846191,5.876966602390713,5.741669654846191,5.834686507891404,466800
2018-03-07,5.56409215927124,5.741669602926,5.538724183444392,5.724757484635865,384100
2018-03-08,5.555636882781982,5.589461122899826,5.4626200208495375,5.581004861261992,634700
2018-03-09,5.5133562088012695,5.5810046869237695,5.4795319697400195,5.5302683283318945,455900
2018-03-12,5.79240608215332,5.800862343088288,5.496443804113622,5.496443804113622,757800
2018-03-13,6.003807544708252,6.02917592335748,5.775493749732001,5.800862128381228,538700
2018-03-14,6.0799126625061035,6.088368520446926,5.9868958058567125,6.0038079249550815,455700
2018-03-15,6.105280876159668,6.172929758391647,6.00380815763681,6.046088658629704,487100
2018-03-16,6.156016826629639,6.156016826629639,6.062999978644684,6.0968242136907245,2981200
2018-03-19,6.147561073303223,6.2321216678927795,6.063000478713667,6.130648954385312,715300
2018-03-20,5.9868950843811035,6.172928775261124,5.9868950843811035,6.122192020863536,1071100
2018-03-21,6.063000679016113,6.079912798492748,5.927703723203037,6.01226432058621,830300
2018-03-22,6.046088218688965,6.105280431911835,6.003807720772591,6.037631957819006,538400
2018-03-23,6.181385517120361,6.206753897950936,6.088368658363903,6.130649158675948,687800
2018-03-26,6.2490339279174805,6.2744023084755405,6.189841711976556,6.22366595057615,721300
2018-03-27,6.105280876159668,6.23212197592161,6.063000778383514,6.206753997899266,707700
2018-03-28,6.189841270446777,6.20675338854021,6.054543922482617,6.07145604057605,501400
2018-03-29,6.2490339279174805,6.291314427775337,6.1391053540771665,6.2067538312763535,523100
2018-04-02,6.325138092041016,6.47734715191833,6.198297007201574,6.2574896209844315,663200
2018-04-03,6.122191905975342,6.2913134766213465,6.079911815726342,6.2913134766213465,622700
2018-04-04,6.291312217712402,6.3251364444299485,6.139103197483445,6.189839537559764,998100
2018-04-05,6.291312217712402,6.308224331071176,6.206751650918537,6.265943846065949,687500
2018-04-06,6.3166823387146,6.401243337541393,6.2997702195925855,6.3758749572500095,386500
2018-04-09,6.181385517120361,6.3420508538027045,6.181385517120361,6.333594592453602,358700
2018-04-10,6.181385517120361,6.3843313541147495,6.172929658987993,6.358962973284176,580600
2018-04-11,6.189841270446777,6.24903348216544,6.088368158669482,6.24903348216544,913400
2018-04-12,6.172928810119629,6.198296784245,6.12219205543553,6.139104575808015,557300
2018-04-13,6.451979160308838,6.494259253002261,6.198296991281525,6.232121226722941,877500
2018-04-16,6.544994354248047,6.578818986436232,6.418153697212967,6.468890040670321,476900
2018-04-17,6.697205066680908,6.7394851593605285,6.536539746778291,6.536539746778291,616400
2018-04-18,6.663381099700928,6.76485381008012,6.6041884837047125,6.76485381008012,624300
2018-04-19,6.705660820007324,6.731029197795296,6.595732258170607,6.688748702554238,658700
2018-04-20,6.621100902557373,6.697205640403646,6.587276664229414,6.671837260049313,481500
2018-04-23,6.587276458740234,6.66338119421243,6.528083841904447,6.604188577376643,510500
2018-04-24,6.790223598480225,6.9424331078927475,6.621102369373884,6.621102369373884,765200
2018-04-25,6.663381099700928,6.807134307679804,6.654924838894308,6.747941691683588,473300
2018-04-26,6.638011932373047,6.781765526500906,6.621099815984474,6.688748281538765,853700
2018-04-27,6.671837329864502,6.688749449205453,6.612645113779538,6.64646935246144,247600
2018-04-30,6.629556655883789,6.6633808916206085,6.536539805999187,6.629556655883789,866500
2018-05-01,6.731029510498047,6.925518668635559,6.688749013292767,6.849414741386147,1725800
2018-05-02,6.553452014923096,6.781766214143933,6.553452014923096,6.747941574720449,1114400
2018-05-03,6.680293083190918,6.72257317672006,6.544995735534243,6.629556729025928,1613300
2018-05-04,6.697205066680908,6.824045747936461,6.63801245306941,6.714117184396095,536700
2018-05-07,6.604188442230225,6.7986780041772965,6.604188442230225,6.76485376759665,358800
2018-05-08,6.587276458740234,6.63801281464946,6.485803746921782,6.604188577376643,449400
2018-05-09,6.451979160308838,6.621100337515918,6.43506704258813,6.578820244822494,479100
2018-05-10,6.3674187660217285,6.621100539574032,6.358962505294966,6.494259451189528,774000
2018-05-11,6.130649089813232,6.384331282402541,6.130649089813232,6.384331282402541,521200
2018-05-14,6.181385517120361,6.2659461145277175,6.1137370391944765,6.1560175395065215,698300
2018-05-15,6.215209484100342,6.274402101303537,6.113736771652048,6.13910515137248,428200
2018-05-16,6.156016826629639,6.249033271397906,6.139104709106618,6.2067531791986985,470100
2018-05-17,6.172928810119629,6.291313630210276,6.12219205543553,6.164472549933386,291300
2018-05-18,6.198297023773193,6.249033377201279,6.147560670345108,6.189841166476859,566700
2018-05-22,6.130649089813232,6.28285816343678,6.113736970521727,6.206753828233371,547000
2018-05-23,6.088367462158203,6.189840562326943,6.054543229840842,6.113735838004552,726700
2018-05-24,6.012263774871826,6.172929096925132,6.00380751429269,6.130648600462847,561800
2018-05-25,6.046088218688965,6.156017190698169,6.003807720772591,6.003807720772591,409800
2018-05-28,5.961526870727539,6.029175336249081,5.961526870727539,6.003806960070173,147400
2018-05-29,6.046088218688965,6.105280431911835,5.961527626072928,5.961527626072928,430200
2018-05-30,5.995351314544678,6.07991189942342,5.9530708204969685,6.062999782447672,559800
2018-05-31,5.758581161499023,5.9699828211864325,5.733213188137868,5.953070704540107,757000
2018-06-01,5.800861835479736,5.868510304172986,5.72475710659149,5.750125483959798,962300
2018-06-04,5.919247627258301,5.978440248688912,5.775494406081634,5.8346870275122455,453000
2018-06-05,5.809318542480469,5.944615902880426,5.7585821835367605,5.919247521800203,388300
2018-06-06,5.851598262786865,5.876966237267049,5.792405650305296,5.800861910609814,459500
2018-06-07,5.876966953277588,5.919247453517981,5.843142714371966,5.876966953277588,349500
2018-06-08,5.9023356437683105,5.978440386907639,5.885423523428099,5.885423523428099,206000
2018-06-11,5.969982624053955,6.079911580233486,5.919246275790322,5.919246275790322,319100
2018-06-12,6.037632465362549,6.164473566557646,5.961528127218886,5.961528127218886,426400
2018-06-13,5.860053539276123,6.029175099660197,5.860053539276123,6.029175099660197,636300
2018-06-14,5.868509292602539,5.927701894114287,5.800860835570031,5.876965148123297,467300
2018-06-15,5.9023356437683105,5.99535250724785,5.750126560706409,5.809318780288771,3076000
2018-06-18,5.9023356437683105,5.978440386907639,5.9023356437683105,5.927704025887005,301800
2018-06-19,5.969982624053955,5.986894740141833,5.885422043614567,5.885422043614567,420400
2018-06-20,5.961526870727539,6.088367541972102,5.910790118369722,5.978438987107925,489600
2018-06-21,5.961526870727539,5.986894843689787,5.9192463781682445,5.953070610929016,445900
2018-06-22,5.944615364074707,6.003807575868956,5.902334867178785,5.978439600304764,565500
2018-06-25,5.851598262786865,5.936158849748618,5.817774028002164,5.919246732356267,533300
2018-06-26,5.9784393310546875,6.0376315401831055,5.809317754304404,5.843141989011124,746300
2018-06-27,6.291312217712402,6.3674169294351755,5.986893774037899,5.986893774037899,1069400
2018-06-28,6.206753253936768,6.333593935278416,6.1137364048317595,6.249033346645087,614000
2018-06-29,6.181385517120361,6.325138734321234,6.164473397638891,6.198297636601833,661100
2018-07-03,6.291312217712402,6.333592299501041,6.096822712478218,6.113734825836992,629300
2018-07-04,6.3674187660217285,6.392786741768607,6.274401914110865,6.299769889857743,115700
2018-07-05,5.7839508056640625,6.105281092365701,5.767038685311345,6.003808370249394,755000
2018-07-06,5.437252044677734,5.6571100250580715,5.428796185625987,5.648653762789545,925100
2018-07-09,5.411883354187012,5.530268187895096,5.301954378421142,5.521812329952882,837900
2018-07-10,5.293498516082764,5.411883349692531,5.217393778582407,5.403427088540614,999600
2018-07-11,5.318865776062012,5.3442341528810955,5.2343051920261825,5.268129425640514,723700
2018-07-12,5.318865776062012,5.361146269688261,5.251217308833349,5.335777892869177,390600
2018-07-13,5.301953315734863,5.318865431446272,5.242760709136609,5.31040957519889,374700
2018-07-16,5.335779190063477,5.394971814887355,5.293499089375079,5.301954948226051,432200
2018-07-17,5.175113677978516,5.225850039148883,5.115921458221465,5.192025798368638,965600
2018-07-18,5.031359672546387,5.175112875170574,4.997535437013248,5.166657017895635,1150800
2018-07-19,5.022904872894287,5.099009620476812,4.99753648929452,5.005992751566701,911900
2018-07-20,5.056726932525635,5.073639046552144,4.9806222177980395,5.056726932525635,461400
2018-07-23,5.056726932525635,5.099007419200211,5.005990590446106,5.039814818499125,495700
2018-07-24,5.022904872894287,5.0736412368770445,4.99753648929452,5.056729115549459,657800
2018-07-25,4.938343524932861,5.073640475243334,4.870695049777625,5.031359976662952,1056200
2018-07-26,4.938343524932861,5.0059920000880975,4.853782527772098,4.870695049777625,729900
2018-07-27,4.938343524932861,4.989079881299288,4.887607168566434,4.946799382718907,521000
2018-07-30,4.929886817932129,5.031359521484931,4.912974700673328,4.946798935190929,364700
2018-07-31,4.997535228729248,5.132832568439663,4.896062526358944,4.929886760482378,1101900
2018-08-01,5.005992412567139,5.225849974937272,4.972168172202503,4.980624030685286,849700
2018-08-02,4.946799278259277,5.056728249673569,4.938343420651791,4.997535633554325,499800
2018-08-03,4.912974834442139,5.02290380122579,4.879150599003583,4.929886952161416,439500
2018-08-07,4.853782653808594,4.9637116303986994,4.819958415352674,4.955255772393083,648600
2018-08-08,4.972167015075684,5.048271336576678,4.8030454493938635,4.853781798133412,692500
2018-08-09,4.938343524932861,5.0059920000880975,4.912975145141289,4.972167762510479,902100
2018-08-10,5.005992412567139,5.099009275178263,4.94679979032065,4.94679979032065,574500
2018-08-13,4.972167015075684,4.997534987837129,4.887606433843102,4.980622871590613,917500
2018-08-14,4.853782653808594,5.005992130076964,4.819958415352674,4.9721678916210434,705200
2018-08-15,4.693117141723633,4.921430924643251,4.633924530145703,4.803045701487391,1310900
2018-08-16,4.710029602050781,4.777678075516614,4.633924867793365,4.718485459625656,815800
2018-08-17,4.845327377319336,4.9806243473808065,4.633925659989901,4.735398387536003,936100
2018-08-20,4.828414440155029,4.9214312929626685,4.75230970574726,4.879150795354639,916200
2018-08-21,4.853782653808594,4.896063153486859,4.726941961207256,4.845326795802978,696200
2018-08-22,4.786133289337158,4.87915012944989,4.769221173245448,4.87915012944989,360400
2018-08-23,4.7184858322143555,4.786134311021957,4.633925233704853,4.786134311021957,952800
2018-08-24,4.862238883972168,4.9721678598600745,4.7100298118928,4.735397788964332,537000
2018-08-27,4.853782653808594,4.912975272714819,4.828414676575018,4.896063153486859,335600
2018-08-28,4.693117141723633,4.870694573240744,4.650836647279872,4.870694573240744,579800
2018-08-29,4.642381191253662,4.710030074725096,4.574732710998976,4.693117954661425,563400
2018-08-30,4.642381191253662,4.676205834597753,4.583188972639186,4.642381191253662,717700
2018-08-31,4.7184858322143555,4.7184858322143555,4.633925233704853,4.650837353406754,482600
2018-09-04,4.591644763946533,4.693117886062076,4.549364666013737,4.67620576624561,781100
2018-09-05,4.439434051513672,4.608555187427555,4.388697710739507,4.600099332240157,1318100
2018-09-06,4.456347942352295,4.532452685473362,4.414067439903535,4.4478920837925955,671200
2018-09-07,4.439434051513672,4.4732582786964485,4.3802414523355155,4.439434051513672,771500
2018-09-10,4.456347942352295,4.490172183024601,4.397155319567381,4.430979560239688,746200
2018-09-11,4.278769493103027,4.4817152936763565,4.278769493103027,4.4394348009520535,854200
2018-09-12,4.329505920410156,4.422522764148722,4.244945336655401,4.2872258301411135,994700
2018-09-13,4.278769493103027,4.422522684505664,4.219576883932334,4.371786335166497,766500
2018-09-14,4.388700008392334,4.430980112897765,4.287227273719134,4.321051518610201,586600
2018-09-17,4.633924961090088,4.862238765242365,4.439435394351725,4.693117578172796,906400
2018-09-18,4.557819843292236,4.659292950245847,4.490171374134284,4.659292950245847,407000
2018-09-19,4.650837421417236,4.693117922898637,4.50708420024057,4.566276821671181,546600
2018-09-20,4.583188056945801,4.6846607570541945,4.532451706891604,4.6846607570541945,331100
2018-09-21,4.39715576171875,4.60855748878632,4.304139292125111,4.532453141229416,4783500
2018-09-24,4.5662760734558105,4.6254682819706305,4.388698641477991,4.414066615636719,406500
2018-09-25,4.650837421417236,4.676205802949426,4.566276821671181,4.600101061569603,378000
2018-09-26,4.701573371887207,4.735397608840469,4.557820163227489,4.633924897980683,879000
2018-09-27,4.4309797286987305,4.693118208700339,4.4309797286987305,4.693118208700339,703300
2018-09-28,4.354874134063721,4.532451554907127,4.354874134063721,4.464803090436621,638500
2018-10-01,4.3464179039001465,4.447891004511361,4.337962047392262,4.3886983960895405,475300
2018-10-02,4.473258018493652,4.523994356316559,4.337961117632566,4.371785342847837,573300
2018-10-03,4.40561056137085,4.523995376315845,4.3717863285294225,4.481715286872392,369900
2018-10-04,4.507084846496582,4.583189598788814,4.414067971830167,4.42252423462566,441600
2018-10-05,4.354874134063721,4.566275787142381,4.3379620179460945,4.523995295239987,403000
2018-10-09,4.177297115325928,4.397154646018507,4.177297115325928,4.371786671008479,452900
2018-10-10,4.295681953430176,4.354874567339394,4.135016632719464,4.202665103920459,837500
2018-10-11,4.39715576171875,4.414067883755484,4.219578278724647,4.346419395608549,1451200
2018-10-12,4.557819843292236,4.591644077871212,4.405610787686842,4.405610787686842,843700
2018-10-15,4.481715202331543,4.659292623007635,4.439434710468986,4.574731639282522,581700
2018-10-16,4.40561056137085,4.532451636134533,4.388698444950136,4.490171143474418,443400
2018-10-17,4.38024377822876,4.447892671732219,4.35487579597967,4.414068023372085,397100
2018-10-18,4.422523498535156,4.617013075075583,4.422523498535156,4.447891879482489,698600
2018-10-19,4.498627185821533,4.540907273221093,4.447890839012077,4.532451417027837,352800
2018-10-22,4.490172386169434,4.51554076942976,4.4140676396052285,4.507084507270727,234500
2018-10-23,4.617012023925781,4.650836255343677,4.507083070209299,4.6000999082168335,606300
2018-10-24,4.498627185821533,4.617011995043598,4.464802954615229,4.6085557356337015,299100
2018-10-25,4.202665328979492,4.617012842099563,4.160385233823054,4.498628011158136,709500
2018-10-26,4.160386562347412,4.337964067073229,4.135018174579362,4.228035058773086,516100
2018-10-29,4.1519293785095215,4.2280341217300235,4.101193017434772,4.1519293785095215,355700
2018-10-30,4.185751914978027,4.194208173322526,4.0250870385984685,4.13501557456081,472700
2018-10-31,4.3464179039001465,4.583187934370772,4.228033090273161,4.253401466230129,857500
2018-11-01,4.819958209991455,4.921431324252537,4.388698986444521,4.388698986444521,967700
2018-11-02,4.7184858322143555,5.014448128605983,4.650837353406754,4.997536008904083,565200
2018-11-05,4.7269415855407715,4.845326410728039,4.7015732071065806,4.718485324990476,537600
2018-11-06,4.515540599822998,4.718486045415747,4.4986284793569356,4.718486045415747,291800
2018-11-07,4.414067268371582,4.591644726608856,4.40561141014048,4.532452509340924,394600
2018-11-08,4.439434051513672,4.5239946194706135,4.363329338744127,4.4225219379222835,351600
2018-11-09,4.337962627410889,4.40561110138571,4.270314153436067,4.40561110138571,321900
2018-11-12,4.168841361999512,4.3633309413424275,4.168841361999512,4.312594581933416,723700
2018-11-13,4.1350178718566895,4.211122626372402,4.126562012030952,4.18575424046156,726300
2018-11-14,4.219577789306641,4.304138792899091,4.084280828705517,4.126561330501742,450600
2018-11-15,4.219577789306641,4.278770411178006,4.1857535491563596,4.228034050952585,469400
2018-11-16,4.253402233123779,4.2956823297196705,4.211121733311159,4.278770210437968,533300
2018-11-19,4.363330364227295,4.414066716925672,4.261857658830541,4.270313919221948,372800
2018-11-20,4.4309797286987305,4.439435990796678,4.2872269019845435,4.3886996278593005,392400
2018-11-21,4.693117141723633,4.7353972329507155,4.430978721319,4.430978721319,780500
2018-11-22,4.777678489685059,4.786134347992958,4.693117890522359,4.693117890522359,113500
2018-11-23,4.684662342071533,4.7607670945105856,4.684662342071533,4.726942849696963,220100
2018-11-26,4.515540599822998,4.718486045415747,4.515540599822998,4.701573924949685,327000
2018-11-27,4.507084846496582,4.532453231666261,4.354875745128923,4.507084846496582,341000
2018-11-28,4.684662342071533,4.710030727290151,4.498628995596611,4.557821222412048,413300
2018-11-29,4.591644763946533,4.803046463260739,4.58318890564667,4.693117886062076,294300
2018-11-30,4.5662760734558105,4.5916440476145395,4.44789125320949,4.5662760734558105,339000
2018-12-03,4.523996353149414,4.710030077162831,4.498628374649151,4.6085569535115365,681200
2018-12-04,4.625469207763672,4.642381328326698,4.464804264023302,4.54090860494854,501500
2018-12-05,4.760765075683594,4.760765075683594,4.5747314048804055,4.6085556353506885,207200
2018-12-06,4.786133289337158,4.9045185051957825,4.7100289685327885,4.735396941062027,554400
2018-12-07,4.828414440155029,4.85378241614648,4.68466123214778,4.811502321755159,469300
2018-12-10,4.845327377319336,4.963712226123122,4.786134751309055,4.786134751309055,355700
2018-12-11,4.7184858322143555,4.862239051288879,4.633925233704853,4.862239051288879,404900
2018-12-12,4.7184858322143555,4.769222191320057,4.667749473108654,4.7184858322143555,523900
2018-12-13,4.574732303619385,4.718485512967753,4.498627971718323,4.718485512967753,698100
2018-12-14,4.490172386169434,4.642381476081072,4.490172386169434,4.557820870574607,770700
2018-12-17,4.684662342071533,4.718486586885155,4.498628995596611,4.549365362817044,1637800
2018-12-18,4.904519081115723,4.94679917470147,4.5155399621133245,4.659293167381607,1533100
2018-12-19,4.625469207763672,5.065184745619115,4.625469207763672,4.896063539988853,611400
2018-12-20,4.803045272827148,4.845325763497478,4.659292491624643,4.718484694703133,935400
2018-12-21,4.752309799194336,4.912975128760699,4.701573442997072,4.7776781789013265,3491500
2018-12-24,4.980624198913574,5.022904702405834,4.74385450836386,4.769222487885804,524000
2018-12-27,4.904519081115723,5.12437661612503,4.828414348157997,4.938343317271001,569000
2018-12-28,4.887606143951416,4.955254604925144,4.828413538991088,4.879149884721383,510900
2018-12-31,4.955255508422852,4.963711365978018,4.73539756695464,4.92988712932394,546400
2019-01-02,4.997535228729248,5.0482715799144,4.836869915034595,4.938343020621575,556200
2019-01-03,5.090551376342773,5.090551376342773,4.921430228909441,5.014446658389463,303000
2019-01-04,4.938343524932861,5.107464712820952,4.921431406144052,5.039816237665716,643100
2019-01-07,5.031359672546387,5.234305488961914,4.989079579738309,5.056728050804587,514500
2019-01-08,4.997535228729248,5.090552074177031,4.929886760482378,5.014447345790965,447700
2019-01-09,5.031359672546387,5.0398159330380174,4.938343226438601,5.005991697504879,480300
2019-01-10,4.786133289337158,5.0482712903669915,4.769221173245448,5.022903317837753,557100
2019-01-11,4.904519081115723,5.005991789581557,4.819958087510827,4.862238584313275,432200
2019-01-14,4.912974834442139,4.972167448067957,4.87069474175229,4.912974834442139,337000
2019-01-15,4.904519081115723,4.929887056623831,4.8368702055884665,4.912974938546192,458000
2019-01-16,5.242762565612793,5.361147820729836,5.073641348612426,5.1497460978709855,718900
2019-01-17,5.251216888427734,5.301953234787345,5.2004805420681235,5.251216888427734,306300
2019-01-18,5.175113677978516,5.20893791875876,5.132833578611588,5.192025798368638,601900
2019-01-21,5.2343058586120605,5.2343058586120605,5.149745263807488,5.192025359601414,85000
2019-01-22,5.454163551330566,5.462619812646097,5.149745401872627,5.242761857043075,602800
2019-01-23,5.479531764984131,5.496443883882794,5.301954314939811,5.445707527186806,484800
2019-01-24,5.631740570068359,5.674021066933851,5.420338892174302,5.462619389039793,602500
2019-01-25,5.775493144989014,5.8769658425274764,5.623284098681321,5.674020447450552,676600
2019-01-28,5.817774772644043,5.876966989485192,5.665565293414261,5.775494272143162,490600
2019-01-29,5.7839508056640625,5.860055145642915,5.724758182821173,5.843143025290197,630200
2019-01-30,5.640196800231934,5.7924058623346575,5.62328468222052,5.775493744323244,817100
2019-01-31,5.631740570068359,5.724757421242421,5.572548358316712,5.690933185036708,1547400
2019-02-01,5.707846164703369,5.75012666795084,5.631741420144627,5.640197682080826,881800
2019-02-04,5.775493144989014,5.851597869751189,5.6655641877140175,5.674020447450552,671900
2019-02-05,5.927703857421875,5.927703857421875,5.6486532749138645,5.750126397288024,673300
2019-02-06,5.876966953277588,6.046088551022427,5.8262305949191555,5.919247453517981,821600
2019-02-07,5.733213901519775,5.885422970276034,5.699389260801668,5.868510851525339,739800
2019-02-08,5.800861835479736,5.834686069826361,5.72475710659149,5.750125483959798,351400
2019-02-11,5.7839508056640625,5.876967265995633,5.716302324253191,5.767038685311345,277200
2019-02-12,5.631740570068359,5.792405893653847,5.589460476419569,5.78395003621077,359200
2019-02-13,5.606372833251953,5.7501260448558575,5.589460714428948,5.589460714428948,297600
2019-02-14,5.606372833251953,5.674021308543974,5.589460714428948,5.606372833251953,300900
2019-02-15,5.758581161499023,5.817773771369498,5.631740085043245,5.648652201689571,290400
2019-02-19,5.868509292602539,6.088366777958187,5.834685064086285,5.843140919607044,700300
2019-02-20,5.817774772644043,5.919247489986073,5.800862653087037,5.885423250872063,493300
2019-02-21,5.9023356437683105,5.910791502330039,5.724758178587715,5.7924066599485595,582500
2019-02-22,5.826231002807617,5.9446162504820546,5.817775144097593,5.9192478679184575,414900
2019-02-25,5.6993889808654785,5.9023347991224755,5.6993889808654785,5.826230066874015,634600
2019-02-26,5.62328577041626,5.707846376837159,5.60637364913208,5.665565872018321,451800
2019-02-27,5.860053539276123,5.902334030176303,5.597915544058286,5.606371803524979,961700
2019-02-28,5.800861835479736,5.868510304172986,5.767037601133111,5.834686069826361,862800
2019-03-01,5.597916603088379,5.809318291149572,5.597916603088379,5.758581934400892,653800
2019-03-04,5.555636882781982,5.606373242958748,5.454163759211702,5.597916981320913,766800
2019-03-05,5.538723468780518,5.5894598171043866,5.471074601132039,5.504899236564605,744800
2019-03-06,5.394970893859863,5.564092074174684,5.378058775828381,5.504899862672846,925000
2019-03-07,5.6993889808654785,5.733213619922226,5.403426715656693,5.403426715656693,501000
2019-03-08,5.91079044342041,5.944615081257952,5.682476658121267,5.7416692703161125,607300
2019-03-11,5.834685325622559,5.961526389852389,5.800861095590154,5.91924590070357,703900
2019-03-12,6.130649089813232,6.130649089813232,5.843142658640914,5.843142658640914,708900
2019-03-13,6.156016826629639,6.1644726837828046,6.046087861121664,6.130648448736765,557800
2019-03-14,5.995351314544678,6.130648250350666,5.978439197568929,6.07991189942342,321200
2019-03-15,6.046088218688965,6.046088218688965,5.9023350096333465,6.029176100165757,2115100
2019-03-18,5.893878936767578,6.037632150408667,5.809318341454209,6.037632150408667,763900
2019-03-19,5.9784393310546875,6.020719422829746,5.902334601356226,5.936158836062946,805600
2019-03-20,6.105280876159668,6.105280876159668,5.893879177628676,5.9699839181291905,577900
2019-03-21,6.122191905975342,6.215208749669811,6.020719205517739,6.139104425934944,983100
2019-03-22,6.291312217712402,6.3251364444299485,6.139103197483445,6.139103197483445,419300
2019-03-25,6.3166823387146,6.409699195494037,6.274402242517929,6.2997702195925855,398600
2019-03-26,6.232120990753174,6.350506213532347,6.223665133821334,6.316681576154957,520100
2019-03-27,6.291312217712402,6.392784897865041,6.240575877636084,6.2828559594247215,489500
2019-03-28,5.995351314544678,6.232120952205158,5.986895054448466,6.232120952205158,488400
2019-03-29,5.927703857421875,6.09682505601757,5.927703857421875,6.0291765765792915,366700
2019-04-01,5.834685325622559,5.91924590070357,5.826229066506143,5.91924590070357,590300
2019-04-02,5.826231002807617,5.885423626644836,5.792406761533996,5.826231002807617,242200
2019-04-03,5.826231002807617,5.868511506008025,5.792406761533996,5.834687264734403,274800
2019-04-04,6.0799126625061035,6.0799126625061035,5.7332140193811805,5.792406234617109,231800
2019-04-05,6.0207200050354,6.0630005041156805,5.953071529080329,6.0630005041156805,257500
2019-04-08,6.105280876159668,6.122192995913477,5.9953522993682755,6.00380815763681,218600
2019-04-09,6.232120990753174,6.2997694590746,6.079911937029966,6.122192028122519,505800
2019-04-10,6.181385517120361,6.333594592453602,6.181385517120361,6.232121875564775,511600
2019-04-11,6.122191905975342,6.156016542677878,6.071455555746541,6.139104425934944,226500
2019-04-12,6.0207200050354,6.206753717128567,5.969983648069097,6.147561099059519,238800
2019-04-15,6.046088218688965,6.1221925504350425,5.953071365202969,5.953071365202969,213900
2019-04-16,5.936159133911133,6.003807606718851,5.868510661103414,6.003807606718851,447600
2019-04-17,5.9784393310546875,6.020719422829746,5.927702978994607,5.944615096347968,426200
2019-04-18,5.953070163726807,6.062999113549641,5.893877559233751,5.953070163726807,277800
2019-04-22,5.665565490722656,5.953071936421147,5.640197512112054,5.953071936421147,461900
2019-04-23,5.589461326599121,5.699389909379918,5.564092943977853,5.6401976886248955,447700
2019-04-24,5.758581161499023,5.876965978023306,5.589459995035763,5.589459995035763,279000
2019-04-25,5.682475566864014,5.860052966130071,5.5810028824881535,5.783948654456478,330000
2019-04-26,5.758581161499023,5.834685888015824,5.7078448115600455,5.7078448115600455,270800
2019-04-29,5.733213901519775,5.775493996788156,5.631740785798886,5.750126020270471,614700
2019-04-30,5.767038822174072,5.83468730519037,5.724758318680504,5.733214580665924,259400
2019-05-01,6.147561073303223,6.249033786810691,5.97843988412411,6.0207199798105275,858100
2019-05-02,6.088367462158203,6.189840562326943,6.054543229840842,6.122191694475565,457400
2019-05-03,6.113736629486084,6.274401955401537,6.046088156093622,6.122192487051788,503000
2019-05-06,6.156016826629639,6.249033271397906,6.10528007084389,6.10528007084389,462800
2019-05-07,6.257491111755371,6.2744032335486235,6.164474240284086,6.172930502789107,522100
2019-05-08,6.2490339279174805,6.35050704693299,6.215209689317887,6.282858166517074,487800
2019-05-09,6.257491111755371,6.350507983226656,6.156018380995854,6.24903484925035,419700
2019-05-10,6.308225631713867,6.468890943356803,6.28285725483691,6.28285725483691,672600
2019-05-13,6.553452014923096,6.587276251129879,6.282857722052129,6.426610927539309,708900
2019-05-14,6.553452014923096,6.5788203936865335,6.468891424406138,6.5449957542630495,273000
2019-05-15,6.544994354248047,6.663379558865158,6.511170125276477,6.595731100922017,493700
2019-05-16,6.3589630126953125,6.5534525895459925,6.299770392534937,6.5365404699597045,338900
2019-05-17,6.401242256164551,6.468890721224592,6.350505907369521,6.350505907369521,774300
2019-05-21,6.418153762817383,6.536538565427971,6.325136930586467,6.384329533500071,584700
2019-05-22,6.443524360656738,6.502716987707171,6.3927879959921325,6.451980623042565,437300
2019-05-23,6.375874996185303,6.5365403304339225,6.316682377288423,6.4858039727580525,464000
2019-05-24,6.308225631713867,6.451978826511056,6.28285725483691,6.409698332788351,302500
2019-05-27,6.308225631713867,6.384330359128066,6.308225631713867,6.342049865405362,114600
2019-05-28,6.189841270446777,6.282857718352305,6.1560170342599125,6.282857718352305,1053500
2019-05-29,6.232120990753174,6.350506213532347,6.215208873672817,6.257489367982047,1597900
2019-05-30,6.3589630126953125,6.418155632855688,6.249034033776073,6.257490295177585,558200
2019-05-31,6.544994354248047,6.587274842070817,6.426609552847552,6.435065811698752,773700
2019-06-03,6.857870101928711,6.933974834571128,6.756397393883287,6.790221629898428,1546000
2019-06-04,6.933975696563721,6.9677999367837,6.773310757127193,6.773310757127193,988000
2019-06-05,6.993168830871582,7.136921249223997,6.925519542942755,6.933975804738047,777600
2019-06-06,6.976256847381592,7.0185373531978925,6.9255200791153175,7.010081090747917,520600
2019-06-07,6.891693592071533,7.111551505591928,6.849413906453489,7.0016225488317305,574500
2019-06-10,6.840959072113037,6.883239572973798,6.722573830989603,6.798678571252276,545700
2019-06-11,6.967798709869385,7.018535464482198,6.824045512638663,6.824045512638663,362800
2019-06-12,7.026992321014404,7.086184534391672,6.866326589799785,6.976255562095728,717000
2019-06-13,7.060817718505859,7.086185698917394,7.010080951249232,7.043905193942464,490500
2019-06-14,7.179201602935791,7.246850083028695,7.077728882796435,7.1030968612229,702400
2019-06-17,7.449795722961426,7.525899652042223,7.187657279127253,7.187657279127253,855300
2019-06-18,7.415971755981445,7.585092948603382,7.314498233974825,7.559724164884998,746300
2019-06-19,7.466707229614258,7.508987726654783,7.390602496227992,7.390602496227992,509600
2019-06-20,7.661196231842041,7.788036900609967,7.458250032806732,7.602003220841478,955300
2019-06-21,7.68656587600708,7.779582332904179,7.5089884172519055,7.695022137479584,2102200
2019-06-24,7.737301349639893,7.948703034673041,7.6865653968346574,7.720389634182624,1016000
2019-06-25,7.8895111083984375,8.050176846480648,7.762670415330131,7.788038392657101,1131100
2019-06-26,8.109368324279785,8.126280038813988,7.8218619192978736,7.914878365319451,760200
2019-06-27,7.627372741699219,8.067087801777122,7.602003960331225,8.041719826842511,1210800
2019-06-28,7.7964959144592285,7.830320158508426,7.67811065707024,7.67811065707024,1324300
2019-07-02,7.9909820556640625,8.067086777235776,7.500530301572226,7.61891551362081,1024100
2019-07-03,7.999438285827637,8.143191469063964,7.940246083236189,8.050175035501221,484600
2019-07-04,7.974072456359863,8.075545176533351,7.9656161947370325,8.007896696417694,204600
2019-07-05,7.864143371582031,7.965616090426727,7.771126107815947,7.830319131967133,586900
2019-07-08,7.813406467437744,7.931791707162607,7.804950206078796,7.864143229157962,502300
2019-07-09,7.974072456359863,7.999440434794862,7.788038732825054,7.788038732825054,403800
2019-07-10,8.270035743713379,8.329228778577617,8.024809760514763,8.058634006251344,1047900
2019-07-11,8.320773124694824,8.371509093797236,8.219300380056312,8.286948876481986,888200
2019-07-12,8.24466609954834,8.31231457738893,8.210841860628044,8.270034077130195,561600
2019-07-15,8.39687442779541,8.439154115829675,8.23620871010512,8.23620871010512,368500
2019-07-16,8.405330657958984,8.498347915666608,8.31231420668479,8.388418942469782,397000
2019-07-17,8.743574142456055,8.752030403711329,8.430699733912027,8.430699733912027,548200
2019-07-18,8.997254371643066,9.014166084029577,8.582906531324234,8.709748003172837,1095900
2019-07-19,9.19174575805664,9.2255699975742,8.895783863886368,8.895783863886368,1369400
2019-07-22,9.327041625976562,9.360865861540725,8.929607059706006,9.21711265878469,1412800
2019-07-23,9.107184410095215,9.310129821520723,8.980342923129237,9.225568830210072,976000
2019-07-24,9.301674842834473,9.377779584214295,9.132553643342362,9.166377883240784,861800
2019-07-25,9.107184410095215,9.403146266815737,9.107184410095215,9.310129821520723,526000
2019-07-26,9.124096870422363,9.242482106648984,9.0733601102014,9.124096870422363,407300
2019-07-29,9.225569725036621,9.276306486030858,9.039536009969028,9.132553270719553,835500
2019-07-30,9.394691467285156,9.428515707782456,9.191746024301358,9.24248278826406,633400
2019-07-31,8.91269588470459,9.335499296325175,8.887327905808737,9.293218793876415,1264600
2019-08-01,9.267849922180176,9.318586681517763,8.5152596316788,8.70974960163388,1065700
2019-08-02,9.14946460723877,9.386235073479272,9.056448156780059,9.217113081469364,751100
2019-08-06,9.428513526916504,9.496161992263648,8.971885982606615,9.20020015797822,992400
2019-08-07,9.927422523498535,10.113456224406304,9.648372375353578,9.648372375353578,1498400
2019-08-08,10.1472806930542,10.18110492977371,9.623004620685075,9.876686799298113,928900
2019-08-09,9.986614227294922,10.282576051255651,9.944333736319592,10.189559616256558,992100
2019-08-12,10.071175575256348,10.16419282751741,9.961246608496337,10.071175575256348,792100
2019-08-13,9.665284156799316,10.274120357190348,9.546898936839948,10.198016436966471,1854000
2019-08-14,9.885143280029297,10.172649725213697,9.775215104102084,9.775215104102084,1094700
2019-08-15,10.062719345092773,10.121912362100806,9.732933250253016,9.851317671402308,703900
2019-08-16,10.054262161254883,10.138822332322931,9.910508983362627,10.054262161254883,1066500
2019-08-19,9.809038162231445,10.003527318515944,9.504619230400541,9.90205461005011,793900
2019-08-20,10.054262161254883,10.113454361645841,9.8597722355752,9.8597722355752,537900
2019-08-21,10.071175575256348,10.198017062948692,9.969702868962502,10.045807600291232,799300
2019-08-22,9.910511016845703,10.11345643677017,9.893598495301958,10.028895441918268,555100
2019-08-23,10.155738830566406,10.257211559476534,10.130370043513702,10.248755297125632,1365600
2019-08-26,10.011984825134277,10.265667031085798,9.927423821005936,10.189562288656992,1165400
2019-08-27,10.781484603881836,10.806852577148462,10.037350667783091,10.045806927683076,1057700
2019-08-28,10.722293853759766,10.891415042562999,10.519347620762444,10.781486068232537,787400
2019-08-29,10.181102752685547,10.688467001418788,10.113454293712214,10.688467001418788,1172900
2019-08-30,10.240296363830566,10.341769066273889,10.062718932946414,10.172647895535018,628900
2019-09-03,10.350227355957031,10.561629062441938,10.307946853373346,10.384051596737276,761500
2019-09-04,10.620820045471191,10.637731759391196,10.282576896304155,10.375594145380933,771600
2019-09-05,9.631460189819336,10.417873838682414,9.614547669457394,10.409418384934801,1059500
2019-09-06,9.403146743774414,10.003527554519877,9.403146743774414,9.631460948033997,847600
2019-09-09,9.157920837402344,9.453883515993343,9.03108015025387,9.411603018132713,879400
2019-09-10,8.954977989196777,9.234028226273704,8.878873232460588,8.878873232460588,830200
2019-09-11,8.954977989196777,9.208660242839525,8.938065462618223,9.02262648264369,527000
2019-09-12,8.921151161193848,9.318586550024245,8.8535026873206,9.141009104498615,993000
2019-09-13,8.64210033416748,9.056447406093085,8.616731553608751,8.92115046884663,905300
2019-09-16,8.81967830657959,8.870414257940569,8.532171894089352,8.836590021555446,722100
2019-09-17,9.141009330749512,9.149464785367885,8.7604856477523,8.887327144229184,666300
2019-09-18,8.85350227355957,9.141008677301214,8.75202956749194,9.090271921050707,1397800
2019-09-19,9.14946460723877,9.191745105241248,8.861958188542033,8.929607469206053,567900
2019-09-20,9.343955039978027,9.470795733857464,9.115640823274882,9.132553345889988,2597600
2019-09-23,9.707565307617188,9.76675832974014,9.49616361565932,9.546900376559929,760900
2019-09-24,9.910511016845703,10.011983726807935,9.597636626187132,9.656828838723415,684600
2019-09-25,9.741389274597168,9.89359792758981,9.580723554884523,9.842861978736718,781600
2019-09-26,9.766757011413574,9.893597686893832,9.741389037604193,9.766757011413574,1075900
2019-09-27,9.716019630432129,9.859772816798484,9.453882036305219,9.563810990963802,1419400
2019-09-30,9.521530151367188,9.648370814022432,9.403144941504564,9.597634871533641,1858700
2019-10-01,9.783671379089355,9.96970511916669,9.470796929124582,9.470796929124582,814900
2019-10-02,9.885143280029297,10.164194269980948,9.81749479956632,10.003528524056255,1126800
2019-10-03,9.961248397827148,10.214930612347178,9.82595143179874,9.893599914812944,988400
2019-10-04,10.384050369262695,10.451698842826614,9.758301585579728,9.918966508685683,978700
2019-10-07,10.291034698486328,10.426331655852655,10.248754197700983,10.30794641494038,642500
2019-10-08,10.671558380126953,10.705382621964379,10.341771417386902,10.40096444542755,834500
2019-10-09,10.620820045471191,10.773028696484669,10.553170770491098,10.65464427974456,491800
2019-10-10,10.764575004577637,10.823768033503637,10.426332581144278,10.62082257944362,568600
2019-10-11,10.257211685180664,10.671558868249981,10.231843704250634,10.671558868249981,1275700
2019-10-15,10.02889347076416,10.257207628129663,9.978157528971773,10.206470879904021,1036400
2019-10-16,10.214929580688477,10.240297557648377,9.995071629880144,10.071176367193294,573900
2019-10-17,10.637731552124023,10.688468305762191,10.062718774247045,10.0880875542828,669700
2019-10-18,10.696925163269043,10.781486161619831,10.578540733298073,10.654645470527095,402800
2019-10-21,10.265666007995605,10.756117847620484,10.223385510145167,10.722293610626817,498200
2019-10-22,10.231842041015625,10.350226470400859,10.028895807264544,10.24875375674204,420300
2019-10-23,10.138824462890625,10.324858168626562,10.088088510874817,10.324858168626562,424400
2019-10-24,10.62927532196045,10.730748023088392,10.155736050030049,10.172647763668035,565200
2019-10-25,10.688468933105469,10.992887053501807,10.519346948674116,10.857590111103434,786500
2019-10-28,10.54471492767334,10.654643886614013,10.409417995571998,10.603907133859346,568000
2019-10-29,10.696925163269043,10.781486161619831,10.341770260489243,10.477068019137194,726300
2019-10-30,8.980344772338867,9.851319613880621,8.811223561325937,9.825951633837068,2031000
2019-10-31,9.496164321899414,9.50462058375066,9.031081210150134,9.039536665567864,1203600
2019-11-01,9.529988288879395,9.572267980475296,9.225569348214984,9.42851477103564,684500
2019-11-04,9.005707740783691,9.538439863838748,8.988796032310391,9.521528155365448,809200
2019-11-05,8.701292037963867,8.938061664413457,8.59136308121823,8.819677254405319,806200
2019-11-06,9.039536476135254,9.124097480008617,8.718206596856875,8.87041527482203,1095100
2019-11-07,9.107184410095215,9.183288334554746,8.819678007359055,8.912694452654067,848900
2019-11-08,9.200199127197266,9.335496042733027,9.005709206289687,9.005709206289687,628700
2019-11-11,8.929607391357422,9.259393498748123,8.895783154537005,9.132552812279918,541400
2019-11-12,9.234024047851562,9.259392019806661,8.85350124279192,8.85350124279192,435700
2019-11-13,9.234024047851562,9.37777723298594,9.166375585015771,9.293216251224557,491900
2019-11-14,9.327041625976562,9.394690097104887,9.115639952092204,9.267849415347627,396400
2019-11-15,9.022624969482422,9.335499400811436,9.005712445740222,9.284762636018359,435600
2019-11-18,9.115639686584473,9.217112390321402,9.022623243100629,9.04799121742652,543000
2019-11-19,9.200199127197266,9.343952301562318,8.938060748521806,9.098726440545445,378400
2019-11-20,9.470794677734375,9.55535566851327,9.149464041781298,9.149464041781298,621200
2019-11-21,9.19174575805664,9.538444414719994,9.157921518539082,9.411603718137517,460700
2019-11-22,9.183289527893066,9.327042747941405,9.115641048627198,9.234026290559209,253400
2019-11-25,9.174832344055176,9.41160197687273,9.124095590949034,9.149463564285439,269400
2019-11-26,9.496164321899414,9.521533107453152,9.031081210150134,9.183289891304973,378400
2019-11-27,9.428513526916504,9.4707940193668,9.28476033644549,9.411601813796377,254800
2019-11-28,9.538443565368652,9.749845245137491,9.318586431298451,9.428514595116846,293500
2019-11-29,9.606090545654297,9.639914776903904,9.386233445748498,9.496161592484755,280800
2019-12-02,8.506804466247559,8.625188898002746,7.272218549033105,8.456067705185722,2196800
2019-12-03,8.971887588500977,9.031080611099783,8.540628746329457,8.616732678641988,796900
2019-12-04,8.85350227355957,9.056447685694831,8.828133492217626,8.912694483824009,589000
2019-12-05,8.78585433959961,8.912695028324846,8.701293342827165,8.845046553480262,554200
2019-12-06,8.78585433959961,8.954975526711067,8.701293342827165,8.726661319285526,568100
2019-12-09,8.489891052246094,8.802765427711766,8.430698842584132,8.78585371342265,845900
2019-12-10,8.523716926574707,8.60827793358353,8.464524705528648,8.549084906103941,322100
2019-12-11,8.540627479553223,8.608275946975029,8.456066492059293,8.53217121951716,462500
2019-12-12,8.64210033416748,8.777397271413934,8.523715110860154,8.64210033416748,806800
2019-12-13,8.591363906860352,8.768941345371312,8.565995931768326,8.591363906860352,729000
2019-12-16,8.193928718566895,8.591364100663075,8.151649027937575,8.591364100663075,1057200
2019-12-17,8.261574745178223,8.346134899579274,8.177013784344084,8.193925492651058,512800
2019-12-18,8.134736061096191,8.278489259377762,8.075543852309673,8.261577545338769,1032200
2019-12-19,8.151650428771973,8.219298913124144,8.092457400138665,8.134737904467158,436200
2019-12-20,8.075544357299805,8.227753018902295,8.024807599143367,8.134736569787806,2100100
2019-12-23,8.337682723999023,8.337682723999023,8.14319354787285,8.19392950406512,352300
2019-12-24,8.489891052246094,8.523715287257698,8.329226137549323,8.39687460757253,290100
2019-12-27,8.692835807800293,8.75202881943877,8.489890413011176,8.684380354509065,449700
2019-12-30,8.802765846252441,8.878870580255406,8.59982042653348,8.659012639009823,537400
2019-12-31,8.73511791229248,8.861958605839238,8.650556912305667,8.861958605839238,428700
2020-01-02,8.752031326293945,8.887328294906634,8.701294559847415,8.794311024160253,386500
2020-01-03,8.650554656982422,8.929605561612961,8.616730427092849,8.887325072642684,380100
2020-01-06,8.557538986206055,8.895782121567157,8.506803040083549,8.853501628842855,623500
2020-01-07,8.887327194213867,8.921151432177918,8.498348054410561,8.540628553473987,566800
2020-01-08,8.456066131591797,8.887325697846974,8.388417667053728,8.887325697846974,786500
2020-01-09,8.48143482208252,8.557539552737937,8.43069887260116,8.45606684734184,634800
2020-01-10,8.616731643676758,8.616731643676758,8.430698756235019,8.47297925117482,283500
2020-01-13,8.100912094116211,8.565995938831593,8.084000379518711,8.549083417800704,811300
2020-01-14,8.20238208770752,8.253118827583418,7.98252422563383,8.075541447667456,912700
2020-01-15,8.337682723999023,8.35459524701877,8.100913046756968,8.227753743671128,518600
2020-01-16,8.067089080810547,8.30385876608453,8.050177363650588,8.126281300520665,899500
2020-01-17,7.999438285827637,8.117823497443812,7.948701536154054,8.117823497443812,496000
2020-01-20,7.95715856552124,7.999439059935173,7.914878071107308,7.9825265395962575,84600
2020-01-21,8.050175666809082,8.083999900432929,7.754213017775412,7.864141978661251,1086000
2020-01-22,8.337682723999023,8.40533120321104,7.974072349842811,8.14319354787285,929100
2020-01-23,8.160104751586914,8.430699457861264,8.134736775085186,8.371506437445989,634600
2020-01-24,8.253122329711914,8.354595046089504,8.067088613136269,8.168561329513858,723600
2020-01-27,8.329228401184082,8.413788608477335,8.22775486213843,8.413788608477335,800900
2020-01-28,8.05863094329834,8.320769352947565,8.024806710417794,8.26157714701494,692600
2020-01-29,8.405330657958984,8.413786918920302,8.016351524506147,8.033264046428782,1227100
2020-01-30,8.430700302124023,8.659013726370082,8.337683034913747,8.430700302124023,898700
2020-01-31,8.963430404663086,9.031078869069853,8.405329363657293,8.439153595860676,867100
2020-02-03,8.81967830657959,8.954975252120075,8.752029833809345,8.954975252120075,428000
2020-02-04,8.63364315032959,8.692835352434024,8.540626717532154,8.684379899585728,446500
2020-02-05,8.76048755645752,8.845048572532642,8.54908582270333,8.557542085597564,501100
2020-02-06,8.659011840820312,8.819677554779352,8.6167313473346,8.794308774827922,438600
2020-02-07,8.802765846252441,8.904238556111922,8.659012639009823,8.69283687562965,572500
2020-02-10,8.828134536743164,8.946519777712506,8.7097501022073,8.845047059638846,774500
2020-02-11,8.81967830657959,8.895783040054464,8.608276627564228,8.794309524465692,585300
2020-02-12,8.354594230651855,8.777397577508124,8.346137970170718,8.760485056545848,678200
2020-02-13,8.278491020202637,8.422244249060343,8.109369811674021,8.363052027683711,593100
2020-02-14,8.261574745178223,8.37150286525628,8.151645818667077,8.270030196115165,411800
2020-02-18,8.650554656982422,8.650554656982422,8.295400646358535,8.346136587976268,487200
2020-02-19,8.72666072845459,8.777397484369654,8.515259057269676,8.684381039364307,410400
2020-02-20,8.549084663391113,8.760486368477839,8.464524465216526,8.692837887364767,669000
2020-02-21,8.66746997833252,8.80276694164786,8.540629276832766,8.701294219161355,632500
2020-02-24,9.141009330749512,9.453883731765654,8.845046645403556,8.87887088317737,1052600
2020-02-25,8.72666072845459,9.157920331215825,8.71820527449656,8.946518660030911,806900
2020-02-26,8.701292037963867,8.82813270766782,8.540627135909974,8.718204557355493,796700
2020-02-27,8.117823600769043,8.904237182469618,8.109367341310266,8.861956691609025,644700
2020-02-28,7.170745372772217,8.016352184076498,6.900151451213566,7.872599768073587,2219100
2020-03-02,7.1284661293029785,7.424428048163548,6.9847128977525275,7.373692087871358,1369200
2020-03-03,7.737301349639893,8.007896054857056,7.187657291127076,7.229937789420392,1180900
2020-03-04,7.8725996017456055,7.906423841225817,7.602004879470435,7.754214360348126,1033000
2020-03-05,7.974072456359863,8.06708891491052,7.703477729463733,7.872599736186375,625300
2020-03-06,7.779582500457764,7.990984203222559,7.331411116397777,7.990984203222559,735100
2020-03-09,7.415971755981445,7.686565664176545,7.094641086783034,7.145377041352887,736000
2020-03-10,7.475162982940674,7.703476361169547,7.238393344590975,7.525898930798935,834400
2020-03-11,7.043904781341553,7.923335846285951,7.035448519555186,7.508988695956098,1342800
2020-03-12,6.33359432220459,6.883239189941365,6.046088303287214,6.528083889551173,1081200
2020-03-13,5.953070163726807,6.604187200283906,5.699388033861285,6.587275085173981,2674900
2020-03-16,6.671837329864502,6.832502665211901,4.667749373486518,5.03136014092533,1936400
2020-03-17,7.9825263023376465,8.151648274966693,6.528083063404516,6.595731933099468,2592400
2020-03-18,6.857870101928711,8.667468744822258,6.773309915107557,8.024807454101179,1296400
2020-03-19,7.043904781341553,7.610461418091969,6.020720491762959,6.764854593859528,1511600
2020-03-20,6.122191905975342,7.196112730409968,5.944614881782873,7.196112730409968,3371700
2020-03-23,6.781765937805176,6.976255086460917,5.834686152956104,6.342050078600834,1623300
2020-03-24,7.280672073364258,7.466705739352517,6.8409570886312965,7.322952561966122,1323600
2020-03-25,7.779582500457764,7.9656162246921625,7.196114155657668,7.196114155657668,1077800
2020-03-26,7.9909820556640625,8.160103211138269,7.635827225951591,7.813404640807827,1286400
2020-03-27,7.449795722961426,7.940247566904846,7.010079831738536,7.80494981130543,1879900
2020-03-30,7.475162982940674,7.855685817611029,7.238393344590975,7.602003659019675,1300600
2020-03-31,7.077727317810059,7.652740077889723,6.959342100607388,7.508986887869807,1799200
2020-04-01,7.424427509307861,7.492075989076638,7.086185110463981,7.2130258084220635,1006800
2020-04-02,7.458250999450684,7.754213673512514,7.424426762966481,7.534355733148492,774400
2020-04-03,7.365235328674316,7.771126209356635,7.280674325315419,7.475164310467484,1080600
2020-04-06,7.576635837554932,7.771124985647546,7.365234168880334,7.559723316972948,1134300
2020-04-07,7.2538652420043945,7.619106961172866,7.228383506496058,7.6106127793201654,996700
2020-04-08,7.338803768157959,7.534165045955019,7.033019771537055,7.3557913179426855,962900
2020-04-09,7.873927116394043,7.907903035351577,7.491697015559533,7.636094873641502,1045700
2020-04-13,8.298622131347656,8.35807975565045,7.296331835675534,7.899404686623261,1941100
2020-04-14,8.298622131347656,9.020610230900974,8.120248448389894,8.443019103218818,1473400
2020-04-15,8.001336097717285,8.23916751519377,7.568142551204942,8.094769666356322,1177900
2020-04-16,8.400553703308105,8.578927468415348,8.001336074725279,8.026817809726383,1120200
2020-04-17,8.26464557647705,8.476995164485807,7.9673566392944295,8.10326024601213,3334900
2020-04-20,8.527961730957031,8.621395283360037,8.120250800417068,8.239166083466417,1157200
2020-04-21,8.460010528564453,8.672360189612707,8.154227308272848,8.332601055955369,507600
2020-04-22,9.283928871154785,9.317904789757144,8.60440968905781,8.706337444864888,984400
2020-04-23,9.963446617126465,10.090856911416546,9.33489175745458,9.343385939083868,1513400
2020-04-24,10.481578826904297,10.515554738415752,9.759589694723838,10.116337170618932,1281100
2020-04-27,10.05688190460205,10.481581303883896,9.929471598787606,10.481581303883896,1095700
2020-04-28,9.785072326660156,10.141818995814775,9.640674498884641,9.954951885793221,826700
2020-04-29,9.793564796447754,9.861516613852022,9.52175752683068,9.606697703610795,1024000
2020-04-30,9.453808784484863,9.887002368879951,9.42832704718216,9.598206645949892,686800
2020-05-01,9.954952239990234,10.022904066061185,9.046095148704358,9.054589329475643,927800
2020-05-04,10.634471893310547,10.70242372310393,10.014410433883798,10.35416958285071,931300
2020-05-05,10.617484092712402,10.642965827720982,9.929470767082748,10.473086244247533,1167300
2020-05-06,10.66844654083252,10.710915821870898,10.328686622178209,10.5155545369356,948800
2020-05-07,10.727909088134766,10.889294536010198,10.541041087923753,10.82134268321528,976600
2020-05-08,10.931761741638184,11.186581526931217,10.727906237423664,10.770376336647464,980900
2020-05-11,10.5750150680542,11.059172942674156,10.362665364639255,10.923268452046733,461900
2020-05-12,10.702423095703125,10.974230398942682,10.625977089154585,10.66844718279818,436400
2020-05-13,10.498567581176758,10.92326692878172,10.345676366872782,10.838327545290559,631300
2020-05-14,10.940254211425781,10.965735942952456,10.39663880854233,10.524049086274985,782700
2020-05-15,11.551822662353516,11.645256227883902,10.863809357839708,11.04218311752479,1514200
2020-05-19,11.619775772094727,11.662245063794929,11.084654434164067,11.246039848754355,1451100
2020-05-20,11.60273551940918,11.764594988112584,11.491989780934528,11.747556807227939,765000
2020-05-21,11.517545700073242,11.619772336103912,11.151232978311198,11.491988431746762,623400
2020-05-22,11.790148735046387,12.130904150106979,11.670883933562683,11.670883933562683,761000
2020-05-25,11.756077766418457,11.875341801868482,11.517548883093097,11.781634229382703,153400
2020-05-26,11.296056747436523,11.713482473321932,11.100121709058001,11.670887829115708,641500
2020-05-27,11.355688095092773,11.38976364597187,10.83603574108026,10.99789440464966,913400
2020-05-28,11.6879243850708,11.781631939342287,11.432357367827933,11.56014047023679,1117300
2020-05-29,11.900896072387695,12.02016007772462,11.69644198302063,11.926452528899166,1762700
2020-06-01,11.73051929473877,11.960529046881106,11.585698008698154,11.900897039367383,711500
2020-06-02,11.406801223754883,11.713481165431293,11.193828838928859,11.713481165431293,644600
2020-06-03,10.529356956481934,11.22790709988128,10.469724934303777,11.159755985270422,850500
2020-06-04,10.606025695800781,10.887149207773373,10.495279946777448,10.716771444824113,669400
2020-06-05,10.452685356140137,10.520836456369763,10.03525885170218,10.256750333661063,780400
2020-06-08,10.648619651794434,10.844553863423352,10.341939698295828,10.827516494441587,843200
2020-06-09,11.261981010437012,11.398283219728341,10.665658438574818,10.793441556679127,824400
2020-06-10,11.781633377075195,11.841265390486306,10.997894861849527,11.372726749527152,1521600
2020-06-11,11.704961776733398,11.960528794496058,11.585697764222603,11.798670143620628,1119900
2020-06-12,11.125677108764648,11.917933782862786,11.06604429195179,11.900896415505633,966900
2020-06-15,11.15975284576416,11.219384851166403,10.597505089760315,10.870110283938732,781500
2020-06-16,11.313093185424805,11.415319835640744,10.90418658456105,11.066045244296653,1193900
2020-06-17,11.679408073425293,11.81571029840066,11.330133418819578,11.347170790728827,982700
2020-06-18,11.381245613098145,11.68792641194297,11.270499859340324,11.57718065818515,623100
2020-06-19,12.46314525604248,12.565371913098693,11.491990795370574,11.568660991269049,2321200
2020-06-22,12.872049331665039,13.042427872063591,12.360916147744657,12.582407600322702,1314400
2020-06-23,12.999835968017578,13.05946798222973,12.693155180811623,13.05946798222973,1016800
2020-06-24,12.44610595703125,12.965759099310377,12.284247300986637,12.84649427056554,657400
2020-06-25,12.488699913024902,12.590926555312981,12.318322175878102,12.36943590323471,618200
2020-06-26,12.837977409362793,12.86353468509072,12.29276852597214,12.377957007789268,851500
2020-06-29,12.837977409362793,12.906128519786625,12.650562261909915,12.829459129878805,886700
2020-06-30,12.9061279296875,13.067987418862488,12.565372393148502,12.812420360245596,1364300
2020-07-02,12.52277660369873,12.923164931865298,12.480181962417145,12.90612675038258,715900
2020-07-03,12.6079683303833,12.701675909428332,12.38647680272192,12.522779031305733,129900
2020-07-06,12.914645195007324,12.940201653527609,12.625002623693543,12.855013187651606,556600
2020-07-07,13.510968208312988,13.672826868194536,12.846494575097648,12.889089215832328,872600
2020-07-08,13.792091369628906,14.064695747867482,13.638751000657141,13.851723374262312,872400
2020-07-09,13.613195419311523,14.158405868260928,13.357629189227762,14.056178401317144,998700
2020-07-10,13.34910774230957,13.749495198738,13.229842926873923,13.664307553644845,848800
2020-07-13,13.136137962341309,13.817649006167507,13.09354331899586,13.528007218753997,803000
2020-07-14,13.366147994995117,13.425780821802,12.701674308202646,12.991316913642388,987600
2020-07-15,13.383185386657715,13.510968499187571,12.897608584134,13.246883183312477,781800
2020-07-16,13.119098663330078,13.459854968663112,12.974277375737945,13.323552771499969,374100
2020-07-17,13.289478302001953,13.383185867059218,13.025392164222033,13.280959210880772,615600
2020-07-20,13.510968208312988,13.706903230722439,13.391704189166122,13.545043758415693,772000
2020-07-21,13.749497413635254,14.005065264634503,13.596157840431012,13.800611958745368,725100
2020-07-22,13.792091369628906,13.962468293602884,13.621712820804664,13.962468293602884,652000
2020-07-23,13.255400657653809,13.800610216972578,13.12761674828177,13.800610216972578,824800
2020-07-24,13.698385238647461,13.758017253003148,13.374667080498234,13.408742633333665,675100
2020-07-27,14.17544174194336,14.277669203958506,13.851724424454435,14.005064805051962,852500
2020-07-28,13.800609588623047,14.149884129305406,13.792090499234433,13.911354500974705,776200
2020-07-29,13.783576011657715,13.996548442925972,13.49393337514483,13.936916422146973,735100
2020-07-30,13.502449989318848,13.638752190327397,13.195769224624412,13.545043817815118,536300
2020-07-31,14.31174373626709,14.35433918851721,13.715422028418674,13.945432596018234,1049200
2020-08-04,15.470315933227539,15.57254340628876,14.388415686419583,14.388415686419583,1675100
2020-08-05,16.322206497192383,16.3818385161256,15.572544277266609,15.632176296199827,2043600
2020-08-06,15.998490333557129,16.68852058660609,15.819592638410642,16.535180169295035,908400
2020-08-07,15.359570503234863,15.862185511303343,15.299936864689876,15.65773057170726,827800
2020-08-10,14.856953620910645,15.666247686577005,14.69509415783725,15.41920057174422,1382900
2020-08-11,13.65578842163086,14.516196958163201,13.621712063819595,13.919873695267464,1469300
2020-08-12,13.809127807617188,14.047657448979852,13.587637158387748,13.894317081307443,1273200
2020-08-13,14.11676025390625,14.33893705750075,13.87749255083266,14.039852836128235,820100
2020-08-14,13.920217514038086,14.168028996286385,13.73222091039012,14.150938099613366,438900
2020-08-17,14.911465644836426,14.962736701340246,14.338933685931684,14.535474094094244,920400
2020-08-18,14.723471641540527,15.313094599506465,14.373116372429207,15.184916120786337,787500
2020-08-19,14.253483772277832,14.740562984012577,14.133850739185885,14.561113434374654,577300
2020-08-20,14.34748363494873,14.45002578012728,13.954401065422923,14.313301833303873,636100
2020-08-21,14.185118675231934,14.244935178574908,13.894579976242508,14.056940220943064,517100
2020-08-24,14.168033599853516,14.390210439161006,14.074035267487,14.390210439161006,489000
2020-08-25,14.142394065856934,14.415843550343908,13.732222283943138,14.039851935317373,416300
2020-08-26,14.46711540222168,14.569657538336676,13.98858163063668,13.98858163063668,749000
2020-08-27,13.860400199890137,14.979829550375356,13.834765483233857,14.860194896427782,921300
2020-08-28,14.526931762695312,14.544022661822108,14.022761647599777,14.133850862046101,596200
2020-08-31,14.518387794494629,14.7320191657436,14.390209297720851,14.561115046671233,532000
2020-09-01,14.586749076843262,15.20200844000551,14.450025136113414,14.868742408333313,710100
2020-09-02,14.441478729248047,14.509840695083577,14.09112345060622,14.450024178712216,457900
2020-09-03,14.578201293945312,14.6209285372597,14.074031231979276,14.38166086433216,512300
2020-09-04,14.176576614379883,14.52693190041134,13.53568255994997,14.40729886514534,919700
2020-09-08,13.757861137390137,14.022763591057723,13.501503319531253,13.834768564241706,605300
2020-09-09,14.518387794494629,14.569658867228538,13.8689482303124,13.903130032053681,788800
2020-09-10,14.373117446899414,14.826016510770225,14.244938958597233,14.73201819207227,698600
2020-09-11,14.0740327835083,14.569657451449391,14.01421626615163,14.492750034882855,604000
2020-09-14,14.475659370422363,14.826014621068937,14.125304119775791,14.313299103332243,1380000
2020-09-15,14.356025695800781,14.629475185807703,14.15948525006771,14.586747938988898,660600
2020-09-16,14.253483772277832,14.561113434374654,14.116759840207653,14.526931636418192,483100
2020-09-17,13.834765434265137,13.98858025316922,13.58695230828018,13.928762111468304,787500
2020-09-18,13.270780563354492,13.954401114831022,13.270780563354492,13.911675492501683,2360200
2020-09-21,12.903332710266113,13.279323494016715,12.70679146210143,12.70679146210143,993300
2020-09-22,13.022967338562012,13.091329307666882,12.749519462142533,12.903334300097967,907400
2020-09-23,12.706792831420898,13.01442168764052,12.58715897986602,12.903334100765418,705400
2020-09-24,13.270780563354492,13.339142537008245,12.672612886414658,12.706793873241535,646500
2020-09-25,13.21950912475586,13.364778518484748,13.116966167112937,13.20241822434588,522600
2020-09-28,13.13405704498291,13.407504948528262,12.997333093210235,13.364779324803576,446500
2020-09-29,13.330596923828125,13.5356828297482,13.159691187289113,13.210963071238606,365600
2020-09-30,13.23659610748291,13.330594407826018,12.99732926240179,13.330594407826018,419800
2020-10-01,13.544227600097656,13.774949843887446,13.287869823088636,13.424593753509738,1532700
2020-10-02,13.159689903259277,13.621133554024501,13.134054371255338,13.50150052804688,474900
2020-10-05,13.450226783752441,13.646768008362251,13.159688078205008,13.159688078205008,604500
2020-10-06,11.390823364257812,13.433139336284922,11.29682586489465,13.433139336284922,2358600
2020-10-07,11.365187644958496,11.681361935762006,11.339552111903862,11.484820675839396,1142400
2020-10-08,11.30536937713623,11.536091600313135,11.245552866655775,11.425003213035977,642500
2020-10-09,11.672816276550293,11.706997258321524,11.459184936745379,11.52754690028784,1044900
2020-10-13,11.322461128234863,11.52754702101001,11.100284336925675,11.459185056751627,1566200
2020-10-14,11.279731750488281,11.459182063527493,11.19427972495546,11.33100361775892,1256900
2020-10-15,11.519001007080078,11.66427037774274,11.091738343940214,11.10882924163646,1165500
2020-10-16,11.143012046813965,11.681363188320544,10.946471580755796,11.544639244116777,838500
2020-10-19,11.117375373840332,11.32246126916823,11.083194391285682,11.237008405312153,980800
2020-10-20,11.134465217590332,11.185737097786344,10.955014859312625,11.091738786583472,639800
2020-10-21,11.382277488708496,11.390822937859511,11.125920533689133,11.296825442015004,660700
2020-10-22,11.168647766113281,11.322462613339123,10.963561846438159,11.143012229888642,877400
2020-10-23,10.801202774047852,11.382279568532937,10.775566421910412,11.365189482047011,729300
2020-10-26,10.553387641906738,11.066102326187067,10.519206662954717,10.707201639721427,547300
2020-10-27,10.767021179199219,10.809746800475105,10.442301404880748,10.502117926618181,663700
2020-10-28,9.912494659423828,10.52775234164047,9.84413269473309,10.425209394604364,691000
2020-10-29,9.878314018249512,10.117580902930746,9.827042135491212,9.84413303472362,551300
2020-10-30,9.946677207946777,10.015039183401612,9.604866515733574,9.972312745007583,821900
2020-11-02,10.339756965637207,10.373937946724483,9.775769555288829,10.066308302000119,906300
2020-11-03,10.707202911376953,10.83538220887454,10.365393081261224,10.83538220887454,1422600
2020-11-04,11.023380279541016,11.553186886254931,10.972109198206859,11.322464575433793,1937900
2020-11-05,11.527545928955078,11.61299878365218,11.365186482957167,11.43354844073932,1957200
2020-11-06,11.64718246459961,11.73263452418211,11.390824655974091,11.655727915039561,776600
2020-11-09,11.160100936889648,11.254098427861958,10.767019260645418,11.254098427861958,3278100
2020-11-10,10.485027313232422,11.29682630068951,10.450845514030195,11.185737898099115,1247100
2020-11-11,10.237212181091309,10.510660817313443,10.177395673920275,10.433753413842805,714200
2020-11-12,10.356847763061523,10.655931979408297,10.245759363130977,10.365393212657473,1424900
2020-11-13,10.356847763061523,10.536298129881802,10.185942845837195,10.536298129881802,986300
2020-11-16,10.373937606811523,10.485025995439964,10.13466993210157,10.262849218183083,678400
2020-11-17,10.211577415466309,10.314120356118373,10.109034474814242,10.279939375901018,1209000
2020-11-18,10.168851852416992,10.348302217574417,10.066308903032596,10.220123734578651,442500
2020-11-19,10.297571182250977,10.434872000407267,10.03155023329009,10.143107352636434,537400
2020-11-20,10.443455696105957,10.666569981585218,10.331898553366328,10.503524612051296,655900
2020-11-23,10.400546073913574,10.512103185516173,10.220338557998202,10.32331416446736,1184000
2020-11-24,10.125945091247559,10.5378475429378,10.083038381268802,10.211757692827646,1171000
2020-11-25,10.443455696105957,10.520687627108593,10.194597706418353,10.32331704583768,891800
2020-11-26,10.47778034210205,10.563593775999896,10.400548415269503,10.563593775999896,193400
2020-11-27,10.615079879760742,10.632242891786394,10.194595905661764,10.228921111335609,463000
2020-11-30,10.881101608276367,10.941170517866201,10.529268020603032,10.563593228708298,1200300
2020-12-01,11.438887596130371,11.55044473829728,11.121379184598833,11.17286741112879,861100
2020-12-02,11.73065185546875,11.739233362625525,11.327330021253587,11.627676224720158,1144200
2020-12-03,11.59334945678711,11.867951101887854,11.370235210954027,11.756393978971314,662400
2020-12-04,11.833625793457031,11.833625793457031,11.507535933543759,11.567604838293393,753500
2020-12-07,11.859368324279785,12.048157344232635,11.61909191057994,11.61909191057994,1984600
2020-12-08,11.790719032287598,12.022414781131225,11.747812321200543,11.850788755160451,1401000
2020-12-09,11.361654281616211,11.850789509750015,11.207191257595928,11.704907173791556,2099300
2020-12-10,11.421722412109375,11.670580335428882,11.293002288640908,11.404559401629292,604800
2020-12-11,11.430302619934082,11.490372335719496,11.301583320237556,11.456047134575266,337400
2020-12-14,10.966913223266602,11.413141706483264,10.949751029961504,11.413141706483264,807100
2020-12-15,11.37023639678955,11.430305308325739,11.061309513832315,11.17286664838348,757200
2020-12-16,12.056741714477539,12.065323221600469,11.378818200939786,11.524700548519341,905600
2020-12-17,12.871966361999512,12.906291572896407,12.19404283300264,12.236949551218155,2220800
2020-12-18,13.077916145324707,13.198054779037909,12.70033886824784,12.863383396936662,2669100
2020-12-21,13.026430130004883,13.395425939996494,12.880547780109046,12.880547780109046,1062400
2020-12-22,12.966360092163086,13.052173525978564,12.657433203506972,12.923454193632905,1077700
2020-12-23,13.035009384155273,13.215216924875277,12.914871569260262,13.069334591036347,743500
2020-12-24,12.974940299987793,13.103660437821748,12.949196599771991,13.043590712814913,212100
2020-12-29,12.768988609313965,13.009265045699895,12.708919704811843,12.880545730801794,720200
2020-12-30,12.914873123168945,12.932035319485681,12.71750254607217,12.76040926443039,311600
2020-12-31,12.648849487304688,12.957777140383564,12.563036886854098,12.932032623708716,407800
2021-01-04,13.172311782836914,13.730096631125368,13.120823560384078,13.172311782836914,1204100
2021-01-05,12.914873123168945,13.335357162648808,12.889129419505046,13.326775655301647,636500
2021-01-06,13.12082290649414,13.146566607248827,12.708920420909187,12.837639743060112,671300
2021-01-07,13.232379913330078,13.25812361384948,12.897708533067922,13.120822786576026,756700
2021-01-08,12.468647003173828,13.017851305269827,12.322764623216731,12.992107596564969,699800
2021-01-11,12.236948013305664,12.442899252803542,12.12539088731661,12.314179932711738,690800
2021-01-12,12.254110336303711,12.460062396345382,12.056740600969908,12.056740600969908,626400
2021-01-13,12.4514799118042,12.571617717481319,12.228365675007517,12.245528686319918,717200
2021-01-14,12.434316635131836,12.623105663652204,12.322759519114229,12.468641838646684,455000
2021-01-15,12.314178466796875,12.477222974062375,12.271271759081516,12.399991063850209,662400
2021-01-18,12.288434982299805,12.434317309747005,12.202622378045684,12.348504705492884,195400
2021-01-19,12.262691497802734,12.442899033785766,12.159715879866356,12.417155333896035,410900
2021-01-20,12.365665435791016,12.460060353191693,12.176876419367014,12.442897343345258,529800
2021-01-21,12.211203575134277,12.34850522074936,11.979508633765201,12.34850522074936,897000
2021-01-22,11.910857200622559,12.056739521669908,11.584767354656565,11.910857200622559,503100
2021-01-25,12.12539005279541,12.194040461236554,11.90227581617298,12.065321150003763,928600
2021-01-26,12.056741714477539,12.271274482285405,11.94518457701214,12.030998011486313,724200
2021-01-27,11.421722412109375,12.039576058599431,11.318745985983648,12.039576058599431,735600
2021-01-28,11.850787162780762,12.151132463278122,11.627672949809691,11.713485542075794,643800
2021-01-29,11.37023639678955,12.17687922258888,11.190028843803445,12.17687922258888,1071400
2021-02-01,11.58476734161377,11.910857187212631,11.318746398127688,11.893694176107601,1005000
2021-02-02,11.56760311126709,11.610509816129825,11.172863717986433,11.258676309334579,711700
2021-02-03,11.816463470458984,11.859369362879901,11.55902402404629,11.601930734844645,593900
2021-02-04,11.644837379455566,11.713487793816386,11.241516399680133,11.54186175791434,752300
2021-02-05,11.850787162780762,11.893693049725144,11.516115843324156,11.679160341493885,504100
2021-02-08,11.790719032287598,11.98808957593707,11.64483670561808,11.722068621899288,556000
2021-02-09,12.073901176452637,12.108226378794537,11.773555860555346,11.87653146758105,531500
2021-02-10,12.18545913696289,12.18545913696289,11.89369448755651,12.14255242645417,384100
2021-02-11,11.979508399963379,12.339923473616661,11.893694975425943,12.245529361327456,596000
2021-02-12,11.601930618286133,11.936601158720682,11.601930618286133,11.825044039116689,994100
2021-02-16,11.636256217956543,11.816463752915299,11.481792382741192,11.584768000092273,785000
2021-02-17,11.601930618286133,11.644836510275995,11.421723089445441,11.516117197551544,909500
2021-02-18,11.559024810791016,11.730650847288425,11.473211383353565,11.481792889772809,472900
2021-02-19,11.57618522644043,11.661998640691682,11.395977711214696,11.661998640691682,611100
2021-02-22,12.588781356811523,12.64026875656244,11.601931071685172,11.713487377271312,1064900
2021-02-23,12.24553108215332,12.44290084059672,12.10822941992336,12.322762193037097,606500
2021-02-24,11.945184707641602,12.48580738663484,11.662001516508605,12.48580738663484,1361800
2021-02-25,11.524701118469238,11.842209532321833,11.232936408881013,11.662001965716025,1584800
2021-02-26,10.597917556762695,11.430303988788372,10.383384819325212,11.387398096002832,2446500
2021-03-01,10.340478897094727,10.726637690268905,10.280409169532515,10.606499053521992,2870700
2021-03-02,10.555010795593262,10.666567916737522,10.323315047437308,10.366221758397016,2396900
2021-03-03,10.340478897094727,10.417710819405064,10.134527649852167,10.357641091842853,1150400
2021-03-04,10.623661041259766,10.889681172010965,10.34905940477403,10.34905940477403,1158800
2021-03-05,10.683730125427246,10.72663683644853,10.563592316620587,10.623661221023916,1092500
2021-03-08,10.512103080749512,10.649403888006677,10.41770898035455,10.469196373887305,1089500
2021-03-09,10.9240083694458,11.078472227336686,10.589337768518988,10.683731893686986,1000400
2021-03-10,10.683730125427246,11.009819983460575,10.666567932045199,10.984076284198782,958700
2021-03-11,10.76096248626709,10.932588519066908,10.615080153792874,10.76954399250145,1138800
2021-03-12,10.718055725097656,10.863938056913442,10.469197774066751,10.529267499058676,978800
2021-03-15,11.0023775100708,11.088535021108889,10.752518509560103,10.769750504767774,1222900
2021-03-16,11.200542449951172,11.252237622792075,10.873141879737188,11.028226576592996,664600
2021-03-17,11.708873748779297,11.751952918327202,11.131615013171084,11.140231011414029,954800
2021-03-18,10.743905067443848,11.519326900255793,10.726673069455325,11.519326900255793,1322300
2021-03-19,10.14079761505127,10.70944031838746,10.06325527883874,10.511276478992466,2895000
2021-03-22,9.744470596313477,10.166644617950082,9.710007427642463,10.020175945681585,987100
2021-03-23,9.451534271240234,9.761702822734835,9.339528755561584,9.710008474985823,614700
2021-03-24,9.417070388793945,9.511843900298997,9.348144049214493,9.42568556499129,638700
2021-03-25,9.296449661254883,9.382608003768903,9.175828146068625,9.227523315910407,683200
2021-03-26,9.554923057556152,9.606617401351102,9.279217699538338,9.279217699538338,632700
2021-03-29,9.606618881225586,9.632466878771657,9.391223831676431,9.477382180162856,558700
2021-03-30,9.30506420135498,9.537690375013826,9.26198503685024,9.365374538661586,459500
2021-03-31,9.580769538879395,9.710007032384993,9.31368019796792,9.365374538036782,712700
2021-04-01,9.804780960083008,10.028791967826578,9.675543461000137,9.744470620177722,810800
2021-04-05,9.787548065185547,9.925401549202256,9.718621734010533,9.847859221213696,707500
2021-04-06,9.977097511291504,10.175261361936116,9.8220128300624,9.830628828278865,428600
2021-04-07,9.890939712524414,10.046024402221434,9.830629365049733,9.925403707272071,656900
2021-04-08,10.132183074951172,10.27865177072004,10.046024728616466,10.046024728616466,825000
2021-04-09,9.994328498840332,10.106333177680726,9.951249333773479,9.951249333773479,597400
2021-04-12,9.96848201751709,10.054640360708037,9.83062932574506,9.977098016169556,717100
2021-04-13,10.037406921386719,10.304497089573866,9.985712580232263,9.99432857764692,725500
2021-04-14,9.6669282913208,10.028791974320338,9.65831229370968,9.994328805542608,442200
2021-04-15,10.149413108825684,10.252802619789938,9.761702237293035,9.796165407614453,536000
2021-04-16,10.261417388916016,10.382038881429171,10.183875059562322,10.261417388916016,503800
2021-04-19,10.080487251281738,10.347577450322897,10.05464007771867,10.347577450322897,498400
2021-04-20,10.080487251281738,10.175261590457714,10.002944908925699,10.071871252871771,800900
2021-04-21,10.390654563903809,10.442348900797192,9.968479763718936,10.097717249285735,902600
2021-04-22,10.063255310058594,10.338960664854685,9.968480978097361,10.313113493259245,401400
2021-04-23,10.04602336883545,10.166644873043918,9.977097029763973,10.149412877442662,377200
2021-04-26,9.959867477416992,10.071872180393786,9.856477130309798,10.046025004450442,562600
2021-04-27,9.82201099395752,10.037405979102788,9.804779822412563,9.977095646195444,313200
2021-04-28,9.899553298950195,10.02017478617413,9.675542317677174,9.727237475535047,577000
2021-04-29,9.77893352508545,9.951249364213226,9.701391192061267,9.839243863363489,354100
2021-04-30,9.770318984985352,9.839245330917038,9.692776640395492,9.778934983643527,559800
2021-05-03,10.209723472595215,10.24418664021438,9.916786136998944,9.959865301939583,605200
2021-05-04,9.994328498840332,10.338960176041695,9.951249333773479,10.192491507814433,450900
2021-05-05,9.985713958740234,10.071871479780448,9.822013271930182,10.071871479780448,686900
2021-05-06,10.32172679901123,10.5285065993058,10.054637490366787,10.097716649664264,555200
2021-05-07,7.228656768798828,7.805915456333025,7.108035268443396,7.75422029284734,3679000
2021-05-10,7.108036041259766,7.392357417176809,7.073572869077907,7.073572869077907,2561900
2021-05-11,7.995463848114014,8.107469370223038,7.18557883965931,7.306199539109882,1791200
2021-05-12,7.823145866394043,8.297015002387074,7.736987542880158,7.771451529619046,1553700
2021-05-13,7.736990928649902,8.004081191090469,7.71114374895147,7.84038129077769,646800
2021-05-14,7.444051742553711,7.780067427825181,7.237271911232716,7.676677922998056,1444800
2021-05-17,7.461283206939697,7.78006773134319,7.099419515094268,7.099419515094268,1685300
2021-05-18,8.064390182495117,8.245322053015851,7.512979393606698,7.512979393606698,1878600
2021-05-19,7.995463848114014,8.1850117179652,7.909306323030304,7.917921500371851,1028200
2021-05-20,8.098852157592773,8.116084153027415,7.9093051378123045,8.004078647702539,666900
2021-05-21,8.477950096130371,8.521029274511855,8.107470312383382,8.107470312383382,1075900
2021-05-25,8.081621170043945,8.374558525848684,8.073005172128092,8.314247362104494,738100
2021-05-26,8.220212936401367,8.384790901169808,8.116269349949286,8.124931522004509,1158800
2021-05-27,8.289508819580078,8.358804545209592,8.133593849948776,8.168241712763534,720000
2021-05-28,8.506056785583496,8.532043298021748,8.25485961450425,8.462747583659892,618900
2021-05-31,8.47140884399414,8.558028899118423,8.3588031027606,8.558028899118423,312400
2021-06-01,8.59267807006836,8.610001588100534,8.410776587344465,8.445424449479008,957400
2021-06-02,8.497396469116211,8.705283637358338,8.454086435881557,8.679297947845615,526500
2021-06-03,8.272185325622559,8.43676246796084,8.142255220131084,8.428100295714033,779400
2021-06-04,8.350144386291504,8.462750162967433,8.280848650809444,8.315496518550473,781800
2021-06-07,8.454086303710938,8.454086303710938,8.263522656099827,8.324156206038294,452800
2021-06-08,8.376128196716309,8.480071776561593,8.34148033676788,8.402113885160094,951200
2021-06-09,8.532045364379883,8.627326788185922,8.393453076020721,8.393453076020721,591000
2021-06-10,8.739933967590332,8.765919664443498,8.393454429909669,8.558032437477348,869600
2021-06-11,8.670635223388672,8.869860207072847,8.627325192914249,8.783240972194124,982700
2021-06-14,8.627326011657715,8.67929821837327,8.436762355127609,8.584015977073117,662000
2021-06-15,8.584013938903809,8.68795750158459,8.445422521996099,8.618661793130736,583300
2021-06-16,8.523384094238281,8.722609135862252,8.471411877340083,8.575355485066115,764500
2021-06-17,8.488733291625977,8.523381148895059,8.211549607403239,8.350141862549647,1171500
2021-06-18,8.289508819580078,8.627326101576617,8.272185301207804,8.462748959724074,2110800
2021-06-21,8.47140884399414,8.57535241450124,8.228873846144245,8.367465273487042,428400
2021-06-22,8.549368858337402,8.5753545509206,8.436763089049846,8.480073127402024,564500
2021-06-23,8.488733291625977,8.618662549867516,8.393451064583441,8.610000379032726,1084000
2021-06-24,8.436760902404785,8.566690983785962,8.367465189429515,8.566690983785962,932400
2021-06-25,8.44542407989502,8.497396283857551,8.367466186986302,8.471409768841207,531000
2021-06-28,8.44542407989502,8.523381972803737,8.393451875932488,8.488734112185437,470600
2021-06-29,8.220212936401367,8.488734487621889,8.202889418361117,8.376128729114587,754800
2021-06-30,8.15091609954834,8.298169700107096,8.090282555578293,8.202888298715582,888400
2021-07-02,8.341480255126953,8.47140952214436,8.228874504879139,8.254860193068593,705400
2021-07-05,8.315495491027832,8.358804700799775,8.280847627568141,8.350143354487521,344900
2021-07-06,8.480072975158691,8.774580239381875,8.367467207892753,8.410777245467385,1004700
2021-07-07,8.341480255126953,8.506057381753678,8.272184535908318,8.506057381753678,627500
2021-07-08,7.9863386154174805,8.454085082095249,7.9863386154174805,8.32415500319751,1031800
2021-07-09,8.254859924316406,8.332817812416842,8.01232491494736,8.01232491494736,498100
2021-07-12,7.934366703033447,8.28084609977613,7.917043187534853,8.228873901140203,1236600
2021-07-13,7.89971923828125,8.072958532220948,7.839085691919885,7.943029268283703,841400
2021-07-14,8.220212936401367,8.289508660702754,7.977677901346512,7.977677901346512,683400
2021-07-15,8.142254829406738,8.280847100494361,8.081621278729148,8.237537067408866,1150100
2021-07-16,7.9863386154174805,8.20288792084367,7.925704248170518,8.142253553596708,1394800
2021-07-19,8.020986557006836,8.090282269398553,7.8737329616569225,7.899718647286304,588400
2021-07-20,8.116270065307617,8.341481602172099,8.064298680535979,8.098946545740493,628700
2021-07-21,8.272185325622559,8.367466742126805,8.090283838790663,8.116269529460872,328900
2021-07-22,8.194226264953613,8.324155525940652,8.081620519932136,8.22887412295483,869700
2021-07-23,8.15091609954834,8.228873985264162,8.07295821383252,8.142253928675453,467200
2021-07-26,8.306831359863281,8.384789240782379,8.150915598025087,8.150915598025087,251400
2021-07-27,8.393452644348145,8.419439161743538,8.254861189186972,8.35880478055785,415400
2021-07-28,8.41077709197998,8.471410647835814,8.28084780769741,8.350143536124147,306400
2021-07-29,8.44542407989502,8.59267769404034,8.410776219276718,8.532044144475853,461300
2021-07-30,8.687958717346191,8.705283059918964,8.410775844742801,8.428099361245453,568400
2021-08-03,8.670635223388672,8.765916629576305,8.61866302160534,8.635987364223157,759500
2021-08-04,8.817890167236328,8.991129489308994,8.661974364335803,8.757255784958208,497800
2021-08-05,8.280848503112793,8.774580816133875,8.280848503112793,8.774580816133875,1610400
2021-08-06,8.133594512939453,8.237538109856441,8.029650916022465,8.15958020565113,656200
2021-08-09,7.9863386154174805,8.012324300769011,7.83042285116821,7.83042285116821,770300
2021-08-10,7.830424785614014,8.07295983630814,7.735143365073169,7.795776921229138,842300
2021-08-11,8.254859924316406,8.566691476718145,7.9690148853282174,8.090282803047794,858600
2021-08-12,7.943029403686523,8.324155856850826,7.830423654188629,8.324155856850826,712000
2021-08-13,8.055635452270508,8.124931173600435,7.934367526908057,8.055635452270508,605600
2021-08-16,8.038311958312988,8.289509181195575,8.003664093986778,8.038311958312988,371700
2021-08-17,7.856409549713135,8.133593258132985,7.830423861010388,8.00366316247895,534700
2021-08-18,7.657184600830078,7.856409592075628,7.579226708231331,7.856409592075628,829800
2021-08-19,7.5099310874938965,7.6745082204552695,7.4406353656080375,7.622536842075958,426200
2021-08-20,7.691833019256592,7.778452263705997,7.492607187489554,7.492607187489554,450300
2021-08-23,8.185565948486328,8.237538160298207,7.813101597103944,7.891058675716339,421200
2021-08-24,8.203018188476562,8.237924616980232,8.063392474461882,8.194292205526821,349900
2021-08-25,8.22919750213623,8.281556721572477,8.05466455138931,8.159384654731378,415100
2021-08-26,8.203018188476562,8.246651432164875,8.159385777023152,8.194292205526821,312600
2021-08-27,8.586993217468262,8.665532921518984,8.098302187950006,8.203021515939223,557500
2021-08-30,8.272830963134766,8.648075689990145,8.272830963134766,8.648075689990145,504200
2021-08-31,8.22919750213623,8.342643587227814,8.168110636480893,8.29028353555678,538800
2021-09-01,8.237924575805664,8.333917877887142,8.107025677629883,8.229198592899538,410700
2021-09-02,8.072118759155273,8.272830501802083,8.019758703723365,8.272830501802083,362600
2021-09-03,8.159384727478027,8.246650371394734,7.932492555271958,8.1332042852917,504600
2021-09-07,8.019759178161621,8.185565336642494,7.958673136739667,8.115752480093146,444900
2021-09-08,7.871407985687256,8.063392937361371,7.810321108122809,8.063392937361371,511100
2021-09-09,7.784139156341553,7.932491649518947,7.6183330370328415,7.871405622528737,516400
2021-09-10,7.670694351196289,7.880132905985135,7.61833429638166,7.880132905985135,635600
2021-09-13,8.107025146484375,8.203017610041845,7.670694404838854,7.775413682965598,610100
2021-09-14,8.124479293823242,8.24665137664614,8.04593962216001,8.11575247869735,268800
2021-09-15,8.159384727478027,8.185564337429561,7.993578589237133,7.993578589237133,251800
2021-09-16,7.958674430847168,8.028487298748324,7.705602576646716,8.01103449789055,564000
2021-09-17,7.967400074005127,8.028486116363514,7.836500341792271,7.915040014673003,966200
2021-09-20,8.133204460144043,8.159384902893214,7.880132672545757,7.958672336323642,361100
2021-09-21,8.264105796813965,8.342645475984332,8.089573638788137,8.220472549248765,323700
2021-09-22,8.098297119140625,8.360095691368809,8.080844324850595,8.237922802399732,588500
2021-09-23,7.66196870803833,8.0808467138883,7.635789092746134,8.0808467138883,460000
2021-09-24,7.618333339691162,7.76668583876225,7.609607358513541,7.653240593340579,291800
2021-09-27,7.705600738525391,7.871406884414926,7.5659750360298865,7.749233978613944,373500
2021-09-28,7.644516468048096,7.73178213615356,7.531070350499467,7.592156401396796,455800
2021-09-29,7.400169372558594,7.6445152000895025,7.382716574726322,7.618334754988763,473800
2021-09-30,7.548522472381592,7.6881490268166495,7.41762356587773,7.4612568121240015,656000
2021-10-01,7.731780052185059,7.749233680442841,7.504888710477492,7.5747015590390205,484600
2021-10-04,7.976126194000244,7.9848521762658775,7.644514733095918,7.696873955629064,464400
2021-10-05,8.115752220153809,8.12447903500169,7.845226785513572,7.915039639826883,419700
2021-10-06,8.36882495880127,8.377551774622795,8.089573510392164,8.089573510392164,835800
2021-10-07,8.072118759155273,8.32519055723399,8.028485518334492,8.32519055723399,348600
2021-10-08,8.115752220153809,8.307737985632853,8.098298590458045,8.211744686775896,398700
2021-10-12,8.185566902160645,8.194293718957072,7.949947842067459,8.12448084905577,655700
2021-10-13,8.464816093444824,8.665528664328082,8.150658263816267,8.159385078253544,413100
2021-10-14,8.43863582611084,8.586988331068158,8.368822980511487,8.586988331068158,258500
2021-10-15,8.316462516784668,8.421181779978122,8.185563645851532,8.264103301305303,255200
2021-10-18,8.141932487487793,8.342645083962212,8.107026057522885,8.281558207347421,269500
2021-10-19,8.237924575805664,8.360097491075319,8.13320529081806,8.272831004134865,304100
2021-10-20,8.482271194458008,8.552084057602931,8.194292925926453,8.28155858874012,414500
2021-10-21,8.543354988098145,8.578261410463044,8.36009606262373,8.578261410463044,366500
2021-10-22,8.6568021774292,8.778975087469139,8.490996025786792,8.639348547894267,561400
2021-10-25,8.74406909942627,8.770248712807541,8.64807579663676,8.726615469015485,745100
2021-10-26,8.639348983764648,8.726615471372334,8.534629697976369,8.674255412360742,257200
2021-10-27,8.569534301757812,8.717886799759443,8.54335469394421,8.5869879284567,290300
2021-10-28,8.403732299804688,8.595718107491564,8.395005483038226,8.578264473958642,179300
2021-10-29,8.098297119140625,8.325189270554032,8.054663885063475,8.316462457291658,548100
2021-11-01,8.281558990478516,8.333919056494683,7.984853891601938,8.115753640524849,360100
2021-11-02,8.272830963134766,8.333917836584295,8.150658880705492,8.272830963134766,306100
2021-11-03,8.456090927124023,8.482271375538504,8.141933036265188,8.185566284720997,295000
2021-11-04,8.47354507446289,8.665530879997268,8.395005388915417,8.552084760010366,291200
2021-11-05,8.813881874084473,8.813881874084473,8.333917861335038,8.56953604403046,426300
2021-11-08,9.093133926391602,9.101860742116294,8.735342804028729,8.840062096020183,934600
2021-11-09,9.241486549377441,9.328752210718427,8.883695423738988,9.162946871606081,633400
2021-11-10,9.267666816711426,9.381112933449247,9.101861465931545,9.381112933449247,735600
2021-11-11,9.459651947021484,9.529464808958288,9.35493265411628,9.450925131220643,309300
2021-11-12,9.424745559692383,9.520738037241221,9.3025726346198,9.424745559692383,802300
2021-11-15,9.4072904586792,9.494556938991547,9.346204421801458,9.4072904586792,665400
2021-11-16,9.162944793701172,9.424743382825302,9.13676518445919,9.381110145932151,844600
2021-11-17,9.267666816711426,9.354933316428218,9.180401149229654,9.25021401610908,738100
2021-11-18,9.22374153137207,9.329155619771232,9.206172097760524,9.258879560838457,267300
2021-11-19,8.652750015258789,9.091975887347928,8.626395859748497,9.083191168844497,597000
2021-11-22,8.54733657836914,8.714242908385994,8.327723603536342,8.564906018479132,503900
2021-11-23,8.081755638122559,8.468274863189926,7.94998821552409,8.371644638044664,961100
2021-11-24,8.213522911071777,8.301367569658044,8.037831918385763,8.072969949371618,453100
2021-11-25,8.195954322814941,8.2574456739491,8.125678253588239,8.2574456739491,145500
2021-11-26,8.064186096191406,8.283799000007017,7.985125316776707,8.275014282792775,333000
2021-11-29,7.949987888336182,8.15203137303949,7.949987888336182,8.07297058763148,532100
2021-11-30,8.257445335388184,8.389213588103285,7.932418319101804,8.046617136352173,1077800
2021-12-01,8.160816192626953,8.48584321843314,8.125678158425117,8.239876979020288,644500
2021-12-02,8.011479377746582,8.195954267664558,7.870927240238947,8.195954267664558,569800
2021-12-03,7.9851274490356445,8.072972131364903,7.862143888466323,8.037834090881805,600600
2021-12-06,8.011479377746582,8.04661741212349,7.870927240238947,7.949988027026197,473800
2021-12-07,7.967556476593018,8.099324731364112,7.888495691281722,8.02904866392225,463700
2021-12-08,8.037833213806152,8.081755969056482,7.879712467764587,7.949988541062366,320500
2021-12-09,7.870926856994629,7.967556237386929,7.721590008724941,7.94998763993232,456100
2021-12-10,7.835787773132324,7.9763398849407965,7.79186502875301,7.9763398849407965,552400
2021-12-13,7.7567291259765625,7.870927957548117,7.651315013239026,7.791867163555741,660300
2021-12-14,7.712806701660156,7.80943693748126,7.554685944623963,7.616177303595986,731500
2021-12-15,7.721590042114258,7.809435543037502,7.572253193198816,7.712805324470577,673000
2021-12-16,7.906067371368408,8.011481502455808,7.809437960644219,7.8270065636135975,424100
2021-12-17,7.730376720428467,7.94120497080889,7.68645395882663,7.906066929078819,2782800
2021-12-20,7.730376720428467,7.765514762158538,7.598608435622955,7.721592000556701,449300
2021-12-21,8.195954322814941,8.27501511013419,7.712805718563735,7.756728471269632,726000
2021-12-22,8.178384780883789,8.204738094364334,7.993909911006509,8.14324675032415,339400
2021-12-23,8.661535263061523,8.696673304864241,8.116895196240892,8.195955999736258,627000
2021-12-24,8.54733657836914,8.652751543515055,8.494629933553197,8.608828780997094,37200
2021-12-29,8.687888145446777,8.793302255357055,7.9499885383179505,7.9499885383179505,579300
2021-12-30,8.56490421295166,8.749379106433201,8.5473347765454,8.749379106433201,434900
2021-12-31,8.56490421295166,8.652749719469284,8.406782636322673,8.608826966210472,317300
2022-01-04,9.469708442687988,9.85622763335259,9.188604186027746,9.188604186027746,2174800
2022-01-05,9.487278938293457,9.750814627254332,9.399433429387546,9.52241697430445,687100
2022-01-06,9.206172943115234,9.47849332480302,9.16225103056666,9.373079226724235,296000
2022-01-07,9.012914657592773,9.285234215888002,8.889931117802035,9.214958146795244,335200
2022-01-10,9.048050880432129,9.083188907942759,8.793299971540897,9.012912852921499,343200
2022-01-11,9.144681930541992,9.153466648476426,8.88114625680668,9.118328614495505,243800
2022-01-12,9.118328094482422,9.40821706773202,9.09197477993885,9.197388875869906,708900
2022-01-13,9.22374153137207,9.241310964983617,9.091974130312295,9.091974130312295,388500
2022-01-14,9.030484199523926,9.285235186041646,8.977777561075799,9.285235186041646,340500
2022-01-17,9.10954475402832,9.135898072555404,9.004130642163092,9.065621997978585,79300
2022-01-18,9.100759506225586,9.27645052021133,8.898716013001557,8.977776801743776,831300
2022-01-19,9.17103385925293,9.250094633189395,8.87236103447483,9.206171887918394,1240500
2022-01-20,8.933855056762695,9.197390769734204,8.889932298307954,9.144683292037127,422300
2022-01-21,8.942638397216797,9.048052498601123,8.881146209758334,8.925068961441006,393200
2022-01-24,8.837224006652832,8.942638104587703,8.661533005671268,8.872362039297789,392100
2022-01-25,8.951423645019531,8.99534640341308,8.529767175058106,8.837225646056014,539400
2022-01-26,8.758164405822754,9.135898098298302,8.670318893475756,8.933854592759857,690400
2022-01-27,8.916284561157227,9.065621419543705,8.608826963940297,8.61761168214111,410800
2022-01-28,8.933855056762695,8.968993095975101,8.775733461428402,8.916285618278023,415100
2022-01-31,9.012914657592773,9.039267974063351,8.881146399726235,9.039267974063351,496700
2022-02-01,9.153468132019043,9.250097531688523,9.08319205266725,9.109545372984936,479600
2022-02-02,9.22374153137207,9.32037090296546,8.95142117469004,9.17981878509991,561000
2022-02-03,8.731809616088867,9.188604906747859,8.687887700858207,9.188604906747859,628200
2022-02-04,9.100759506225586,9.100759506225586,8.705456400271345,8.705456400271345,510900
2022-02-07,9.294018745422363,9.37307953098707,8.995345038958723,9.021699192651498,507900
2022-02-08,9.373079299926758,9.381864017607793,9.18860441740896,9.311587951673088,270100
2022-02-09,9.294018745422363,9.452140316551775,9.250095993691215,9.37307953098707,247400
2022-02-10,9.206172943115234,9.671752923492521,9.18860434564716,9.311587878950803,779300
2022-02-11,9.531201362609863,9.645399347372416,9.18860489505171,9.22374292984561,692300
2022-02-14,9.557555198669434,9.698107345483313,9.425786932713764,9.680538746010017,360000
2022-02-15,9.60147762298584,9.698107011149952,9.320372501292047,9.373079973408649,298900
2022-02-16,9.926504135131836,10.00556492024215,9.627830430384787,9.698106497647998,527300
2022-02-17,10.110978126525879,10.260314965686202,10.031917348410799,10.119762843595717,969900
2022-02-18,10.005565643310547,10.137333069512254,9.908935415522889,10.110979751823285,601200
2022-02-22,10.260315895080566,10.46235937944785,10.058271572956478,10.058271572956478,1100200
2022-02-23,10.365731239318848,10.497498672077537,10.163686892964366,10.163686892964366,990400
2022-02-24,10.181256294250488,10.708326861149896,10.00556610528402,10.620482185545113,791200
2022-02-25,10.365731239318848,10.436007315157736,9.513632772576198,9.662969643173062,1140200
2022-02-28,10.857662200927734,10.919154386716944,10.31302227301498,10.321806990664408,1465600
2022-03-01,10.769817352294922,11.129982392153158,10.66440325558691,10.936722795976749,1044200
2022-03-02,11.147552490234375,11.252967438891613,10.56777446140398,10.655619972699384,925100
2022-03-03,11.006999015808105,11.147551146735958,10.7258947539524,11.077275081272033,426500
2022-03-04,11.103630065917969,11.270535524458584,11.024569276909366,11.033353995189621,476600
2022-03-07,11.261751174926758,11.402303320985615,11.1299837474358,11.138768466003695,422900
2022-03-08,11.226611137390137,11.367163258397099,11.033352389883925,11.31445663189785,2290000
2022-03-09,11.463794708251953,11.516501340444691,10.629265771307871,10.85766257373776,1895900
2022-03-10,11.764080047607422,11.940718564026948,11.499123957527871,11.578610279186815,735100
2022-03-11,11.587441444396973,11.631601069961194,11.269493656429226,11.543281818832751,621400
2022-03-14,10.880888938903809,11.560944918722658,10.69541920279637,11.525617390048609,769600
2022-03-15,11.066361427307129,11.251831209542441,10.624766787915904,10.748413590164422,1046700
2022-03-16,10.99570369720459,11.057527504537443,10.819066052556572,10.99570369720459,455000
2022-03-17,11.128182411193848,11.42846598187805,11.057527354294658,11.092854882744252,1006400
2022-03-18,10.686589241027832,10.836731466566846,10.297985536476917,10.580605799950437,3216000
2022-03-21,10.951543807983398,11.066358484768955,10.704251111516275,10.704251111516275,649300
2022-03-22,10.792571067810059,10.969208719845666,10.660092197077281,10.960376626675194,305200
2022-03-23,10.898553848266602,10.916217192639474,10.7837391618812,10.88088966161895,378500
2022-03-24,10.880888938903809,11.066358675011246,10.827898067030096,10.942712745789436,366300
2022-03-25,10.845562934875488,10.889722562494596,10.748412427933326,10.819067495213961,242300
2022-03-28,10.589437484741211,10.907386111143147,10.580605391280091,10.774907236050742,475000
2022-03-29,10.792571067810059,10.907385752201893,10.289152706665128,10.448127014634554,525800
2022-03-30,10.854393005371094,10.925048059480165,10.801401293651947,10.801401293651947,259300
2022-03-31,10.854393005371094,11.004535205921542,10.836729662981167,10.854393005371094,516500
2022-04-01,11.092856407165527,11.145847285984765,10.76607567125596,10.81906739235003,432800
2022-04-04,11.022198677062988,11.304819739075288,10.889720659629658,11.163509629206485,1038400
2022-04-05,10.978041648864746,11.322484885990784,10.89855448882802,11.110519687409402,674900
2022-04-06,10.686589241027832,11.084024197106178,10.624765426686881,10.99570494363329,325100
2022-04-07,10.969210624694824,11.01337025594092,10.633598606409365,10.67775823765546,407900
2022-04-08,10.96037769317627,11.145847456429507,10.880890531457046,11.022200666835733,542000
2022-04-11,11.172343254089355,11.207670789065551,10.986873484895606,11.031033114184568,302800
2022-04-12,11.084023475646973,11.278325315275323,11.066359289192228,11.26949322204795,317400
2022-04-13,11.34014892578125,11.410803991053578,11.10168744878103,11.16351126260043,309000
2022-04-14,11.60510540008545,11.631600837985648,11.234165900383532,11.331316400867449,574900
2022-04-18,11.552114486694336,11.737584249464536,11.543282392687459,11.666929181959206,298700
2022-04-19,11.34014892578125,11.613937093142816,11.287157205689596,11.51678658896207,294600
2022-04-20,11.463794708251953,11.499123082667952,11.11051938684003,11.348980860499182,314700
2022-04-21,10.854393005371094,11.375474661131513,10.668923277766108,11.375474661131513,446900
2022-04-22,10.677757263183594,11.013369250840483,10.633597635967586,10.695420608705097,283400
2022-04-25,10.430464744567871,10.483455624497513,9.962373865631886,10.359808834203598,381400
2022-04-26,10.200835227966309,10.554110564113042,10.050692999535237,10.545278470140664,258700
2022-04-27,10.139010429382324,10.333312266561444,10.121347085424999,10.200834238919855,342800
2022-04-28,10.439294815063477,10.45695900122438,10.024196547579306,10.165506667767515,361300
2022-04-29,10.501118659973145,10.598269157363395,10.395136069472482,10.51878200391921,628300
2022-05-02,10.024198532104492,10.289154638774278,9.988870995063525,10.244995849179261,465600
2022-05-03,9.82989501953125,10.10368317541551,9.79456748837603,10.07718773761779,833400
2022-05-04,10.086018562316895,10.112513996781916,9.617928622819695,10.041858943358742,984000
2022-05-05,9.935877799987793,10.350976930579781,9.821063111003847,10.350976930579781,381400
2022-05-06,9.715080261230469,10.024196788270439,9.670920637042647,9.935877539894797,670400
2022-05-09,9.264654159545898,9.582602798717046,9.167503654396285,9.423628479131471,560900
2022-05-10,9.158673286437988,9.397134810751965,9.070354858461503,9.370638524311532,379700
2022-05-11,9.10567855834961,9.352971231588334,9.061518941845465,9.238156565587412,559800
2022-05-12,8.80539608001709,9.15867140385662,8.699413482865232,8.91137867716895,726600
2022-05-13,9.141008377075195,9.335309390814736,8.690581691790655,8.81422763830221,407800
2022-05-16,9.185164451599121,9.211660725695987,9.043854358847533,9.12334149658895,255900
2022-05-17,9.060680389404297,9.345216573883539,9.025113472342166,9.345216573883539,580700
2022-05-18,9.060680389404297,9.11403118898859,8.873953862832561,9.042897354864328,327000
2022-05-19,9.61197280883789,9.79869941181384,9.25630264470237,9.26519458960183,603900
2022-05-20,9.238517761230469,9.594187006482443,9.176275007324596,9.567512025084136,411600
2022-05-24,9.514159202575684,9.53194308506914,9.202948890779929,9.416350392808251,380600
2022-05-25,9.416354179382324,9.505271083658954,9.256302564508847,9.389679192897589,238700
2022-05-26,9.274085998535156,9.531946449839483,9.185168250644358,9.42524566116002,446300
2022-05-27,9.1229248046875,9.318542460442139,8.989548205237686,9.318542460442139,322600
2022-05-30,9.158491134643555,9.265191898497878,9.05179037078923,9.12292421335878,84600
2022-05-31,8.776145935058594,9.211840924859978,8.678337115301836,9.105140162948349,647300
2022-06-01,9.034006118774414,9.069573038612807,8.7761457379505,8.838387635672124,380800
2022-06-02,9.247407913208008,9.576402991488989,9.114032171837447,9.122924114057426,1136000
2022-06-03,9.158491134643555,9.45191844723852,9.131816155675548,9.21184109257957,338000
2022-06-06,8.998441696166992,9.23851910768868,8.945091725594946,9.23851910768868,289400
2022-06-07,8.98954963684082,9.105142368912752,8.838389975514637,8.962874651895753,360400
2022-06-08,8.873954772949219,9.051790224480948,8.758362916628785,8.971764440888125,873500
2022-06-09,8.713906288146973,8.865065951919611,8.696122399240782,8.838390118560325,611300
2022-06-10,9.025116920471191,9.149601601740265,8.509396002043268,8.633880683312341,1088200
2022-06-13,8.473827362060547,8.953981252981507,8.456044324313579,8.731687769259167,707500
2022-06-14,8.10926628112793,8.589420177774242,8.047024376297852,8.527178272944166,782100
2022-06-15,8.28709888458252,8.482717342436631,8.127048189958382,8.367124655885663,536400
2022-06-16,8.224860191345215,8.384911796152812,8.162618277467805,8.171509373748522,734900
2022-06-17,8.207076072692871,8.376019617026495,8.162618048588453,8.233751904734467,1979700
2022-06-20,8.011456489562988,8.295991846569946,7.966997628035088,8.180399145790307,325700
2022-06-21,8.029239654541016,8.233750081666157,7.9669977561901,8.091482400874197,749000
2022-06-22,8.06480884552002,8.313778204989676,7.94921611033393,8.091484679166236,755200
2022-06-23,7.798056602478027,8.224859727238286,7.709138860828425,8.00256622109671,432900
2022-06-24,8.153724670410156,8.215966571594533,7.798055452238997,7.869189295873229,378200
2022-06-27,8.269318580627441,8.322668547118772,8.073700058200231,8.091483945685626,610600
2022-06-28,8.215968132019043,8.349344750151621,8.180401203446849,8.33156086187429,341000
2022-06-29,7.96699857711792,8.384910568493085,7.842513919606794,8.26042591098196,339900
2022-06-30,7.762487411499023,8.02034864565065,7.65578664977194,7.8958639996445825,516000
2022-07-04,7.789164066314697,8.020349498635,7.7358132557860255,7.833622933758196,222500
2022-07-05,7.282334804534912,7.860298422661441,7.166742928892027,7.860298422661441,628000
2022-07-06,7.2378764152526855,7.557978738921592,6.935557130018641,7.3267933033917485,569100
2022-07-07,7.282334804534912,7.4779533251302315,7.193417911887891,7.3267936748496325,513300
2022-07-08,6.882206439971924,7.3179014890800484,6.855531457858592,7.246767638122901,772900
2022-07-11,6.9622321128845215,7.16674256680679,6.819964413451141,6.846639395099305,839300
2022-07-12,6.837748050689697,7.068933068179266,6.802181124922071,6.917773845662455,974500
2022-07-13,6.837748050689697,6.997799216644014,6.633238015530248,6.891098439341136,906300
2022-07-14,6.917773723602295,7.0244744990224985,6.517645179789742,6.686588286200661,823800
2022-07-15,6.873314380645752,6.980015148699301,6.775505131267752,6.980015148699301,448400
2022-07-18,6.846639156341553,7.042257660231982,6.837747637432628,6.971123812995889,663300
2022-07-19,6.935556411743164,7.015581772377033,6.864422145414739,6.864422145414739,623500
2022-07-20,6.846639156341553,7.104499564567976,6.811072232723506,6.971123812995889,613800
2022-07-21,6.971123695373535,7.042257541409401,6.75772173327477,6.8466390408196025,450400
2022-07-22,6.7577223777771,7.1045001222706645,6.739938914572075,6.9800158798354985,349300
2022-07-25,6.882206439971924,6.882206439971924,6.624346018256668,6.757722200796917,810800
2022-07-26,6.873314380645752,6.988907091366011,6.757721669925494,6.89109784198801,1061400
2022-07-27,6.997798442840576,7.06893228650998,6.811071891212811,6.864422273964865,1133400
2022-07-28,7.157850742340088,7.282334557418203,7.086716467452144,7.148958798982396,899000
2022-07-29,7.086716651916504,7.228984781404379,6.935557426821897,7.228984781404379,813400
2022-08-02,7.2023091316223145,7.460169535950493,7.131175285461599,7.24676714948601,659300
2022-08-03,7.095607757568359,7.309009714603421,6.944448126333349,7.228983927716379,706200
2022-08-04,7.148959159851074,7.317901852263228,7.0867168251789225,7.113392232607335,547800
2022-08-05,7.104499340057373,7.113391282676476,6.98001511132806,7.042257437688297,403500
2022-08-08,7.228984832763672,7.317901725339604,7.148959035857638,7.237876776415991,571900
2022-08-09,7.113392353057861,7.300118936244928,7.042258497365879,7.255660064441827,1011200
2022-08-10,5.575120449066162,6.757721692202747,5.4862031420617505,6.606562058299665,2602200
2022-08-11,5.824090003967285,6.0552750288256565,5.432853384061904,5.56622957193734,3466000
2022-08-12,5.886330604553223,5.939680983036625,5.806305248823679,5.850763685564288,2021500
2022-08-15,5.637362957000732,5.868547962636381,5.610687552047184,5.824089519702038,1402600
2022-08-16,5.566228866577148,5.655146172562644,5.503986540391721,5.584012327774247,769800
2022-08-17,5.406177520751953,5.5840125642450325,5.335043672951192,5.512878292453094,2423000
2022-08-18,5.352827072143555,5.521770170685222,5.352827072143555,5.406177457368633,603000
2022-08-19,5.308369159698486,5.397286908376487,5.246127244413384,5.343936513564436,1239500
2022-08-22,5.326151371002197,5.379502177248144,5.246126009615574,5.272800988747399,932400
2022-08-23,5.370611190795898,5.521770846085087,5.335044262962116,5.343936206916173,817000
2022-08-24,5.4335832595825195,5.442579464315552,5.2716554350518035,5.3796073180722805,707000
2022-08-25,5.469566822052002,5.514546984514403,5.415590884474694,5.460571046937094,1303100
2022-08-26,5.289646625518799,5.4605706292541525,5.253662669886365,5.4605706292541525,1350000
2022-08-29,5.199686527252197,5.343622343991335,5.136714392947539,5.271654435621766,1630500
2022-08-30,5.27165412902832,5.289646105074319,5.136714094202053,5.154706070248053,770100
2022-08-31,5.35261869430542,5.4695667724775845,5.163702700015806,5.244666820129245,1575600
2022-09-01,5.253663063049316,5.307639000537308,5.127718779948048,5.235671083886652,1146700
2022-09-02,5.316634178161621,5.505550152620797,5.199686541228023,5.28964642693178,884600
2022-09-06,5.316634178161621,5.4605704242502044,5.181694564087271,5.316634178161621,1110500
2022-09-07,5.406594753265381,5.496554643302535,5.289646681735784,5.3256306377506455,936600
2022-09-08,5.3975982666015625,5.4245864466781,5.253662450093543,5.370610086525024,681300
2022-09-09,5.514547348022461,5.532539328400892,5.3975992610813295,5.4425794265087335,1302500
2022-09-12,5.523542881011963,5.568523044462825,5.118723125804722,5.47856314652373,3983700
2022-09-13,5.091734886169434,5.415590944165451,5.028763172783142,5.406595168951392,2857600
2022-09-14,5.208682537078857,5.289646652140604,5.109726444110343,5.109726444110343,1907500
2022-09-15,4.938802719116211,5.226674810884436,4.893822986284142,5.1547068951830335,1910300
2022-09-16,5.118721961975098,5.118721961975098,4.866833876054099,4.902817827048166,7633300
2022-09-19,5.163702487945557,5.208682648152962,4.96579072675069,5.028762865248538,2959300
2022-09-20,5.136714458465576,5.145710232645227,4.992778639890558,5.082738526499944,1649600
2022-09-21,5.280650615692139,5.388602486546426,5.118722809410708,5.199686927032726,1239100
2022-09-22,5.27165412902832,5.451573889488312,5.235670176936321,5.2986418786160465,1350000
2022-09-23,5.037758827209473,5.118722947007899,4.902818770532968,5.118722947007899,1126800
2022-09-26,4.6959099769592285,5.0377579463790205,4.659926025332149,5.0377579463790205,1692100
2022-09-27,4.983782768249512,5.046754907546023,4.77687480080395,4.77687480080395,1096700
2022-09-28,5.244667053222656,5.262659033051652,5.037759070707884,5.082739234761692,562800
2022-09-29,5.307638645172119,5.3166344196698425,5.154706618047506,5.217678755381932,1101300
2022-09-30,5.469566822052002,5.496555005321967,5.2536630717427695,5.298642805242549,2202900
2022-10-03,5.622498512268066,5.64049049034882,5.442578731460526,5.541534396423376,1139100
2022-10-04,6.198243618011475,6.3691676622653715,5.955351645432293,5.98233983303562,2262600
2022-10-05,6.000330448150635,6.126274294027965,5.982338470168159,6.099286541535547,931700
2022-10-06,6.072298049926758,6.16225793524427,6.000330141672748,6.000330141672748,641000
2022-10-07,5.766433238983154,6.00032933846165,5.748441264328078,5.928361439841347,643600
2022-10-11,5.766433238983154,5.84739733941225,5.676473365707776,5.694465340362852,641200
2022-10-12,5.775430202484131,5.874386290619119,5.703462294372346,5.775430202484131,465800
2022-10-13,5.730450630187988,5.730450630187988,5.433582764452168,5.568522820412799,783200
2022-10-14,5.487558841705322,5.694466818425222,5.433582903730039,5.694466818425222,414500
2022-10-17,5.496555805206299,5.685471828700124,5.478563823395586,5.631495883267986,1812000
2022-10-18,5.559526443481445,5.649486763963951,5.469566551961538,5.568522647114736,561900
2022-10-19,5.424587249755859,5.514547148391397,5.3886028613390105,5.4965551686642895,384600
2022-10-20,5.514547348022461,5.613503025622511,5.388603056410789,5.469567182595057,950300
2022-10-21,5.775430202484131,5.820409930572712,5.49655434406968,5.505550118102369,509700
2022-10-24,5.6854705810546875,5.775430470367046,5.59551026277974,5.703462558917159,908400
2022-10-25,5.766433238983154,5.8024171882933055,5.649485618206418,5.703461542171645,876200
2022-10-26,5.847398281097412,5.955350146412806,5.81141432599228,5.81141432599228,1444000
2022-10-27,5.775430202484131,5.928362221702958,5.748442022460927,5.8833820646518085,796000
2022-10-28,5.784426689147949,5.793422893251523,5.640490855191739,5.730450751414371,338700
2022-10-31,5.694467067718506,5.784426968282258,5.667479312030702,5.784426968282258,1078000
2022-11-01,5.793423175811768,5.937359016788101,5.757439215567684,5.874387300842277,375300
2022-11-02,5.44257926940918,5.856395235131,5.44257926940918,5.784426886731984,847900
2022-11-03,5.505550861358643,5.523542840815528,5.271655128419124,5.397598984617327,712700
2022-11-04,5.694467067718506,5.910371258034152,5.568523206929254,5.712459047831256,779700
2022-11-07,5.6854705810546875,5.838402178404402,5.59551026277974,5.793422448229517,511500
2022-11-08,6.0992865562438965,6.108282330775531,5.649486676634726,5.649486676634726,600900
2022-11-09,6.036314010620117,6.189246027983118,6.000330057000888,6.072297964239345,680000
2022-11-10,6.333182334899902,6.396154473111264,6.225230465648364,6.28820217489713,1030000
2022-11-11,6.324186325073242,6.396154235231033,6.270209963492318,6.378162257691585,709300
2022-11-14,6.2162346839904785,6.288202601709668,6.189246929327095,6.261214847046285,985400
2022-11-15,6.234226703643799,6.387158744265115,6.144266805914386,6.27920686698982,707700
2022-11-16,6.162259101867676,6.261215208932345,6.144267121397977,6.18924728705355,774100
2022-11-17,6.116814613342285,6.13499235112106,5.980481363305748,6.089547789978396,994000
2022-11-18,6.198614120483398,6.207702771900598,6.025925409642429,6.071369533511263,575300
2022-11-21,6.116814613342285,6.1804369122637235,6.044103662227187,6.144081436706174,1194800
2022-11-22,6.407658100128174,6.471279958200798,6.180436187831308,6.180436187831308,653200
2022-11-23,6.516725063323975,6.553080537684633,6.298591783768582,6.4258363774223275,442400
2022-11-24,6.562168598175049,6.653057709276913,6.525813127090864,6.5803463337171415,430400
2022-11-25,6.371303081512451,6.562169102682739,6.371303081512451,6.534902713969027,492000
2022-11-28,6.162258625030518,6.41674693124205,6.153169540255826,6.353124637993459,1402100
2022-11-29,6.34403657913208,6.371303402611411,6.225881066374071,6.262236542085542,1093600
2022-11-30,6.534902572631836,6.5530803091783065,6.262236091043352,6.353124773775705,958200
2022-12-01,6.716680526733398,6.76212508877796,6.57125862161714,6.653058659940767,916700
2022-12-02,6.607613563537598,6.707591331915541,6.507635795159654,6.61670264856806,983200
2022-12-05,6.33494758605957,6.60761409127061,6.307681195573344,6.5894363531493045,796500
2022-12-06,6.316769123077393,6.49854691682257,6.307680471755411,6.407658236645688,788800
2022-12-07,6.325858116149902,6.507635473870311,6.325858116149902,6.362213587693984,612000
2022-12-08,6.316769123077393,6.5530801249287,6.298591387042016,6.407658236645688,898900
2022-12-09,6.225881099700928,6.543991730574859,6.216792447420137,6.371303436716707,955500
2022-12-12,6.153170108795166,6.207703322307815,6.025925943932319,6.14408145657212,1359500
2022-12-13,6.28950309753418,6.534902764824493,6.216792149209856,6.416747257101747,1022500
2022-12-14,6.216792106628418,6.289503054454714,6.125902988454112,6.280413969280709,1558900
2022-12-15,6.107725143432617,6.189525174985618,5.989570072001139,6.06228101854095,644700
2022-12-16,6.080458164215088,6.125902284690033,5.953214020137301,6.125902284690033,5131500
2022-12-19,5.935036659240723,6.18952496343182,5.907769838524542,6.08954719866104,582800
2022-12-20,6.434925556182861,6.453103294851512,6.025926219442493,6.025926219442493,549900
2022-12-21,6.580346584320068,6.580346584320068,6.407658306789307,6.453102430679511,437600
2022-12-22,6.407658100128174,6.571257720961012,6.289502601719867,6.471279958200798,1300100
2022-12-23,6.507636070251465,6.5530806305419596,6.24405866070607,6.4258364684766,551500
2022-12-28,6.380392074584961,6.634880838744122,6.3440365987610035,6.598525362920165,360000
2022-12-29,6.380392074584961,6.480369849796573,6.380392074584961,6.444014373972616,243900
2022-12-30,6.371303081512451,6.398569470226163,6.253147574709207,6.398569470226163,253400
2023-01-03,6.6530585289001465,6.734858132221161,6.498547541061685,6.498547541061685,1350000
2023-01-04,6.825746059417725,6.834834710021438,6.634879629434581,6.680323749235904,516100
2023-01-05,6.952991008758545,6.980257397126326,6.70759134649137,6.734857734859151,647600
2023-01-06,7.052968978881836,7.189301791399107,6.889368910434804,7.043879893571916,953500
2023-01-09,7.007524490356445,7.189301864488456,6.9984354049541215,7.071146787998372,682900
2023-01-10,7.143857002258301,7.152945653333588,6.962079213447157,6.98934603345582,755000
2023-01-11,7.271101951599121,7.316546512153195,7.1075023137090625,7.162035526339082,971400
2023-01-12,7.380167484283447,7.443789341294827,7.25292333686929,7.407433870605068,834000
2023-01-13,7.489234447479248,7.525589920844376,7.316546165690603,7.3801680273838635,693000
2023-01-16,7.471056938171387,7.507412410534002,7.343812351510819,7.461967853385025,157500
2023-01-17,7.062057018280029,7.489234022792364,7.016612462454899,7.489234022792364,652800
2023-01-18,7.016613006591797,7.180213073536297,6.998435269530345,7.143857599413394,715100
2023-01-19,7.307456970214844,7.371078830946576,7.016612754297966,7.034790490705807,625300
2023-01-20,7.489234447479248,7.561945394209504,7.2529238706059145,7.2529238706059145,559300
2023-01-23,7.516501426696777,7.543767814024096,7.398345925901299,7.4437896158525545,832700
2023-01-24,7.543767929077148,7.598300704563486,7.41652334163763,7.489234286807973,490800
2023-01-25,7.907322406768799,7.925500575882308,7.407434024323852,7.4256121934373605,897000
2023-01-26,8.016390800476074,8.061835367698023,7.880057965593253,7.898235272412218,1057200
2023-01-27,7.998211860656738,8.116367364596705,7.952767302713236,7.970945472603777,1184900
2023-01-30,7.689189434051514,7.98912228454287,7.689189434051514,7.943677729393284,1809200
2023-01-31,7.761899948120117,7.816433584652944,7.616478073076244,7.652833541837212,483100
2023-02-01,8.179987907409668,8.225432458029596,7.770988685395726,7.807344152535127,851800
2023-02-02,8.098189353942871,8.270878504167241,8.007301103051557,8.198167556741042,844600
2023-02-03,7.907322406768799,7.916411491325554,7.79825599243618,7.916411491325554,786900
2023-02-06,7.880056858062744,7.907323247850452,7.734634956817764,7.86187868701567,610500
2023-02-07,8.134544372558594,8.17089984423774,7.898233373252736,7.9436779295473725,815100
2023-02-08,8.134544372558594,8.216344400532376,7.989122485842009,8.216344400532376,514300
2023-02-09,8.007301330566406,8.27996695777058,7.898234039545269,8.225434179042901,1104400
2023-02-10,7.798255443572998,8.052743725770842,7.652833568031373,7.934588235197584,1241500
2023-02-13,7.825523853302002,7.916412982423367,7.66192463437971,7.66192463437971,560000
2023-02-14,7.880056858062744,7.980034198472942,7.698279481506519,7.807345907440254,812700
2023-02-15,7.671011447906494,7.980033390141379,7.661923230086445,7.980033390141379,525600
2023-02-16,7.616479396820068,7.716456736593102,7.552857532126582,7.598301225888845,1109000
2023-02-17,7.634657382965088,7.689191033847298,7.425613599279725,7.507413642211554,606300
2023-02-21,7.498323917388916,7.689190379048314,7.4801457463818775,7.634656732810099,918400
2023-02-22,7.443789958953857,7.552857246855941,7.371079011541045,7.498323602904899,1152700
2023-02-23,7.543767929077148,7.598300704563486,7.443789729380799,7.443789729380799,840900
2023-02-24,7.48014497756958,7.543767702772144,7.380167647655282,7.48014497756958,924900
2023-02-27,7.78916597366333,7.861876907830948,7.489233153526232,7.489233153526232,1210100
2023-02-28,7.834611415863037,7.889145056086522,7.607389504033659,7.780078642422358,1485300
2023-03-01,8.089099884033203,8.243610856659748,7.9436779960982955,7.9527670807899336,1463600
2023-03-02,8.043656349182129,8.098189124817427,7.907322676528205,7.980033621897161,1520900
2023-03-03,8.107279777526855,8.207257130047783,7.998213338381387,8.152724343866552,672700
2023-03-06,7.798255443572998,8.080010977521958,7.743722673636264,8.043655508636553,528400
2023-03-07,7.380167484283447,7.7346339735956935,6.989345957672838,7.7346339735956935,1781600
2023-03-08,7.571033477783203,7.725544435842676,7.316545197889906,7.380167051167545,1116500
2023-03-09,7.425612449645996,7.6801007585361445,7.416523364775637,7.598300728268601,903400
2023-03-10,7.516501426696777,7.6891897021468925,7.389256841197918,7.4892341725866345,1671900
2023-03-13,7.892327308654785,8.148988998988377,7.800663168549099,7.800663168549099,1444000
2023-03-14,7.928993225097656,7.9748257327362735,7.718164913815341,7.864828238913017,778400
2023-03-15,7.754828929901123,8.093988008347432,7.608165639133223,7.974823866052972,752900
2023-03-16,7.626499652862549,7.782329649304606,7.406504672302824,7.681498835093652,1344500
2023-03-17,8.029826164245605,8.139823675157976,7.681500275931845,7.7456652720851,3294200
2023-03-20,7.947325706481934,8.103155690858621,7.883160727332337,8.038990711709024,1518100
2023-03-21,7.617332935333252,7.901492865853153,7.479835433374574,7.855660365200261,560800
2023-03-22,7.8373284339904785,7.97482507132026,7.534835132519118,7.626499266011539,843300
2023-03-23,7.910659313201904,8.01149011239121,7.763996014678474,7.8556601391645104,791000
2023-03-24,7.99315881729126,8.011491295222221,7.809829667069926,7.919827157202726,828600
2023-03-27,8.002323150634766,8.057322322699271,7.809828233864454,7.855659857372328,1162500
2023-03-28,8.176487922668457,8.203987076505252,7.938159591596667,8.029824603295769,920400
2023-03-29,8.084823608398438,8.167321951207795,8.029825295980475,8.112323638789833,463100
2023-03-30,8.167320251464844,8.231485227326235,8.048156100449237,8.14898777586826,412400
2023-03-31,8.002323150634766,8.176486467020547,7.901492355062386,8.176486467020547,1037800
2023-04-03,8.112321853637695,8.148987678575333,7.919826054169547,8.011490179422527,842200
2023-04-04,8.405649185180664,8.506479993994892,8.020657552715726,8.112322560133967,1235800
2023-04-05,8.433148384094238,8.607311724309897,8.323150899097017,8.488147563683999,904400
2023-04-06,8.57064437866211,8.634809348338715,8.286483603756011,8.433146891120908,1058000
2023-04-10,8.48814582824707,8.524811649082997,8.31398252363983,8.478979154492558,1151200
2023-04-11,8.964802742004395,9.093133569813126,8.708141960569174,8.854805264246442,1427900
2023-04-12,9.175631523132324,9.258129846637798,8.909804077493689,9.111465674749061,1124200
2023-04-13,9.39562702178955,9.423126173179854,9.212297888883768,9.25813039065578,938500
2023-04-14,9.303961753845215,9.377293404923586,9.065634324931624,9.31312842877557,872800
2023-04-17,8.93730354309082,9.248963498821608,8.854805216670055,9.212297673099295,1118500
2023-04-18,9.148131370544434,9.157298045067753,8.8914706031669,8.937303101601294,1060200
2023-04-19,8.836471557617188,8.983134840866914,8.77230571555884,8.973968167118274,664200
2023-04-20,8.955638885498047,9.166467211760981,8.818141352812171,8.863973863707463,1226400
2023-04-21,8.781472206115723,8.937302159863291,8.698973892463233,8.891469666258342,489600
2023-04-24,8.863973617553711,8.891472773654256,8.662311099724082,8.763142795730102,913600
2023-04-25,8.891469955444336,8.928135776684394,8.735639996628557,8.808971639108671,678500
2023-04-26,8.836471557617188,9.001467314182067,8.753973242243687,8.900636525493411,729200
2023-04-27,8.671475410461426,8.863971199007334,8.61647623908452,8.827305376150122,1183000
2023-04-28,8.396482467651367,8.708142442297497,8.378149990768692,8.662309938817367,1357400
2023-05-01,8.295650482177734,8.616476212648482,8.268151333664738,8.478979595901329,1048900
2023-05-02,8.533978462219238,8.643975926523558,8.295650185802145,8.33231600723692,950300
2023-05-03,8.414815902709961,8.56147921596448,8.368983398772347,8.469814208089254,1053700
2023-05-04,8.442313194274902,8.616475621824616,8.37814822741692,8.423979847068559,779200
2023-05-05,8.405649185180664,8.460647490285771,8.15815418966079,8.2681525482356,484700
2023-05-08,8.478981018066406,8.515646846961022,8.295651873593325,8.414816036046407,667600
2023-05-09,8.616477012634277,8.662309513865978,8.442314556972514,8.460647032955844,528000
2023-05-10,8.625642776489258,8.717307769269011,8.488146161501785,8.65314192465032,562700
2023-05-11,8.075655937194824,8.570645005335312,8.057322587842629,8.561478330659215,802100
2023-05-12,8.240652084350586,8.295651260720394,7.974824625958059,8.048156278329635,416400
2023-05-15,6.746518135070801,7.6814975160843035,6.609021077285354,7.663164167094553,2586200
2023-05-16,6.865682125091553,7.085677513977713,6.6273542606469205,6.673186760816446,2117000
2023-05-17,6.700685977935791,6.874848868385833,6.618187651646003,6.874848868385833,1530000
2023-05-18,6.499022960662842,6.673185824954502,6.434857556842424,6.627353331212625,1888300
2023-05-19,6.4898576736450195,6.609021833160645,6.434858931658843,6.508190587640413,888400
2023-05-23,6.5356903076171875,6.59985528933608,6.352360726913256,6.425692821449522,1444800
2023-05-24,6.370692729949951,6.544855610013747,6.343193580887353,6.526522698274984,652600
2023-05-25,6.352360248565674,6.4256923375798625,6.260695683661843,6.343194010620852,1350200
2023-05-26,6.398659706115723,6.5468200028373875,6.343099760426798,6.454219651804648,2272500
2023-05-29,6.463480472564697,6.50052043984749,6.343100358120001,6.352360570716319,216600
2023-05-30,6.898699760437012,6.94499993663506,6.602380045733353,6.657939992240289,1507400
2023-05-31,7.574680805206299,7.954340690104467,7.389480527497719,7.454300690928408,2764700
2023-06-01,7.7506208419799805,7.880261175752723,7.435780662176555,7.63950093436157,2132900
2023-06-02,7.593201160430908,7.750621258798472,7.546900975657641,7.750621258798472,801800
2023-06-05,7.528380393981934,7.648760504559547,7.472820003291322,7.546899935477169,732800
2023-06-06,7.537640571594238,7.6302400448492,7.472819968903074,7.565420325260482,1403500
2023-06-07,7.2876200675964355,7.806180468512015,7.259840314203484,7.5561600386681365,787600
2023-06-08,7.463561058044434,7.500601026042812,7.398740451720399,7.408000664495618,770600
2023-06-09,7.352440357208252,7.454300485057259,7.333920374103998,7.454300485057259,294100
2023-06-12,7.722841739654541,7.796921684338305,7.315401602342537,7.343181360823299,1424200
2023-06-13,7.38021993637085,7.84322038611864,7.315400217816108,7.741359819129837,1251500
2023-06-14,7.361700057983398,7.509859921408595,7.278360355582337,7.435779989695997,628800
2023-06-15,7.398739814758301,7.47281974437747,7.2690999379247545,7.2690999379247545,654200
2023-06-16,7.556161403656006,7.685801748079477,7.435781273070481,7.4543017007463765,4807400
2023-06-19,7.509860038757324,7.565420429961179,7.47282007232224,7.482080284706626,193500
2023-06-20,7.4079999923706055,7.5006003455162045,7.380219798116684,7.472819709711075,709100
2023-06-21,7.315400123596191,7.463560424565666,7.2505799643250946,7.4265204597111,1739700
2023-06-22,7.167239665985107,7.2320598238395455,7.093159737895009,7.17649987777197,1076900
2023-06-23,7.13946008682251,7.23205999918021,7.083900139407889,7.222800228720046,368200
2023-06-26,7.13946008682251,7.185760263776966,7.037599962453433,7.17650005176559,717500
2023-06-27,7.093160152435303,7.2042804926157755,7.028340432343855,7.1672400848548,617600
2023-06-28,7.07464075088501,7.148720689394079,7.000560812375941,7.065380979347007,536200
2023-06-29,7.157980918884277,7.167240690443496,6.982040843746479,6.991301056856963,619000
2023-06-30,7.352440357208252,7.389480323416759,7.195020280046484,7.195020280046484,640600
2023-07-04,7.537640571594238,7.565420325260482,7.45430042749306,7.46356063974929,226700
2023-07-05,7.41726016998291,7.537640275274174,7.352440011391183,7.537640275274174,628600
2023-07-06,7.250580310821533,7.3894804064396284,7.185760590003992,7.370960423127298,787900
2023-07-07,7.361700057983398,7.398740023839698,7.185760440941589,7.269100143342651,673700
2023-07-10,7.667280197143555,7.667280197143555,7.315400512326762,7.32466028325685,1428200
2023-07-11,7.556161403656006,7.741361264901967,7.445041486908429,7.67654153424153,578700
2023-07-12,7.843221187591553,7.92656133887958,7.6209804897893045,7.639500915898876,1174500
2023-07-13,7.852480411529541,7.908040806005627,7.787660687226199,7.871000837389073,426700
2023-07-14,7.787659168243408,7.926559685789826,7.778398957119847,7.843219551882443,702500
2023-07-17,7.8246989250183105,7.880259307204433,7.648759333783167,7.722839254629787,320200
2023-07-18,7.982120990753174,8.03768138695211,7.8710010814578375,7.917301264439862,778100
2023-07-19,7.9728617668151855,8.056201929903235,7.926562461190846,7.963602435551906,271400
2023-07-20,7.583940029144287,7.963600791861328,7.583940029144288,7.935820154497482,585600
2023-07-21,7.6487603187561035,7.676540071875359,7.52838021110276,7.574680388369804,200500
2023-07-24,7.500601291656494,7.6487611688966926,7.472820652347062,7.6117211995866425,477600
2023-07-25,7.574680805206299,7.658020952252722,7.454300690928408,7.491340658159876,194500
2023-07-26,7.519120693206787,7.602460843361085,7.454300968910116,7.602460843361085,775400
2023-07-27,7.315400123596191,7.463560424565666,7.278360158741625,7.4543002125764195,469900
2023-07-28,7.500601291656494,7.556160804070305,7.250580836486765,7.380220729071938,930300
2023-07-31,7.83396053314209,7.8802607127047715,7.500600829875236,7.537640796904887,803500
2023-08-01,7.315400123596191,7.787659896267515,7.278360158741625,7.787659896267515,1468800
2023-08-02,7.370960712432861,7.463561074180252,7.232060611363024,7.306140547519938,502600
2023-08-03,7.315400123596191,7.4543002125764195,7.2690999467523785,7.361699858888794,330100
2023-08-04,7.463561058044434,7.5469003237139125,7.35244071249805,7.35244071249805,1589700
2023-08-08,7.435780048370361,7.537640617605781,7.287620183776063,7.324660149924638,1384600
2023-08-09,7.426521301269531,7.500601239373253,7.324660724050023,7.454301057282796,653900
2023-08-10,7.463561058044434,7.509860355715534,7.324660515723643,7.500601026042812,297600
2023-08-11,7.574680805206299,7.630240314502262,7.4357802657614345,7.4357802657614345,265500
2023-08-14,7.518641471862793,7.556001144525564,7.341182804033415,7.556001144525564,343100
2023-08-15,7.359861850738525,7.518640665201426,7.331841876566445,7.481280996546905,323500
2023-08-16,7.135704040527344,7.359862518143934,7.117024204506164,7.341182682122753,936900
2023-08-17,6.976925373077393,7.229103387878685,6.958245536624053,7.182404019426554,450300
2023-08-18,6.911545753479004,6.976924954461721,6.86484594246643,6.967585259476649,442100
2023-08-21,7.042304039001465,7.060983872843814,6.864845394817956,6.930225035947365,486500
2023-08-22,7.051644325256348,7.070324159487181,6.902205206047305,7.060984019690575,394500
2023-08-23,7.453260898590088,7.499960260951458,6.986264602802144,7.135703274938327,965400
2023-08-24,7.518641471862793,7.640060630698014,7.285143295039258,7.434581985690343,1440900
2023-08-25,7.499960899353027,7.584020382266015,7.369202050103589,7.509301039837765,282800
2023-08-28,7.574680328369141,7.6120400000103325,7.481281594628577,7.499960985086756,533800
2023-08-29,7.668079853057861,7.686759243272986,7.527981308907555,7.565340980062625,207300
2023-08-30,7.602700233459473,7.836198388029453,7.565340564357267,7.714779240766091,272500
2023-08-31,7.574680328369141,7.6120400000103325,7.527981406861275,7.602700750143659,322700
2023-09-01,7.471940994262695,7.69609901031663,7.471940994262695,7.69609901031663,238400
2023-09-05,7.238442897796631,7.415901551315132,7.135703583578048,7.359862046840194,263600
2023-09-06,7.191742420196533,7.378541196461774,7.173062587106244,7.219762392513142,271900
2023-09-07,7.117023944854736,7.1824035912248245,6.976924957125923,7.1824035912248245,249800
2023-09-08,7.163723945617676,7.303822937057037,7.051644930611153,7.070324766445574,784000
2023-09-11,7.191742420196533,7.3131615579645874,7.1824027263325645,7.201082559422853,301500
2023-09-12,7.28514289855957,7.397221910448202,7.117023935364218,7.117023935364218,292700
2023-09-13,7.154383182525635,7.266462633142686,7.060984011480074,7.266462633142686,437000
2023-09-14,7.191742420196533,7.27580189178401,7.145043060151986,7.163722893242276,336400
2023-09-15,7.397221565246582,7.397221565246582,7.229102609896734,7.294482253128606,858000
2023-09-18,7.060985088348389,7.378542763696281,6.911546391884649,7.359862926638313,859700
2023-09-19,6.7714457511901855,7.098343043209658,6.706066114641356,7.032963852023165,970900
2023-09-20,6.799466609954834,6.911545619782069,6.724746824707616,6.762106494650027,991600
2023-09-21,6.706066608428955,6.799466223336671,6.603327744610261,6.687386774519886,438400
2023-09-22,6.6780476570129395,6.77144683462494,6.650027681048135,6.75276699910254,341200
2023-09-25,6.5379486083984375,6.622008090165244,6.500588937693724,6.593988114455507,372900
2023-09-26,6.304450511932373,6.500589007932595,6.295110371474072,6.481909172378403,317800
2023-09-27,6.220390796661377,6.323130111048959,6.192371267059014,6.239070631517084,377500
2023-09-28,6.257750511169434,6.257750511169434,6.136331806419351,6.22973098136649,1408500
2023-09-29,6.201710224151611,6.388508995852542,6.098971367346557,6.388508995852542,1487800
2023-10-02,5.977552890777588,6.1456714029950845,5.912173246678479,6.1456714029950845,421600
2023-10-03,5.968212604522705,5.996232578553626,5.8094337908597,5.940193075854162,455300
2023-10-04,5.912173271179199,6.136331733760522,5.84679407217154,6.014912585085738,387600
2023-10-05,5.930853843688965,5.96821351787264,5.800094984046103,5.921514147824269,292700
2023-10-06,5.884153366088867,5.940192866816278,5.84679369893726,5.912172893771391,439600
2023-10-10,5.958873271942139,6.108311954882097,5.930853296209694,6.080292424512058,371100
2023-10-11,5.940192699432373,6.070951530778451,5.912172727177039,6.070951530778451,428600
2023-10-12,5.78141450881958,5.977552999315936,5.7627346737895655,5.9588731642859205,394500
2023-10-13,6.11765193939209,6.164351303939899,5.874813640438865,5.977552955023875,680400
2023-10-16,6.164350509643555,6.229730146020984,6.061611208296833,6.0709513472203245,309800
2023-10-17,6.295110702514648,6.369830494023112,6.1176524780990444,6.136332314635552,248200
2023-10-18,6.351150035858154,6.463229044107296,6.304450226406484,6.360489730531055,442600
2023-10-19,6.351150035858154,6.3698298705663445,6.2577504169548135,6.341809895822864,522100
2023-10-20,6.323130130767822,6.528608314821383,6.31379043599204,6.369829940733919,453900
2023-10-23,6.593987941741943,6.612667776605027,6.17369143464137,6.248410774093704,825500
2023-10-24,6.584648132324219,6.622007801399791,6.463228985147415,6.519268488760774,567900
2023-10-25,6.6780476570129395,6.724747023137735,6.5099286919489305,6.575308338958535,735200
2023-10-26,6.659367561340332,6.715407065718332,6.481908908128803,6.678047396132999,1330900
2023-10-27,6.799466609954834,6.8181464449260405,6.519268640024352,6.678047459960799,601500
2023-10-30,6.668707370758057,6.827486191907934,6.61266786541617,6.780786826804229,324600
2023-10-31,6.584648132324219,6.827485981315439,6.5379483232985605,6.5379483232985605,808500
2023-11-01,7.182404041290283,7.406562079412705,6.9302260257213435,7.098344554313159,1215600
2023-11-02,7.28514289855957,7.44392127605393,7.1824035816471214,7.1824035816471214,1210200
2023-11-03,7.705439567565918,7.826858722184238,7.397222056121267,7.397222056121267,877700
2023-11-06,7.602700233459473,7.789498578970503,7.509300615341572,7.686758820895857,1007500
2023-11-07,7.556000709533691,7.6120397699393045,7.322502546152427,7.574680099427294,621100
2023-11-08,7.369201183319092,7.640059435806069,7.303821989065648,7.481280629140805,468300
2023-11-09,7.313161849975586,7.406561019156414,7.24778265423019,7.369201351484083,575200
2023-11-10,7.117023944854736,7.322502578953638,7.060984438835692,7.285142908274275,304600
2023-11-13,6.995604515075684,7.219762975625929,6.986264820457383,7.107683968032,279900
2023-11-14,7.11816930770874,7.278445585934675,7.052172875805888,7.193593544418336,629700
2023-11-15,7.005032539367676,7.12759714943763,6.976748675237018,7.12759714943763,261500
2023-11-16,7.061601161956787,7.240733961134369,7.023889041031395,7.061601161956787,682500
2023-11-17,6.9484639167785645,7.08045677281929,6.901323996390207,7.071028519003287,342400
2023-11-20,6.844756603240967,6.939036904339892,6.80704403323746,6.854184408568891,409100
2023-11-21,7.21245002746582,7.250162148036931,6.9861768544752225,6.9861768544752225,858100
2023-11-22,7.193593502044678,7.410438406089403,7.165309188663231,7.3067298564426455,240700
2023-11-23,7.11816930770874,7.2501617219505325,7.11816930770874,7.231305662773134,74400
2023-11-24,7.108741283416748,7.240733701930554,7.061600909165568,7.165309462779808,201600
2023-11-27,7.32558536529541,7.429293907152778,7.184164708137887,7.23130507704502,444300
2023-11-28,7.6744232177734375,7.693278826133849,7.27844510223551,7.353869783496567,560800
2023-11-29,7.533002853393555,7.683851331694485,7.495290733818322,7.674423976146567,433400
2023-11-30,7.834700584411621,7.834700584411621,7.504718869035048,7.608426971434163,688500
2023-12-01,7.844127655029297,7.919551890240901,7.749847810578695,7.787559928184496,787100
2023-12-04,7.6744232177734375,7.778131311575111,7.598998986076264,7.749847449470612,336000
2023-12-05,7.514146327972412,7.67442350058105,7.467006406206482,7.617854875159696,276800
2023-12-06,7.429294109344482,7.6367111987041705,7.419865855480911,7.617854690977027,286300
2023-12-07,7.306729316711426,7.467006031717896,7.278445005419275,7.467006031717896,284900
2023-12-08,7.146453857421875,7.259590223342126,7.052173552488332,7.174738173683916,415600
2023-12-11,6.976747989654541,7.014460104498846,6.882467702543777,7.0050318510058345,326500
2023-12-12,6.920180320739746,7.0710287910892,6.87303994897359,7.023888419323044,362700
2023-12-13,7.448151111602783,7.457578917097494,6.816472408719097,6.873040590379196,488700
2023-12-14,7.3727264404296875,7.664995586784047,7.306730007550735,7.504718856623675,720600
2023-12-15,7.589571952819824,7.608427564212428,7.155882101255036,7.363298771777174,1843200
2023-12-18,7.485862731933594,7.7498480115850485,7.391582435473758,7.655567265561298,372700
2023-12-19,7.6649956703186035,7.721563399740022,7.457578564475092,7.561287566960772,425900
2023-12-20,7.457578659057617,7.749848261867883,7.43872259915669,7.664995767531746,234400
2023-12-21,7.551859378814697,7.627283618125658,7.523575064291124,7.5707149890785095,151800
2023-12-22,7.617855548858643,7.759275776227087,7.59899993813586,7.6838515350801995,307100
2023-12-27,7.740420341491699,7.759275952643186,7.627283977199082,7.712136475200519,174800
2023-12-28,7.589571952819824,7.730992185212031,7.580143697559568,7.7121365738194285,230400
2023-12-29,7.457578659057617,7.542431153393754,7.363298359552981,7.542431153393754,310700
2024-01-02,7.297301769256592,7.551859246827976,7.250161845293088,7.4575784997731285,247600
2024-01-03,7.061601161956787,7.203021840208978,7.0427451014940905,7.118169792908818,320500
2024-01-04,7.203021049499512,7.221877107892289,6.986176153200621,7.061600386771731,255400
2024-01-05,7.203021049499512,7.297301341463401,7.127596815928401,7.184164991106734,284500
2024-01-08,6.967320442199707,7.184165349310525,6.948464382866763,7.17473754442601,372800
2024-01-09,6.92960786819458,7.0238881586642155,6.901324005835632,6.976748238211341,226900
2024-01-10,6.8918962478637695,6.995604799623918,6.8541841289626095,6.957892680722758,359700
2024-01-11,6.675051212310791,6.957892548248263,6.656195153219221,6.89189611664581,306700
2024-01-12,7.165309906005859,7.184165966959929,6.8353286145276595,6.8353286145276595,556000
2024-01-15,7.155881404876709,7.259589505263392,7.099313227511996,7.1181692866335675,154700
2024-01-16,6.9484639167785645,7.127596693207647,6.9390361125264475,7.052172460935167,281000
2024-01-17,6.778759956359863,6.929608433415396,6.75047564212999,6.920180628381386,271200
2024-01-18,6.854184150695801,6.863612405232945,6.750475598606814,6.8164720316750635,203500
2024-01-19,6.797616481781006,6.844756858872994,6.703336177160983,6.844756858872994,244500
2024-01-22,6.873040199279785,6.9107523182405695,6.7316195283948845,6.7881877068360605,138300
2024-01-23,7.089885711669922,7.099313966994734,6.807044345820968,6.87304078440278,398300
2024-01-24,6.92960786819458,7.165308819150613,6.722191229161381,7.155881014885592,413700
2024-01-25,6.98617696762085,7.071029465062057,6.882468859152647,7.023889088802731,224200
2024-01-26,6.835328102111816,6.995604832988114,6.816472042571307,6.957892713907094,176800
2024-01-29,6.863612174987793,6.920180351621275,6.807043548790405,6.8824682338656205,163100
2024-01-30,6.797616481781006,6.957893224417022,6.797616481781006,6.948464969173044,138300
2024-01-31,6.684478759765625,6.901323641169646,6.656194449337335,6.825898963215491,285700
2024-02-01,6.863612174987793,6.8824682338656205,6.665623331988652,6.797615744133444,236900
2024-02-02,6.797616481781006,6.844756858872994,6.6750518609929985,6.712763982841008,189300
2024-02-05,6.712763786315918,6.778760222399778,6.637339544828045,6.722192041283873,246900
2024-02-06,6.825900077819824,6.910752573396437,6.69390765658371,6.7221919716305605,238800
2024-02-07,6.675051212310791,6.863612252790409,6.64676734845539,6.797615821187956,299200
2024-02-08,6.477062702178955,6.693907617733141,6.467634896927347,6.627911632280084,212100
2024-02-09,6.411067008972168,6.5430594354590434,6.401638753726843,6.486491252678954,662600
2024-02-12,6.439350128173828,6.505346558539129,6.326213775745228,6.354497639070427,240000
2024-02-13,5.788815975189209,6.307358313905163,5.722819988142267,6.307358313905163,1026600
2024-02-14,6.203649520874023,6.222505580681145,5.90195256396008,6.024516727924406,906300
2024-02-15,6.429922580718994,6.495918564159569,6.260217595725699,6.269645850253735,329200
2024-02-16,6.477062702178955,6.552486942447553,6.3733545965916,6.505347017061646,286900
2024-02-20,6.495919227600098,6.6467681685077284,6.392211114583311,6.505347483091059,351900
2024-02-21,6.6467671394348145,6.70333531493063,6.411066183420302,6.524202534411933,462300
2024-02-22,6.561914443969727,6.646766929312987,6.477061958626466,6.646766929312987,265700
2024-02-23,6.486490726470947,6.6184831422501125,6.156509462241076,6.599627082853089,2148100
2024-02-26,6.561914443969727,6.599626559774757,6.3544973574781745,6.533630132334013,528300
2024-02-27,6.514774322509766,6.646767182417456,6.477062205268682,6.627911123796914,439900
2024-02-28,6.382782459259033,6.514774880916407,6.279073903174842,6.439350639969336,335800
2024-02-29,6.4204936027526855,6.599626372526057,6.4016375453851655,6.467633970953419,768600
2024-03-01,6.599627494812012,6.731619918830347,6.411066889071533,6.420494694576584,1134400
2024-03-04,6.797616481781006,6.816472542705011,6.60905587254096,6.703336177160983,753900
2024-03-05,6.8824687004089355,6.939036880877016,6.778760144768818,6.891896505704981,737100
2024-03-06,7.005032539367676,7.033316853062248,6.882468378861636,6.957892615961942,776300
2024-03-07,7.203021049499512,7.231305361870625,7.014460465571734,7.146452874321178,542100
2024-03-08,7.127597332000732,7.250161945210002,7.1087412722426855,7.19359376593586,554400
2024-03-11,7.221877098083496,7.278445273184998,7.099312943478854,7.118169001846022,505000
2024-03-12,7.250422477722168,7.278967648168044,7.0601228537833025,7.145757911410838,375800
2024-03-13,7.450237274169922,7.507327161079221,7.278967613442025,7.278967613442025,616300
2024-03-14,7.3075127601623535,7.440722957834903,7.288482796739149,7.383633067565288,420100
2024-03-15,7.288482666015625,7.412177652902966,7.240907985165953,7.288482666015625,1090400
2024-03-18,7.288482666015625,7.374117726739185,7.250422739851844,7.326542592179406,332500
2024-03-19,7.126728057861328,7.307512941728708,7.0601234110802755,7.2884829778326745,488600
2024-03-20,7.450237274169922,7.488297198776121,7.0981827447075325,7.107697499004037,734600
2024-03-21,7.431207180023193,7.6310224612257755,7.421692425895499,7.5644169137815,402100
2024-03-22,7.326542377471924,7.431207398210121,7.307512414947714,7.364602302520342,334300
2024-03-25,7.355088710784912,7.4597537480682625,7.307513570098798,7.393148641849736,358200
2024-03-26,7.450237274169922,7.535872331388916,7.364602216950928,7.4787824444796165,485500
2024-03-27,7.507327556610107,7.61199258164658,7.402662985283749,7.535872728423732,680900
2024-03-28,7.611992359161377,7.631022775620977,7.49781258266438,7.5929623964118775,440700
2024-04-01,7.678597450256348,7.773747723269441,7.6024775948139744,7.716657377977534,440800
2024-04-02,7.7071428298950195,7.74520275639785,7.621507768408596,7.735687547917086,575400
2024-04-03,7.783262252807617,7.830836477742095,7.650052063698623,7.707142404008241,921100
2024-04-04,7.9450178146362305,8.106772733551237,7.754717269498398,7.811807614523798,838900
2024-04-05,7.935503005981445,8.09725793305169,7.897443076519052,7.935503005981445,771900
2024-04-08,7.802292346954346,8.08774225508858,7.783262837036193,7.954532055980539,628300
2024-04-09,7.849867820739746,8.059197883370485,7.821323100923826,7.906958167791868,980600
2024-04-10,7.887927532196045,7.954532179070597,7.611992828461139,7.678597475335692,610400
2024-04-11,7.973563194274902,8.011623124972765,7.80229305242436,7.945018473106587,778800
2024-04-12,7.868897438049316,8.220951971349997,7.792776680586828,8.135316913197363,1145900
2024-04-15,7.868897438049316,7.964046796892095,7.783262379896683,7.935502079981281,963000
2024-04-16,7.811808109283447,7.887927969191519,7.6690835988108885,7.773748179329411,813700
2024-04-17,7.9450178146362305,8.068711898587472,7.859382750808256,7.925987397154347,716800
2024-04-18,7.9450178146362305,8.078227107328413,7.925987397154347,8.068711898587472,914400
2024-04-19,8.097256660461426,8.106771868186659,7.897441835332314,7.954531266843402,625000
2024-04-22,7.897441864013672,8.116286197967877,7.792776393496307,7.821322016775673,1202800
2024-04-23,8.230467796325684,8.249498216070794,7.821323753429754,7.830838055881951,573000
2024-04-24,8.106773376464844,8.30658733134951,8.078227747978188,8.220953168150505,414000
2024-04-25,8.163862228393555,8.220952573819217,8.01162251715213,8.106772790388149,601100
2024-04-26,8.259012222290039,8.3922215114107,8.144832442720803,8.239981805318386,392900
2024-04-29,8.173376083374023,8.354160483673262,8.11628574740473,8.287555847892508,498000
2024-04-30,7.973563194274902,8.125802917066352,7.945018473106587,7.992592705913671,542700
2024-05-01,8.030651092529297,8.173376485769198,7.945016945489537,8.030651092529297,308400
2024-05-02,7.878412246704102,8.002107237853183,7.830837110505186,7.945017800350683,357800
2024-05-03,7.954531669616699,8.011622011438677,7.821322384399082,7.9164717442087795,716800
2024-05-06,8.29707145690918,8.33513138025839,8.078226217086108,8.078226217086108,995300
2024-05-07,8.496886253356934,8.544460476821614,8.297071429576777,8.297071429576777,527300
2024-05-08,8.544462203979492,8.592037344481048,8.401737689895153,8.401737689895153,551300
2024-05-09,8.563490867614746,8.620581205997041,8.487371021385115,8.563490867614746,494300
2024-05-10,8.58252239227295,8.677671758649076,8.534947255374755,8.649127039478264,418300
2024-05-13,8.449311256408691,8.56349102789014,8.363676200942564,8.506400688439335,399300
2024-05-14,8.477856636047363,8.829911185861402,8.439796709240987,8.677671478635897,848500
2024-05-15,8.706214904785156,8.791849954245354,8.515915298995882,8.620580762745057,808400
2024-05-16,9.020209312438965,9.067784439851254,8.601550187534997,8.601550187534997,983200
2024-05-17,9.353235244750977,9.457899809728534,9.134390906865125,9.143905207375687,1729800
2024-05-21,9.743350982666016,9.752866191853572,9.353236480179119,9.391296409509053,1251900
2024-05-22,9.08681583404541,9.638685193753952,9.039240701500844,9.638685193753952,1217900
2024-05-23,9.001180648803711,9.181965060995108,8.887000876774382,9.143905136985332,971700
2024-05-24,9.124876976013184,9.23905676490159,9.058272326016686,9.105846557488299,783600
2024-05-27,9.296146392822266,9.334206319502982,9.153420987204408,9.191480913885124,214100
2024-05-28,9.362751007080078,9.47693078674932,9.239056018916676,9.47693078674932,1290000
2024-05-29,9.199837684631348,9.410666631836225,9.132754916046409,9.257336156079322,904500
2024-05-30,9.075257301330566,9.238171175682275,9.05609053309069,9.16150593056639,803500
2024-05-31,8.979423522949219,9.238169359796741,8.902758292902908,9.171086598064996,1073500
2024-06-03,9.151921272277832,9.171087123927547,8.902758803379736,9.027340037828784,1017100
2024-06-04,8.912342071533203,9.0656725384455,8.739844839296032,9.01775653905499,817000
2024-06-05,9.1135892868042,9.132755139782478,8.89317603706263,8.931508656940936,800300
2024-06-06,9.353167533874512,9.468165382989158,9.13275430429686,9.16150445201677,969000
2024-06-07,8.797344207763672,9.123171906409981,8.682346357757034,9.065672524445826,1442100
2024-06-10,8.998590469360352,9.027339702728579,8.70151201148317,8.845259092245955,450200
2024-06-11,8.969840049743652,8.998590196160668,8.797343740849675,8.902758202613862,511400
2024-06-12,8.902758598327637,9.20941952903342,8.874009364554386,9.151921061486917,476100
2024-06-13,8.835677146911621,8.9890076191833,8.77817776284889,8.835677146911621,877800
2024-06-14,8.979423522949219,9.05608875299553,8.854842295643556,8.912341675139105,1649000
2024-06-17,8.835677146911621,8.95067500111538,8.749428527778376,8.931508235120567,591700
2024-06-18,8.92192554473877,8.979424013453562,8.739844927991337,8.79734431062781,933900
2024-06-19,8.979423522949219,8.989006905185416,8.806926298384203,8.941090907926064,215400
2024-06-20,9.180669784545898,9.209419016719849,8.960257481342916,9.056088559896624,474700
2024-06-21,9.084837913513184,9.247751754546032,8.97942345151848,9.228585904147733,3131500
2024-06-24,9.180669784545898,9.199836548609607,9.06567194192848,9.084837792070577,1060700
2024-06-25,8.92192554473877,9.171087099039005,8.79734431062781,9.171087099039005,2075200
2024-06-26,8.93150806427002,8.93150806427002,8.816510212266051,8.854842829600708,598000
2024-06-27,9.056089401245117,9.151921402623632,8.998590931555366,9.046506018322926,650000
2024-06-28,8.816510200500488,9.132754521569796,8.759011731536079,9.123172052690185,704500
2024-07-02,8.816510200500488,8.989007435237086,8.634430496884278,8.989007435237086,924500
2024-07-03,8.816510200500488,8.989007435237086,8.663179731366482,8.864426200585285,1057500
2024-07-04,8.797344207763672,8.902758675122673,8.787760825116035,8.816510059137276,178600
2024-07-05,8.93150806427002,8.998590830046933,8.826093595080138,8.90275882974945,1299100
2024-07-08,8.893176078796387,8.95067546584455,8.749428982058603,8.845260075243209,1215600
2024-07-09,8.93150806427002,8.979424064418762,8.826093595080138,8.854842829600708,1081700
2024-07-10,8.806926727294922,9.027339959853748,8.76859411040491,8.96984057755789,1247300
2024-07-11,9.238170623779297,9.24775309340495,8.778178266642847,8.969841367982303,1072200
2024-07-12,9.190254211425781,9.238170213111054,9.05608958949136,9.142338209740508,635700
2024-07-15,9.008172988891602,9.180670217921303,9.008172988891602,9.161504366874478,756100
2024-07-16,9.190254211425781,9.305252067117406,9.008173587806088,9.075256355734156,1086200
2024-07-17,9.036922454833984,9.180669525570426,8.931507083300447,9.161503675968975,1620900
2024-07-18,8.797344207763672,9.08483837581943,8.749428208447155,9.027339907776948,1063000
2024-07-19,8.663179397583008,8.730261246764117,8.529014785299136,8.634430164208482,538000
2024-07-22,8.816510200500488,8.902758817868788,8.634430496884278,8.691928965848687,883000
2024-07-23,8.845259666442871,8.874009815599088,8.778177812921788,8.826093814260437,463800
2024-07-24,8.663179397583008,9.00817293984227,8.65359601515095,8.883592623912108,427700
2024-07-25,8.57693099975586,8.730261466847546,8.3948512985649,8.481099914784393,599500
2024-07-26,8.711094856262207,8.797343464965254,8.5769302522884,8.653595479152978,524800
2024-07-29,8.787760734558105,8.854842584556947,8.644013652011541,8.787760734558105,1491700
2024-07-30,8.835677146911621,8.921925766044867,8.682346674639943,8.81651038091681,398100
2024-07-31,8.874008178710938,8.960256782426859,8.82609218621081,8.931506638573858,665900
2024-08-01,8.701513290405273,8.883593927649558,8.538599420837981,8.85484377613407,1683700
2024-08-02,8.88359260559082,9.448998459091454,8.768593844486585,8.88359260559082,1186600
2024-08-06,8.394852638244629,8.576932368492503,7.992359640936885,8.375685869838632,2015100
2024-08-07,8.289436340332031,8.509849583473889,8.222354486034028,8.48110034790642,887000
2024-08-08,8.615263938903809,8.6727633231756,8.270270375038182,8.44276761393185,947200
2024-08-09,8.529014587402344,8.701511811490388,8.452349357568021,8.691928429280688,417400
2024-08-12,8.816510200500488,8.94109143515229,8.529015113913385,8.586514496799479,704900
2024-08-13,9.171087265014648,9.199837413814038,8.797344469839569,8.806926938851,1485500
2024-08-14,9.151921272277832,9.314835123947995,9.132754506706432,9.151921272277832,1512300
2024-08-15,9.103652000427246,9.22915314184675,8.978150859007743,9.180883330428468,448400
2024-08-16,9.489808082580566,9.499462228420551,9.161574489381236,9.200190152071155,760700
2024-08-19,9.6056547164917,9.682886039024035,9.451192071427027,9.470500362395104,1312900
2024-08-20,9.682886123657227,9.79873310846829,9.596000654881431,9.692540269225647,1081900
2024-08-21,9.808387756347656,9.827696048473321,9.64427095595967,9.682886619540959,540400
2024-08-22,9.567038536071777,9.740809462674877,9.499461362690544,9.72150117275456,600100
2024-08-23,9.547731399536133,9.798732729928549,9.538077254340665,9.682885749592828,577000
2024-08-26,9.644270896911621,9.673233334922793,9.383615399501327,9.567039570221901,377000
2024-08-27,9.538077354431152,9.663578481279322,9.48015340332047,9.653924335982547,788400
2024-08-28,9.277420043945312,9.509114904954394,9.171227218123981,9.460845103882924,403200
2024-08-29,9.325691223144531,9.373961031349197,9.267768189834946,9.287075560714804,1789200
2024-08-30,9.219498634338379,9.364307142251583,9.190537116889747,9.29672996131476,479400
2024-09-03,8.727147102355957,9.113303687149171,8.58233861322598,9.05538065976515,2088000
2024-09-04,8.620955467224121,8.756109830309441,8.582339803389738,8.698186794892889,542600
2024-09-05,8.756110191345215,8.891265480673363,8.736802818966957,8.765764337869387,740800
2024-09-06,8.379607200622559,8.756109686663688,8.273413436317597,8.736802315398263,661200
2024-09-09,8.466492652893066,8.534069833166685,8.398914551949417,8.398914551949417,464600
2024-09-10,8.698185920715332,8.707840065871187,8.427875380371113,8.45683781583868,717800
2024-09-11,8.688531875610352,8.717493390741463,8.49545357361967,8.620954700081105,534300
2024-09-12,9.16157341003418,9.238804726315212,8.833339855504835,8.833339855504835,681700
2024-09-13,9.045727729797363,9.287075857873077,8.968496402466739,9.238806048123926,886800
2024-09-16,9.026419639587402,9.065035300178012,8.87195607655499,8.958841543051356,892300
2024-09-17,9.045727729797363,9.093997539546514,8.910572446633747,8.978150548550577,974700
2024-09-18,8.92022705078125,9.325692000423134,8.88161138513298,9.103652153113103,964200
2024-09-19,9.055381774902344,9.093997438137043,8.968496302456762,9.093997438137043,1036500
2024-09-20,9.306385040283203,9.306385040283203,9.045728595105592,9.161575597183376,4452800
2024-09-23,9.325691223144531,9.518769535293174,9.122958765220954,9.13261291099589,1841600
2024-09-24,9.702194213867188,9.827695341647615,9.33534497589439,9.402922152133861,964500
2024-09-25,9.75046443939209,9.847003135219031,9.67323311446253,9.71184877692731,901300
2024-09-26,10.12696647644043,10.175236282583011,9.847002705617433,9.847002705617433,1463000
2024-09-27,9.682886123657227,10.107659321967791,9.66357875319038,10.107659321967791,766600
2024-09-30,9.373961448669434,9.576693915618476,9.229152938278713,9.576693915618476,894700
2024-10-01,9.451191902160645,9.538077368620941,9.31603662981463,9.47050019278292,544300
2024-10-02,9.431884765625,9.489807797585343,9.296729489934215,9.431884765625,422100
2024-10-03,9.470500946044922,9.528423981178872,9.296729999302983,9.402922844161921,760000
2024-10-04,9.344999313354492,9.567039137374033,9.32569102222062,9.46084629814773,403300
2024-10-07,9.132612228393555,9.451191649794614,9.036072619199924,9.287074866567409,558000
2024-10-08,9.074688911437988,9.093997202890883,8.978150216183547,9.074688911437988,390300
2024-10-09,9.065034866333008,9.074688090516187,8.833339993208098,9.03607243177369,492100
2024-10-10,9.402921676635742,9.451191480367246,9.103650550706291,9.122957919796935,635500
2024-10-11,9.451191902160645,9.538077368620941,9.39326795096379,9.441537756849506,534300
2024-10-15,9.538077354431152,9.538077354431152,9.373960567065852,9.460846033396889,531200
2024-10-16,9.518770217895508,9.70219531809286,9.509116992098342,9.634617213492218,398100
2024-10-17,9.567038536071777,9.653923999373328,9.499461362690544,9.596000050282315,586600
2024-10-18,9.95319652557373,10.03042784761735,9.663578607575168,9.663578607575168,759400
2024-10-21,10.078697204589844,10.194545113741357,10.020774170684112,10.146275305039898,482800
2024-10-22,10.146275520324707,10.223506847617736,10.049735900873399,10.126967228166428,426900
2024-10-23,9.943541526794434,10.049734355323428,9.88561757989777,10.040080210729,440400
2024-10-24,10.030427932739258,10.059389448583897,9.750464157787766,10.020773787234381,699800
2024-10-25,9.731155395507812,10.001465011863601,9.711848026103086,9.914580468537412,331000
2024-10-28,9.624963760375977,9.779426417523545,9.596001321658264,9.711849235188998,447800
2024-10-29,9.8276948928833,9.856656406996315,9.673232256720645,9.731155284946674,511000
2024-10-30,9.721501350402832,9.943542085194302,9.567038710897437,9.943542085194302,447000
2024-10-31,9.499462127685547,9.769771763648547,9.354652703631432,9.557385160771185,639200
2024-11-01,8.78507137298584,9.200189486713642,8.49545346342159,9.1905362622418,2174600
2024-11-04,8.543724060058594,8.736802377433976,8.495454250547239,8.71749408536142,1225800
2024-11-05,8.495454788208008,8.83334163483162,8.476146494913465,8.62095593261224,1287600
2024-11-06,8.350645065307617,8.437530540825442,8.012758230223938,8.147912595989382,792900
2024-11-07,8.678877830505371,8.756109152192963,8.369952543755007,8.4085682045988,1519700
2024-11-08,8.66922378540039,8.707840367360825,8.553376801529048,8.582339237999374,1182100
2024-11-11,8.331337928771973,8.534070403819081,8.196182638517204,8.360299447872961,1368000
2024-11-12,8.283066749572754,8.379606358204674,8.089988452978856,8.273412604575574,1394200
2024-11-13,8.049468994140625,8.419334930425876,8.020268318978722,8.351201878201206,1220000
2024-11-14,8.010534286499023,8.08840182074573,7.942401238306714,7.942401238306714,455300
2024-11-15,7.932667255401611,8.107867573642572,7.903467511775823,7.991067670896303,525300
2024-11-18,8.127334594726562,8.234400938951527,8.078667737081359,8.176000524128662,1136500
2024-11-19,8.205201148986816,8.253867078112084,8.11760099137238,8.205201148986816,755700
2024-11-20,8.253867149353027,8.263600706559332,8.107867504230876,8.1662679192256,582100
2024-11-21,8.506933212280273,8.51666676850832,8.322000285162447,8.331733841390493,571100
2024-11-22,8.487467765808105,8.614001223042116,8.458267094585807,8.555600808840614,386800
2024-11-25,8.09813404083252,8.244134615889031,8.078667854437521,8.234401058569974,761500
2024-11-26,8.078667640686035,8.176000426571957,8.049467897744568,8.12733449775054,415200
2024-11-27,8.176000595092773,8.234401010422527,8.059200692676376,8.088401364462808,503000
2024-11-28,8.166268348693848,8.195468093605285,8.117601488346013,8.15653479097565,84100
2024-11-29,8.2246675491333,8.341467452912626,8.185734247873526,8.253867293017352,347000
2024-12-02,8.11760139465332,8.224667743588281,8.049468347898632,8.166268254439446,342100
2024-12-03,8.458267211914062,8.497200512507428,8.156534364376265,8.166267921585382,901000
2024-12-04,8.302533149719238,8.545866485288618,8.263599853157857,8.45826633596476,914300
2024-12-05,8.185734748840332,8.41933457069529,8.156535003169257,8.331735333682063,630300
2024-12-06,8.039734840393066,8.214934237174486,8.020267725060048,8.214934237174486,561200
2024-12-09,8.322000503540039,8.458266581336403,8.244133908158393,8.244133908158393,765100
2024-12-10,8.273334503173828,8.438801267496755,8.244134758953056,8.429067710008788,407700
2024-12-11,8.370668411254883,8.448535016436896,8.26360113294725,8.322001550955335,644900
2024-12-12,8.156534194946289,8.283067651307109,8.14680063793936,8.205201051737848,522000
2024-12-13,8.068934440612793,8.13706748657161,7.942400977944181,8.117601299830435,993900
2024-12-16,8.283066749572754,8.390133080263961,8.0202663084539,8.107866455493518,811700
2024-12-17,8.205201148986816,8.273334192356668,8.0884012482486,8.195467591864524,558200
2024-12-18,7.903468132019043,8.244135237945983,7.893734573965545,8.137067955843877,570000
2024-12-19,7.9424004554748535,7.981333754639218,7.825600557981762,7.89373359945863,563800
2024-12-20,7.961867332458496,8.146800265930082,7.884000736444876,7.922934034451686,2571100
2024-12-23,7.952133655548096,8.010533137552969,7.884000617128068,7.92293391454566,319700
2024-12-24,7.874267578125,7.9424006210219975,7.845067835203871,7.874267578125,109400
2024-12-27,7.932667255401611,7.95213436998088,7.7380007508244955,7.796401166319187,373500
2024-12-30,7.767200469970703,7.903467014602743,7.7088005222712574,7.845067531024825,308300
2024-12-31,7.961867332458496,7.981333517340379,7.767200378302924,7.767200378302924,264200
2025-01-02,8.26360034942627,8.341466947225289,8.078667411714363,8.078667411714363,297800
2025-01-03,8.166268348693848,8.253867583428164,8.107867930627815,8.24413495395312,509200
2025-01-06,7.9813337326049805,8.205200898364343,7.961867547198075,8.156534042482475,399200
2025-01-07,8.107867240905762,8.302533737494006,8.049467756050825,8.137066983333229,467400
2025-01-08,8.185734748840332,8.205201864783168,8.039735092241779,8.107868141555347,374400
2025-01-09,8.244133949279785,8.302533431985795,8.156533796977728,8.156533796977728,155900
2025-01-10,8.176000595092773,8.31226761203346,8.127334665268274,8.31226761203346,468100
2025-01-13,8.059200286865234,8.117600699254307,7.9034670914851235,8.030000544792228,456700
2025-01-14,8.380400657653809,8.468000816540178,8.088401365690064,8.088401365690064,544000
2025-01-15,8.107867240905762,8.49720023408225,7.922934301207698,8.468000491654783,812100
2025-01-16,8.195467948913574,8.263600995251755,8.127334902575393,8.137067531878607,894100
2025-01-17,8.205201148986816,8.244134449232888,8.068934134004015,8.137067177373867,515300
2025-01-20,8.234400749206543,8.234400749206543,8.137067036158992,8.195467449636139,156100
2025-01-21,8.399867057800293,8.526400506736785,8.244133867799388,8.244133867799388,1062400
2025-01-22,8.487467765808105,8.643200966021322,8.302533894372592,8.438800908680703,736800
2025-01-23,8.448534965515137,8.468001152571736,8.283068198439885,8.419334292565518,524400
2025-01-24,8.52640151977539,8.604268124027328,8.468001102464866,8.536135077367668,491800
2025-01-27,8.390134811401367,8.429068114980645,8.24413515503987,8.429068114980645,975100
2025-01-28,8.477734565734863,8.50693430994368,8.253867384818907,8.351201103172476,367600
2025-01-29,8.545866966247559,8.575067636494257,8.419333513241053,8.468000368742487,400200
2025-01-30,8.91573429107666,8.944934034791716,8.691868042189363,8.701600671265638,406700
2025-01-31,8.847600936889648,9.013067692559769,8.828133822931713,8.915733979256256,482700
2025-02-03,9.022801399230957,9.139601300187083,8.85733464081567,8.925467684312636,571900
2025-02-04,9.197999954223633,9.275866547814962,8.915733320394311,9.09093362009631,738700
2025-02-05,9.460801124572754,9.645734066381012,9.26613462576325,9.26613462576325,1278400
2025-02-06,9.353734970092773,9.412135390825256,9.227201498708393,9.402401832662642,428700
2025-02-07,9.441333770751953,9.519200368297874,9.324533874433072,9.451067327505958,793200
2025-02-10,9.636001586914062,9.694402007209014,9.587335652951992,9.665202261183133,739900
2025-02-11,9.227200508117676,9.54840139529885,9.227200508117676,9.499734537953636,513700
2025-02-12,9.256401062011719,9.353733847223946,9.129867605817045,9.188267091295765,623700
2025-02-13,9.110400199890137,9.35373354748783,8.81840092536735,9.344000919048645,723500
2025-02-14,8.798933982849121,9.20773408901024,8.779467797349726,9.042267335171545,413400
2025-02-18,8.896267890930176,8.974134491128169,8.818401290732181,8.915734076858127,964300
2025-02-19,8.925467491149902,8.935201048079703,8.760000736315606,8.828133778338053,449500
2025-02-20,9.159067153930664,9.236933751743054,8.925467360493496,8.935200917280811,900900
2025-02-21,8.545866966247559,9.470533507802571,8.526400780992821,8.62373356375263,1549900
2025-02-24,8.497200012207031,8.594533722081154,8.292800892308863,8.594533722081154,1549900
2025-02-25,8.273334503173828,8.477734569205495,8.117601296338869,8.468001011717528,1171800
2025-02-26,8.380400657653809,8.409601329444673,8.030000950351447,8.078667808426442,756200
2025-02-27,7.9813337326049805,8.263600382828129,7.9813337326049805,8.214933526946261,1164800
2025-02-28,8.068934440612793,8.088401555597104,7.806134886026547,7.874267931985364,3001200
2025-03-03,8.030001640319824,8.234401719203147,8.020268082219857,8.176001298846543,574400
2025-03-04,8.039734840393066,8.205201607751127,7.835334770612119,8.107867887572333,755000
2025-03-05,8.26360034942627,8.380400246124799,7.961867515015834,8.049467669600498,625400
2025-03-06,8.2246675491333,8.3220012664043,8.156534503989475,8.214933991757576,664900
2025-03-07,8.068934440612793,8.341467552691194,7.991067837161822,8.146801044063766,775100
2025-03-10,7.718533992767334,8.02026730271636,7.689334249548601,7.991067559497627,1121300
2025-03-11,7.9424004554748535,8.059200352967945,7.825600557981762,7.825600557981762,922500
2025-03-12,7.903468132019043,7.932667877936351,7.796401778160124,7.913201690072541,951100
2025-03-13,8.247096061706543,8.296186108708975,7.903467605319052,7.9525576523214845,1522700
2025-03-14,8.217641830444336,8.374729220759232,8.119462679654877,8.345275569153864,925400
2025-03-17,8.37472915649414,8.37472915649414,8.188188116005335,8.217641767384684,799800
2025-03-18,8.620179176330566,8.767449318503806,8.433638119822193,8.541635475030748,1335600
2025-03-19,8.767448425292969,8.845992118590905,8.502362758176423,8.610361038697095,678300
2025-03-20,8.787084579467773,8.865628279013817,8.521999827578563,8.659450833626764,849300
2025-03-21,8.580906867980957,8.757630654636609,8.531816823208306,8.688905153743733,1443600
2025-03-24,8.590725898742676,8.718359653024631,8.571089504400152,8.620179553941645,1322100
2025-03-25,8.875447273254395,9.091442934576923,8.649634350842309,8.688906204145056,729900
2025-03-26,8.826355934143066,8.963807868795914,8.728176783375062,8.934354217196983,607300
2025-03-27,9.012899398803711,9.06198851412646,8.865629243890892,8.953991149575613,411400
2025-03-28,8.924535751342773,9.179803220986615,8.904899359994166,9.061986745524324,507000
2025-03-31,8.9638090133667,9.052170915760948,8.659451453599265,8.944172618916944,776000
2025-04-01,8.826355934143066,8.963807868795914,8.718358587403852,8.953989672824704,541400
2025-04-02,8.826355934143066,8.836174130114278,8.698722195461428,8.70854039143264,397200
2025-04-03,8.600543975830078,8.787085037905419,8.286368224940047,8.306004619008402,639800
2025-04-04,7.834741115570068,8.492544799371192,7.785651071810612,8.394365648166985,1100900
2025-04-07,7.854377746582031,8.217642605003675,7.579474319462406,7.677654415820598,1016100
2025-04-08,7.736562252044678,8.119463507198956,7.648200351907937,8.109645310224918,573500
2025-04-09,8.364912033081055,8.492544836574169,7.844558877791917,8.021282661574244,652800
2025-04-10,8.580906867980957,8.718358806081433,8.355093972867381,8.364912169084857,666300
2025-04-11,9.022716522216797,9.130714821432342,8.875447305869034,8.875447305869034,572100
2025-04-14,9.19943904876709,9.287800940786754,8.836174220931024,8.98344341675399,612100
2025-04-15,9.366345405578613,9.37616360245667,9.179804346469497,9.32707355438118,976200
2025-04-16,9.57252311706543,9.74924692038584,9.47434301826191,9.611794969323874,593200
2025-04-17,9.376163482666016,9.533250885448792,9.34670982872294,9.533250885448792,626500
2025-04-21,9.562705039978027,9.729610648250556,9.425254023505234,9.709975190032225,428800
2025-04-22,9.277982711791992,9.61179388654189,9.219075408197721,9.582340234744754,530800
2025-04-23,9.111077308654785,9.169985549754966,8.865628020647703,8.963808110376426,834600
2025-04-24,9.140532493591309,9.27798350459966,9.04235239745838,9.27798350459966,719500
2025-04-25,9.012899398803711,9.219076866629772,8.953991149575613,8.973627544756598,545000
2025-04-28,9.071805953979492,9.091442347520315,8.934354944452844,8.953990401678888,457700
2025-04-29,8.973626136779785,9.120895332270965,8.963807940729783,8.993261592565078,341200
2025-04-30,9.061986923217773,9.081623314951424,8.914717730474168,8.914717730474168,789600
2025-05-01,8.688904762268066,8.796902106850332,8.561271026135561,8.796902106850332,531100
2025-05-02,8.659451484680176,8.78708524011722,8.531817729243132,8.78708524011722,400000
2025-05-05,8.767448425292969,8.953989462796898,8.698721991421264,8.904899420407016,331200
2025-05-06,10.14196491241455,10.181236762618571,9.071805823961546,9.12089587079526,1261100
2025-05-07,9.896515846252441,9.975059548499303,9.788518489741703,9.945605894235428,596700
2025-05-08,9.700156211853027,9.847425413736469,9.621612512673225,9.700156211853027,831400
2025-05-09,9.965241432189941,9.99469602300669,9.77870037192451,9.827790420304295,699200
2025-05-12,9.120895385742188,9.582340303335663,9.111077189634626,9.562703911120542,880600
2025-05-13,9.0325345993042,9.199440208308996,8.983444549070759,9.13071469977108,843000
2025-05-14,8.85581111907959,8.934354819514972,8.708540978527175,8.826356529180247,568500
2025-05-15,8.944172859191895,9.022716566471253,8.787085444633176,8.983444712831574,466500
2025-05-16,8.895082473754883,8.924536125698605,8.71835868946312,8.747812341406842,450900
2025-05-20,9.189620971679688,9.199439167878932,8.963808076985414,9.003079925467667,593400
2025-05-21,9.376163482666016,9.43507079055217,9.209257883130622,9.22889334032108,690500
2025-05-22,9.306929588317871,9.40583463871483,9.257477063119392,9.336600726145573,653900
2025-05-23,9.455286979675293,9.544300391423954,9.316820100463296,9.484958116924847,447400
2025-05-26,9.484957695007324,9.573972046024824,9.37616195788442,9.395943343989824,227700
2025-05-27,9.613534927368164,9.791562705662857,9.356382539218766,9.376162984261061,1277300
2025-05-28,9.80145263671875,9.80145263671875,9.662986702517244,9.752000113120312,581600
2025-05-29,9.751999855041504,9.831123513413688,9.692657582876572,9.78167193435238,565900
2025-05-30,9.682766914367676,9.732219436783005,9.564081426507933,9.623423698823599,832500
2025-06-02,10.177290916442871,10.246523886406848,9.811343735845677,9.811343735845677,677600
2025-06-03,10.266305923461914,10.286086369033702,9.96959169405683,9.97948238845699,725500
2025-06-04,10.2465238571167,10.434443265379565,10.167400193604482,10.286085688872808,514800
2025-06-05,10.206962585449219,10.384991309734945,10.088277083668242,10.30586764188096,1085800
2025-06-06,9.613534927368164,10.206962427064651,9.504739178335761,10.098167621260755,1692000
2025-06-09,9.821234703063965,9.880576980905738,9.643205983081645,9.672877122002532,1393100
2025-06-10,9.53441047668457,9.880576253900294,9.524519783362525,9.850905117162588,1117300
2025-06-11,9.524519920349121,9.603643581606622,9.465176702791773,9.583862194678025,708000
2025-06-12,9.712438583374023,9.742110664388152,9.554191257545858,9.66298700147407,995900
2025-06-13,9.76189136505127,9.880576862541526,9.702549087920387,9.870686168610215,1263300
2025-06-16,9.5838623046875,9.682767354008893,9.494848892172392,9.59375299826533,668000
2025-06-17,9.59375286102295,9.633314691539868,9.51462919998911,9.58386216758661,552000
2025-06-18,9.603643417358398,9.801452567119084,9.514629064158983,9.554190894111121,1469800
2025-06-19,9.53441047668457,9.573972306744322,9.504738396718434,9.573972306744322,196800
2025-06-20,9.653096199035645,9.811343523080744,9.465176794310748,9.544300456333298,2231300
2025-06-23,9.831124305725098,10.108058075574837,9.692658364028715,9.712438808601703,851000
2025-06-24,9.564082145690918,9.643205810213882,9.376162735027517,9.61353467182489,982900
2025-06-25,9.643205642700195,9.672876780573763,9.544300592150345,9.613534504826626,621800
2025-06-26,9.860795974731445,9.88057641847658,9.60364360344557,9.643205434164287,810200
2025-06-27,9.554191589355469,9.702549169893064,9.504739062509604,9.58386272817159,1097400
2025-06-30,9.70254898071289,9.722329425128459,9.514629571008353,9.564082096889992,355400
2025-07-02,9.96959114074707,10.00915297292351,9.712438759985986,9.920138614719404,740500
2025-07-03,10.137728691101074,10.147619384491607,9.890467015708365,9.890467015708365,622500
2025-07-04,10.177290916442871,10.246523886406848,10.147619778348092,10.216852748312068,189200
2025-07-07,9.930028915405273,10.00915257662536,9.633314714215729,9.999261883165738,1264000
2025-07-08,9.5838623046875,9.959700171588954,9.455287061089527,9.74211057224742,1346400
2025-07-09,9.662986755371094,9.73221972285053,9.484958046734322,9.583862151243743,739700
2025-07-10,9.692657470703125,9.742109992420527,9.573971984518401,9.712437913453046,798800
2025-07-11,9.870685577392578,9.93002879419751,9.76189078035004,9.821233997154971,655900
2025-07-14,9.7915620803833,10.019043314828274,9.75200024959658,9.910248515971906,627200
2025-07-15,9.80145263671875,9.83112377358644,9.573972348685743,9.761890806485686,611300
2025-07-16,9.771781921386719,9.89046741720577,9.623424344191546,9.850905585266087,714900
2025-07-17,9.662986755371094,9.722329029431057,9.524519877183778,9.653096061951619,597000
2025-07-18,9.49484920501709,9.761891337818062,9.475067817209656,9.742110893239113,486700
2025-07-21,10.177290916442871,10.216852748312068,9.67287685268925,9.67287685268925,1302500
2025-07-22,10.325648307800293,10.355320391300765,10.108058688168082,10.295977167528363,1074800
2025-07-23,10.137728691101074,10.315757399216924,10.04871433704315,10.305866705826391,522000
2025-07-24,10.028934478759766,10.197072503297292,9.89046759289695,10.068496311402214,370800
2025-07-25,9.959699630737305,10.038823288606304,9.85090483697453,9.920137801802804,485000
2025-07-28,9.76189136505127,9.969591221466338,9.732220226485827,9.959700527535029,672000
2025-07-29,9.672877311706543,9.78167306193099,9.623424783716205,9.702549394437856,860500
2025-07-30,9.356382369995117,9.593753365580515,9.306929843441036,9.593753365580515,394600
2025-07-31,9.32671070098877,9.475067328986192,9.297038620806536,9.39594366829044,472800
2025-08-01,9.435505867004395,9.702548939699351,9.366272896999838,9.47506769889678,648500
2025-08-05,9.920138359069824,9.949810439858842,9.672876678532093,9.70254875932111,1430300
2025-08-06,10.167399406433105,10.1772900994135,9.920137741293585,9.959699569986773,737200
2025-08-07,10.256414413452148,10.315757631905493,9.613534420221283,9.989372288483244,1530900
2025-08-08,9.573972702026367,9.98937240641865,9.573972702026367,9.920138493534289,1473200
2025-08-11,9.603643417358398,9.633314554015394,9.14868190129461,9.386052881007432,1185700
2025-08-12,9.712438583374023,9.722329277045398,9.484958288303153,9.712438583374023,1463400
2025-08-13,9.544300079345703,9.781671999265921,9.524519636235595,9.781671999265921,1591900
2025-08-14,9.59375286102295,9.722329046010044,9.534410586861792,9.59375286102295,747100
2025-08-15,9.910248756408691,9.949810588155238,9.554191327461307,9.6333149909544,1211000
2025-08-18,9.949810981750488,9.999262565968527,9.771782260234325,9.939920287615477,671200
2025-08-19,9.722329139709473,10.028934036591842,9.702548695874599,10.028934036591842,755700
2025-08-20,9.949810981750488,10.028934648373559,9.761891566099315,9.80145339941085,1160600
2025-08-21,10.238642692565918,10.268522684693721,9.949809417527232,9.979689409655034,995800
2025-08-22,10.666913986206055,10.74659207229719,10.119126431951221,10.218724514483993,1473200
2025-08-25,10.587235450744629,10.766511611759244,10.54739640939001,10.706752574808482,702700
2025-08-26,10.83622932434082,10.84618932179667,10.646993172030232,10.686832212015991,638100
2025-08-27,10.726672172546387,10.786430257443017,10.59719505548684,10.746591217566053,488700
2025-08-28,10.70675277709961,10.816309905435341,10.59719564876388,10.766511815179445,673900
2025-08-29,11.164901733398438,11.224660768786796,10.756551332730531,10.776470377968222,653600
2025-09-02,11.613091468811035,11.642970512343927,11.294379138226395,11.483614347051608,1375800
2025-09-03,11.593172073364258,11.782407276481257,11.473654953000212,11.782407276481257,943400
2025-09-04,11.4537353515625,11.563292478201102,11.354137272918193,11.563292478201102,1198500
2025-09-05,11.921844482421875,11.931803530149663,11.473655040191383,11.623051204322332,1661100
2025-09-08,12.230597496032715,12.260477490409313,11.991563240046128,12.10112036991389,1330500
2025-09-09,12.190757751464844,12.389952953317998,12.13099966582772,12.280395829758175,1886200
2025-09-10,12.360074043273926,12.379994038592049,11.852125560713658,12.061280762365671,2128500
2025-09-11,12.648907661437988,12.678786705368648,12.220638198972935,12.370034368463912,2114500
2025-09-12,12.728585243225098,13.017418522732537,12.698706200472643,12.868022359132622,2095100
2025-09-15,12.678786277770996,12.778384353964446,12.499511070395496,12.738545313454596,2298300
2025-09-16,12.409873008728027,12.708666287878572,12.34015492520004,12.698706290278102,1945300
2025-09-17,12.589149475097656,12.838143722193307,12.310275234467403,12.320235232312271,1424500
2025-09-18,12.688746452331543,12.778384532188326,12.499511244729847,12.609068370200548,1129800
2025-09-19,13.077178001403809,13.126977040904562,12.67878663523545,12.67878663523545,9754900
2025-09-22,13.306252479553223,13.475568646831714,13.077178223728025,13.385930564173961,3577600
2025-09-23,13.535326957702637,13.754442153551238,13.36601079952476,13.425768884859517,1395700
2025-09-24,13.565206527709961,13.804240778016592,13.515407488103326,13.634924613256642,1199100
2025-09-25,13.76440143585205,13.774361433523508,13.535327188434472,13.545287186105929,953600
2025-09-26,14.202631950378418,14.342068119560745,13.78432154315611,13.814200586575515,950100
2025-09-29,14.431706428527832,14.62094258947302,14.371948340741326,14.491465466152018,1383000
2025-09-30,14.850016593933105,14.889855635070136,14.26239002478368,14.312189063664382,1299200
2025-10-01,15.61691951751709,16.06510802350946,15.00937294531759,15.029292941052901,1895500
2025-10-02,15.73643684387207,15.845993972305788,15.268327386314029,15.756355890024706,2020400
2025-10-03,15.786235809326172,15.855953895287096,15.537241559651234,15.766315813430088,1075400
2025-10-06,16.124868392944336,16.44358073356275,15.885833187642827,15.965512222635128,1264300
2025-10-07,15.865913391113281,16.30414378858123,15.756355316827467,16.164705721396928,1562700
2025-10-08,16.32406234741211,16.37386233698947,16.03523000656487,16.25434426167917,1282500
2025-10-09,15.62687873840332,16.353942443544046,15.427683528035205,16.31410245163274,1201800
2025-10-10,15.796195030212402,15.816115026326367,15.268327481082366,15.377884610196089,1103600
2025-10-14,16.54317855834961,16.861890894024977,16.11490814490757,16.144786239080034,1425500
2025-10-15,17.459476470947266,17.549114547669475,16.692573769957352,16.712493764712345,1037300
2025-10-16,17.748310089111328,17.89770626130638,17.43955774661817,17.628793911225447,991700
2025-10-17,16.523258209228516,17.439557104544892,16.214505878102713,17.359879022329352,1239000
2025-10-20,16.931608200073242,17.041166272793333,16.62285587656922,17.041166272793333,1522900
2025-10-21,15.128890037536621,15.935631816158207,15.089050995989732,15.8061546936714,1642400
2025-10-22,15.367925643920898,15.477482773618796,14.680700971727843,14.770339055043259,1256500
2025-10-23,15.6965970993042,15.726476142114906,15.387843824134748,15.716516144565455,1029100
2025-10-24,15.537240982055664,15.865913303421204,15.477481946426636,15.537240982055664,792300
2025-10-27,15.089051246643066,15.318126451721236,14.591062744115733,14.999414114051806,1437200
2025-10-28,15.248408317565918,15.348005447856886,14.740459818617607,14.740459818617607,677900
2025-10-29,15.646798133850098,17.0312064549922,15.537241009811751,17.001326462205487,1158600
2025-10-30,16.473461151123047,16.59297733208796,15.656759332548472,15.766316464991455,1356700
2025-10-31,16.363903045654297,16.662695397318622,16.025270700607827,16.433621134397608,1024400
2025-11-03,16.493377685546875,16.88180998607049,16.14478537468733,16.36390151848918,1036200
2025-11-04,15.666717529296875,16.154746024333754,15.636838485680121,15.836033692854596,840000
2025-11-05,15.955552101135254,16.104948272185318,15.64679881117071,15.975472097188698,1051600
2025-11-06,15.93563175201416,16.294184074330587,15.865913667047153,16.045189828205366,1011900
2025-11-07,15.945591926574707,16.204546173376446,15.686637679772966,15.965511922407616,1349400
2025-11-10,16.812089920043945,16.971447978227655,16.443579515871367,16.503337600393223,1297600
2025-11-11,16.881811141967773,16.951529228978227,16.493378814848207,16.841971149575862,651600
2025-11-12,17.329999923706055,17.499316094613704,16.752333322905034,17.011287578391755,1239000
2025-11-13,17.030000686645508,17.510000228881836,16.850000381469727,17.510000228881836,1385700
2025-11-14,16.899999618530273,17.100000381469727,16.149999618530273,16.270000457763672,615200
2025-11-17,16.600000381469727,17.010000228881836,16.43000030517578,16.93000030517578,545000
2025-11-18,16.770000457763672,16.959999084472656,16.469999313354492,16.610000610351562,1075000
2025-11-19,16.84000015258789,17.290000915527344,16.68000030517578,16.899999618530273,477900
2025-11-20,16.149999618530273,17.06999969482422,16.1299991607666,16.8799991607666,568800
2025-11-21,16.360000610351562,16.59000015258789,16.010000228881836,16.09000015258789,596300
2025-11-24,17.31999969482422,17.34000015258789,16.360000610351562,16.360000610351562,663300
2025-11-25,17.420000076293945,17.549999237060547,17.200000762939453,17.299999237060547,846000
2025-11-26,18.149999618530273,18.190000534057617,17.5,17.610000610351562,1013300
2025-11-27,18.190000534057617,18.239999771118164,17.940000534057617,18.0,132100
2025-11-28,18.520000457763672,18.59000015258789,18.190000534057617,18.299999237060547,287800
2025-12-01,18.59000015258789,18.799999237060547,18.350000381469727,18.780000686645508,518100
2025-12-02,18.25,18.510000228881836,17.899999618530273,18.399999618530273,448900
2025-12-03,18.329999923706055,18.639999389648438,18.209999084472656,18.350000381469727,479700
2025-12-04,18.559999465942383,18.649999618530273,18.1200008392334,18.229999542236328,400500
2025-12-05,18.270000457763672,18.739999771118164,18.209999084472656,18.739999771118164,531600
2025-12-08,18.149999618530273,18.510000228881836,18.1299991607666,18.200000762939453,499200
2025-12-09,18.5,18.670000076293945,18.139999389648438,18.15999984741211,526400
2025-12-10,19.06999969482422,19.229999542236328,18.360000610351562,18.6299991607666,1000200
2025-12-11,19.649999618530273,19.850000381469727,18.920000076293945,19.0,525900
2025-12-12,19.510000228881836,20.25,19.229999542236328,20.110000610351562,936800
2025-12-15,19.540000915527344,19.950000762939453,19.25,19.809999465942383,1285100
2025-12-16,19.229999542236328,19.8700008392334,19.170000076293945,19.510000228881836,1381800
2025-12-17,19.06999969482422,19.540000915527344,18.790000915527344,19.510000228881836,818300
2025-12-18,19.239999771118164,19.520000457763672,18.93000030517578,19.059999465942383,774300
2025-12-19,20.040000915527344,20.040000915527344,19.25,19.25,2087100
2025-12-22,20.610000610351562,21.270000457763672,20.579999923706055,20.75,1011900
2025-12-23,20.489999771118164,20.889999389648438,20.209999084472656,20.770000457763672,245959
