Date,Close,High,Low,Open,Volume
2012-02-13,6.407491207122803,6.444528871471571,6.400084239400801,6.400084239400801,3200
2012-02-14,6.192671775817871,6.303784736104414,6.133411812905507,6.303784736104414,9100
2012-02-15,6.18526554107666,6.207487853185771,6.18526554107666,6.18526554107666,5400
2012-02-16,6.170450210571289,6.192672522735107,6.170450210571289,6.192672522735107,5000
2012-02-17,6.259337902069092,6.266745572256352,6.237115597941625,6.237115597941625,11900
2012-02-21,6.259337902069092,6.259337902069092,6.229707927754365,6.229707927754365,1800
2012-02-22,6.3704514503479,6.3704514503479,6.2963761541953795,6.2963761541953795,4200
2012-02-23,6.377861499786377,6.377861499786376,6.303786874238349,6.340824540229723,6800
2012-02-24,6.385265827178955,6.400081168383339,6.385265827178955,6.385265827178955,3500
2012-02-27,6.43712043762207,6.444528110904527,6.059338283866666,6.37045349738378,29500
2012-02-28,6.355638027191162,6.355638027191162,6.326008041072295,6.326008041072295,3800
2012-02-29,6.355638027191162,6.355638027191162,6.251932722557829,6.296378054953427,11400
2012-03-01,6.377861499786377,6.444529157283906,6.377861499786376,6.407491491292531,4700
2012-03-02,6.296379566192627,6.407491864198591,6.296379566192627,6.377861870968017,4400
2012-03-05,6.170450210571289,6.333415481453272,6.170450210571289,6.333415481453272,6600
2012-03-06,6.296379566192627,6.296379566192627,6.222304229898809,6.251934223129383,6400
2012-03-07,6.288970470428467,6.296378143671209,6.288970470428467,6.296378143671209,900
2012-03-08,6.296379566192627,6.348231877737442,6.237119579731477,6.348231877737442,2300
2012-03-09,6.170450210571289,6.237117853497308,6.1556355712736,6.237117853497308,1100
2012-03-12,6.18526554107666,6.288970135208886,6.18526554107666,6.251932477403992,1500
2012-03-13,6.177856922149658,6.177856922149658,6.111189289597266,6.111189289597266,5800
2012-03-14,6.296379566192627,6.296379566192627,6.177859593270327,6.177859593270327,1500
2012-03-15,6.259337902069092,6.281560206196559,6.222300257567106,6.281560206196559,6900
2012-03-16,6.253312587738037,6.313585421284184,6.253312587738037,6.306051137463704,2600
2012-03-19,6.177970886230469,6.290982982517446,6.177970886230469,6.290982982517446,2500
2012-03-20,6.3211212158203125,6.3211212158203125,6.140301953458139,6.140301953458139,4900
2012-03-21,6.215641975402832,6.290983377659745,6.215641975402832,6.290983377659745,4100
2012-03-22,6.290983200073242,6.290983200073242,6.253312500008183,6.253312500008183,9600
2012-03-23,6.275913715362549,6.2834479979761255,6.2231751740849806,6.253311586030553,2200
2012-03-26,6.403996467590332,6.403996467590332,6.215643630308263,6.223177916241719,8000
2012-03-27,6.403996467590332,6.403996467590332,6.403996467590332,6.403996467590332,700
2012-03-28,6.637551784515381,6.637551784515381,6.403994038723939,6.403994038723939,305200
2012-03-29,6.569745063781738,6.569745063781738,6.471801533508168,6.494403665568584,3200
2012-03-30,6.5622148513793945,6.569749139576658,6.5546805631821305,6.5546805631821305,1700
2012-04-02,6.547142028808594,6.667688406256149,6.547142028808594,6.622483424899715,6800
2012-04-03,6.238244533538818,6.366324494993278,6.238244533538818,6.253313102420007,6700
2012-04-04,6.275913715362549,6.2834479979761255,6.253311586030553,6.253311586030553,2300
2012-04-05,6.358790397644043,6.358790397644043,6.358790397644043,6.358790397644043,600
2012-04-09,6.253312587738037,6.253312587738037,6.215641887144482,6.245778303917556,1000
2012-04-10,6.253312587738037,6.253312587738037,6.215641887144482,6.215641887144482,2800
2012-04-11,6.253312587738037,6.253312587738037,6.253312587738037,6.253312587738037,300
2012-04-12,6.215641975402832,6.23071054325776,6.215641975402832,6.23071054325776,1100
2012-04-13,6.200573921203613,6.215642490306822,6.200573921203613,6.215642490306822,4100
2012-04-16,6.162903785705566,6.162903785705566,6.102630947775201,6.117698798003341,1400
2012-04-17,6.140301704406738,6.140301704406738,6.140301704406738,6.140301704406738,600
2012-04-18,6.140301704406738,6.140301704406738,6.140301704406738,6.140301704406738,700
2012-04-19,6.155369758605957,6.155369758605957,6.155369758605957,6.155369758605957,300
2012-04-20,6.1252312660217285,6.1252312660217285,6.1252312660217285,6.1252312660217285,200
2012-04-23,6.0272908210754395,6.080029385836951,6.0272908210754395,6.064961532408972,3700
2012-04-24,6.253312587738037,6.253312587738037,6.027289102685558,6.03482338650604,6900
2012-04-25,6.253312587738037,6.253312587738037,6.253312587738037,6.253312587738037,0
2012-04-26,6.102631568908691,6.102631568908691,6.102631568908691,6.102631568908691,400
2012-04-27,6.102631568908691,6.102631568908691,6.102631568908691,6.102631568908691,1800
2012-04-30,6.102631568908691,6.110165135535086,6.102631568908691,6.110165135535086,800
2012-05-01,6.102631568908691,6.110165135535086,6.102631568908691,6.110165135535086,2600
2012-05-02,6.0649614334106445,6.0649614334106445,6.049892861719573,6.057427147565108,7600
2012-05-03,6.034824848175049,6.095097696319624,6.034824848175049,6.049892700956679,6800
2012-05-04,6.140301704406738,6.155370275037829,6.0348245840250785,6.0348245840250785,1600
2012-05-07,6.0272908210754395,6.102632243742505,6.0272908210754395,6.034825107043957,15700
2012-05-08,5.85400390625,6.027288463958997,5.85400390625,6.027288463958997,200
2012-05-09,6.0272908210754395,6.0272908210754395,5.936881544980395,5.974551897059399,11000
2012-05-10,5.989617824554443,5.989617824554443,5.989617824554443,5.989617824554443,1000
2012-05-11,5.484832763671875,5.914276844901805,5.484832763671875,5.914276844901805,4000
2012-05-14,5.424560546875,5.477299460698323,5.386890202076447,5.477299460698323,2800
2012-05-15,5.198538303375244,5.424561489193155,5.198538303375244,5.424561489193155,12400
2012-05-16,5.047854423522949,5.266343622319188,4.972513382430181,5.2362072058820806,18000
2012-05-17,5.010184288024902,5.093059616252106,5.002650003979504,5.085525332206707,6200
2012-05-18,5.047854423522949,5.047854423522949,4.995115874385223,5.002649798867289,4500
2012-05-22,5.311549186706543,5.4245605810690325,5.047854975182171,5.047854975182171,3800
2012-05-23,5.221139430999756,5.304014762707373,5.213605505892401,5.304014762707373,2700
2012-05-24,5.236206531524658,5.236206531524658,5.228672608012867,5.228672608012867,2300
2012-05-25,5.3190836906433105,5.326617976022799,5.304015479138833,5.304015479138833,800
2012-05-28,5.3190836906433105,5.3190836906433105,5.3190836906433105,5.3190836906433105,0
2012-05-29,5.371819972991943,5.371819972991943,5.371819972991943,5.371819972991943,2500
2012-05-30,5.371819972991943,5.371819972991943,5.371819972991943,5.371819972991943,100
2012-05-31,5.371819972991943,5.371819972991943,5.371819972991943,5.371819972991943,0
2012-06-01,5.6430487632751465,5.6430487632751465,5.424559580886259,5.424559580886259,1900
2012-06-04,5.763597011566162,5.778665224489354,5.507437032617367,5.650585235014956,7200
2012-06-05,5.688255310058594,5.763596366238911,5.688255310058594,5.763596366238911,5200
2012-06-06,5.673186302185059,5.763595556906034,5.673186302185059,5.763595556906034,3100
2012-06-07,5.650582313537598,5.650582313537598,5.650582313537598,5.650582313537598,6700
2012-06-08,5.650582313537598,5.650582313537598,5.650582313537598,5.650582313537598,0
2012-06-11,5.28894567489624,5.57524196651918,5.28894567489624,5.57524196651918,3800
2012-06-12,5.281411647796631,5.288945571505541,5.198536331472307,5.288945571505541,8100
2012-06-13,5.236206531524658,5.273877226846743,5.236206531524658,5.273877226846743,7400
2012-06-14,5.160866737365723,5.273878491170263,5.160866737365723,5.273878491170263,2700
2012-06-15,4.89717435836792,5.243743649392784,4.829367213829055,5.243743649392784,5400
2012-06-18,5.399367332458496,5.422474261545283,5.206807876104535,5.422474261545283,1000
2012-06-19,5.399367332458496,5.399367332458496,5.399367332458496,5.399367332458496,2200
2012-06-20,5.4147725105285645,5.4147725105285645,5.4147725105285645,5.4147725105285645,600
2012-06-21,5.3762593269348145,5.391664066720039,5.3762593269348145,5.391664066720039,4300
2012-06-22,5.2222137451171875,5.37626119653972,5.2145111889070135,5.37626119653972,7200
2012-06-25,5.199106693267822,5.306939914438469,5.199106693267822,5.306939914438469,4200
2012-06-26,5.175997734069824,5.175997734069824,5.160592993119063,5.175997734069824,3500
2012-06-27,4.952630519866943,5.137487842500229,4.952630519866943,5.137487842500229,1000
2012-06-28,4.852499008178711,4.9680344015293,4.852499008178711,4.9680344015293,3500
2012-06-29,5.1451897621154785,5.391666056938498,4.975737561928348,4.975737561928348,9700
2012-07-03,5.160593032836914,5.383961961981084,5.160593032836914,5.383961961981084,2500
2012-07-04,5.399367332458496,5.399367332458496,5.399367332458496,5.399367332458496,500
2012-07-05,5.314642906188965,5.3916666419033845,5.206809676188777,5.3916666419033845,2700
2012-07-06,5.314642906188965,5.3916666419033845,5.260726107549799,5.330047653331849,6500
2012-07-09,5.314642906188965,5.314642906188965,5.3069403489784515,5.314642906188965,900
2012-07-10,5.391666889190674,5.391666889190674,5.260726348831538,5.283833654244745,3800
2012-07-11,5.391666889190674,5.391666889190674,5.391666889190674,5.391666889190674,0
2012-07-12,5.391666889190674,5.391666889190674,5.391666889190674,5.391666889190674,400
2012-07-13,5.391666889190674,5.460988438152136,5.391666889190674,5.391666889190674,1600
2012-07-16,5.322343826293945,5.36855805669661,5.322343826293945,5.36855805669661,1500
2012-07-17,5.3839616775512695,5.3839616775512695,5.168295313974217,5.2684263092739805,3100
2012-07-18,5.3839616775512695,5.3839616775512695,5.214509534740728,5.214509534740728,3600
2012-07-19,5.391666889190674,5.391666889190674,5.383964331626885,5.383964331626885,2200
2012-07-20,5.391666889190674,5.391666889190674,5.391666889190674,5.391666889190674,200
2012-07-23,5.237617492675781,5.353152875598168,5.183700711308116,5.237617492675781,1600
2012-07-24,5.168295860290527,5.276129053477595,5.168295860290527,5.276129053477595,1700
2012-07-25,5.168295860290527,5.168295860290527,5.168295860290527,5.168295860290527,0
2012-07-26,5.168295860290527,5.168295860290527,5.168295860290527,5.168295860290527,0
2012-07-27,5.168295860290527,5.31464109182627,5.168295860290527,5.2376173824069365,3600
2012-07-30,5.229915142059326,5.237617697103068,5.229915142059326,5.237617697103068,5400
2012-07-31,5.199106693267822,5.199106693267822,5.199106693267822,5.199106693267822,300
2012-08-01,5.3839616775512695,5.584223668150797,5.1991047944852244,5.1991047944852244,7800
2012-08-02,5.576523303985596,5.576523303985596,5.561118557681475,5.561118557681475,3300
2012-08-03,5.538010120391846,5.576521792071753,5.538010120391846,5.576521792071753,1300
2012-08-07,5.430178165435791,5.445582911080907,5.430178165435791,5.445582911080907,4700
2012-08-08,5.499499320983887,5.507201877422786,5.399368658224936,5.399368658224936,1800
2012-08-09,5.468687534332275,5.545711230000458,5.468687534332275,5.545711230000458,2300
2012-08-10,5.476390838623047,5.476390838623047,5.468688284360851,5.468688284360851,3900
2012-08-13,5.430178165435791,5.476392402371138,5.430178165435791,5.476392402371138,10300
2012-08-14,5.622738838195801,5.622738838195801,5.507203038206921,5.507203038206921,8300
2012-08-15,5.815296649932861,5.815296649932861,5.62273716307784,5.62273716307784,1200
2012-08-16,5.776782989501953,5.8075924693970595,5.6612472562563205,5.8075924693970595,4100
2012-08-17,5.776782989501953,5.776782989501953,5.769080435889191,5.776782989501953,2900
2012-08-20,5.769082069396973,5.769082069396973,5.769082069396973,5.769082069396973,400
2012-08-21,5.65354585647583,5.738271754335948,5.622736372294328,5.738271754335948,1700
2012-08-22,5.545712947845459,5.561117691750883,5.507201271720933,5.553415503437204,6500
2012-08-23,5.545712947845459,5.576522435656306,5.545712947845459,5.576522435656306,400
2012-08-24,5.676652908325195,5.684355463175599,5.676652908325195,5.676652908325195,700
2012-08-27,5.568819046020508,5.707461711260915,5.568819046020508,5.707461711260915,2000
2012-08-28,5.591927528381348,5.591927528381348,5.584224972815028,5.584224972815028,900
2012-08-29,5.58422327041626,5.58422327041626,5.58422327041626,5.58422327041626,800
2012-08-30,5.507202625274658,5.507202625274658,5.507202625274658,5.507202625274658,800
2012-08-31,5.684356689453125,5.684356689453125,5.453285135984712,5.507201929734837,55600
2012-09-04,5.684356689453125,5.684356689453125,5.684356689453125,5.684356689453125,300
2012-09-05,5.684356689453125,5.684356689453125,5.684356689453125,5.684356689453125,0
2012-09-06,5.661249160766602,5.661249160766602,5.5842254351171565,5.5842254351171565,1800
2012-09-07,5.892321586608887,5.892321586608887,5.661250007809264,5.661250007809264,17100
2012-09-10,5.853808879852295,5.961642099838517,5.853808879852295,5.892320927772143,3500
2012-09-11,5.822998523712158,5.846105822488254,5.81529633563883,5.81529633563883,164400
2012-09-12,5.784487724304199,5.815297215816814,5.784487724304199,5.815297215816814,3400
2012-09-13,5.969343662261963,5.969343662261963,5.869212648167612,5.869212648167612,2800
2012-09-14,6.000153541564941,6.092582006500831,5.9693440532529785,6.092582006500831,3500
2012-09-17,6.200416088104248,6.223523022582025,6.046368266713959,6.046368266713959,26300
2012-09-18,6.31175422668457,6.31175422668457,6.31175422668457,6.31175422668457,0
2012-09-19,6.021647930145264,6.115736465300389,6.021647930145264,6.115736465300389,37200
2012-09-20,5.990285873413086,5.990285873413086,5.802109530000028,5.927560425608734,5400
2012-09-21,5.8961968421936035,5.95892228085421,5.8961968421936035,5.95892228085421,1100
2012-09-24,5.8961968421936035,5.8961968421936035,5.8961968421936035,5.8961968421936035,0
2012-09-25,5.802107334136963,5.896195470234936,5.794266469192289,5.896195470234936,10400
2012-09-26,5.794268608093262,5.911879008567035,5.684499075458546,5.809949969898221,3600
2012-09-27,5.802107334136963,5.802107334136963,5.786425978120634,5.802107334136963,2600
2012-09-28,5.794268608093262,5.802109475932319,5.794268608093262,5.802109475932319,1900
2012-10-01,5.817790985107422,5.958923244927069,5.802109622905238,5.802109622905238,10700
2012-10-02,5.802107334136963,5.919717691195939,5.692337842022661,5.833470046169621,7800
2012-10-03,5.723702907562256,5.731543401857813,5.6844993144649525,5.723702907562256,3900
2012-10-04,5.723702907562256,5.723702907562256,5.723702907562256,5.723702907562256,0
2012-10-05,5.802107334136963,5.802107334136963,5.692337842022661,5.692337842022661,3900
2012-10-09,5.802107334136963,5.802107334136963,5.802107334136963,5.802107334136963,1500
2012-10-10,6.037329196929932,6.037329196929932,5.676657543723924,5.74722385052996,28200
2012-10-11,6.147099494934082,6.178462216939,6.037329594043732,6.037329594043732,21300
2012-10-12,5.880513668060303,6.092212145155554,5.880513668060303,6.092212145155554,4000
2012-10-15,5.880513668060303,5.896195022886878,5.880513668060303,5.880513668060303,2500
2012-10-16,5.880513668060303,5.880513668060303,5.880513668060303,5.880513668060303,0
2012-10-17,5.95892333984375,6.037330152103568,5.95892333984375,6.0138082953622085,2600
2012-10-18,5.95892333984375,5.95892333984375,5.880516527583931,5.880516527583931,4400
2012-10-19,5.95892333984375,5.9667642080063175,5.95892333984375,5.95892333984375,1600
2012-10-22,6.037329196929932,6.037329196929932,5.880515597219977,5.880515597219977,5300
2012-10-23,5.95892333984375,5.95892333984375,5.943241977391786,5.951082845554354,3400
2012-10-24,5.95892333984375,5.95892333984375,5.880516527583931,5.880516527583931,23000
2012-10-25,5.95892333984375,5.95892333984375,5.95892333984375,5.95892333984375,9500
2012-10-26,5.95892333984375,5.95892333984375,5.911879252487859,5.911879252487859,7100
2012-10-29,5.95892333984375,5.95892333984375,5.95892333984375,5.95892333984375,2000
2012-10-30,5.99812650680542,5.99812650680542,5.880516109834108,5.958922916523934,25100
2012-10-31,6.0294880867004395,6.0294880867004395,6.0294880867004395,6.0294880867004395,100
2012-11-01,6.0294880867004395,6.0294880867004395,5.958921787117595,5.966762653237056,1300
2012-11-02,6.123577117919922,6.123577117919922,6.0373294475624215,6.0373294475624215,1700
2012-11-05,6.131417274475098,6.154939125745099,6.131417274475098,6.131417274475098,1500
2012-11-06,6.131417274475098,6.131417274475098,6.131417274475098,6.131417274475098,0
2012-11-07,5.95892333984375,6.115737338236558,5.95892333984375,6.10789647007399,4100
2012-11-08,6.1157355308532715,6.1157355308532715,6.1157355308532715,6.1157355308532715,1000
2012-11-09,6.1157355308532715,6.1157355308532715,6.1157355308532715,6.1157355308532715,0
2012-11-12,6.30391263961792,6.30391263961792,5.9589223491571,6.115736321479169,9900
2012-11-13,6.382320404052734,6.429364114073024,6.350957681457111,6.3901605238919235,7200
2012-11-14,6.1549391746521,6.421522276444525,6.1549391746521,6.421522276444525,10000
2012-11-15,6.1549391746521,6.1549391746521,6.1549391746521,6.1549391746521,2800
2012-11-16,6.233345031738281,6.303911323241284,6.233345031738281,6.303911323241284,22400
2012-11-19,6.280390739440918,6.398000750454451,6.272549872641025,6.398000750454451,7000
2012-11-20,6.382320404052734,6.382320404052734,6.272550501094909,6.31175409127601,20900
2012-11-21,6.390159606933594,6.390159606933594,6.382319488219425,6.390159606933594,3300
2012-11-22,6.656744003295898,6.664584870838346,6.429364078788912,6.429364078788912,15000
2012-11-23,6.7037882804870605,6.735151002066978,6.507771083676014,6.664584691575598,14400
2012-11-26,6.586177349090576,6.672425392088745,6.554814628294764,6.594018216226091,8800
2012-11-27,6.680265426635742,6.680265426635742,6.672424560477467,6.672424560477467,300
2012-11-28,6.664585113525391,6.664585113525391,6.554815207172771,6.63322238995983,7200
2012-11-29,6.782195568084717,6.782195568084717,6.664585534226326,6.664585534226326,3100
2012-11-30,6.742990493774414,6.766512343224139,6.742990493774414,6.766512343224139,6200
2012-12-03,6.742990493774414,6.782193326941919,6.742990493774414,6.782193326941919,1700
2012-12-04,6.664585113525391,6.703788704918921,6.664585113525391,6.703788704918921,5900
2012-12-05,6.664585113525391,6.703788704918921,6.664585113525391,6.703788704918921,3200
2012-12-06,6.664585113525391,6.695947837090952,6.648903377869455,6.688106969262984,20500
2012-12-07,6.758670806884766,6.782192654000611,6.695945382745151,6.695945382745151,21300
2012-12-10,6.711628437042236,6.782193992314301,6.6645839857813405,6.7194685557972305,4500
2012-12-11,6.978211879730225,6.978211879730225,6.711629121230144,6.750831962240038,15000
2012-12-12,6.978211879730225,6.978211879730225,6.978211879730225,6.978211879730225,0
2012-12-13,6.844918251037598,6.852759116189613,6.821396403327609,6.821396403327609,2900
2012-12-14,6.711628437042236,6.821397577074017,6.6645839857813405,6.821397577074017,2900
2012-12-17,6.884121894836426,6.884121894836427,6.680264633158357,6.688104750639236,1000
2012-12-18,6.931180953979492,6.994989997060714,6.867372671552998,6.994989997060714,2700
2012-12-19,7.018917083740234,7.04284499666015,6.923204671405937,6.979036721770618,9500
2012-12-20,7.018917083740234,7.018917083740234,6.779635672577172,6.827492259071639,3600
2012-12-21,6.859397888183594,6.97903823945519,6.787613373158715,6.97903823945519,10300
2012-12-24,7.018917083740234,7.018917083740234,6.994989170820319,6.994989170820319,1100
2012-12-27,6.931180953979492,6.931180953979492,6.931180953979492,6.931180953979492,100
2012-12-28,6.859397888183594,6.93118164255367,6.859397888183594,6.93118164255367,2800
2012-12-31,6.819519519805908,6.819519519805908,6.739758755103256,6.763686680252041,6100
2013-01-02,6.859397888183594,6.859397888183594,6.851421661924206,6.851421661924206,1400
2013-01-03,6.915229797363281,6.939157714956104,6.8833256536879235,6.915229797363281,2000
2013-01-04,6.827495098114014,6.931183017434543,6.827495098114014,6.899278866723236,13000
2013-01-07,6.787613868713379,6.867373855166013,6.779637641871658,6.867373855166013,1900
2013-01-08,6.779637813568115,6.779637813568115,6.699877064440657,6.779637813568115,33300
2013-01-09,6.9471354484558105,6.979039599053858,6.93915922064256,6.971063371240609,1800
2013-01-10,6.979036808013916,7.018917170476354,6.979036808013916,7.010940945852937,1100
2013-01-11,7.018917083740234,7.018917083740234,6.979036721770618,6.979036721770618,6700
2013-01-14,6.979036808013916,6.979036808013916,6.979036808013916,6.979036808013916,600
2013-01-15,6.979036808013916,7.010940945852937,6.979036808013916,6.979036808013916,3000
2013-01-16,7.170464038848877,7.170464038848877,6.971062920344815,6.979039147642155,7600
2013-01-17,7.114631652832031,7.13855957300555,6.979038837423976,7.13855957300555,88200
2013-01-18,7.154510498046875,7.178438413107249,7.098677682033064,7.138558047570156,5100
2013-01-21,7.09868049621582,7.1784412589101585,7.09868049621582,7.09868049621582,4000
2013-01-22,7.170464038848877,7.178440266146216,7.0986795144826305,7.178440266146216,4100
2013-01-23,7.178440093994141,7.178440093994141,7.178440093994141,7.178440093994141,2700
2013-01-24,7.178440093994141,7.178440093994141,7.138559719118752,7.178440093994141,5700
2013-01-25,7.09868049621582,7.114632953016691,7.09868049621582,7.114632953016691,5500
2013-01-28,7.018917083740234,7.0587974457098515,7.018917083740234,7.0587974457098515,700
2013-01-29,7.018917083740234,7.018917083740234,7.018917083740234,7.018917083740234,3000
2013-01-30,6.979036808013916,6.987013032637333,6.979036808013916,6.979036808013916,10300
2013-01-31,7.058798313140869,7.178438653097265,6.979037579400118,6.979037579400118,3100
2013-02-01,7.058798313140869,7.098677919356514,6.979037579400118,7.098677919356514,5900
2013-02-04,6.979036808013916,7.018917170476354,6.979036808013916,7.018917170476354,1500
2013-02-05,7.178440093994141,7.178440093994141,7.178440093994141,7.178440093994141,900
2013-02-06,7.138558387756348,7.138558387756348,7.058798413535927,7.058798413535927,2500
2013-02-07,6.979036808013916,7.00296472122952,6.859396481281251,7.00296472122952,5600
2013-02-08,6.979036808013916,6.979036808013916,6.979036808013916,6.979036808013916,1600
2013-02-11,6.979036808013916,6.979036808013916,6.979036808013916,6.979036808013916,900
2013-02-12,7.1465349197387695,7.329983552899242,7.130582467817977,7.130582467817977,5200
2013-02-13,7.258200168609619,7.258200168609619,7.1385590551121,7.1385590551121,6600
2013-02-14,7.258200168609619,7.258200168609619,7.14653528147623,7.178439426277939,1100
2013-02-15,7.258200168609619,7.258200168609619,7.258200168609619,7.258200168609619,2300
2013-02-19,7.337961673736572,7.337961673736571,7.178440916609575,7.3299854457164795,4100
2013-02-20,7.369862079620361,7.369862079620361,7.337957944409412,7.337957944409412,8400
2013-02-21,7.377838134765625,7.377838134765625,7.361885687197886,7.361885687197886,4100
2013-02-22,7.218321323394775,7.369865853075661,7.178440943798234,7.186417171848538,4700
2013-02-25,7.258200168609619,7.258200168609619,7.178439426277939,7.1864156526420695,3000
2013-02-26,7.218321323394775,7.218321323394775,7.138560564201694,7.186417171848538,6000
2013-02-27,7.218321323394775,7.218321323394775,7.218321323394775,7.218321323394775,0
2013-02-28,7.178440093994141,7.178440093994141,7.178440093994141,7.178440093994141,1500
2013-03-01,7.19439172744751,7.19439172744751,7.1784392750553065,7.1784392750553065,4200
2013-03-04,7.178440093994141,7.178440093994141,7.138559719118752,7.178440093994141,2000
2013-03-05,6.899279594421387,7.306058129386518,6.827495818240805,7.306058129386518,68800
2013-03-06,6.979036808013916,6.979036808013916,6.82749234344223,6.979036808013916,13900
2013-03-07,6.979036808013916,6.987013032637333,6.979036808013916,6.987013032637333,1100
2013-03-08,7.258200168609619,7.329983923922356,7.178439426277939,7.210343571079648,30000
2013-03-11,7.377838134765625,7.417718493030407,7.258197820625847,7.290101955106759,21000
2013-03-12,7.585216999053955,7.633072830604638,7.481528349821173,7.489504575297863,15600
2013-03-13,7.657001972198486,7.7367619498466285,7.641049520275994,7.641049520275994,8200
2013-03-14,7.553314208984375,7.61712250290285,7.553314208984375,7.585218355943613,12400
2013-03-15,7.6330742835998535,7.736762952570311,7.569265988949552,7.577242215944558,13000
2013-03-18,7.73980188369751,7.935333534285651,7.73980188369751,7.837567708991581,16100
2013-03-19,7.780535697937012,7.821271641512562,7.739799754361463,7.796829609183132,22600
2013-03-20,7.821273326873779,7.862008502253619,7.780537374520274,7.780537374520274,4600
2013-03-21,7.902740955352783,7.902740955352783,7.837563771236443,7.8538584557521895,15100
2013-03-22,7.935332775115967,7.9516274662595965,7.796831008289674,7.804978353861488,15100
2013-03-25,8.065688133239746,8.22863195570821,7.9108924342631814,7.943481043362128,11100
2013-03-26,8.098276138305664,8.10642348421614,7.992363749364162,7.992363749364162,2100
2013-03-27,7.967920303344727,8.081980795010784,7.967920303344727,8.081980795010784,2400
2013-03-28,7.95163106918335,7.984219689263036,7.94348371991993,7.95163106918335,10700
2013-04-01,8.073837280273438,8.147161861341335,7.88645293041006,7.902746850106314,24200
2013-04-02,8.024953842163086,8.139013598137641,8.008659147324542,8.008659147324542,3400
2013-04-03,7.943480968475342,8.0249528789415,7.943480968475342,8.0249528789415,16800
2013-04-04,8.024953842163086,8.024953842163086,7.862010001672896,7.976070534621266,40300
2013-04-05,7.910894393920898,8.024954942508737,7.910894393920899,8.024954942508737,2100
2013-04-08,7.910894393920898,7.910894393920899,7.902747045384499,7.910894393920899,2900
2013-04-09,7.902740955352783,7.9271822051530805,7.902740955352783,7.9271822051530805,200
2013-04-10,7.967920303344727,7.984214992285677,7.943479046906833,7.943479046906833,5400
2013-04-11,7.902740955352783,8.024948758300912,7.902740955352783,7.943476889668826,4200
2013-04-12,7.943480968475342,7.943480968475342,7.935333622033982,7.943480968475342,2000
2013-04-15,7.870156288146973,7.878303634467933,7.862008941826013,7.862008941826013,8400
2013-04-16,7.902740955352783,7.902740955352783,7.821269863694019,7.82941642897857,2500
2013-04-17,7.845717430114746,7.853864778932084,7.845717430114746,7.853864778932084,6200
2013-04-18,7.862008571624756,7.862008571624756,7.845714656723783,7.845714656723783,1700
2013-04-19,7.943480968475342,7.943480968475342,7.935333622033982,7.935333622033982,1100
2013-04-22,7.976069450378418,7.976069450378418,7.902744887520115,7.902744887520115,1000
2013-04-23,8.081976890563965,8.147154060893257,7.927180528302024,7.935327868836476,271400
2013-04-24,8.139013290405273,8.187896596098838,8.08198341457427,8.08198341457427,6100
2013-04-25,8.147159576416016,8.228631482969648,8.147159576416016,8.187895529692833,1900
2013-04-26,8.130864143371582,8.187894783551547,8.106422884422233,8.147158833986891,6000
2013-04-29,8.187893867492676,8.187893867492676,8.122716666270673,8.122716666270673,14400
2013-04-30,8.147159576416016,8.147159576416016,8.106423623139198,8.147159576416016,8800
2013-05-01,8.147159576416016,8.147159576416016,8.147159576416016,8.147159576416016,0
2013-05-02,8.147159576416016,8.147159576416016,8.147159576416016,8.147159576416016,0
2013-05-03,8.147159576416016,8.155306922466115,8.147159576416016,8.147159576416016,18600
2013-05-06,7.99236536026001,8.06568915731201,7.747950372498532,7.747950372498532,11100
2013-05-07,8.293807983398438,8.55451681876741,8.065686975476968,8.065686975476968,86000
2013-05-08,8.310102462768555,8.407868282686577,8.29380854793572,8.301955116865303,45500
2013-05-09,8.383427619934082,8.407868882413547,8.358986357454617,8.39157496641848,28800
2013-05-10,8.326397895812988,8.391575114893918,8.318250549184437,8.391575114893918,18000
2013-05-13,8.350839614868164,8.43231153165639,8.31010365647405,8.350839614868164,27600
2013-05-14,8.350839614868164,8.391575573262276,8.334544920721006,8.391575573262276,5600
2013-05-15,8.310102462768555,8.473045495965257,8.269366510225963,8.473045495965257,15600
2013-05-16,8.293807983398438,8.31010189712219,8.293807983398438,8.301954551773505,9700
2013-05-17,8.269365310668945,8.32639594674516,8.269365310668945,8.32639594674516,22000
2013-05-21,8.350839614868164,8.43231153165639,8.31010365647405,8.31010365647405,7900
2013-05-22,8.635990142822266,8.709313932134409,8.473046316865291,8.473046316865291,10200
2013-05-23,8.684873580932617,8.733756889247152,8.513783167292486,8.676726233384557,8500
2013-05-24,8.8722562789917,8.8722562789917,8.578958062744082,8.578958062744082,10500
2013-05-27,9.002610206604004,9.002610206604004,8.78263655638732,8.78263655638732,6200
2013-05-28,9.369232177734375,9.450704072678016,9.002610204435134,9.010757549324214,11000
2013-05-29,9.369232177734375,9.369232177734375,9.26331902509707,9.352937487956217,15000
2013-05-30,9.409968376159668,9.409968376159668,9.287760530485057,9.369232427601466,3800
2013-05-31,9.263320922851562,9.409970053004345,9.206291050891583,9.328498141369748,31800
2013-06-03,9.320351600646973,9.361087559986293,9.206291846865435,9.206291846865435,7700
2013-06-04,9.222583770751953,9.36108553638115,9.222583770751953,9.3284969313492,101100
2013-06-05,9.214437484741211,9.491440247518952,9.1574068414565,9.214437484741211,10100
2013-06-06,9.287762641906738,9.287762641906738,9.14111428152212,9.238880114103122,1300
2013-06-07,9.287762641906738,9.49144165402727,9.279616071921982,9.279616071921982,16000
2013-06-10,9.08408260345459,9.247026416320425,9.08408260345459,9.247026416320425,2100
2013-06-11,8.961875915527344,9.084083003585956,8.961875915527344,9.084083003585956,9000
2013-06-12,9.287762641906738,9.287762641906738,8.970023880261921,8.970023880261921,15000
2013-06-13,9.287762641906738,9.295909988865263,9.287762641906738,9.287762641906738,4600
2013-06-14,9.230730056762695,9.295907259345645,9.214436144603729,9.295907259345645,7000
2013-06-17,9.124814987182617,9.287757959333964,9.124814987182617,9.23887545617525,52000
2013-06-18,9.247845649719238,9.289130833134154,9.140504487820207,9.140504487820207,7300
2013-06-19,9.41299057006836,9.421247768604598,9.247850536592559,9.247850536592559,8400
2013-06-20,9.280876159667969,9.388217350721106,9.247848161455433,9.388217350721106,2900
2013-06-21,9.16528034210205,9.289135162623804,9.148765946059287,9.289135162623804,53100
2013-06-24,9.082704544067383,9.165274900356797,9.082704544067383,9.140503321000406,8800
2013-06-25,9.07444953918457,9.157019915385217,8.934080372113153,9.08270673429453,6300
2013-06-26,9.123992919921875,9.165278112535912,9.123992919921875,9.157020916523194,3700
2013-06-27,9.123992919921875,9.173534521099077,9.123992919921875,9.123992919921875,42800
2013-06-28,8.917566299438477,9.08270625568838,8.917566299438477,9.08270625568838,900
2013-07-02,9.289134979248047,9.404733386916147,9.008396551661038,9.008396551661038,4400
2013-07-03,9.082704544067383,9.132246915330887,9.074447350948585,9.132246915330887,2100
2013-07-04,9.000138282775879,9.00839547965164,9.000138282775879,9.00839547965164,600
2013-07-05,9.082704544067383,9.082704544067383,9.000134187777968,9.066190157829789,2700
2013-07-08,9.198308944702148,9.27262136937626,9.198308944702148,9.27262136937626,2400
2013-07-09,9.107478141784668,9.206562127387958,9.107478141784668,9.206562127387958,5900
2013-07-10,8.917566299438477,9.090963450363232,8.917566299438477,9.090963450363232,5400
2013-07-11,9.140508651733398,9.148765849667782,9.008396634582198,9.082709841092182,4800
2013-07-12,9.16528034210205,9.16528034210205,9.090967134809102,9.090967134809102,5800
2013-07-15,8.834997177124023,9.16527792378492,8.79371198536022,9.16527792378492,21100
2013-07-16,8.521231651306152,8.760684841896744,8.389119654766462,8.760684841896744,6100
2013-07-17,8.62031364440918,8.62857083913544,8.587285652953566,8.587285652953566,14500
2013-07-18,8.463431358337402,8.628571324912627,8.339576580268352,8.537744540158622,15200
2013-07-19,8.62031364440918,8.62857083913544,8.471688076583638,8.471688076583638,9500
2013-07-22,8.587285995483398,8.603800385594646,8.512973602331169,8.512973602331169,29600
2013-07-23,8.834997177124023,8.917567560651632,8.678114393361012,8.678114393361012,3800
2013-07-24,9.066194534301758,9.066194534301758,8.917568923664614,8.917568923664614,5100
2013-07-25,8.628572463989258,8.967109637021867,8.628572463989258,8.859768447715258,4800
2013-07-26,8.306550979614258,8.58728860993249,8.27352297678566,8.58728860993249,14400
2013-07-29,8.579029083251953,8.587285490372466,8.46343072162119,8.546001092421651,8200
2013-07-30,8.504720687866211,8.504720687866211,8.504720687866211,8.504720687866211,200
2013-07-31,8.826739311218262,8.826739311218262,8.546001760924966,8.546001760924966,5300
2013-08-01,8.934077262878418,9.041418399602643,8.826736126154193,8.826736126154193,4500
2013-08-02,8.934077262878418,9.02490480257925,8.917563665855026,8.917563665855026,1300
2013-08-06,8.8762845993042,9.000139418268084,8.8762845993042,8.967111414047732,4900
2013-08-07,8.917566299438477,8.917566299438477,8.876281113513645,8.876281113513645,2200
2013-08-08,9.041421890258789,9.041421890258789,8.917567108694085,8.917567108694085,4800
2013-08-09,8.834997177124023,9.016651548415041,8.834997177124023,8.934081164887433,69300
2013-08-12,8.8762845993042,8.909312603524551,8.8762845993042,8.88454179722172,3000
2013-08-13,8.8762845993042,8.958855003579945,8.834999397166325,8.950597805662424,2100
2013-08-14,9.000138282775879,9.041423479705053,8.876283479437992,8.876283479437992,4900
2013-08-15,9.057938575744629,9.08270938084283,9.057938575744629,9.066194985810899,11200
2013-08-16,9.173537254333496,9.173537254333496,9.099224830426477,9.099224830426477,1200
2013-08-19,9.16528034210205,9.198308346737834,9.123995139444885,9.123995139444885,2500
2013-08-20,9.082704544067383,9.090961737186179,9.074447350948585,9.090961737186179,1800
2013-08-21,9.082704544067383,9.082704544067383,9.082704544067383,9.082704544067383,0
2013-08-22,9.082704544067383,9.082704544067383,9.066190157829789,9.066190157829789,1800
2013-08-23,9.000138282775879,9.082708676634226,9.000138282775879,9.082708676634226,700
2013-08-26,9.082704544067383,9.082704544067383,9.000134187777968,9.000134187777968,700
2013-08-27,8.463431358337402,8.801968486678982,8.463431358337402,8.801968486678982,12800
2013-08-28,8.661603927612305,8.66986112719761,8.463435862264333,8.463435862264333,18600
2013-08-29,9.049681663513184,9.198308073687125,8.793714044596921,8.917569648891778,4400
2013-08-30,9.123992919921875,9.25610490632715,8.909310548288524,9.214819713713114,11600
2013-09-03,9.23958969116211,9.297389270652316,9.165277296016674,9.297389270652316,2700
2013-09-04,9.289134979248047,9.289134979248047,9.247849777405888,9.264364173122642,7000
2013-09-05,9.289134979248047,9.289134979248047,9.247849777405888,9.289134979248047,3500
2013-09-06,9.16528034210205,9.33042036528097,9.16528034210205,9.33042036528097,2500
2013-09-09,9.280876159667969,9.2891333560835,9.16527855964889,9.16527855964889,8800
2013-09-10,9.330418586730957,9.338675783178365,9.1900493969234,9.280876195496104,5000
2013-09-11,9.495558738708496,9.495558738708496,9.289133548736572,9.371703939705185,12100
2013-09-12,9.41299057006836,9.495560980531156,9.41299057006836,9.41299057006836,30800
2013-09-13,9.553359031677246,9.578130625305688,9.495560221443677,9.569873427429542,1700
2013-09-16,9.569872856140137,9.825839675422493,9.495559654590522,9.495559654590522,9400
2013-09-17,9.67720890045166,9.743264869400878,9.67720890045166,9.685465305983364,9000
2013-09-18,9.868731498718262,9.952364336598487,9.785097863248577,9.785097863248577,5200
2013-09-19,9.843643188476562,9.877096488112942,9.801826364533696,9.801826364533696,2700
2013-09-20,9.826916694641113,9.927276599216055,9.74328304203385,9.826916694641113,5700
2013-09-23,9.768372535705566,9.78509878582284,9.6847388923506,9.78509878582284,12000
2013-09-24,9.542560577392578,9.668011021393285,9.458927745648174,9.659647498942025,24300
2013-09-25,9.500744819641113,9.617831754215958,9.475655047085606,9.475655047085606,2800
2013-09-26,9.62619686126709,9.79346336847107,9.617833336509486,9.617833336509486,3300
2013-09-27,9.60947036743164,9.785100409549255,9.576017064056366,9.668014246530623,5100
2013-09-30,9.726556777954102,9.726556777954102,9.57601652248434,9.601106299199426,6300
2013-10-01,9.818553924560547,9.818553924560547,9.701467759018158,9.743283790946334,10300
2013-10-02,9.709829330444336,9.826916279631774,9.701466603608482,9.818552755206332,2200
2013-10-03,9.61783218383789,9.668012528779913,9.576015362651125,9.62619570759315,3200
2013-10-04,9.64292049407959,9.659647539051566,9.617830724211029,9.659647539051566,5100
2013-10-07,9.70146656036377,9.70146656036377,9.617832911661315,9.626196436049478,2900
2013-10-08,9.70146656036377,9.743282587125412,9.609469387273153,9.617832911661315,46400
2013-10-09,9.70146656036377,9.760009635901737,9.617832911661315,9.676375987199282,9900
2013-10-10,9.785100936889648,9.785100936889648,9.785100936889648,9.785100936889648,700
2013-10-11,9.826916694641113,9.826916694641113,9.826916694641113,9.826916694641113,1700
2013-10-15,9.826916694641113,9.826916694641113,9.826916694641113,9.826916694641113,0
2013-10-16,9.718194961547852,9.826918409878555,9.718194961547852,9.718194961547852,3600
2013-10-17,9.826916694641113,9.852006471387442,9.70146701331984,9.852006471387442,5200
2013-10-18,9.77673625946045,9.868733436055013,9.701466929868918,9.835280134817793,10700
2013-10-21,9.852005958557129,9.852005958557129,9.826916183116806,9.852005958557129,12500
2013-10-22,9.826916694641113,9.868733520944744,9.810189645083812,9.868733520944744,11200
2013-10-23,9.785100936889648,9.785100936889648,9.751647631711501,9.751647631711501,4100
2013-10-24,9.868731498718262,9.868731498718262,9.785097863248577,9.785097863248577,5300
2013-10-25,9.868731498718262,9.893821270323384,9.82691468098342,9.868731498718262,9400
2013-10-28,9.868731498718262,9.910548316453104,9.860367975653402,9.910548316453104,3800
2013-10-29,10.203266143798828,10.245082968494275,10.027636118149628,10.035999642606637,46900
2013-10-30,10.370532989501953,10.370532989501953,10.245083308837746,10.245083308837746,13900
2013-10-31,10.579617500305176,10.705067992527075,10.41235097493235,10.41235097493235,27100
2013-11-01,10.679974555969238,10.738517620405368,10.613067171141532,10.738517620405368,19700
2013-11-04,10.705062866210938,11.031232235098324,10.705062866210938,11.031232235098324,28000
2013-11-05,10.621430397033691,10.705064027538366,10.462527456182103,10.663247212286029,9800
2013-11-06,10.613067626953125,10.621431150114466,10.33707774334464,10.33707774334464,9200
2013-11-07,10.51270866394043,10.66324890369179,10.328715923788254,10.66324890369179,7600
2013-11-08,10.621430397033691,10.663247212286029,10.470890978750454,10.470890978750454,11600
2013-11-11,10.621430397033691,10.705064027538366,10.571250856802417,10.705064027538366,38100
2013-11-12,9.877094268798828,10.663247032405465,9.659647471226359,10.663247032405465,38600
2013-11-13,9.91054630279541,9.943999590668243,9.300022802129602,9.785095875080318,22800
2013-11-14,9.96073055267334,10.036000685428402,9.676377072305188,10.01927363477631,7500
2013-11-15,10.044364929199219,10.044364929199219,9.95236773921177,9.977458316984563,17800
2013-11-18,10.28689956665039,10.28689956665039,10.03599942159266,10.03599942159266,13300
2013-11-19,10.035995483398438,10.21162543626148,10.002542197024013,10.161445107905212,6100
2013-11-20,10.370532989501953,10.403986290851716,9.78509981708629,10.11963362817354,32400
2013-11-21,10.872336387634277,11.031239414667864,10.495986441426444,10.495986441426444,92700
2013-11-22,10.880697250366211,10.997783410796789,10.863970200253473,10.947603855637869,77100
2013-11-25,11.441040992736816,11.499584074615253,10.964330419646334,10.964330419646334,47500
2013-11-26,11.332314491271973,11.424310851851425,11.20686403856604,11.424310851851425,27700
2013-11-27,11.45776653289795,11.708666692979724,11.257046723868378,11.332316851651873,22900
2013-11-28,11.708666801452637,11.834116483860921,11.675213499637787,11.783936929933459,16900
2013-11-29,11.382495880126953,11.792299801648234,11.290499504628894,11.708666152948483,12900
2013-12-02,11.499581336975098,11.541398155900175,11.0981417895091,11.282134516636274,10700
2013-12-03,11.424309730529785,11.708663104979298,11.424309730529785,11.457763021783293,3700
2013-12-04,11.248686790466309,11.574857182468095,11.248686790466309,11.55813012758037,9200
2013-12-05,10.955964088439941,11.415946662060957,10.955964088439941,11.34904007689465,13000
2013-12-06,11.165051460266113,11.20686749313529,10.96433083358144,10.96433083358144,2000
2013-12-09,10.955964088439941,11.139956798852584,10.955964088439941,11.139956798852584,5500
2013-12-10,11.03959846496582,11.123232106914385,10.972691870442778,11.073051762227342,5500
2013-12-11,10.872336387634277,11.07305625259981,10.872336387634277,11.039602941772221,10000
2013-12-12,10.83051872253418,10.872335557272415,10.746885850647493,10.746885850647493,5900
2013-12-13,10.813790321350098,10.830516573372435,10.788699746932155,10.788699746932155,2500
2013-12-16,10.788698196411133,10.930874907321082,10.746882173570155,10.930874907321082,11700
2013-12-17,10.838878631591797,10.847242155266127,10.805425334483994,10.847242155266127,4400
2013-12-18,11.04108715057373,11.04108715057373,10.91417762060126,10.990323177211545,13100
2013-12-19,11.007244110107422,11.125692029401488,10.998783313910435,11.066468069754455,7100
2013-12-20,11.244141578674316,11.244141578674316,11.117232853893075,11.125692843843428,3000
2013-12-23,11.294905662536621,11.379511210924813,11.294905662536621,11.328748043265099,8400
2013-12-24,11.34566879272461,11.371050376470638,11.252602447745172,11.371050376470638,1800
2013-12-27,11.252601623535156,11.29490479792399,11.201837652895366,11.29490479792399,5900
2013-12-30,11.929449081420898,11.929449081420898,11.252600763527182,11.252600763527182,8800
2013-12-31,12.225571632385254,12.555535452238733,11.84484464447186,11.84484464447186,32400
2014-01-02,12.039434432983398,12.284792628367283,11.904064950610055,12.284792628367283,8000
2014-01-03,12.005598068237305,12.462470703232535,11.971755680714182,12.157889215524436,32600
2014-01-06,12.267874717712402,12.479389799052273,12.056359636372534,12.132505194753447,24000
2014-01-07,12.081743240356445,12.411707112890497,11.937912896446692,12.352483138409822,34500
2014-01-08,12.098664283752441,12.140967466532581,12.081742687893945,12.107125081681689,20000
2014-01-09,11.844847679138184,12.183271575795645,11.717938919608189,12.098666005064388,37900
2014-01-10,11.997138023376465,12.005598015070156,11.836386078203907,11.887150062696861,32600
2014-01-13,12.014060974121094,12.301721721956891,12.014060974121094,12.301721721956891,23700
2014-01-14,11.67563247680664,11.920989935218646,11.438735815169599,11.920989935218646,19700
2014-01-15,11.63332748413086,11.701012234034716,11.591024313724484,11.641788279585308,50200
2014-01-16,11.836385726928711,11.836385726928711,11.56564663597759,11.56564663597759,5400
2014-01-17,12.047901153564453,12.047901153564453,11.777162055644492,11.963295588897545,10500
2014-01-20,11.70101261138916,12.18326667172316,11.591024687531847,12.18326667172316,12700
2014-01-21,11.878686904907227,11.895608498666128,11.591026265933891,11.802541346724167,11900
2014-01-22,11.912528991699219,12.014056131150147,11.844844232065267,11.98021375133317,7700
2014-01-23,11.920990943908691,12.081742061904936,11.878687763320396,12.081742061904936,13300
2014-01-24,11.827925682067871,12.014059222386685,11.717938524512315,11.980216833862007,19100
2014-01-27,11.717934608459473,11.844843321298447,11.67563143522451,11.734855393633907,15700
2014-01-28,11.760239601135254,11.94637312081704,11.717937225319206,11.7856219948642,14400
2014-01-29,11.70101261138916,11.79407894379186,11.63332785930249,11.760236567748525,20800
2014-01-30,11.844847679138184,12.140969193863123,11.844847679138184,12.140969193863123,9200
2014-01-31,11.70101261138916,11.819461330973779,11.67563103107313,11.67563103107313,3400
2014-02-03,11.844847679138184,11.946374848135422,11.717938919608189,11.819466088605427,8900
2014-02-04,11.844847679138184,11.929454056735656,11.844847679138184,11.887150867936919,3300
2014-02-05,12.014060974121094,12.098667361202084,11.84484900682542,11.84484900682542,6000
2014-02-06,12.039434432983398,12.13250155726439,12.005592062390061,12.039434432983398,9600
2014-02-07,12.225571632385254,12.259414013380534,12.115583692434095,12.259414013380534,11500
2014-02-10,12.310179710388184,12.310179710388184,12.115585387293853,12.115585387293853,13900
2014-02-11,12.183268547058105,12.521693166450062,12.183268547058105,12.521693166450062,5900
2014-02-12,12.191731452941895,12.394785775580605,12.191731452941895,12.225573840048346,4200
2014-02-13,12.267874717712402,12.394783443769922,12.267874717712402,12.267874717712402,4600
2014-02-14,12.157885551452637,12.428624570043887,12.14942475540518,12.267873479471813,5300
2014-02-18,12.149425506591797,12.267874237981992,12.098662340900264,12.183267886008142,10200
2014-02-19,15.296767234802246,16.28665766109052,14.67914372118376,15.237543283322617,305900
2014-02-20,15.82132625579834,16.07514366822498,15.567507229639947,15.584428820796857,212700
2014-02-21,15.67750072479248,15.863633442912379,15.575972760715654,15.78748787328782,63800
2014-02-24,15.39830207824707,15.770567544404368,15.229089329097484,15.770567544404368,81700
2014-02-25,15.017571449279785,15.23754733739596,14.636843640284088,15.23754733739596,74400
2014-02-26,15.229086875915527,15.229086875915527,14.806056684917873,15.0175717804167,51100
2014-02-27,15.229086875915527,15.398299597807434,15.144480514969574,15.229086875915527,52600
2014-02-28,15.271388053894043,15.35599440821599,15.229085683599061,15.229085683599061,28900
2014-03-03,15.449055671691895,15.482897232284428,15.229079879780633,15.237540673361607,44800
2014-03-04,15.728260040283203,15.787483999072817,15.440599428677782,15.440599428677782,45100
2014-03-05,15.60981273651123,15.736721455155243,15.60981273651123,15.736721455155243,21400
2014-03-06,17.175020217895508,17.175020217895508,15.812864488136729,15.812864488136729,109100
2014-03-07,17.166566848754883,17.175026032945638,16.751995819190995,16.92966934810869,57100
2014-03-10,17.31885528564453,17.344237677823926,17.05657702138584,17.090420210958367,27800
2014-03-11,17.30193328857422,17.513448357560545,17.259629306537807,17.34423565687872,13300
2014-03-12,17.259632110595703,17.259632110595703,17.13272337133227,17.217329735418616,43300
2014-03-13,17.648820877075195,17.648820877075195,17.175025880001957,17.175025880001957,26100
2014-03-14,17.944934844970703,17.944934844970703,17.58959113435979,17.648815086128273,28900
2014-03-17,18.19029998779297,18.393354305636738,17.961863275069124,18.097232820298306,58900
2014-03-18,18.019052505493164,18.359838049629033,17.89125812956642,18.317240465984668,26100
2014-03-19,18.061649322509766,18.22352141891908,17.814578820105904,18.104246900513598,64200
2014-03-20,18.036083221435547,18.061642733910208,17.84013183410836,18.061642733910208,24300
2014-03-21,18.061649322509766,18.14684447851743,17.91681528230592,18.044609641310856,15300
2014-03-24,18.23204231262207,18.23204231262207,18.044610683588125,18.23204231262207,52500
2014-03-25,18.1468505859375,18.25760692601261,18.104252993597218,18.104252993597218,16900
2014-03-26,17.891252517700195,18.266117311164376,17.891252517700195,18.266117311164376,17300
2014-03-27,17.124488830566406,17.81457970340453,17.04781188636289,17.81457970340453,37900
2014-03-28,17.073373794555664,17.260805448240696,16.98817699742838,17.013734899070943,54900
2014-03-31,17.03929328918457,17.337481246744026,17.03929328918457,17.167087663854726,32300
2014-04-01,17.235244750976562,17.328961383950663,17.005213901854844,17.005213901854844,19000
2014-04-02,17.59307289123535,17.610112577327094,17.158570645859356,17.158570645859356,25500
2014-04-03,17.465274810791016,17.576029497033012,17.42267722954261,17.541951757032997,13100
2014-04-04,17.516393661499023,17.584550772049848,17.465276234834327,17.576030930106786,14200
2014-04-07,17.465274810791016,17.5930691795298,17.465274810791016,17.465274810791016,22000
2014-04-08,17.465274810791016,17.507872392039424,17.465274810791016,17.465274810791016,12800
2014-04-09,18.658016204833984,19.211792626154654,17.54194352494244,17.55046336219264,77100
2014-04-10,18.104248046875,18.743221507352942,17.967933838639187,18.73470166621401,38900
2014-04-11,18.138322830200195,18.564305029594358,18.070164118303722,18.300194895974922,16700
2014-04-14,17.746423721313477,18.121288624990417,17.66122693070595,17.984974410015823,12300
2014-04-15,17.891252517700195,18.22351811588825,17.848654947417213,17.9423699270384,12100
2014-04-16,18.061649322509766,18.12980642231196,17.891255760507555,17.891255760507555,14700
2014-04-17,17.9764461517334,18.12128014045562,17.89976923858676,17.94236680144918,25400
2014-04-21,17.891252517700195,18.249077633053925,17.891252517700195,17.89977235675542,5400
2014-04-22,17.8997745513916,18.078686318507717,17.8997745513916,18.061648263301425,10700
2014-04-23,17.823095321655273,17.891252408688647,17.712340664598464,17.891252408688647,24600
2014-04-24,17.68678092956543,17.874212510348475,17.46526999318922,17.68678092956543,12700
2014-04-25,17.576032638549805,17.6186318524059,17.55047473523,17.55047473523,14100
2014-04-28,17.55899429321289,17.61863156665032,17.550474450579856,17.576032353485136,10200
2014-04-29,17.550464630126953,17.601582032328338,17.550464630126953,17.550464630126953,13800
2014-04-30,17.55899429321289,17.601591881384245,17.550474450579856,17.550474450579856,8300
2014-05-01,17.550464630126953,17.652699434529726,17.550464630126953,17.550464630126953,9800
2014-05-02,17.79754066467285,17.814580347332555,17.550471766081454,17.550471766081454,5900
2014-05-05,17.59307289123535,17.763466502164963,17.558995144045774,17.601592734281223,16100
2014-05-06,17.61862564086914,17.6782628942484,17.55046854772237,17.55046854772237,9600
2014-05-07,17.59307289123535,17.67826969670016,17.59307289123535,17.669749853654288,9400
2014-05-08,18.019052505493164,18.019052505493164,17.593070169074917,17.635669377712933,16900
2014-05-09,17.720870971679688,18.027578885129955,17.652713838134545,17.83162732931195,16700
2014-05-12,17.68678092956543,17.882732349246766,17.6356635211688,17.720858660165476,9100
2014-05-13,17.92534065246582,18.010535834754265,17.6782700738463,17.882741436327656,14800
2014-05-14,18.23204231262207,18.24056215371364,17.771982268632016,17.771982268632016,21000
2014-05-15,18.155372619628906,18.300206726049915,18.01905835770257,18.240569439581414,29900
2014-05-16,18.104248046875,18.300199518089784,18.104248046875,18.300199518089784,17400
2014-05-20,17.9764461517334,18.146838028175928,17.9764461517334,18.10424046531351,22800
2014-05-21,18.1894474029541,18.215005304988004,17.97645621937149,17.984976061714043,11600
2014-05-22,18.28316307067871,18.30020275597143,18.06165366184869,18.146848838324622,11800
2014-05-23,18.317241668701172,18.48763526445404,18.112770328793992,18.308721826414153,16100
2014-05-26,17.9764461517334,18.359829092473735,17.88272956344465,18.359829092473735,11300
2014-05-27,18.513193130493164,18.530232815034225,17.933856856047115,18.10425045147022,18600
2014-05-28,18.427993774414062,18.427993774414062,18.18092488284439,18.18092488284439,16200
2014-05-29,18.376874923706055,18.487631224239294,18.317237665723574,18.487631224239294,15100
2014-05-30,18.487632751464844,18.658024699062892,18.308719337744325,18.359836759524384,17200
2014-06-02,19.586668014526367,19.586668014526367,18.538751836551103,18.65802637307046,28600
2014-06-03,18.615432739257812,19.654829295925683,18.53023592723723,19.654829295925683,35200
2014-06-04,18.845458984375,18.845458984375,18.5302313453421,18.61542813629642,4800
2014-06-05,18.794342041015625,18.84546109631311,18.666547652759533,18.675067495309115,10500
2014-06-06,18.95621681213379,18.95621681213379,18.572832001890827,18.743225611997456,9400
2014-06-09,19.42479705810547,19.765584282804166,18.998814652226017,18.998814652226017,13100
2014-06-10,19.552589416503906,20.038209008222083,19.356636311517626,19.42479341868871,9900
2014-06-11,19.279956817626953,19.59518441230018,19.271438602224492,19.59518441230018,14400
2014-06-12,18.23204231262207,19.492949544290852,17.695305323801417,19.492949544290852,31700
2014-06-13,17.848657608032227,18.095726477490565,17.695303732164728,18.044609060532526,14100
2014-06-16,17.465274810791016,17.806060335758957,17.320440759555446,17.686785808268567,61000
2014-06-17,17.6527099609375,17.669749646829793,17.46527829110394,17.59307268530836,9600
2014-06-18,17.523128509521484,17.720499298976925,17.47164083330783,17.677593174926166,12400
2014-06-19,17.660436630249023,17.75483210233864,17.471647322834116,17.471647322834116,10400
2014-06-20,17.62610626220703,17.883546291190324,17.600361604603187,17.883546291190324,4000
2014-06-23,17.643266677856445,17.763406769409308,17.334338988860907,17.428732787582245,9200
2014-06-24,17.832059860229492,17.857802882870462,17.63468741165328,17.823478307094536,7400
2014-06-25,18.11524772644043,18.226804663125762,17.806318306751525,17.9693645712278,12000
2014-06-26,18.673036575317383,19.084941396734525,18.046597788149946,18.149573175122097,15500
2014-06-27,18.964799880981445,19.00770601259627,18.449918117783522,18.49282424939835,7200
2014-06-30,18.87898063659668,18.87898063659668,18.70735288519493,18.87898063659668,2400
2014-07-02,18.49282455444336,19.093520227543603,18.475663083572748,18.87898629240266,7100
2014-07-03,18.321195602416992,18.612961840783004,18.243963266569295,18.449915616575225,12500
2014-07-04,18.321195602416992,18.364101728215143,18.05517402158814,18.05517402158814,2700
2014-07-07,18.123828887939453,18.364105865361804,17.814899474951687,18.07233956126539,7100
2014-07-08,18.389846801757812,18.621543814542232,18.19247599979945,18.252545231981227,11900
2014-07-09,18.81032943725586,18.999118650110084,18.64728324079423,18.64728324079423,18400
2014-07-10,19.179330825805664,19.205073846060024,18.66444914278975,18.767426134098432,21800
2014-07-11,19.5225887298584,19.737122671944757,19.05919462930511,19.2994732336769,20300
2014-07-14,19.22223663330078,20.080372211901384,19.187912061273895,19.685630631391696,7700
2014-07-15,19.205078125,19.393869045001722,19.09352119326053,19.102102747511893,10400
2014-07-16,19.187917709350586,19.333800866124804,19.145009935732165,19.17075459990322,8200
2014-07-17,18.87898063659668,19.39386225403839,18.87898063659668,19.39386225403839,17200
2014-07-18,18.836076736450195,18.878982860974187,18.836076736450195,18.878982860974187,12600
2014-07-21,19.024866104125977,19.05061076107223,18.72451832014132,18.87898298829136,11300
2014-07-22,18.973377227783203,19.308049563112792,18.94763257246414,18.94763257246414,8600
2014-07-23,19.179330825805664,19.308050837368707,18.921889165915832,19.308050837368707,10900
2014-07-24,19.213651657104492,19.308047077693068,19.093513221274257,19.308047077693068,7400
2014-07-25,19.73712158203125,19.857260059200875,19.308053721552312,19.308053721552312,10100
2014-07-28,19.153589248657227,20.166189672835014,19.145007694937956,20.05463274801252,14800
2014-07-29,19.934490203857422,19.934490203857422,19.265145462948425,19.539748601450967,11400
2014-07-30,19.61697769165039,20.114696206992356,19.61697769165039,20.114696206992356,10300
2014-07-31,19.5225887298584,19.951656614031112,19.479682596146763,19.83151813022726,11400
2014-08-01,19.179330825805664,19.453933953610488,19.179330825805664,19.179330825805664,7100
2014-08-05,18.664457321166992,19.6084072141881,18.664457321166992,19.119269973860522,14800
2014-08-06,18.853242874145508,19.230823083185367,18.243967243815952,18.664453588007646,21300
2014-08-07,18.92188835144043,18.92188835144043,18.45849600240703,18.90472688426414,10800
2014-08-08,19.436765670776367,19.436765670776367,18.83607189792529,18.844651811215133,10200
2014-08-11,19.26514434814453,19.608398251409856,19.222236587259044,19.436770481395335,9400
2014-08-12,19.66846466064453,19.75427853335139,19.10209539224814,19.10209539224814,20600
2014-08-13,19.831510543823242,20.037462853028856,19.73711512165104,19.831510543823242,42300
2014-08-14,19.95164680480957,20.06320367967137,19.780019080815574,20.054623766558624,9600
2014-08-15,19.943069458007812,19.951651009692434,19.780023249527265,19.82293100795037,11400
2014-08-18,19.73712158203125,19.951655512270722,19.719958474788736,19.951655512270722,7800
2014-08-19,19.82292938232422,20.0117185936129,19.737115509279,19.900161704388562,2800
2014-08-20,19.95164680480957,20.11469297892754,19.737112968198716,19.737112968198716,3000
2014-08-21,19.925912857055664,20.1232853366832,19.925912857055664,19.951657520510775,5500
2014-08-22,19.702787399291992,19.951647443371847,19.642718185000533,19.788601264035506,8400
2014-08-25,19.82292938232422,20.123277119600726,19.737115509279,19.88299860242682,7100
2014-08-26,19.745698928833008,19.90874513937194,19.60839737367295,19.60839737367295,11700
2014-08-27,19.565494537353516,19.822936245623254,19.565494537353516,19.822936245623254,6100
2014-08-28,19.53116798400879,19.73712034774753,19.53116798400879,19.565492559583298,6300
2014-08-29,19.565494537353516,19.737122342866673,19.522588404357254,19.72854078891461,5700
2014-09-02,19.61697769165039,19.737116135668387,19.60839614039717,19.60839614039717,7500
2014-09-03,19.574071884155273,19.65130421635987,19.565490332047684,19.61697964469322,2700
2014-09-04,19.574071884155273,19.694211976897815,19.522584208273447,19.59981654047804,8100
2014-09-05,19.093515396118164,19.385281605022406,18.98195849824942,19.385281605022406,2600
2014-09-08,19.230819702148438,19.55691216432183,19.14500581016787,19.14500581016787,13600
2014-09-09,19.22223663330078,19.599816746178888,19.196493613471546,19.514002860966084,3100
2014-09-10,19.093515396118164,19.17932927581299,19.050609274652558,19.102096947764007,4800
2014-09-11,19.179330825805664,19.230818503078133,19.016284604885147,19.230818503078133,6800
2014-09-12,19.145002365112305,19.35095468674718,19.145002365112305,19.179328570433228,10900
2014-09-15,19.196495056152344,19.30805196957826,18.647287131573815,18.76742723460616,6800
2014-09-16,19.179330825805664,19.196493930484404,19.024866157224515,19.196493930484404,3600
2014-09-17,19.230302810668945,19.506748945777563,19.221663662978184,19.38580417360478,8400
2014-09-18,19.31669044494629,19.524025022719123,19.25621806573114,19.428996056667458,12000
2014-09-19,19.783187866210938,19.783187866210938,19.22165665308618,19.35124052569215,27300
2014-09-22,19.765918731689453,19.765918731689453,19.273498799074133,19.58450155556764,22200
2014-09-23,19.35124969482422,19.524029371998633,18.92794129827093,19.437639533411428,8600
2014-09-24,19.230302810668945,19.230302810668945,18.87610599409241,19.17846957227331,16300
2014-09-25,18.314573287963867,19.14391163495527,17.917180760885536,19.109356694371705,16000
2014-09-26,18.582380294799805,18.582380294799805,18.426878942481583,18.426878942481583,1700
2014-09-29,18.56510353088379,18.56510353088379,17.623457840004363,18.366408074431902,11100
2014-09-30,18.375041961669922,18.711960391175644,18.314569592040538,18.711960391175644,6900
2014-10-01,18.6169376373291,18.97113447541803,18.357769781861265,18.556465247569875,5100
2014-10-02,18.78107261657715,18.988407169327253,18.357764365410453,18.49598740057719,17900
2014-10-03,18.582380294799805,19.178468262770046,18.582380294799805,18.789714881974493,15100
2014-10-06,18.815637588500977,18.815637588500977,18.444162397956415,18.487356497799105,3900
2014-10-07,18.71196174621582,18.781073266189665,18.66012851817259,18.781073266189665,4400
2014-10-08,18.746522903442383,18.91066177358038,18.547825793263787,18.547825793263787,12500
2014-10-09,18.746522903442383,18.902022625507485,18.746522903442383,18.858828532892012,3000
2014-10-10,18.910654067993164,18.91929321254584,18.47870672684943,18.59965310283855,8000
2014-10-14,18.521909713745117,18.70332687725652,18.349130050425604,18.61693704559676,13700
2014-10-15,18.029489517211914,18.383686338185623,17.917182243586712,18.245463268915344,12400
2014-10-16,18.78107261657715,18.78971176224364,17.79623307907702,17.79623307907702,13500
2014-10-17,19.005685806274414,19.30804931910577,18.798351249753978,18.798351249753978,7100
2014-10-20,19.005685806274414,19.22165950861844,18.884741060241307,19.152547989778295,25900
2014-10-21,19.5931396484375,19.77455681478462,18.962496668637023,19.29077605677662,29900
2014-10-22,20.01644515991211,20.01644515991211,19.60177599796478,19.60177599796478,7100
2014-10-23,20.085546493530273,20.534772014866586,19.999156716696685,19.999156716696685,12500
2014-10-24,20.457029342651367,20.457029342651367,20.16330497574432,20.292888867556584,12900
2014-10-27,20.517507553100586,20.690287223173684,20.085560025666886,20.690287223173684,6400
2014-10-28,21.208621978759766,21.3036509577773,20.08555911732098,20.526145773108222,13800
2014-10-29,21.11359214782715,21.29500928874718,20.811228598544982,21.139507940673564,8000
2014-10-30,20.89761734008789,21.122230203732027,20.733476853627042,20.949450570852324,10700
2014-10-31,21.174060821533203,21.580090766621492,21.1567825308277,21.329562142385715,10800
2014-11-03,21.165422439575195,21.199979022232583,21.130865856917808,21.191339876568236,6200
2014-11-04,21.25181770324707,21.25181770324707,20.828509343533383,20.828509343533383,1800
2014-11-05,21.424598693847656,21.683768223057026,21.16543081238749,21.16543081238749,18200
2014-11-06,21.30364990234375,21.588735177523578,21.30364990234375,21.467790408583316,7000
2014-11-07,21.174060821533203,21.744231232826756,21.174060821533203,21.41595194816472,11000
2014-11-10,21.199979782104492,21.467786716304047,21.035839304095713,21.18270149015649,7200
2014-11-11,21.597370147705078,21.81334384918213,20.95808818906284,20.95808818906284,18800
2014-11-12,21.588733673095703,21.75287416789701,21.424593178294398,21.75287416789701,9100
2014-11-13,21.726953506469727,21.82198246006982,21.459146584572277,21.82198246006982,5200
2014-11-14,22.115707397460938,22.29712451608308,21.80470473953889,21.80470473953889,6800
2014-11-17,21.778783798217773,21.942924246574055,21.761507157139466,21.942924246574055,5700
2014-11-18,22.037961959838867,22.314408100114157,21.7701549674158,22.00340536842997,10600
2014-11-19,22.037961959838867,22.288490656557485,21.908378037553444,22.037961959838867,13200
2014-11-20,22.461267471313477,22.539018144380233,22.020680873184784,22.020680873184784,12200
2014-11-21,22.383516311645508,22.50446106812065,22.21073667575354,22.21073667575354,17700
2014-11-24,21.821979522705078,22.19345449377709,21.778783800633732,22.19345449377709,8200
2014-11-25,21.528263092041016,21.787430928440617,21.424594968831823,21.73559769071048,14500
2014-11-26,21.85654640197754,21.891102998527323,21.60601766798846,21.735601609551722,7000
2014-11-27,22.409440994262695,22.409440994262695,21.899742716166468,21.93429766586406,10200
2014-11-28,22.28848648071289,22.409432880235226,22.14162429023829,22.409432880235226,8000
2014-12-01,22.28848648071289,22.28848648071289,22.07251276811781,22.07251276811781,8900
2014-12-02,22.374879837036133,22.374879837036133,22.063878762139726,22.063878762139726,9000
2014-12-03,22.45262908935547,22.461268236407022,22.107071446037434,22.107071446037434,13200
2014-12-04,22.45262908935547,22.461268236407022,22.210737915158436,22.45262908935547,3100
2014-12-05,22.58220672607422,22.58220672607422,22.245288323406946,22.426705417843674,5200
2014-12-08,22.720434188842773,22.746351627866453,22.323043343638435,22.746351627866453,19000
2014-12-09,22.46990966796875,22.63405018313875,22.18482437727822,22.504464611939337,8900
2014-12-10,22.495824813842773,23.02279960174467,22.48718566679536,22.711798546781747,16800
2014-12-11,22.461267471313477,22.642684609970065,22.461267471313477,22.642684609970065,6900
2014-12-12,22.461267471313477,22.513100704108393,22.288487831665407,22.461267471313477,2900
2014-12-15,21.85654640197754,22.374883815979807,21.752879907826614,22.30577227062945,7600
2014-12-16,21.087675094604492,21.692402204277432,20.9494520377219,21.692402204277432,10900
2014-12-17,21.338876724243164,21.634405097675632,20.93904519422793,21.03465780265278,16000
2014-12-18,21.81693458557129,22.129845662660507,21.29541391326458,21.512714055236664,15500
2014-12-19,21.60832977294922,21.773476711064163,21.208496591810068,21.773476711064163,10000
2014-12-22,22.599212646484375,22.599212646484375,21.686552798908313,21.73001216008113,20300
2014-12-23,23.459726333618164,23.468418539428868,22.555758481598577,22.607910058594058,9800
2014-12-24,23.520565032958984,23.772633973383886,23.520565032958984,23.746557361587673,3700
2014-12-29,23.816091537475586,24.28546056716792,23.4249523372669,23.59009922590538,8000
2014-12-30,23.998628616333008,24.598375824667382,23.981244206792393,24.050780187086314,10300
2014-12-31,23.90302085876465,24.45930881368695,23.90302085876465,24.398465025850932,7100
2015-01-02,23.77263832092285,24.250698019535598,23.590105320704506,24.250698019535598,1800
2015-01-05,22.625289916992188,24.29415496581581,22.625289916992188,24.29415496581581,9000
2015-01-06,21.860389709472656,22.599210380405715,21.460558321596057,22.599210380405715,16000
2015-01-07,22.660058975219727,22.668751180009934,22.051619560722017,22.155922702467432,7900
2015-01-08,23.372798919677734,23.381491122880085,22.66874703896978,22.67743924217213,9100
2015-01-09,23.259803771972656,23.69440398821011,23.259803771972656,23.477103880091384,6600
2015-01-12,23.320653915405273,23.555338494250318,23.120738159145585,23.555338494250318,7400
2015-01-13,23.077272415161133,23.60748524615992,23.077272415161133,23.60748524615992,11100
2015-01-14,23.016429901123047,23.225037831777122,22.929509515550066,23.225037831777122,4900
2015-01-15,22.946895599365234,23.033815991283415,22.946895599365234,22.99904717136871,3300
2015-01-16,23.0338134765625,23.0338134765625,22.85128216554393,22.92950868607446,5200
2015-01-19,23.25111961364746,23.25111961364746,23.033819430342344,23.033819430342344,2900
2015-01-20,22.781747817993164,23.468417114528542,22.781747817993164,23.468417114528542,9100
2015-01-21,23.14681053161621,23.355420128079334,22.61659930938897,22.61659930938897,3100
2015-01-22,23.468421936035156,23.468421936035156,23.207662355449024,23.207662355449024,24000
2015-01-23,23.468421936035156,23.703106553284062,23.25112173292372,23.703106553284062,5900
2015-01-26,23.77263832092285,23.77263832092285,23.320653581006525,23.320653581006525,4500
2015-01-27,23.729175567626953,23.772636592074786,23.46841605241422,23.64225683446842,8600
2015-01-28,23.529253005981445,23.642249978911444,23.485793652004112,23.598788967066028,2100
2015-01-29,22.9903564453125,23.616180278088844,22.851284482473314,23.616180278088844,3500
2015-01-30,22.81651496887207,23.46841539655413,22.81651496887207,23.04250731607941,5000
2015-02-02,22.703523635864258,23.251119362413974,22.425378011629316,22.607911025725095,9000
2015-02-03,22.920818328857422,22.929508875090363,22.599213408580898,22.720900950263058,36300
2015-02-04,22.859975814819336,23.112044792292487,22.816516446639852,22.816516446639852,4500
2015-02-05,23.885631561279297,23.90301597078286,22.75567146944425,22.75567146944425,9800
2015-02-06,23.494497299194336,24.42454185345166,23.46842067938444,23.903021062336006,14300
2015-02-09,23.17288589477539,24.42453511664783,22.938201354823978,23.90301446937861,7600
2015-02-10,23.424951553344727,23.642251654366966,23.164190437397117,23.207651452322487,7800
2015-02-11,23.09465217590332,23.772629020538094,22.825200541620852,23.590096091730715,4200
2015-02-12,23.0338134765625,23.08596504287232,22.68613360471637,23.08596504287232,10400
2015-02-13,23.294572830200195,23.468413594044176,23.120733724224607,23.338033850095385,6000
2015-02-17,22.86866569519043,23.46841453073459,22.86866569519043,23.303265964278108,20600
2015-02-18,23.338031768798828,23.372798923746036,22.781742368829274,22.912123759018982,4600
2015-02-19,23.503183364868164,23.55533493299286,22.920818937558927,23.416262979414697,10200
2015-02-20,23.338031768798828,23.616175639849484,23.25111139462844,23.616175639849484,6100
2015-02-23,23.164199829101562,23.329348437039492,23.033820047200617,23.08597162838722,8000
2015-02-24,23.20765495300293,23.251114316615578,23.033814182815433,23.059890795704092,8100
2015-02-25,23.25111961364746,23.25111961364746,23.033819430342344,23.25111961364746,6500
2015-02-26,23.25111961364746,23.25111961364746,23.16419920875165,23.25111961364746,8200
2015-02-27,23.338031768798828,23.338031768798828,23.11203945910311,23.11203945910311,2200
2015-03-02,23.25111961364746,23.381499392056767,23.16419920875165,23.381499392056767,7000
2015-03-03,23.120737075805664,23.277193454371478,23.120737075805664,23.225040222937118,5400
2015-03-04,22.9903564453125,23.1641955699272,22.9903564453125,23.120736203240668,5500
2015-03-05,22.12115478515625,23.164194456305907,22.12115478515625,23.164194456305907,9600
2015-03-06,22.425376892089844,22.486222332330065,21.773476381763178,22.16461735110667,15200
2015-03-09,23.468421936035156,23.468421936035156,22.660064915201577,22.938208909925176,17100
2015-03-10,23.442340850830078,23.459725261657127,23.112045334459445,23.381497070804066,12000
2015-03-11,23.885631561279297,24.33761626116073,23.46841568040499,23.46841568040499,14500
2015-03-12,23.894325256347656,24.32892557383205,23.459724938863264,23.911709666935504,7800
2015-03-13,23.68571662902832,23.894324576541585,23.442339861328545,23.894324576541585,6800
2015-03-16,23.259803771972656,23.790016566300192,23.251111568703717,23.68571178494117,9400
2015-03-17,22.81651496887207,23.320651233298122,22.590522621664736,23.242423049346794,12400
2015-03-18,22.96424674987793,23.069145304636393,22.59709847355838,23.025437851375777,9300
2015-03-19,23.611125946044922,23.777217264128403,22.990469792855276,22.990469792855276,4800
2015-03-20,23.532453536987305,23.777219626516867,23.383845851796604,23.646093923388396,4800
2015-03-23,23.812183380126953,23.82092520413497,23.10411230880208,23.10411230880208,7100
2015-03-24,23.908342361450195,23.908342361450195,23.305169828808843,23.812183962343354,8900
2015-03-25,23.611125946044922,24.02198166200679,23.611125946044922,24.013239838177935,8500
2015-03-26,23.38385009765625,23.646098216865038,23.38385009765625,23.593648926489855,4600
2015-03-27,23.864641189575195,23.864641189575195,23.366368714289514,23.383852368556777,6400
2015-03-30,23.445039749145508,23.820929919231396,23.445039749145508,23.68980586782145,4600
2015-03-31,23.453784942626953,23.593650839858697,23.3051772184016,23.532459718236435,4700
2015-04-01,23.462526321411133,23.969540606023855,23.462526321411133,23.576166735491146,23300
2015-04-02,23.829668045043945,23.96079207609485,23.48000340646402,23.48000340646402,7100
2015-04-06,24.223039627075195,24.441580229992866,24.02198267255073,24.02198267255073,6400
2015-04-07,24.21430206298828,24.45906649737175,24.1618511121924,24.45906649737175,14000
2015-04-08,24.301712036132812,24.38912860234412,24.214297137253826,24.214297137253826,4400
2015-04-09,24.310455322265625,24.362906265547814,24.292973341837317,24.362906265547814,3700
2015-04-10,24.39787483215332,24.476549589219562,24.310458250153868,24.371649357353697,6900
2015-04-13,24.301712036132812,24.6776021037088,24.25800458669332,24.6776021037088,6600
2015-04-14,24.065692901611328,24.30171549645712,24.048209252413102,24.249266216195007,6600
2015-04-15,24.030729293823242,24.30171922868377,23.995763657389375,24.039471119764915,5700
2015-04-16,23.864641189575195,24.03947439758173,23.785966412705555,23.995766929246617,61300
2015-04-17,23.960790634155273,24.039465381517743,23.77721733519779,23.77721733519779,12000
2015-04-20,23.602388381958008,23.864636474824454,23.602388381958008,23.85589631675059,13500
2015-04-21,23.602388381958008,23.681063143284483,23.48000616093136,23.48000616093136,12100
2015-04-22,23.602388381958008,23.820929015124285,23.602388381958008,23.812187189717708,13400
2015-04-23,23.16530418395996,23.733509424817008,22.72822297294185,23.689801970648197,6900
2015-04-24,23.567420959472656,23.602388260919643,23.252723583113298,23.252723583113298,5700
2015-04-27,23.445039749145508,23.52371451345803,23.348881333356253,23.514972687719666,900
2015-04-28,22.903057098388672,23.077888589832302,22.859347975028335,22.9904720104442,8700
2015-04-29,22.597103118896484,22.99047528110583,22.273662229347067,22.850609401120355,18900
2015-04-30,22.728225708007812,22.903058880387107,22.562134360980753,22.684518248579337,6400
2015-05-01,22.894317626953125,22.903059452523735,22.736968101347582,22.903059452523735,15300
2015-05-04,23.0778865814209,23.33139447285097,22.86808780954727,22.90305510519242,6900
2015-05-05,22.29114532470703,23.11285859960823,21.871547695225352,23.11285859960823,22000
2015-05-06,21.98518943786621,22.597103935412996,21.897772842883406,22.282404860408036,13300
2015-05-07,22.29114532470703,22.29114532470703,21.880289520922815,22.15127944821314,12800
2015-05-08,22.47471046447754,22.54464504454791,22.282395371280504,22.54464504454791,10600
2015-05-11,24.24051856994629,24.24051856994629,22.70199282398159,22.70199282398159,25500
2015-05-12,24.65138053894043,24.65138053894043,23.820925585539108,24.004498890649362,11000
2015-05-13,25.001049041748047,25.24581348648443,24.389134595241632,24.45906753192813,34700
2015-05-14,25.429391860961914,25.438133687624052,25.06224347781684,25.088468957803254,19500
2015-05-15,25.03601837158203,25.43813406737867,24.904894304358358,25.429392240586026,7000
2015-05-19,24.86992073059082,24.913628183277627,24.677603937171,24.913628183277627,2200
2015-05-20,24.878664016723633,24.957338775322256,24.572708474765257,24.86992385895281,33100
2015-05-21,24.695085525512695,24.90488428210974,24.6601182324137,24.90488428210974,5500
2015-05-22,24.913631439208984,24.913631439208984,24.738798270948138,24.869923980810103,5900
2015-05-25,24.826213836669922,24.913630417214385,24.826213836669922,24.913630417214385,3300
2015-05-26,24.074432373046875,24.931111092032808,23.820924486449513,24.642637577789284,21000
2015-05-27,23.602388381958008,24.66012424616309,23.602388381958008,24.039469648290563,14300
2015-05-28,24.249267578125,24.249267578125,23.6111293525426,23.6111293525426,7200
2015-05-29,23.77721405029297,24.266744447215018,23.602380932011858,24.258002624567744,40700
2015-06-01,23.35761833190918,23.84715046809225,23.35761833190918,23.602384400000712,7100
2015-06-02,23.25272560119629,23.847156438723538,22.990475819581583,23.12160154405536,20300
2015-06-03,22.509685516357422,23.471264648580984,22.509685516357422,23.121599964317706,23300
2015-06-04,21.941484451293945,22.640813955446855,21.34705353909745,22.509689881834817,43500
2015-06-05,22.387300491333008,22.736965131826466,22.072601481222634,22.28240026551871,9500
2015-06-08,22.43100929260254,22.59710063205653,22.352334535352366,22.59710063205653,3100
2015-06-09,22.553396224975586,22.553396224975586,22.037640116153824,22.527172411961818,11100
2015-06-10,22.53590202331543,22.868082924319605,22.378552561191107,22.553384000070967,6900
2015-06-11,21.67048454284668,22.518421386344503,21.64425907321311,22.509679563133314,18900
2015-06-12,22.43100929260254,22.562133332241952,21.451948240451138,21.451948240451138,12900
2015-06-15,22.203731536865234,22.509688805552937,21.985190868850157,22.439755858481433,6200
2015-06-16,22.090091705322266,22.431014622864474,21.810359909663735,22.011416929376676,17000
2015-06-17,21.895753860473633,22.300254609341003,21.851787153459128,21.91334121416838,11500
2015-06-18,21.895753860473633,22.256286225104134,21.737471031665635,21.737471031665635,14200
2015-06-19,21.79022789001465,22.423357376855364,21.76384686577138,21.85178193602697,29800
2015-06-22,22.810272216796875,22.836651565595844,21.81660870722455,21.81660870722455,9600
2015-06-23,23.162012100219727,23.337882262118782,22.907000533188313,22.95976258809133,8400
2015-06-24,23.01251792907715,23.592886988209006,22.863028827347925,23.30270245864308,7400
2015-06-25,23.047691345214844,23.22356147165704,22.9333769370827,23.1004533894806,16600
2015-06-26,23.566513061523438,23.566513061523438,23.205980709496405,23.21477438603637,4800
2015-06-29,23.390634536743164,23.742373061468754,23.241145454082087,23.742373061468754,22000
2015-06-30,24.44585609436035,24.797596382400524,23.32029253974218,23.742378872723993,56100
2015-07-02,24.67449188232422,24.753633296319368,24.54259008473975,24.709666589532,3600
2015-07-03,24.929502487182617,25.122958337470155,24.577763815195144,24.70087193108519,17700
2015-07-06,24.44585609436035,24.70086763546728,24.41068307188953,24.639313588226845,5900
2015-07-07,24.269987106323242,24.313953802773007,23.759965712284956,23.759965712284956,9300
2015-07-08,23.953420639038086,24.20843216523853,23.751171159292703,23.751171159292703,10700
2015-07-09,23.55771827697754,24.0237713379381,23.531337250476675,24.01497766243781,5400
2015-07-10,23.830318450927734,24.050155333911896,23.716002332531474,23.91825353956586,4500
2015-07-13,23.839109420776367,24.208435409344684,23.803934718425992,23.830315745188773,3800
2015-07-14,23.962217330932617,23.962217330932617,23.786347175046103,23.839109228145322,1900
2015-07-15,24.155668258666992,24.384298744034126,22.950963470150732,23.557713539885754,10800
2015-07-16,23.768762588500977,24.173261617432196,23.742381560744604,24.164467941513408,6200
2015-07-17,23.22356414794922,24.164465575234583,22.608020311687866,24.164465575234583,5500
2015-07-20,23.082870483398438,23.663239664231828,23.082870483398438,23.663239664231828,4200
2015-07-21,23.153217315673828,23.197184015432093,23.082869589727352,23.091663265123422,4000
2015-07-22,23.71599578857422,23.71599578857422,23.08286634407934,23.320290514723112,6700
2015-07-23,23.47857666015625,23.707205512186185,23.17959840476684,23.707205512186185,4200
2015-07-24,24.076534271240234,24.22602341618037,23.65444786572301,23.663241542157404,14500
2015-07-27,23.188390731811523,24.138085818053725,22.93337919112829,22.93337919112829,14400
2015-07-28,22.950969696044922,23.126838186727685,22.581643685222232,23.109252511714963,12600
2015-07-29,22.86302947998047,23.126832995399194,22.45853053270884,22.4849098779176,8000
2015-07-30,23.302709579467773,23.302709579467773,23.27632854972872,23.27632854972872,200
2015-07-31,23.267532348632812,23.443402506700043,23.12683689306788,23.373054778917574,11100
2015-08-04,23.70720100402832,23.742375699019245,23.68961533375463,23.742375699019245,5000
2015-08-05,23.12683868408203,24.11170862653007,23.091665656077957,24.11170862653007,5300
2015-08-06,22.660785675048828,23.93583855482907,22.660785675048828,23.93583855482907,15900
2015-08-07,22.07162094116211,22.74871886825329,22.01886056471486,22.572848710466292,19100
2015-08-10,22.42336082458496,22.42336082458496,22.01886178732578,22.01886178732578,6300
2015-08-11,22.335424423217773,22.370599125542125,21.54401207036314,21.983685786084838,7400
2015-08-12,21.63194465637207,22.238694783776328,21.544009587915784,22.238694783776328,3500
2015-08-13,21.561595916748047,22.06282360284208,21.544008568444642,21.851780454866795,9500
2015-08-14,21.412105560302734,21.552800984070675,21.412105560302734,21.552800984070675,13600
2015-08-17,20.53276252746582,21.41210994468301,20.53276252746582,21.41210994468301,49500
2015-08-18,20.013944625854492,20.22498777528651,19.785314127997673,19.785314127997673,22400
2015-08-19,18.51026153564453,19.697380824952116,18.42232814009894,19.57427272941068,22800
2015-08-20,18.457500457763672,18.4662941324267,18.24645729751686,18.351979716251236,26300
2015-08-21,18.026630401611328,18.46630431384575,17.947488963231304,18.272848396262837,31300
2015-08-24,17.015369415283203,17.314347610812117,15.837043980486131,15.837043980486131,32500
2015-08-25,17.235200881958008,17.96505879719602,17.15605952078101,17.305548572201868,24900
2015-08-26,17.551774978637695,17.586949683070504,17.20003632042073,17.331938107599314,11100
2015-08-27,18.448711395263672,18.46629874898655,17.49901609811897,18.42233204190172,40400
2015-08-28,18.730098724365234,18.86200217456015,18.27283935654074,18.27283935654074,25700
2015-08-31,19.134599685668945,19.741349863206455,18.492676484175878,18.492676484175878,16600
2015-09-01,18.694923400878906,19.2313257791592,18.545434295975635,18.78285846444939,12200
2015-09-02,18.712507247924805,18.932344027108606,18.60698485593911,18.694919903056935,5700
2015-09-03,18.809236526489258,18.985106641634143,18.325596225673408,18.818030199968675,14900
2015-09-04,19.196149826049805,19.345638921165865,18.730095193694623,18.738888867198124,11100
2015-09-08,19.029077529907227,19.345643136118415,18.99390450545159,19.345643136118415,13500
2015-09-09,18.818031311035156,19.169769884870785,18.818031311035156,19.064249151331005,11400
2015-09-10,18.64215850830078,19.11700505275897,18.46628842385172,19.11700505275897,34900
2015-09-11,18.56302833557129,18.6861364626138,18.41353917678148,18.44871220855544,10100
2015-09-14,18.395952224731445,18.554235064233104,18.158527965478953,18.554235064233104,14100
2015-09-15,18.4750919342041,18.862005319699385,18.3783631685247,18.738895524137696,20500
2015-09-16,18.580482482910156,18.61590842792793,18.527345254585526,18.59819545541904,7000
2015-09-17,18.164236068725586,18.598193719475795,18.164236068725586,18.598193719475795,25300
2015-09-18,18.022533416748047,18.59819138363941,17.756843954889344,18.155377303076566,9000
2015-09-21,17.71256446838379,18.500773046682298,17.579720572711267,18.500773046682298,31000
2015-09-22,18.403358459472656,18.403358459472656,16.844652298231665,17.71256771064476,35800
2015-09-23,18.33250617980957,18.33250617980957,17.49115863316638,17.71256570447228,21900
2015-09-24,17.933969497680664,18.164233012453842,17.92511301374305,18.164233012453842,10300
2015-09-25,18.261655807495117,18.376786740209045,18.03139225286538,18.040248738335972,53700
2015-09-28,18.137664794921875,18.297078138243926,17.933970718100014,18.15537776400248,22700
2015-09-29,18.199665069580078,18.261660483749356,17.84541400605293,17.84541400605293,16700
2015-09-30,18.598188400268555,18.598188400268555,17.384877270907182,18.199655116010813,42800
2015-10-01,19.28012466430664,19.30669242693682,18.56276466766314,18.615903571326683,38500
2015-10-02,19.041006088256836,19.15613700972777,18.598191993181096,19.15613700972777,8900
2015-10-05,19.253559112548828,19.28012856976261,19.00558257949267,19.28012856976261,9400
2015-10-06,19.262420654296875,19.262420654296875,18.996732769228903,19.16500097481084,19900
2015-10-07,20.192319869995117,20.573140220734054,19.01443457239876,19.26241104686172,42500
2015-10-08,20.626279830932617,20.785691474417227,19.917776317794115,20.26317074581316,17700
2015-10-09,20.88311195373535,20.891968438043158,20.573141759768802,20.821118252782377,8200
2015-10-13,20.998241424560547,20.998241424560547,20.617422760773174,20.617422760773174,8300
2015-10-14,21.255075454711914,21.255075454711914,21.051381387012647,21.11337508681663,4200
2015-10-15,21.272785186767578,21.272785186767578,21.007095770482067,21.272785186767578,2300
2015-10-16,21.467626571655273,21.556189726221515,21.184225828404646,21.184225828404646,4500
2015-10-19,22.202695846557617,22.229265297251132,21.47648108628337,21.70674459135595,6000
2015-10-20,22.176130294799805,22.22041102783315,21.653609536838193,22.22041102783315,12000
2015-10-21,22.565805435180664,23.672840651065133,22.060997647009614,22.06985413144089,38500
2015-10-22,22.114133834838867,22.61894328870944,20.59085405681302,22.61894328870944,19600
2015-10-23,22.255830764770508,22.406387591445732,21.370202770022434,22.069849696690056,7300
2015-10-26,21.892728805541992,22.282405692030135,21.6978912068988,22.255836237541708,14000
2015-10-27,22.06985855102539,22.645516640723,21.361356546659415,22.105282806642677,76500
2015-10-28,21.255075454711914,22.114134146227265,20.369447310765583,22.114134146227265,8300
2015-10-29,20.9716739654541,22.140702803190297,20.396016030411467,21.25507469106269,17000
2015-10-30,21.00709342956543,21.919290785519685,20.546568199884785,21.919290785519685,13300
2015-11-02,20.81226348876953,21.246221120512,20.81226348876953,21.21079686955435,4100
2015-11-03,20.945104598999023,21.077948478517097,20.5908536905503,20.81226071948095,6300
2015-11-04,21.246213912963867,21.246213912963867,20.998237483576435,21.20193319198811,2000
2015-11-05,21.467626571655273,21.467626571655273,21.04252545677933,21.24621952984051,4800
2015-11-06,21.671323776245117,21.671323776245117,21.272792056911303,21.52962338414395,17200
2015-11-09,23.035192489624023,23.469150157761415,21.680180570516043,21.689037056298677,55000
2015-11-10,23.265457153320312,23.424870526547497,23.07947432148793,23.07947432148793,11400
2015-11-11,23.593141555786133,23.832261644603424,23.44258465051623,23.832261644603424,2900
2015-11-12,23.44257354736328,23.663980556765203,23.38057985500297,23.575419104365576,12500
2015-11-13,22.468379974365234,23.522275931377674,22.450667011423565,23.522275931377674,3200
2015-11-16,22.06985855102539,22.406396580798724,21.928158150152196,22.406396580798724,9500
2015-11-17,21.529621124267578,22.441818780720862,21.529621124267578,22.424105811266994,11800
2015-11-18,21.86614990234375,22.131837555088268,21.71559311533495,22.078700362379543,2800
2015-11-19,22.12298583984375,22.12298583984375,21.697884828209578,21.87501109432445,5600
2015-11-20,22.078712463378906,22.122993200038945,21.981292815684636,22.069855978206533,1800
2015-11-23,22.47724151611328,22.58351763647482,21.866159313939722,21.866159313939722,10800
2015-11-24,22.583518981933594,22.583518981933594,22.370968417749015,22.56580601261778,9100
2015-11-25,22.583518981933594,22.583518981933594,22.300118229687488,22.539238247845788,16300
2015-11-26,22.468379974365234,22.583510855083837,22.424097567011064,22.583510855083837,5400
2015-11-27,23.238880157470703,23.25659312412919,22.548089660602972,22.574659110590705,25300
2015-11-30,23.88538932800293,23.88538932800293,22.866917347469755,23.814539147336312,25400
2015-12-01,23.779117584228516,24.08908779306461,23.59313478324616,23.708267395568985,8100
2015-12-02,23.309734344482422,23.575423822457374,23.03519007085656,23.575423822457374,4600
2015-12-03,23.238880157470703,23.601987527962315,23.02632962517328,23.265449607458432,27300
2015-12-04,23.292020797729492,23.46029062735799,23.026333015538583,23.46029062735799,9800
2015-12-07,23.044044494628906,23.24773856041655,23.02633152650782,23.22116910823492,2200
2015-12-08,22.911205291748047,23.327449992402045,22.911205291748047,23.052905687255873,6400
2015-12-09,23.14146614074707,23.247742277263388,22.822641109601882,22.831497595078396,8700
2015-12-10,23.292020797729492,23.30087728236275,22.911202093709647,22.911202093709647,9800
2015-12-11,23.026329040527344,23.168029391794477,22.911198138573337,22.928909415580655,9000
2015-12-14,21.662460327148438,22.999758825777675,20.945102111582234,22.81377775437959,7000
2015-12-15,22.043285369873047,22.176130951309272,21.90158499292936,22.14070501247248,6100
2015-12-16,22.603694915771484,23.164999935720022,21.980021160829317,22.47895914515849,5600
2015-12-17,23.165006637573242,23.165006637573242,22.407688773008395,22.434418238595896,19100
2015-12-18,23.165006637573242,23.165006637573242,22.853169669884807,23.129367350123246,6900
2015-12-21,22.2740421295166,23.13827435236701,22.2740421295166,23.13827435236701,14800
2015-12-22,21.917659759521484,21.917659759521484,21.44544941228266,21.83747306471914,9800
2015-12-23,23.058090209960938,23.129367084668132,22.514604677584124,23.129367084668132,10900
2015-12-24,23.049182891845703,23.156097357949758,22.701706628570527,23.14718753587862,2100
2015-12-29,23.15610122680664,23.15610122680664,22.951180383057267,23.102643984823125,6300
2015-12-30,23.031368255615234,23.1561023929836,22.57697742743383,22.57697742743383,5800
2015-12-31,22.9957275390625,23.03136683289486,22.612613627239917,22.612613627239917,1000
2016-01-04,23.066999435424805,23.165005772879198,22.772982122436325,23.165005772879198,6700
2016-01-05,23.735225677490234,23.966875987178586,22.94227009002342,23.966875987178586,9800
2016-01-06,23.913414001464844,24.055967748468756,23.512480525907147,23.512480525907147,10700
2016-01-07,23.28083038330078,23.75304073481711,23.236282974395817,23.75304073481711,800
2016-01-08,23.15610122680664,23.735226163190784,22.719530068628593,23.646131326343287,5000
2016-01-11,22.07802963256836,23.075905698807652,22.05130017210011,23.075905698807652,13000
2016-01-12,22.095857620239258,23.165012733859793,22.051310198578072,22.30078017825625,8000
2016-01-13,22.45223045349121,23.50356359478732,22.256217836120964,22.309676749607867,50800
2016-01-14,22.16712760925293,22.82644080020761,21.962206814445903,22.82644080020761,6700
2016-01-15,21.40981101989746,22.256223645204695,21.240527815086157,22.247313823964667,14600
2016-01-18,21.160341262817383,21.347442411967723,20.723770215425265,20.768317622544494,4400
2016-01-19,21.21380043029785,22.265135648406343,21.169253019106733,22.256225826293157,16000
2016-01-20,20.50102996826172,22.202766766248434,19.75262196607781,21.427629299924146,8900
2016-01-21,21.008880615234375,21.008880615234375,20.269382338550177,20.394116455295137,2300
2016-01-22,21.47218132019043,21.47218132019043,20.05555181665946,21.365265148497098,10300
2016-01-25,20.7683162689209,21.32962307853674,20.7683162689209,21.25834621216682,1900
2016-01-26,20.72376823425293,20.98214622971814,20.26937758770257,20.937598826857602,12600
2016-01-27,20.492124557495117,21.347447201586203,20.358480606777764,21.347447201586203,2900
2016-01-28,19.921903610229492,20.714858957714185,19.832807102794526,20.501028359494985,15600
2016-01-29,20.33174705505371,20.688131418543428,19.86844653282973,20.028819921243777,11400
2016-02-01,21.47218132019043,21.47218132019043,20.18028593415593,20.483213104682985,12000
2016-02-02,21.026695251464844,21.38307957110842,20.10009432101706,21.25834548407679,14700
2016-02-03,21.08015251159668,21.383079608669455,21.07124269116813,21.374169788240906,2300
2016-02-04,21.47218132019043,21.47218132019043,20.937603860473573,20.94651368306259,5300
2016-02-05,20.946517944335938,21.38308914376273,20.93760811993434,21.365269494959538,5100
2016-02-08,20.8485050201416,21.124702692248526,20.8485050201416,20.857414841741786,5100
2016-02-09,20.40302085876465,20.581213863393373,20.322834176619168,20.581213863393373,7900
2016-02-10,20.313922882080078,20.5099355128201,20.313922882080078,20.474296234731256,7600
2016-02-11,20.01099967956543,20.224831990636826,20.01099967956543,20.180282884424184,8300
2016-02-12,19.78826332092285,20.296113040062636,19.699168488902707,20.04664309203125,7300
2016-02-16,19.832807540893555,19.868445125030043,19.832807540893555,19.850627182649085,700
2016-02-17,19.96645736694336,20.08228337327328,19.91300012522382,19.95754754342759,8700
2016-02-18,20.135738372802734,20.287201956954622,19.939725676032715,19.939725676032715,12000
2016-02-19,19.95754051208496,20.86632179801515,19.95754051208496,20.492117839065926,8000
2016-02-22,20.05554962158203,20.1179166735042,20.04663979996819,20.1179166735042,2000
2016-02-23,20.135738372802734,20.305021602001872,20.100099082708226,20.100099082708226,3900
2016-02-24,20.189193725585938,20.59903702657353,20.04663997725323,20.091187386341677,4800
2016-02-25,20.367382049560547,20.367382049560547,20.17136941641122,20.269375732985882,3200
2016-02-26,21.062335968017578,21.115794898450172,20.447573562415354,20.705951595340622,8700
2016-02-29,20.93760108947754,21.106884297515244,20.81286698848906,20.89305368180299,8200
2016-03-01,21.19598388671875,21.19598388671875,20.937604126479258,21.142524950505457,12700
2016-03-02,20.74159049987793,21.258348255575612,20.71486103515445,20.74159049987793,6900
2016-03-03,21.400903701782227,21.55236728182918,20.937603139359208,20.937603139359208,30600
2016-03-04,22.05130386352539,22.05130386352539,21.391992355975255,21.391992355975255,1900
2016-03-07,23.245195388793945,23.245195388793945,22.55024451648934,22.55024451648934,21500
2016-03-08,23.040271759033203,23.405565946294583,22.728434801782715,23.405565946294583,7900
2016-03-09,23.48575782775879,23.521395422511606,22.924450840869973,22.968999958529842,5200
2016-03-10,23.619396209716797,23.699582903211894,23.432293358436674,23.432293358436674,19000
2016-03-11,23.583755493164062,23.868864663501583,23.423383815278335,23.423383815278335,22800
2016-03-14,23.004636764526367,23.42338995929603,23.004636764526367,23.40557031284306,4000
2016-03-15,22.621517181396484,22.719523512899055,22.38095881219636,22.719523512899055,4600
2016-03-16,23.343202590942383,23.343202590942383,22.568064985861007,22.568064985861007,7900
2016-03-17,23.521512985229492,23.68280363344044,23.42294609819073,23.68280363344044,6400
2016-03-18,24.14875030517578,24.184591716441737,23.44086405991212,23.44086405991212,13900
2016-03-21,24.11290740966797,24.193552722135948,24.059144437720672,24.184591941962385,6600
2016-03-22,24.354848861694336,24.381729499207488,23.718646998070085,24.11291286950929,20100
2016-03-23,24.175636291503906,24.202518637728623,23.96954343106433,24.202518637728623,4300
2016-03-24,24.75806999206543,24.946242971140194,23.969540079760726,23.969540079760726,17800
2016-03-28,24.193559646606445,24.793918417311943,24.184598863868207,24.793918417311943,15700
2016-03-29,23.906818389892578,24.41757097724593,23.906818389892578,24.22043890940084,11800
2016-03-30,23.790332794189453,24.166677120959545,23.754491372594206,24.014347233717018,9800
2016-03-31,22.992841720581055,23.70072816320963,22.98388093799271,23.70072816320963,13300
2016-04-01,22.759862899780273,22.849469002392823,22.553770060137392,22.849469002392823,15700
2016-04-04,23.306461334228516,23.467751996120562,22.786747928739945,22.786747928739945,5600
2016-04-05,23.54839324951172,23.8530529560886,23.387102615548176,23.39606339622328,4100
2016-04-06,24.426532745361328,24.426532745361328,23.297499854989727,23.63800102394573,32500
2016-04-07,24.086030960083008,24.21148020410103,24.086030960083008,24.21148020410103,2700
2016-04-08,24.21148109436035,24.21148109436035,23.611122326573955,24.086031845729543,4100
2016-04-11,24.30108642578125,24.408612396448426,24.19355874601959,24.238360948948497,6200
2016-04-12,23.996421813964844,23.996421813964844,23.512549916404243,23.826170400849726,5100
2016-04-13,25.31362533569336,25.53763971919507,23.342298077240656,24.26523795254159,36000
2016-04-14,25.09857940673828,25.421160764522998,25.07169705722468,25.08065784039588,19500
2016-04-15,25.89605712890625,25.985663205917824,25.08960585398962,25.358422375930576,27800
2016-04-18,26.433700561523438,26.523306667957634,25.52868213381725,25.52868213381725,16500
2016-04-19,26.433700561523438,26.433700561523438,25.860224214895485,25.99463251999962,11100
2016-04-20,26.469545364379883,26.603953677997765,26.2634507937984,26.29033314015975,10700
2016-04-21,26.881729125976562,26.881729125976562,26.25448809606605,26.415778744277002,47600
2016-04-22,25.985668182373047,26.88172570590315,25.922944429180994,26.854843364923376,15800
2016-04-25,25.985668182373047,25.985668182373047,25.17921675301477,25.17921675301477,4300
2016-04-26,25.358430862426758,26.07527800932688,25.241944119693695,25.98567190232757,5500
2016-04-27,25.985668182373047,25.99462896269964,25.403231133897297,25.537639420607995,8100
2016-04-28,25.68100929260254,26.120077287803348,25.68100929260254,26.030471190822865,11900
2016-04-29,25.725818634033203,25.940874010173555,25.627253438154717,25.681016427642493,5000
2016-05-02,25.22402572631836,25.985675167885642,25.22402572631836,25.376355614631816,9800
2016-05-03,24.722230911254883,24.919362980663628,24.57886182275864,24.919362980663628,5500
2016-05-04,24.650548934936523,25.188183927351833,24.426534497188022,24.5699036006195,7600
2016-05-05,25.179218292236328,25.179218292236328,24.73118950308299,24.73118950308299,1000
2016-05-06,25.761653900146484,25.815416873217835,25.089610754925275,25.09857153528618,3500
2016-05-09,25.70789909362793,26.030478743623053,25.70789909362793,25.91399198011544,4600
2016-05-10,25.528688430786133,25.87815045207491,25.19714797702364,25.806465891064526,2400
2016-05-11,26.164886474609375,26.164886474609375,25.537645378174314,25.931911259050484,9000
2016-05-12,26.442663192749023,26.693559966496224,26.209687983361146,26.25449018516501,23100
2016-05-13,28.181011199951172,28.181011199951172,26.863805481044064,26.863805481044064,74000
2016-05-16,28.324378967285156,28.66488007544644,28.324378967285156,28.620077882746884,31800
2016-05-17,27.867389678955078,28.664880338155935,27.867389678955078,28.315418446433153,13800
2016-05-18,27.921157836914062,28.405029816001036,27.786749523532492,27.786749523532492,8200
2016-05-19,28.333343505859375,28.333343505859375,27.912195318607214,28.037644551175294,16300
2016-05-20,28.494630813598633,28.66488223505303,28.136208117716393,28.333341882272297,17100
2016-05-24,28.163089752197266,28.602157757242257,28.08244443401613,28.08244443401613,82900
2016-05-25,28.736572265625,29.112918304586724,28.23478039550029,28.23478039550029,29500
2016-05-26,28.790334701538086,29.023308198268136,28.709689372249063,28.709689372249063,13700
2016-05-27,28.987459182739258,28.987459182739258,28.62007744817427,28.62007744817427,15800
2016-05-30,28.360218048095703,28.969539098737645,28.225809771952814,28.969539098737645,47800
2016-05-31,28.10036849975586,28.51255419910706,27.59857498433569,28.48567356338071,29000
2016-06-01,28.15413475036621,28.360227623979213,27.849474976723283,28.091410980926998,5900
2016-06-02,27.983882904052734,28.27062110836115,27.777790033342875,28.26166203493421,18400
2016-06-03,28.21685218811035,28.449827357388134,27.77778419146558,27.992837799469502,13800
2016-06-06,27.956995010375977,28.44982595749816,27.822585016529867,28.225811579880066,8600
2016-06-07,28.261659622192383,28.67384532842317,27.956999878850336,28.046604278226166,10000
2016-06-08,28.673847198486328,29.023309164307648,28.270620538619823,29.023309164307648,16400
2016-06-09,28.81721305847168,29.16667498501075,28.664883193989006,28.664883193989006,17200
2016-06-10,28.897859573364258,29.121873988661655,28.67384515806686,28.808255174520784,8000
2016-06-13,28.673847198486328,29.121876060962677,28.673847198486328,29.03227165574299,23000
2016-06-14,28.915775299072266,28.915775299072266,28.494627189516798,28.673839369211976,4100
2016-06-15,28.055564880371094,29.130833047846487,28.055564880371094,28.853057360646492,13000
2016-06-16,28.25274085998535,28.495833695207978,27.80256970613604,28.018653371178377,2800
2016-06-17,27.802568435668945,28.234734028738696,27.730541123035085,27.73954475177264,1800
2016-06-20,28.513839721679688,28.585867034493262,28.027654072238136,28.027654072238136,3900
2016-06-21,28.765933990478516,28.79294315744072,28.58586486348697,28.7839395293645,900
2016-06-22,28.765933990478516,28.81095041359317,27.928615469320828,28.81095041359317,1800
2016-06-23,28.729921340942383,28.729921340942383,28.351777523555512,28.351777523555512,4300
2016-06-24,28.810951232910156,28.810951232910156,28.14469819172109,28.14469819172109,11100
2016-06-27,28.36077880859375,28.702908083068444,28.180709684807216,28.59486798260967,10700
2016-06-28,28.36077880859375,28.5858643546937,28.135693262493803,28.5858643546937,14100
2016-06-29,29.378170013427734,29.378170013427734,28.351778630577478,28.36978588860058,8600
2016-06-30,29.711292266845703,30.04441791544113,29.576239564546885,29.62125942166842,16400
2016-07-04,29.882362365722656,29.936384144972752,29.675284030397705,29.71129854989777,5500
2016-07-05,30.53960609436035,30.593627863356375,29.73830207751731,29.73830207751731,14200
2016-07-06,30.377548217773438,30.43156655323468,30.08043363460449,30.43156655323468,4500
2016-07-07,30.494585037231445,30.494585037231445,30.026406747336495,30.1614594320392,4000
2016-07-08,30.746685028076172,31.052801488808853,30.179468526079482,30.179468526079482,8400
2016-07-11,31.43094825744629,31.556995624714904,31.088817235907783,31.088817235907783,27300
2016-07-12,31.629026412963867,31.629026412963867,31.46696452188372,31.46696452188372,27600
2016-07-13,31.737077713012695,31.737077713012695,31.5119920554736,31.5119920554736,15200
2016-07-14,31.511981964111328,31.845107668919706,31.511981964111328,31.656036601423068,22700
2016-07-15,29.99939727783203,31.295888612700974,29.99939727783203,31.2868867032612,7400
2016-07-18,30.16146469116211,30.656652230528312,29.702291665267314,29.99040090397249,8800
2016-07-19,30.710674285888672,31.520980239320895,30.512597894489804,30.512597894489804,13600
2016-07-20,30.989782333374023,31.28689696027794,30.989782333374023,31.259887788571596,4000
2016-07-21,31.250879287719727,31.29589571419829,30.998784551813213,30.998784551813213,1300
2016-07-22,31.19686508178711,31.313907119226972,30.9177577053991,30.9177577053991,5400
2016-07-25,30.97177505493164,30.97177505493164,30.56662035184759,30.56662035184759,1000
2016-07-26,30.97177505493164,30.97177505493164,30.61163677784956,30.629644035156982,11100
2016-07-27,31.05280303955078,31.061804950081,30.179470033208144,30.197477288801405,4200
2016-07-28,30.413562774658203,30.629646444813538,30.251500880675056,30.629646444813538,13000
2016-07-29,30.170461654663086,30.476578099904472,30.161459745037963,30.24249066979399,10900
2016-08-02,30.179468154907227,30.179468154907227,29.954382625799507,29.954382625799507,5300
2016-08-03,30.602632522583008,30.88173640313834,30.188472505299508,30.188472505299508,9100
2016-08-04,31.061809539794922,31.484971522431202,30.971776683058124,31.03480036968055,14300
2016-08-05,31.10682487487793,31.10682487487793,30.836722879627253,31.061808448091686,3800
2016-08-08,31.05280303955078,31.160843138577523,30.215484544394666,30.215484544394666,4500
2016-08-09,30.584625244140625,31.142836439373266,30.386548863608798,30.85472721379946,4800
2016-08-10,30.251510620117188,30.611649041477794,30.026424965400437,30.611649041477794,4900
2016-08-11,31.061809539794922,31.28689511617025,30.224490920916047,30.566621958675874,14100
2016-08-12,31.05280303955078,31.061804950081,30.701666707281422,30.84572131749469,6100
2016-08-15,32.007171630859375,33.13259963078083,31.511983997800677,31.602016863980914,36500
2016-08-16,33.312660217285156,33.312660217285156,32.079192408746756,32.079192408746756,31800
2016-08-17,34.65416717529297,34.66316908464019,33.31265600342044,34.21299805756694,36200
2016-08-18,35.6085319519043,35.995679357758924,35.293413567851836,35.995679357758924,57100
2016-08-19,35.32941818237305,35.60852197734264,34.76220181543291,35.60852197734264,22200
2016-08-22,35.74359130859375,36.01369332159906,35.419467519174006,35.419467519174006,31300
2016-08-23,35.65354537963867,35.98667442570352,35.64454346993564,35.98667442570352,63400
2016-08-24,35.293426513671875,35.67156871323944,35.221397465449066,35.3384429515441,32000
2016-08-25,35.2484130859375,35.2484130859375,34.888274683136544,35.12236224078312,11900
2016-08-26,37.80535888671875,37.80535888671875,35.11333502370717,35.11333502370717,47400
2016-08-29,36.301795959472656,37.6162947012062,36.301795959472656,37.6162947012062,35300
2016-08-30,36.3468132019043,36.463858648123036,35.923654708630664,36.16674407722921,26300
2016-08-31,36.14874267578125,36.24777743817609,35.563518840043244,35.82461891657454,27700
2016-09-01,35.92366027832031,36.1397405138057,35.203383667946575,36.1397405138057,24000
2016-09-02,36.094730377197266,36.64393984281869,35.50050447421249,35.54552091157585,34200
2016-09-06,36.085716247558594,36.62592018211346,35.80660893513663,36.013687224533754,18500
2016-09-07,36.05870056152344,36.166740652284076,35.7525841089245,35.86962954405919,12200
2016-09-08,35.662559509277344,36.130737923417584,35.56352130548357,36.00469054932855,8800
2016-09-09,35.5004997253418,35.78860900736799,34.8432502110612,35.78860900736799,27900
2016-09-12,35.55451202392578,35.86963039383154,35.311419238055926,35.41945933137609,17100
2016-09-13,35.10435485839844,35.257411431648855,34.92428567522489,35.13136403378757,24800
2016-09-14,35.11334991455078,35.56352106730144,34.96029337119156,35.20338277128758,39500
2016-09-15,36.05870056152344,36.64392430266429,35.11334203966962,35.29341114729238,94000
2016-09-16,36.488250732421875,36.79571073950578,36.15366301723278,36.79571073950578,33700
2016-09-19,38.423431396484375,38.45960051390245,36.71431382546494,36.768572676000844,77600
2016-09-20,38.8846321105957,39.39103786366197,38.251625781664615,38.8846321105957,59700
2016-09-21,39.463375091552734,39.8070076510385,39.219215387413364,39.32773311121303,48400
2016-09-22,39.535728454589844,39.78892963018029,39.336782702564605,39.65328417205267,35600
2016-09-23,39.14687728881836,39.653279581372814,38.85750356461384,39.653279581372814,13500
2016-09-26,38.432472229003906,38.88461896110984,38.19735744613538,38.866532677872904,20200
2016-09-27,38.07075500488281,38.64046087629212,37.871812780433395,38.64046087629212,24700
2016-09-28,37.98936462402344,38.07075116888142,37.53721791916924,38.07075116888142,32600
2016-09-29,38.84846115112305,38.98410660212172,37.8175667622759,37.98938134388139,44000
2016-09-30,39.13782501220703,39.201125286795964,38.432477124155355,39.06548331965093,72700
2016-10-03,38.8846321105957,39.41816557288816,38.52291322274738,38.90271839994882,14800
2016-10-04,39.3367805480957,39.3367805480957,38.59525990338752,39.0474068062392,8500
2016-10-05,39.192073822021484,39.55379254089489,39.02025932783956,39.55379254089489,10200
2016-10-06,38.71280288696289,39.32772269385102,38.71280288696289,39.32772269385102,14600
2016-10-07,38.8846321105957,39.13783326232535,38.70377266667154,38.848459531889475,25900
2016-10-11,39.617103576660156,39.72561784200016,38.88462452400094,38.88462452400094,34400
2016-10-12,39.7075309753418,39.96977694154984,39.336770745381074,39.51763015137304,34600
2016-10-13,39.51763153076172,39.68944607516795,39.336772118456736,39.68944607516795,18200
2016-10-14,37.944149017333984,39.78890832198591,37.944149017333984,39.761780624731024,43900
2016-10-17,38.65855407714844,38.81228234398326,37.627659853694865,37.654787559699464,35000
2016-10-18,39.788917541503906,39.788917541503906,38.703764554996184,38.87558254303704,33800
2016-10-19,40.36766052246094,40.87406611471472,39.35485278755924,39.78891324537425,29600
2016-10-20,40.46713638305664,40.65703720074764,40.19584900784006,40.65703720074764,12600
2016-10-21,40.35861587524414,40.69320347122912,40.195842785390774,40.51234409921365,19300
2016-10-24,40.61183166503906,40.8559913884289,40.521403671016245,40.521403671016245,22600
2016-10-25,40.828861236572266,40.828861236572266,40.403842100966955,40.72938837933641,12300
2016-10-26,40.46713638305664,40.828855183082844,40.331490970645284,40.602781795468005,10900
2016-10-27,39.8070068359375,40.593741344539424,39.2915597320666,40.593741344539424,16900
2016-10-28,40.539485931396484,40.602786210843774,39.96977996676433,40.1506393864451,11900
2016-10-31,39.816062927246094,40.512369707403046,39.472433697772104,40.512369707403046,19800
2016-11-01,39.788917541503906,40.24106433174827,39.64423070660996,40.24106433174827,20800
2016-11-02,39.51763153076172,39.78891892441601,39.300599546074466,39.571886939728756,12000
2016-11-03,38.7942008972168,39.65327714782295,38.77611460936312,39.427203724062025,14900
2016-11-04,41.21769714355469,41.21769714355469,38.44151307594254,38.45055794222982,42800
2016-11-07,42.311893463134766,43.60503343708097,41.787401580172116,43.60503343708097,45800
2016-11-08,42.53797912597656,42.77309398479702,42.24860539991742,42.35711968478787,78900
2016-11-09,42.393287658691406,42.64648877909172,41.33526228489221,42.456587938791486,23600
2016-11-10,42.62840270996094,42.95394898048694,42.32094272664266,42.68266157158413,47100
2016-11-11,42.45657730102539,43.07149711044541,42.05868598339733,43.07149711044541,14000
2016-11-14,42.13103485107422,42.574140189665265,42.12199343378321,42.474667351434256,16700
2016-11-15,42.94490051269531,43.10767017163469,42.140076387285006,42.140076387285006,56200
2016-11-16,42.791168212890625,43.261401247600034,42.21242092389626,42.51083598558138,28500
2016-11-17,44.75349044799805,44.88009099628784,42.55605678952164,42.7730853152738,108600
2016-11-18,44.76253890991211,45.22372718691453,44.63593834169994,44.66306604928633,32000
2016-11-21,45.85673141479492,46.01046313328488,44.68115032764051,44.762536896345395,47700
2016-11-22,46.20940399169922,46.562081411773796,45.68491547012289,46.11897600682256,38400
2016-11-23,46.146095275878906,47.5296666488698,46.11896757529673,46.74292883592792,29800
2016-11-24,46.2726936340332,46.67058495508028,46.08279283968203,46.56207070825185,15000
2016-11-25,46.6163330078125,46.661546996550555,46.22748649537406,46.34504562577797,21100
2016-11-28,45.847686767578125,46.70676638794859,45.7843864907767,46.70676638794859,23800
2016-11-29,45.71204376220703,46.37217771917519,45.38649749310349,45.71204376220703,17100
2016-11-30,45.730133056640625,46.58921277891276,45.47693191940088,46.11897963146268,24600
2016-12-01,44.75349044799805,45.5221386052468,44.228998519818916,45.5221386052468,23000
2016-12-02,44.735408782958984,45.214683322301276,44.310389655855246,44.310389655855246,10600
2016-12-05,44.536460876464844,44.99764910578518,44.274214898220734,44.274214898220734,13800
2016-12-06,44.400814056396484,44.73540516967327,42.89064541121934,44.73540516967327,28400
2016-12-07,44.626888275146484,44.78966140092042,44.310386891478466,44.78966140092042,17600
2016-12-08,45.17850875854492,45.395540746763025,44.69018937225901,44.8439210825815,26800
2016-12-09,43.95771026611328,45.37745087167651,43.84919600538912,45.37745087167651,17400
2016-12-12,43.51459503173828,44.70826197764992,43.26139399763744,44.70826197764992,35700
2016-12-13,43.86728286743164,44.32847455465306,43.614081752631776,43.614081752631776,14500
2016-12-14,44.07526779174805,44.31942400709923,42.926814604551986,43.85823582858407,36400
2016-12-15,44.21091842651367,44.699237852258584,44.11144556760934,44.156663012279814,20900
2016-12-16,43.28068542480469,44.278983902470166,42.82691433368365,44.269906541928485,31100
2016-12-19,42.93581008911133,43.117315706081705,42.75430101014322,42.79060351833639,25900
2016-12-20,43.48033905029297,43.87058240492288,42.93581521043633,42.93581521043633,14800
2016-12-21,43.44403839111328,44.18822261959707,43.19900161412497,43.562019830848016,17600
2016-12-22,42.76337432861328,43.58016344193899,42.518337594615566,43.56201218808757,32800
2016-12-23,42.454811096191406,42.79060410861372,41.84675965455785,42.67262268635729,43900
2016-12-28,42.29145431518555,42.627247335914014,41.92843960525993,42.38221058916535,24600
2016-12-29,42.14624786376953,42.33683430869323,41.982890032119435,42.30053179899368,19500
2016-12-30,41.51097106933594,42.20977533695499,41.411140899105256,42.20977533695499,37500
2017-01-03,41.520050048828125,42.08272516756202,41.4202198663757,41.60172897428936,12700
2017-01-04,42.05550765991211,42.0736589202037,41.12074025788825,41.15703931647251,24800
2017-01-05,43.108253479003906,43.135478636519494,41.837693044296955,41.92844933934669,33600
2017-01-06,43.64370346069336,43.96134183806429,43.05379966043457,43.31698772282687,23700
2017-01-09,42.33684158325195,44.25175256196284,42.33684158325195,44.25175256196284,15200
2017-01-10,42.99934005737305,43.081018974196596,42.20070214420924,42.30053231610445,13700
2017-01-11,43.371429443359375,43.77982400216645,43.29882442757248,43.4621822510953,25400
2017-01-12,43.16269302368164,43.51663380267144,42.83597739323028,43.51663380267144,17700
2017-01-13,43.33513641357422,43.42588924115928,42.83598893785945,43.17177855432234,12700
2017-01-16,43.108253479003906,43.60740098478211,43.017500645952836,43.22623493156922,18700
2017-01-17,43.09917068481445,43.55294168040864,42.74522640017271,43.11731847808002,12400
2017-01-18,42.799686431884766,43.11732479050412,42.57280090087138,42.67263108843702,8400
2017-01-19,42.754310607910156,43.108251487254165,42.63632916079598,42.64540652088088,10300
2017-01-20,43.07194519042969,43.28975680736912,42.79968326575405,43.07194519042969,35800
2017-01-23,43.03564453125,43.28975867229295,43.03564453125,43.108249560690375,48000
2017-01-24,42.84507751464844,43.362376425507804,42.84507751464844,43.362376425507804,10600
2017-01-25,45.44062805175781,45.61305978691359,42.76337843645593,42.76337843645593,57300
2017-01-26,45.01408386230469,45.75826805918808,44.850726017915825,45.75826805918808,15900
2017-01-27,45.0594596862793,45.377097987391906,44.605688706405374,45.377097987391906,13800
2017-01-30,43.54386520385742,45.17744012868864,43.262525934570604,45.17744012868864,25900
2017-01-31,43.108253479003906,43.3260651251246,42.9267443509031,43.15362989552944,14600
2017-02-01,42.5364990234375,43.117325437629326,42.482048710856084,42.94489367779066,31700
2017-02-02,42.66355514526367,43.10825232409689,42.53649979759663,42.53649979759663,26300
2017-02-03,42.20978546142578,43.42589212666352,42.200711562863724,43.42589212666352,15400
2017-02-06,42.064579010009766,42.44574852903701,41.828619564515726,42.20978562154426,379100
2017-02-07,41.53820037841797,41.93751763731405,41.47467271136628,41.75600853345285,42400
2017-02-08,41.17518615722656,41.973824214340084,41.15703489888324,41.973824214340084,38200
2017-02-09,41.24779510498047,41.71971748069628,41.15703880465116,41.71971748069628,38400
2017-02-10,41.77415466308594,42.5364900361428,41.42929121627286,42.5364900361428,46100
2017-02-13,42.817840576171875,43.25346040964305,41.68341284463277,41.99197732609136,44300
2017-02-14,42.99934005737305,43.09009287073347,42.42758763960821,43.09009287073347,17100
2017-02-15,44.07025146484375,44.07025146484375,42.79969097160242,43.16270924452818,56700
2017-02-16,43.51665115356445,44.678304114344,43.50757379243398,44.015798693774485,59100
2017-02-17,42.636329650878906,43.56202305626435,42.47297178745803,43.516646641313784,14400
2017-02-21,43.5620231628418,43.834285115209845,42.60910459855434,42.66355491182882,34800
2017-02-22,43.698158264160156,44.06117306654023,43.16270822830071,43.16270822830071,46500
2017-02-23,44.92333984375,45.259129495444625,43.716307030633246,43.74353565136441,43000
2017-02-24,43.9250373840332,45.068538864039816,43.85243235698606,45.068538864039816,21100
2017-02-27,43.199005126953125,43.788908911597915,43.06287588111103,43.58924852996456,16700
2017-02-28,44.46957015991211,44.57847426033179,43.19900962768648,43.19900962768648,20600
2017-03-01,43.970420837402344,45.104848601721294,43.95226957773338,44.35158690445409,23200
2017-03-02,43.63462448120117,44.39695649812234,43.6073958648838,43.88873515350823,11400
2017-03-03,43.3805046081543,44.50585815178243,43.371430711914385,44.50585815178243,15600
2017-03-06,43.44403839111328,43.988565716197854,43.38051072248649,43.77075409376437,15900
2017-03-07,43.044734954833984,43.61648761820732,42.65449145815053,43.35329949960697,20700
2017-03-08,42.29145431518555,42.88135797906173,42.29145431518555,42.727077506292865,29400
2017-03-09,42.445743560791016,43.09009760767921,42.43666620125834,42.64540392653035,27200
2017-03-10,41.7469367980957,42.427593376325525,40.80309217873741,42.427593376325525,108300
2017-03-13,41.29317855834961,42.2007209442474,41.14797191508594,41.7469497512985,22600
2017-03-14,39.7049674987793,41.55635424274485,39.59606341442792,41.55635424274485,45200
2017-03-15,39.959083557128906,39.96816091821144,39.214899200310164,39.56884011855336,53100
2017-03-16,42.478450775146484,42.505788049734775,40.76546551953963,40.76546551953963,45900
2017-03-17,42.369102478027344,42.81557411951906,42.059306750983446,42.47844112409787,35800
2017-03-20,42.013763427734375,42.83380876329222,41.91353485347625,42.83380876329222,27100
2017-03-21,41.91352462768555,42.16864931750688,41.71306752807552,41.9408584227912,15700
2017-03-22,42.013763427734375,42.314445674694696,41.89531116035531,42.314445674694696,47800
2017-03-23,42.013763427734375,42.369116754057515,41.91353485347625,42.004649843266876,18800
2017-03-24,42.00464630126953,42.36911318132688,41.913531319162075,42.013759884968536,26900
2017-03-27,41.549049377441406,41.959073599917396,41.46704453294621,41.9044060207956,28600
2017-03-28,42.12309646606445,42.36911107650956,41.011475665345145,41.011475665345145,63800
2017-03-29,42.55133819580078,42.62422947189085,41.849741849891835,41.849741849891835,41700
2017-03-30,42.46022415161133,42.50578511417403,42.0957607818038,42.36910917811281,21300
2017-03-31,42.12309646606445,42.36911107650956,41.93175292765613,42.35088738583063,21400
2017-04-03,42.195987701416016,42.505783465433254,42.1868741189316,42.23243160391375,23000
2017-04-04,42.30531692504883,42.55133146005901,42.14130723504204,42.186864709863364,23500
2017-04-05,41.91352462768555,42.669792066531954,41.84974345523021,42.669792066531954,62800
2017-04-06,42.578678131103516,43.00692617076927,41.91352906520977,42.2871060330628,54000
2017-04-07,42.587791442871094,42.66979631216073,42.20510089424831,42.28710576353794,15300
2017-04-10,42.560447692871094,42.82468595101932,42.305323016486895,42.36910418558294,18000
2017-04-11,41.91352462768555,42.5513398280521,41.91352462768555,42.37821652354772,11800
2017-04-12,41.86796951293945,42.25065656932521,41.80418833687516,42.09576042054433,27100
2017-04-13,41.91352462768555,42.05020055484024,41.85885356166103,41.91352462768555,16200
2017-04-17,41.91352462768555,42.05020055484024,41.67662362653905,41.91352462768555,24800
2017-04-18,41.73128890991211,41.895298623106264,41.64928405331503,41.64928405331503,17100
2017-04-19,41.43971633911133,41.54905498793174,41.18459166659271,41.467050132363184,18700
2017-04-20,40.847469329833984,41.53084208794424,40.25521154914633,41.43972363470805,24300
2017-04-21,40.80190658569336,41.87707995629049,40.10031016753669,40.5741156762586,30500
2017-04-24,40.29165267944336,40.838349410789554,40.23698161598352,40.82012572296961,16000
2017-04-25,39.38960266113281,40.36454745116181,39.216482825567795,40.36454745116181,27500
2017-04-26,39.36226272583008,39.40782020431412,39.043353424816154,39.40782020431412,80700
2017-04-27,39.16180419921875,39.72672455828799,38.95223702530294,39.398708639862825,22000
2017-04-28,39.45338821411133,39.7722976002519,38.92491506616775,39.49894570475605,23700
2017-05-01,40.25520324707031,40.80189995048448,39.4260446105982,39.45337840302504,21500
2017-05-02,40.710784912109375,40.97502315776088,39.94540744334102,40.109417149206585,29800
2017-05-03,40.419212341308594,40.701670794277234,39.8451783783456,40.28253642961789,19400
2017-05-04,40.36453628540039,40.9841276503002,40.08207786739268,40.9841276503002,14300
2017-05-05,41.84062576293945,42.186868862123184,40.410099362712074,40.43743663094557,49900
2017-05-08,41.5946159362793,42.29620878556793,41.50349749910268,42.28709867975675,24700
2017-05-09,41.91352462768555,41.91352462768555,41.04791853260331,41.877077250335866,20800
2017-05-10,42.44200134277344,42.46022155570846,42.04108714193849,42.159539380895474,20500
2017-05-11,42.77912521362305,43.07980734850269,42.05019513956796,42.760901527295076,30300
2017-05-12,42.37822341918945,42.96137112423253,42.36911331127627,42.96137112423253,15800
2017-05-15,41.74951171875,42.96136085452921,41.23925890224092,42.48755541258784,26100
2017-05-16,41.029693603515625,42.08664318401008,41.029693603515625,41.9044132543973,19800
2017-05-17,40.24608612060547,41.47615880865457,40.1003001141492,41.47615880865457,41000
2017-05-18,40.07298278808594,40.492117294372264,39.64473469750722,40.14587755916912,31200
2017-05-19,41.02058792114258,41.43972236575367,40.09120058147442,40.09120058147442,20000
2017-05-23,41.2665901184082,41.512604646937305,41.002351905268156,41.01146200966741,13700
2017-05-24,41.42149353027344,41.80418402298168,41.30304477312762,41.32126498514001,12200
2017-05-25,41.831520080566406,41.92263504881136,41.44883304296174,41.749515218820655,83800
2017-05-26,41.8223991394043,41.91351408404468,41.68572324663139,41.77683819127177,15200
2017-05-29,41.91352462768555,42.36910641711691,41.594618765408875,41.594618765408875,7700
2017-05-30,41.776851654052734,41.91352759087009,41.63106561016051,41.776851654052734,13800
2017-05-31,41.230159759521484,41.8679750807984,41.18460226710467,41.8679750807984,9700
2017-06-01,41.23927688598633,41.49440514340442,41.12082808070719,41.45795775294263,8200
2017-06-02,41.22105026245117,41.585513683002546,41.184602877651855,41.184602877651855,11700
2017-06-05,40.965911865234375,41.50349849209304,40.63789243517647,41.28482118926314,17300
2017-06-06,41.00235366821289,41.5763875927954,40.82012029008054,41.56727401219186,17900
2017-06-07,41.17548751831055,41.221048485252346,40.67434816427477,40.774576730244675,8500
2017-06-08,41.68572998046875,41.91352085467896,40.865681442986826,40.865681442986826,17000
2017-06-09,41.9044075012207,42.34176552870884,41.52171705478569,41.53994074040761,26400
2017-06-12,42.478450775146484,42.478450775146484,41.448838295414376,41.448838295414376,446800
2017-06-13,43.88163757324219,44.19143332735307,42.141315286393386,42.36910617983335,42000
2017-06-14,44.063880920410156,44.97504469965499,43.626522723470316,44.97504469965499,34100
2017-06-15,43.407840728759766,44.16410831374276,42.997816343878256,44.16410831374276,30200
2017-06-16,44.243106842041016,44.35289024769242,43.45631820664426,43.483763185569224,31000
2017-06-19,43.67588806152344,44.34374263150051,43.584398982789345,44.28884918426005,19000
2017-06-20,43.75822067260742,44.09672149406318,43.337377946257206,43.69417658102829,36100
2017-06-21,43.23674392700195,43.92289625660279,43.12696053145216,43.465461370202235,16500
2017-06-22,43.39228057861328,43.794822086973284,43.181860915837476,43.62099805858069,21400
2017-06-23,43.456321716308594,43.529512985955044,42.998886750873766,43.30079550323763,15400
2017-06-26,43.273338317871094,43.502055754529984,42.056563369620406,43.502055754529984,26100
2017-06-27,42.88911056518555,43.01719181870271,42.61465023765556,43.01719181870271,8000
2017-06-28,42.93484115600586,43.41057388368435,42.31272939596102,42.80675993892923,9700
2017-06-29,43.07207107543945,43.77651773746422,42.4042130624346,42.63293050827287,19700
2017-06-30,43.465457916259766,43.55694698024052,42.94398246639779,43.44716359341456,17200
2017-07-04,43.227596282958984,43.72162679235252,42.95313605216853,43.47461153765575,9900
2017-07-05,42.81591033935547,43.21845532626711,42.44081382242978,42.477409455776595,10400
2017-07-06,41.233184814453125,42.834207089001296,41.224037651320124,42.440812765201905,27000
2017-07-07,42.19380187988281,42.980590609504084,41.32467471367438,41.32467471367438,16600
2017-07-10,43.17269515991211,43.264184213866116,41.79124359973692,41.79124359973692,20900
2017-07-11,42.175506591796875,43.273351315499525,41.416166288787714,43.273351315499525,26000
2017-07-12,42.53230285644531,42.65123342975695,42.18465131995728,42.468258753186845,22800
2017-07-13,43.71247482299805,43.913747281489215,42.31272524518492,42.31272524518492,43700
2017-07-14,43.813114166259766,44.005235986683076,43.48376047984762,43.76737137424726,11400
2017-07-17,43.85886001586914,43.95034909622358,43.48376351129484,43.95034909622358,21600
2017-07-18,43.59356689453125,43.81313379051759,43.51122843604815,43.81313379051759,10800
2017-07-19,44.00522994995117,44.12416398482912,43.47460735348569,43.47460735348569,7900
2017-07-20,44.63650131225586,44.75543188130478,43.922900448204594,43.922900448204594,12100
2017-07-21,44.56330490112305,45.1762694513716,44.3894809041621,44.79202233973273,11400
2017-07-24,45.71604537963867,45.7526375195613,44.270549409178656,44.44437690610438,27900
2017-07-25,46.16432571411133,46.74984178261349,45.28605161135809,45.70689084935013,27600
2017-07-26,45.185428619384766,46.292420478801944,45.185428619384766,45.633716453751106,9800
2017-07-27,44.60905456542969,45.05734234976754,44.5724624219759,45.048195186392014,8100
2017-07-28,44.20651626586914,44.782885318870896,44.11503066568877,44.61820844658468,6700
2017-07-31,44.197364807128906,44.727987518527385,43.96864733895075,44.206511970277326,4700
2017-08-01,45.65201187133789,45.670306199168344,44.371192546188794,45.1488306072031,9600
2017-08-02,45.295196533203125,46.01794442137379,44.67308835864646,46.01794442137379,11600
2017-08-03,45.65201187133789,45.752644634212956,45.231169042247714,45.49648216516389,26100
2017-08-04,46.09114456176758,46.35645416902187,45.789235832543355,45.789235832543355,16200
2017-08-08,46.39305114746094,46.48454023016206,45.74349436506541,45.761792181605635,26900
2017-08-09,46.15518569946289,46.38390316726008,45.963063864101635,46.081994434591024,14500
2017-08-10,43.63014602661133,46.292417402918325,43.63014602661133,46.200931805225345,25400
2017-08-11,44.42607879638672,44.72798401596543,43.5660989498112,43.79481640007893,25200
2017-08-14,45.8441276550293,46.11858790553215,44.37118667305723,44.37118667305723,13400
2017-08-15,45.35009765625,45.71604698796144,45.276909883878595,45.295204209507844,8100
2017-08-16,45.92646789550781,45.963063527675885,45.09393645841781,45.09393645841781,15800
2017-08-17,45.743499755859375,45.79839321194915,45.688606299769596,45.79839321194915,1800
2017-08-18,45.47817611694336,45.734342029584546,45.24945867098414,45.24945867098414,5500
2017-08-21,44.25226974487305,45.743509119350655,43.88632376588991,45.73436195310601,41900
2017-08-22,43.996089935302734,44.25225236900273,43.492912230555696,44.25225236900273,19500
2017-08-23,44.36204528808594,44.70054619146092,43.64844435589709,43.64844435589709,6400
2017-08-24,43.465457916259766,44.801170330771164,43.273336116826606,44.16990800413229,9600
2017-08-25,44.334590911865234,44.83776861796491,43.465463879537744,43.465463879537744,18800
2017-08-28,45.103092193603516,45.25862191490142,44.37119686089873,44.37119686089873,5700
2017-08-29,44.965850830078125,44.974997992248134,44.56330589557337,44.56330589557337,3300
2017-08-30,45.24031066894531,45.24031066894531,44.682239552771875,44.892659180354265,5000
2017-08-31,45.06649398803711,45.249468683281336,44.54501837505988,44.54501837505988,6700
2017-09-01,44.8286247253418,45.16712560832628,44.34374479917876,44.70054349880452,13300
2017-09-05,44.31630325317383,44.83777889409423,44.31630325317383,44.83777889409423,6100
2017-09-06,44.54501724243164,44.74628975107782,44.46267880616293,44.74628975107782,3300
2017-09-07,44.965850830078125,44.965850830078125,44.5267102669909,44.5267102669909,2100
2017-09-08,45.41413879394531,45.441583772659826,44.58160737007385,44.58160737007385,6400
2017-09-11,45.981353759765625,46.27411530109202,45.30435207469235,45.30435207469235,16200
2017-09-12,46.42964172363281,46.42964172363281,45.798382826531395,45.990504644351226,11700
2017-09-13,46.71326446533203,47.04261474088584,46.13689537569658,46.13689537569658,21900
2017-09-14,46.71326446533203,47.024320411648546,46.30157225844957,46.30157225844957,17900
2017-09-15,47.45429229736328,47.47259011090372,46.79558845966294,46.79558845966294,22400
2017-09-18,48.076412200927734,48.96383711432408,47.53663882421527,47.545789477522355,63200
2017-09-19,47.096649169921875,48.58420073920889,46.68343942767092,48.58420073920889,14800
2017-09-20,46.830360412597656,47.12419768790235,46.352873964523376,47.023190467738246,7700
2017-09-21,46.61915969848633,46.931362205244056,46.36205298803275,46.82117411545198,20900
2017-09-22,46.729347229003906,47.500670853949366,46.215133814251054,46.215133814251054,24800
2017-09-25,46.53652572631836,47.17011172966508,46.47224903769551,46.47224903769551,9000
2017-09-26,46.54570388793945,47.68432595363531,46.23350134595967,46.54570388793945,14100
2017-09-27,46.40796661376953,46.69261948454439,46.215136571731776,46.215136571731776,13600
2017-09-28,46.26105499267578,46.46306594705673,46.26105499267578,46.46306594705673,26900
2017-09-29,46.352867126464844,46.37123239131419,46.031483748641584,46.26104430503423,11500
2017-10-02,45.847843170166016,46.35287578803782,45.48972919572631,46.35287578803782,47900
2017-10-03,45.14079284667969,45.95802796072549,44.99387421384917,45.95802796072549,35100
2017-10-04,46.29777145385742,46.371232513448284,45.306071669093605,45.306071669093605,32500
2017-10-05,47.1884651184082,47.64758620888163,46.306953465375045,46.37123013781605,29100
2017-10-06,47.53739929199219,47.96897424850617,47.09664345468294,47.09664345468294,17300
2017-10-10,47.8863410949707,48.06080588461501,47.73023807028545,47.959798663256905,7600
2017-10-11,47.72105407714844,47.959795537037245,47.39048628436667,47.39048628436667,11200
2017-10-12,47.65678405761719,48.36382765424229,47.65678405761719,47.90470643404489,18100
2017-10-13,47.463951110839844,47.840430376269055,47.463951110839844,47.840430376269055,9000
2017-10-16,47.610862731933594,47.73941959867026,46.95891152758596,46.95891152758596,8900
2017-10-17,47.261940002441406,47.52822765068806,47.23439034703751,47.34458196301919,6200
2017-10-18,46.949737548828125,47.37212823604757,46.83036504928629,47.14256762306088,4000
2017-10-19,47.096649169921875,47.40885169708744,47.05991863665147,47.13337970319228,4900
2017-10-20,47.47312927246094,47.47312927246094,47.11501532337502,47.47312927246094,12000
2017-10-23,48.21689987182617,48.33627234725762,46.8762670034357,46.8762670034357,26200
2017-10-24,48.25362777709961,48.49237271496952,47.353750825256576,48.49237271496952,9400
2017-10-25,48.8780403137207,48.97904753358797,47.86797512068119,48.29954664718234,23200
2017-10-26,49.686092376708984,49.833011007444625,48.58420089478347,48.59338177672225,32300
2017-10-27,49.952388763427734,50.04421160377582,49.13515007193572,49.6952785053828,20600
2017-10-30,49.58509063720703,49.95238900601678,49.53917921681002,49.89729319985027,12100
2017-10-31,49.539180755615234,50.03503251806569,49.49326933379211,50.03503251806569,10700
2017-11-01,49.56672668457031,49.87892925550309,48.9882329643208,49.585091953780115,14900
2017-11-02,49.0525016784668,49.67690671879463,48.63929544829911,49.58508389049434,19900
2017-11-03,49.40142822265625,50.02583318072147,48.556647104577365,50.02583318072147,6400
2017-11-06,49.87893295288086,49.98912107349066,49.57591474549961,49.57591474549961,8100
2017-11-07,49.85137939453125,50.04420945266368,49.428988742579264,49.59426914753801,8400
2017-11-08,49.952388763427734,49.952388763427734,48.492383183865456,49.58509039640173,5600
2017-11-09,48.54746627807617,49.796276285700124,48.39136677853126,49.77791102055081,14200
2017-11-10,49.2086067199707,49.2086067199707,48.55665550482097,48.55665550482097,7500
2017-11-13,49.86056900024414,49.86056900024414,49.16270621417963,49.58509694002966,16600
2017-11-14,49.3004264831543,49.6769056757872,49.17187312510642,49.6769056757872,11000
2017-11-15,49.162689208984375,49.41061502826596,48.29035840102682,49.21778150028068,10500
2017-11-16,49.69527053833008,49.95238075515558,48.97904269055219,48.97904269055219,10100
2017-11-17,49.4197998046875,49.9248323640035,48.951497777675016,49.9248323640035,9000
2017-11-20,49.88810729980469,50.181944564175446,49.81464623230375,49.9431995976139,30600
2017-11-21,49.77791976928711,50.22786008748429,49.77791976928711,50.22786008748429,8300
2017-11-22,49.40142822265625,49.805457020707806,49.12595627123122,49.658538413093396,17400
2017-11-23,48.97904968261719,49.539178106227375,48.93313826324944,49.33716365762914,6000
2017-11-24,48.832130432128906,49.46571641829077,48.58420456724381,49.27288635765238,24300
2017-11-27,48.896400451660156,49.061684339045996,48.75866271123321,49.034138192087106,11200
2017-11-28,48.38218688964844,49.08005301889512,48.32709459189814,48.74948522112737,7200
2017-11-29,48.24445724487305,48.63930176289445,48.20772670765784,48.33628008509424,5800
2017-11-30,48.345455169677734,48.91476437571736,48.207717433028336,48.418912727158904,6000
2017-12-01,48.94231414794922,48.94231414794922,48.21690188644167,48.29954383399084,11600
2017-12-04,49.63100051879883,49.93402218909424,49.034145066509495,49.11678702178854,14300
2017-12-05,49.21778869628906,49.585087038441195,49.03414302802959,49.456533669532924,5100
2017-12-06,49.58509063720703,49.58509063720703,48.76785544456302,49.25452280584162,8600
2017-12-07,49.90647506713867,50.02584756477883,49.42899208221189,49.42899208221189,4800
2017-12-08,50.45742416381836,50.47578943346059,49.45653973662746,50.007483814626276,14700
2017-12-11,50.98999786376953,51.504214853784354,50.40232330536212,51.504214853784354,82100
2017-12-12,51.403194427490234,51.83476935293717,51.10017634363498,51.10017634363498,17600
2017-12-13,51.329750061035156,51.85314793351372,51.329750061035156,51.85314793351372,8000
2017-12-14,51.596038818359375,51.88069522129556,51.28383626452564,51.61440408656333,16300
2017-12-15,51.761314392089844,52.24798516406384,51.60521489172457,51.86232159953381,13300
2017-12-18,52.064334869384766,52.51427159815559,51.76131325371714,52.24798401498792,22300
2017-12-19,52.841068267822266,52.914780252631104,52.13160974533205,52.47251888812072,7300
2017-12-20,53.18198013305664,53.18198013305664,52.84106748056619,52.84106748056619,28800
2017-12-21,53.09905242919922,53.338609330999,52.97927222090903,53.338609330999,20100
2017-12-22,53.568946838378906,53.744011007448464,52.74892051414823,52.74892051414823,15000
2017-12-27,54.057281494140625,54.628538764383144,53.56895195437311,53.57816770877277,8600
2017-12-28,53.79929733276367,54.17706242829169,53.29253979214518,54.17706242829169,8000
2017-12-29,54.038848876953125,54.87730314725106,53.43073922503133,54.87730314725106,8200
2018-01-02,53.753231048583984,54.130996157774675,53.661094588695775,54.103355922764344,23800
2018-01-03,53.92828369140625,54.075704114125855,52.6475681100084,53.75322303779551,21000
2018-01-04,54.37055969238281,54.56405190539183,54.12179051739322,54.55483614941083,16000
2018-01-05,54.30604553222656,54.545605901714076,54.21390909151901,54.352117267360256,8800
2018-01-08,55.374855041503906,55.48542300931215,54.204707257834976,54.40740816925558,25300
2018-01-09,55.7065544128418,55.909258848130776,55.32878929284554,55.32878929284554,24200
2018-01-10,55.338008880615234,56.21331587955517,54.45348261113522,56.21331587955517,33100
2018-01-11,55.23664855957031,55.66969411768654,55.098440361689946,55.53148943458665,11200
2018-01-12,55.522274017333984,56.4068001625347,55.48542154381851,55.503849537966495,15200
2018-01-15,56.63713836669922,57.503232904330254,55.94610448136528,56.28701354732493,25700
2018-01-16,57.0149040222168,57.51244575370791,56.71084742234654,57.51244575370791,24100
2018-01-17,57.12547302246094,57.43874188607855,56.876700379460445,56.94119660007756,12500
2018-01-18,57.678306579589844,58.04685947422745,57.27290120731318,57.46638989534653,12000
2018-01-19,58.13899612426758,58.498336779326486,57.954723191147195,58.498336779326486,20500
2018-01-22,58.21269226074219,59.37363110610419,58.21269226074219,59.014294063656884,16300
2018-01-23,58.10213851928711,58.93137718949534,58.10213851928711,58.92216494956462,10100
2018-01-24,57.58616638183594,59.42892370605469,57.58616638183594,59.42892370605469,16100
2018-01-25,56.664791107177734,57.63223805727093,56.36995019885944,57.567741828250114,26500
2018-01-26,56.591068267822266,56.96883684359894,56.15802274385764,56.941193097334676,22100
2018-01-29,57.10703659057617,57.14389257256307,56.65556311296632,56.65556311296632,9600
2018-01-30,56.526573181152344,57.83493256244251,56.29622854143326,57.83493256244251,10200
2018-01-31,56.720062255859375,56.79377070886319,56.17644879518341,56.23172925624126,6500
2018-02-01,56.968833923339844,57.35581120340091,56.296224530277485,56.66477733348042,53800
2018-02-02,56.664791107177734,57.07941223286935,55.98296930995364,56.931991778710206,22500
2018-02-05,55.51306915283203,56.57265611103914,55.37486093575077,56.19489096776878,31700
2018-02-06,55.23664855957031,55.559129668250534,54.77595925300973,55.374853242670206,28500
2018-02-07,56.11196517944336,56.20410164508033,54.85888956400778,54.85888956400778,9100
2018-02-08,55.83553695678711,56.60028281617596,55.83553695678711,56.158021547947996,14200
2018-02-09,54.610107421875,56.03824348035234,53.90064551216349,55.485417752806356,30900
2018-02-12,55.28271484375,55.28271484375,54.77595732730503,54.98787397909909,21900
2018-02-13,54.646968841552734,55.522275744741236,54.31527196613028,55.1445106399058,14300
2018-02-14,55.15373611450195,55.83555446544567,54.45348625080809,54.45348625080809,26600
2018-02-15,53.854583740234375,55.61441685201614,53.20961797096353,54.352129063510226,20400
2018-02-16,56.88591766357422,57.10704656455688,53.90064938206416,54.36133869302198,25500
2018-02-20,56.78456115722656,56.987262048663574,56.369940105773196,56.655568722281124,17200
2018-02-21,56.8766975402832,57.03333372166323,56.784561091081,56.99647773607026,11800
2018-02-22,57.12547302246094,57.18996924307806,56.784563925658965,56.94119660007756,14300
2018-02-23,58.05606460571289,58.14820457547978,57.1254737571403,57.21761021212673,12200
2018-02-26,58.046852111816406,58.535181647709884,56.71085243168359,58.05606435136251,17500
2018-02-27,56.46208953857422,58.04686213753528,56.04747190655952,57.862585681761495,12800
2018-02-28,57.116268157958984,57.558529519916505,56.34230989583811,56.46208659828976,5000
2018-03-01,56.627933502197266,56.77535395215792,56.34230835746267,56.66478949338262,4900
2018-03-02,56.959632873535156,57.125481326310144,56.75692842796996,57.116269085503056,4000
2018-03-05,57.06097412109375,57.37424296999386,56.637140829870155,57.37424296999386,3300
2018-03-06,57.58616638183594,57.78887081222982,56.91356038026977,57.34660947619099,6100
2018-03-07,57.466392517089844,57.87180142264304,57.18997959089152,57.37425604661742,11800
2018-03-08,58.50754165649414,58.544397644392,57.58616304773045,57.58616304773045,31100
2018-03-09,58.27719497680664,58.80238048434801,57.44795285185694,58.80238048434801,8800
2018-03-12,60.86628341674805,61.179555875125615,59.29072645694685,59.68691963604745,37200
2018-03-13,61.50202560424805,61.50202560424805,60.70042363876409,61.11504825383289,27100
2018-03-14,62.42338943481445,62.469461168730426,61.55729145002363,61.6033631839396,16300
2018-03-15,63.565895080566406,63.9436636060816,62.46945954340168,62.59845195953871,23100
2018-03-16,62.10091781616211,63.52905040014508,61.428308358474645,63.52905040014508,34400
2018-03-19,61.86137008666992,62.93938156101931,61.142695770436994,61.73237762116976,28400
2018-03-20,63.221927642822266,63.231172589005446,61.92791019845906,61.92791019845906,20000
2018-03-21,63.16646194458008,63.785746375826335,62.112763789446475,62.93538766403626,21300
2018-03-22,62.353084564208984,63.25889886923992,62.11276533196362,62.69507704656479,16400
2018-03-23,62.122005462646484,62.76901764518157,62.112760517400076,62.69507218686436,14500
2018-03-26,63.37905502319336,63.90590411437389,62.13125528637921,62.28838410877062,35200
2018-03-27,62.8984375,63.684088837281166,62.49174440933858,63.61014335682834,27100
2018-03-28,62.87995147705078,62.935407064891606,61.78928025459387,62.685849867778316,23900
2018-03-29,63.04630661010742,64.22940581232518,62.00185338823682,63.31435362495793,32200
2018-04-02,63.04630661010742,63.388299088053415,62.6765863464575,63.04630661010742,10600
2018-04-03,62.852210998535156,63.268141927058906,62.37157954664487,63.064802462069885,9800
2018-04-04,62.482486724853516,62.55643219023325,61.465761257279105,62.3900584190427,13800
2018-04-05,63.018585205078125,63.08328572888077,62.48249112109722,62.48249112109722,9500
2018-04-06,62.39929962158203,62.89842090520936,62.39005467600728,62.82447544426592,4800
2018-04-09,62.5656852722168,63.06480665069271,62.47324990255825,63.06480665069271,9300
2018-04-10,62.19593048095703,62.75975207463474,61.74302703830312,62.75975207463474,13800
2018-04-11,61.85395812988281,62.611881443958914,61.604401024198545,62.45475263475671,9400
2018-04-12,62.21442794799805,62.963113302825654,61.81697996145358,61.81697996145358,15100
2018-04-13,61.40107345581055,62.4362890300642,59.654152022390065,62.353098601324135,28900
2018-04-16,61.37334442138672,62.353097339374955,61.179242827360504,61.44728990058595,6800
2018-04-17,60.55070495605469,61.41030154056764,60.449031710974765,61.37332881037246,14400
2018-04-18,60.486000061035156,61.853955720059055,60.458272278353505,60.55070057123457,15500
2018-04-19,61.29014205932617,62.56567664572702,59.63564930652443,60.12553272195278,17600
2018-04-20,61.04982376098633,61.28089802646799,61.022088925593884,61.022088925593884,3300
2018-04-23,59.866722106933594,61.20695717876066,59.26593461289566,61.04982835883774,11400
2018-04-24,59.89445877075195,60.356607350613224,59.164263168351816,59.78354057292727,13900
2018-04-25,60.74479293823242,61.216186328188975,59.91292432414017,59.91292432414017,4200
2018-04-26,60.060829162597656,61.67834910111165,59.42306190168455,60.67086158674417,17200
2018-04-27,60.31964111328125,61.33636668809249,60.10704964084883,60.10704964084883,8900
2018-04-30,59.524723052978516,60.62463159243739,59.21970337696791,60.356591691268406,34200
2018-05-01,59.45079803466797,59.77430065743134,58.88697615563967,59.45079803466797,5600
2018-05-02,59.57094955444336,60.301145162127206,59.45079346146795,59.58019450061924,11700
2018-05-03,58.81304168701172,59.6079344505584,58.692882043603376,59.6079344505584,13000
2018-05-04,58.83152770996094,59.29367638474173,58.16603248998393,58.66515390496669,13100
2018-05-07,57.2139892578125,59.38608593212403,56.788809931755985,58.54497575100908,48100
2018-05-08,58.46178436279297,59.48775458136912,56.613190390846945,56.63167675367599,46700
2018-05-09,60.19023513793945,61.391817245587596,58.52649738663848,58.52649738663848,27900
2018-05-10,60.84648513793945,60.957396286526574,60.190234985430166,60.190234985430166,18100
2018-05-11,60.64313888549805,60.79102276818047,60.43054743009644,60.726322247289175,9600
2018-05-14,60.72630310058594,60.874193988466985,59.91292437271718,60.6616026000944,12300
2018-05-15,59.30290603637695,60.633889081192976,58.9978862972583,60.46751531911256,15800
2018-05-16,59.3121337890625,59.78352720966335,58.415568142160154,59.155004999470925,19200
2018-05-17,59.349117279052734,59.98688454897558,58.75756768589985,59.31214454800226,12200
2018-05-18,60.088565826416016,60.38434066251869,59.09032311013386,59.38609794623653,8800
2018-05-22,58.92394256591797,59.9221851677086,58.692868281345746,59.9221851677086,9700
2018-05-23,58.249202728271484,59.12728566433176,57.84251328014129,58.70210632547568,10200
2018-05-24,58.43406677246094,58.49876729068983,57.04762105170401,58.286179369950084,16200
2018-05-25,58.21223449707031,58.4617951524513,57.42658332435943,58.313907748438176,6300
2018-05-28,58.43406677246094,58.43406677246094,58.03661871710418,58.19374753968468,6900
2018-05-29,60.20872497558594,60.41207150791202,58.22148791535278,58.258457127300325,64000
2018-05-30,60.282657623291016,60.33811319236868,59.80201918519389,60.31963035328519,35600
2018-05-31,60.41206359863281,62.14973973966935,60.24568982595065,60.32887318637785,19600
2018-06-01,60.64313888549805,61.206960732619805,59.330638574944516,60.356609014669175,12100
2018-06-04,60.99435806274414,61.43802373287445,60.615399953435826,60.81874642508611,7800
2018-06-05,61.32712936401367,61.32712936401367,60.957409003990655,60.9666539522443,43300
2018-06-06,62.27914047241211,62.4824869771135,61.3733331992503,61.382578145417014,14400
2018-06-07,61.92790985107422,62.390058432052385,61.89093711837664,62.390058432052385,13900
2018-06-08,62.57491683959961,62.57491683959961,61.69683733127148,61.927911628392344,21800
2018-06-11,61.93716049194336,62.769029424554795,61.70608618020843,62.464009640625875,8200
2018-06-12,62.29762268066406,62.463996432005,61.8909297214247,62.463996432005,46600
2018-06-13,62.500980377197266,63.203441185081985,62.00185903359825,62.45476269559753,6900
2018-06-14,62.15898513793945,62.815235287228475,61.927910843746375,62.3346038581111,10200
2018-06-15,62.168216705322266,62.47322934862782,61.918652572277544,62.05729852932169,11200
2018-06-18,62.10353088378906,62.57491737664518,62.02034046916106,62.02958541563706,5100
2018-06-19,62.541194915771484,62.569017550902686,61.521250926302535,61.88286736734925,9800
2018-06-20,62.45771789550781,62.81005995370251,62.123917177577106,62.494807650183155,8900
2018-06-21,62.021915435791016,62.457711163570295,61.50267307459694,62.457711163570295,6100
2018-06-22,61.762306213378906,62.11464830181595,61.43777967479901,62.04047586024624,8900
2018-06-25,59.620426177978516,61.576866763583055,59.342256520877605,61.576866763583055,30300
2018-06-26,59.80586624145508,59.89858709986803,59.379344633437036,59.55551921632529,14900
2018-06-27,59.574066162109375,60.28802462060961,59.45352974224922,59.81514607597838,7200
2018-06-28,59.37007141113281,59.39788696170374,58.42430378390622,59.39788696170374,12400
2018-06-29,59.4998779296875,59.71314225961528,58.507749940853394,59.53696768594223,20800
2018-07-03,58.68392562866211,59.47206351013212,58.50775105164432,59.47206351013212,9200
2018-07-04,58.470664978027344,58.78592083881876,58.470664978027344,58.54484095505678,8400
2018-07-05,58.44285202026367,59.34225926917589,57.60835362153546,58.47067110950661,19900
2018-07-06,59.796592712402344,59.796592712402344,58.11832181138131,58.47066744408492,12700
2018-07-09,58.841552734375,59.740959901154746,58.702471449158125,59.740959901154746,13000
2018-07-10,58.27594757080078,58.6653829593866,57.48780965965131,58.6004776508013,22400
2018-07-11,58.897193908691406,59.295900003971965,57.812341370789255,58.285226989412415,16000
2018-07-12,58.081233978271484,58.86937545815604,58.00705799565453,58.86937545815604,24400
2018-07-13,58.67465591430664,58.88791672754135,58.081233905814535,58.081233905814535,6200
2018-07-16,59.4998779296875,59.805863113178276,58.600474331490226,58.67465030692585,18200
2018-07-17,60.29729461669922,61.048342784408604,59.49988248158754,59.49988248158754,16700
2018-07-18,60.68671417236328,61.01124773008724,60.42709298550154,60.42709298550154,8400
2018-07-19,61.31724548339844,61.56759961833979,60.79800294300014,60.79800294300014,9100
2018-07-20,61.59541320800781,61.72522383896746,61.3636074992729,61.511959474305854,6600
2018-07-23,62.72663116455078,62.856441805787505,61.83649802143493,61.87358778666676,15200
2018-07-24,63.236602783203125,63.40350319828517,62.81935528257287,62.87498639621697,9000
2018-07-25,61.46560287475586,63.44985918520555,61.38214914064969,63.07896863460351,20300
2018-07-26,60.28801345825195,61.4655901826938,59.94494560595814,61.4655901826938,13900
2018-07-27,59.76877975463867,60.1953013860019,59.36079946631366,60.1953013860019,13100
2018-07-30,59.444244384765625,59.80586065067512,59.07335391163739,59.759496688728824,13700
2018-07-31,60.872169494628906,61.187421805772765,59.453519946186454,59.453519946186454,8600
2018-08-01,60.937068939208984,61.205964335643586,60.26946755139161,60.86288943519664,4100
2018-08-02,61.484134674072266,61.484134674072266,60.73308655445439,60.78871765245638,7100
2018-08-03,62.374267578125,62.4113573348216,61.11325122117935,61.46559329857542,8400
2018-08-07,61.92919921875,62.75442677902228,61.45631370499547,62.39281052560621,25600
2018-08-08,62.26300048828125,62.541163030420414,61.8735686847981,61.8735686847981,10600
2018-08-09,65.0817642211914,65.0817642211914,62.36500140032308,62.36500140032308,30800
2018-08-10,65.99044799804688,65.99044799804688,65.0910407090246,65.22085134103308,30000
2018-08-13,65.4990234375,66.5746053699543,65.10031731759355,65.84209844853783,24300
2018-08-14,68.13233947753906,68.34559677573156,65.57320238018558,65.57320238018558,50900
2018-08-15,68.31776428222656,68.37339537680501,67.34417768221986,68.1323225842002,17100
2018-08-16,68.7442855834961,68.88337039355639,67.60380570412573,67.90051666431896,11500
2018-08-17,71.4888687133789,71.94320585535192,68.63302110125294,68.74429037188109,29600
2018-08-20,69.59733581542969,71.41469151642731,69.53243050732792,71.34978620832554,34300
2018-08-21,71.11799621582031,71.9710466915461,69.54172005750992,69.56953561366899,21900
2018-08-22,70.84906768798828,71.10868883072088,70.57089813554875,71.00669379976942,7800
2018-08-23,70.71001434326172,71.37761590655745,69.98678167440757,71.37761590655745,8600
2018-08-24,70.70075225830078,71.64651658572028,70.08878169562057,70.71002646886713,7900
2018-08-27,70.67293548583984,70.96964655151295,70.05169779742268,70.69147683250387,18000
2018-08-28,70.5616455078125,71.0252568542162,70.10730836909825,70.75636142440432,7800
2018-08-29,69.99605560302734,70.56166214493109,69.54171835718887,69.7827982949223,13300
2018-08-30,70.0980453491211,70.3947563752089,69.67152369125418,69.94969337315162,11100
2018-08-31,69.99605560302734,70.39476173790787,69.550992567065,69.77352408504618,9900
2018-09-04,69.80133819580078,70.28349806128804,69.17082634611307,69.7827968505817,8800
2018-09-05,70.06095123291016,70.28348979425883,69.55098294665345,69.56025008109832,9400
2018-09-06,70.6358413696289,70.6358413696289,69.7271598077392,70.07950904001144,13800
2018-09-07,71.09016418457031,71.09943839252391,70.4503853187312,70.4503853187312,14500
2018-09-10,73.15789031982422,73.4267858174224,71.4703448764646,71.54452440838469,29900
2018-09-11,73.08368682861328,73.15786633621482,72.42535961548073,73.15786633621482,78400
2018-09-12,74.41891479492188,74.61363076250753,73.1208012702013,73.17643238261161,47000
2018-09-13,74.5486831665039,75.25337417874816,74.19633412330899,74.63212978780022,24200
2018-09-14,75.42028045654297,75.5593652568877,73.60292506803978,74.83613278407128,23900
2018-09-17,76.49588012695312,76.94095017849891,75.13286149464547,75.41103116113015,42600
2018-09-18,77.6549072265625,77.8681715769443,75.1235859440445,76.4958787604944,34800
2018-09-19,75.51872253417969,77.98209938314993,74.98886470638678,77.98209938314993,31300
2018-09-20,75.19341278076172,76.4297507389304,74.88665095497194,75.45369296309131,21800
2018-09-21,74.83086395263672,75.57452754925514,73.9477696372413,75.22128414941564,25800
2018-09-24,73.46437072753906,75.16549606001085,73.29704680808118,74.72859432075414,27200
2018-09-25,74.73786926269531,75.65814699290081,73.65955831247632,73.65955831247632,33300
2018-09-26,75.77903747558594,76.1322809181935,74.57989059631007,74.57989059631007,129500
2018-09-27,77.3499984741211,77.89845186279261,75.89986255170194,75.89986255170194,34400
2018-09-28,77.60100555419922,77.9449441261843,76.03931763169659,77.19198985551223,35900
2018-10-01,78.41902160644531,79.0139496007772,77.86127749827182,77.86127749827182,33100
2018-10-02,78.29816436767578,78.8373128839289,78.00070042722243,78.49337441371394,23300
2018-10-03,78.54914855957031,79.12548806073734,77.79619449373753,78.43759691970251,42900
2018-10-04,79.04180908203125,79.76687688730578,77.94490963269065,78.363222891802,28400
2018-10-05,80.03648376464844,80.48268331824934,78.49339145481876,79.06972397526421,26600
2018-10-09,81.1705551147461,81.53308909393542,79.20914969292677,80.3897148802153,90100
2018-10-10,75.53733825683594,81.23563586786265,74.88663088331616,81.17986358434139,51900
2018-10-11,74.55199432373047,76.70861041676116,73.79904001340189,74.36608195568215,76900
2018-10-12,75.6674575805664,76.8851993844658,75.10971362186969,75.12830201391658,40000
2018-10-15,76.55988311767578,77.19199510770045,74.8122827180087,75.85340334244766,26200
2018-10-16,77.80549621582031,77.92634561589809,76.15085232888698,76.82944582346686,25100
2018-10-17,78.83731842041016,80.91027549846802,77.77760261486854,78.0750665762118,70400
2018-10-18,77.70323181152344,78.99534860004137,76.16943753178846,78.71647304439865,32200
2018-10-19,77.92633056640625,78.5398468242432,77.04322941956727,78.08435672911126,37500
2018-10-22,77.2012710571289,78.2795752697248,75.91845194691439,78.00070679210016,35200
2018-10-23,75.84407806396484,76.82013538715825,73.66887432715639,76.79224925085553,48300
2018-10-24,73.8362045288086,76.85732581543398,73.36211889496542,76.21591625741678,42500
2018-10-25,73.38074493408203,73.96637536646706,72.4232826162654,73.0925714995183,57600
2018-10-26,73.77113342285156,74.27310518799081,72.77648763602943,72.8136715177546,30100
2018-10-29,72.50691223144531,74.56127389361754,71.8933888006633,74.08718825093148,57700
2018-10-30,73.16690063476562,74.59844802740263,72.4418327419455,72.47901662005161,36700
2018-10-31,74.45903778076172,74.82157186117982,72.86946363767414,73.4272078312326,45500
2018-11-01,74.66352081298828,75.70464816231296,73.59450732707363,74.55196917452854,19100
2018-11-02,73.6316909790039,74.92380064574496,73.51084869012087,74.82154675049784,24200
2018-11-05,73.8362045288086,74.25451079319349,72.86014712244331,72.86014712244331,19300
2018-11-06,72.25592803955078,74.78436818767669,71.90268470645721,74.15225637762013,29700
2018-11-07,73.98494720458984,74.6542430300955,72.80438885667417,72.80438885667417,48100
2018-11-08,74.44973754882812,74.71002478309289,73.85480948328401,73.94777275585813,27600
2018-11-09,74.13367462158203,74.75648874388482,73.64100055193651,74.36606858591301,24600
2018-11-12,72.55338287353516,74.60774422467537,72.55338287353516,74.07788638381204,21100
2018-11-13,79.41365814208984,82.34182322964227,72.62775219900647,72.62775219900647,110600
2018-11-14,76.45762634277344,79.28353824649476,73.62241669322187,79.28353824649476,90700
2018-11-15,75.3514175415039,77.24775316204027,74.95169963484035,76.52268512020893,23100
2018-11-16,76.8294677734375,77.2198880419209,74.92383388967816,75.35143805403183,34100
2018-11-19,74.57986450195312,77.04323453138647,73.66887715914567,77.04323453138647,39000
2018-11-20,74.16156005859375,74.97959134421832,73.10184415867182,74.05930614789068,46300
2018-11-21,73.74324798583984,75.3885939882479,73.43648627776535,74.5147975817483,22800
2018-11-22,73.46437072753906,73.81761405311691,73.25057227562631,73.78043017189292,7400
2018-11-23,73.7525405883789,74.36606402075842,73.34353205889309,73.34353205889309,20900
2018-11-26,75.05396270751953,75.49086455325231,73.95706276644007,73.95706276644007,44100
2018-11-27,74.26380920410156,75.63958449212826,74.18944143888922,74.83085100266996,20500
2018-11-28,74.0779037475586,74.59846396808157,73.39001249375197,74.44972842387438,28900
2018-11-29,74.84015655517578,74.84015655517578,73.9105806693307,74.35677312295968,30600
2018-11-30,75.92776489257812,76.22522891686229,74.84016271867365,74.84016271867365,35100
2018-12-03,75.94633483886719,76.61563050391543,74.55197123405004,76.61563050391543,18300
2018-12-04,73.51084899902344,75.68605276065759,72.50690552806928,75.68605276065759,47900
2018-12-05,73.18550109863281,74.11507683822519,72.92521393418289,74.01282293950203,28300
2018-12-06,72.35816955566406,72.35816955566406,70.65705140356631,70.65705140356631,29800
2018-12-07,70.80580139160156,72.96241740275006,70.51763510443708,72.23734926594784,24000
2018-12-10,71.09394836425781,71.20549290257952,69.00240316553395,70.71281894606045,29000
2018-12-11,71.09394836425781,72.26520856923166,71.00098512619063,71.11253675661166,31800
2018-12-12,71.57735443115234,72.59988664746264,71.47510050031109,71.7260900004132,13600
2018-12-13,70.83367919921875,72.32100628048096,70.32241672062337,71.930579020994,32300
2018-12-14,67.44072723388672,70.42466470557096,67.1060793779875,70.42466470557096,75900
2018-12-17,61.81679153442383,67.08748468946528,60.91510186151643,67.05959854982495,150100
2018-12-18,65.01451873779297,65.27479876707102,61.463540283859146,61.463540283859146,65600
2018-12-19,64.38236236572266,65.84623325346874,64.09331290205566,64.9977440001932,72800
2018-12-20,62.39633560180664,64.41032719011861,61.780954025597225,64.21452363797641,48300
2018-12-21,61.930145263671875,62.955786142475574,61.454625318433585,62.89984429330952,33700
2018-12-24,61.63178253173828,62.079338707108214,60.839242103316785,61.29611717862686,22100
2018-12-27,63.78561782836914,63.99074027229136,62.564166493752666,62.927802668138526,35700
2018-12-28,65.67841339111328,66.10731755043184,64.05602843765024,64.41966472736955,48100
2018-12-31,66.00475311279297,66.71338078221406,65.21221265926816,66.06069496886211,13900
2019-01-02,65.75299835205078,66.1819096132344,64.74600940788771,65.71570852501783,38400
2019-01-03,62.284454345703125,65.26813779965073,61.83689827077974,65.26813779965073,33400
2019-01-04,63.17023468017578,63.69237751702733,62.35904238978487,62.35904238978487,27600
2019-01-07,63.086334228515625,63.99075835781967,62.359054560532876,63.328753670845856,37900
2019-01-08,62.45230484008789,63.43132291879243,62.27514613903752,63.43132291879243,26900
2019-01-09,65.46395111083984,65.96744910250565,62.40567333657062,62.70404172640997,44800
2019-01-10,69.44532775878906,69.82760900997586,65.13762648969363,65.46396587818606,69500
2019-01-11,68.25181579589844,69.93014205057705,68.11196120272682,69.32407939673966,27800
2019-01-14,67.82292175292969,68.54087530055484,67.29145287972929,68.3357457155191,16100
2019-01-15,67.8882064819336,68.8765577178495,67.25417265864716,67.94415545499677,28300
2019-01-16,68.6154556274414,68.9697729188177,67.74832864885154,68.0000740436579,13500
2019-01-17,70.03274536132812,70.68542420078477,68.41968606714839,68.41968606714839,25700
2019-01-18,68.81127166748047,70.5548588857006,68.38236047984027,70.4989170410792,36900
2019-01-21,70.24717712402344,70.56419756567082,68.11198238280878,68.81128402076916,69600
2019-01-22,69.88353729248047,70.72270063815053,69.79029850155352,70.2192026307485,22700
2019-01-23,69.30546569824219,70.34043283574611,68.42900524681883,70.06070929611501,19200
2019-01-24,70.38701629638672,70.62944277827609,68.81126194826045,69.1003042561958,26800
2019-01-25,70.97444915771484,71.60848285904831,70.30311851940137,70.55486395193725,24800
2019-01-28,70.3683853149414,71.67374963481805,70.06069092476399,71.67374963481805,12800
2019-01-29,70.25650787353516,70.64811510991102,69.36140257024833,70.4150145482114,16500
2019-01-30,71.12364196777344,71.36606854281332,69.72503860307837,69.9488131496035,15700
2019-01-31,71.37538146972656,72.27980550424985,71.12362892659047,71.12362892659047,17300
2019-02-01,71.70170593261719,72.07466810702645,71.17023714602408,71.4592794522019,10800
2019-02-04,71.74834442138672,72.3544072570299,71.09566574525654,71.58051174557266,18000
2019-02-05,72.13062286376953,72.5968238868737,71.05835908789734,71.74833461026584,11000
2019-02-06,72.08399200439453,72.62478683911941,71.69238489524713,71.82292059829626,30300
2019-02-07,72.08399200439453,72.41033837567967,71.40334256901865,71.99075323273976,13200
2019-02-08,71.93482208251953,72.40102312373655,71.71104757456109,72.08400271660403,11000
2019-02-11,73.04437255859375,73.2028863121239,71.63645059695578,71.8229281598979,24700
2019-02-12,74.0513687133789,74.57351869591744,72.74600442752715,73.33342226867514,33300
2019-02-13,72.50358581542969,74.42433177306756,72.326427148542,73.6317914487572,50800
2019-02-14,77.24951171875,78.39636941923895,72.68074005590549,72.68074005590549,99400
2019-02-15,78.17259979248047,78.52691719373094,76.55022189904592,77.15628477316928,54200
2019-02-19,77.7157211303711,78.5269135967635,77.08168735648907,78.5269135967635,27300
2019-02-20,78.92786407470703,79.89756341810538,76.53159020667749,77.83695498100855,104500
2019-02-21,77.76233673095703,81.26817062636702,76.29846571533676,79.11431693341639,62200
2019-02-22,77.8276138305664,78.74136401534055,76.43833652549957,77.50127447886136,63600
2019-02-25,78.03271484375,78.55485761502709,76.90450943371958,77.41732619446337,55500
2019-02-26,78.95581817626953,79.33809937720673,77.43600515897056,77.73437357689625,60900
2019-02-27,78.89051818847656,79.48725478137875,78.1539199004995,78.91848910475927,54100
2019-02-28,79.02108001708984,80.17725665914239,78.75068254746253,79.25418054811371,38700
2019-03-01,78.69473266601562,79.79496734472178,78.03272807910149,79.32876633024736,32200
2019-03-04,78.72271728515625,79.59917762123,78.32178405840594,78.69474635760737,26300
2019-03-05,79.16094970703125,80.65279183264794,78.16327961861906,78.69474859817201,186200
2019-03-06,78.73202514648438,80.18656995298038,78.55486649463485,79.25416797678294,65100
2019-03-07,77.81826782226562,78.7693218184906,77.49192855440901,78.74134378382074,26700
2019-03-08,77.5945053100586,77.8835476899381,76.81128383272265,77.48261449510672,29300
2019-03-11,76.39169311523438,78.33109090560662,75.72968857512569,77.54786955756065,109500
2019-03-12,76.41969299316406,77.48263106469258,75.74836218721656,76.5315838320437,73900
2019-03-13,76.3637466430664,77.14696112820307,75.51525717050365,76.60617322289359,89500
2019-03-14,76.01873779296875,76.4476418811706,75.24484238628008,76.36372911145556,46200
2019-03-15,75.62713623046875,77.56653433986442,74.6854081010768,76.3450827300864,375300
2019-03-18,77.16561126708984,77.59451544325461,75.51525532092904,75.93484059654521,74300
2019-03-19,75.97248840332031,77.19739639505744,75.74807935812582,77.19739639505744,51300
2019-03-20,75.028076171875,75.81351838673085,74.60730839758932,75.81351838673085,25800
2019-03-21,75.11222076416016,75.38338486589528,74.00886658261108,74.78495620476686,25200
2019-03-22,72.83073425292969,74.92523534962645,72.6063252045995,74.9065375680302,43000
2019-03-25,72.66241455078125,72.9990316386217,72.00788528766589,72.46605577184664,24100
2019-03-26,74.21461486816406,74.32681583956335,72.9055488424303,72.9055488424303,64900
2019-03-27,73.59747314453125,74.22395228084679,72.9709940082157,73.97149298827499,46400
2019-03-28,73.15799713134766,73.66292282802087,72.73722928437074,73.58811743580969,23400
2019-03-29,74.96263122558594,75.62651298628734,72.85877786260927,73.54136453703994,49700
2019-04-01,76.02857208251953,76.57090036125989,75.28053971920527,75.28988504089043,30800
2019-04-02,74.87847900390625,76.10338687657679,74.45770405950351,76.10338687657679,21600
2019-04-03,75.45819091796875,75.60780166567135,74.2613334716804,75.22442947505827,22400
2019-04-04,76.06597137451172,76.32778304667383,75.18703320851509,75.31793904459614,63300
2019-04-05,75.11222076416016,76.25297762875881,75.03741539806101,76.1594673542187,14300
2019-04-08,73.84992980957031,75.2244413178574,73.51331270807798,75.2244413178574,48400
2019-04-09,72.88682556152344,74.36419980598218,72.7091716902874,73.84992883768379,34600
2019-04-10,72.718505859375,73.14863318818576,72.35383858246274,73.01772021822181,26300
2019-04-11,72.34451293945312,72.95228714373744,72.24165730682518,72.95228714373744,11700
2019-04-12,72.03595733642578,72.75593974387593,71.39077320038623,72.75593974387593,53000
2019-04-15,72.08267974853516,72.85876950104182,71.87697565796131,71.9704788143737,32700
2019-04-16,71.66190338134766,73.20473024549531,71.54035000597618,72.76525761585837,69300
2019-04-17,72.7746353149414,73.62552350536725,72.07335078195779,72.07335078195779,35900
2019-04-18,75.05614471435547,75.25251066634488,72.6063285826699,73.08320407466422,44300
2019-04-22,74.55123138427734,75.23381106698051,74.05565094095773,75.19640836556945,18700
2019-04-23,75.60780334472656,76.50544644937717,74.1397817360011,74.1397817360011,39000
2019-04-24,74.75690460205078,75.87896377849437,73.92471445811739,75.81351086157262,22800
2019-04-25,73.26084899902344,74.87848163678255,72.76527578529121,74.80367624841386,43300
2019-04-26,72.84944152832031,73.44787043247693,72.41931406548719,73.28890718150154,25100
2019-04-29,74.12108612060547,74.94393108676839,72.87748048245913,72.87748048245913,38400
2019-04-30,73.44786834716797,74.67277636092459,73.35435803730726,74.67277636092459,19500
2019-05-01,73.31695556640625,74.00888756440773,72.67177158509571,73.45720675031343,40600
2019-05-02,73.26084899902344,73.61617102685747,72.78397356546614,73.3169566072172,40700
2019-05-03,73.43851470947266,74.03694358702387,72.56892163211934,73.25150122659106,47300
2019-05-06,71.88633728027344,73.23280586619349,70.39961749484935,71.0634993298974,115700
2019-05-07,71.5123062133789,72.73721393352798,70.59595818676992,71.40945060425443,75500
2019-05-08,69.9881820678711,71.42815356630581,69.67961521809926,71.42815356630581,49100
2019-05-09,69.3897705078125,70.88584284714423,69.19341168207231,70.00690436056938,62300
2019-05-10,69.71701049804688,70.64271094895962,68.88482033142819,69.60480957102698,198300
2019-05-13,70.2032470703125,71.04478979732401,68.4640611457667,69.15599310627218,83300
2019-05-14,72.22294616699219,72.34450670444033,70.12844526585883,70.56791799760504,61400
2019-05-15,73.68162536621094,73.89668194458736,71.73672803446667,71.88633168022835,68100
2019-05-16,75.72001647949219,75.99117349967818,73.86862254763919,74.14913915768271,62900
2019-05-17,77.73973846435547,77.97350000824247,74.94395239694101,75.46757597242033,87800
2019-05-21,76.99166107177734,77.66489513081423,76.53349066697884,76.99166107177734,44500
2019-05-22,77.34698486328125,77.55269606778458,76.38388889113644,76.69244856405857,37900
2019-05-23,77.15999603271484,77.52467055121066,76.34651054408802,76.74858062638506,79000
2019-05-24,79.91838073730469,79.91838073730469,77.53401064416018,77.53401064416018,77600
2019-05-27,80.18954467773438,81.31159699230119,79.71266923381789,80.17083976331864,36500
2019-05-28,79.13294219970703,81.61081558245775,79.12359687585698,80.11474337542326,47100
2019-05-29,77.60881042480469,79.37604662160255,77.18804261940869,79.10488245201,57100
2019-05-30,77.150634765625,77.73035862460185,77.09452716384742,77.18803745553215,21900
2019-05-31,76.1407699584961,76.81400398907375,75.289874966007,76.75789639730402,30500
2019-06-03,75.30860137939453,76.17819439490312,75.28989646551918,76.17819439490312,28000
2019-06-04,76.82339477539062,77.1506594997055,75.18706401998031,75.5423789872599,49400
2019-06-05,77.91737365722656,78.16983290193717,76.26233848091832,76.26233848091832,22300
2019-06-06,77.97349548339844,78.07635112744684,77.78648911267538,77.84258959712514,9400
2019-06-07,78.85242462158203,78.89917263756361,77.50595620582936,77.50595620582936,12900
2019-06-10,79.49760437011719,79.9744798071297,78.8056723572796,79.04878630432209,28900
2019-06-11,79.40412139892578,79.83424179382023,79.1142593604578,79.83424179382023,37400
2019-06-12,79.56307983398438,79.8155463095971,78.00155435088553,78.00155435088553,38200
2019-06-13,79.31056213378906,79.71263199990429,79.03939807209913,79.71263199990429,13400
2019-06-14,79.47892761230469,79.70333670455935,78.777642956902,79.31061900965459,9400
2019-06-17,79.2918930053711,80.0399254246164,78.87111808157634,79.43214417946879,27100
2019-06-18,78.79631805419922,80.00252817024607,78.62800950001049,79.4789047278075,25600
2019-06-19,79.7095947265625,80.39407493044503,78.42501219556418,78.42501219556418,26700
2019-06-20,79.99088287353516,80.15966008301318,79.6252001119492,79.84086266160944,41800
2019-06-21,79.70024108886719,80.17844453843666,79.61585603207897,79.81276165161911,40500
2019-06-24,78.80007934570312,79.85024955437292,78.76257250035428,79.70022217297755,19400
2019-06-25,78.3031234741211,80.40345666561574,77.45923736700747,78.88446167281123,21600
2019-06-26,77.0185317993164,78.3781207559384,76.69035589465228,77.94680283070866,9700
2019-06-27,76.93416595458984,78.62193123662455,76.47471241982319,77.00917249885585,19500
2019-06-28,78.91258239746094,79.58768400306322,76.66222225102693,77.02790497003147,60000
2019-07-02,78.93135070800781,79.9440140839074,77.37484879834369,79.9440140839074,24900
2019-07-03,79.8033676147461,80.63787528669617,79.59708353337423,80.29094231768899,24600
2019-07-04,80.73162841796875,80.73162841796875,79.58769477145566,79.99088438205128,7900
2019-07-05,81.17232513427734,81.2942170062677,80.22529704051017,80.33781756721575,29400
2019-07-08,81.47237396240234,81.53800914889139,80.47846766593996,81.33172509029758,33800
2019-07-09,81.94119262695312,82.88822066421729,80.70349552183193,81.36922583596471,45700
2019-07-10,82.30689239501953,82.88823780464809,81.678668790974,82.10060830922554,41200
2019-07-11,85.19483947753906,86.11373203901294,82.25062043545607,82.69131687264593,39800
2019-07-12,85.26985168457031,85.7761832959667,83.99464773446792,85.5792705967862,21900
2019-07-15,87.26703643798828,87.5108273047636,85.38235898834805,85.45737266330934,30500
2019-07-16,87.18266296386719,89.30174590940439,86.94825056384504,87.38893986677975,39100
2019-07-17,86.9482421875,87.9233913823942,85.78555164473731,87.9233913823942,47300
2019-07-18,86.77947235107422,87.38893886115946,86.05747816124297,86.73258701012982,19400
2019-07-19,87.24828338623047,87.86712829764936,86.44190429430773,86.82633684536995,24800
2019-07-22,87.56709289550781,88.01716783738021,87.07951826603635,87.5108362104107,30700
2019-07-23,87.86714935302734,88.65477879248606,87.16391210344241,88.65477879248606,18700
2019-07-24,89.6393051147461,90.53007657452008,87.37957317803134,87.37957317803134,33900
2019-07-25,87.80149841308594,89.51739871117003,86.9482410899002,89.51739871117003,43700
2019-07-26,90.29564666748047,92.63977033845661,87.85775232670709,88.12030018696251,65600
2019-07-29,90.11749267578125,90.75509461243765,89.26422820970816,90.75509461243765,37700
2019-07-30,89.51741790771484,90.04249944996862,89.07672140459493,89.37676902212559,20300
2019-07-31,85.12921142578125,88.62664056671022,84.05091291218609,88.62664056671022,113600
2019-08-01,87.91401672363281,89.09544991072589,84.66975040062106,85.01667612778584,77100
2019-08-02,86.648193359375,87.60459269767055,85.55113801224154,87.60459269767055,35800
2019-08-06,84.60411834716797,85.91682193684788,83.685218680694,85.04480760730449,31500
2019-08-07,84.38847351074219,84.61350743706831,82.91636375898057,84.14468258423085,54400
2019-08-08,84.87603759765625,85.5980317868237,84.50098348524051,84.50098348524051,38900
2019-08-09,84.26659393310547,85.82308895195833,83.47896434536622,84.6791549993493,20400
2019-08-12,82.53189849853516,84.37906899376226,82.18497279277193,84.19154197192793,26000
2019-08-13,81.95993041992188,83.33826890995456,81.47234876789827,81.47234876789827,17400
2019-08-14,79.85022735595703,81.08792429359121,79.57830816804609,80.64722792538026,32400
2019-08-15,80.33782196044922,80.80664678347853,78.12496822345499,78.15309656824489,24000
2019-08-16,82.79444122314453,82.98196823337963,80.40343249731416,81.1816831818139,27400
2019-08-19,82.81321716308594,83.27266349055431,82.62569009374758,83.15077161085429,11400
2019-08-20,83.54458618164062,84.12593156639639,82.18499698882239,82.56005829661001,19700
2019-08-21,84.53846740722656,85.70115057862672,83.75083824655783,84.29467657729379,22600
2019-08-22,85.01667785644531,85.33548240414956,83.83524464532995,83.83524464532995,20700
2019-08-23,95.9496841430664,97.06548228927304,94.54320975980374,97.06548228927304,175700
2019-08-26,97.27176666259766,97.87186182912966,95.36833913559472,97.31865200367305,59900
2019-08-27,94.94639587402344,98.54696672885767,93.76495543253792,98.41569636354798,82300
2019-08-28,95.2464370727539,95.9684240336523,94.32753742336715,94.73072699089941,31000
2019-08-29,95.38710021972656,96.57791210484811,94.486950277669,95.65901231777637,29700
2019-08-30,96.50288391113281,97.12173600905952,95.171423350603,95.23705852883482,32200
2019-09-03,93.71808624267578,96.27787311470927,93.19300469095595,96.27787311470927,59800
2019-09-04,94.47759246826172,95.21833664218336,93.50243585273321,94.20567317755376,18600
2019-09-05,95.36832427978516,96.127818041747,94.42129633643314,94.43067483392704,20100
2019-09-06,96.53101348876953,97.0373450789193,94.79636333866445,95.00264737395118,26100
2019-09-09,96.84982299804688,97.0186002034041,96.12782883758045,96.37161972391831,19900
2019-09-10,96.8404541015625,97.18738704522372,96.37162927949552,96.57791334579684,19200
2019-09-11,94.86201477050781,95.50899532771868,93.91499376072576,94.70261604454836,119200
2019-09-12,93.76495361328125,95.03077905632091,93.76495361328125,94.86200185366907,58700
2019-09-13,92.6866455078125,94.00873464905678,92.59288199475984,93.76494379216186,42100
2019-09-16,91.42083740234375,92.68666295102105,89.71431539031462,92.68666295102105,36300
2019-09-17,93.26799774169922,93.55866680010914,91.2145430291956,91.2145430291956,33700
2019-09-18,92.54602813720703,94.02751646987946,90.50195138117921,93.24926545482623,43900
2019-09-19,92.49337768554688,93.3674571551623,92.07042837337646,92.76593593717189,33000
2019-09-20,93.5930404663086,93.97838666610089,92.02344613681726,92.70955296963004,29200
2019-09-23,91.18693542480469,93.51783538137734,90.69820215379812,93.51783538137734,65500
2019-09-24,90.341064453125,91.7790764629465,89.98390626929539,91.17755519309567,36000
2019-09-25,89.17562866210938,90.4726649874045,88.85607356038197,89.88053721430869,32500
2019-09-26,89.68315124511719,90.69822114050736,88.92185240892437,89.17561629742211,23500
2019-09-27,88.5740966796875,89.64555697725108,88.348527977753,89.23201555215444,32100
2019-09-30,88.46131134033203,89.54216519868022,88.23573547936078,88.63988326689338,53200
2019-10-01,87.41804504394531,89.51396873473597,87.41804504394531,88.78086512376169,34000
2019-10-02,85.53827667236328,87.25824751794258,82.69984183063235,86.93869252249773,120800
2019-10-03,86.70372772216797,87.50262242422166,83.90288870134718,85.54767486409834,56700
2019-10-04,88.14173126220703,88.58347493705627,86.06460236554601,86.94808971524449,48200
2019-10-07,87.10789489746094,88.16056085789347,86.59095911986009,88.15116006992794,39000
2019-10-08,85.72624969482422,86.94809365204004,84.96495100326413,86.93869286663733,30600
2019-10-09,86.71314239501953,87.38985567195213,86.04582990546092,86.17741224589784,35200
2019-10-10,88.3767318725586,88.4707182433955,86.00824234224646,86.60976372044321,35300
2019-10-11,88.54589080810547,89.26960076345709,88.05715748441384,88.57408599610898,32700
2019-10-15,90.22828674316406,91.40313422679901,88.55530507377989,88.8278705504672,38200
2019-10-16,91.19633483886719,91.47830102566492,90.22826192593189,90.22826192593189,49000
2019-10-17,90.85799407958984,91.59109768788399,89.47637243132813,91.59109768788399,29800
2019-10-18,89.67374420166016,91.21514321762747,88.77145520483674,91.21514321762747,40500
2019-10-21,89.95570373535156,90.56662574192146,89.2226001957471,90.10608762588507,21700
2019-10-22,89.42936706542969,91.63807828744912,89.05341454088004,89.75832283539889,42800
2019-10-23,89.15682220458984,89.67375794127591,88.34852660033506,89.42938766841526,41600
2019-10-24,89.33538818359375,89.66434398102015,88.75266136336799,89.58915203569453,11500
2019-10-25,88.86543273925781,89.64552572202831,87.96314390470643,89.64552572202831,37600
2019-10-28,89.62674713134766,89.89931255246204,88.60227660573162,89.31658573793834,29600
2019-10-29,92.10802459716797,92.39938442116812,89.7677308779539,89.82412125145106,72600
2019-10-30,92.10802459716797,92.30539807510665,91.17754758097176,92.30539807510665,37400
2019-10-31,92.48400115966797,94.38255165746187,91.82608222505391,92.23023007165813,58800
2019-11-01,92.2677993774414,93.00090289404694,91.78846687547524,92.65315270682031,30000
2019-11-04,95.60437774658203,96.4690636629651,92.45578832732471,93.97838588210817,182300
2019-11-05,94.43893432617188,96.32808373784879,94.18516327817395,96.17770700296423,81600
2019-11-06,95.6231918334961,95.77357576505892,93.79983327285035,94.65511857883716,43500
2019-11-07,97.84130096435547,98.32064076488193,95.48220511390595,95.48220511390595,79800
2019-11-08,95.34119415283203,98.16082719280273,94.7490666251917,98.03863850515751,73800
2019-11-11,93.76220703125,95.63256175958797,93.68701508973436,95.63256175958797,25100
2019-11-12,93.5836410522461,95.05924905006557,93.1982948468024,94.18516232710887,34300
2019-11-13,91.82608032226562,93.58365481330135,91.78849151142126,93.58365481330135,31000
2019-11-14,91.06477355957031,92.55918322157626,90.64183135240428,92.55918322157626,38200
2019-11-15,92.59676361083984,92.85053464862786,90.99897411714106,91.0647652805122,36600
2019-11-18,92.48400115966797,92.81295704162478,92.07045252480773,92.39001478920893,17700
2019-11-19,91.98583984375,92.81292969911094,90.83918781813027,92.06102461554768,67800
2019-11-20,91.50650787353516,92.1268235245778,90.38805093956418,91.95764522507547,28400
2019-11-21,91.55350494384766,91.93885113414574,90.98017888085629,91.37492585746377,23600
2019-11-22,92.81293487548828,93.00090757151358,91.1681486878214,91.1681486878214,286200
2019-11-25,94.44831085205078,94.71147546850422,93.03849426045193,93.03849426045193,34100
2019-11-26,94.27914428710938,94.7208880213359,93.470848767184,94.57990491052122,16600
2019-11-27,92.95393371582031,94.75849771761094,92.39000836159823,94.50473381795597,38900
2019-11-28,92.20201873779297,92.80354000827604,91.97645005403662,92.49338575712324,23300
2019-11-29,93.62124633789062,94.1099797333037,91.76028477887557,92.07044623382806,49800
2019-12-02,95.12505340576172,95.46341006612704,94.16638098186012,94.4577408730135,62800
2019-12-03,92.43698120117188,94.89946364540444,91.54410014974064,94.89946364540444,85800
2019-12-04,91.56291198730469,92.94453377874684,90.97079143555804,92.34301243931216,44100
2019-12-05,93.09490966796875,93.22649200145017,91.45951694492932,91.54410968542416,28800
2019-12-06,94.0535659790039,94.85246063086365,93.03849628994304,93.35805845310583,43300
2019-12-09,95.93333435058594,95.94273513712544,93.74341718232537,93.74341718232537,60800
2019-12-10,96.19651794433594,97.1176015976455,94.07239152232039,95.70778450856183,39000
2019-12-11,96.34689331054688,96.71344514746617,95.77356717163211,96.09312224147975,23900
2019-12-12,94.40133666992188,96.29988683458826,94.1851616021667,95.79235191832319,19100
2019-12-13,94.69271850585938,96.14013163928664,93.98780993137407,94.2415738630804,30400
2019-12-16,96.59124755859375,96.94840574588744,94.92766684911786,94.92766684911786,21300
2019-12-17,98.8093490600586,99.08191447848056,96.54424732457714,96.5818432965007,43400
2019-12-18,98.62137603759766,100.13457984158555,97.27735052134437,98.68716719556676,49700
2019-12-19,97.64549255371094,99.38815130199727,97.58896895801445,98.5215256396638,27700
2019-12-20,97.5701675415039,98.53098277220921,97.24047639306228,97.75856043011967,39900
2019-12-23,99.17149353027344,99.49176995155811,97.49477298058012,97.57013298402657,29200
2019-12-24,100.00044250488281,100.35839175301382,98.87006397594548,98.8983221814919,11700
2019-12-27,98.84181213378906,99.80262711785319,98.69109211220385,99.80262711785319,12500
2019-12-30,98.02228546142578,98.81355117929775,97.73027441113038,98.81355117929775,14500
2019-12-31,97.33464813232422,97.96577205439885,96.04413489400157,97.69259740453232,46600
2020-01-02,98.9077377319336,99.71783977781888,96.95784261840163,97.69258466310566,23300
2020-01-03,97.91865539550781,98.92657203299419,97.56070617760452,98.92657203299419,23600
2020-01-06,97.96575927734375,97.96575927734375,96.58104979922064,97.75852286745794,22700
2020-01-07,98.35195922851562,98.60629021117356,97.80561008150323,98.43673382716021,19800
2020-01-08,98.93599700927734,99.03961521534464,97.95633854346633,98.62514239107546,36400
2020-01-09,99.31278228759766,100.05694608067049,97.78677470331509,98.90773129103205,61300
2020-01-10,99.64246368408203,99.86853646438908,98.907721758041,99.37871090926978,22000
2020-01-13,102.95826721191406,103.8719804468579,101.09314636093731,101.43225924293309,55400
2020-01-14,103.41041564941406,104.12632143986718,102.32713875825941,102.9676845314592,41300
2020-01-15,103.78719329833984,103.88138971270179,102.10105089037586,103.14664761926261,44800
2020-01-16,106.62255096435547,107.30077664854129,103.84371001869,103.85313181617197,40400
2020-01-17,106.46240997314453,108.32753061900502,106.29285355079357,107.43265389292965,35800
2020-01-20,107.8565444946289,108.32753377189803,106.46241307175285,106.46241307175285,25100
2020-01-21,106.49066162109375,108.11085844177526,104.9458176109446,108.11085844177526,37200
2020-01-22,106.66024780273438,108.57246335002637,106.08564023997717,107.0181971095639,31100
2020-01-23,106.63196563720703,106.95224207124829,105.32261606875696,106.82036565332712,29900
2020-01-24,107.92249298095703,108.15798764201234,106.89573970838472,107.02761614363756,22300
2020-01-27,109.33545684814453,109.86296256937892,106.36822279274821,107.3007867900073,76600
2020-01-28,109.1753158569336,110.67305830831585,108.28985371633215,109.62746153833253,37100
2020-01-29,109.58978271484375,110.85203772803203,108.92097879663565,109.28834986175382,35800
2020-01-30,109.91946411132812,110.10785692060689,108.3369400785215,109.4202166986869,35100
2020-01-31,111.06868743896484,111.79400771563004,110.11728714978211,111.30418206195979,96000
2020-02-03,111.33247375488281,112.37807077042679,110.72960791361591,111.27595014138873,25500
2020-02-04,112.44398498535156,113.32002534679448,111.73750105472746,112.13313033106267,28800
2020-02-05,113.47073364257812,114.44097038528156,112.62295152239643,113.26349721467528,37800
2020-02-06,114.43156433105469,115.1003682795622,113.62146215416358,113.83811320918886,27200
2020-02-07,113.77217864990234,114.24316796849723,112.12371603482028,114.23374616984187,33300
2020-02-10,114.13953399658203,114.55400683951667,113.48015191620935,113.64970833498028,39100
2020-02-11,114.21490478515625,114.91196693403589,113.93230833161584,114.91196693403589,28000
2020-02-12,116.20246124267578,116.56983226031574,114.49748256148908,114.49748256148908,23500
2020-02-13,115.0250015258789,116.40028934898791,114.54459045221671,116.40028934898791,38100
2020-02-14,115.11919403076172,115.44888507531337,114.02650268500112,115.19455403715232,28100
2020-02-18,113.52723693847656,114.64819356713463,113.11277131728266,114.45037895973469,51100
2020-02-19,112.67005157470703,113.42363726688598,110.21148705771232,113.0468444207965,56600
2020-02-20,110.51293182373047,111.79402332665386,105.50160583408069,108.98692386640882,122800
2020-02-21,106.1798324584961,109.37313944331862,105.61464671712271,109.37313944331862,64600
2020-02-24,102.79811096191406,104.09804588944746,100.1040518810608,102.89231456115172,100300
2020-02-25,98.0882339477539,103.10898186224871,97.01437886486171,102.7227743539866,110800
2020-02-26,98.53095245361328,100.54678592577513,96.02529330973604,96.87306823436937,81600
2020-02-27,100.79168701171875,101.35687260434607,95.149238508112,96.40206429597303,68600
2020-02-28,96.44917297363281,97.60780962992945,94.00003043963022,96.07238015608043,90100
2020-03-02,101.30036163330078,101.31919803981773,95.62023282736045,95.82746923267256,88600
2020-03-03,99.11498260498047,103.19375138644362,98.34256049373076,102.92999135978748,76700
2020-03-04,101.36632537841797,101.36632537841797,98.097658239618,100.49970672576563,66800
2020-03-05,96.08180236816406,99.91565439087572,95.62023493769811,99.72726157464786,66400
2020-03-06,96.88247680664062,97.10854960990028,92.43633761776016,95.13981820751138,75000
2020-03-09,90.01544952392578,94.51810492194834,89.68575853621536,90.83497328199843,135900
2020-03-10,94.44277954101562,94.44277954101562,89.65752637149787,92.45520405499008,98900
2020-03-11,90.6466064453125,95.00796490143497,90.00606069143437,93.02981122192878,120600
2020-03-12,77.47773742675781,86.48305026134958,76.3096860115739,86.48305026134958,133200
2020-03-13,89.45027923583984,89.45027923583984,79.72906121440083,84.77806664745391,181000
2020-03-16,78.50450134277344,83.96798067289907,70.7425988735428,78.62696317317648,115000
2020-03-17,81.87675476074219,86.46419181741368,77.86393224732741,79.54065252571071,112400
2020-03-18,71.1288070678711,80.57685140478527,67.3514708180972,72.76784784193019,161800
2020-03-19,83.40690612792969,84.90931143761433,64.13081639593734,70.2254613539841,124500
2020-03-20,81.7438735961914,96.0025110109618,81.14857781265286,86.45895560461517,120900
2020-03-23,90.29529571533203,92.18510940353282,81.18639431492961,81.25253750565396,128600
2020-03-24,92.04335021972656,95.74738215443912,89.63383564082902,95.74738215443912,79300
2020-03-25,92.5536117553711,97.11751301292176,89.93622327294449,92.80874061074866,116600
2020-03-26,89.81339263916016,94.93478567463373,88.48107061431261,92.6197597300348,98900
2020-03-27,88.83070373535156,91.33470857626686,82.3202954744125,87.1487705301605,90500
2020-03-30,92.85596466064453,93.3945611125343,86.76132022036207,90.03069605926237,40800
2020-03-31,95.55839538574219,99.2151862751466,93.69693556552764,93.74417656688647,100500
2020-04-01,93.4985122680664,96.04976460674055,92.61030489895685,93.44182017467335,41900
2020-04-02,95.43557739257812,95.71905228826171,90.64490067717472,93.781990655578,54000
2020-04-03,94.7363510131836,96.52222416077387,91.58035877811253,94.96312661043115,37300
2020-04-06,98.08131408691406,99.68765252357285,95.70014526917943,95.70014526917943,45900
2020-04-07,97.50492858886719,101.81370100670446,96.3332390433667,100.0750760693548,68300
2020-04-08,105.3004150390625,107.72882520225811,97.54273115423088,98.56322500906894,70000
2020-04-09,110.34622955322266,113.82348732574839,106.0658023362228,106.39651831817477,105800
2020-04-13,109.84539031982422,111.37614158018972,106.77444392378612,111.37614158018972,42000
2020-04-14,112.43443298339844,112.73680280345351,109.4957729154889,111.02652418461686,36800
2020-04-15,111.17774200439453,111.34781831450715,108.27687109142252,109.93990914461635,45800
2020-04-16,111.2911148071289,112.00924594886361,108.66427522046735,110.73362329026268,25100
2020-04-17,112.65176391601562,113.86124318813208,110.89423709588854,113.53997841044213,39000
2020-04-20,115.2597427368164,118.21729863341895,110.91316538407149,110.91316538407149,82300
2020-04-21,111.31945037841797,115.40144682717934,110.8375531763681,115.27861155766841,52700
2020-04-22,116.7054214477539,118.01884110426167,111.18716290617591,112.35885233354409,55000
2020-04-23,122.59217071533203,123.81109371871943,117.64085561768395,118.10385776985011,46100
2020-04-24,125.7860107421875,127.08998696950718,123.77336870826687,123.77336870826687,70000
2020-04-27,127.9970703125,134.16731002509434,126.2962353371613,128.3655833556457,103100
2020-04-28,127.90255737304688,129.44275973786816,125.77651753268249,129.44275973786816,50300
2020-04-29,133.31687927246094,134.37518455244958,128.6206919457729,128.6206919457729,83600
2020-04-30,132.8350067138672,133.98779422441072,131.7861595335574,133.98779422441072,48900
2020-05-01,130.538818359375,131.3419945971845,126.61746241742968,126.61746241742968,79700
2020-05-04,126.57025146484375,130.34987832108771,126.078895936455,130.34987832108771,54300
2020-05-05,124.72769165039062,128.97977204756302,124.72769165039062,127.32618522644043,60400
2020-05-06,129.0836944580078,129.0836944580078,123.41425471503368,125.86155941039944,65500
2020-05-07,128.30889892578125,131.8806601978273,125.28519979259374,131.8806601978273,97000
2020-05-08,131.7766876220703,133.22239364168362,128.31832582615436,129.92466424593235,89300
2020-05-11,132.62709045410156,133.23183009910278,130.86956360798393,132.01290693366283,51300
2020-05-12,128.03488159179688,132.82556636984773,127.43958564660755,132.82556636984773,53100
2020-05-13,125.24740600585938,127.96872793289002,123.42372828567655,126.57972812635758,59000
2020-05-14,123.8111343383789,124.81273321915475,119.89922084247831,122.83788150757722,61100
2020-05-15,124.25521087646484,127.90255072302391,123.87725402508107,125.01113899736204,68300
2020-05-19,124.91666412353516,129.60340774705583,124.08515602343006,128.49786862701703,93700
2020-05-20,126.28678131103516,128.10101495814138,125.4836192247914,126.1733971148908,37000
2020-05-21,127.08998107910156,127.53408848613736,124.83165411100131,126.27736054900791,27200
2020-05-22,126.97657012939453,128.41281796819112,125.88047486968209,126.16394977038459,16800
2020-05-25,126.19227600097656,127.66632795138062,125.67257450099304,125.67257450099304,14000
2020-05-26,124.7182388305664,128.97031892284747,122.08194109919835,127.97816401768885,79200
2020-05-27,122.96072387695312,124.72769494148824,118.28343099120734,124.72769494148824,68500
2020-05-28,124.24578857421875,124.80328007315197,120.9480589635141,122.4315694199419,41200
2020-05-29,124.80327606201172,125.67258847769666,123.51820240010098,124.95446459120868,33100
2020-06-01,124.25521087646484,127.9403406409104,123.7827576031703,126.08833188374841,29300
2020-06-02,121.78902435302734,124.86941501377603,119.60629217635544,124.46311205225587,59300
2020-06-03,121.15592956542969,123.76386668044819,119.65352427112956,121.60948071192617,52200
2020-06-04,122.22370147705078,123.44262491633937,120.26773746226637,120.26773746226637,34500
2020-06-05,127.08998107910156,127.21282359283265,122.76230564377822,122.76230564377822,106900
2020-06-08,129.86798095703125,130.5388566491868,126.60805568042088,126.60805568042088,98600
2020-06-09,132.54205322265625,134.1767376085572,127.22222443465606,128.3183195543449,82700
2020-06-10,136.06655883789062,136.53901216718887,131.83338104445528,132.09795375541177,95000
2020-06-11,135.59410095214844,136.06655426557055,132.01291118038637,133.09010415826356,68700
2020-06-12,142.37855529785156,142.9171591157193,135.0744294839241,136.5012480355943,302400
2020-06-15,138.84458923339844,140.2713931231692,136.32169013947086,137.50282348408854,70500
2020-06-16,140.59268188476562,142.32186312605538,139.33596847994704,140.24307096899912,51800
2020-06-17,141.84939575195312,147.97240183224991,139.84619806909024,141.89664397276516,106500
2020-06-18,149.20657348632812,150.79648814326714,140.4525409308904,140.4525409308904,115900
2020-06-19,153.18138122558594,157.92274954138864,148.03306116687543,151.97947211966493,273400
2020-06-22,154.90382385253906,156.81551984474547,150.27601570256226,153.65460691986794,90600
2020-06-23,153.20028686523438,155.4053581411619,152.01730964256765,155.0551870636174,64600
2020-06-24,150.77755737304688,153.93846916259534,147.82483629696142,151.4684120531318,67900
2020-06-25,153.1529541015625,153.60721327969364,150.00150126945996,150.00150126945996,51800
2020-06-26,151.32647705078125,153.4085290174266,149.45264472144385,152.8123037323742,26900
2020-06-29,148.5441131591797,150.70186279085542,147.49362864581317,150.6829311089938,40000
2020-06-30,151.42111206054688,151.65770754814147,146.82169520408206,146.82169520408206,38000
2020-07-02,152.6324920654297,153.9574211261573,151.3075630047021,151.41166560523382,38300
2020-07-03,153.31390380859375,154.26028593086903,152.90696642752508,154.25082730827853,17800
2020-07-06,153.30438232421875,156.73027958107474,153.2286700526048,154.93216006232078,78100
2020-07-07,157.23191833496094,160.56318730293697,153.361219090035,155.11201727522263,70800
2020-07-08,158.7271728515625,159.54106186025678,155.71767091126813,156.25711552383325,28000
2020-07-09,156.94796752929688,160.3076260917645,155.01735484778416,159.0584095191719,66400
2020-07-10,154.1656036376953,157.12778356542665,151.89429288483296,155.7839230185749,34500
2020-07-13,151.58203125,155.05525209967328,149.66087658983528,154.16565054459286,75700
2020-07-14,152.49050903320312,153.09619282735062,147.90055137710345,150.2191839746694,54600
2020-07-15,152.8879852294922,154.4116605305446,150.09616176103086,153.44634703505636,40100
2020-07-16,149.2633514404297,151.96054557778672,147.83431999861796,151.04255399788016,56500
2020-07-17,151.8659210205078,152.7176590460747,148.81856981872974,149.5283563202499,34400
2020-07-20,154.93218994140625,155.5662640927369,151.2507648629604,152.07411250950824,37900
2020-07-21,148.6482391357422,156.13411035818788,148.44003392443327,154.70507862660793,50800
2020-07-22,149.291748046875,150.46526682761788,148.93211829586755,150.46526682761788,43300
2020-07-23,146.87847900390625,151.27916383322727,146.49993199178186,151.27916383322727,38900
2020-07-24,145.77125549316406,146.68924742260893,142.50623964833864,146.58514479842506,57900
2020-07-27,149.24441528320312,149.8879624521748,145.95101047917467,146.54723566738298,29500
2020-07-28,151.42111206054688,151.4589609846793,147.99521402118262,149.4242455676227,38600
2020-07-29,152.3675079345703,152.9731918605354,150.12458712821652,152.7176646672027,38400
2020-07-30,157.28863525390625,157.9794898497794,151.80909157865142,151.80909157865142,62400
2020-07-31,157.03318786621094,158.8407812919711,153.61676206660368,158.8407812919711,39100
2020-08-04,156.30442810058594,157.43062480025927,155.3675048807123,157.1467073602393,60600
2020-08-05,157.45899963378906,157.45899963378906,153.33277464063434,156.08673454859004,31200
2020-08-06,182.06497192382812,184.2605706322971,160.43067904688584,160.43067904688584,182900
2020-08-07,182.1501007080078,184.9608557244929,181.61065616676893,184.5349868154642,65400
2020-08-10,179.4340057373047,182.56652737126979,176.0743472591885,181.14695458676783,68300
2020-08-11,174.1342315673828,180.76836203879287,173.50961618405088,180.11537080055163,92700
2020-08-12,171.2761993408203,176.9734226591084,170.86926203840665,174.78728268970454,39000
2020-08-13,173.32986450195312,175.18477965051454,170.39608884822616,170.39608884822616,38800
2020-08-14,170.83139038085938,173.187886494082,168.90077767218474,173.187886494082,30600
2020-08-17,172.7241668701172,177.52233035408068,172.023853459502,172.2131269639752,53100
2020-08-18,171.73048400878906,173.65163831280938,169.8755689356091,173.14058394624286,47200
2020-08-19,174.27622985839844,174.5222984067632,170.76516091988225,170.9544344212565,27200
2020-08-20,173.24468994140625,174.86300954641345,171.76833630351538,174.13429134901833,17900
2020-08-21,173.4244842529297,174.60746163528253,171.77777453806343,171.78724759913305,12900
2020-08-24,169.71469116210938,173.09326749986224,169.40238335935175,172.98916489894305,37400
2020-08-25,169.11843872070312,171.32351022945352,168.56953549855294,168.96701415446003,33300
2020-08-26,172.19418334960938,172.90396977268333,168.45597774288166,170.3487415377455,38300
2020-08-27,165.78713989257812,172.33611398875598,165.42752466487175,172.25092866055297,78800
2020-08-28,167.1783447265625,168.73988341262626,165.60736186145692,165.61682048113948,37900
2020-08-31,168.45599365234375,170.0175181543245,167.23516724324062,169.09952647186648,31800
2020-09-01,169.62950134277344,170.80300568712005,168.8156123100933,168.8156123100933,30800
2020-09-02,166.56317138671875,171.83452413995244,166.4780005034673,171.83452413995244,36500
2020-09-03,166.07107543945312,168.24775648355632,165.14362531202562,167.50012120995098,46300
2020-09-04,162.796630859375,165.91022119322975,159.38964998407366,165.3613179166177,37300
2020-09-08,153.8533172607422,160.37388817950833,153.16244805471837,157.09940034848267,279700
2020-09-09,160.3360137939453,161.59470340694665,154.51577110195745,154.51577110195745,96000
2020-09-10,165.76824951171875,167.8597453285997,160.1278072910066,160.9984768664323,96800
2020-09-11,166.79983520507812,168.46546240338776,164.44333871759156,165.02063234188455,164800
2020-09-14,173.4244842529297,173.7935726185981,168.0206372164594,168.030110277529,83500
2020-09-15,172.45916748046875,175.9039969766334,170.0458907769104,174.46550690352137,58900
2020-09-16,179.34884643554688,183.06813518009014,175.06173715914392,175.57279152252516,121600
2020-09-17,179.28256225585938,180.61696399823322,176.31092411817446,177.14373024423165,56600
2020-09-18,177.20175170898438,182.11955049517425,174.12220671154762,180.30972211894817,101300
2020-09-21,181.59840393066406,181.9300530399187,171.2227084849315,174.81394002451162,137600
2020-09-22,181.75949096679688,182.64070767464082,178.50937902646194,181.38046136785795,86300
2020-09-23,176.31109619140625,182.42280677136165,175.77098433987598,182.42280677136165,33300
2020-09-24,179.9022979736328,180.41396990428342,173.46842358474677,176.1405138154815,39600
2020-09-25,179.85488891601562,182.87758288430265,178.72729943357626,179.72223218034628,38400
2020-09-28,180.50875854492188,182.64075175608235,179.54225090748125,181.05834075215265,33700
2020-09-29,182.96287536621094,182.9913007793433,178.73680008418611,181.63630789169667,37600
2020-09-30,180.7076873779297,185.24645607815611,180.0633443601078,183.91988877455108,43700
2020-10-01,184.58319091796875,185.3601762854906,180.783496941811,182.7828328730023,48800
2020-10-02,184.4600067138672,185.29385737456815,182.30905891874133,184.67793969709555,41200
2020-10-05,185.4455108642578,185.4455108642578,180.27186772062578,184.9906752425401,53000
2020-10-06,194.90206909179688,195.93489780994463,187.55853747852993,187.55853747852993,100900
2020-10-07,198.1710968017578,201.98973159440254,193.13959616451882,196.14333536234227,67400
2020-10-08,202.36875915527344,203.5531995741946,196.14333337334327,200.7294832053657,62200
2020-10-09,210.64089965820312,212.23278073687032,206.0642198692818,206.992817165171,70600
2020-10-13,212.98133850097656,217.84227205906922,210.64088311954268,210.64088311954268,102100
2020-10-14,214.68695068359375,218.41082461437836,213.61621186245122,214.63957017267114,56400
2020-10-15,217.93704223632812,218.10759472060624,209.99654885334488,214.13736248761617,58600
2020-10-16,217.643310546875,223.7929162981597,216.03247437724502,219.83215425214595,51500
2020-10-19,217.0558319091797,219.83215345890298,212.60232413006412,217.67173517641808,63400
2020-10-20,216.79998779296875,218.9035552367154,215.0943906144577,218.9035552367154,29500
2020-10-21,214.06153869628906,216.3451431574108,214.05205392006428,215.70080008963978,34700
2020-10-22,214.2889404296875,217.26425398404302,210.6598279530964,214.9238131751123,71700
2020-10-23,212.2611846923828,214.36475194688137,211.21888584153706,213.95731139954637,39300
2020-10-26,209.06796264648438,212.25173931454262,206.20635032698803,210.38505991478365,36000
2020-10-27,213.34141540527344,213.35090018264054,208.46152636690357,209.19114575756834,38300
2020-10-28,209.3996124267578,213.37932965963822,207.94037361765018,212.76341191763737,39900
2020-10-29,210.1197052001953,212.62124248759835,209.5701231764894,212.4791154377173,32700
2020-10-30,207.3433837890625,208.94473489625264,202.15078721162536,207.91190644615088,46500
2020-11-02,212.6307373046875,214.51637164854156,207.4760647689051,208.51836365796171,100400
2020-11-03,228.2843017578125,230.59633171737266,216.0324572776608,216.04192759574062,99600
2020-11-04,227.55465698242188,233.53372356042544,223.83078374482224,227.73469421531334,47800
2020-11-05,232.79466247558594,234.49078933762726,229.78145283824168,233.9506775393286,33700
2020-11-06,229.82882690429688,234.87928269822095,228.66334155446873,234.87928269822095,36700
2020-11-09,199.25131225585938,236.897564065764,194.9494308351533,236.88809374707475,239200
2020-11-10,193.67022705078125,204.23543012331632,188.6861068224587,200.7958248746448,115000
2020-11-11,193.4712371826172,197.17617044264563,189.4157141702056,193.18698303663186,127200
2020-11-12,199.29867553710938,201.8286384245948,195.85905608653343,198.46482489248476,97100
2020-11-13,203.14578247070312,205.94105948942112,201.73392402275226,202.97522995862386,53200
2020-11-16,202.15078735351562,203.7616232374792,200.40729473695504,203.5626453678334,39600
2020-11-17,201.34542846679688,205.2872357322232,200.7105700503496,205.22091457810347,61900
2020-11-18,197.005615234375,206.64222102974432,195.19578675125263,201.35487710990864,65400
2020-11-19,196.91082763671875,198.4174322202885,192.73211881044068,198.0384171096985,65000
2020-11-20,196.1907196044922,197.7731303153081,192.35312964354867,196.5128839377957,48900
2020-11-23,193.4238739013672,198.86281536382492,191.71827670851377,198.08582992283183,57200
2020-11-24,190.15484619140625,194.60835491646222,184.2042171025926,194.03981758094292,160400
2020-11-25,200.4168243408203,200.77689891802817,189.18833587574622,190.54332901249583,155800
2020-11-26,207.51397705078125,208.46152945740585,199.4597815944724,203.23103612445755,89400
2020-11-27,205.73260498046875,208.44260585116598,200.8811405523412,208.40471011091697,97200
2020-11-30,210.51771545410156,212.93397697132417,205.19247558065183,206.56642367209145,103500
2020-12-01,201.35488891601562,208.00671094176306,199.60191115852226,204.6713223805147,184100
2020-12-02,201.279052734375,201.279052734375,196.90136584594302,199.96195564906535,58400
2020-12-03,204.69027709960938,205.61887441957515,199.94303023860064,199.95251501620902,106900
2020-12-04,204.453369140625,204.9460859393283,202.36875691806958,203.48686172108984,158200
2020-12-07,198.9575958251953,204.48182853091365,197.56469251981417,204.19755989458014,112300
2020-12-08,196.14337158203125,199.8103952066262,195.77382667768063,198.98602914119112,69600
2020-12-09,194.437744140625,196.45603532279807,189.538900104899,196.45603532279807,89900
2020-12-10,195.47055053710938,195.60320727597252,190.48643082439372,191.49083391271475,46900
2020-12-11,198.3700714111328,198.62590011120855,193.15853398121865,194.54195218403584,54700
2020-12-14,201.49697875976562,203.65739671786775,199.2702396630506,199.46921753738908,74700
2020-12-15,204.3302001953125,205.61887204545823,201.33593112313534,203.72376723397937,50900
2020-12-16,201.4022674560547,203.75219338236047,200.8432150046981,203.40160361769654,41000
2020-12-17,202.62460327148438,204.97454365129823,202.05608050230538,202.27401350756554,47000
2020-12-18,204.90501403808594,207.05831837188333,201.59444269345883,201.59444269345883,96000
2020-12-21,205.78720092773438,206.14766990668159,199.25141373849755,201.499568324511,58800
2020-12-22,214.011474609375,214.67548497553827,204.61094054007532,204.81963158006096,82900
2020-12-23,212.12379455566406,215.78535431925258,210.58708263846998,215.78535431925258,48600
2020-12-24,214.21067810058594,216.278598099645,211.0613512156623,213.12927121472137,32100
2020-12-29,205.350830078125,215.80429954170768,204.71527629551633,214.2106747389289,70800
2020-12-30,205.02833557128906,206.47967777556022,203.37778300741496,205.36982870607883,23500
2020-12-31,203.78565979003906,204.74373080063162,202.04973777086164,204.74373080063162,31300
2021-01-04,199.03326416015625,203.94695596550127,195.94084988984451,203.70980834228558,85100
2021-01-05,204.27891540527344,205.81562697305407,196.8324761793552,198.54942220989304,49800
2021-01-06,199.7067413330078,203.66236167459007,198.74867021300608,201.70826771189556,36900
2021-01-07,211.04241943359375,212.9490956839032,199.43168047947432,199.43168047947432,88100
2021-01-08,210.3498992919922,213.72687844838424,208.5096317917621,208.90803798134706,69500
2021-01-11,203.77618408203125,210.23608199090603,203.7097758104518,210.23608199090603,31800
2021-01-12,206.79270935058594,208.34839704379104,202.99834771112566,203.69081465751168,20000
2021-01-13,202.04974365234375,203.09319882244395,201.81259606589734,202.32482848391197,190400
2021-01-14,200.53199768066406,202.75171013868749,200.38971491543066,202.05922874964403,125400
2021-01-15,198.72972106933594,200.89250637457744,195.7511473086547,200.89250637457744,152800
2021-01-18,199.20396423339844,200.79758899958273,197.54393119812013,199.6972352452676,22500
2021-01-19,201.79360961914062,203.69079021117705,199.55493594156405,199.55493594156405,49000
2021-01-20,197.92337036132812,202.51455864709447,197.0411882851892,200.6078827836432,48000
2021-01-21,199.51702880859375,200.2094957763759,194.36617519721608,199.20399222674502,70600
2021-01-22,195.45704650878906,200.74068728559996,194.5274320091091,197.65776861661067,74700
2021-01-25,194.44207763671875,196.97481254781727,192.8389573675831,195.4950136761051,103200
2021-01-26,195.61830139160156,198.15103586660908,193.1804172661447,194.84045036385052,51800
2021-01-27,190.30621337890625,196.26336030742672,187.8209110064686,194.04366210573772,158400
2021-01-28,196.75662231445312,198.63482728498022,191.25479500777328,192.12749645341557,74200
2021-01-29,193.51246643066406,196.7471635835679,191.26431152597985,196.7471635835679,72800
2021-02-01,201.3667755126953,207.21009604085774,190.5433552223279,190.5433552223279,252800
2021-02-02,209.97999572753906,210.11279781987363,202.3248633694421,203.94695950913243,141400
2021-02-03,206.0527801513672,208.63294685052645,203.26392243430985,208.63294685052645,87000
2021-02-04,204.95245361328125,208.0922857374753,204.48765354887104,207.36188150073303,50800
2021-02-05,203.75726318359375,207.60853869252287,203.56754795901304,204.9809386853315,51000
2021-02-08,203.14060974121094,205.8440979230233,202.049736670986,205.0283096748617,41900
2021-02-09,202.2773895263672,204.68680238557815,202.05920334798458,202.52401777988058,75100
2021-02-10,198.89096069335938,202.96042188634664,195.93136307979904,202.28691628872653,54300
2021-02-11,199.8679962158203,201.4047225204477,197.53447191607728,199.18500996361726,27100
2021-02-12,202.22996520996094,203.1026665353909,196.88939727270034,199.00474955580063,25000
2021-02-16,197.59141540527344,202.92248968999095,197.3068353440432,202.25847919668252,38600
2021-02-17,195.93138122558594,196.61436758032892,190.55287453774233,196.55745446315754,98400
2021-02-18,191.8050079345703,198.2554266239008,189.9078268185521,194.47054508668094,60000
2021-02-19,192.5543975830078,193.3227535991565,190.2113778075943,192.3741630657694,38500
2021-02-22,189.3576202392578,194.15748558115047,188.97818985051322,190.80896246400113,78900
2021-02-23,179.1317901611328,187.83985670901924,175.50818271381345,187.8303615423688,167300
2021-02-24,179.3405303955078,180.23220784495146,174.3129974923326,179.28361727734645,124000
2021-02-25,173.66793823242188,180.61161267619843,173.08929748924538,179.94760226788313,107300
2021-02-26,181.24716186523438,181.99654185955865,172.1976019832214,173.45922886297123,105600
2021-03-01,166.43017578125,185.25020505140483,156.52689010611547,185.25020505140483,346100
2021-03-02,164.1915283203125,170.74629223495202,158.87943013538617,170.73681154059116,260800
2021-03-03,162.48402404785156,167.1131492846539,161.74412478122682,164.31481083017934,148000
2021-03-04,162.6832275390625,164.4570866711112,158.6706948426631,162.4081427358395,166700
2021-03-05,158.2438507080078,164.21995839295266,155.68264515807124,164.21995839295266,193300
2021-03-08,161.19395446777344,161.91489241184175,154.6202301578265,156.51741089595936,209500
2021-03-09,165.9369354248047,168.59299181903285,162.17104431532246,163.06270726023087,166600
2021-03-10,166.95188903808594,170.60396740052965,163.63182306289673,166.4206807979499,104600
2021-03-11,171.6853790283203,172.91853494960932,166.90447538127574,168.20405405155293,181900
2021-03-12,165.62388610839844,172.35886912060113,163.11960808461566,172.35886912060113,218400
2021-03-15,166.9803924560547,167.54955257271573,164.64686782129908,165.62391492457087,93200
2021-03-16,162.4460906982422,167.90048498446052,161.99077140194683,167.90048498446052,82100
2021-03-17,160.3592071533203,162.4461031012123,156.24232836462622,162.4461031012123,120500
2021-03-18,162.2972869873047,163.96937227976125,158.3260644848482,160.08366542316276,98500
2021-03-19,161.31875610351562,165.2139587608765,160.85322562518564,162.29730804037078,569100
2021-03-22,159.7701873779297,164.83396451145154,158.97214745545355,164.43494455021346,90600
2021-03-23,157.22401428222656,161.50874095585536,156.26445307281944,161.07171092533812,78200
2021-03-24,155.61846923828125,157.29055498870122,154.89642067827398,157.25255929974003,67800
2021-03-25,156.67298889160156,157.32852671488072,154.62087427002365,154.63987935817755,70800
2021-03-26,157.6040802001953,158.54463662745033,155.80848301844586,158.51613623540976,48500
2021-03-29,155.6849365234375,158.93411095260473,151.81823441055718,158.93411095260473,74400
2021-03-30,154.26937866210938,155.60894035911747,154.14586731901636,154.89640168121755,47600
2021-03-31,154.1363525390625,155.76093240120883,153.69932249333831,154.67787432756637,66600
2021-04-01,163.96939086914062,164.111907297305,157.5090375348597,157.5090375348597,111500
2021-04-05,166.60101318359375,168.52012106028084,165.004919301969,167.1235443500969,112900
2021-04-06,164.12139892578125,168.58663813905136,163.10483684814528,168.58663813905136,51200
2021-04-07,165.0714569091797,165.52747759438864,161.87928311944464,164.12140535862326,64600
2021-04-08,166.0120391845703,166.47755523946307,161.27127598541395,164.7769690759287,71200
2021-04-09,166.60101318359375,167.20904549644274,164.5964041605608,165.38494855789577,35400
2021-04-12,166.696044921875,167.35156828895566,164.59642469871372,165.9739964938347,52500
2021-04-13,167.3325653076172,167.76008555767373,165.30895109494566,167.76008555767373,51300
2021-04-14,166.7245635986328,167.10457844703436,164.5109415899325,167.10457844703436,56300
2021-04-15,170.68624877929688,172.80485947599573,166.70553084251682,168.01660649621311,69700
2021-04-16,172.1683349609375,173.1373915554619,168.16861174485535,173.1373915554619,49000
2021-04-19,166.37306213378906,172.54839866886581,166.078548403117,172.54839866886581,80100
2021-04-20,167.62713623046875,167.83614877911637,164.11194758892879,166.37306093858297,29600
2021-04-21,167.5321044921875,170.15425632419812,165.09997458749885,167.69361153310098,35800
2021-04-22,166.35403442382812,169.36569613792565,166.13551212683365,167.97861447789361,31300
2021-04-23,170.17323303222656,171.2847916324875,166.2685204892725,167.34208340515244,37100
2021-04-26,168.88119506835938,170.5342903439657,168.4441793783536,169.61273898014738,28700
2021-04-27,177.3745880126953,179.04668770299472,169.11863928174242,169.11863928174242,101200
2021-04-28,182.69491577148438,183.4169497299332,175.91154829150997,177.9446580264985,112400
2021-04-29,172.14932250976562,183.35993269290768,169.99270162577054,182.70439486278232,144300
2021-04-30,171.9498291015625,175.0849875070892,171.30378653242468,172.90937591394444,55400
2021-05-03,172.785888671875,176.88060895740304,171.48432255236835,176.88060895740304,69400
2021-05-04,171.77883911132812,172.64338960507806,167.18059253507616,172.38687159664542,121700
2021-05-05,170.3822479248047,174.88549766046103,168.54865532252504,172.98539448878714,78200
2021-05-06,167.2755889892578,171.94984103276977,165.1664733176365,170.63876521077904,97800
2021-05-07,167.6841278076172,170.20175905536502,167.2851078266518,168.29216032575093,42000
2021-05-10,162.943359375,167.6746272067669,162.11681904746982,167.6746272067669,88900
2021-05-11,163.90292358398438,164.8814756766917,159.15266507700184,161.5087892374064,57700
2021-05-12,164.44442749023438,164.55844353961848,159.48515699281546,162.00280242353193,79800
2021-05-13,169.55567932128906,171.0092568447386,166.22100403160502,166.78153089429276,124500
2021-05-14,173.55540466308594,174.38195934294998,168.25412994011768,171.00927354863586,122300
2021-05-17,175.35104370117188,175.84506013202315,171.71234406524943,174.21097009979067,86500
2021-05-18,175.7500762939453,178.14419623697708,173.72646145236078,176.88062568539078,119000
2021-05-19,175.20848083496094,176.9660817575867,173.85940956048117,174.9994683631903,62900
2021-05-20,176.07302856445312,177.1845869683043,172.86185017779368,176.34853709328434,67200
2021-05-21,173.8594512939453,177.17513675872323,172.63389104859053,177.17513675872323,45000
2021-05-25,167.20909118652344,175.7595560767434,167.01908375495722,175.7595560767434,123600
2021-05-26,171.4083251953125,171.98785730954393,166.94308512493578,167.798125852394,82000
2021-05-27,168.9761505126953,171.36077441980026,167.91209753368986,170.19221520202572,243200
2021-05-28,170.09719848632812,171.08526007327387,167.99759298317807,168.90013892557155,75100
2021-05-31,170.36328125,172.67189996933266,170.09725343170902,170.09725343170902,21800
2021-06-01,169.63169860839844,171.5508067018015,166.94305111771467,171.33228441872922,113100
2021-06-02,164.75794982910156,168.89068016543283,163.65588647319493,168.89068016543283,105000
2021-06-03,165.37550354003906,166.4395567868588,163.18087197351602,164.83396712194372,65400
2021-06-04,165.1854705810547,168.4156547880261,163.64639159510736,166.2400284594431,59900
2021-06-07,164.8529510498047,166.4300256248267,164.35892017864882,165.4799740631004,81900
2021-06-08,164.21641540527344,167.07606533786378,162.95284511041643,167.07606533786378,161000
2021-06-09,170.40126037597656,170.59126780202388,164.36842674667204,165.28997798447077,213600
2021-06-10,171.8548126220703,172.339333660858,166.74353099145918,170.3917397130063,192700
2021-06-11,168.3966522216797,173.09940491331025,166.15452978430693,171.04728990351737,342900
2021-06-14,169.793212890625,170.18273750236952,163.836385658152,169.58420039147606,178900
2021-06-15,166.89553833007812,172.77635919016294,166.5535192244253,169.7931981839933,69600
2021-06-16,167.20909118652344,168.62467337047167,166.25903953205454,167.43710880238558,151700
2021-06-17,171.77883911132812,173.09941034490654,167.70312384979522,167.70312384979522,106200
2021-06-18,168.87167358398438,171.68383272654742,167.74110984924852,171.68383272654742,211400
2021-06-21,166.73092651367188,169.01438459084937,165.1324942453497,168.59574722252995,100800
2021-06-22,166.41696166992188,167.5016065201807,165.30377468027785,166.45501301647766,60300
2021-06-23,169.2808074951172,171.31689578449968,165.26571519732684,166.41696809585403,129300
2021-06-24,167.86314392089844,169.57574486109422,166.9783085705568,169.57574486109422,58200
2021-06-25,164.3142547607422,168.36741250412035,163.5150458742266,168.36741250412035,138900
2021-06-28,165.20858764648438,166.24565719356875,162.60162819439728,165.46548136146126,146200
2021-06-29,173.914306640625,174.1046069064117,165.73190333731569,166.30276058105989,196900
2021-06-30,175.0941162109375,176.33099545306607,172.42056275584605,173.1246360519188,121600
2021-07-02,177.53932189941406,177.59640617336873,174.4946917883571,175.49371013618065,73500
2021-07-05,177.10165405273438,178.38610830597318,176.47369799480106,176.97796177887318,29500
2021-07-06,174.4947052001953,177.86282280112047,170.49864601963233,177.50126968112184,94600
2021-07-07,175.73158264160156,176.37857166447836,173.4195822854662,176.00750934122675,67200
2021-07-08,169.6042938232422,173.64792823904565,168.0344180336681,173.32444097007115,119800
2021-07-09,171.25979614257812,172.21123945448136,170.15611841648092,170.15611841648092,52400
2021-07-12,169.93731689453125,171.72603524424306,168.93829835840765,171.72603524424306,55300
2021-07-13,168.2342071533203,170.79357737261006,166.59772355597968,169.90874209386484,48700
2021-07-14,168.6623992919922,170.99343304609235,167.68241361366486,170.99343304609235,40300
2021-07-15,165.57968139648438,170.08952800270671,163.87660422531465,167.4825680546228,72100
2021-07-16,166.01736450195312,167.96781186246503,165.37989916452557,166.50259541071537,42400
2021-07-19,169.290283203125,169.35689119633096,160.28963857629418,165.1705468840196,137900
2021-07-20,171.26931762695312,173.1436622471974,167.8536393766522,169.356921659369,81800
2021-07-21,173.72401428222656,174.8086589737272,169.55670284534062,171.15512048844835,58300
2021-07-22,178.70957946777344,180.7742094866075,174.86574077815558,174.98943304089153,93900
2021-07-23,182.3345947265625,184.9510638201495,179.4612318751462,179.4612318751462,109000
2021-07-26,183.79031372070312,184.67516360255655,180.45075272425316,182.0491706144903,78100
2021-07-27,183.4382781982422,186.95861564005276,179.81328140869172,184.11379483721254,53300
2021-07-28,182.83883666992188,185.0557010519171,182.0491370775301,185.0557010519171,75500
2021-07-29,186.57801818847656,188.5094467319632,182.08720510231527,182.86738098062392,123800
2021-07-30,184.7703094482422,186.67319629017643,181.69715126352318,186.2926247289394,47100
2021-08-03,181.42120361328125,185.41727713466892,177.3490274027247,183.68564333968456,153700
2021-08-04,178.4527130126953,181.24044958701177,173.79064638892007,180.64103562874482,135000
2021-08-05,175.69349670410156,178.45267604986932,173.20070576276353,178.45267604986932,73100
2021-08-06,176.6735382080078,177.33003651751628,174.89434358556463,176.48325241980066,101600
2021-08-09,177.97695922851562,180.53634370989735,175.82670286451767,176.31193366070366,69400
2021-08-10,176.63543701171875,179.68957629184516,175.81719521999267,179.68957629184516,75800
2021-08-11,177.23483276367188,178.72860551098293,175.75058373950972,176.6829939822502,61100
2021-08-12,178.519287109375,179.78470827099753,176.77814436148256,178.85228350904154,56400
2021-08-13,179.01405334472656,180.76472007238087,177.0921483073649,178.51931327535755,34600
2021-08-16,179.93695068359375,180.85034263150493,176.72108222974725,179.75617413530813,40600
2021-08-17,177.52980041503906,179.16628403912412,175.8267233097908,179.15677483263582,68700
2021-08-18,177.11117553710938,178.87135155906876,176.01702148099852,176.54982743937853,56400
2021-08-19,182.18234252929688,182.23942679927043,176.1216539025815,176.1216539025815,52700
2021-08-20,185.68365478515625,186.36869503726342,179.84179423148225,182.62000657930767,70400
2021-08-23,189.394287109375,189.73680725301364,185.90249219615788,185.90249219615788,61500
2021-08-24,191.4208526611328,193.48548258673551,189.90806151329363,190.2886329720896,55400
2021-08-25,192.058349609375,194.5225843297037,190.18400510311974,191.48747780887797,54100
2021-08-26,194.66531372070312,195.0173431117775,192.0012694576077,192.01077866460017,72000
2021-08-27,197.56723022460938,197.56723022460938,194.57969831729295,195.02687790846016,73100
2021-08-30,201.3824920654297,201.87723212783212,198.39496068854854,199.08951023152036,72100
2021-08-31,199.08953857421875,203.8752978860424,198.59478392350968,201.3825207345606,148600
2021-09-01,200.37400817871094,204.08463204510807,200.0790484968236,201.17321723949252,60800
2021-09-02,201.02093505859375,202.7620780033257,199.29882504446806,201.03996798920005,50700
2021-09-03,197.9002227783203,201.71550550064083,197.72896993872618,201.50618679588771,35300
2021-09-07,195.95928955078125,197.99537785125023,193.27621218737048,197.90973691144782,95300
2021-09-08,193.5806427001953,195.95925073509568,191.71580761297005,195.95925073509568,48400
2021-09-09,195.673828125,196.97730077072194,193.8375350483478,195.69284653770043,60700
2021-09-10,192.02027893066406,199.5081324771046,191.01173691561527,195.99730464864564,221000
2021-09-13,188.8234100341797,195.41690395882478,186.53993781065327,193.47596636080385,76600
2021-09-14,188.30015563964844,189.774895725987,186.5495033714957,187.45337164445377,73800
2021-09-15,189.01373291015625,190.3172056092141,186.88249465284542,188.30015042213952,50700
2021-09-16,187.44383239746094,189.0612975621399,185.9405502967266,187.69121693778092,38800
2021-09-17,185.30027770996094,188.0440602528463,183.2233972563468,188.0440602528463,91600
2021-09-20,182.74705505371094,184.15704801780615,179.79367707208846,181.584759038006,128600
2021-09-21,182.9947052001953,184.77625039976542,181.25126162253324,183.86166610341976,45300
2021-09-22,187.77728271484375,189.3587545670056,181.96580359159833,183.6711311661257,77000
2021-09-23,190.42578125,191.67381658338445,187.22470697745433,187.4057223990089,71900
2021-09-24,191.49281311035156,193.02666159784212,188.64423319442426,190.36863342410797,65900
2021-09-27,197.6948699951172,198.4665695896714,190.54009467346845,193.40771786496413,100600
2021-09-28,198.63804626464844,200.1623728181921,196.34203466305584,198.15217426252087,84000
2021-09-29,195.4369659423828,200.0670906210961,191.77859977420454,198.5808802738396,103200
2021-09-30,192.83612060546875,198.71428121767067,192.83612060546875,195.37030754147509,47200
2021-10-01,193.30296325683594,195.00830562449013,189.9875689419518,195.00830562449013,38700
2021-10-04,183.63304138183594,193.0743078543562,183.02331357688828,190.75923782786,76900
2021-10-05,184.8048553466797,186.14816665997827,182.0610875479879,183.88073461657137,84100
2021-10-06,182.94711303710938,184.29994627763395,178.94577303122475,183.2710277840535,56300
2021-10-07,185.9766845703125,187.77728806520372,183.17574257002457,185.11924533551945,36200
2021-10-08,186.18626403808594,189.58741202557837,184.7286333397483,185.97668328833095,101900
2021-10-12,184.0236358642578,185.74802147889315,182.08965497233524,185.74802147889315,43100
2021-10-13,188.1678924560547,188.86337436880606,183.3091280619108,183.51872335930742,36500
2021-10-14,183.5663604736328,188.68237302238958,182.78515347347755,188.6347350808665,49600
2021-10-15,184.84298706054688,186.93892561575953,183.40439975293728,183.65211122951033,55100
2021-10-18,186.83409118652344,187.14848408848204,183.49011774450935,184.2332229538458,71400
2021-10-19,187.901123046875,188.15835626252112,186.07193975828866,187.20565572448305,39100
2021-10-20,187.4057159423828,189.8255687410712,186.06240479012735,187.90110972034705,68800
2021-10-21,188.8157196044922,189.27301178667057,186.0624156653879,187.68200365243928,82400
2021-10-22,189.09201049804688,192.6646377382302,188.16788975562153,189.51120108682426,48000
2021-10-25,192.1978302001953,193.24579217025527,189.68270112017026,189.68270112017026,45200
2021-10-26,188.77760314941406,193.18861123051468,187.8153808528332,193.18861123051468,54500
2021-10-27,184.8334503173828,191.17844021918248,183.96650376258265,191.17844021918248,67300
2021-10-28,187.70111083984375,188.19650477636884,184.34760004005608,186.71983020414575,114000
2021-10-29,187.72964477539062,188.72998325225834,184.15701774161786,186.67214659191163,124800
2021-11-01,177.39285278320312,188.99675391020514,176.49731187322888,188.68236096072113,275800
2021-11-02,170.81919860839844,178.62181784894577,169.39966966287508,178.62181784894577,211400
2021-11-03,171.48609924316406,172.2387262824263,166.52252297432085,170.14278797686566,141500
2021-11-04,178.12643432617188,178.7171040528832,171.2765146100546,171.67664712205817,92500
2021-11-05,175.64939880371094,181.34655865838516,174.99203308685952,179.57453502311236,59100
2021-11-08,180.48912048339844,180.48912048339844,175.29690527267886,176.66879642248114,55400
2021-11-09,179.83177185058594,181.9372467113729,177.93590683560757,179.29826180542503,67900
2021-11-10,173.2962188720703,178.9552622900287,173.27717532833998,178.9552622900287,52500
2021-11-11,177.1165771484375,177.1165771484375,172.74368475708124,174.8872611689686,36600
2021-11-12,176.95462036132812,179.5173728465184,176.73548874960798,177.43097067662904,27500
2021-11-15,173.7916259765625,176.84980102205284,171.99102258702894,176.32581283207085,77100
2021-11-16,173.80120849609375,175.29695580329167,173.3820323346521,173.3820323346521,19300
2021-11-17,174.86819458007812,175.2969069341905,172.91515548128032,173.39150577186234,50100
2021-11-18,170.38095092773438,175.63033989391715,169.52352630767092,173.5534452812583,74000
2021-11-19,171.54324340820312,173.24858538136613,168.50412659881385,168.51366290717968,51300
2021-11-22,169.79981994628906,172.2673254914685,169.10435259472618,170.53340346172388,84900
2021-11-23,169.0281219482422,171.6766281906755,166.45583349069872,171.6766281906755,64400
2021-11-24,165.4554901123047,167.96109701891723,164.92198017106148,166.73210526271603,164000
2021-11-25,165.7794189453125,166.58922023483126,162.9117954976706,165.68415761170002,69300
2021-11-26,167.46571350097656,168.45653028463767,161.9591050908522,161.9591050908522,79100
2021-11-29,164.1884002685547,168.93285921331372,162.6545518859265,168.1516378274898,112500
2021-11-30,159.4630126953125,163.50245346988717,158.71990747594995,163.50245346988717,80600
2021-12-01,153.2418670654297,160.05366919553694,153.2418670654297,159.54873914020587,145900
2021-12-02,160.95877075195312,161.38748313395678,153.3848035463612,153.4896011985895,108400
2021-12-03,158.93902587890625,161.00638421581047,155.5092982701376,160.99686244416745,114400
2021-12-06,161.9209747314453,165.188730294195,158.6436828604889,159.31057026747303,103500
2021-12-07,163.3690948486328,166.37011046143692,163.14045600830622,164.1788961736095,85500
2021-12-08,160.71107482910156,165.53173778781303,160.58721909285492,165.37930219505688,103500
2021-12-09,159.66311645507812,161.17790717055703,158.9962288322629,160.48243968798255,57700
2021-12-10,160.24423217773438,160.5205234824262,158.39599075510384,159.20579205044012,113700
2021-12-13,158.11019897460938,160.7777490418737,155.9570863012434,159.51065549139435,69000
2021-12-14,155.03294372558594,158.9199633954767,153.775386661917,157.3956513626339,132300
2021-12-15,157.99588012695312,158.73898550776772,153.16569515165827,154.39467265467965,160200
2021-12-16,155.013916015625,160.59674193279173,154.50897133984094,158.60558669493886,78500
2021-12-17,156.6742706298828,157.53306766506378,152.84781746034704,152.84781746034704,95100
2021-12-20,154.5272674560547,155.74867483366293,152.4279744358108,155.74867483366293,91400
2021-12-21,156.68377685546875,157.73343041251007,154.5749472913056,154.58448430170733,100800
2021-12-22,158.31553649902344,158.93577717271174,155.3192693842857,156.62655349730576,56700
2021-12-23,158.92625427246094,159.6323717986844,156.65519300410412,158.94534285867175,111300
2021-12-24,158.88807678222656,160.14766138376805,158.8308255840338,159.35565250134275,8800
2021-12-29,157.6666717529297,159.4797088984734,157.38995277067752,158.87854218764846,63400
2021-12-30,159.99496459960938,160.9873671292522,157.4471846318957,157.66665238812837,35700
2021-12-31,158.94532775878906,159.6609967902916,158.2678213357576,159.64190820589423,27900
2022-01-04,154.40321350097656,160.30987120416282,152.1417039057931,159.3556457803285,93300
2022-01-05,151.8553924560547,156.25437105723924,151.72180151512086,154.59401402535838,153500
2022-01-06,151.54054260253906,153.2390627523614,149.81339685381272,151.53100558967938,98700
2022-01-07,151.03477478027344,154.33640062559482,150.7007901111813,152.5233638738867,44200
2022-01-10,149.69888305664062,151.85542718500295,148.30570758801173,150.80577343738366,91600
2022-01-11,155.40516662597656,155.5387576145208,149.6989021719792,149.6989021719792,93000
2022-01-12,162.15150451660156,162.15150451660156,155.23337082381462,155.23337082381462,92700
2022-01-13,161.4930877685547,163.66872019012217,159.64188843995456,162.21829372230323,108800
2022-01-14,165.0428466796875,167.83872036834643,160.6247780144591,161.74122008729162,197100
2022-01-17,166.75088500976562,167.70511038893454,162.68589013622267,166.79859919078882,49800
2022-01-18,170.60597229003906,172.81024544575945,163.45883254864754,166.8081588423909,120800
2022-01-19,177.04696655273438,178.73594951362796,168.773834444433,171.43613134757481,173500
2022-01-20,172.89610290527344,179.089016445189,172.69570916432562,177.4954617712055,101500
2022-01-21,165.3099822998047,172.95332106775936,164.80424409819778,172.89606988422972,82600
2022-01-24,165.443603515625,165.86346501875005,159.20296128340118,161.9415980659398,112300
2022-01-25,165.6439666748047,167.69555981023757,160.87284016494576,164.61340160143644,49000
2022-01-26,170.42465209960938,172.63844732420498,165.82527895697106,166.8749326584969,118000
2022-01-27,165.2527618408203,171.92280319594624,164.69932387482547,171.50294165457746,61800
2022-01-28,170.73953247070312,170.9780888048277,163.33474910119187,165.16686000003003,68000
2022-01-31,171.89418029785156,172.23770205888619,169.6135819444156,171.21667378902683,69000
2022-02-01,173.30642700195312,173.93621931317182,171.1307940725843,171.67470958508918,55900
2022-02-02,174.3846893310547,174.69958545574497,170.0906750930807,173.5068037229744,45600
2022-02-03,171.74148559570312,173.99345815070927,170.75863458604982,170.75863458604982,26000
2022-02-04,169.37498474121094,174.6232237050231,168.97421187666757,172.13269517796482,73300
2022-02-07,170.58685302734375,175.20529977015573,168.51618596984733,168.51618596984733,40800
2022-02-08,174.85231018066406,175.0431523951418,170.6250830563602,170.6250830563602,86600
2022-02-09,175.5297393798828,177.73399747259816,174.33695776604787,175.9018866609864,57200
2022-02-10,175.91148376464844,177.48595007830943,174.1461606951154,174.1461606951154,70100
2022-02-11,175.54884338378906,178.22067734555264,173.64039263400417,176.82750189166725,54700
2022-02-14,173.8217010498047,175.54884668114946,173.26824857473264,173.2968741716912,29300
2022-02-15,176.23587036132812,177.48590315605523,174.75681825629653,175.56791557334293,64800
2022-02-16,176.47442626953125,177.46681415788223,175.26255608253152,175.9782250451946,32000
2022-02-17,172.96287536621094,176.62711164188988,172.96287536621094,176.29312695748948,23400
2022-02-18,171.73196411132812,174.03165105694296,171.33119114924048,172.73390379671005,27800
2022-02-22,169.90936279296875,173.85985514331807,167.6573903938121,170.58686919522626,25900
2022-02-23,168.55433654785156,171.3883865197248,168.2108148979178,170.38644716072463,41300
2022-02-24,170.949462890625,171.340698772337,160.32894481623185,164.62295882246346,86000
2022-02-25,172.9342803955078,174.01255985177607,169.94756453148682,170.31016031440038,34000
2022-02-28,174.82363891601562,177.03743423434744,170.7968066328557,170.7968066328557,44100
2022-03-01,176.55076599121094,177.26643495367847,173.71671573501376,175.33889580454235,37500
2022-03-02,177.00880432128906,178.32563997769975,174.33697040060113,177.48591700140034,78600
2022-03-03,175.94960021972656,178.32562642785797,173.69762795830152,177.48590351536384,45500
2022-03-04,175.51068115234375,177.23784145856584,172.85793554919925,177.23784145856584,57400
2022-03-07,146.48312377929688,176.3980934156126,146.4640497563101,175.18622318109934,179300
2022-03-08,142.4849395751953,152.6760595620037,137.54204457550713,152.6760595620037,243200
2022-03-09,142.65673828125,148.2198757086211,139.81314984925814,143.63005254574642,132400
2022-03-10,144.7655487060547,146.47360584651676,140.03258409105104,142.65670406550004,67600
2022-03-11,145.38580322265625,146.1873491782817,141.94104845586884,145.39534023629722,68900
2022-03-14,143.7253875732422,144.64145012467253,138.72525710099248,142.79978801201787,66100
2022-03-15,145.27127075195312,147.4278147749053,139.8989774377454,143.83038117243947,62400
2022-03-16,147.00794982910156,149.11679418365634,144.84185428524785,146.59763993224408,53200
2022-03-17,152.1512451171875,152.67607202684476,146.2064246395332,146.9030051412647,48200
2022-03-18,154.13925170898438,155.68761673980325,151.21455572450301,151.21455572450301,51900
2022-03-21,153.3555450439453,155.3340249908968,151.73071510608733,155.3340249908968,28800
2022-03-22,156.86325073242188,157.7043452406188,154.1201555760593,154.64583964368236,44000
2022-03-23,157.20733642578125,160.67683675203878,154.8369963674099,158.36384139590223,39400
2022-03-24,156.59559631347656,157.98147974754616,155.60158769260164,157.0065908840251,23200
2022-03-25,155.71629333496094,158.2778014761949,155.07591994567827,155.39133034650763,37000
2022-03-28,156.2611083984375,157.75212888540486,154.86565754693217,155.7163045982971,33800
2022-03-29,176.8486785888672,178.10075305636087,163.21920660131934,163.21920660131934,187800
2022-03-30,181.962158203125,184.2273615616382,174.75553884964555,176.7626910349323,116400
2022-03-31,181.6754150390625,185.60368765850453,180.10792994379716,181.3217796443343,86900
2022-04-01,173.95265197753906,183.27154404776437,173.1689022594684,181.58936980639066,53500
2022-04-04,174.25852966308594,177.2023312751088,173.2740588173273,174.52614799145167,32300
2022-04-05,171.08531188964844,177.03984128695123,169.79499783784453,175.3194274125808,47300
2022-04-06,163.43905639648438,170.41628218871102,160.70551370029006,170.41628218871102,77800
2022-04-07,160.74371337890625,165.46528771066,160.648143748836,162.95158621985004,51100
2022-04-08,157.81900024414062,160.78193555467254,157.13083481181195,160.78193555467254,40000
2022-04-11,154.15838623046875,158.17269047087865,154.0914889379849,157.5227498038758,60600
2022-04-12,153.3268280029297,158.2969006048457,152.66733487948707,156.1272819847204,34400
2022-04-13,156.32801818847656,157.70434938933124,152.65781137560106,152.65781137560106,42500
2022-04-14,153.50843811035156,157.36979828078782,152.9158568158256,156.74854463872697,38200
2022-04-18,152.37109375,154.77967367510217,152.2946292747785,153.5084791197457,30500
2022-04-19,154.8369903564453,155.3148823019899,152.43797804008923,152.43797804008923,67600
2022-04-20,154.77008056640625,155.79277634400415,152.9254246321513,155.3148843920287,26300
2022-04-21,154.32086181640625,156.0508281951565,153.21214908629875,156.0508281951565,31500
2022-04-22,151.87403869628906,155.07592023273256,151.43438631912153,153.59445243849598,43300
2022-04-25,149.50367736816406,151.8740167458948,146.4738449358954,151.8740167458948,50500
2022-04-26,143.0330352783203,148.74863272073563,142.6793999505027,148.74863272073563,55700
2022-04-27,145.05931091308594,146.08199199185205,142.07725555010165,144.1799915701878,78100
2022-04-28,147.78330993652344,148.08916780142076,142.7176666600865,146.30185647875737,32000
2022-04-29,143.4535675048828,147.86929797669507,141.58023967910913,147.09510095348605,67700
2022-05-02,146.79884338378906,149.10228604661745,141.95302667100844,144.19911005009402,70800
2022-05-03,144.70567321777344,148.6148403606116,143.33890927333832,148.09870889967047,72500
2022-05-04,148.03176879882812,148.82507093779859,144.0270331769376,145.68053472322046,68500
2022-05-05,143.33889770507812,148.02223249314721,142.60294009526038,148.02223249314721,62700
2022-05-06,146.86572265625,146.93261992961033,140.6340090263164,143.00434845120898,37500
2022-05-09,143.4058380126953,146.58860077285829,142.69856712206428,146.58860077285829,38400
2022-05-10,143.70213317871094,145.2791709773886,140.54804299724893,145.2791709773886,80400
2022-05-11,140.40464782714844,144.98286083451387,140.29951101571967,143.69254674735208,65900
2022-05-12,134.47879028320312,141.714081324257,134.31630877214428,139.55400040100525,56400
2022-05-13,140.1561737060547,141.9721575829266,136.05586651353104,136.5719834879333,38200
2022-05-16,140.4141845703125,141.9243245417021,138.37836065570158,140.1561188919854,19500
2022-05-17,146.38787841796875,146.38787841796875,143.0713068283837,143.0713068283837,14800
2022-05-18,140.93988037109375,145.6232149848623,140.24214772225213,145.6232149848623,25100
2022-05-19,142.69854736328125,144.80126914694378,140.08926125032158,140.366432180197,26800
2022-05-20,142.44049072265625,146.82753585544572,140.07015044677732,144.44764298968622,21400
2022-05-24,138.5886688232422,142.9374885893443,137.93874275602786,141.46557318095023,25700
2022-05-25,139.64955139160156,141.18836367027234,137.11673052178696,137.9100181269732,41500
2022-05-26,143.95059204101562,145.63276620090707,137.8144620790163,137.8144620790163,35000
2022-05-27,140.75830078125,143.88370367243385,137.87182928392278,140.43332316730215,112300
2022-05-30,144.80125427246094,144.80125427246094,140.30907306333745,140.97811884612534,48500
2022-05-31,142.2493438720703,144.78216580583472,141.2266479241041,142.58385954371627,61000
2022-06-01,138.3497314453125,143.76902487515014,134.51704292636308,143.6065433482432,136500
2022-06-02,140.63404846191406,145.73793120545434,138.39751754069155,138.39751754069155,135100
2022-06-03,141.9434814453125,143.37715749435557,137.7380375350956,140.88256058565636,175300
2022-06-06,144.08441162109375,147.81196270501286,142.65073588357043,144.1895484252096,78300
2022-06-07,145.96730041503906,146.9804288909278,142.84188336303828,143.730769864405,102500
2022-06-08,140.89207458496094,146.7510185769347,140.50975236571296,146.7510185769347,91900
2022-06-09,143.85501098632812,146.168005975938,139.2099012480248,140.86341768233308,80900
2022-06-10,145.90037536621094,146.712797341482,139.76424578775388,141.36996998082682,292900
2022-06-13,138.94227600097656,141.89565880714636,138.15854092702475,141.61847335867265,54100
2022-06-14,135.58749389648438,140.50022216994694,134.07735370402108,140.49066958198145,51300
2022-06-15,138.30194091796875,139.10479597218006,135.59707046675328,136.1227545799058,26800
2022-06-16,111.65467071533203,133.03555838093396,111.1576663144903,131.91729301000092,240400
2022-06-17,117.09300994873047,119.44043170253768,111.03763156164356,112.10115593350083,550700
2022-06-20,130.14273071289062,133.64948816400621,118.28108291808232,119.03800609430586,522400
2022-06-21,136.303466796875,139.2449307188542,133.06499975567374,133.42907894238246,109500
2022-06-22,135.92982482910156,137.9898119857648,133.9848231517195,134.37765974781428,54800
2022-06-23,133.86985778808594,136.1981055055983,131.97276543086517,136.05439192546652,45300
2022-06-24,139.5323944091797,140.73963223508449,134.8375514019822,136.1885174151891,56200
2022-06-27,142.2822265625,147.07287392150673,139.86773619998985,141.1707928664355,52700
2022-06-28,137.0125274658203,145.6356935301027,136.62928148869986,144.51468369613363,48500
2022-06-29,134.12857055664062,137.35746269261023,132.6338760710703,136.82091244543523,113800
2022-06-30,136.54302978515625,137.0029424714925,132.19312828780474,133.18000050323704,57200
2022-07-04,137.97064208984375,138.928771548801,137.4915773603651,137.73110972510443,8800
2022-07-05,137.625732421875,138.44972444628198,134.7896624295286,135.42203146172636,23800
2022-07-06,136.34182739257812,138.20060091566222,134.46388718639855,137.46283712538855,32000
2022-07-07,138.6126251220703,139.50369336584401,137.19459722713614,137.19459722713614,33000
2022-07-08,138.56471252441406,140.80674713335577,136.91672827095556,137.29039826912935,25500
2022-07-11,128.63844299316406,137.5203062803597,128.04440746656272,137.5203062803597,64300
2022-07-12,129.11752319335938,130.25769961137365,127.3449924309797,128.85883876062172,131700
2022-07-13,127.43124389648438,129.20378960315418,124.5664309697835,128.3893735498414,45800
2022-07-14,129.18460083007812,129.65408954311889,125.15086924632898,126.05151330568695,28200
2022-07-15,131.73326110839844,133.18003172949028,128.9546761349083,129.31877010865168,31500
2022-07-18,134.47352600097656,136.1215104599394,132.28899118233295,132.2985672173627,50800
2022-07-19,133.42913818359375,137.10836738200382,131.16795148265282,136.00650944329877,63900
2022-07-20,133.01715087890625,134.37769332790964,129.69243957849187,133.42913964125478,58600
2022-07-21,130.57391357421875,134.12858117295266,129.11755234525967,132.04944149063618,54100
2022-07-22,131.57989501953125,132.0110502690714,129.2516332801865,131.83859401721233,57000
2022-07-25,130.96673583984375,132.23145929478645,127.30667379286498,132.23145929478645,71400
2022-07-26,127.54622650146484,130.92842331913857,125.07425001417448,130.92842331913857,71000
2022-07-27,132.4326629638672,137.01252088396322,128.13065617085144,128.13065617085144,67700
2022-07-28,136.9071502685547,137.4820339282016,131.66617971574613,133.67825790461148,44400
2022-07-29,142.19601440429688,142.46428951696873,137.97065944986932,138.43055755446434,32900
2022-08-02,144.3422088623047,145.45364263370118,140.56719076825215,142.7517249424334,29800
2022-08-03,143.96853637695312,147.39864181210478,142.47385666530076,146.80460618821633,40200
2022-08-04,143.10621643066406,146.6321258185294,140.17434262838805,144.44759182389646,36000
2022-08-05,142.88589477539062,143.21165538270793,138.44017330526685,140.1839618537711,41600
2022-08-08,143.52780151367188,144.45718829495914,142.51218658646619,143.20204099360512,13800
2022-08-09,140.35638427734375,143.36491007731505,140.13600398398245,143.36491007731505,15400
2022-08-10,148.9125213623047,149.11373503900916,143.0296053859342,143.0296053859342,59800
2022-08-11,146.89083862304688,149.46820944561955,145.69317668838647,149.46820944561955,37100
2022-08-12,146.11474609375,148.03100505891393,145.39614898181352,148.03100505891393,61600
2022-08-15,145.74110412597656,147.6669394920799,144.95543078205773,144.95543078205773,69700
2022-08-16,146.91957092285156,148.04058065982318,144.8212650229192,146.11474566859948,23000
2022-08-17,143.24038696289062,146.91960142025206,142.76132212354986,146.91960142025206,23300
2022-08-18,144.3326416015625,145.46324212597435,142.61759605932014,144.09310920281987,30100
2022-08-19,139.6953125,142.79964335606516,139.43661338869495,142.68467247099574,22800
2022-08-22,139.40785217285156,140.16476809897355,136.34184047859642,137.80777754834804,22800
2022-08-23,140.16477966308594,140.7300872660846,137.9706692036443,138.93837488420095,19800
2022-08-24,140.08815002441406,141.17082664507802,139.47494760053303,140.02107392778848,12500
2022-08-25,140.2893524169922,142.75175282493075,139.20666115063327,140.67261307848617,13900
2022-08-26,137.0125274658203,141.66903772532868,135.79569882762266,141.66903772532868,35800
2022-08-29,135.7574005126953,138.2581196325528,133.06505837543364,138.2581196325528,25800
2022-08-30,133.0841827392578,136.77298719096555,132.27935746176027,135.75737225223352,19300
2022-08-31,132.39434814453125,134.9046577714337,132.00152609878276,133.94652812052848,25400
2022-09-01,129.3091583251953,132.3560029897585,127.43121815126484,132.3560029897585,44000
2022-09-02,129.68283081054688,133.41952993011057,128.66720128225168,129.43370778931222,35100
2022-09-06,126.79884338378906,130.0277494567058,125.76406186029206,130.0277494567058,28200
2022-09-07,127.9103012084961,128.16900029327556,125.75450961509446,125.76408564790208,23600
2022-09-08,129.39540100097656,129.70199486019726,126.02278083016714,127.25877615925187,40900
2022-09-09,131.3979034423828,133.82197035787743,128.5522571294285,130.0469370877684,43500
2022-09-12,135.64239501953125,136.23643060789658,132.13563767811348,132.26018456670585,46800
2022-09-13,132.4518280029297,134.12855463628176,130.24812721797346,134.12855463628176,29500
2022-09-14,132.10691833496094,133.02671459451327,130.30562994848222,133.02671459451327,24200
2022-09-15,131.85781860351562,134.23399103755418,131.1488119071449,131.1488119071449,27000
2022-09-16,121.68244934082031,127.82406308797856,117.69662701899156,127.44080250709332,148300
2022-09-19,119.55638122558594,121.84187406852158,117.83745727497602,120.04613230851794,77500
2022-09-20,118.50965881347656,119.24908055198624,115.1198213392893,119.11464023589356,60600
2022-09-21,117.2708740234375,119.03780797276053,116.80993059127432,119.03780797276053,55500
2022-09-22,110.81771850585938,117.24206817726662,110.43360017041185,117.24206817726662,105400
2022-09-23,107.37985229492188,109.33884887503875,105.33443295057539,109.33884887503875,116100
2022-09-26,111.28825378417969,112.97836997564643,105.62252878118424,107.27423240847588,95000
2022-09-27,116.26256561279297,119.71001810183861,112.64226757711654,113.46811937888471,109800
2022-09-28,114.55325317382812,117.8086430251243,111.19223059832899,117.15564406025513,101800
2022-09-29,110.92334747314453,112.997574691969,106.89011607726466,112.997574691969,82900
2022-09-30,107.16859436035156,111.66276157512988,107.16859436035156,111.249835688837,49200
2022-10-03,115.1294174194336,115.7440037673703,107.76397888999576,108.22491498772469,47000
2022-10-04,119.15304565429688,121.88987667694629,116.35859212360141,117.87585540157804,85100
2022-10-05,118.77853393554688,120.228569752772,117.13643529963646,118.11593003236555,45200
2022-10-06,118.13514709472656,120.54548264718146,117.28048759481297,118.73053091577408,30100
2022-10-07,111.87403106689453,117.17484030239294,109.84781412411652,116.84834450095254,69200
2022-10-11,107.5719223022461,110.68327411097754,106.49639979434173,110.68327411097754,61600
2022-10-12,112.88233184814453,113.22803756748294,107.20700239437805,107.71595600161326,93800
2022-10-13,113.31446075439453,115.85923612645632,109.28123711574905,110.30874930580306,41700
2022-10-14,111.2978515625,115.22544258331702,111.2978515625,115.22544258331702,24600
2022-10-17,115.23505401611328,115.80162284833108,113.78501086833859,114.37078964570296,29500
2022-10-18,118.15435028076172,119.43154063390855,115.69600465328043,117.60698403319134,41100
2022-10-19,115.48473358154297,119.07622409560179,114.39000113968308,118.11593196579854,34500
2022-10-20,113.9770736694336,116.73310735528747,113.81381844150337,115.92646549399778,17800
2022-10-21,115.07182312011719,115.58077684500417,112.35419426960725,113.97709053129843,24200
2022-10-24,116.80033111572266,117.73181566985551,115.19664498976591,116.0321017945593,25600
2022-10-25,120.39183044433594,121.4193427599826,116.47383668270378,117.50134899835044,27200
2022-10-26,125.06846618652344,126.2016039924723,120.04613456479768,120.3918403561357,58500
2022-10-27,122.01471710205078,126.48008434984246,121.93789929886401,125.27971917348371,57800
2022-10-28,124.84757995605469,126.16319019513031,121.28490420500086,121.28490420500086,83100
2022-10-31,127.52681732177734,134.37369129311773,126.35525957155413,131.46400686591178,112700
2022-11-01,127.58441925048828,131.97294688084085,127.30594096637097,129.42817847238763,57700
2022-11-02,125.33734130859375,128.59273126130415,124.91481039861901,128.59273126130415,43500
2022-11-03,123.32071685791016,126.45126400997417,123.30150691198834,124.47306451399598,27200
2022-11-04,122.235595703125,124.83798670055512,120.747139854193,124.83798670055512,24400
2022-11-07,125.17408752441406,126.00953700539192,122.61970689054036,123.10945061164885,24900
2022-11-08,127.23870849609375,129.63943884507665,125.92311295377759,126.37445143161798,31900
2022-11-09,125.44297790527344,127.90132365415646,125.44297790527344,127.19070213338077,21600
2022-11-10,132.1361846923828,132.8755989802362,128.72714517131837,132.8755989802362,56100
2022-11-11,134.55613708496094,137.90756210587037,132.11700136762144,132.12659901448683,55100
2022-11-14,129.20730590820312,135.1515163941118,128.8423902186711,133.4037777262424,29500
2022-11-15,126.08637237548828,132.85643550855508,125.91351215506751,131.5120175985927,62700
2022-11-16,126.9986343383789,127.76687097384037,124.83797704339703,126.08635974441002,60600
2022-11-17,129.6586456298828,130.11958174284024,125.30852351580394,125.42375388081959,26900
2022-11-18,130.11001586914062,130.34047665544966,128.2086264647006,128.93845802907498,29500
2022-11-21,129.49539184570312,131.86731443715473,128.55429506451176,128.98643821947852,33500
2022-11-22,129.84112548828125,130.2060265903238,127.73808305284953,128.76558817185247,51400
2022-11-23,133.08688354492188,135.20913561169334,129.89872127450334,129.89872127450334,31800
2022-11-24,130.81100463867188,133.81672391319515,130.19641821687023,133.81672391319515,25800
2022-11-25,132.16500854492188,132.7027697851376,130.3404447337387,132.7027697851376,13400
2022-11-28,127.277099609375,131.857696709697,125.7310288500949,131.18549521716076,43800
2022-11-29,126.08637237548828,127.65163874202284,124.00254000058794,127.28673765961727,40300
2022-11-30,126.14397430419922,127.22910909590755,124.39623560084226,127.22910909590755,33300
2022-12-01,131.76170349121094,132.60675069070356,126.50890381427597,126.99864757714884,84000
2022-12-02,132.16500854492188,133.94154016685636,128.3622453202759,130.1003717048642,42700
2022-12-05,125.41417694091797,132.34748833670153,120.98722164184741,132.34748833670153,153000
2022-12-06,121.75544738769531,127.96853168943088,121.75544738769531,125.00123234540082,76800
2022-12-07,124.88600158691406,125.49097569948073,122.62930909105837,122.80216197741225,61700
2022-12-08,122.46604919433594,126.11516207075469,122.38922406870778,125.4909634198612,38900
2022-12-09,122.01471710205078,123.42634772168029,120.94879223932841,123.3783301840469,41800
2022-12-12,121.78424072265625,123.57998954137408,120.71831593272844,121.05441669386624,38800
2022-12-13,122.1395492553711,126.36482845127772,120.90077162083091,124.83796759507861,53400
2022-12-14,122.52367401123047,123.78165440492519,120.90078523177446,122.59090149627765,58200
2022-12-15,119.6332015991211,122.23559252897364,119.24908326165051,122.23559252897364,44300
2022-12-16,117.24207305908203,119.25869257253915,115.9648899807269,118.8745742210974,362600
2022-12-19,114.11957550048828,117.19010292926028,113.42654045191833,117.19010292926028,35300
2022-12-20,113.2436294555664,115.3804844693159,111.94419277910092,113.58051935781316,36500
2022-12-21,114.02330017089844,116.83393524003012,112.6372303423295,112.6372303423295,45200
2022-12-22,113.26288604736328,113.89817049314875,111.11641068486921,112.75273739198083,36800
2022-12-23,111.96346282958984,113.75380077445297,111.34743335863162,113.20514929739173,69600
2022-12-28,109.34532165527344,111.59768512282842,107.20846645445069,110.9335254405052,86000
2022-12-29,113.66716766357422,114.06181544449478,108.97956864017986,108.97956864017986,50900
2022-12-30,111.99234008789062,113.93668910746328,111.19342432892117,113.35915504230661,29700
2023-01-03,112.5121078491211,114.5527099443333,111.89607841351932,112.62761612216522,38900
2023-01-04,117.62322998046875,117.72911072852519,112.64686419641704,112.64686419641704,53400
2023-01-05,117.8061294555664,119.35583074874788,116.32380616019061,117.58474775291248,52400
2023-01-06,118.59540557861328,118.8552973604362,116.66068420590472,118.43177436407306,32600
2023-01-09,120.15472412109375,124.28404361332818,119.64457546951303,119.64457546951303,49800
2023-01-10,122.58033752441406,122.58033752441406,120.29910623366463,120.85737781476836,29900
2023-01-11,121.7429428100586,122.81136318018511,120.6263848107905,122.6188567255219,43300
2023-01-12,117.62322998046875,122.33971132888661,116.72806105649629,122.33971132888661,67500
2023-01-13,113.21477508544922,116.83394633586246,110.45226269077622,116.09278841437238,181600
2023-01-16,114.0329360961914,117.43072558780534,113.15701486398596,113.21477267353102,73800
2023-01-17,115.96766662597656,117.19009809356963,112.96451732064469,114.55272135080723,83600
2023-01-18,113.27252197265625,118.87454475990324,113.09926323310633,116.57405820588782,127900
2023-01-19,108.39241027832031,112.94525314072402,108.34427999440304,112.79124945075922,118100
2023-01-20,110.75064849853516,111.14529626864538,108.04589394876145,108.45016190083753,94900
2023-01-23,114.46607971191406,115.2649954301902,111.05866268184201,111.75169764980924,65700
2023-01-24,115.60187530517578,116.95906988967141,112.49285308972856,113.9655485963772,121900
2023-01-25,112.62761688232422,115.26499338027293,110.93353225116037,115.26499338027293,62700
2023-01-26,115.1783676147461,115.1783676147461,111.17416891501928,113.37840223621743,66300
2023-01-27,118.52803802490234,119.74084931168831,114.62009952083196,114.76448304081971,125600
2023-01-30,116.81470489501953,118.58578785594263,115.38051191648388,117.08421688092949,64500
2023-01-31,118.75904083251953,119.26919688805904,115.74627150281329,115.74627150281329,66700
2023-02-01,122.14720916748047,122.31084038616109,118.19114062378777,120.0392290014346,76000
2023-02-02,126.12254333496094,127.64336949128383,122.62850006116726,123.20602684326477,115600
2023-02-03,125.97814178466797,126.58453633858899,123.21562222033897,123.62952502083425,51900
2023-02-06,123.61028289794922,125.766393446547,123.40815625460345,125.67976774225596,91600
2023-02-07,123.62952423095703,123.62952423095703,120.31836059734998,123.61026918081748,79700
2023-02-08,125.42948150634766,127.49896610946561,122.49371793032776,122.49371793032776,97800
2023-02-09,128.54812622070312,130.2037078677737,126.85403447730158,127.99946750272466,69300
2023-02-10,125.72787475585938,127.82623469162981,125.42948755881095,127.64334842574839,56800
2023-02-13,125.13111877441406,127.48935615231748,124.4765938184224,126.33430260878343,40300
2023-02-14,126.16104888916016,126.71931325331526,122.72474887087063,125.14073667886048,31300
2023-02-15,127.17169952392578,129.30855494790302,125.68938366946911,125.68938366946911,33500
2023-02-16,127.56634521484375,128.91390506048302,126.09364956664486,127.15245707914768,22500
2023-02-17,125.063720703125,127.53747346476116,124.81346377847163,126.83481828943737,29100
2023-02-21,120.98252868652344,125.00596789397282,120.48200015928876,124.73645592253128,35700
2023-02-22,120.1258544921875,121.87768953361461,119.4520672647771,120.9825206345329,32700
2023-02-23,122.3301010131836,123.30228293318866,120.03924167876627,120.43388949406928,27100
2023-02-24,119.01893615722656,120.00073085066454,118.16226992811723,119.7985968650641,26200
2023-02-27,115.18798828125,121.04027532379503,114.36019734164296,120.29911742578186,116300
2023-02-28,116.54517364501953,118.13337740649968,114.30243773581148,115.53449652126407,82100
2023-03-01,115.9580307006836,118.99005502162545,112.26184664309868,115.80401966577782,83300
2023-03-02,117.43073272705078,119.43283222782422,115.16874877030085,115.29387723523017,58900
2023-03-03,120.3087387084961,120.66488371626289,116.96869968685574,117.44035296992129,41100
2023-03-06,107.32398223876953,116.79544046475455,107.32398223876953,113.57090973169198,350000
2023-03-07,103.94544219970703,106.18817833681332,102.1839868772018,105.92829389370611,200900
2023-03-08,108.84481048583984,109.17207292273717,102.2224827931839,104.22458220462175,186700
2023-03-09,107.5838851928711,111.22231936764926,107.16036946626609,109.18171688981961,117400
2023-03-10,104.13796997070312,107.20849013378279,104.08021215275508,107.20849013378279,74300
2023-03-13,103.66629791259766,104.58072187131836,101.08667193381773,103.66629791259766,60300
2023-03-14,104.84060668945312,107.33360698162248,104.34971305739454,105.88015910495965,87600
2023-03-15,102.91551971435547,104.61923195450265,100.81716703733697,103.75293821744904,86100
2023-03-16,104.85022735595703,105.53363472969173,101.55831893250839,101.55831893250839,35600
2023-03-17,102.5301742553711,104.90427195746686,102.15379336131821,104.90427195746686,83000
2023-03-20,102.0476303100586,102.97410689081732,99.67353269130535,102.97410689081732,82200
2023-03-21,104.40242767333984,105.43506370064846,102.56877291899319,103.3022362933281,45300
2023-03-22,104.22871398925781,105.6763350168864,103.29258454664766,104.42172718108245,49100
2023-03-23,102.89691162109375,105.65704313918314,102.53982909498367,104.40243522624006,36200
2023-03-24,103.3118896484375,103.71722176656594,100.76407724451416,102.06693468877339,52500
2023-03-27,103.57246398925781,104.49894060954297,102.29855771599301,102.62668163103953,38300
2023-03-28,102.29856872558594,104.20943202262521,101.67126470891746,103.06098347040056,49900
2023-03-29,102.6556396484375,104.16116322738267,102.07658532147555,102.97411069268861,27700
2023-03-30,104.22871398925781,104.60509486740274,102.58807976980461,103.05131437537624,53900
2023-03-31,106.24573516845703,107.29767700416484,104.3638306700105,104.3638306700105,40200
2023-04-03,104.37348937988281,107.0178086947246,103.87164324355882,107.0178086947246,49100
2023-04-04,103.03202056884766,104.95252915567059,102.29855715403293,104.48928716658192,48400
2023-04-05,103.98745727539062,104.61476127447435,102.04764278569495,103.08993182758954,51200
2023-04-06,101.76775360107422,103.13817374692283,101.43962970784449,102.84864660102974,76600
2023-04-10,105.64739990234375,106.02378083794628,101.236980792735,101.42999401402464,71300
2023-04-11,106.90198516845703,106.93094377416344,104.7112552341457,106.14922340568029,60700
2023-04-12,105.41576385498047,107.97322171659103,104.97182027143712,107.97322171659103,66900
2023-04-13,106.06238555908203,107.49070107592102,104.7209237834235,105.41578316479705,81700
2023-04-14,105.2227554321289,106.89234840802052,103.64967642385868,106.89234840802052,47700
2023-04-17,106.0334243774414,106.24573595698459,104.58580325620584,106.24573595698459,17500
2023-04-18,106.4098129272461,106.9599086983299,104.71126862795936,106.17818822985542,25900
2023-04-19,106.75723266601562,106.87303764094153,104.94287618703912,105.68599247006127,29900
2023-04-20,104.04534912109375,106.73792518897137,103.97779376582722,106.73792518897137,37400
2023-04-21,104.0936050415039,105.00078325696927,103.52420359893051,104.06465379853908,16700
2023-04-24,103.2636489868164,104.63406200064716,102.80040694791094,104.63406200064716,48900
2023-04-25,99.21031188964844,103.02237820837182,97.95570387025518,102.8486633651171,83600
2023-04-26,97.84953308105469,98.73740557152355,96.884452366289,98.47683701824869,99100
2023-04-27,98.12940979003906,99.28750373110348,97.47315459330743,97.50210583738678,56100
2023-04-28,98.34172821044922,99.26820483099681,97.48280694672339,97.48280694672339,44300
2023-05-01,102.1344985961914,104.62440872406502,96.50807599837074,96.50807599837074,126700
2023-05-02,102.8679428100586,104.0356968744016,101.27556563009837,101.64229362592891,51800
2023-05-03,102.4915771484375,104.37348911031884,102.43367465708124,103.26364472710402,37600
2023-05-04,101.04395294189453,102.53017820048687,99.29715911700167,102.5012269556737,79500
2023-05-05,102.77145385742188,103.06098104691677,101.3624367520435,101.3624367520435,24200
2023-05-08,102.47227478027344,102.80039870248552,101.36243044029511,102.26960870543978,25400
2023-05-09,104.54720306396484,104.6823137846425,101.65196071290283,102.73284647832413,33200
2023-05-10,105.2131118774414,105.79216628250639,104.67266895322888,104.9042862974653,28400
2023-05-11,105.99481201171875,106.30363753235268,104.90426613965113,105.21309166028506,26000
2023-05-12,105.28065490722656,107.12396266387218,104.51824759832205,106.56421406481921,63100
2023-05-15,106.45805358886719,106.61247004079583,103.87163692291598,104.58580196861341,66300
2023-05-16,106.06238555908203,106.74759207044137,105.34822780066254,105.34822780066254,21600
2023-05-17,107.74161529541016,108.06974658206751,105.67634306115312,106.05272396794881,37500
2023-05-18,109.16993713378906,109.17958263994598,106.97919970715405,106.97919970715405,20900
2023-05-19,107.03711700439453,108.89007040690021,105.38682232702601,108.85146629064188,33200
2023-05-23,103.73652648925781,108.03114019211031,102.90655646535308,104.8367179417861,44500
2023-05-24,100.696533203125,102.57844529426943,100.33945799792552,102.31786933930387,41900
2023-05-25,100.45525360107422,101.85462513238238,99.49017283313007,101.85462513238238,44900
2023-05-26,99.78934478759766,100.89918905334916,99.07518713885428,100.77372385138008,58300
2023-05-29,100.85094451904297,101.95113605203031,99.62529513158591,99.62529513158591,24400
2023-05-30,100.94744110107422,102.02833415024193,100.36839414590568,100.52281059420743,17900
2023-05-31,98.90148162841797,100.9474481708329,98.8435717747584,100.9474481708329,39900
2023-06-01,98.42858123779297,100.19468073446981,97.2029319548039,98.47683821931243,27400
2023-06-02,100.12712860107422,101.62300672054806,99.04623550188795,100.33944754582348,33400
2023-06-05,99.19100189208984,100.60001895445964,99.18134902260604,100.10783305551693,44500
2023-06-06,98.29346466064453,99.94375172100276,98.29346466064453,99.35505192390067,27600
2023-06-07,97.52140045166016,98.86286193618913,97.01955440158866,98.29346053664426,36100
2023-06-08,96.50808715820312,97.94605559522519,95.97728973363992,97.52142501855735,38900
2023-06-09,93.5163345336914,97.463511620924,93.13030072647739,97.463511620924,75800
2023-06-12,95.90972137451172,97.07746818737647,92.40648093591746,93.51632526048566,63400
2023-06-13,95.84217834472656,97.05818229623291,95.07976357783669,96.99062693020383,27400
2023-06-14,97.36699676513672,97.53105872634113,96.35365902737897,96.40191601031289,66600
2023-06-15,96.05448913574219,97.15468063911551,94.94464476290574,97.15468063911551,32700
2023-06-16,95.77462005615234,96.9809711005622,94.80953922062446,96.50808355278862,51800
2023-06-19,96.09981536865234,96.20628166181129,95.10291042749338,95.10291042749338,18900
2023-06-20,94.30926513671875,96.03207273743377,94.30926513671875,94.87062418404656,40400
2023-06-21,91.51212310791016,94.38669117121054,91.46372664804197,93.48657166120849,45900
2023-06-22,91.9379653930664,92.3735113054352,90.37969416739902,92.3735113054352,41600
2023-06-23,91.90892791748047,93.060695500287,90.67973635210146,91.91860868440011,48000
2023-06-26,93.78660583496094,94.0769624086083,91.23142958870082,91.23142958870082,35300
2023-06-27,92.78002166748047,94.17375687365852,92.72195182864382,93.56399402882447,51200
2023-06-28,92.4509506225586,92.94456645140154,91.43469142701488,92.44127723802698,59800
2023-06-29,91.9476547241211,93.25427781440085,90.98946544248427,92.43158974898489,42700
2023-06-30,93.12844848632812,93.8833858716492,91.79278321913384,93.14780263640174,42200
2023-07-04,93.88339233398438,94.0769633850918,92.64451988466736,93.7769260405966,11400
2023-07-05,93.68982696533203,94.01889924902594,92.43159290403278,93.86404387560019,33800
2023-07-06,90.73780059814453,94.21244989793747,88.86013068147004,94.21244989793747,97700
2023-07-07,93.64144134521484,94.21248121569006,90.7378307608671,90.7378307608671,69400
2023-07-10,92.8090591430664,94.0092159457401,92.63484223749583,93.26395925118194,34500
2023-07-11,92.58647155761719,93.76726705853676,92.54775586154808,93.11879576397332,17300
2023-07-12,91.19271850585938,93.52528151757913,90.68942193797571,93.52528151757913,29800
2023-07-13,91.45403289794922,91.94764865833997,90.7378111759934,91.07656419419804,44100
2023-07-14,91.14432525634766,92.29609303466697,90.63135528645303,92.1121953532848,54700
2023-07-17,91.2991943359375,91.54116187692053,90.26357355590069,91.19272802716391,24900
2023-07-18,90.86363983154297,91.78312083182131,90.3603506424556,90.56360247175604,42400
2023-07-19,92.4122314453125,93.06070257727349,91.00881550570051,91.22174808855627,43000
2023-07-20,90.94107055664062,92.00572615287268,90.38938491414002,91.79279355677376,104800
2023-07-21,92.3154525756836,92.3154525756836,90.97979442228693,91.7347319604791,37800
2023-07-24,90.97979736328125,92.4316026403549,90.71847566248394,91.89927108505583,81000
2023-07-25,92.06380462646484,92.59612873966745,90.26356568773474,90.26356568773474,46000
2023-07-26,94.39636993408203,94.44476639292179,91.94765975575298,92.06380682641067,98600
2023-07-27,92.59612274169922,95.17066053101843,91.99604805716783,94.86094242099061,57200
2023-07-28,93.08975219726562,93.49625589186293,92.43160019370951,93.11878712055639,61800
2023-07-31,93.81563568115234,95.1609743371486,92.47029702515609,92.47029702515609,46900
2023-08-01,92.49934387207031,94.24151298148739,91.84119191787528,94.24151298148739,30900
2023-08-02,90.59263610839844,92.54773776412186,88.9859756491603,92.53805699593163,58200
2023-08-03,93.10910034179688,93.63175108008691,90.59263956741965,90.59263956741965,51900
2023-08-04,92.09284210205078,93.70918340753742,91.56051058981846,92.45094931549535,34600
2023-08-08,91.70568084716797,91.87021697197959,90.43777353298361,90.8442771534342,21900
2023-08-09,90.97010803222656,91.93797812585163,90.5926392864538,91.2604720140192,49300
2023-08-10,89.1795425415039,92.7219503388694,88.94725580562718,92.7219503388694,61100
2023-08-11,90.44744873046875,91.54114655862352,88.56010518033048,89.7892968337581,77100
2023-08-14,96.99993896484375,99.1582850716932,85.98557291408378,87.08895158021592,183700
2023-08-15,100.05840301513672,101.14242012843626,94.51251176911853,95.65459872239865,98400
2023-08-16,99.36154174804688,100.58105268051625,97.7742280905677,100.0584019733455,50900
2023-08-17,97.84198760986328,99.21636880246626,97.27094777928687,98.98407465527917,35900
2023-08-18,95.81912994384766,97.81293977971536,95.09322744427305,97.12575296622953,47700
2023-08-21,94.36731719970703,95.87719191193868,93.98016775485594,95.86751852940696,28900
2023-08-22,94.0285873413086,94.5705922669094,92.61549779651843,94.08665718783345,39200
2023-08-23,94.42540740966797,96.06111029042376,93.46721804967957,94.38669171840158,26400
2023-08-24,94.85127258300781,96.01271378338024,93.88340245460977,94.86095335188544,76200
2023-08-25,96.3514633178711,96.48696452975175,93.04134224178912,94.11567855331589,49200
2023-08-28,94.84158325195312,96.78700410199673,94.84158325195312,96.77732333399307,37200
2023-08-29,95.23841094970703,96.41921354944999,93.68982040261062,94.8028650124141,31600
2023-08-30,94.19312286376953,95.11259655413723,93.98019024892314,95.11259655413723,42900
2023-08-31,93.00263977050781,94.27055469650651,92.05413115256115,93.88340515715014,69700
2023-09-01,95.8675308227539,96.78700441095299,92.66387595545292,93.3510628006592,119600
2023-09-05,94.34797668457031,96.28371680429733,94.34797668457031,95.0641984612758,45000
2023-09-06,92.77033996582031,94.95772827921907,92.52837246075335,94.12535947104774,49800
2023-09-07,93.1574935913086,93.36074541848721,92.10251876677253,92.56709226196294,20200
2023-09-08,94.04793548583984,94.4254042326582,92.91552924538479,92.91552924538479,32600
2023-09-11,95.63524627685547,96.35147549792194,94.23183752599907,94.25119167974482,27600
2023-09-12,96.55472564697266,97.10641132233435,95.80946151623482,96.28372319370908,24600
2023-09-13,96.75796508789062,99.5454280297409,96.40953129712658,96.56438665732055,36600
2023-09-14,97.98716735839844,98.47110241087765,96.69022496220032,96.70957911522382,34700
2023-09-15,96.7773208618164,98.38398863331317,96.31274738918128,97.76455241362488,31700
2023-09-18,96.59343719482422,97.27094329892257,96.16757199552656,96.16757199552656,31300
2023-09-19,93.73583221435547,96.85162321095096,93.73583221435547,96.79338648004709,53700
2023-09-20,93.4349365234375,95.60919429997216,93.16315522705628,93.34757401789501,27300
2023-09-21,89.99883270263672,93.45435061117331,89.99883270263672,93.45435061117331,47500
2023-09-22,90.7850570678711,91.93042643003986,89.65910488779011,90.00854011051855,60800
2023-09-25,90.1832504272461,92.13425495660334,89.29995385082813,91.5421568440667,47200
2023-09-26,87.26158905029297,89.93088121731509,86.41711940784236,89.18347526347743,78200
2023-09-27,87.4363021850586,88.51372610623396,85.873552440128,87.28099436682442,52500
2023-09-28,88.4263687133789,88.4263687133789,86.87332746877705,87.06745484729548,33500
2023-09-29,87.3974838256836,89.40673263741223,87.1645294809066,88.6496254627732,31900
2023-10-02,85.6794204711914,87.24217026726294,85.41734777620039,87.24217026726294,40100
2023-10-03,85.08734130859375,86.1453482279718,84.20404460593299,85.41735936970726,36100
2023-10-04,84.96114349365234,86.2326948715137,83.47604755345108,84.83496143658098,87800
2023-10-05,87.54308319091797,87.87310122935747,84.89320067048241,84.93202762891384,32600
2023-10-06,88.99905395507812,89.27083523768768,84.88348554403917,85.76678211800477,23400
2023-10-10,90.49385833740234,90.96947558156168,88.21282099141627,89.2708351612224,31600
2023-10-11,89.6008529663086,91.726582485733,88.83403726110306,91.0956574214009,28800
2023-10-12,88.45548248291016,89.35818881653174,87.77602928791947,88.95051689953732,11200
2023-10-13,85.76678466796875,88.47490379531783,84.45640635615074,88.22253228018366,45500
2023-10-16,84.64083099365234,86.53360637976347,84.01961445613999,85.81532614679331,31000
2023-10-17,83.912841796875,85.02909280339634,82.49569111412501,84.61171224984437,66200
2023-10-18,81.29208374023438,84.06814832666805,81.26296537272744,84.06814832666805,50800
2023-10-19,81.36002349853516,82.37921072444283,80.46702573050221,81.20472308063077,41000
2023-10-20,82.02006530761719,82.99071696806236,80.58349759174516,81.34061210749935,23600
2023-10-23,81.59297943115234,82.81600264517277,81.29207977428028,81.29207977428028,31100
2023-10-24,79.36048126220703,82.1559553582602,79.28282735261223,82.1559553582602,26100
2023-10-25,78.27335357666016,79.45754985189365,76.53588612100437,78.05980901483315,60100
2023-10-26,76.38058471679688,79.59343947715622,76.09909483486584,78.13746192574483,29700
2023-10-27,77.06974792480469,78.33159071547873,74.25485646024735,75.73024381385459,73600
2023-10-30,79.32166290283203,79.32166290283203,75.30316521440533,75.30316521440533,26600
2023-10-31,76.68147277832031,78.85573018609422,75.39050443397682,78.85573018609422,94000
2023-11-01,77.89479064941406,78.60336957354755,76.34174957550697,76.68147615331728,43100
2023-11-02,81.35030364990234,81.8841649620637,78.32187556777565,78.32187556777565,26600
2023-11-03,84.44669342041016,84.44669342041016,81.64151074865367,81.64151074865367,29800
2023-11-06,83.41780853271484,84.44669695342678,81.04941604150731,84.20403403114682,29700
2023-11-07,81.81622314453125,85.6017658143563,80.87468992040603,83.48574505879652,72900
2023-11-08,84.77671813964844,84.82525368811119,81.71917112910413,81.71917112910413,36900
2023-11-09,85.23291015625,86.88302223300114,84.78641133232448,84.78641133232448,34300
2023-11-10,82.50540161132812,84.58259583592744,82.29185703404467,84.58259583592744,67500
2023-11-13,81.16590881347656,82.31127827083031,79.80699476832173,82.31127827083031,47300
2023-11-14,83.47604370117188,85.09703021433182,81.8453485977668,81.88417555326271,79400
2023-11-15,84.44669342041016,85.9414978477744,83.86430391240076,83.86430391240076,68100
2023-11-16,84.37873840332031,84.59228292632677,83.89341263484509,84.4466837146875,28900
2023-11-17,84.38846588134766,84.95143827062455,83.9225497809102,84.03903065739087,40100
2023-11-20,86.8830337524414,86.90244352758397,83.47604428986584,84.3884592367427,66200
2023-11-21,88.73696899414062,89.61055692999912,86.88302825766485,86.89272944188029,50500
2023-11-22,90.8044662475586,92.5516348017415,88.73697346103806,88.73697346103806,69800
2023-11-23,93.42522430419922,93.94937710064197,90.80446772747007,90.80446772747007,48200
2023-11-24,94.6385269165039,95.08502574458014,92.22160661032555,92.22160661032555,62200
2023-11-27,92.8525619506836,95.25977445448117,92.71666387508728,94.10469635305826,62800
2023-11-28,93.66787719726562,94.68706431549158,91.87217326059098,92.21189983150502,72300
2023-11-29,96.09451293945312,97.15251967880047,93.6872935993244,93.69700218931857,118800
2023-11-30,95.49271392822266,96.89045478034869,94.19204417287145,96.89045478034869,52900
2023-12-01,98.7444076538086,98.7444076538086,94.65795719218046,96.08481647654922,70800
2023-12-04,100.3459701538086,101.81165629542203,98.76381054761977,98.76381054761977,56000
2023-12-05,99.95771026611328,101.86988779774148,99.40443912133063,99.40443912133063,85500
2023-12-06,105.15070343017578,107.12112525236275,100.73423510731982,100.8992441236985,109600
2023-12-07,107.48025512695312,108.1111727437431,105.616598423308,105.65542537603854,123000
2023-12-08,108.83916473388672,110.0039511345467,107.47054978482946,107.48025837467647,69900
2023-12-11,109.5865707397461,111.13961186993214,108.43149292784948,108.54797378967002,98200
2023-12-12,108.9944839477539,109.98454545664192,108.34414906419585,109.03331090571805,73800
2023-12-13,110.02336883544922,110.51840327653184,108.78093584295424,109.52833439436661,65800
2023-12-14,114.05156707763672,115.28429139529682,110.37279649345312,110.37279649345312,141900
2023-12-15,111.15901947021484,114.20687234829595,111.15901947021484,114.14862821578264,60400
2023-12-18,111.60553741455078,111.92584685223308,110.65429547573203,111.10079437583556,53500
2023-12-19,113.32343292236328,113.50836574781505,111.73692700526988,112.04838851739338,53300
2023-12-20,104.94316101074219,111.62985927098535,104.36890687553303,111.62985927098535,132700
2023-12-21,110.93881225585938,110.93881225585938,106.08194906707479,106.08194906707479,67100
2023-12-22,111.0653305053711,112.84650443495116,110.61760506434179,110.61760506434179,50700
2023-12-27,112.57398223876953,113.93662172560235,110.51054506097829,110.51054506097829,55000
2023-12-28,113.31370544433594,113.73223257616904,112.35985774674432,112.66158401882328,39300
2023-12-29,115.9903335571289,116.30179509871776,112.55452133796248,112.55452133796248,70500
2024-01-02,111.96078491210938,115.22139920922498,111.54225781317149,114.85154098781658,62000
2024-01-03,112.75891876220703,113.69330339926877,110.85121586664401,111.30867663627225,46000
2024-01-04,114.69580841064453,114.93913795064589,111.92185313979465,111.92185313979465,51500
2024-01-05,112.90491485595703,114.14102574261878,112.01919170087885,113.12878131657058,54800
2024-01-08,114.11182403564453,115.2992734313867,112.4766491576408,112.4766491576408,50200
2024-01-09,114.20915222167969,115.49393935420451,113.68356693670118,113.68356693670118,38800
2024-01-10,115.09487915039062,116.04873427033353,113.683570706193,114.09236257509909,41500
2024-01-11,114.75421905517578,115.40634047714913,114.05342875211183,115.27007652108988,39600
2024-01-12,119.11467742919922,119.31907335801748,115.30900716740103,115.30900716740103,91500
2024-01-15,116.10713195800781,120.47732870927638,115.72753844430234,118.63775785798718,40200
2024-01-16,117.06098175048828,119.71814381970498,116.75925547159817,118.4528271342058,70300
2024-01-17,116.66191101074219,118.26788740152696,115.82485682950474,116.65217575026418,54300
2024-01-18,118.2581558227539,118.41389029193861,116.5256506951292,117.77149674529402,61700
2024-01-19,116.92471313476562,118.7350855876765,116.8955147767878,118.7350855876765,29800
2024-01-22,117.73255920410156,118.84214126966272,116.39911070300568,116.91497554561565,39300
2024-01-23,120.58438873291016,120.96398222906522,117.86883011945815,119.55267383831728,55000
2024-01-24,116.3115234375,121.6063767551877,115.82486434361924,121.0126520665869,48900
2024-01-25,117.68389892578125,119.12440560293783,115.86379134531428,116.97337342192853,37000
2024-01-26,116.50618743896484,118.92001988105841,116.45752598368122,116.92471456871309,21800
2024-01-29,118.35548400878906,118.35548400878906,115.83459359761629,115.83459359761629,37300
2024-01-30,117.42110443115234,118.34575373016746,116.67165270125706,118.34575373016746,45100
2024-01-31,117.02203369140625,118.06348371919827,116.5937713684844,117.90774926510761,24600
2024-02-01,116.9052505493164,118.92001894271176,116.18499715467541,116.837118571794,56700
2024-02-02,116.73004913330078,117.28484019653341,115.55233503155533,116.79818110858099,21000
2024-02-05,115.435546875,117.41138180129514,114.52063273857266,117.05125878912715,40900
2024-02-06,117.03178405761719,118.09270480934401,115.68860754870624,115.82487150935683,50800
2024-02-07,117.24590301513672,117.44057109989848,116.4088488152315,117.00257347855562,12300
2024-02-08,116.3212661743164,117.61577380360468,116.04873825236098,116.7203227955143,15800
2024-02-09,117.13883972167969,117.75203491841678,116.27258714853288,116.70084951757742,19000
2024-02-12,117.06098175048828,117.77150733483172,116.60352841423932,117.19725313619197,32700
2024-02-13,112.9730453491211,115.82486802698678,112.12625582554143,115.71780242886192,47500
2024-02-14,117.06098175048828,117.75204423734769,113.19691456571113,113.27477438147612,37500
2024-02-15,117.59630584716797,117.771503422019,116.03899819617476,116.03899819617476,28700
2024-02-16,117.12911224365234,117.72283695806857,116.15579401357049,116.39912357109095,17500
2024-02-20,116.02926635742188,117.50871423887699,116.02926635742188,116.65218943619386,42100
2024-02-21,115.435546875,116.14607248893248,115.1824820421958,115.29928290945062,45700
2024-02-22,116.3504638671875,117.53791331390158,115.46474070007723,117.01232057064311,67200
2024-02-23,113.9269027709961,116.38939672592782,113.9269027709961,116.36019836690947,64500
2024-02-26,110.4813461303711,112.64211362802286,105.78995290853813,108.61256962445474,79500
2024-02-27,112.5350570678711,114.20915819532507,109.57616874069222,109.57616874069222,57400
2024-02-28,109.0992431640625,114.10210598819121,108.90458247710369,114.10210598819121,34000
2024-02-29,107.7755355834961,110.2282943628815,107.53220601536611,109.0116465222316,38800
2024-03-01,109.25497436523438,109.29390798661991,107.92152567963865,108.79751359624062,40100
2024-03-04,106.1695556640625,109.2549727102969,106.10142368412708,109.2549727102969,47800
2024-03-05,103.65838623046875,106.13061530021032,102.7921336438297,106.0916816818882,56600
2024-03-06,103.7946548461914,104.72903945042812,103.04520308083852,104.72903945042812,36400
2024-03-07,105.1865005493164,105.28383088690104,103.25932719149397,103.93091914473688,32800
2024-03-08,106.93846893310547,108.54443795675235,105.23516215277724,105.23516215277724,40600
2024-03-11,107.90205383300781,108.78776951376933,106.56860525552999,106.56860525552999,26200
2024-03-12,109.82920837402344,110.23800761047534,107.61977960398761,107.61977960398761,32000
2024-03-13,108.04805755615234,110.93881385433315,108.03832229473159,109.83895951447805,25700
2024-03-14,105.71208190917969,108.26217806416082,105.68288355362877,107.83391571387276,48100
2024-03-15,105.72183227539062,106.72434889696297,104.64144841067137,104.98210831715289,84000
2024-03-18,103.47345733642578,106.23768493583094,102.01348001003093,106.23768493583094,54900
2024-03-19,102.41427612304688,103.8688280944139,101.81878695363476,103.56619768917186,61300
2024-03-20,104.23978424072266,104.41550247624698,101.72115868083968,101.73092287389578,78500
2024-03-21,106.57292175292969,107.63699530302807,104.03477538865627,104.2495429371842,52200
2024-03-22,107.34413146972656,108.36915572008981,106.69007206511988,106.78769164898856,40900
2024-03-25,107.12935638427734,108.76939060081062,106.6803003717368,106.80721252495013,49400
2024-03-26,109.52108764648438,110.76087203572762,106.86579318522652,106.86579318522652,38100
2024-03-27,112.95734405517578,114.58761420670655,109.57965578183953,109.63822604302842,48800
2024-03-28,109.23798370361328,113.35759423346467,109.23798370361328,112.43995375111002,47500
2024-04-01,109.61869812011719,110.78039121231731,109.23797655085598,109.24774074306423,33800
2024-04-02,110.57537841796875,111.41492018319867,108.70105573424921,108.70105573424921,35200
2024-04-03,114.93904113769531,114.93904113769531,110.55585735533197,110.5753782914771,66100
2024-04-04,112.1763687133789,117.3698090432259,111.81516809373925,114.76332096250025,69200
2024-04-05,112.88899993896484,113.13305260355926,111.8542190244113,111.8542190244113,33900
2024-04-08,113.56259155273438,113.57234829716587,112.18613090244975,112.36184912487126,26100
2024-04-09,113.15258026123047,113.50400924392609,112.3520803765187,113.50400924392609,14100
2024-04-10,109.31608581542969,112.02995057712054,107.5784243804296,112.02995057712054,45000
2024-04-11,109.18917083740234,109.97014241612827,108.50582629193987,109.36488907022083,38000
2024-04-12,107.6760482788086,108.92559684220902,107.52961517730766,108.63273063920714,24500
2024-04-15,106.27029418945312,109.04272891876091,106.12386109929473,109.0134437903085,30400
2024-04-16,106.40696716308594,107.38317787100416,105.37218619601956,105.40147132559363,34800
2024-04-17,109.35511016845703,109.79440941536357,107.30506935991431,107.30506935991431,37900
2024-04-18,107.81271362304688,110.17514176311526,107.38317852561747,109.55036750207067,25300
2024-04-19,108.22271728515625,108.73034356498644,107.2367424065266,108.63272398593023,32900
2024-04-22,108.21295928955078,108.66201533724113,107.48080123285843,107.67604785004787,32100
2024-04-23,112.25446319580078,112.85971649426543,108.07628270728692,108.07628270728692,52000
2024-04-24,111.60040283203125,112.51804323969458,110.85848064183757,112.51804323969458,31500
2024-04-25,114.60714721679688,114.98786882568074,109.43322709663074,110.92682840039004,51500
2024-04-26,112.8401870727539,114.62665437530545,111.90302572909482,114.62665437530545,58900
2024-04-29,116.91100311279297,117.09647809327309,109.94085885779386,115.60287681690143,102400
2024-04-30,120.07392120361328,122.45587779618269,116.48146537700393,116.48146537700393,184800
2024-05-01,114.29475402832031,120.06415556832204,114.16784186679698,120.06415556832204,55100
2024-05-02,115.94454956054688,117.86768596388099,114.27523004213377,116.03241240251445,54900
2024-05-03,117.16481018066406,118.44365131946857,116.58884941687715,117.3600567981403,45200
2024-05-06,117.71149444580078,118.160550498668,115.95431211032295,117.14529042126937,64800
2024-05-07,119.6541519165039,119.9177255432221,117.7212513449481,117.7212513449481,29900
2024-05-08,119.2051010131836,120.24964626801986,118.19960508397358,118.86342872382544,27700
2024-05-09,117.45767211914062,119.48819217980302,117.24290457166141,119.08794221442872,36700
2024-05-10,117.23314666748047,117.9360196067881,116.45218252772526,117.6236324613066,27100
2024-05-13,117.67243957519531,118.32649896172178,116.43264780585454,116.43264780585454,28100
2024-05-14,116.91100311279297,118.25817128507197,116.87195378850845,118.25817128507197,19300
2024-05-15,116.91100311279297,118.07268885669478,115.86645789384764,118.07268885669478,33000
2024-05-16,117.24290466308594,118.26792888671002,116.36431353539338,116.36431353539338,46600
2024-05-17,116.48146057128906,117.3502874995404,114.85119048775195,116.58884434425465,55800
2024-05-21,115.39785766601562,116.65717027232634,114.84141790489191,116.42288180656269,41400
2024-05-22,114.82191467285156,116.66695245199122,114.23618224628892,115.33930519480434,53100
2024-05-23,114.93904113769531,115.67119913342599,114.33379529454491,114.96832626586114,32600
2024-05-24,114.12879180908203,115.90549491195351,113.6602074153165,114.99761870044853,36700
2024-05-27,113.93354797363281,115.24167416238413,113.50401288958066,113.50401288958066,9700
2024-05-28,110.428955078125,113.54306209051842,110.01894093110161,113.54306209051842,38000
2024-05-29,107.29531860351562,109.5796480024745,106.86578352423254,109.49179261692825,36900
2024-05-30,107.50032806396484,108.22272191737697,106.32887072145937,107.29532470480316,33200
2024-05-31,108.39842987060547,108.54486295552447,105.4112277090008,107.48078948981613,29900
2024-06-03,106.82673645019531,108.5936754214844,105.8017122432208,108.5936754214844,20400
2024-06-04,108.36915588378906,109.1013139357554,106.67054384074142,106.82674113348473,26900
2024-06-05,108.36915588378906,108.62296531265166,108.0567687461993,108.22272278381642,32100
2024-06-06,109.87252807617188,112.26424154736996,108.3691625564855,108.3691625564855,38500
2024-06-07,109.09156036376953,110.29230296296917,108.80845832903307,109.53085225855857,27000
2024-06-10,113.5528335571289,114.04093892961448,108.30082243042699,108.53511092380893,40500
2024-06-11,115.70048522949219,116.23740407667816,112.605899195811,112.605899195811,46600
2024-06-12,118.63887786865234,119.70295133898895,115.87619997039702,116.41311880147,40600
2024-06-13,119.74200439453125,121.76276018414556,118.63888157043358,118.63888157043358,75700
2024-06-14,124.70116424560547,125.39427301284904,121.96777850198399,122.02634876606457,134600
2024-06-17,128.28384399414062,128.50836827089816,122.85610776200048,123.97875148947654,79300
2024-06-18,130.36318969726562,132.4425235639315,128.81101802858606,128.81101802858606,127900
2024-06-19,129.83602905273438,130.60722898694343,127.20026302104816,130.60722898694343,31600
2024-06-20,129.3516387939453,130.78028153433124,127.31629844617137,127.31629844617137,73000
2024-06-21,129.05810546875,129.74307233805104,128.20679056913,128.60797585111908,58400
2024-06-24,129.81155395507812,131.05427401251552,128.1871935676143,128.1871935676143,578900
2024-06-25,131.122802734375,132.1502605181521,129.11681657198318,130.4671905124421,76600
2024-06-26,129.1657257080078,132.72756784998242,128.87216425425845,132.52207035301112,64500
2024-06-27,136.4068603515625,136.53407382840092,129.43974254540817,129.8409427945453,119200
2024-06-28,136.99395751953125,140.5557998177928,136.7786801060795,136.93524821243648,458300
2024-07-02,136.45578002929688,138.5009007663815,136.17201336792363,136.61234815406195,67100
2024-07-03,136.954833984375,137.64958074913716,136.14265366481263,136.52427912280865,25900
2024-07-04,136.0839385986328,137.45387225372698,136.0154344502996,136.56340791233728,20500
2024-07-05,134.9488525390625,136.5047090805891,134.76292975778105,136.1426583577725,94300
2024-07-08,133.9018096923828,135.61423422638424,133.55933374427673,135.61423422638424,26200
2024-07-09,132.58078002929688,135.07601478426216,132.5220558000712,134.0583521116625,82600
2024-07-10,132.3850860595703,133.79416918908436,132.2774473502003,133.3538344439004,115700
2024-07-11,130.6628875732422,133.07985375879525,130.24212755551923,132.26767344779313,60700
2024-07-12,129.98770141601562,131.25979124731896,129.2440252510365,130.67266826943816,51700
2024-07-15,130.14425659179688,130.9466569196937,129.45928980649234,130.01704314197028,53000
2024-07-16,130.04640197753906,131.43592526962053,129.88005396226882,130.65309966217023,51900
2024-07-17,127.60989379882812,131.16194178137923,127.11083475274145,130.14427880255775,36900
2024-07-18,125.50603485107422,128.15785312367777,124.29266184490882,127.61965957043827,45600
2024-07-19,129.37124633789062,130.0072838254478,125.24184782968527,125.24184782968527,37900
2024-07-22,130.3497772216797,133.24621297951487,130.06599561881444,130.6628985514538,56000
2024-07-23,126.78792572021484,130.7509536004079,126.6607122564998,130.7509536004079,33100
2024-07-24,122.98143768310547,128.05999450996103,122.35518016509022,126.81727431292198,568400
2024-07-25,125.75065612792969,127.22824329549294,123.77403240915501,123.77403240915501,40200
2024-07-26,127.5413818359375,128.06000066808514,125.78002781583342,125.88766653181638,41000
2024-07-29,127.7370834350586,129.00917326828105,125.78982158675946,127.6881689627927,69300
2024-07-30,126.52371215820312,129.50822645900925,126.04422791605495,128.51012341242753,32100
2024-07-31,127.62942504882812,128.7155919403281,127.09124648759058,127.1206011388888,28700
2024-08-01,123.25542449951172,129.70392991666782,122.85423177624492,129.70392991666782,30200
2024-08-02,117.45274353027344,122.31603008077764,116.61120864607145,122.31603008077764,52800
2024-08-06,113.83219909667969,115.23149486634267,112.17848387828384,115.03578472671029,72000
2024-08-07,113.16679382324219,114.84986361097133,112.4720396602755,113.85176061332818,54800
2024-08-08,116.62100982666016,117.91266695862106,114.37039162047151,114.37039162047151,23400
2024-08-09,115.92625427246094,117.02220124132366,115.02600998644404,116.06324764356879,17100
2024-08-12,115.41739654541016,116.80691224328415,114.72264242926195,115.4663259409382,23600
2024-08-13,118.3530044555664,118.53892723656446,115.46634872370541,115.46634872370541,40400
2024-08-14,121.33750915527344,122.86401091372564,115.48590663857588,116.44486765707693,100900
2024-08-15,123.12821960449219,127.09126226442345,122.09097451453533,122.09097451453533,68000
2024-08-16,121.76806640625,123.72512304426454,120.83846002384593,123.4902708724862,43200
2024-08-19,121.01459503173828,123.29456779945112,120.81889235479598,122.37474879354943,98400
2024-08-20,121.53321838378906,122.53132148397717,120.15349728898404,122.30625667806687,46600
2024-08-21,122.38453674316406,123.0499362997101,121.42557570424414,121.89527258292665,22100
2024-08-22,122.17903900146484,123.52940531111621,121.64084547284754,122.48238037273377,26800
2024-08-23,125.2222671508789,125.887659224764,122.27689489150295,122.27689489150295,20800
2024-08-26,125.14398193359375,126.86618634220937,124.50793705440375,124.86020783470657,22400
2024-08-27,126.33779907226562,126.72920444973663,123.71534272908316,123.71534272908316,31100
2024-08-28,126.50414276123047,127.20868436141707,125.17334361989549,125.17334361989549,48700
2024-08-29,127.29673767089844,129.40058238712092,126.44542286326381,126.44542286326381,31700
2024-08-30,130.8977508544922,131.40657488218721,127.26740384851352,127.26740384851352,24000
2024-09-03,125.78003692626953,130.0268616298904,125.23207086393883,129.0287584576777,80400
2024-09-04,125.64303588867188,129.78222161630651,125.08528248573343,125.08528248573343,34000
2024-09-05,124.15567779541016,127.25761842457156,123.9012657925881,127.0031914905914,35900
2024-09-06,121.82676696777344,124.61557098355867,121.58213490558916,124.31222961543513,38100
2024-09-09,123.37284851074219,124.58622149915216,122.48238418397227,123.15757109259656,41900
2024-09-10,123.83275604248047,123.90125272302714,121.82677009484806,122.91293707607248,31400
2024-09-11,126.19102478027344,127.1010489946438,121.81699431963405,123.20651027463877,30300
2024-09-12,129.1657257080078,129.9387564360972,126.25949568508518,126.25949568508518,51800
2024-09-13,130.1931915283203,132.10131870110493,129.52778452917994,129.52778452917994,34700
2024-09-16,128.8428192138672,130.94666401339106,127.8936455702561,129.97791562309484,34400
2024-09-17,127.01298522949219,129.19509931072844,125.62347673783029,128.92111256201528,29100
2024-09-18,127.33587646484375,128.99937137969386,126.16163070739186,126.71939893529701,17300
2024-09-19,130.71182250976562,130.71182250976562,127.72730797098137,129.48866203740798,27000
2024-09-20,129.3775177001953,130.04467279118444,127.67041505606488,129.27941678442616,46600
2024-09-23,128.5435791015625,129.85824800431456,128.0039717249461,128.8771491269687,265000
2024-09-24,130.33900451660156,130.7216325171547,128.60245514314553,128.60245514314553,16000
2024-09-25,129.08319091796875,131.08462610962573,128.62207323212567,129.4363721543953,33500
2024-09-26,135.7644805908203,137.81497385023832,129.37751669947113,129.37751669947113,443400
2024-09-27,134.28302001953125,137.844414304176,133.94944994079745,136.5689825656479,61900
2024-09-30,135.538818359375,135.538818359375,133.35097182147666,133.35097182147666,22800
2024-10-01,132.68382263183594,136.313885622655,130.93746776105735,136.313885622655,59100
2024-10-02,132.95851135253906,133.2430234128319,131.820433170609,132.68380489074622,30400
2024-10-03,133.34115600585938,133.4196457148431,130.51558636396993,132.88003832206823,26500
2024-10-04,133.7335968017578,134.49885279269503,132.58571281535197,134.49885279269503,21500
2024-10-07,131.94802856445312,134.65585679815953,130.99636120220146,134.65585679815953,28400
2024-10-08,131.9872283935547,132.4974039922888,131.51630513262043,131.51630513262043,10200
2024-10-09,132.00686645507812,133.03702334461383,131.57518052267216,131.57518052267216,23200
2024-10-10,131.51632690429688,132.42874180905017,130.45673816400134,132.42874180905017,26200
2024-10-11,135.0875244140625,136.31389817049725,131.07483307589985,131.96762179309343,32600
2024-10-15,136.50030517578125,139.33568061458112,135.30336322870758,135.30336322870758,58500
2024-10-16,134.71469116210938,137.29498612855372,133.96906136753003,137.29498612855372,23300
2024-10-17,136.12747192382812,137.2949820062196,134.04754705324368,135.19543096599347,18200
2024-10-18,135.99993896484375,137.29499683420187,134.79319138322023,137.29499683420187,30600
2024-10-21,132.91928100585938,135.90183018496705,132.06572971340339,135.88220401434108,26300
2024-10-22,132.39930725097656,132.39930725097656,129.50506819078925,131.95781569440268,37500
2024-10-23,131.791015625,133.49813308209332,130.73142702787806,131.85968476266794,28700
2024-10-24,132.34043884277344,132.34043884277344,131.20236045002818,131.81065198843046,11800
2024-10-25,132.1442108154297,133.91999739663697,130.94726898172672,132.075526707905,20100
2024-10-28,133.58642578125,133.7237790242853,132.73285958417702,132.93889693392035,37200
2024-10-29,134.165283203125,135.82334284601527,132.81136184353278,134.26339908758726,27800
2024-10-30,134.2633819580078,135.73503021489333,132.48758048624657,133.4294419576206,15500
2024-10-31,133.51776123046875,133.76303598398363,131.1729351856818,132.98797434984508,41800
2024-11-01,135.4603271484375,140.2088420506519,134.4105441796459,135.13656272732553,88100
2024-11-04,136.17652893066406,137.324412835557,134.64601705747347,135.46033093264663,43200
2024-11-05,127.27796936035156,142.2299235428241,124.76635831004684,138.33495930656193,278600
2024-11-06,129.6620330810547,132.4483503397551,126.97381672926619,132.4483503397551,86000
2024-11-07,134.45960998535156,134.67545294539053,129.5050574450809,130.02503867507076,80900
2024-11-08,135.39166259765625,136.70633167056772,132.88985714253604,134.2437785590351,92800
2024-11-11,134.95018005371094,136.9025576216924,134.7932006096408,135.27394454321174,49900
2024-11-12,132.15403747558594,135.53882616391712,131.7223515034378,134.22415704538113,60800
2024-11-13,132.0460968017578,132.57589858893903,131.21217172250007,131.76158470892426,62300
2024-11-14,128.40621948242188,132.00685038707095,127.69000655884382,132.00685038707095,45600
2024-11-15,125.5806655883789,127.7685120549695,124.54070309673625,127.54286348819733,94600
2024-11-18,124.92333221435547,126.09084237053165,123.98147811217635,125.31577329489453,63800
2024-11-19,124.42295837402344,125.07048722101088,122.6275456457659,123.91279025518907,54300
2024-11-20,121.05780029296875,124.43278311669036,120.5868769830301,124.43278311669036,53800
2024-11-21,120.24348449707031,121.81324879974436,118.71297253567315,120.96950310687389,77900
2024-11-22,120.82234191894531,122.02908948297467,120.076704591905,121.60721661855347,60400
2024-11-25,119.2427749633789,121.97022902246322,118.48732453150245,121.97022902246322,63200
2024-11-26,120.15518951416016,120.5770623617519,117.54546271622262,120.45932779317131,358700
2024-11-27,117.45716857910156,119.39974032637981,116.96661909955984,119.39974032637981,39400
2024-11-28,117.44734954833984,117.80054575454598,116.32889739041731,117.30018321488885,15400
2024-11-29,118.6148681640625,118.66391862194159,116.93718980669725,116.93718980669725,27400
2024-12-02,115.7696762084961,119.0073057406067,114.38632309480799,119.0073057406067,71700
2024-12-03,115.0730972290039,116.07381486874006,113.15014417711743,116.07381486874006,50600
2024-12-04,115.79910278320312,116.75076992052192,114.23915911413135,115.29874024483323,58900
2024-12-05,114.33727264404297,116.3877658586746,114.29802778778134,116.11305935003408,49100
2024-12-06,111.60000610351562,115.56364677895353,111.43322107765292,114.78857770647322,67500
2024-12-09,110.86418151855469,113.29731021173797,110.22646570304693,111.57057396125921,54600
2024-12-10,109.46121215820312,111.1192718184402,108.90198604279641,110.9622923898111,51300
2024-12-11,109.75553894042969,110.43249210570313,109.39252964514485,109.971374415398,131500
2024-12-12,109.49064636230469,109.88308745740511,107.89145769487025,109.88308745740511,89500
2024-12-13,106.67489624023438,110.28534081485623,105.98812245763865,109.21593902582214,65100
2024-12-16,105.89000701904297,106.58658635588856,104.61457542554551,105.94887055913982,79500
2024-12-17,105.97830963134766,106.64545724411289,104.32025742778609,104.98740504055132,66700
2024-12-18,104.19271087646484,107.960134931315,103.77083800677157,106.09604533301469,95700
2024-12-19,99.5030517578125,105.37983974220025,98.11970615778769,105.24247900552302,196100
2024-12-20,102.033203125,102.30886090665764,98.48901769733803,98.48901769733803,207100
2024-12-23,102.5746841430664,103.21460080555329,100.1921971042673,102.22026483187683,123200
2024-12-24,102.71251678466797,104.5732144806829,102.0135252040957,102.71251678466797,44100
2024-12-27,102.84049224853516,103.77576832797985,101.96429106019008,102.5057670804534,60400
2024-12-30,100.78289794921875,101.92490985358496,99.69010635758848,101.92490985358496,62200
2024-12-31,106.1976318359375,107.06398598403804,100.8321218247831,100.8321218247831,90300
2025-01-02,107.31011199951172,109.56460974927523,106.57173966923985,106.57173966923985,89100
2025-01-03,110.87399291992188,110.99212768682834,107.6448382540951,107.6448382540951,78900
2025-01-06,111.41545867919922,114.41817578163531,110.85429601706824,110.85429601706824,152200
2025-01-07,111.59266662597656,112.58701010367518,110.36204611287336,111.21856069399334,107200
2025-01-08,110.10607147216797,112.47871135197187,109.18064998304222,111.51390159522353,74700
2025-01-09,111.05120086669922,112.30150803419538,109.87964770555408,110.16515257302272,39200
2025-01-10,111.27763366699219,111.78957603239172,109.06251663209231,109.5350782377602,65200
2025-01-13,111.77972412109375,111.878172260601,108.93453007599794,110.2635987371249,83000
2025-01-14,114.98918914794922,115.09748435907606,112.23259606472182,112.23259606472182,91000
2025-01-15,118.13956451416016,118.77948865750078,116.21979959524955,116.21979959524955,166300
2025-01-16,118.63182830810547,119.36035361535087,116.55454009119904,118.26756189892666,83500
2025-01-17,120.65003967285156,122.077556482109,118.85825648299411,118.85825648299411,104800
2025-01-20,125.03105163574219,125.12949978047708,120.70911273520667,120.70911273520667,83000
2025-01-21,119.49817657470703,126.0647736144173,119.45879581531506,124.04655288447124,83600
2025-01-22,121.19151306152344,121.5853131488433,118.15926215360608,119.45879718398324,50800
2025-01-23,120.91585540771484,122.32368565167559,119.87229155943342,120.58113021528946,57500
2025-01-24,121.56562805175781,121.90035324796222,120.28577962966699,120.30546625427995,32300
2025-01-27,121.28996276855469,122.76670748169997,120.01996892502832,120.01996892502832,62200
2025-01-28,122.58949279785156,124.04655082673732,121.50654822142778,121.50654822142778,98300
2025-01-29,124.97198486328125,126.20260545627524,121.90035315916792,121.90035315916792,73000
2025-01-30,121.83142852783203,125.92693712448495,121.58530442979601,124.71600325725869,58700
2025-01-31,117.23383331298828,122.21538270185978,116.66282359735557,122.09724042965979,131700
2025-02-03,110.1848373413086,114.02437487517408,103.3819709961496,104.33693372374641,205800
2025-02-04,110.302978515625,111.75018943797593,108.76716652183782,110.64755075639629,155200
2025-02-05,110.302978515625,111.34654230513563,109.83041693463043,110.67708444687504,39300
2025-02-06,113.92593383789062,116.44624242248244,109.79104411629362,110.76570103924203,111200
2025-02-07,110.79523468017578,113.91608671684538,110.16515753432172,113.84717226373985,62800
2025-02-10,110.56879425048828,113.24662580485277,110.56879425048828,111.24809920672229,29600
2025-02-11,109.64337921142578,110.47035267591532,109.30864649167123,110.26360930979293,43100
2025-02-12,107.52670288085938,109.3480198011448,107.10336910923742,109.26925828291007,111100
2025-02-13,107.03445434570312,109.77135325191009,106.8277109942751,107.81220743599626,58500
2025-02-14,107.43810272216797,107.8515969697776,106.3650051187186,106.85725337962838,52300
2025-02-18,109.6630630493164,115.18608894042579,100.97980433732879,115.18608894042579,230500
2025-02-19,105.73491668701172,111.13979991317882,104.71103951200811,111.13979991317882,158400
2025-02-20,103.45088958740234,106.25670298988587,103.33274730846708,106.03026549970458,117700
2025-02-21,99.76886749267578,103.69701376984013,98.69576995831312,103.69701376984013,200700
2025-02-24,102.06275177001953,103.19492426296824,97.6029837648498,99.92639613801175,158300
2025-02-25,99.63103485107422,103.1752279773535,99.51290008760598,101.40313141421386,82000
2025-02-26,98.19366455078125,99.63102833076617,97.17963450477971,99.63102833076617,227400
2025-02-27,96.98274230957031,99.0304891097992,96.58894224798772,98.19366867338084,109800
2025-02-28,96.48065185546875,97.70142534726337,95.35832650620225,97.70142534726337,98000
2025-03-03,91.51878356933594,97.0811896784782,91.1840584018636,97.0811896784782,145000
2025-03-04,91.46956634521484,91.84367228227757,87.6201817226287,88.71297335399086,177000
2025-03-05,91.49909973144531,93.75359743588682,90.9576236956865,92.08979608156572,95600
2025-03-06,90.43585205078125,91.65662564762476,88.4668589863377,90.14050008666973,77900
2025-03-07,89.82544708251953,93.25149776976265,88.36839665486707,89.58917005581314,112900
2025-03-10,86.31079864501953,89.30366863909805,85.02111074874097,88.74250598465281,175800
2025-03-11,85.72010803222656,88.35855889350208,85.13925871558635,86.08437443305804,101900
2025-03-12,87.55126953125,88.51607935639322,86.53723939031194,86.64553460061715,65300
2025-03-13,82.66816711425781,87.38390595438815,81.56552839951593,87.35437226302118,150900
2025-03-14,86.10405731201172,86.33049479697256,83.91847402432455,84.12521737436094,88700
2025-03-17,85.72010803222656,86.7046045101486,85.39522239184541,86.12375519350837,43700
2025-03-18,84.04646301269531,85.83824621654773,83.62312924694993,85.65118949111485,56200
2025-03-19,85.73978424072266,85.89730726338713,84.05629636932943,84.8537435271239,93300
2025-03-20,85.49268341064453,87.94408989796594,84.39548219535625,85.91772539081404,82900
2025-03-21,88.85346984863281,88.96220203220794,83.73320058556673,85.51244764277862,295200
2025-03-24,89.26862335205078,90.83040601360452,88.22084873827332,89.38724233417281,55600
2025-03-25,86.7677993774414,89.66401357419183,86.52068215089758,89.26862450343785,73100
2025-03-26,85.64095306396484,87.29169447452678,85.33453008898219,86.7875807172495,25500
2025-03-27,85.05775451660156,85.95725732214109,84.11870450743807,85.03798091478957,41700
2025-03-28,81.66730499267578,84.93913470892292,81.05445154655911,84.64259101596532,66700
2025-03-31,81.68707275390625,83.40700660118539,79.57174982158996,80.20436934108159,95500
2025-04-01,80.688720703125,82.12200525929082,79.99679542871384,81.93419373848498,97600
2025-04-02,81.21260833740234,81.77603530800685,78.71177568888908,80.16482617661103,97200
2025-04-03,78.33616638183594,81.13353539506497,76.06268471948603,81.13353539506497,140900
2025-04-04,73.62117004394531,75.94407054701269,71.8221568729811,75.61787398654182,144800
2025-04-07,72.52396392822266,74.43170915480366,68.79743205375112,70.59644510098666,151100
2025-04-08,70.91275787353516,74.44159159957455,69.89463609738156,72.56350669360002,104000
2025-04-09,78.5733871459961,79.99678470997267,70.08244330427536,70.10220936314442,133100
2025-04-10,74.27355194091797,77.66400054210513,71.1697602233786,77.47618903937264,110200
2025-04-11,76.10221862792969,76.47784163707237,73.9275900608247,74.48113023250541,39600
2025-04-14,76.60633850097656,77.94076998593556,75.90452649838953,76.44817985967403,55100
2025-04-15,77.18953704833984,77.94077556546748,76.26038135913898,76.49761179665626,58000
2025-04-16,76.05280303955078,78.69201331269056,75.02479443180752,77.12034376864379,48100
2025-04-17,74.5602035522461,76.39875616465538,74.35262600457648,75.81555563808193,70900
2025-04-21,74.1648178100586,74.73813156228461,72.15822721868653,74.56020686474615,61200
2025-04-22,73.99678039550781,75.51902336406317,72.82050002402889,75.12363430679623,55300
2025-04-23,74.99514770507812,76.85346675873828,74.39218099600464,75.05445343337382,65400
2025-04-24,86.50091552734375,86.57998730784388,79.08739877933668,80.06598087847624,165000
2025-04-25,83.35758972167969,90.93914488177379,82.65577766071462,90.93914488177379,162200
2025-04-28,84.2175521850586,86.35264875371367,83.49597406908474,83.49597406908474,73400
2025-04-29,84.52397918701172,85.56186702479822,84.01985792784723,84.01985792784723,48600
2025-04-30,84.31639862060547,84.78097266018504,82.54703841749651,84.14835317924788,95100
2025-05-01,83.06104278564453,84.6722519642582,82.40865721491916,84.31640254698276,109100
2025-05-02,83.46632385253906,84.89960087016061,83.17966694073077,83.58493530472187,84600
2025-05-05,83.1598892211914,85.59152190902758,82.14176741944833,83.20931568476747,99200
2025-05-06,82.47784423828125,83.45642629982365,81.48937537652397,82.92265220950445,85600
2025-05-07,84.45478820800781,84.5437467922642,82.44819747686165,82.47785033828043,107000
2025-05-08,88.35924530029297,88.52728322414353,84.58329393675481,84.632720404438,86500
2025-05-09,90.29663848876953,91.01822415179825,88.72497645352988,88.72497645352988,124900
2025-05-12,93.92431640625,94.81393997043823,91.58164981887721,93.24227795822203,112600
2025-05-13,95.11048126220703,97.11707197527258,93.90454796591241,93.96385368821562,110200
2025-05-14,95.73321533203125,96.37572165132399,94.28016478358417,95.28840732559296,81000
2025-05-15,91.9869155883789,95.00174882098987,91.92760986623554,94.64589940529089,97100
2025-05-16,93.48939514160156,94.34935830196703,91.60141582639902,91.67060835127234,75200
2025-05-20,93.23238372802734,94.65578131730713,92.1648355360675,93.12365154876741,79300
2025-05-21,88.88311767578125,92.34275866999863,88.85346481674355,92.16483397435356,103200
2025-05-22,90.84029388427734,91.2455622138183,88.56681238604712,88.96220145635924,53800
2025-05-23,90.17802429199219,91.77933914078245,89.67390302335625,89.67390302335625,75000
2025-05-26,92.6393051147461,93.19284527712735,90.05940072141772,90.05940072141772,34600
2025-05-27,92.06599426269531,93.50915797555163,91.79911097351352,92.97538385576871,74000
2025-05-28,91.8683090209961,92.56023428746475,91.21591587710867,92.04623373829087,60100
2025-05-29,92.34276580810547,94.31970367190435,92.21426756186955,92.39219227126823,52500
2025-05-30,92.36253356933594,93.05445876134344,91.76944621456495,92.32299390958994,64400
2025-06-02,90.09894561767578,92.58000477496249,90.08905881665325,91.92761165302736,84200
2025-06-03,93.68708801269531,93.7958202029906,89.96056330436541,90.38560526422339,78100
2025-06-04,93.71673583984375,94.49762719117993,93.05446347375259,93.50915827172948,57800
2025-06-05,93.11376953125,94.52728039281526,91.9374966410298,93.75627583949228,53300
2025-06-06,95.11048126220703,95.23897950767045,93.48939282695115,94.32958990573069,74000
2025-06-09,95.41690063476562,96.17802590238044,95.09070409150213,95.70355751750452,47100
2025-06-10,95.5948257446289,97.1961480663266,95.44655390238333,95.47620676254861,39000
2025-06-11,97.33453369140625,97.85842100125052,95.59482631756441,96.54375555563654,60300
2025-06-12,92.61953735351562,97.84853899015877,92.21426900662549,96.90949650670976,157000
2025-06-13,92.08576965332031,92.97538566215655,91.27521788642773,92.58000412108244,70700
2025-06-16,93.98362731933594,94.37901639812632,91.6804929111949,92.38230494387362,93700
2025-06-17,93.55858612060547,94.6360136388903,92.88642694376243,94.17143203323741,70300
2025-06-18,92.34276580810547,94.10223930025937,91.88807100440205,93.30158187867504,41600
2025-06-19,92.66896057128906,93.48939157882084,92.38230368161823,92.86665133727342,31600
2025-06-20,92.50029754638672,93.47262290439937,91.9149115058169,93.06583588677195,215000
2025-06-23,92.51020812988281,93.37340136244237,91.26007560370871,92.79793920740266,61200
2025-06-24,94.77236938476562,95.14940000021356,92.18280460696094,93.343645295232,90400
2025-06-25,92.70864868164062,94.7723627940464,92.5697450655079,94.7723627940464,32300
2025-06-26,94.00839233398438,94.12745581980855,92.79794005531632,92.88723956210426,37600
2025-06-27,92.68880462646484,94.8616660308923,91.08148912811436,94.21675203367579,109400
2025-06-30,94.0877685546875,95.19899748365087,92.73841265264967,92.73841265264967,93900
2025-07-02,99.66378021240234,99.75307972346529,94.68307481368184,94.72276264418986,95600
2025-07-03,108.14685821533203,112.99858363428038,102.85857424918036,103.18599315958285,217900
2025-07-04,107.42256927490234,110.65705543148776,106.76773901958053,109.16879590522618,45700
2025-07-07,104.90245819091797,110.14113059806272,104.64449108262811,110.13120674821477,93900
2025-07-08,103.39435577392578,106.41056284593917,102.92803321510716,104.60480814285587,63700
2025-07-09,103.0967025756836,104.48573875378791,102.3525728075508,103.6126292175967,56100
2025-07-10,103.27528381347656,105.24971353129261,102.19381887821143,102.50139008554753,72900
2025-07-11,101.74735260009766,104.03926999751576,101.42985751660389,103.18600054131129,47300
2025-07-14,103.5531005859375,103.95988758697497,100.97344468408669,100.97344468408669,56300
2025-07-15,103.16615295410156,104.27738188117688,102.7692822359978,104.27738188117688,41300
2025-07-16,102.48155212402344,103.8507481662698,99.91182006649511,103.394349485521,94100
2025-07-17,102.1343002319336,103.65232384737061,101.747353332692,101.747353332692,43700
2025-07-18,100.78494262695312,103.1959234984434,100.45752369596165,103.1959234984434,56600
2025-07-21,102.42202758789062,104.77347287881476,100.80478066696814,100.80478066696814,80200
2025-07-22,102.03507232666016,103.29513633298271,101.69773712476568,102.42202677836207,78100
2025-07-23,100.92384338378906,101.98546823952258,100.67580012245246,101.70766099797432,50000
2025-07-24,99.68363189697266,101.87633352484745,98.21521238820041,101.87633352484745,85200
2025-07-25,102.1343002319336,102.21366832611858,99.13793326331208,99.94159861300457,54700
2025-07-28,102.48155212402344,103.73169224848802,101.20164802011341,102.13429308102755,40800
2025-07-29,100.60635375976562,103.48365726100839,99.41574149907206,101.85649398410587,75700
2025-07-30,99.32644653320312,101.20165302785068,98.69145637468118,100.59642685024698,59000
2025-07-31,98.15568542480469,99.8126126908043,97.71912683699927,98.7410639223801,66000
2025-08-01,95.94313049316406,96.73687195761119,95.07994478798341,96.70710797738835,44500
2025-08-05,97.15357971191406,98.07630091769994,95.9431274237133,95.9431274237133,51300
2025-08-06,97.94732666015625,98.10607041508808,96.83609009691423,97.1535851764577,35700
2025-08-07,97.87787628173828,98.96926516055022,92.29193697244241,98.96926516055022,101400
2025-08-08,101.2115707397461,103.07685327106819,98.15567605614406,98.29457967179148,103500
2025-08-11,99.65386199951172,102.26327435495351,98.65176511523656,102.24343422492409,71200
2025-08-12,102.42202758789062,102.73952266205116,99.70346797260633,99.71339182264626,97200
2025-08-13,104.16824340820312,104.43613436302971,102.49147614924324,102.49147614924324,63700
2025-08-14,103.19591522216797,103.54317425612108,101.36039669726219,103.07685173780723,30100
2025-08-15,101.90609741210938,103.7813039511722,101.52907436208191,103.25545342334865,28600
2025-08-18,102.29303741455078,102.69983198844969,101.74734679233646,102.04499415817715,23600
2025-08-19,102.88834381103516,103.49356998625017,102.0946099008553,102.0946099008553,20500
2025-08-20,101.78702545166016,102.93794977658419,101.72749749336386,102.87842181828789,66500
2025-08-21,101.49930572509766,102.13429586953525,100.51704895850357,101.20165078315769,44600
2025-08-22,101.60844421386719,103.42411511614138,100.93376624684129,101.55883253421311,72500
2025-08-25,99.79277038574219,101.4993092976139,99.51496313398259,101.4993092976139,54000
2025-08-26,100.16979217529297,100.48728725470437,99.37605826160437,99.82253311494922,39400
2025-08-27,99.52487182617188,100.14994566465094,99.09823713073351,99.37605193099049,55400
2025-08-28,100.54680633544922,100.79484958088266,98.8204274667427,99.63400900897719,43400
2025-08-29,100.05072784423828,101.20165222851868,99.49511335234001,100.48728641340392,45300
2025-09-02,99.74315643310547,100.19955513198907,98.83035903533826,99.4554253375676,21500
2025-09-03,98.87004852294922,100.17971668029145,98.72122104763491,99.74315810461742,31300
2025-09-04,98.8501968383789,99.3760549059194,98.23505440073605,99.3760549059194,62500
2025-09-05,102.23351287841797,103.67216078568372,99.69355227040352,99.91182398478999,148200
2025-09-08,101.37032318115234,102.66015123101943,100.56666539743762,101.95570924275293,39400
2025-09-09,99.80268096923828,102.03507027588944,99.57448541246777,101.40008014534969,58400
2025-09-10,99.12801361083984,100.14002679681516,98.75098300514576,99.61417628853624,47700
2025-09-11,97.8679428100586,99.50502975217564,97.5008360798668,98.7708238614712,128300
2025-09-12,97.32225036621094,98.75098197353753,96.73687190301328,98.75098197353753,48700
2025-09-15,98.48310089111328,98.48310089111328,96.78648585247262,97.38178817959009,62700
2025-09-16,98.6120834350586,98.82043887691867,97.71912613445825,98.12592073738507,42200
2025-09-17,98.48310089111328,100.14995194885003,98.06638244941927,98.72122030802431,44900
2025-09-18,97.92748260498047,99.8523008543068,97.70921088003425,98.9990313769568,52900
2025-09-19,98.25606536865234,98.55477959010706,97.14087421805542,98.33572350725603,136900
2025-09-22,98.70413208007812,99.37125951522464,96.99152762817437,97.37985156980226,49400
2025-09-23,95.19925689697266,98.77383049229003,94.84080286110672,98.77383049229003,204800
2025-09-24,97.26036071777344,97.93743969773827,95.92611349404062,95.92611349404062,71700
2025-09-25,95.80663299560547,96.87203589278789,94.8905872066785,96.7625078531751,87100
2025-09-26,92.20218658447266,96.10534434407992,91.85369171247531,95.90620658768671,127700
2025-09-29,93.06845092773438,94.19359367465574,92.8892239099699,92.96888205044709,59900
2025-09-30,91.6047592163086,92.89917733083838,90.48956810845803,92.89917733083838,147800
2025-10-01,93.5961685180664,93.90483430247417,91.17660768761763,91.56493160884612,81200
2025-10-02,92.40132904052734,94.10398187314884,92.05282658283774,94.10398187314884,54300
2025-10-03,93.04853057861328,94.01436462027597,91.75412000868225,92.69007655084943,205200
2025-10-06,92.54072570800781,93.67582758075913,92.05282531262209,93.60612860950663,82300
2025-10-07,89.57352447509766,92.60046532861651,89.02589187252295,92.60046532861651,182200
2025-10-08,89.01593017578125,89.95188667604384,88.42846092456332,89.53369286124878,78500
2025-10-09,87.10418701171875,89.60339851757308,86.70590390268674,89.57352861380392,107900
2025-10-10,83.15123748779297,88.24923675776179,82.75295439567212,87.69164498676349,208300
2025-10-14,83.30059814453125,84.09715676607874,82.82265689430798,83.74866189436307,198900
2025-10-15,83.61921691894531,84.34607651231246,83.30059197460261,84.30624744469239,111400
2025-10-16,81.85681915283203,83.99758412110975,81.82694925039854,83.42007401866867,164500
2025-10-17,81.15982818603516,82.14557293419242,80.68188696463339,81.84685872123907,99500
2025-10-20,81.28926849365234,82.95209223880435,80.61218951525382,81.80703879299024,90000
2025-10-21,81.24944305419922,81.99622103741174,80.66198135378224,81.44858840769365,53300
2025-10-22,80.65201568603516,81.82694658878286,80.30352084128327,80.90094166037477,113500
2025-10-23,81.28926849365234,82.26506169063951,80.72171755562844,81.33905672895649,66400
2025-10-24,82.09578704833984,82.98196294973614,81.21957031342502,81.95638910407199,110000
2025-10-27,83.310546875,84.03741409404694,82.45424087847597,82.47415921139134,119200
2025-10-28,82.91226196289062,84.38590710499419,82.48410897400942,82.70316505156975,80800
2025-10-29,80.76154327392578,83.14127496766608,80.40308926513815,82.92221889600499,110900
2025-10-30,80.56240844726562,81.70746188697797,80.36326310372836,81.55811237509765,106800
2025-10-31,81.38883972167969,82.34471461354504,80.59228111010108,80.59228111010108,87500
2025-11-03,80.88103485107422,81.9962184084136,80.2636956699626,81.64772354674504,157400
2025-11-04,79.97493743896484,81.00051124685152,79.55674362156564,81.00051124685152,113300
2025-11-05,68.86288452148438,78.44155105957,67.5485480969334,78.41168115839707,737000
2025-11-06,67.29962158203125,71.07334019765949,67.21001187923545,68.80313656741971,432500
2025-11-07,69.03215789794922,69.21138491598468,65.31817875623247,67.42907390235929,403000
2025-11-10,68.40485382080078,70.85429206149024,67.5087264021197,69.69927190918999,271000
2025-11-11,68.51438903808594,68.58408801343687,67.020833054893,68.25551147056453,211400
2025-11-12,71.9197006225586,72.29806539388726,68.75336171492053,68.75336171492053,227100
2025-11-13,72.17857360839844,72.79591276139,71.65085175667852,71.85994866415521,147600
2025-11-14,72.47728729248047,73.0348790417152,71.59111143532476,71.59111143532476,136000
2025-11-17,73.11454010009766,74.95659085672433,72.32793308147606,72.58681823109512,182400
2025-11-18,71.84004211425781,72.68638895953143,70.69498104283194,72.68638895953143,362900
2025-11-19,71.54132843017578,72.64656044004784,70.76468055223724,72.10887938687074,87600
2025-11-20,72.337890625,74.50852545399032,71.35214588055103,71.68072239762205,196500
2025-11-21,75.55400848388672,75.78302372123639,72.00930506427119,72.78595288347972,208200
2025-11-24,76.10165405273438,76.33066930630547,74.42887109417775,75.68346021224981,143700
2025-11-25,78.84980010986328,79.28790469259987,76.31075193822801,76.44019072002907,152000
2025-11-26,79.36756134033203,80.12429847317443,78.41168645513976,78.95932666902932,99700
2025-11-27,80.73167419433594,80.95073026822664,78.97923319982831,79.75588102790047,42800
2025-11-28,80.84120178222656,81.69750774088746,80.53252840863252,80.93081148652887,66300
2025-12-01,79.09872436523438,80.5325328901862,78.41168620754564,80.15416812326887,130300
2025-12-02,80.08446502685547,80.44291903879075,78.4415520715884,79.2679881322513,87300
2025-12-03,80.49270629882812,80.95073681580187,80.01477264133506,80.16412975803358,63100
2025-12-04,79.56670379638672,81.14986938087624,78.80996669105801,80.81133369486642,85200
2025-12-05,79.86540985107422,80.13425416135682,79.14850181914456,79.89527975296829,56400
2025-12-08,79.90524291992188,80.75158976797432,79.6264470261275,80.21390871710588,67600
2025-12-09,78.41168212890625,80.63210516852874,78.2224959569791,80.05459508331167,106400
2025-12-10,77.65494537353516,78.9394043217463,77.19692248912635,78.8099655489627,111500
2025-12-11,76.37049102783203,77.66490922014852,76.27092215071961,77.4159832290583,127800
2025-12-12,75.41461181640625,77.36619056323804,75.17564500569283,76.42027488989305,131100
2025-12-15,75.24534606933594,76.17135103281528,74.6379660612141,75.45444298410635,168800
2025-12-16,75.22543334960938,75.40466035706076,74.54835438775055,75.2951323193617,147300
2025-12-17,79.93511199951172,81.42866792654779,75.17564832748236,75.25530646677933,385800
2025-12-18,81.12000274658203,81.52823741948718,78.90953874237763,79.97494167452986,129600
2025-12-19,83.73999786376953,84.06999969482422,81.51000213623047,81.5999984741211,199200
2025-12-22,83.33999633789062,84.98999786376953,82.51000213623047,84.0,97400
2025-12-23,84.12000274658203,84.33000183105469,83.30000305175781,83.30000305175781,36883
