Date,Close,High,Low,Open,Volume
2010-01-04,11.758824348449707,11.890523504118102,11.721196146419752,11.81056346266356,84600
2010-01-05,11.570687294006348,11.815271139381236,11.565983655003668,11.801160222373198,150400
2010-01-06,11.697678565979004,11.697678565979004,11.55186850174894,11.589496702844132,66700
2010-01-07,11.627132415771484,11.735314348798441,11.504840458922326,11.730610708481821,117200
2010-01-08,11.594202995300293,11.66005303514245,11.570685700652778,11.65534939678749,86600
2010-01-11,11.660053253173828,11.754123330650192,11.580093193898904,11.61772140431491,178700
2010-01-12,11.551870346069336,11.678865881463809,11.528353053052829,11.678865881463809,106700
2010-01-13,11.678865432739258,11.68356907058728,11.528352610111272,11.528352610111272,134600
2010-01-14,11.66475772857666,11.70708958372865,11.641240429993305,11.641240429993305,56300
2010-01-15,11.66475772857666,11.74471779973848,11.622425873424671,11.66475772857666,90000
2010-01-18,11.787049293518066,11.867009362228435,11.603611858234975,11.641240073091184,170400
2010-01-19,11.80116081237793,11.824678111439678,11.66946160510076,11.76353259560266,122000
2010-01-20,11.810566902160645,11.862305134314706,11.75882777287922,11.75882777287922,382400
2010-01-21,11.641241073608398,11.848196721668243,11.598909216115988,11.76353300668342,294900
2010-01-22,11.420171737670898,11.688272817622389,11.363728980094544,11.688272817622389,211300
2010-01-25,11.340210914611816,11.44839188736983,11.311989089184141,11.429577337084712,299300
2010-01-26,11.34961986541748,11.391951716027858,11.302585273296916,11.335509846632247,142500
2010-01-27,11.189698219299316,11.335507397044038,10.959224461502403,11.330803759422963,298300
2010-01-28,11.162575721740723,11.248222231326094,11.086445692674067,11.248222231326094,217100
2010-01-29,11.005558013916016,11.172092801763805,10.967492997340086,11.138786025702563,157500
2010-02-01,11.05789852142334,11.062656762269098,10.967493760437222,10.996043205511771,222400
2010-02-02,11.295804977416992,11.343386477738806,11.057898383349553,11.057898383349553,399900
2010-02-03,11.076932907104492,11.300564810320001,11.076932907104492,11.300564810320001,187600
2010-02-04,11.114996910095215,11.176852228266544,11.043624202343024,11.110238669075622,195300
2010-02-05,11.243465423583984,11.267256627911983,10.99128501049874,11.138786847165736,196800
2010-02-08,11.067415237426758,11.276773301364287,11.06265699648026,11.24346561473881,111000
2010-02-09,11.062654495239258,11.23870574028819,11.03886420342737,11.153059237699058,142000
2010-02-10,10.991286277770996,11.114997831915327,10.991286277770996,11.062658083900715,152000
2010-02-11,11.01983642578125,11.057901455104393,10.93418988291871,11.005561699456866,1382100
2010-02-12,11.409998893737793,11.409998893737793,11.048380797978083,11.048380797978083,287600
2010-02-16,11.390969276428223,11.5146808283492,11.348146012011663,11.414759575529983,221600
2010-02-17,11.41951847076416,11.51468148770391,11.376695203895451,11.44806701282937,255900
2010-02-18,11.2482271194458,11.419520213055044,11.229195057679178,11.419520213055044,435300
2010-02-19,11.30056095123291,11.314835670728337,11.195882397557465,11.252979460456272,429400
2010-02-22,11.376690864562988,11.448062646274062,11.310077322638179,11.35290057317311,288900
2010-02-23,11.357661247253418,11.448065099944413,11.329111802416815,11.414758321843347,152600
2010-02-24,11.405241012573242,11.448064269178902,11.305320685521085,11.400482772112438,310900
2010-02-25,11.30056095123291,11.39096569295438,11.30056095123291,11.371932733627144,196800
2010-02-26,11.319598197937012,11.410002066358127,11.27677493077257,11.27677493077257,167800
2010-03-01,11.41951847076416,11.424276712365327,11.3100816365627,11.381453445496618,332700
2010-03-02,11.41951847076416,11.462341737632869,11.40524374596066,11.41951847076416,461800
2010-03-03,11.41475772857666,11.452822745505449,11.2958044372315,11.419515969135457,141000
2010-03-04,11.30056095123291,11.452820995684995,11.291044471569293,11.419514224403784,165500
2010-03-05,11.433786392211914,11.443301962210484,11.333865193126321,11.333865193126321,389800
2010-03-08,11.41475772857666,11.462339226623042,11.38145095220667,11.419515969135457,241100
2010-03-09,11.42902946472168,11.452819753759492,11.405238268142513,11.41475474677418,334100
2010-03-10,11.45758056640625,11.490887341556311,11.419515550871674,11.419515550871674,290000
2010-03-11,11.45758056640625,11.481370860787276,11.429032031640707,11.462338806790767,125600
2010-03-12,11.657422065734863,11.657422065734863,11.42903197368554,11.657422065734863,207400
2010-03-15,11.671695709228516,11.752583972804015,11.619355977638055,11.752583972804015,250100
2010-03-16,11.695488929748535,11.743070433331935,11.666940390615173,11.695488929748535,152800
2010-03-17,11.705007553100586,11.743072581421977,11.681216343186055,11.743072581421977,148800
2010-03-18,11.705007553100586,11.75258906538779,11.647909556847571,11.743072581421977,186800
2010-03-19,11.51943588256836,11.72403568150574,11.51943588256836,11.676455092717886,367900
2010-03-22,11.609842300415039,11.666940285710055,11.476615180629484,11.571777279398924,65400
2010-03-23,11.676457405090332,11.690731221536812,11.614601175349799,11.65742443977271,192500
2010-03-24,11.676457405090332,11.738312727289129,11.638391474455089,11.638391474455089,154200
2010-03-25,11.709763526916504,11.747828547864744,11.66218202384578,11.66218202384578,216900
2010-03-26,11.638388633728027,11.776374875975547,11.528951832488522,11.743068102341047,158500
2010-03-29,11.724034309387207,11.771615800147934,11.638387807526188,11.647904287186623,99100
2010-03-30,11.74306869506836,11.776375470384007,11.685970717711847,11.771617229975835,292800
2010-03-31,11.671695709228516,11.795407224552307,11.662179229386346,11.766857785025799,210900
2010-04-01,11.685969352722168,11.790648814391673,11.671695540706477,11.681211112869786,101500
2010-04-05,11.719278335571289,11.771618076282534,11.68597155786109,11.747827780072855,114700
2010-04-06,11.6812162399292,11.762104537839868,11.666942421648516,11.666942421648516,98100
2010-04-07,11.724034309387207,11.73830902887786,11.628872235407204,11.724034309387207,258300
2010-04-08,11.662182807922363,11.7430710963184,11.624117784414919,11.724038130793804,161300
2010-04-09,11.685969352722168,11.724034363999774,11.619355809871724,11.619355809871724,105900
2010-04-12,11.662182807922363,11.728796372174955,11.643149842397769,11.719279889412656,87500
2010-04-13,11.657422065734863,11.690728840716028,11.605082329312145,11.662180306095252,55000
2010-04-14,11.586050033569336,11.7050033174714,11.581291793308269,11.7050033174714,126600
2010-04-15,11.605083465576172,11.647906725470978,11.57177668733391,11.586051409812727,108800
2010-04-16,11.619353294372559,11.643143580942604,11.53846504947664,11.547981527121161,123600
2010-04-19,11.685969352722168,11.685969352722168,11.56225783918459,11.600322850462193,1505600
2010-04-20,11.666943550109863,11.72879888623998,11.633636760844267,11.690733854573306,192800
2010-04-21,11.657422065734863,11.728793856057582,11.59556675613292,11.719277375336805,290600
2010-04-22,11.676457405090332,11.705005945525029,11.63363414066742,11.666940922431522,295800
2010-04-23,11.795411109924316,11.814443168336288,11.666941312361885,11.705006336727594,149000
2010-04-26,11.785896301269531,11.83823514999411,11.67170121194968,11.790654543433929,264700
2010-04-27,11.790650367736816,11.84298919792543,11.714520335151947,11.795408608216068,172800
2010-04-28,11.590807914733887,11.833472715281049,11.590807914733887,11.790649461799696,201700
2010-04-29,11.418946266174316,11.722232461481667,11.414132097558939,11.722232461481667,298800
2010-04-30,11.390064239501953,11.515229891587671,11.38525007001301,11.505601552609784,212500
2010-05-03,11.524858474731445,11.587440842995704,11.380436141630216,11.399692819993966,160300
2010-05-04,11.606697082519531,11.63076701135519,11.48634560192338,11.52967220839471,215900
2010-05-05,11.698161125183105,11.78962848860125,11.553739745646025,11.601880511561298,408700
2010-05-06,11.505602836608887,11.698165046611441,11.313040626606334,11.698165046611441,310300
2010-05-07,11.337108612060547,11.553741635000359,11.211943885705198,11.510415030412396,246500
2010-05-10,11.654834747314453,11.707789682640056,11.48152927224578,11.48152927224578,276400
2010-05-11,11.81851863861084,11.890730283601188,11.674097185048561,11.702981292119176,306500
2010-05-12,11.871471405029297,11.977380390178299,11.842587303299394,11.842587303299394,458900
2010-05-13,11.876287460327148,11.962940697481711,11.77519171091043,11.890729972589304,158100
2010-05-14,11.808884620666504,11.909979398064259,11.707788925060054,11.909979398064259,293300
2010-05-17,11.799261093139648,11.804075263293303,11.674095423771853,11.794446922985994,196800
2010-05-18,11.775185585021973,11.876281281844959,11.751115661982965,11.799256426269688,144400
2010-05-19,11.67890739440918,11.823328798983297,11.669279055915199,11.775188024722294,234500
2010-05-20,11.409321784973145,11.650024768468704,11.409321784973145,11.597069818272798,146600
2010-05-21,11.539298057556152,11.572997238829345,11.293780960390004,11.399690836545286,169500
2010-05-25,11.433387756347656,11.529669283684589,11.231197283507056,11.529669283684589,220700
2010-05-26,11.727046012878418,11.784814196804936,11.553739624681404,11.553739624681404,221400
2010-05-27,11.722233772277832,11.842585246493808,11.698162926509308,11.746303699837474,235400
2010-05-28,11.731863021850586,11.828143657776579,11.678908075255471,11.69816383515709,122100
2010-05-31,11.702978134155273,11.770375590078935,11.702978134155273,11.770375590078935,82400
2010-06-01,11.789630889892578,11.890726610726523,11.635581142154113,11.70297767723746,1137300
2010-06-02,11.982192993164062,12.00626383996525,11.765560881206895,11.7944449791594,515100
2010-06-03,11.929239273071289,12.025519908122646,11.929239273071289,12.011078317879862,128300
2010-06-04,11.857028007507324,11.958123733308065,11.799259808371733,11.958123733308065,106100
2010-06-07,11.794445037841797,11.895539840283014,11.780002529689227,11.890726589107748,132300
2010-06-08,12.006266593933105,12.088105655411345,11.765563579962885,11.799261855005255,217300
2010-06-09,11.924427032470703,12.035150193884256,11.89072875884128,12.011080260780124,133000
2010-06-10,12.030335426330566,12.030335426330566,11.929240610461532,11.943682202323368,146800
2010-06-11,12.039956092834473,12.116980927703422,11.991815341489264,12.03032775892374,92000
2010-06-14,12.102543830871582,12.150684603712634,12.083288072660483,12.131428845501535,100900
2010-06-15,12.102543830871582,12.169941280132603,12.064031396240516,12.083288072660483,145400
2010-06-16,12.092913627624512,12.107355213406814,12.04958703386029,12.092913627624512,80300
2010-06-17,12.092913627624512,12.116983549400787,12.039958697866316,12.116983549400787,66000
2010-06-18,12.015893936157227,12.107361337951717,12.015893936157227,12.107361337951717,90600
2010-06-21,12.131427764892578,12.169940196093146,12.044774565139107,12.107356921511732,134700
2010-06-22,12.136242866516113,12.256594347151342,12.073660500597724,12.073660500597724,138400
2010-06-23,11.987008094787598,12.194012802332548,11.958123994588695,12.1795702931286,104300
2010-06-24,11.914796829223633,12.039962481857115,11.900354320693594,12.011078383005987,79000
2010-06-25,11.919611930847168,11.948496031957033,11.900355251301246,11.900355251301246,71100
2010-06-28,11.9533052444458,11.9629335802256,11.919606987425144,11.9629335802256,54400
2010-06-29,11.779999732971191,11.982190208060025,11.717417382252396,11.93886361209751,157500
2010-06-30,11.852215766906738,11.953310583120413,11.808889154755436,11.828144916706544,125300
2010-07-02,11.852215766906738,11.934054821169305,11.799260814675359,11.799260814675359,53100
2010-07-05,11.924427032470703,11.958125306100124,11.808889700794504,11.866657907528058,151000
2010-07-06,12.088106155395508,12.150688537604259,11.895543001687297,11.895543001687297,349200
2010-07-07,12.343246459960938,12.376944724621826,12.068845255483595,12.073659424464985,247700
2010-07-08,12.386574745178223,12.439529692958079,12.28066576782748,12.362504815210453,108400
2010-07-09,12.545437812805176,12.670603460142008,12.40101640645209,12.40101640645209,182700
2010-07-12,12.603208541870117,12.61283688171695,12.492485388258617,12.526183659513505,140500
2010-07-13,12.516554832458496,12.636906321232136,12.43471578336406,12.574323951081798,202800
2010-07-14,12.497296333312988,12.636904480697131,12.473226406347584,12.511738840417545,133300
2010-07-15,12.583950996398926,12.588765165991127,12.473227850405193,12.506926119341637,187000
2010-07-16,12.569504737854004,12.603202994275819,12.473223218184287,12.588760490862775,174200
2010-07-19,12.65616226196289,12.65616226196289,12.535810780209157,12.550252370365886,196200
2010-07-20,12.973886489868164,12.983513907890483,12.593575472621804,12.612832145083804,318000
2010-07-21,12.863165855407715,12.949819067945144,12.762071052919996,12.949819067945144,201800
2010-07-22,12.829461097717285,12.944998349915991,12.689853928972022,12.892044349871872,625400
2010-07-23,12.680232048034668,12.85353847363252,12.61283551283947,12.85353847363252,195200
2010-07-26,12.848722457885742,12.901676477268715,12.670601888482667,12.68023022590095,180700
2010-07-27,12.906490325927734,12.959445262206346,12.781324697220235,12.853536307857896,290800
2010-07-28,12.805778503417969,12.956606183625604,12.776586258733687,12.956606183625604,195900
2010-07-29,12.859293937683105,12.917678406827891,12.78631288724992,12.78631288724992,406000
2010-07-30,12.878758430480957,12.893355015523598,12.742527348768208,12.893355015523598,185500
2010-08-03,12.93227767944336,12.946874263769443,12.844700029496053,12.878757798252318,172400
2010-08-04,13.087969779968262,13.112297418491364,12.932276605438497,12.966334371366319,165200
2010-08-05,13.034449577331543,13.058776285509929,12.898217598721054,12.94687194308226,248300
2010-08-06,12.89335823059082,13.0636480531996,12.87389611234759,13.010128156035586,192700
2010-08-09,12.771723747253418,13.136630140032088,12.771723747253418,12.873897091789072,358200
2010-08-10,12.69387149810791,12.839833619323125,12.66954478724022,12.796044797357654,273600
2010-08-11,12.450600624084473,12.689005915983937,12.445735096330868,12.689005915983937,247800
2010-08-12,12.562507629394531,12.630623176309957,12.363025589423877,12.518718798376122,355200
2010-08-13,12.572237014770508,12.664680193292165,12.528448189576281,12.547910302109095,189800
2010-08-16,12.815505981445312,12.815505981445312,12.577100705769766,12.616023997145273,225400
2010-08-17,12.650083541870117,12.81550778550417,12.606294716907891,12.81550778550417,108700
2010-08-18,12.723065376281738,12.771719732291398,12.51871782344489,12.611161007062778,293300
2010-08-19,12.562507629394531,12.78631731326693,12.562507629394531,12.78145178448658,180700
2010-08-20,12.562507629394531,12.616027517973638,12.43600666511965,12.562507629394531,96300
2010-08-23,12.698741912841797,12.771723001535305,12.611164235207628,12.620895294501402,99000
2010-08-24,12.761985778808594,12.761985778808594,12.591696035429003,12.674408143470265,122600
2010-08-25,12.611167907714844,12.766861189735186,12.557647994018415,12.72307233816632,162600
2010-08-26,12.54791259765625,12.761990306653502,12.51385389449304,12.650085923131561,115200
2010-08-27,12.72792911529541,12.742525698447608,12.567370412639336,12.586832523508933,126800
2010-08-30,12.708474159240723,12.830109627760233,12.664685316333301,12.732800881742634,145900
2010-08-31,12.747390747070312,12.873890750950247,12.66954416252674,12.723063109397641,336500
2010-09-01,13.31664752960205,13.345839773497556,12.75225827025918,12.75225827025918,366600
2010-09-02,13.204742431640625,13.36530116756534,13.092838054966823,13.23880020471485,557300
2010-09-03,13.253393173217773,13.282585409598061,13.219335409440026,13.253393173217773,107900
2010-09-07,13.258261680603027,13.267992737585141,13.195011666228629,13.233934966152413,37300
2010-09-08,13.31664752960205,13.399359660643233,13.214473283960732,13.258262113806339,131400
2010-09-09,13.345839500427246,13.404223987023647,13.263127371078445,13.375031743725447,167200
2010-09-10,13.477208137512207,13.642632422602611,13.321513983070487,13.399361524293763,163400
2010-09-13,13.6231689453125,13.6231689453125,13.491802450618707,13.52099562366493,319100
2010-09-14,13.671819686889648,13.890762858755277,13.598838629601104,13.642627449575128,260700
2010-09-15,13.652359962463379,13.730206560908993,13.589109949228064,13.67182207607711,129000
2010-09-16,13.628031730651855,13.676686081262732,13.584242907902523,13.657223969816561,136400
2010-09-17,13.50153636932373,13.696152924181463,13.50153636932373,13.657229613209918,231200
2010-09-20,13.574517250061035,13.647498340995869,13.477209438149565,13.535593939695463,141300
2010-09-21,13.452882766723633,13.589114826904918,13.423690513829424,13.574518236455319,131700
2010-09-22,13.311779975891113,13.491799868533267,13.263125624797038,13.448011045349054,128800
2010-09-23,13.2825927734375,13.375035989230597,13.21447720811889,13.350709266761086,181900
2010-09-24,13.783726692199707,13.866438820530073,13.224203907849427,13.224203907849427,378300
2010-09-27,14.056194305419922,14.207022953048305,13.846981153165363,13.846981153165363,318300
2010-09-28,14.163228034973145,14.1778236908661,13.915091676742586,14.026996035943258,393000
2010-09-29,14.382179260253906,14.391910321622012,14.138908294081794,14.182697142233181,353600
2010-09-30,14.396768569946289,14.401634098169199,14.231344322385878,14.352979743944733,291200
2010-10-01,14.494075775146484,14.620575783803716,14.26540061240986,14.34324719989332,171400
2010-10-04,14.30919361114502,14.484348948118072,14.236212530074512,14.474617889840726,151300
2010-10-05,14.450288772583008,14.464884429570523,14.284864521357127,14.39676888894974,97500
2010-10-06,14.498939514160156,14.537862805591285,14.40163174958457,14.469747277587928,354200
2010-10-07,14.518404006958008,14.576788489685812,14.450288467774028,14.46001859622558,186800
2010-10-08,14.703287124633789,14.732480289405975,14.518401721098979,14.518401721098979,186600
2010-10-12,14.727621078491211,14.761678857328036,14.56706231539984,14.649774461719932,107700
2010-10-13,14.844391822814941,14.931969503516699,14.717890831579616,14.766545201747807,341900
2010-10-14,14.664365768432617,14.873578836890774,14.60598128719126,14.854117652478521,193400
2010-10-15,14.7665433883667,14.805466694120355,14.571926859598426,14.64004241266612,181300
2010-10-18,14.751944541931152,14.829791141518811,14.693560056242744,14.756810070405965,114300
2010-10-19,14.815194129943848,15.043868379330466,14.669231073054968,14.751943193557292,406300
2010-10-20,14.781139373779297,14.907640352267801,14.722754877864498,14.85898691500708,396900
2010-10-21,14.820063591003418,14.878449018510517,14.742216972997214,14.790871341252315,187900
2010-10-22,14.83465576171875,14.858983402603313,14.795732464308061,14.795732464308061,148500
2010-10-25,14.961156845092773,15.063330153714604,14.820059310704965,14.86384813668707,162300
2010-10-26,14.89791202545166,15.116855303648965,14.89791202545166,15.029277621168067,146800
2010-10-27,14.742213249206543,14.863848675117504,14.713021006829216,14.863848675117504,246200
2010-10-28,14.631555557250977,14.798773410093448,14.592210235291953,14.788936845087076,216800
2010-10-29,14.597131729125977,14.705331153800268,14.59221344554078,14.675822390355766,123600
2010-11-01,14.680737495422363,14.774182987175907,14.651228738366786,14.665982647861338,119400
2010-11-02,14.705326080322266,14.838116877108444,14.646308573794865,14.68565389083525,158400
2010-11-03,14.695488929748535,14.79877096914692,14.646307988961636,14.695488929748535,116200
2010-11-04,14.7299222946167,14.87746704713017,14.656148980293304,14.705330877153347,140700
2010-11-05,14.788933753967285,14.906969695172991,14.680734375711959,14.680734375711959,295000
2010-11-08,15.182395935058594,15.246331752237953,14.813533070085095,14.902059369702643,370200
2010-11-09,15.2561674118042,15.767657671042535,15.177476747008567,15.221740363214451,320900
2010-11-10,15.143049240112305,15.38895779467288,15.12829438913466,15.251248666414948,284000
2010-11-11,14.867631912231445,15.216822569312654,14.852877998398961,15.177477235648114,300900
2010-11-12,14.557782173156738,14.941398800791669,14.557782173156738,14.872544726716969,285000
2010-11-15,14.877466201782227,14.902056679781671,14.5971306250955,14.60696719152192,196200
2010-11-16,14.60697078704834,14.906978632368654,14.503688690281109,14.906978632368654,209800
2010-11-17,14.572537422180176,14.626637592825247,14.484011149397091,14.611882744994823,343500
2010-11-18,15.025008201599121,15.084026651311333,14.75942752306025,14.872545202103353,343800
2010-11-19,15.310262680053711,15.398789889466691,15.025008859759932,15.025008859759932,305300
2010-11-22,15.42829704284668,15.487314547354586,15.310260157698224,15.369278600272452,355300
2010-11-23,15.792245864868164,15.841426819692652,15.384037748585468,15.457810118888784,556700
2010-11-24,15.541418075561523,15.925035690246473,15.526663227204459,15.782408303661091,382400
2010-11-25,15.639781951904297,15.684045561837731,15.39387342474815,15.664373367459863,420700
2010-11-26,15.738142013549805,15.81191530469141,15.590597307399321,15.688960132144189,2107400
2010-11-29,16.003721237182617,16.062738735664833,15.718466554942413,15.787320615860407,246500
2010-11-30,15.900445938110352,16.01356363313028,15.841426541995764,16.00372706711118,242700
2010-12-01,15.97913646697998,16.0283174205633,15.851262985850353,15.900445815566794,250700
2010-12-02,15.998810768127441,16.12176505162337,15.93979323736677,16.028320471574517,242400
2010-12-03,15.934873580932617,15.998808448263695,15.752899916929138,15.998808448263695,237100
2010-12-06,15.929952621459961,15.988970137223207,15.880771671012756,15.954543096683564,192300
2010-12-07,15.856186866760254,15.984058509336128,15.802086676239576,15.984058509336128,194400
2010-12-08,15.669286727905273,15.910275958174504,15.600431724047773,15.910275958174504,168300
2010-12-09,15.61518669128418,15.767650606827289,15.541414343348066,15.688959039220295,211500
2010-12-10,15.600434303283691,15.615189150421081,15.497153187521304,15.58568039421275,151300
2010-12-13,15.787323951721191,15.806997080749678,15.590598289834864,15.600433916282684,283100
2010-12-14,15.728306770324707,15.762733808779487,15.620107372600192,15.752897244059136,565500
2010-12-15,15.915193557739258,15.984047616521552,15.688957319064839,15.688957319064839,6274000
2010-12-16,15.885685920715332,16.02831327581141,15.866012793916017,15.866012793916017,236400
2010-12-17,15.438133239746094,15.88568657410932,15.369279169249092,15.86601344650083,408700
2010-12-20,15.403708457946777,15.649616960629366,15.384036265526746,15.58568116268115,193100
2010-12-21,15.541418075561523,15.610272158428106,15.369281930328539,15.369281930328539,153900
2010-12-22,15.649620056152344,15.713556804813857,15.521747496895996,15.541420631273901,154700
2010-12-23,15.52666187286377,15.625025643864527,15.482398269720072,15.625025643864527,130600
2010-12-24,15.600434303283691,15.62994399755847,15.521743661350508,15.531580226108767,18500
2010-12-29,15.516827583312988,15.684045455692816,15.497155389068258,15.644700129136773,74800
2010-12-30,15.551252365112305,15.615188155835808,15.49715220045415,15.580761119441123,93100
2010-12-31,15.418462753295898,15.605352795888264,15.408626188405126,15.566007474391636,119900
2011-01-04,15.625027656555176,15.625027656555176,15.47748198104839,15.482400264038606,145700
2011-01-05,15.467643737792969,15.654533769488115,15.428298418590497,15.654533769488115,315400
2011-01-06,15.49223518371582,15.536498787857468,15.472562053845548,15.497153466183388,149200
2011-01-07,15.718470573425293,15.718470573425293,15.497153490437146,15.516825682271742,230700
2011-01-10,15.61518669128418,15.674205132472851,15.477477620554815,15.644695442845366,171300
2011-01-11,15.738142013549805,15.856178904149829,15.595514651280155,15.615187779068947,187400
2011-01-12,16.018482208251953,16.14635570018745,15.787327579383899,15.787327579383899,284900
2011-01-13,16.038150787353516,16.0922509511836,15.964377495561079,16.018477659391166,175400
2011-01-14,16.05290412902832,16.057823348911764,15.934869117683139,15.988967403472284,225900
2011-01-17,16.00864028930664,16.05782310673595,15.890605279741601,16.00864028930664,189700
2011-01-18,15.96437931060791,16.072579650569764,15.698798619385995,16.057825740986953,510600
2011-01-19,15.81191349029541,15.979131305046666,15.806994270846323,15.934867710667437,251900
2011-01-20,15.782408714294434,15.811918411776357,15.669291021480038,15.78732605914154,187600
2011-01-21,15.462728500366211,15.821753787975553,15.462728500366211,15.782409399092266,362400
2011-01-24,15.688961029052734,15.703715875737837,15.462725674946359,15.462725674946359,209700
2011-01-25,15.733223915100098,15.782405797079324,15.595514833171537,15.688960315125431,212400
2011-01-26,15.777488708496094,15.851260125559344,15.718469323486156,15.757815580159447,172300
2011-01-27,16.02340316772461,16.072584130798475,15.83159290901618,15.851266044699118,482500
2011-01-28,15.916593551635742,16.12523712081536,15.896722194084267,15.976205729253211,248200
2011-01-31,15.996074676513672,16.140139154498772,15.911622367163668,15.916591153321319,254500
2011-02-01,16.090465545654297,16.145110839393585,15.971241172984241,15.9960794260374,204400
2011-02-02,16.02587890625,16.140138240968824,15.996073771137755,16.090459857387472,138300
2011-02-03,15.981165885925293,16.0904564113614,15.896715494478235,16.04077993345562,208600
2011-02-04,15.906664848327637,16.03085804493072,15.896729165194856,15.9861484183521,194000
2011-02-07,16.001039505004883,16.020910857000604,15.896717749581994,15.896717749581994,136700
2011-02-08,15.901692390441895,16.04079002717077,15.901692390441895,16.001047303808992,169500
2011-02-09,15.628462791442871,15.946396896298056,15.628462791442871,15.896720403053212,264600
2011-02-10,15.399942398071289,15.693038151771509,15.399942398071289,15.648328565782117,293000
2011-02-11,15.201240539550781,15.469497229489068,15.00253170487085,15.414852892151128,601300
2011-02-14,15.593688011169434,15.76755857053711,15.360205284172928,15.394979206542798,447500
2011-02-15,15.926531791687012,15.991110871559357,15.593693131802654,15.593693131802654,277200
2011-02-16,16.120269775390625,16.130205453886813,15.966269601255032,15.966269601255032,203700
2011-02-17,16.164976119995117,16.169943010722744,16.06065435938627,16.145104767011567,219400
2011-02-18,16.13020133972168,16.19478039092004,16.12523255422247,16.19478039092004,200900
2011-02-22,15.991113662719727,16.169952150584827,15.901694418787176,16.130211317191247,201500
2011-02-23,15.946399688720703,16.150076378749798,15.906658866173041,16.02091633667355,157100
2011-02-24,15.896722793579102,16.015949048347238,15.86194886407111,15.946399294294224,144900
2011-02-25,15.68310832977295,15.797365782150495,15.593689124427604,15.797365782150495,377800
2011-02-28,15.643363952636719,15.688073547840226,15.623493547834176,15.683105709760031,324900
2011-03-01,15.68310832977295,15.727817932445621,15.623496157888312,15.668205760560983,210900
2011-03-02,15.623493194580078,15.69800886906168,15.623493194580078,15.688073193125945,137200
2011-03-03,15.688071250915527,15.717877327514483,15.613555585659094,15.638393824905208,342300
2011-03-04,15.593688011169434,15.717881132500871,15.593688011169434,15.693042887241912,290500
2011-03-07,15.539041519165039,15.698008540739197,15.4992997637715,15.638395433889794,190200
2011-03-08,15.663239479064941,15.732787335685039,15.553948907212238,15.578788104232617,289100
2011-03-09,15.553942680358887,15.707942797677504,15.509233091139688,15.673167935770714,132400
2011-03-10,15.434727668762207,15.588726940769908,15.434727668762207,15.55395300330224,140700
2011-03-11,15.345304489135742,15.439691543387015,15.290660150374258,15.399949775415713,213000
2011-03-14,15.399942398071289,15.399942398071289,15.191297979293473,15.260845803046733,137500
2011-03-15,15.434727668762207,15.434727668762207,15.181373477545113,15.275760556042163,139200
2011-03-16,15.260849952697754,15.399946585544743,15.206205625255034,15.399946585544743,198000
2011-03-17,15.414851188659668,15.434721596172555,15.285690223511645,15.305560631024532,167800
2011-03-18,15.310523986816406,15.519168415961,15.30555614951319,15.434717076842519,305800
2011-03-21,15.618532180786133,15.628466913544422,15.394984112148709,15.394984112148709,196900
2011-03-22,15.668206214904785,15.73278622757222,15.593689576610585,15.618528771881456,186100
2011-03-23,15.688071250915527,15.737748676925847,15.668200849022254,15.673167738857005,155600
2011-03-24,15.693050384521484,15.717888641646802,15.653308604609713,15.698018225450303,148600
2011-03-25,15.702980995178223,15.747690601580064,15.648335710127423,15.648335710127423,279600
2011-03-28,15.59865951538086,15.732788345343234,15.55891774511629,15.722852665897456,130600
2011-03-29,15.593688011169434,15.643365449205673,15.51420448931878,15.613559365391257,143800
2011-03-30,15.702980995178223,15.717883565633192,15.573820015297176,15.603626103725583,119200
2011-03-31,15.742719650268555,15.747687488611001,15.653300455141066,15.717880458556317,184900
2011-04-01,15.75265884399414,15.787433722247036,15.722852753010208,15.747691951762276,235600
2011-04-04,15.732782363891602,15.77252411904674,15.71291101255494,15.77252411904674,91500
2011-04-05,15.68310832977295,15.722850093535504,15.658270082740747,15.722850093535504,166400
2011-04-06,15.712916374206543,15.737755571853143,15.68311028454913,15.68311028454913,101100
2011-04-07,15.534071922302246,15.747684188673484,15.534071922302246,15.69800676317723,313200
2011-04-08,15.524136543273926,15.658265310412155,15.509233031085866,15.568846132320003,76200
2011-04-11,15.548978805541992,15.593688406155264,15.439689197108633,15.539044075697756,143300
2011-04-12,15.534071922302246,15.633425825776673,15.434717071309738,15.534071922302246,109100
2011-04-13,15.588719367980957,15.618526397775163,15.509235850232953,15.534075041728125,76800
2011-04-14,15.499302864074707,15.618528154103789,15.499302864074707,15.618528154103789,87000
2011-04-15,15.385047912597656,15.57878988138381,15.385047912597656,15.51420890928223,135500
2011-04-18,15.419822692871094,15.419822692871094,15.181371113405493,15.375113080941205,174700
2011-04-19,15.260849952697754,15.394978747137534,15.22110819295837,15.394978747137534,121200
2011-04-20,15.464530944824219,15.553950166299074,15.335370899936715,15.340337792224375,90600
2011-04-21,15.37511157989502,15.514207294525141,15.37511157989502,15.449627276663797,126500
2011-04-25,15.439689636230469,15.459560991520794,15.394980034345608,15.424786119762725,64200
2011-04-26,15.702980995178223,15.702980995178223,15.444659035416132,15.444659035416132,146900
2011-04-27,15.688071250915527,15.747684351631529,15.618523423011935,15.658265174316572,182000
2011-04-28,15.760854721069336,15.806029222567568,15.615293183085699,15.6203126785156,140400
2011-04-29,15.811053276062012,15.811053276062012,15.710665253265544,15.77591775529459,126000
2011-05-02,15.790976524353027,15.790976524353027,15.705647942880711,15.780938487184716,139500
2011-05-03,15.760854721069336,15.876300243844437,15.740777696720599,15.765874216499235,129100
2011-05-04,15.896380424499512,15.911438912872239,15.775915389630663,15.775915389630663,102400
2011-05-05,15.84618854522705,15.906421549422793,15.82611151540922,15.906421549422793,314700
2011-05-06,15.881328582763672,15.886348080988672,15.81105752235649,15.886348080988672,85500
2011-05-09,16.051979064941406,16.112211096523698,15.841165039661632,15.86124302176965,378700
2011-05-10,16.051979064941406,16.172445042847748,16.036921535731278,16.046959569414405,201000
2011-05-11,16.03190803527832,16.12727657121236,16.03190803527832,16.072063057139296,172100
2011-05-12,15.866267204284668,16.051983806791192,15.866267204284668,16.001789794064425,206000
2011-05-13,15.836153030395508,15.931521575750617,15.836153030395508,15.866270017794806,89000
2011-05-16,15.88634204864502,15.91645806918799,15.836148042826045,15.836148042826045,94000
2011-05-17,15.93151569366455,15.941554685757815,15.866264159800304,15.88634118661585,110800
2011-05-18,15.996773719787598,16.03692874468332,15.891366181079265,15.9515991971085,137800
2011-05-19,16.02688217163086,16.08209566377186,16.001784694580014,16.001784694580014,82500
2011-05-20,16.051979064941406,16.112211096523698,15.966649555724096,16.021863049150262,175100
2011-05-24,16.011829376220703,16.041945402014502,15.966654858844407,16.021868370609035,151000
2011-05-25,16.15237045288086,16.197544964740068,15.986730895187467,15.986730895187467,125600
2011-05-26,16.3129940032959,16.33809053419861,16.13731637223436,16.13731637223436,233900
2011-05-27,16.3129940032959,16.388285510746602,16.26280094149048,16.26280094149048,135000
2011-05-30,16.23267936706543,16.282872414682764,16.182486319448092,16.282872414682764,103600
2011-05-31,16.187498092651367,16.247730107566245,16.087110124632414,16.232672582522834,95000
2011-06-01,16.117233276367188,16.333066820300317,16.077077307848484,16.21762128292199,209700
2011-06-02,16.03692626953125,16.162410822634403,16.006809287479257,16.112215852547745,98800
2011-06-03,15.96163272857666,16.011826734866982,15.936536204117017,15.991749706773478,146000
2011-06-06,15.856225967407227,15.996768991688175,15.846186974807651,15.941555489761546,98100
2011-06-07,15.85120964050293,15.896384158862475,15.831132608660475,15.836151148592673,92000
2011-06-08,15.946573257446289,15.991747761876407,15.836146265563363,15.851204752830377,122900
2011-06-09,16.001789093017578,16.051983103545318,15.866266509175137,16.051983103545318,143000
2011-06-10,15.871292114257812,16.026892745144917,15.851214119370965,16.001795251536358,163100
2011-06-13,15.84618854522705,15.916459585646148,15.82611151540922,15.906421549422793,148100
2011-06-14,15.891366958618164,15.931521985478605,15.846192433728751,15.846192433728751,120900
2011-06-15,15.876303672790527,15.931517177073511,15.811052132850605,15.886342665818537,104600
2011-06-16,15.811053276062012,15.881324317596857,15.795994785431201,15.83614980307556,91800
2011-06-17,15.790976524353027,15.846190036949197,15.740783466397833,15.811054513432076,291300
2011-06-20,15.826108932495117,15.901399457423594,15.740779415610582,15.740779415610582,103400
2011-06-21,15.811053276062012,15.861247287460246,15.790975288554264,15.790975288554264,119900
2011-06-22,15.760854721069336,15.811048717997469,15.7357582012907,15.79097073627787,111600
2011-06-23,15.675524711608887,15.735757697468298,15.665485721070512,15.735757697468298,98800
2011-06-24,15.615293502807617,15.695603516588626,15.615293502807617,15.665486543392587,117600
2011-06-27,15.620314598083496,15.70564411613614,15.620314598083498,15.630352632806,122800
2011-06-28,15.690587043762207,15.690587043762207,15.620316007509212,15.620316007509212,64800
2011-06-29,15.69560432434082,15.700623820131817,15.645410323801807,15.685565332758832,154000
2011-06-30,15.866267204284668,15.93151875066965,15.69560813543636,15.710665669094576,251000
2011-07-04,16.112213134765625,16.14734865052852,15.91143903251223,15.93151605978917,71900
2011-07-05,16.09715461730957,16.157386652820716,16.00680560667191,16.157386652820716,111500
2011-07-06,16.05699920654297,16.187503223383438,15.991747676808194,16.132289727735685,145100
2011-07-07,16.021865844726562,16.112213907864383,15.881322817560426,16.112213907864383,311600
2011-07-08,15.991744995117188,16.04193802924807,15.946570498502783,16.02186100706987,108200
2011-07-11,16.16240692138672,16.177464451406998,16.00178592799326,16.016844415384472,361700
2011-07-12,16.217626571655273,16.25276209819621,16.06202501501498,16.072064010418476,97000
2011-07-13,16.31800651550293,16.33808449870507,16.192521992602366,16.23267795900664,169800
2011-07-14,16.187498092651367,16.33807908730918,16.13228461450388,16.282865609161696,147300
2011-07-15,16.252756118774414,16.312988154293308,16.197542621739643,16.207581613449772,141600
2011-07-18,16.207578659057617,16.26781068359714,16.051977188027188,16.252753156147644,80400
2011-07-19,16.32303237915039,16.35816790402931,16.207586809584996,16.222644344606678,126600
2011-07-20,16.23267936706543,16.338085915907055,16.217621835728632,16.318007930963304,118000
2011-07-21,16.30797004699707,16.383259614700897,16.28287160968719,16.287892063045945,175200
2011-07-22,16.383255004882812,16.383255004882812,16.297926469212637,16.31298399556822,127800
2011-07-25,16.433454513549805,16.46356957462272,16.29291054115578,16.363181569981826,74600
2011-07-26,16.292911529541016,16.433455510460927,16.242718481546646,16.41337752536636,285600
2011-07-27,16.102781295776367,16.366428111617367,16.09264077326809,16.330937249891853,117200
2011-07-28,16.04193687438965,16.19404178948744,15.996305496565641,15.996305496565641,89300
2011-07-29,16.016592025756836,16.062223419213414,15.849277238767266,16.03180281259358,72100
2011-08-02,15.884769439697266,16.072365291533508,15.737735689493705,16.04701397801308,127600
2011-08-03,15.742801666259766,15.930397478547214,15.697170278596696,15.828994179950723,120700
2011-08-04,15.509575843811035,15.75801286818824,15.448733669632297,15.717451741086933,109900
2011-08-05,15.169878005981445,15.509577852086405,15.058335133772982,15.469016719732993,181600
2011-08-08,14.267394065856934,14.784549317950582,10.11494416036516,14.754128705196203,930500
2011-08-09,14.627376556396484,14.875813681870392,14.27246582454579,14.27246582454579,2535600
2011-08-10,14.830175399780273,15.083682671571388,14.652720116115791,14.708492025366956,363400
2011-08-11,15.129310607910156,15.311836111435454,14.86059261294828,14.86059261294828,336700
2011-08-12,15.245928764343262,15.453804671575565,15.205367635299243,15.337191546455708,232400
2011-08-15,15.539995193481445,15.778292642145725,15.342259835699146,15.40817129927542,192000
2011-08-16,15.337183952331543,15.595761384599045,15.266202253414114,15.595761384599045,245700
2011-08-17,15.311838150024414,15.610976779716164,15.311838150024414,15.337188487976567,513600
2011-08-18,15.266212463378906,15.428457007728847,14.9214423231084,15.301703336573736,229100
2011-08-19,15.10903263092041,15.261137570391504,15.063401245784428,15.134383937692329,224600
2011-08-22,15.04819393157959,15.261140108613398,14.804827148413414,15.261140108613398,122900
2011-08-23,15.063400268554688,15.159733293931483,14.982278026254253,15.103962356758315,230900
2011-08-24,15.14958667755127,15.1800082314661,15.022833104065203,15.068464467884429,115000
2011-08-25,15.190155982971191,15.39296258367887,15.083683387947847,15.200296506417283,166500
2011-08-26,15.387895584106445,15.458877329169754,15.139458509331119,15.210440254394427,135800
2011-08-29,15.565351486206055,15.621122444926494,15.423387023805203,15.423387023805203,149300
2011-08-30,15.545068740844727,15.849277717390667,15.514648133306235,15.687033187780479,235000
2011-08-31,16.06222152709961,16.06222152709961,15.585627566614116,15.585627566614116,205700
2011-09-01,16.22446060180664,16.417126613002893,15.910111252143224,16.062216150517088,286200
2011-09-02,15.687032699584961,16.214327404408156,15.687032699584961,16.072363928944117,256100
2011-09-06,15.717452049255371,15.798574305048534,15.408172844635462,15.636329793462211,238600
2011-09-07,16.04193687438965,16.097708773297505,15.763079313957002,15.879692405261322,167300
2011-09-08,16.0267333984375,16.148416798409887,15.920259819053097,15.925330081600325,119300
2011-09-09,15.839132308959961,15.981096712124842,15.732659731876332,15.976026451256091,133400
2011-09-12,15.651535987854004,15.717447438706426,15.585623569948298,15.717447438706426,123200
2011-09-13,15.666746139526367,15.788429490143558,15.565343830872028,15.565343830872028,154100
2011-09-14,15.874627113342285,16.00645102753214,15.666751201326564,15.737733904077176,135700
2011-09-15,16.305583953857422,16.356284623097952,15.884762016609391,15.894902537278808,233500
2011-09-16,15.98617172241211,16.305590515614234,15.87462788426719,16.300521220292797,340700
2011-09-19,15.869551658630371,16.072358209211693,15.758008829453287,15.976025194390896,170100
2011-09-20,15.930397033691406,16.031800329456214,15.834063999420191,15.864485568381733,178500
2011-09-21,16.047008514404297,16.14334153887545,15.854343432515384,15.920254891119816,176900
2011-09-22,15.666746139526367,15.884762505360492,15.529852007437036,15.844201388488095,228100
2011-09-23,16.07236671447754,16.07236671447754,15.484229727485976,15.514650339350004,284200
2011-09-26,15.783361434936523,16.016588614829768,15.676888850914901,16.011518353630628,286100
2011-09-27,16.503320693969727,16.675705691993564,15.869552603309547,15.869552603309547,895700
2011-09-28,16.310653686523438,16.508390943743983,16.229531453089344,16.432338003727878,340200
2011-09-29,16.3968505859375,16.45769179024495,16.199115221358024,16.224465561977212,252800
2011-09-30,16.38163948059082,16.650356551422384,16.31065582468746,16.351217913775095,249000
2011-10-03,16.280231475830078,16.518528844921462,16.214319067209978,16.280231475830078,135900
2011-10-04,16.194047927856445,16.265030635296135,15.930400082060293,16.204187485730387,206000
2011-10-05,16.047008514404297,16.300516728026654,15.905045075239856,16.194043181599923,242000
2011-10-06,16.1889705657959,16.19911108627645,15.981094731210971,16.08249703485667,169000
2011-10-07,16.20418357849121,16.442481021562433,16.08757047110295,16.19911428430342,175000
2011-10-11,16.65036392211914,16.655433218445715,16.249821818549723,16.249821818549723,195000
2011-10-12,16.65542984008789,16.8176743671369,16.54388793655878,16.604729150675325,186000
2011-10-13,16.391780853271484,16.60472602970862,16.33600894493596,16.58444498411262,243000
2011-10-14,16.538814544677734,16.59965768494627,16.43741124500391,16.43741124500391,82000
2011-10-17,16.766969680786133,16.777110203072798,16.462761748613676,16.518533654136895,209000
2011-10-18,16.594585418701172,16.782180254199616,16.493182125367138,16.76190114281837,406800
2011-10-19,16.685848236083984,16.81260186958025,16.47797235451439,16.53374426270986,159000
2011-10-20,16.538814544677734,16.680779937863914,16.49825438527245,16.635148549716046,160600
2011-10-21,16.559099197387695,16.670643044729694,16.47797692680465,16.655431289296473,146100
2011-10-24,16.493181228637695,16.77204075367151,16.483040706444932,16.65542571550818,230800
2011-10-25,16.619937896728516,16.625009125806475,16.488114952309598,16.508396000407032,305100
2011-10-26,16.766969680786133,16.858232447259244,16.57430362555325,16.57430362555325,264100
2011-10-27,17.061037063598633,17.365244960802144,16.858230509391863,16.89372136626205,609000
2011-10-28,17.060016632080078,17.198299793599574,16.916610786579398,17.157326136676094,222300
2011-10-31,16.762958526611328,17.04464549665288,16.752715115407703,16.90636237600028,203100
2011-11-01,16.69126319885254,16.7322349061295,16.496642216524844,16.65541222233582,190000
2011-11-02,16.72199058532715,16.83978690998756,16.655409374438616,16.655409374438616,128800
2011-11-03,16.716861724853516,16.916603329983502,16.6451598105741,16.768078773432126,173500
2011-11-04,16.82441520690918,16.82441520690918,16.51712071920691,16.72198501349556,167000
2011-11-07,16.573457717895508,16.768078592938025,16.573457717895508,16.747591773727102,230500
2011-11-08,16.54273796081543,16.660534315248697,16.430064291292915,16.59395504126371,186600
2011-11-09,16.35323715209961,16.512007146664338,16.302021056332464,16.49152031761117,164500
2011-11-10,16.22007179260254,16.42493514953165,16.22007179260254,16.42493514953165,161100
2011-11-11,16.455671310424805,16.629805470726247,16.2969012968838,16.30714471263468,196200
2011-11-14,16.593952178955078,16.681018270101255,16.440302917845216,16.440302917845216,209000
2011-11-15,16.624679565429688,16.69126077804633,16.55297762279549,16.619558835412132,171300
2011-11-16,16.43006134033203,16.604193521385202,16.240561107306817,16.56322181811725,181000
2011-11-17,16.24568748474121,16.394213126599364,16.1176477004063,16.389092394868076,239400
2011-11-18,16.081790924072266,16.25592504619004,16.081790924072266,16.220074075789146,216000
2011-11-21,16.09202766418457,16.09202766418457,15.902528500395336,16.066420117907906,136700
2011-11-22,16.045934677124023,16.11763659434734,15.887165727472956,16.11763659434734,119200
2011-11-23,15.979357719421387,16.061303063470476,15.902533104618003,15.958870894976336,95100
2011-11-24,16.01521110534668,16.02545451911706,15.90765721448912,15.94350818581974,57400
2011-11-25,15.989603996276855,16.030576678145074,15.892294487380946,15.984482288935101,87000
2011-11-28,16.48639678955078,16.60419311997923,16.015211467836984,16.015211467836984,247700
2011-11-29,16.9012451171875,16.9012451171875,16.440301287044406,16.440301287044406,457000
2011-11-30,16.783449172973633,16.90124549805779,16.58370749332088,16.90124549805779,236200
2011-12-01,16.870512008666992,16.901242243361715,16.76808180047989,16.76808180047989,250400
2011-12-02,16.84490203857422,16.88075299703958,16.65028115424032,16.850024720486815,224500
2011-12-05,16.74759864807129,16.850030832440357,16.74759864807129,16.850030832440357,85800
2011-12-06,16.783449172973633,16.829543557026682,16.57858480968645,16.742475518823653,128600
2011-12-07,16.783449172973633,16.89100208452029,16.752718932361148,16.783449172973633,204900
2011-12-08,16.957582473754883,17.01392026861487,16.711746421964165,16.773204946479026,237800
2011-12-09,16.850032806396484,16.972949879053782,16.74760061002764,16.952463049033685,254800
2011-12-12,16.803936004638672,16.896124772769948,16.701503822967098,16.844907705068483,146000
2011-12-13,16.84490203857422,16.88587567895218,16.747592573272623,16.803930351926965,168000
2011-12-14,16.793697357177734,16.834669069235385,16.74760296003043,16.824425652787994,121000
2011-12-15,16.80905532836914,16.86027043805481,16.711745838473895,16.778325090319022,221000
2011-12-16,16.214948654174805,16.94221521654255,16.214948654174805,16.803932096506482,703500
2011-12-19,16.70662498474121,16.76808546757174,16.39420770174598,16.430060626929496,311700
2011-12-20,16.952457427978516,16.96782352226436,16.716864822059556,16.716864822059556,229700
2011-12-21,16.98830795288086,16.98830795288086,16.732228530350387,16.95245699002507,181000
2011-12-22,16.983182907104492,17.00879045210215,16.706616732176705,16.926845135871375,189700
2011-12-23,17.182933807373047,17.23415087886119,16.947341139722113,17.013922355790946,153400
2011-12-28,17.003677368164062,17.23414928420665,16.911488601747024,17.167568074298497,135100
2011-12-29,16.875635147094727,17.00879559357297,16.768082253354876,16.97806731177932,129300
2011-12-30,16.921728134155273,16.942214956156327,16.839782799881945,16.9268488627901,121500
2012-01-03,16.983182907104492,17.00879045210215,16.90635831838107,16.926845135871375,205700
2012-01-04,16.9012451171875,16.99343388321612,16.83466390755987,16.99343388321612,232500
2012-01-05,16.9012451171875,16.921731943800822,16.757841238356903,16.844907320866533,129300
2012-01-06,16.91661262512207,16.91661262512207,16.783452133111517,16.906369209777917,108800
2012-01-09,16.9012451171875,16.96270364329614,16.82442049425321,16.921731943800822,163300
2012-01-10,16.737354278564453,16.901244982704295,16.706624038888997,16.875637426507065,144300
2012-01-11,16.793697357177734,16.850035170772433,16.681021729988338,16.681021729988338,169000
2012-01-12,16.74759864807129,16.82954400482026,16.701504262791783,16.82954400482026,114900
2012-01-13,16.665653228759766,16.768085412744306,16.65028713123667,16.742475901449613,117300
2012-01-16,16.742473602294922,16.80905480580134,16.711745318931296,16.752717014659844,52100
2012-01-17,16.742473602294922,16.829541630531182,16.66565094015472,16.79881139343642,116400
2012-01-18,16.773210525512695,16.798818089767092,16.655414166956923,16.742480276168266,148000
2012-01-19,16.76808738708496,16.798815678286406,16.650289091707293,16.773208117707988,100500
2012-01-20,16.79881477355957,16.803937457638344,16.70662599745693,16.70662599745693,168600
2012-01-23,16.793697357177734,16.798818088535473,16.737359543583036,16.783453940730343,116000
2012-01-24,16.814178466796875,16.850029435293695,16.732231163111276,16.768084085339353,196000
2012-01-25,16.773210525512695,16.844912486917778,16.721995397003898,16.824425654021493,134000
2012-01-26,16.814178466796875,16.82441992602632,16.747597259417955,16.757840672378652,98500
2012-01-27,16.79881477355957,16.870516720810173,16.788571359133552,16.829545016837628,133400
2012-01-30,16.777074813842773,16.90644769910957,16.740850563893957,16.85469933463228,148400
2012-01-31,16.782249450683594,16.808123630788366,16.58560212855519,16.802949584396774,171300
2012-02-01,16.78742790222168,16.83917825008431,16.720155411111147,16.766729737150552,211300
2012-02-02,16.953025817871094,16.953025817871094,16.74085431742471,16.80295473760951,319800
2012-02-03,17.02547264099121,17.092745120590664,16.901273801446653,16.953022166380627,231900
2012-02-06,17.066871643066406,17.087571779524446,16.978899024230245,16.978899024230245,308500
2012-02-07,17.21694564819336,17.232469764380916,16.911625527370784,17.030648357647546,329200
2012-02-08,17.232473373413086,17.242823444397022,17.10827646975425,17.206599182990345,185000
2012-02-09,17.268705368041992,17.30492964567052,17.20660688840381,17.23248109041346,136700
2012-02-10,17.247995376586914,17.310093813689768,17.14449666536634,17.196245033939764,152900
2012-02-13,17.232473373413086,17.325622038194307,17.232473373413086,17.325622038194307,138900
2012-02-14,17.25834846496582,17.315272871312626,17.170375818120245,17.242824344716436,168600
2012-02-15,17.299741744995117,17.361840174918264,17.20141906644401,17.25834147566402,110800
2012-02-16,17.247995376586914,17.310093813689768,17.11344645977805,17.299743745160338,162400
2012-02-17,17.356672286987305,17.36702235799261,17.185899076511024,17.19624914751633,164400
2012-02-21,17.17037010192871,17.34114129004336,17.123795782611328,17.28939292372344,186200
2012-02-22,17.07205581665039,17.16002847749621,16.96855705901002,17.14967840432471,182500
2012-02-23,17.21177101135254,17.237647172511785,17.02547567989394,17.02547567989394,174500
2012-02-24,17.2790470123291,17.289397082897647,17.17037423247053,17.17037423247053,120400
2012-02-27,17.196245193481445,17.31526802156356,17.19107114620559,17.30491795293811,109700
2012-02-28,17.17037010192871,17.206594353167382,17.11862173560879,17.206594353167382,164700
2012-02-29,17.247995376586914,17.253169423814768,17.13414659683691,17.175544896880904,192800
2012-03-01,17.232473373413086,17.413596654520656,17.160024850599736,17.247999466926085,319800
2012-03-02,17.454999923706055,17.5222744171786,17.191079947890305,17.237654293513643,298000
2012-03-05,17.49639892578125,17.537797244344063,17.34632582608252,17.42912443728275,124400
2012-03-06,17.36701202392578,17.574007398638816,17.361836004465967,17.423934419472577,125400
2012-03-07,17.58954429626465,17.60506841604163,17.387720868792748,17.387720868792748,140200
2012-03-08,17.625770568847656,17.708569173892574,17.568846157740314,17.568846157740314,180300
2012-03-09,17.755138397216797,17.791362653107804,17.620589468986857,17.620589468986857,176800
2012-03-12,17.806884765625,17.853459085681028,17.724086193755802,17.755136398484375,259000
2012-03-13,18.00870704650879,18.07080548494511,17.801711593696457,17.801711593696457,239700
2012-03-14,17.755138397216797,18.013884210194792,17.682687911360887,17.99318407137882,180900
2012-03-15,17.755138397216797,17.77583656195888,17.651639677210817,17.729262236659885,122200
2012-03-16,17.630937576293945,17.703386080013356,17.548139004318376,17.698212032922115,409600
2012-03-19,17.687870025634766,17.713744221030076,17.574021197005923,17.594721342951996,330300
2012-03-20,17.682689666748047,17.749964137541454,17.527442558364413,17.630941288644863,398900
2012-03-21,17.6102352142334,17.698209796255817,17.548136786618024,17.656809528463285,287900
2012-03-22,17.51190948486328,17.620582207753564,17.51190948486328,17.620582207753564,117600
2012-03-23,17.56366729736328,17.568843319759367,17.4705186349752,17.5119189178473,376600
2012-03-26,17.837932586669922,17.868980813175853,17.501562322984043,17.53261252356338,214200
2012-03-27,17.755138397216797,17.817236839590826,17.724088188992834,17.791362653107804,105000
2012-03-28,17.72408676147461,17.79653526742154,17.682686487177087,17.749960945873692,146500
2012-03-29,17.53261947631836,17.718916805525833,17.454994931123846,17.65681637974055,136100
2012-03-30,17.54814338684082,17.58954367020486,17.470518842570325,17.532619267616386,112900
2012-04-02,17.677522659301758,17.71892295753279,17.51709946476882,17.542975638200648,190800
2012-04-03,17.542966842651367,17.636115492894206,17.517090682193114,17.59988926306743,113300
2012-04-04,17.465341567993164,17.501565822208285,17.341142714917186,17.486041705851463,233000
2012-04-05,17.465341567993164,17.506741843709758,17.34631873641866,17.429117313778047,145000
2012-04-09,17.558490753173828,17.5636648007603,17.398067640959145,17.398067640959145,86000
2012-04-10,17.465341567993164,17.62058865378279,17.37219292170463,17.517089938565107,175000
2012-04-11,17.46017074584961,17.537793316046145,17.41877046248546,17.51709317436407,154800
2012-04-12,17.465341567993164,17.49639177478061,17.43429136120572,17.46016752056549,121200
2012-04-13,17.454999923706055,17.49122419540479,17.41877565200732,17.465349997630657,102200
2012-04-16,17.444643020629883,17.480867278147706,17.418768832984863,17.43946897273047,73700
2012-04-17,17.434297561645508,17.449823657597925,17.346324905571315,17.434297561645508,144100
2012-04-18,17.47569465637207,17.486044727089503,17.36184585255445,17.38772004231096,105100
2012-04-19,17.54814338684082,17.656816169560184,17.42394451082286,17.47569486502791,164100
2012-04-20,17.66716194152832,17.693036125297915,17.522264933159654,17.553313164053694,106100
2012-04-23,17.687870025634766,17.760318562371463,17.563671124032883,17.563671124032883,150800
2012-04-24,17.749963760375977,17.82758829995541,17.5998907033619,17.5998907033619,144600
2012-04-25,17.81205940246582,17.894859951150206,17.67751245900116,17.67751245900116,127800
2012-04-26,18.0035343170166,18.060458712280795,17.801712896770034,17.801712896770034,157600
2012-04-27,18.263778686523438,18.34738960896184,17.9502362322982,18.080878423198307,360800
2012-04-30,18.269001007080078,18.289904233201092,18.19061689928832,18.227196548279412,225000
2012-05-01,18.263778686523438,18.316034765506828,18.237650647031742,18.269003497045123,191700
2012-05-02,18.289897918701172,18.310801137605452,18.190610619066867,18.263769891791164,142800
2012-05-03,18.16971206665039,18.415319968252913,18.112229196620767,18.24287135816403,202000
2012-05-04,18.054746627807617,18.08087466186394,17.897976430028457,18.033843403186072,171400
2012-05-07,18.164485931396484,18.190615959418352,17.965911273830866,17.97636288635136,233200
2012-05-08,17.9868106842041,18.15925928316936,17.903199785947294,18.133131251234303,370400
2012-05-09,17.918872833251953,18.1226742121254,17.918872833251953,17.950225664807583,248000
2012-05-10,18.15925407409668,18.248089755881114,17.976355909575496,18.075643199824068,349000
2012-05-11,17.913654327392578,18.23764835539156,17.86139825497539,18.159262253324396,242700
2012-05-14,17.594886779785156,17.929332414817846,17.56353393428681,17.90320238564743,333000
2012-05-15,17.521728515625,17.631469461664686,17.500827281874002,17.594887817357147,161200
2012-05-16,17.333600997924805,17.500824798291912,17.244765285125922,17.45379354050392,252000
2012-05-17,17.270898818969727,17.380637790943332,17.2552223925283,17.33360651817724,537400
2012-05-18,17.32314682006836,17.427658926810206,17.291791991981412,17.359726456116135,197000
2012-05-22,17.443334579467773,17.453786187177503,17.244758019863625,17.24998282699832,202000
2012-05-23,17.338823318481445,17.459013836549197,17.16637475335771,17.443337419152737,185100
2012-05-24,17.30224609375,17.438113048150566,17.28656967416865,17.33882573506711,131700
2012-05-25,17.401538848876953,17.427666887497296,17.29179989060657,17.302251504743023,73800
2012-05-28,17.30224609375,17.417211819855748,17.281342872014235,17.401533406833455,59400
2012-05-29,17.37017822265625,17.396306249578135,17.21340607424358,17.32314697682058,136300
2012-05-30,17.239540100097656,17.3649554558384,17.140250783908336,17.34927903473109,186300
2012-05-31,17.270898818969727,17.32838170717737,17.192514693320785,17.223867546203635,121000
2012-06-01,17.046186447143555,17.197731813108895,16.988703584643538,17.166376980806813,957700
2012-06-04,16.999156951904297,17.06709143219123,16.87374159661887,16.993932142701208,137100
2012-06-05,17.270898818969727,17.286577238852967,16.95735832949033,16.95735832949033,138800
2012-06-06,17.65760040283203,17.673276829083726,17.270898609941955,17.281350225257015,140200
2012-06-07,17.673267364501953,17.77778146824023,17.641912535348254,17.641912535348254,133600
2012-06-08,17.46424102783203,17.683720868537634,17.438112997458756,17.668044449001854,141700
2012-06-11,17.411989212036133,17.52172816242224,17.270895421493385,17.52172816242224,109400
2012-06-12,17.391082763671875,17.46424205037696,17.2499889992659,17.43288920946967,110000
2012-06-13,17.354501724243164,17.474692256081564,17.24998761159733,17.354501724243164,104600
2012-06-14,17.182056427001953,17.380631063201246,17.145476783836767,17.370181445246374,104000
2012-06-15,16.957347869873047,17.234308531193264,16.905089824899036,17.16637406944734,381500
2012-06-18,17.098445892333984,17.202958021630216,16.88419283777097,16.889417646859346,133500
2012-06-19,17.32837677001953,17.58966110128849,17.067092438750574,17.067092438750574,268700
2012-06-20,17.297021865844727,17.40153599663703,17.19250972849366,17.202959347475776,125100
2012-06-21,17.103666305541992,17.34404733064779,17.06186186325604,17.297016087175738,126800
2012-06-22,17.223861694335938,17.328375819800634,17.087994726640634,17.087994726640634,135000
2012-06-25,17.13502311706543,17.276116863824306,17.12979631527391,17.223858813113164,68000
2012-06-26,17.187280654907227,17.218635488034923,17.06709011807918,17.1297977908936,90600
2012-06-27,17.197729110717773,17.312694817652503,17.150697866375438,17.16637428334268,132200
2012-06-28,17.354501724243164,17.385856556069182,17.08276582874035,17.17160352219362,174000
2012-06-29,17.563528060913086,17.63668733386602,17.42243432302928,17.42243432302928,187500
2012-07-03,17.7934627532959,17.840494013170954,17.594886101218865,17.594886101218865,144600
2012-07-04,17.845714569091797,17.89797062024182,17.762103691187416,17.76732849892619,62200
2012-07-05,17.950231552124023,17.965909966484503,17.746430106407782,17.767333329927684,142500
2012-07-06,17.97635841369629,18.6138906712935,17.845716279856756,17.877069116176155,262600
2012-07-09,17.82480812072754,17.97635343241368,17.746422064768442,17.95022341813384,144900
2012-07-10,18.180160522460938,18.232416580629398,17.845716965924765,17.871844995008995,282800
2012-07-11,18.096548080444336,18.174932160970815,18.00248558906003,18.112224497861497,107000
2012-07-12,18.00248908996582,18.070423567719043,17.934554612212597,18.070423567719043,90700
2012-07-13,18.112228393554688,18.216742516843553,18.012941072822866,18.02861749361181,96400
2012-07-16,18.138355255126953,18.169710088121885,18.059971162801073,18.11222722435166,70600
2012-07-17,18.180160522460938,18.24286819095126,18.096549633326894,18.112226052089262,76000
2012-07-18,18.185382843017578,18.253317304095354,18.185382843017578,18.190609644183866,70900
2012-07-19,18.201068878173828,18.242873337814725,18.13835919855038,18.237648527900138,68300
2012-07-20,18.331710815429688,18.441449763181105,18.174938611851804,18.174938611851804,93500
2012-07-23,18.300350189208984,18.38396107440566,18.248092140060596,18.289898579379308,90800
2012-07-24,18.28467559814453,18.42054255262434,18.216741124184153,18.30557682645154,237100
2012-07-25,18.174936294555664,18.289902030936997,18.03906932801137,18.289902030936997,99100
2012-07-26,18.331710815429688,18.383966887661398,18.185390224986424,18.19584183812104,168600
2012-07-27,18.441448211669922,18.666152891555956,18.373513728731044,18.389190150393397,167100
2012-07-30,18.673194885253906,18.72647198279239,18.619919820028887,18.646557352641395,64800
2012-07-31,18.817039489746094,18.9395737622908,18.651883540326665,18.69983191065402,100800
2012-08-01,18.66786766052246,18.907609511840885,18.66786766052246,18.817039464759077,93600
2012-08-02,18.582632064819336,18.710493070043004,18.513372834806663,18.66787341240646,98000
2012-08-03,18.44411277770996,18.747785191891225,18.422803966004253,18.582631231523767,138800
2012-08-07,18.577301025390625,18.619922710036747,18.46542215166523,18.56131890980522,254200
2012-08-08,18.38018226623535,18.609268758515576,18.38018226623535,18.555993680814385,290500
2012-08-09,18.316251754760742,18.53468282489757,18.316251754760742,18.433457332090835,332200
2012-08-10,18.31092071533203,18.534680484367893,18.29493860051293,18.32690486246482,147700
2012-08-13,18.358869552612305,18.694508198428334,18.348214131694398,18.390835815366028,168600
2012-08-14,18.4920597076416,18.635904845001168,18.412147097317696,18.412147097317696,149600
2012-08-15,18.38018226623535,18.50271657079925,18.332233883378702,18.48673445395168,190000
2012-08-16,18.57197380065918,18.61992217836005,18.353542753869387,18.38018028985571,262000
2012-08-17,18.534679412841797,18.598609900735944,18.4814023126687,18.550661526736942,90500
2012-08-20,18.582632064819336,18.82237399000626,18.497390717232214,18.497390717232214,127500
2012-08-21,18.753114700317383,18.7957343578183,18.582632005685646,18.582632005685646,145700
2012-08-22,18.790403366088867,18.84900716002692,18.72114415213357,18.72114415213357,97500
2012-08-23,18.833023071289062,18.843678491338807,18.721144209237103,18.779748003353912,84000
2012-08-24,18.60393714904785,18.801059377092777,18.60393714904785,18.801059377092777,76000
2012-08-27,18.673194885253906,18.747780789494314,18.540005189877895,18.646557352641395,87100
2012-08-28,18.545339584350586,18.763770670240273,18.486735775302165,18.673200592897963,95400
2012-08-29,18.56131362915039,18.614588687487615,18.33755391304499,18.614588687487615,123000
2012-08-30,18.39084243774414,18.561325169192507,18.38018701298931,18.561325169192507,241100
2012-08-31,18.337562561035156,18.481407725158856,18.278960782152904,18.348217984190338,108000
2012-09-04,18.465417861938477,18.51336622986952,18.30559064627277,18.30559064627277,88900
2012-09-05,18.37485122680664,18.428126291911376,18.246988225316425,18.428126291911376,65900
2012-09-06,18.44411277770996,18.508045309768924,18.406819816832538,18.406819816832538,67300
2012-09-07,18.46009063720703,18.51336569679048,18.31091681220952,18.476072748619412,190600
2012-09-10,18.587953567504883,18.731798682435016,18.433453033063618,18.433453033063618,135000
2012-09-11,18.742450714111328,18.74777740674732,18.524019734399708,18.587950207597153,181600
2012-09-12,18.673194885253906,18.737125369986618,18.60926440052119,18.737125369986618,193300
2012-09-13,18.61459732055664,18.65189028515105,18.518700545224107,18.63058147132149,102200
2012-09-14,18.619924545288086,18.758440969413122,18.587958278652774,18.609269123076313,170400
2012-09-17,18.486738204956055,18.625254654472844,18.454771932460936,18.625254654472844,83500
2012-09-18,18.353540420532227,18.555989326455073,18.225677418814254,18.46009258324496,144100
2012-09-19,18.364198684692383,18.5133705162092,18.32690572681318,18.32690572681318,254100
2012-09-20,18.220354080200195,18.3695259160775,18.14576816226154,18.3695259160775,209100
2012-09-21,18.257644653320312,18.326903867632996,18.172403325056074,18.252315927127412,317300
2012-09-24,18.097816467285156,18.284281227981516,18.065850208745726,18.220350743216116,183700
2012-09-25,18.225677490234375,18.2842812815717,18.097816520328827,18.097816520328827,242800
2012-09-26,18.34288787841797,18.417473794322888,18.209698162212383,18.209698162212383,106100
2012-09-27,18.42280387878418,18.460096839485043,18.348215925068516,18.353544652205173,100300
2012-09-28,18.481407165527344,18.550666397781715,18.380183697089493,18.42813208367881,111500
2012-10-01,18.60393714904785,18.641232136437303,18.470747443116018,18.470747443116018,106200
2012-10-02,18.566646575927734,18.64656122266471,18.513371499645675,18.593286146382653,89200
2012-10-03,18.59861183166504,18.64123351622855,18.5133704948518,18.571974294969735,111000
2012-10-04,18.619924545288086,18.731803430040692,18.566647434229235,18.657217506872286,71700
2012-10-05,18.705163955688477,18.747783607812725,18.6199226191262,18.673197692359956,104600
2012-10-09,18.609270095825195,18.73713110442205,18.465424936918165,18.70516686842988,114700
2012-10-10,18.582632064819336,18.68385552998091,18.48673529474457,18.577303337418495,199600
2012-10-11,18.4920597076416,18.619922729399143,18.412147097317696,18.59861188705392,210000
2012-10-12,18.449440002441406,18.55066345482071,18.39083620231673,18.454766696855568,142100
2012-10-15,18.481407165527344,18.497391315933182,18.390839119922017,18.43345877893802,128700
2012-10-16,18.51336669921875,18.555988375043913,18.433452073203256,18.50804000589729,77800
2012-10-17,18.59328269958496,18.614591506759254,18.486730534459454,18.540005600865452,92700
2012-10-18,18.57197380065918,18.61992217836005,18.54000753808736,18.54000753808736,355300
2012-10-19,18.566646575927734,18.63057910624287,18.518698194348328,18.63057910624287,87700
2012-10-22,18.609270095825195,18.61992551859395,18.52402874598926,18.540010863985344,130600
2012-10-23,18.66786766052246,18.726471449990676,18.438781228408565,18.550660081586027,172800
2012-10-24,18.662546157836914,18.74778751215121,18.598615650179745,18.74778751215121,77000
2012-10-25,18.61459732055664,18.721149518961024,18.598615202105933,18.699838672817318,161700
2012-10-26,18.63590431213379,18.726474373354364,18.57197381923991,18.577300513517017,75000
2012-10-29,18.77442169189453,18.77442169189453,18.64655868100678,18.651885374983365,55000
2012-10-30,18.704469680786133,18.85513999962388,18.704469680786133,18.85513999962388,44300
2012-10-31,18.779808044433594,18.82823742883683,18.62375757772301,18.725996476929215,84200
2012-11-01,18.752897262573242,18.80670881868064,18.650658385020655,18.785184196237683,90300
2012-11-02,18.817472457885742,18.871281965089597,18.677564454833924,18.769043080321822,178500
2012-11-05,18.790565490722656,18.925091310281786,18.736755983979446,18.84975717976085,344400
2012-11-06,18.817472457885742,18.908949030672524,18.763660897980767,18.79594783392375,317700
2012-11-07,18.650659561157227,18.8282346284583,18.650659561157227,18.822852446157665,204000
2012-11-08,18.602222442626953,18.801319998172644,18.5645553930021,18.586080007844945,200700
2012-11-09,18.661418914794922,18.812087152110664,18.59146492488371,18.736753033452793,162200
2012-11-12,18.56456184387207,18.833613464797754,18.56456184387207,18.817471024406522,158800
2012-11-13,18.327802658081055,18.62375911939951,18.311658160142592,18.5645674165955,172100
2012-11-14,18.26860809326172,18.478468059270206,18.22555884243882,18.322417604089082,212700
2012-11-15,18.080263137817383,18.273980580094776,18.031833777248032,18.182504039408453,151200
2012-11-16,18.220176696777344,18.300890954089144,18.053363947344636,18.080268699781904,121700
2012-11-19,18.252458572387695,18.376224108076432,18.2201736958608,18.27398319187275,141500
2012-11-20,18.36546516418457,18.397750046628335,18.247081788021244,18.247081788021244,114900
2012-11-21,18.360082626342773,18.419274313277896,18.236319123069805,18.30089093940765,98000
2012-11-22,18.47308349609375,18.499988245050822,18.214792158543677,18.300888586826776,41400
2012-11-23,18.56456184387207,18.56456184387207,18.343939596821052,18.343939596821052,86900
2012-11-26,18.295513153076172,18.322417908937492,18.10179562655257,18.284750840191382,544500
2012-11-27,18.241703033447266,18.322417298341428,18.236320850833586,18.30627485590284,417300
2012-11-28,18.21479034423828,18.257839580442244,18.18250546978587,18.24169714321604,203900
2012-11-29,18.160987854003906,18.28475137675888,18.12332078415245,18.263226750357664,179900
2012-11-30,18.360082626342773,18.360082626342773,18.107175490394113,18.214794500056847,662200
2012-12-03,18.317033767700195,18.354700828197807,18.263222215060146,18.354700828197807,136900
2012-12-04,18.279369354248047,18.343941174065943,18.26860704216154,18.279369354248047,122400
2012-12-05,18.333171844482422,18.349314280082673,18.257837741414104,18.268600049381057,134300
2012-12-06,18.354694366455078,18.354694366455078,18.27397809226147,18.338551932696404,153800
2012-12-07,18.349319458007812,18.370844080015672,18.338559199704818,18.343939328856315,275400
2012-12-10,18.349319458007812,18.365463950864175,18.322414706848456,18.349319458007812,195100
2012-12-11,18.413890838623047,18.494605081206736,18.349316981315305,18.35469916244128,401900
2012-12-12,18.446178436279297,18.483845498916196,18.376226492925603,18.376226492925603,246100
2012-12-13,18.403133392333984,18.456942901609626,18.34932183035714,18.456942901609626,216500
2012-12-14,18.349319458007812,18.40313101302746,18.290129826537605,18.376226261868105,394000
2012-12-17,18.456939697265625,18.510751249900142,18.35470082631131,18.370843265751244,337400
2012-12-18,18.494609832763672,18.586088461101614,18.451562636199665,18.45694276600722,374800
2012-12-19,18.483848571777344,18.586089518246876,18.462325998621765,18.499993067520656,149300
2012-12-20,18.462322235107422,18.521511865096183,18.40313055241778,18.40313055241778,118100
2012-12-21,18.446178436279297,18.532274872692348,18.381606622144748,18.408511373642398,310600
2012-12-24,18.543039321899414,18.543039321899414,18.478467500319542,18.48384763015903,50900
2012-12-27,18.510751724243164,18.55379891475303,18.403130668917154,18.4677024810324,93100
2012-12-28,18.543039321899414,18.56456394665977,18.435418250798826,18.48384763015903,76700
2012-12-31,18.693702697753906,18.736749878581264,18.483840763356564,18.510747560661652,95200
2013-01-02,18.73674964904785,18.779798882048272,18.591461566722042,18.74213182952311,129500
2013-01-03,18.903562545776367,18.91970498197032,18.715225228478424,18.742132025735582,162800
2013-01-04,18.919710159301758,18.9466149112209,18.86051847345904,18.86051847345904,132500
2013-01-07,18.94123077392578,18.995040266377906,18.88203910060811,18.94123077392578,113700
2013-01-08,18.968143463134766,18.989668090209356,18.806712865478158,18.94661883606017,175300
2013-01-09,19.02194595336914,19.07575750118317,18.941231710699086,18.995041205812456,152900
2013-01-10,19.204906463623047,19.210288646254984,19.048858063217796,19.0542381931485,160400
2013-01-11,19.17261505126953,19.226424543061935,19.129565815675182,19.226424543061935,111400
2013-01-14,19.183382034301758,19.210286786753446,19.12419034728742,19.183382034301758,184700
2013-01-15,19.188758850097656,19.19413897857851,19.12418704482399,19.19413897857851,158000
2013-01-16,19.291004180908203,19.323291120720842,19.156478344074248,19.156478344074248,146600
2013-01-17,19.32866668701172,19.484717113539922,19.25333256460524,19.25333256460524,153300
2013-01-18,19.38785743713379,19.452431298405575,19.296380879383268,19.317905499807196,93500
2013-01-21,19.4901065826416,19.5385359726823,19.404010117313877,19.47934426788793,74700
2013-01-22,19.430908203125,19.484717705707578,19.323287145258902,19.398621269954887,139600
2013-01-23,19.479337692260742,19.49548013259123,19.393241255996532,19.430908318568314,174500
2013-01-24,19.45781135559082,19.53314547409669,19.430906606510263,19.430906606510263,114300
2013-01-25,19.500869750976562,19.52239232872433,19.398628782692267,19.506249882238066,119500
2013-01-28,19.54391098022461,19.635389605298652,19.463194667082874,19.468576849399582,106900
2013-01-29,19.630008697509766,19.630008697509766,19.500865051339343,19.533149936531327,100500
2013-01-30,19.477882385253906,19.61371141743165,19.347487675011738,19.61371141743165,292800
2013-01-31,19.30945587158203,19.472450297026686,19.20622447981738,19.423551762134633,204800
2013-02-01,19.33661460876465,19.34748117639929,19.23881757263873,19.23881757263873,117500
2013-02-04,19.27684783935547,19.39637800031046,19.23338364519908,19.342045166882887,105400
2013-02-05,19.418115615844727,19.488745206725056,19.238820333026617,19.238820333026617,219800
2013-02-06,19.450714111328125,19.521345777919308,19.34205048716928,19.34205048716928,238600
2013-02-07,19.58654022216797,19.608273358297815,19.369215078627324,19.396380462496662,239000
2013-02-08,19.347476959228516,19.608268307857642,19.24967994441942,19.510471293048543,188300
2013-02-11,18.907386779785156,19.282275955781756,18.820456346852684,19.265975074704727,578400
2013-02-12,18.907386779785156,19.043215710778707,18.809589783663,18.978018404225605,307600
2013-02-13,19.113855361938477,19.260550917725404,18.90739471980289,18.97802637390457,314000
2013-02-14,18.815032958984375,19.08125662841256,18.79873207023348,19.016059291166922,214800
2013-02-15,18.988903045654297,19.016068443198613,18.744410322581487,18.80417544073117,342100
2013-02-19,19.227956771850586,19.233391093590697,18.98889842994769,19.016063820888807,214400
2013-02-20,19.070388793945312,19.179052397197406,18.988892645945622,19.070388793945312,176100
2013-02-21,19.09212303161621,19.15188812048538,18.988893742487804,19.005192558511773,147400
2013-02-22,19.27684783935547,19.282282158991062,19.043221837081074,19.124720050929604,112700
2013-02-25,19.119291305541992,19.407250225198663,19.064960528859896,19.336618557442918,103400
2013-02-26,19.037797927856445,19.255123138989838,19.02149703439617,19.075829891619453,120700
2013-02-27,19.31488800048828,19.35291996376857,19.026931114912802,19.04866425752627,347700
2013-02-28,19.255115509033203,19.336613726280675,19.206216993201874,19.331181479004197,158900
2013-03-01,19.548507690429688,19.548507690429688,19.102988775911523,19.184486997688257,289800
2013-03-04,19.423540115356445,19.49417175064527,19.265978033783426,19.49417175064527,189300
2013-03-05,19.27684783935547,19.521340408315375,19.24424813929892,19.50504159457994,359800
2013-03-06,19.244251251220703,19.428978769574766,19.23881900329235,19.304016341362605,195900
2013-03-07,19.18448257446289,19.282279589012283,19.173616009225693,19.24424557438939,238500
2013-03-08,19.14102554321289,19.336619666626103,19.09756133389129,19.184491825120894,306800
2013-03-11,19.385515213012695,19.450712553250945,19.12472377947362,19.12472377947362,186600
2013-03-12,19.31488800048828,19.48331674686281,19.189925539340685,19.461583604249345,158200
2013-03-13,19.162761688232422,19.35292151992449,19.075831183375087,19.314889553586074,135200
2013-03-14,19.037797927856445,19.17905921146382,19.03236360584083,19.130160676256157,183500
2013-03-15,19.179054260253906,19.21165396617203,18.988894490529972,19.016059875835385,653400
2013-03-18,18.988903045654297,19.18449722411254,18.96716989858405,19.124732105962856,242400
2013-03-19,18.93456268310547,19.026927485299737,18.880231909522603,18.988895529274497,171700
2013-03-20,18.907386779785156,18.96171959573358,18.858488281724078,18.934552151466864,176300
2013-03-21,18.820466995239258,18.950863754707335,18.744403082460455,18.891098659642225,347800
2013-03-22,18.874794006347656,18.99975640621869,18.76613041915116,18.85306087439125,247100
2013-03-25,18.907386779785156,18.978018404225605,18.809589783663,18.885653653405786,163100
2013-03-26,18.771570205688477,18.978030897030845,18.67920746665338,18.891100406874013,237700
2013-03-27,18.798734664916992,18.820467804527237,18.673772221037495,18.820467804527237,193400
2013-03-28,19.070388793945312,19.119287311779463,18.744400056774868,18.744400056774868,152200
2013-04-01,18.912826538085938,19.11385283345928,18.90739221863537,19.11385283345928,120200
2013-04-02,19.151891708374023,19.151891708374023,18.94543101885319,19.01063044033536,159400
2013-04-03,19.14102554321289,19.211657215020196,19.043228481506286,19.12472672379059,261400
2013-04-04,19.146459579467773,19.17905721782668,19.081260157577226,19.081260157577226,207200
2013-04-05,19.010623931884766,19.037789311908856,18.86936063962245,19.021488425825886,189300
2013-04-08,19.168184280395508,19.200783980512107,18.994323358278344,19.097554705688065,220200
2013-04-09,19.265975952148438,19.33660757980571,19.157312387887657,19.168178951572244,270700
2013-04-10,19.423540115356445,19.521337126499333,19.265978033783426,19.276844598642114,148100
2013-04-11,19.477882385253906,19.48874895653851,19.374653066929977,19.39638620949919,174100
2013-04-12,19.434412002563477,19.515908152444368,19.428977682353214,19.439844250187843,235100
2013-04-15,19.021484375,19.439837770552323,18.96715362652212,19.401805832100766,209200
2013-04-16,19.505048751831055,19.548512961936353,19.075828536889162,19.081260785932415,225600
2013-04-17,19.206220626831055,19.477878638936648,19.043226234084926,19.42354786554999,184000
2013-04-18,19.29315185546875,19.412682048654933,19.1736237348688,19.298586176569703,126700
2013-04-19,19.418115615844727,19.467014140923652,19.179055238753914,19.233388084722804,266100
2013-04-22,19.646305084228516,19.716936739545027,19.42354562292498,19.472444142361656,272800
2013-04-23,19.711503982543945,19.803868781065475,19.6137069359146,19.619141256608497,180000
2013-04-24,19.96142578125,20.053788483409026,19.635435018874848,19.70606666161063,241200
2013-04-25,20.13528823852539,20.287416029099113,19.89079566611355,19.89079566611355,314400
2013-04-26,20.042930603027344,20.129861096148353,19.89623500727568,20.080962564231132,503500
2013-04-29,20.026472091674805,20.191029829819144,19.746727703218838,20.191029829819144,368400
2013-04-30,20.240394592285156,20.289761490020034,19.85643006461817,20.02098569292164,347200
2013-05-01,20.075834274291992,20.26781755950739,19.988071144388346,20.251360534099284,123700
2013-05-02,20.0209903717041,20.130694847023122,19.812552077841843,19.999049058152533,308400
2013-05-03,20.15811538696289,20.245878526718805,20.10326420927981,20.130689798121352,102500
2013-05-06,20.16908836364746,20.196513955647315,20.097780150497,20.152633426935257,117400
2013-05-07,20.11423683166504,20.119723206003957,20.020989392290712,20.075840581047526,130900
2013-05-08,20.048416137695312,20.10875370425516,19.878376187323568,20.075841733648286,221600
2013-05-09,20.004533767700195,20.075839892149453,19.916770613237635,20.075839892149453,160100
2013-05-10,19.999042510986328,20.097776297206693,19.93870496469187,20.04840940409651,400200
2013-05-13,20.16908836364746,20.19102967422276,19.955165816634626,20.048413247921843,359500
2013-05-14,19.911277770996094,20.174567148855385,19.88385218646787,20.130686632097824,193800
2013-05-15,19.944190979003906,20.02098345747536,19.861912127819863,19.91127902004267,128300
2013-05-16,19.993562698364258,20.02098829123439,19.87837395284653,19.96065073145693,146000
2013-05-17,20.103267669677734,20.12520688906441,19.982592547077047,19.99904748472672,115300
2013-05-21,20.15811538696289,20.185540975804432,20.026469631109872,20.026469631109872,179600
2013-05-22,20.0209903717041,20.267824918062193,20.015506089535624,20.15812044274317,210100
2013-05-23,20.0100154876709,20.07035304097157,19.927738717892304,20.004531206661014,99200
2013-05-24,19.85643196105957,19.94967939210999,19.75221178231082,19.938708736850195,101800
2013-05-27,19.93321990966797,19.960645495343773,19.81803119436676,19.850941060202498,45700
2013-05-28,19.922256469726562,20.064872914775663,19.89483087412137,19.916772187581053,143600
2013-05-29,19.691883087158203,19.949686250861784,19.669941769095143,19.883864389111856,150500
2013-05-30,19.55474281311035,19.713812055201778,19.521830853140656,19.65896088102379,102200
2013-05-31,19.3463134765625,19.593148058686882,19.27500524340676,19.527324108494295,291500
2013-06-03,19.3463134765625,19.609603000015465,19.28049161880904,19.307917218503054,285400
2013-06-04,19.285974502563477,19.31340010026775,19.209181992015928,19.247578247289702,129700
2013-06-05,18.88005828857422,19.253052073610213,18.825207122955096,19.203685187577868,233000
2013-06-06,18.688081741333008,18.885549334331017,18.49610052171737,18.82521178175514,253000
2013-06-07,18.847156524658203,18.863611462926936,18.704540084866732,18.704540084866732,275900
2013-06-10,19.017187118530273,19.099465954306485,18.880057120528395,18.896514143146266,262500
2013-06-11,18.759387969970703,19.000736062384565,18.74293094399743,18.97879475604563,577800
2013-06-12,18.331539154052734,18.863604274670287,18.3150842220544,18.863604274670287,353100
2013-06-13,18.671621322631836,18.677105601965234,18.210864438429763,18.30411183416176,547300
2013-06-14,18.80875587463379,18.94039953487151,18.622258945598478,18.622258945598478,164000
2013-06-17,18.836183547973633,18.863609139189307,18.74842040062038,18.797787301783988,133500
2013-06-18,19.017187118530273,19.022673490215467,18.814235307370055,18.814235307370055,351100
2013-06-19,18.550949096679688,19.04461800987216,18.518037138320835,19.02267670429959,167500
2013-06-20,17.783021926879883,18.30411647814631,17.662348918989146,18.23829464725697,444000
2013-06-21,17.678802490234375,18.07922191029193,17.57458442499357,17.865299407070317,1144900
2013-06-24,17.61298179626465,17.68977428005461,17.4593957824656,17.596526861863442,410500
2013-06-25,17.750112533569336,17.78850877698745,17.63492380331499,17.733657598515382,149800
2013-06-26,17.706235885620117,17.94209979894883,17.640414030777396,17.80496971410372,169400
2013-06-27,17.903697967529297,17.969519801875663,17.733658054431316,17.739142335444186,237000
2013-06-28,18.11762237548828,18.31508999142362,17.81045238842318,17.90918619639085,327400
2013-07-02,18.062768936157227,18.19441260206266,17.887242653324417,18.12859076910994,249100
2013-07-03,17.821420669555664,18.046313848309406,17.76656739886065,17.996946950903055,118400
2013-07-04,17.996946334838867,18.00791698860233,17.70622924120282,17.81044940573656,67200
2013-07-05,17.695262908935547,17.953068104241805,17.618470406275495,17.91467185291178,276600
2013-07-08,18.05179786682129,18.11761969826042,17.72268661718733,17.755596486687747,245800
2013-07-09,18.14505386352539,18.210875718485827,17.848852377544873,18.10117123192574,255900
2013-07-10,17.975006103515625,18.128591080523027,17.876272306171327,18.128591080523027,280800
2013-07-11,18.353483200073242,18.408336468991838,18.00791702185823,18.139560682386353,253700
2013-07-12,18.397367477416992,18.44673437768492,18.29863367688114,18.44673437768492,159600
2013-07-15,18.594839096069336,18.622264692712964,18.37543013804252,18.380914420395687,195500
2013-07-16,18.600313186645508,18.638709419395695,18.408332022894566,18.638709419395695,212100
2013-07-17,18.561922073364258,18.677110803384437,18.47415893252436,18.611288970864095,246700
2013-07-18,18.424793243408203,18.611290191479117,18.33703009681239,18.55095263586228,227900
2013-07-19,18.51255989074707,18.52901482995841,18.320578625151906,18.326062907409398,225800
2013-07-22,18.518037796020508,18.693566154397182,18.457702342210126,18.52352416882754,156700
2013-07-23,18.5783748626709,18.600316168456338,18.41381925415627,18.490611731967224,178900
2013-07-24,18.468679428100586,18.649692150401727,18.397373288199326,18.63872149216174,120500
2013-07-25,18.260234832763672,18.496098645762473,18.22183859273486,18.430274726480377,170400
2013-07-26,18.304113388061523,18.304113388061523,18.139557792399177,18.216350264212412,123300
2013-07-29,18.48704719543457,18.548024303924514,18.348463626909222,18.36509509307212,208700
2013-07-30,18.420528411865234,18.46487617058461,18.29303177747331,18.46487617058461,140400
2013-07-31,18.115642547607422,18.481503049612975,18.087926259425547,18.481503049612975,279700
2013-08-01,17.965974807739258,18.18770937641657,17.91608463551774,18.182164849159978,409100
2013-08-02,17.982603073120117,18.165534398412266,17.916083552385444,17.9493443700615,224000
2013-08-06,17.893911361694336,18.0879296445117,17.794131013872292,18.010323177231808,185200
2013-08-07,17.816301345825195,18.01586200172148,17.755324243788305,17.877278447862082,179500
2013-08-08,17.57240104675293,17.899458430014594,17.489250040225173,17.899458430014594,378700
2013-08-09,17.57240104675293,17.79413353979705,17.53359675029579,17.583486931288856,234000
2013-08-12,17.8551082611084,18.09901671965436,17.600114976826394,17.6777214446846,293000
2013-08-13,17.600116729736328,17.943803456460223,17.5779428468205,17.871741508910574,326200
2013-08-14,17.372835159301758,17.710979383906558,17.27859829624675,17.62782840209258,438700
2013-08-15,17.41164207458496,17.511422428047617,17.239798719904208,17.295232367084445,212800
2013-08-16,17.32294273376465,17.53358925219148,17.29522644831403,17.406092647425016,151200
2013-08-19,16.77415657043457,17.42827123409829,16.718722927236005,17.350663710696775,359500
2013-08-20,16.86838722229004,17.07903371994604,16.71317329006934,16.824040535556755,296300
2013-08-21,16.840673446655273,16.984800473370576,16.702089889118483,16.912737488667243,220900
2013-08-22,16.807411193847656,16.957081667523017,16.774151441022624,16.957081667523017,290600
2013-08-23,16.979257583618164,16.990344522353528,16.851760960087496,16.851760960087496,163400
2013-08-26,16.829593658447266,17.051327219318907,16.77970347508752,17.045783748133488,227900
2013-08-27,16.824045181274414,16.879478819325325,16.779698482295426,16.796327833594606,170700
2013-08-28,16.763071060180664,16.890567710296345,16.663290705373992,16.85176447394017,213500
2013-08-29,16.59122085571289,16.74089132615141,16.391660228461532,16.71317398497291,406900
2013-08-30,16.53579330444336,16.63003018444758,16.496990069849062,16.607856303360073,271300
2013-09-03,16.24754524230957,16.541342932232222,16.15885179956108,16.535799459896786,587700
2013-09-04,16.363948822021484,16.51916174964993,16.219821776860233,16.219821776860233,444400
2013-09-05,16.463726043701172,16.491442330577033,16.37503265692813,16.430465230679854,391700
2013-09-06,16.46927261352539,16.519162788345476,16.352862910484422,16.50807690518122,304700
2013-09-09,16.280803680419922,16.54688396950871,16.24199937978236,16.51916661191045,280000
2013-09-10,16.264169692993164,16.37503698441301,16.114499166769022,16.363950043809258,440700
2013-09-11,16.10340690612793,16.280794725258342,15.948194018188008,16.24753391443536,551600
2013-09-12,16.064605712890625,16.214276208569956,16.025802486005308,16.08677958957288,428300
2013-09-13,16.05906105041504,16.142212024486145,16.02580129517173,16.081234925449614,293200
2013-09-16,16.341772079467773,16.363945955134948,16.142212485006137,16.15329836553114,433000
2013-09-17,16.44155502319336,16.44155502319336,16.308514919933298,16.352861621019986,314500
2013-09-18,16.53579330444336,16.602313890397042,16.21427942983639,16.45264336498289,445400
2013-09-19,16.6133975982666,16.641114945996666,16.413837981153666,16.574594368753214,336300
2013-09-20,16.602312088012695,16.652202257734555,16.36394817874352,16.60785450037403,916900
2013-09-23,16.402746200561523,16.602306816080056,16.386115796832183,16.602306816080056,428400
2013-09-24,16.474817276000977,16.58568457413741,16.38058038977768,16.42492709757047,290600
2013-09-25,16.513620376586914,16.607856198688367,16.386122675754986,16.519162789515015,204700
2013-09-26,16.480361938476562,16.607858600437613,16.41938587166984,16.51916517843784,184800
2013-09-27,16.569055557250977,16.624489210986415,16.46373277819355,16.474818663093433,235000
2013-09-30,16.513620376586914,16.635573549873065,16.44709979105248,16.519162789515015,245200
2013-10-01,16.54133415222168,16.607853670320388,16.441553817764937,16.56905044187803,236900
2013-10-02,16.763071060180664,16.779701471751405,16.519163643687566,16.54133752578189,459100
2013-10-03,16.48589515686035,16.851755559406374,16.436005005848774,16.851755559406374,394400
2013-10-04,16.363948822021484,16.624485562904066,16.30297171056244,16.530248689425896,331900
2013-10-07,16.386119842529297,16.436010008726704,16.319600325805194,16.352860084167244,148400
2013-10-08,16.280803680419922,16.452647068292794,16.214283079493185,16.43601665373384,219500
2013-10-09,16.214279174804688,16.286342172587936,16.103411885728647,16.269712819342708,398900
2013-10-10,16.280803680419922,16.325150395268054,16.203196136453883,16.280803680419922,239300
2013-10-11,16.496986389160156,16.5302461460619,16.26970944526581,16.297425733132492,389600
2013-10-15,16.452638626098633,16.607851519769557,16.430464751397906,16.607851519769557,281200
2013-10-16,16.557966232299805,16.57459558484925,16.491445650175667,16.5191619426306,204500
2013-10-17,16.729806900024414,16.768610126188364,16.535789711896047,16.585679876195016,278200
2013-10-18,16.901649475097656,16.990342861694206,16.73534963955626,16.796325682023536,375100
2013-10-21,16.979257583618164,17.06240856682472,16.96262823282379,17.04023468935399,342100
2013-10-22,17.12892723083496,17.17881739534867,17.018061020933423,17.073493597229884,676900
2013-10-23,17.167734146118164,17.30077426097245,17.06241138267655,17.1732776164007,561500
2013-10-24,17.173267364501953,17.261960721457676,17.11229134241253,17.184354298448472,696000
2013-10-25,17.41718292236328,17.48370350042471,17.217622245487714,17.217622245487714,705500
2013-10-28,17.433813095092773,17.5723966616442,17.400552277858164,17.505876084483685,399300
2013-10-29,17.433813095092773,17.47815979409688,17.356205578854055,17.417182686475467,397200
2013-10-30,17.3452091217041,17.51905346413327,17.227442840327893,17.51905346413327,388600
2013-10-31,17.238658905029297,17.434935327856586,17.193795814350526,17.384464217140412,576100
2013-11-01,17.205015182495117,17.32838843832145,17.165760104260404,17.27230929672015,199600
2013-11-04,17.238658905029297,17.350817166536448,17.01995147167285,17.350817166536448,253700
2013-11-05,17.238658905029297,17.328385086386838,17.17136480382137,17.2442669250667,293500
2013-11-06,17.098461151123047,17.300345588534803,17.04238202188418,17.266698538839652,303200
2013-11-07,16.935827255249023,17.104063517739416,16.83488506990676,17.09845549970706,310900
2013-11-08,16.661043167114258,16.963869785799154,16.515238946584816,16.935830759455868,563300
2013-11-11,16.57692527770996,16.885359920411172,16.504023166305128,16.885359920411172,395500
2013-11-12,16.548885345458984,16.801239781548475,16.548885345458984,16.621787452874994,433500
2013-11-13,16.554492950439453,16.778808355671647,16.548884931606118,16.59935603148589,361400
2013-11-14,16.58253288269043,16.801240281061027,16.56010187574948,16.661043011414176,409400
2013-11-15,16.75077247619629,16.823674595477033,16.543280018885753,16.599359148128094,460100
2013-11-18,16.739551544189453,16.85170870027511,16.728335507694855,16.812453642164126,199300
2013-11-19,16.661043167114258,16.80684845726399,16.565710049698964,16.778809430920703,227200
2013-11-20,16.67226219177246,16.761988375686744,16.599360068449787,16.683478232166866,241800
2013-11-21,16.6778621673584,16.75637227300872,16.6442151320254,16.6442151320254,173900
2013-11-22,16.717124938964844,16.80124310094712,16.655438857308756,16.711516918883298,239200
2013-11-25,16.64422035217285,16.756377528332163,16.593749248534056,16.756377528332163,207600
2013-11-26,16.6778621673584,16.69468621983488,16.47037086824828,16.6442151320254,331500
2013-11-27,16.54327964782715,16.66104485393626,16.45916149066058,16.66104485393626,232200
2013-11-28,16.515241622924805,16.554496694014915,16.431122391022612,16.504025582721784,149200
2013-11-29,16.442340850830078,16.492811969550385,16.347006634316234,16.436732829903306,282200
2013-12-02,16.425512313842773,16.515238479146078,16.37504121215713,16.431119263256498,249700
2013-12-03,16.45355224609375,16.475983253845545,16.307746952035963,16.40308114162681,217000
2013-12-04,16.475982666015625,16.49841474258741,16.307746370208374,16.45915967820707,307000
2013-12-05,16.45355224609375,16.464768284779808,16.347002017816845,16.45355224609375,163100
2013-12-06,16.37504005432129,16.54327633496438,16.352607979771445,16.53766831632692,318800
2013-12-09,16.363828659057617,16.43112276255644,16.335788557916032,16.375044699514252,280300
2013-12-10,16.689083099365234,16.790025304603333,16.2628832714823,16.2628832714823,2473400
2013-12-11,16.683475494384766,16.73955461753365,16.51523919455842,16.700299552215522,576000
2013-12-12,16.700298309326172,16.700298309326172,16.43111875216879,16.627395133772215,465300
2013-12-13,16.649831771850586,16.68347882460815,16.48720238921807,16.68347882460815,416400
2013-12-16,16.520845413208008,16.71151378170542,16.45355132410319,16.700298813268127,1109400
2013-12-17,16.61056900024414,16.638608019610196,16.487194747945445,16.487194747945445,323400
2013-12-18,16.767595291137695,16.795635390276267,16.60496699461563,16.610575014443345,368400
2013-12-19,16.767595291137695,16.879753548451156,16.672261093307377,16.790027370448552,275000
2013-12-20,17.233055114746094,17.244271157573813,16.683481851636454,16.74516901756819,1416800
2013-12-23,17.143321990966797,17.266696273026668,17.053595823807047,17.22183211982651,375600
2013-12-24,17.098461151123047,17.160148300247844,16.969479902607947,17.098461151123047,264800
2013-12-27,17.221830368041992,17.272301465638026,17.11528122389052,17.11528122389052,187900
2013-12-30,17.154544830322266,17.249879054428046,17.014347504850278,17.17136889444236,201400
2013-12-31,17.143321990966797,17.31716630613628,17.120890983987003,17.182577055396653,242600
2014-01-02,17.14893341064453,17.188188482858425,17.00312809269257,17.070423266216743,182100
2014-01-03,17.182579040527344,17.28352125764915,17.10406890259723,17.10406890259723,214200
2014-01-06,17.21622657775879,17.238657586572366,17.109676344438277,17.221833527746906,251400
2014-01-07,17.21622657775879,17.294736713036865,17.10406832482979,17.165755470902777,452900
2014-01-08,17.19940757751465,17.23866265669914,17.10407335537201,17.160152498330152,342800
2014-01-09,17.266698837280273,17.300345887556986,17.16014859684683,17.244266757348836,287300
2014-01-10,17.491010665893555,17.51344167155882,17.289126266805084,17.300342304447824,459100
2014-01-13,17.507835388183594,17.608777597733624,17.40689424825389,17.530267465692635,276200
2014-01-14,17.468582153320312,17.55270031355631,17.384463993084314,17.55270031355631,277700
2014-01-15,17.474185943603516,17.54708911588326,17.412498808539144,17.524657041452514,295600
2014-01-16,17.54709243774414,17.54709243774414,17.42371814425927,17.50783630005871,498800
2014-01-17,17.46297264099121,17.558306833010317,17.423717574210464,17.552698813524447,246900
2014-01-20,17.57512664794922,17.659244780686237,17.44614543977778,17.44614543977778,186800
2014-01-21,17.61438751220703,17.720937752597845,17.535877371719298,17.535877371719298,352600
2014-01-22,17.63681411743164,17.726540270028437,17.50222381891634,17.64802908429116,307900
2014-01-23,17.563913345336914,17.636816522777064,17.524658281924644,17.636816522777064,179000
2014-01-24,17.77701759338379,17.8162726651968,17.513445991861325,17.547094113090033,430900
2014-01-27,17.67046546936035,17.816270770315924,17.575131275259416,17.793838691882588,328600
2014-01-28,17.64242935180664,17.72654859529028,17.586351282311696,17.67046945617472,304200
2014-01-29,17.56952476501465,17.67046698739567,17.502229593553814,17.64803490703524,459700
2014-01-30,17.661996841430664,17.724407072235724,17.520156194806987,17.644976656417107,547000
2014-01-31,17.798173904418945,17.86625684356119,17.599596681296266,17.599596681296266,497300
2014-02-03,17.70738983154297,17.86625178146204,17.60526545176482,17.815189050493714,394600
2014-02-04,17.701723098754883,17.701723098754883,17.55988237226537,17.701723098754883,349800
2014-02-05,17.741439819335938,17.781155052943724,17.576904043350577,17.65633559272511,250700
2014-02-06,17.894620895385742,17.94568254513394,17.644980992970517,17.707390156955434,323100
2014-02-07,18.26908302307129,18.26908302307129,17.94001263460855,17.957032826427806,632700
2014-02-10,18.132915496826172,18.58113265120751,18.03079109661148,18.33716646157298,726600
2014-02-11,18.354188919067383,18.541419714631754,18.155612770121262,18.155612770121262,576400
2014-02-12,18.405250549316406,18.598154009861982,18.388230355959244,18.422272906991136,447800
2014-02-13,18.47900390625,18.59814955987725,18.410920984794007,18.43361601338502,409400
2014-02-14,18.524398803710938,18.69460723398356,18.46766121740832,18.535744156653845,450200
2014-02-18,18.75701332092285,18.813748730276966,18.57545741380912,18.57545741380912,475800
2014-02-19,18.711620330810547,18.796725595827116,18.666232443300693,18.796725595827116,332900
2014-02-20,18.620838165283203,18.72296359439795,18.507365225787225,18.683248390221802,351900
2014-02-21,18.666236877441406,18.717299615717877,18.581131592208184,18.586804267875657,319800
2014-02-24,18.67191505432129,18.700282769651096,18.51305411702001,18.700282769651096,241700
2014-02-25,18.564105987548828,18.660556595991753,18.54708363687556,18.6094938726053,279800
2014-02-26,18.59247589111328,18.717296377375106,18.558433350046347,18.60949607948828,195400
2014-02-27,18.564105987548828,18.677576782348343,18.513043264162377,18.615168710935283,254400
2014-02-28,18.405250549316406,18.615176367536712,18.376882838948614,18.55276610613703,368300
2014-03-03,18.433618545532227,18.46765892877768,18.27475548788984,18.37688096626089,248600
2014-03-04,18.410921096801758,18.496024208060234,18.325815821226218,18.496024208060234,350000
2014-03-05,18.547086715698242,18.69460223633192,18.416593548563547,18.456308766199452,253600
2014-03-06,18.58680534362793,18.677583309782595,18.484682025481685,18.552764959018326,189300
2014-03-07,18.705947875976562,18.808073329468012,18.598147583781795,18.637862797437712,270400
2014-03-10,18.677579879760742,18.762685154290562,18.569781741097735,18.72864261161523,154000
2014-03-11,18.734315872192383,18.893176729323066,18.58680036401373,18.65488544362704,244300
2014-03-12,18.870487213134766,18.93857231262953,18.626523181723062,18.69460611690034,241800
2014-03-13,18.978286743164062,19.000981775377877,18.859141070517634,18.944244194843343,172800
2014-03-14,19.00665283203125,19.131473334255947,18.9045273600869,18.949917420647594,188300
2014-03-17,19.199560165405273,19.20523284197041,18.989636503412797,18.99530917997793,180300
2014-03-18,19.290334701538086,19.301682216962945,19.137146489778388,19.222251773306198,206000
2014-03-19,19.256290435791016,19.290332979025795,19.210902542461717,19.244942921379423,205200
2014-03-20,18.983957290649414,19.23927096363653,18.893179336289236,19.222250773543106,423100
2014-03-21,18.96693992614746,19.284663895899453,18.96693992614746,18.97828744267262,895500
2014-03-24,19.097436904907227,19.176867372009326,18.995311400256554,19.01233159625903,219900
2014-03-25,18.898855209350586,19.142821380844346,18.876160178440173,19.120126349933933,238200
2014-03-26,19.000986099243164,19.04070133249624,18.842123001912967,18.870490716476898,178200
2014-03-27,19.28466796875,19.290340646051888,18.978291450817576,19.000986488661,283900
2014-03-28,19.39813232421875,19.494585120549143,19.250618956340578,19.29033417708921,256500
2014-03-31,19.522958755493164,19.562673988303693,19.347075464248046,19.466223326997508,213200
2014-04-01,19.608060836791992,19.63642854637299,19.4038098649008,19.4662201245695,341700
2014-04-02,19.67046356201172,19.710180941763088,19.46053997124148,19.591033131142815,367500
2014-04-03,19.619407653808594,19.715858295807806,19.488912298618295,19.647775362377924,221100
2014-04-04,19.795284271240234,19.79528427124023,19.60238086652595,19.659118435157765,256800
2014-04-07,19.806638717651367,19.82933375304777,19.585367533330704,19.732880934771913,308000
2014-04-08,19.81231117248535,19.959826736592397,19.744228231376233,19.755575748947365,259600
2014-04-09,19.863370895385742,20.056274336091914,19.778267773034912,19.78961528887849,234400
2014-04-10,19.73287582397461,19.95414695098625,19.69316060447596,19.81798110251007,217500
2014-04-11,20.08464813232422,20.113015845317438,19.642103585222436,19.687493657465804,238400
2014-04-14,19.94280242919922,20.084643123107274,19.90308720805034,20.05060057741514,213200
2014-04-15,20.005216598510742,20.073301710594357,19.897418417521845,19.982523725467424,234100
2014-04-16,20.19811248779297,20.266197574259195,19.98818888198146,20.027904100261555,225000
2014-04-17,20.124361038208008,20.237831877070466,20.027908227993898,20.198116650605105,221300
2014-04-21,20.02223777770996,20.124363275493785,19.976847705664813,20.09599339830669,200000
2014-04-22,19.971166610717773,19.999534311629766,19.92010388334945,19.98251412394594,198800
2014-04-23,19.778270721435547,19.971174190898363,19.749903009756416,19.971174190898363,204300
2014-04-24,19.98819351196289,20.067623966922017,19.653449334408304,19.74422730640696,311500
2014-04-25,19.94280242919922,20.084643123107274,19.812307086204648,19.920107398737795,181700
2014-04-28,19.81231117248535,20.02223700107479,19.721533196233967,19.97117425416353,233600
2014-04-29,19.538835525512695,19.785362234802705,19.498700930874776,19.785362234802705,413400
2014-04-30,19.435644149780273,19.578974852397966,19.429909696925908,19.55030696223206,211700
2014-05-01,19.653501510620117,19.69936837653247,19.43564045869406,19.43564045869406,261100
2014-05-02,19.745227813720703,19.745227813720703,19.52163236938615,19.636297316674934,183500
2014-05-05,19.79109764099121,19.836962314566538,19.733764065206696,19.733764065206696,174600
2014-05-06,19.808298110961914,19.928695348591994,19.728033285875192,19.779632414438435,377100
2014-05-07,19.779638290405273,19.951634707693827,19.750972585366032,19.888568844375634,300600
2014-05-08,19.642032623291016,19.831230143690423,19.60190021357944,19.779631018768068,298600
2014-05-09,19.515899658203125,19.71656167106329,19.504432945032274,19.71656167106329,234800
2014-05-12,19.573230743408203,19.624829858377105,19.4700325134704,19.550297317410497,257800
2014-05-13,19.510162353515625,19.590427146915964,19.441364271608418,19.550294750215794,322300
2014-05-14,19.642032623291016,19.796829998058087,19.498701963734728,19.498701963734728,384600
2014-05-15,19.481494903564453,19.69362357934262,19.452829220954115,19.624825503667534,394500
2014-05-16,19.40123748779297,19.475770040535213,19.315238220240204,19.4643033257247,361500
2014-05-20,19.37257194519043,19.487236907136527,19.361105230290597,19.435637783613398,367400
2014-05-21,19.458566665649414,19.458566665649414,19.33243719115774,19.349636167894793,204500
2014-05-22,19.435644149780273,19.492975556006165,19.40124399381296,19.481508837350397,533100
2014-05-23,19.510162353515625,19.57322817320206,19.435632009387646,19.435632009387646,170300
2014-05-26,19.510162353515625,19.584694884695196,19.492963379801722,19.52736351428112,46800
2014-05-27,19.527368545532227,19.63056678850799,19.441369280701704,19.521634094782375,341500
2014-05-28,19.659231185913086,19.72802928101366,19.556032949736217,19.556032949736217,213000
2014-05-29,19.55603790283203,19.64203499672584,19.52163775304297,19.636302731953943,124800
2014-05-30,19.510162353515625,19.6018938584091,19.441364271608418,19.6018938584091,118000
2014-06-02,19.61910057067871,19.647766263997116,19.49870115945788,19.556034733146898,166000
2014-06-03,19.578962326049805,19.67642609168845,19.492963084679126,19.58469458818379,155200
2014-06-04,19.46430206298828,19.607632708242903,19.46430206298828,19.578967016602395,134800
2014-06-05,19.492969512939453,19.556035352468506,19.366837833881352,19.464303818713233,160000
2014-06-06,19.286579132080078,19.5732405393632,19.234979991286995,19.406976398246275,208700
2014-06-09,19.29230308532715,19.487232823673178,19.26363521055867,19.40123357347131,184600
2014-06-10,19.332441329956055,19.37830600675782,19.24644205375563,19.372573742302265,142200
2014-06-11,19.366840362548828,19.441372926910304,19.320975683208925,19.343909116405158,201300
2014-06-12,19.487239837646484,19.492972102432304,19.2235097293948,19.401240556491196,197300
2014-06-13,19.35537338256836,19.51017077395765,19.35537338256836,19.481505076378717,139800
2014-06-16,19.42416763305664,19.492965723234715,19.37256851866012,19.384035231531776,127200
2014-06-17,19.538835525512695,19.56176676766727,19.37830370811757,19.458568523289042,141200
2014-06-18,19.578962326049805,19.58469458818379,19.48723082254514,19.538829929957235,154900
2014-06-19,19.550294876098633,19.584695010799532,19.481496793748438,19.561761587665597,134200
2014-06-20,19.492969512939453,19.57323433159378,19.492969512939453,19.57323433159378,426800
2014-06-23,19.573230743408203,19.624829858377105,19.48723367649462,19.48723367649462,181900
2014-06-24,19.44710922241211,19.578975397095576,19.424177971515565,19.578975397095576,159900
2014-06-25,19.44710922241211,19.48150937933645,19.33244640677034,19.48150937933645,140700
2014-06-26,19.49869728088379,19.59616324324162,19.4069657682803,19.43563364294846,226700
2014-06-27,19.492969512939453,19.54456863736756,19.45283710361229,19.47003608273757,369000
2014-06-30,19.55603790283203,19.584703600796637,19.49297205507837,19.52163775304297,134200
2014-07-02,19.49869728088379,19.573229818327803,19.470031593267407,19.54456413071142,180100
2014-07-03,19.361103057861328,19.504433697448352,19.361103057861328,19.49296698383515,111600
2014-07-04,19.37830352783203,19.401236956825432,19.286571998910606,19.355370098838634,64100
2014-07-07,19.42990493774414,19.475771801132545,19.303773250478457,19.32670668217266,309300
2014-07-08,19.441370010375977,19.458568989166732,19.361105193282803,19.42990329549806,135700
2014-07-09,19.699365615844727,19.779630432890414,19.458568977655418,19.458568977655418,332300
2014-07-10,19.7280330657959,19.83123132177114,19.65923495749655,19.682168389280477,201500
2014-07-11,19.710834503173828,19.762433632254876,19.647768657957823,19.762433632254876,124800
2014-07-14,19.716564178466797,19.779630015400773,19.64776607774436,19.710831914678337,149500
2014-07-15,19.693632125854492,19.750965703007807,19.659234166614848,19.722300007957323,185900
2014-07-16,19.859895706176758,19.865630157270182,19.647766943818176,19.682167089221846,193100
2014-07-17,19.796831130981445,19.871363690590673,19.785364415114454,19.8369635429897,116800
2014-07-18,19.877092361450195,19.917226953255007,19.75669514719185,19.78536083815069,209100
2014-07-21,19.78536605834961,19.922964473129042,19.745233643008234,19.922964473129042,187100
2014-07-22,19.854164123535156,19.945895660707574,19.785363830366574,19.79683054589467,226300
2014-07-23,19.917224884033203,19.991755235372743,19.79682549523125,19.894291458827897,221800
2014-07-24,19.980295181274414,20.020427595232064,19.934430502631038,19.968830651902966,131500
2014-07-25,19.859895706176758,19.980292934511176,19.83123001186651,19.980292934511176,170100
2014-07-28,19.9114990234375,19.945899176084666,19.819767470097798,19.848433170444064,123300
2014-07-29,19.93641471862793,20.040703028694104,19.91903407033478,19.976971038081036,164400
2014-07-30,19.74521255493164,20.000138198753945,19.716241873232512,19.953786876157505,152200
2014-07-31,19.530839920043945,19.768384909795568,19.46710796008453,19.756797079789077,259100
2014-08-01,19.420761108398438,19.519254359677237,19.293297173658488,19.478698055015045,186100
2014-08-05,19.57140350341797,19.675691802134327,19.4091782432607,19.438146723981152,250800
2014-08-06,19.57140350341797,19.606167006374555,19.45552958053615,19.525054376295923,156300
2014-08-07,19.56560707092285,19.64092687498161,19.536638595562714,19.57139988193368,211700
2014-08-08,19.472902297973633,19.548222085300875,19.42655097957148,19.5250464260998,194300
2014-08-11,19.472902297973633,19.669890980877764,19.472902297973633,19.530839235823816,238600
2014-08-12,19.55402183532715,19.698866441514756,19.467114187553264,19.467114187553264,308900
2014-08-13,19.716243743896484,19.79156354518564,19.606162657514577,19.606162657514577,256800
2014-08-14,19.81473731994629,19.861086432369607,19.727829695192593,19.779973828014267,242700
2014-08-15,20.052284240722656,20.081252715027087,19.843707689486074,19.843707689486074,255300
2014-08-18,20.08125114440918,20.150775919332652,20.052282672370463,20.098631785601864,226200
2014-08-19,20.19712257385254,20.272442351864118,20.1333906240083,20.150771261183188,361000
2014-08-20,20.16815948486328,20.266652735313265,20.16815948486328,20.185540126671437,277600
2014-08-21,20.040693283081055,20.23188695179081,20.040693283081055,20.191330652059875,184400
2014-08-22,19.994342803955078,20.191331500995886,19.994342803955078,20.034901315543852,226900
2014-08-25,19.91902732849121,20.075459740643968,19.866883191106957,20.01172777160178,115600
2014-08-26,19.82632827758789,20.017521987987198,19.82632827758789,19.93061655967953,195200
2014-08-27,19.866880416870117,19.947993016996087,19.785767816744148,19.82052909671094,127700
2014-08-28,20.034902572631836,20.081251687115845,19.8784701672118,19.8784701672118,142300
2014-08-29,19.91902732849121,20.02910841401223,19.88426383351741,20.02910841401223,114600
2014-09-02,19.611955642700195,19.98855244234172,19.611955642700195,19.930615493236687,363900
2014-09-03,19.66988754272461,19.91902031020831,19.66988754272461,19.687268179011156,350700
2014-09-04,19.7857666015625,19.930611152935136,19.704651796265765,19.704651796265765,329500
2014-09-05,19.600370407104492,19.91323303264879,19.588782575024634,19.814739775199453,421100
2014-09-08,19.57140350341797,19.698867470772054,19.542435022697514,19.611959818457283,360400
2014-09-09,19.675683975219727,19.69306682485989,19.438138991561072,19.554015078501212,235700
2014-09-10,19.496076583862305,19.66988959532189,19.432344630624907,19.61195045140046,173700
2014-09-11,19.56560707092285,19.577194903097507,19.47869943468944,19.52505076338806,166000
2014-09-12,19.513463973999023,19.635132903105305,19.49028830841122,19.582988760609307,218300
2014-09-15,19.542423248291016,19.61194800216178,19.467103475675646,19.501866957687064,134200
2014-09-16,19.530839920043945,19.571396219990373,19.496078640177053,19.496078640177053,147300
2014-09-17,19.507665634155273,19.536636316288497,19.48449218266253,19.513460654643016,167700
2014-09-18,19.652509689331055,19.687273180888507,19.490284482368324,19.49607950270424,136500
2014-09-19,19.57140350341797,19.79156793516955,19.47870303902047,19.698867470772054,361000
2014-09-22,19.59457015991211,19.629333646879907,19.50186973815038,19.629333646879907,201500
2014-09-23,19.5482234954834,19.577191966498237,19.496079363595626,19.5540163056253,126100
2014-09-24,19.530839920043945,19.57719124006991,19.409171020204653,19.559808389983882,217000
2014-09-25,19.443931579589844,19.571393270144764,19.380199629236255,19.565600461090916,249300
2014-09-26,19.55980682373047,19.58298248188766,19.38020099839326,19.414962275476636,158600
2014-09-29,20.116018295288086,20.208718748762323,19.58298903019635,19.69886514957744,490600
2014-09-30,20.295621871948242,20.428878620524223,20.00013990078461,20.104428175348925,391600
2014-10-01,20.33617401123047,20.48101856176673,20.173948821878636,20.307205543153703,328300
2014-10-02,20.365144729614258,20.486813621868034,20.243473627208036,20.278237115060165,366500
2014-10-03,20.37672996520996,20.481018216650952,20.347761497621327,20.365144346296432,314300
2014-10-06,20.44626808166504,20.56214422531791,20.394123927528927,20.440473058897908,305300
2014-10-07,20.579517364501953,20.706981297027948,20.4114971280182,20.42308495917082,252800
2014-10-08,20.63165855407715,20.70697834073953,20.52737029874539,20.625863534251778,220800
2014-10-09,20.695392608642578,20.770710192785625,20.62007281434682,20.67221694729731,383200
2014-10-10,20.359352111816406,20.701185380490305,20.347764281165276,20.654836268038487,298700
2014-10-14,20.295621871948242,20.46364211542996,20.231889903030837,20.284034040312996,315500
2014-10-15,20.25506019592285,20.289823681611484,19.90163916028821,20.05227872145329,553700
2014-10-16,20.27244758605957,20.423084970823947,20.000139079199688,20.069663856002258,329900
2014-10-17,20.486814498901367,20.567927097209616,20.31300147250475,20.38252624103289,296100
2014-10-20,20.764917373657227,20.805473675917767,20.48102104768074,20.48102104768074,258400
2014-10-21,20.886581420898438,20.944520560756548,20.753324714453075,20.7649125424247,305200
2014-10-22,20.77071189880371,21.10675238545288,20.678011455961336,20.97349563700152,338000
2014-10-23,20.857614517211914,21.031427529491538,20.77070690599592,20.846026688372955,404400
2014-10-24,21.054611206054688,21.135723828667675,20.82865398301759,20.932942272135204,302600
2014-10-27,21.65716552734375,21.709309672511917,21.04302361871344,21.06040426371842,662700
2014-10-28,21.993202209472656,22.04534635073947,21.674544550687934,21.691925194392518,457300
2014-10-29,22.074308395385742,22.190184476678414,22.01637145981562,22.126452521459825,445100
2014-10-30,22.28386116027832,22.318982312959204,21.862416259674326,22.08484576086995,384800
2014-10-31,22.17850685119629,22.295575163747095,22.043879073275185,22.28386810920278,399600
2014-11-03,22.18435287475586,22.213619383298408,21.874121632108718,22.131672266222683,398900
2014-11-04,21.821447372436523,22.330694147384328,21.768766748576134,22.155090579254946,578400
2014-11-05,22.032167434692383,22.143383313277496,21.6985242647208,21.821444962522566,482600
2014-11-06,21.991193771362305,22.119969111093944,21.792178352182432,22.008753233001393,301700
2014-11-07,21.821447372436523,22.14923816900029,21.745354874665388,21.956075137214825,238900
2014-11-10,21.628286361694336,21.76876653535129,21.37073565516975,21.675112341949287,555300
2014-11-11,21.675111770629883,21.827301226454246,21.61072409569589,21.61072409569589,391100
2014-11-12,22.049732208251953,22.108267482895926,21.628289395277434,21.757062533709345,490300
2014-11-13,22.032167434692383,22.19606169842807,21.93266084110768,22.067288591017977,466000
2014-11-14,22.00875473022461,22.178503647256473,21.979488214537877,22.049728298764435,343200
2014-11-17,22.35995864868164,22.44190578221198,22.03802252428733,22.05558198636043,712100
2014-11-18,22.699459075927734,22.72287318561299,22.336549307375844,22.336549307375844,301200
2014-11-19,22.769697189331055,22.816523167139664,22.59994827487938,22.699454873280164,321500
2014-11-20,22.910173416137695,22.997975179657395,22.757986223314035,22.775545682861335,235100
2014-11-21,23.05651092529297,23.074070386915746,22.798962478960785,23.003830307532763,319700
2014-11-24,22.875064849853516,23.068225690969456,22.746289467181146,23.068225690969456,261200
2014-11-25,22.845788955688477,22.945297783816006,22.80481538907476,22.910176626907717,157500
2014-11-26,22.93358612060547,22.997973778879263,22.705304228828545,22.857491412382675,325800
2014-11-27,22.798973083496094,23.00384100735873,22.61166462942371,23.00384100735873,125300
2014-11-28,23.062368392944336,23.11504901715801,22.798965271875947,22.798965271875947,226900
2014-12-01,22.757991790771484,23.038954376720252,22.62336402456013,22.99212616261605,300000
2014-12-02,22.992122650146484,23.00382970188407,22.488730589889453,22.816521339866355,284000
2014-12-03,22.9453067779541,23.009694474412132,22.740436631688286,22.97457330373699,283500
2014-12-04,22.82823371887207,23.11505097114591,22.734579516007777,22.92774033252499,289900
2014-12-05,22.839935302734375,22.88090886711777,22.488730451444397,22.740426480023423,333100
2014-12-08,22.629220962524414,22.781408223028354,22.48288611350838,22.71116812071058,322000
2014-12-09,22.45361328125,22.570681574147407,22.29557142077229,22.506293901409233,415200
2014-12-10,22.160945892333984,22.670190449784286,21.99119696221982,22.377520804577323,404500
2014-12-11,22.389225006103516,22.699454075976405,22.096555398180595,22.108262450444542,265600
2014-12-12,22.020462036132812,22.354105231158155,21.950221951099067,22.289719789064247,292900
2014-12-15,21.903392791748047,22.155088837865254,21.803886194995265,22.06728929359373,315900
2014-12-16,21.979480743408203,22.33068551094567,21.833145981823737,21.833145981823737,408400
2014-12-17,22.114116668701172,22.25459907446576,21.97363649582867,22.020462475822143,294100
2014-12-18,22.348249435424805,22.37166353785291,22.067286904962675,22.283861770193372,259300
2014-12-19,22.301422119140625,22.529706277572775,22.096554296961276,22.447756915809244,727800
2014-12-22,22.371667861938477,22.535562144829935,22.038024652971064,22.359960808461636,239500
2014-12-23,22.471168518066406,22.53555617869676,22.33068837931977,22.45360905894596,155300
2014-12-24,22.459461212158203,22.769692461402858,22.260445823788462,22.447754161913924,116700
2014-12-29,22.570682525634766,22.798964478317565,22.412640658494663,22.54141377650759,156000
2014-12-30,22.48873519897461,22.65263172399969,22.359962069252646,22.582391632070234,134800
2014-12-31,22.61750602722168,22.664334234381354,22.354102944178045,22.58823951419279,171100
2015-01-02,22.74042510986328,22.752132160823418,22.44775553453484,22.59409032219906,141800
2015-01-05,22.82823371887207,22.91018086726679,22.71116540706862,22.71116540706862,407500
2015-01-06,22.910173416137695,23.115043453386455,22.757986223314035,22.7872527335234,302000
2015-01-07,23.19699478149414,23.2555278125268,22.916032213331757,22.997979349934283,471600
2015-01-08,23.290653228759766,23.407721545118928,23.150170802550292,23.19699902225092,321300
2015-01-09,23.19699478149414,23.360889054699197,23.150166570354408,23.220406654172002,365400
2015-01-12,23.17943000793457,23.23796526408649,22.793106248898717,23.144311087135126,390900
2015-01-13,23.08578109741211,23.319917709648646,22.804818502463597,23.179435295728283,310200
2015-01-14,23.17943000793457,23.208698752456385,22.84578686298959,22.96285514240173,230000
2015-01-15,23.448678970336914,23.50135956476949,22.898458932287593,23.179421358297706,277800
2015-01-16,23.735504150390625,23.846720027614627,23.36673982860654,23.36673982860654,656900
2015-01-19,23.66525650024414,23.87597890241844,23.56574770682133,23.87597890241844,440000
2015-01-20,23.70624351501465,23.782338255210988,23.55990867850221,23.68282940527848,171400
2015-01-21,23.735504150390625,24.11012088171141,23.60087640212796,23.735504150390625,404500
2015-01-22,24.174514770507812,24.285730676344592,23.770631421811807,23.770631421811807,222400
2015-01-23,24.262313842773438,24.496448217356058,24.174512056747346,24.221340271399175,322900
2015-01-26,24.34426498413086,24.41450508475355,24.197930138646278,24.291584350440708,250600
2015-01-27,24.21548843383789,24.514012754601247,24.186221912735636,24.24475495494015,341500
2015-01-28,24.473031997680664,24.549124483641233,24.197921867678026,24.227188380193,274000
2015-01-29,24.66619110107422,24.707164662406903,24.274014947492343,24.408642682284253,456100
2015-01-30,24.564584732055664,24.871787739186107,24.405074178175024,24.641384357017085,563300
2015-02-02,24.6827392578125,24.812711324008596,24.55276944525883,24.564585292516878,312600
2015-02-03,24.487783432006836,24.747725310967276,24.340088721625182,24.747725310967276,420100
2015-02-04,25.03129768371582,25.308964447079283,24.399164533897057,24.399164533897057,556500
2015-02-05,24.98994255065918,25.161268941897447,24.895418033707426,25.054928578621436,408800
2015-02-06,24.26919174194336,25.049019499126622,24.21602156515168,24.960401786593142,397500
2015-02-09,24.564584732055664,24.960405464778365,24.216025133644425,24.960405464778365,451300
2015-02-10,25.196712493896484,25.47437695083258,24.694549245965185,24.694549245965185,694300
2015-02-11,25.232160568237305,25.76976915543396,25.19080623488696,25.232160568237305,549000
2015-02-12,25.096281051635742,25.338500249203097,24.98403390034817,25.314868558308213,437100
2015-02-13,24.889509201049805,25.267607237923023,24.74181451454357,25.178989524562457,344700
2015-02-17,24.87769317626953,24.96630863534892,24.818613949907892,24.83042979518022,368400
2015-02-18,25.037200927734375,25.22034087502093,24.81270439976442,24.81270439976442,438000
2015-02-19,24.670917510986328,25.249882619970332,24.659103920195697,25.078556256161637,227400
2015-02-20,24.936771392822266,25.013573264102213,24.65319785306804,24.706368032624592,270900
2015-02-23,24.936771392822266,25.2085290867148,24.812708391737697,24.954496288435895,173800
2015-02-24,24.794979095458984,25.108091039015527,24.777254204602244,24.90722622055774,259500
2015-02-25,24.340089797973633,24.848159984736796,24.340089797973633,24.78908074578612,407600
2015-02-26,24.233745574951172,24.470055732317444,24.08014183170303,24.44642629413034,340400
2015-02-27,24.204208374023438,24.422795900962036,24.168760834394625,24.275101199638765,267100
2015-03-02,24.45233726501465,24.475968960878568,23.961991970872393,24.168763675575292,340900
2015-03-03,24.605941772460938,24.794990837757073,24.281011578693246,24.45824704934567,351300
2015-03-04,24.286916732788086,24.635476313558957,24.091958647808767,24.635476313558957,308800
2015-03-05,24.824525833129883,24.989943178541072,24.310548900143477,24.310548900143477,304700
2015-03-06,24.127410888671875,24.859977732139807,24.003347857859282,24.77726679128871,307000
2015-03-09,23.920631408691406,24.204204924379404,23.80838200935272,24.204204924379404,307200
2015-03-10,24.009246826171875,24.044694360691775,23.76702764105748,23.778843485897447,199800
2015-03-11,24.245561599731445,24.33417706428172,23.932447314789005,23.997433340977853,460000
2015-03-12,24.552759170532227,24.552759170532227,24.1628453887557,24.405064522076852,509600
2015-03-13,24.57638931274414,24.771347336095122,24.36961770037936,24.540944038419635,275400
2015-03-16,24.635475158691406,24.72409062200238,24.517318953967948,24.60593667092108,481400
2015-03-17,24.665014266967773,24.759538782396092,24.517319570758385,24.523226367004185,279900
2015-03-18,24.55866813659668,24.676824316537854,24.363712355289177,24.635469991604698,293000
2015-03-19,24.434616088867188,24.72409649285386,24.334182502229073,24.540956473005103,283600
2015-03-20,24.074237823486328,24.594123835725057,24.074237823486328,24.34599555006745,1478000
2015-03-23,24.363710403442383,24.58820464833988,24.074227898459867,24.074227898459867,318200
2015-03-24,24.546865463256836,24.594128862047995,24.346000525680193,24.346000525680193,263100
2015-03-25,24.086057662963867,24.6650207539365,24.032887468198894,24.558680364406545,299200
2015-03-26,23.826114654541016,24.304644131970704,23.648879177641287,23.932452785581063,616500
2015-03-27,24.304636001586914,24.340083535837497,23.8142908394846,23.826106684234794,240000
2015-03-30,24.13331413269043,24.475966933405854,24.10377564212864,24.363719767814096,358900
2015-03-31,24.340089797973633,24.363721493553903,23.985621125197166,24.068332059728114,397800
2015-04-01,23.814292907714844,24.310547162112055,23.725675191213067,24.310547162112055,321400
2015-04-02,24.233745574951172,24.35780857659163,23.849738470472992,23.849738470472992,382400
2015-04-06,24.529138565063477,24.70046497552924,24.210117439432572,24.210117439432572,247600
2015-04-07,24.51140594482422,24.682730031922468,24.458235778858118,24.588205542831798,203500
2015-04-08,24.57638931274414,24.617743635217096,24.428694660014568,24.517312353108935,286300
2015-04-09,24.635475158691406,24.777260801445827,24.546857441738272,24.582304979247954,218600
2015-04-10,24.440523147583008,24.67683561566908,24.416893703688572,24.617756371826204,175400
2015-04-13,24.381437301635742,24.58820894587609,24.28691279946274,24.4582391639144,203300
2015-04-14,24.281002044677734,24.41688311979514,24.210109236438633,24.3459880579143,333000
2015-04-15,24.440523147583008,24.659112969337574,24.34599861107712,24.36963030861427,178700
2015-04-16,24.46415138244629,24.60593929395771,24.251470642000353,24.452335535350137,161200
2015-04-17,24.4582462310791,24.51141641976746,24.345996802935595,24.363721701593416,219100
2015-04-20,24.47005844116211,24.53504447406552,24.387349764245926,24.393258814678465,165900
2015-04-21,24.57049560546875,24.57049560546875,24.45233936962203,24.475971067519925,149000
2015-04-22,24.47596549987793,24.61775114772726,24.428702114833325,24.5941217088472,122300
2015-04-23,24.600027084350586,24.64729046666543,24.43460975353284,24.458241444690263,217100
2015-04-24,24.783172607421875,24.90132882528596,24.55867601884435,24.588214509899768,183200
2015-04-27,24.653202056884766,24.871789608493874,24.393260164529135,24.848160166383394,237700
2015-04-28,24.635475158691406,24.75363136341486,24.499596312034182,24.65319780062517,114400
2015-04-29,24.480384826660156,24.748810547988064,24.247749959999027,24.748810547988064,252700
2015-04-30,24.253711700439453,24.48038254122925,24.158271705707268,24.462485977832053,215100
2015-05-01,24.313364028930664,24.33722459960672,23.991255426680972,24.170205155812862,199400
2015-05-04,24.35512351989746,24.623547001810692,24.277577795438123,24.313366379442833,227700
2015-05-05,24.235822677612305,24.55196730219294,24.122486094861166,24.313366125793184,209300
2015-05-06,24.247745513916016,24.373010069077388,24.15230552777372,24.176163817707724,496400
2015-05-07,24.33126449584961,24.46845938603031,24.247754760563065,24.34319478310049,329500
2015-05-08,24.486351013183594,24.695127604138722,24.3730167098441,24.3730167098441,546900
2015-05-11,24.87407684326172,25.31548603727813,24.76670654731841,24.796531123865034,689500
2015-05-12,24.18809700012207,24.408801567884204,23.961426152559618,24.289503277506206,668000
2015-05-13,24.235822677612305,24.34319297944525,24.18810153214457,24.217926110327177,299200
2015-05-14,24.593719482421875,24.814424067447344,24.24775031741999,24.30143546247691,374000
2015-05-15,24.74284553527832,24.7846003967939,24.59968666021614,24.647405526747104,240100
2015-05-19,24.826356887817383,25.011272912001616,24.724952867615002,24.784602023561174,186900
2015-05-20,24.832319259643555,24.86810783738972,24.677227837846562,24.784598122023223,157600
2015-05-21,24.766708374023438,24.868112396855025,24.68319864334578,24.844254099139622,250900
2015-05-22,24.64143943786621,24.7607377318395,24.593718299901614,24.74880972281745,183600
2015-05-25,24.77863883972168,24.79653313200495,24.462491931410284,24.695129108440394,242800
2015-05-26,24.575828552246094,24.778638875134575,24.4386336684494,24.7547783017431,498600
2015-05-27,24.486351013183594,24.647406460330906,24.4565264360384,24.647406460330906,297900
2015-05-28,24.701095581054688,24.754780738735796,24.36705434709782,24.51617953227093,162000
2015-05-29,24.605649948120117,24.69512594902824,24.474419086913322,24.69512594902824,145300
2015-06-01,25.106708526611328,25.1544273879112,24.480383397068117,24.677227397567275,301000
2015-06-02,25.041093826293945,25.23197382795799,24.93372354092428,25.03512982175968,267600
2015-06-03,24.796524047851562,24.98144001042336,24.724944629471928,24.98144001042336,185600
2015-06-04,24.38494110107422,24.80845591037754,24.283534832730858,24.78459534424159,244900
2015-06-05,24.038969039916992,24.41476498180896,24.015108474454603,24.343185560890554,409700
2015-06-08,23.710891723632812,24.122476194761163,23.675100879220924,24.038966499935285,543200
2015-06-09,23.77054786682129,23.824233011539704,23.675107862374023,23.6810741426034,173300
2015-06-10,23.949504852294922,24.027048307667194,23.71090365376726,23.71090365376726,391000
2015-06-11,24.10459327697754,24.188103011183014,23.949504095663027,23.967398388572885,189300
2015-06-12,23.937570571899414,24.14634487918413,23.830200278018904,24.050904870786933,168800
2015-06-15,23.830204010009766,23.949504608056962,23.78844914201369,23.919677751942928,160500
2015-06-16,23.90774917602539,24.056874351198793,23.770552012452615,23.770552012452615,120400
2015-06-17,23.80037498474121,23.907745275385757,23.716862988874947,23.865988139718016,167300
2015-06-18,24.068796157836914,24.098623005557872,23.7466875918592,23.7466875918592,336000
2015-06-19,24.080724716186523,24.18809498897452,23.865984170610535,24.12844584874512,442100
2015-06-22,24.474416732788086,24.51617158907047,23.967392177662564,23.991252745672217,205600
2015-06-23,24.575828552246094,24.641443991337884,24.486352539762827,24.486352539762827,236300
2015-06-24,24.486351013183594,24.63547617437895,24.37898071508539,24.63547617437895,173500
2015-06-25,24.158279418945312,24.516178944593666,24.122488556192604,24.462493788199442,236200
2015-06-26,23.830204010009766,24.24775496544014,23.800379429365375,24.18810352868172,257800
2015-06-29,23.382831573486328,23.889856338059406,23.341076699955366,23.836171175595318,363300
2015-06-30,23.466331481933594,23.51405034218929,23.33510063415969,23.466331481933594,214500
2015-07-02,23.78844451904297,23.79440852382496,23.514052514217983,23.615458799265504,190400
2015-07-03,23.675100326538086,23.854052268951463,23.66913632367626,23.854052268951463,46000
2015-07-06,23.80037498474121,23.865988139718016,23.531949258129846,23.531949258129846,337900
2015-07-07,24.343191146850586,24.39687629372555,23.770548821694508,23.836164254038277,229500
2015-07-08,24.038969039916992,24.426695264540157,23.8898439189802,24.301430709065755,211700
2015-07-09,23.710891723632812,24.253707015469562,23.579660902924413,24.164231042174105,347800
2015-07-10,23.865985870361328,23.94353157855748,23.645281305231215,23.937567574297315,155600
2015-07-13,24.12845802307129,24.12845802307129,23.836171627345117,24.009157406948976,222700
2015-07-14,24.50424575805664,24.50424575805664,24.050904027463993,24.15827431757966,185700
2015-07-15,24.927764892578125,24.969519759697118,24.295473329038327,24.563899100138695,280500
2015-07-16,25.643566131591797,25.643566131591797,24.99338027662512,24.99338027662512,371900
2015-07-17,25.768827438354492,25.846373156685523,25.38706740267757,25.649526858338128,256800
2015-07-20,25.2498722076416,25.76882710725512,25.18425677570222,25.715141960711016,189500
2015-07-21,25.231977462768555,25.387068908630596,25.11267687567532,25.202152884862606,182700
2015-07-22,25.381101608276367,25.512332476354675,25.11267586696589,25.11267586696589,137300
2015-07-23,25.076889038085938,25.34531479816052,24.945658160834025,25.29759365171637,175200
2015-07-24,25.196186065673828,25.375135788594672,24.90986377843745,25.112674071206193,207400
2015-07-27,24.969514846801758,25.291625708745038,24.85617827937589,25.124603997661957,273600
2015-07-28,25.100749969482422,25.112677980794164,24.486352715329136,24.88600935835852,302000
2015-07-29,25.425945281982422,25.486166875013495,25.08869838801146,25.14289874066203,259500
2015-07-30,24.974279403686523,25.407879978999336,24.96223462419078,25.407879978999336,150900
2015-07-31,26.269060134887695,26.39552916106557,24.9863222323821,24.9863222323821,365400
2015-08-04,25.931819915771484,26.287132902748695,25.79330838488979,26.244977319319787,307500
2015-08-05,26.040218353271484,26.11850597429198,25.75717177745443,26.034194814850338,168300
2015-08-06,25.865570068359375,26.07032670663174,25.66081343008701,26.07032670663174,152600
2015-08-07,25.612632751464844,25.865568487902266,25.47412125423029,25.811368137044706,159500
2015-08-10,25.895679473876953,25.925790269617842,25.564456126114237,25.606611699612774,258900
2015-08-11,26.612337112426758,26.690627050357808,25.96193493579749,25.96193493579749,561000
2015-08-12,27.56987190246582,27.822807708419663,26.991736199295712,27.2205824432907,646100
2015-08-13,27.250690460205078,27.77462574403935,27.160355760751276,27.4614683625215,409300
2015-08-14,27.3831844329834,27.443406042536118,27.160359423562618,27.166382962902176,332500
2015-08-17,27.642139434814453,27.678271478937845,27.250692109893194,27.413293200369395,220100
2015-08-18,27.094118118286133,27.618053502679565,27.01582818355374,27.56385313206595,273900
2015-08-19,27.160362243652344,27.3651189536217,26.835162302071794,27.094119385189142,245100
2015-08-20,26.558135986328125,27.232630006237034,26.46780356571506,27.232630006237034,337900
2015-08-21,26.136577606201172,26.600289041925873,26.064308919825013,26.3051999464647,538400
2015-08-24,25.468101501464844,26.184748584830135,25.094720263836624,25.094720263836624,664400
2015-08-25,26.064311981201172,26.431669806186413,25.805354901205263,26.082380303570968,389600
2015-08-26,26.690616607666016,26.762882977393446,25.594567094689705,26.3292824617224,359100
2015-08-27,27.9251766204834,27.931200157840568,26.497903808584955,26.82310590668021,640000
2015-08-28,28.437076568603516,28.611720142254303,27.497604367151027,27.714405821125215,572800
2015-08-31,27.437379837036133,28.30458326317534,27.310910804162447,27.973359875939952,404300
2015-09-01,26.73276710510254,27.274770518402164,26.564144841989783,27.021834826426993,690300
2015-09-02,26.455745697021484,27.214548222438925,26.407566592014067,27.088081517753714,288500
2015-09-03,26.793006896972656,27.070030007287397,26.49791546394528,26.642450559109328,340500
2015-09-04,26.528018951416016,26.80504198528381,26.473818592849987,26.600285330401796,234900
2015-09-08,25.29947853088379,26.196795050318865,25.233235691528677,26.196795050318865,1167800
2015-09-09,25.377765655517578,25.594567061727126,25.32356530396519,25.504232376704323,719600
2015-09-10,25.311527252197266,25.522307474159135,25.23323962150096,25.353682837128222,407200
2015-09-11,25.016437530517578,25.275394572776875,24.98632672736564,25.269371033762273,327400
2015-09-14,25.11279296875,25.179038112722516,25.00439224175988,25.00439224175988,540700
2015-09-15,25.715007781982422,25.8474957188999,25.112782786138833,25.142893576469806,902700
2015-09-16,25.955900192260742,26.19679114469776,25.606610838264093,25.678877205072645,1379600
2015-09-17,26.202817916870117,26.275086596242993,25.63672704562378,25.93181840979586,701100
2015-09-18,25.79932403564453,26.323259242797043,25.793302795305387,26.046236241066428,609200
2015-09-21,25.992040634155273,26.16668650086004,25.853529108001915,25.895684689991768,298400
2015-09-22,25.93783950805664,25.979995088804923,25.666837705169954,25.823417545640865,491900
2015-09-23,26.100439071655273,26.377462099690007,25.99203835680573,26.022149155973555,466300
2015-09-24,25.913753509521484,26.046243808541377,25.666841232361705,26.046243808541377,495400
2015-09-25,25.94988250732422,26.244973849621218,25.913748170316417,26.058283221040938,436800
2015-09-28,25.835460662841797,25.90772703985863,25.708991631428958,25.781260305752497,1072300
2015-09-29,26.269060134887695,26.371439603954872,25.841480834052497,26.016126677145166,1335100
2015-09-30,26.660507202148438,26.696641537549905,26.353371094502453,26.353371094502453,753400
2015-10-01,26.618356704711914,26.81106860234093,26.407576487281595,26.79902382157574,422200
2015-10-02,26.503929138183594,26.68459852987356,26.413596739645357,26.52801869671649,383800
2015-10-05,26.6785831451416,26.853229051920557,26.407581272089338,26.636427553478743,593200
2015-10-06,26.24497413635254,26.7207302769662,26.160660682413187,26.7207302769662,427900
2015-10-07,26.534046173095703,26.60631256211317,26.29917638850152,26.401555878807766,304700
2015-10-08,26.443714141845703,26.56415966727728,26.34735818096191,26.56415966727728,351100
2015-10-09,26.311220169067383,26.49791082234625,26.269064585634574,26.49791082234625,249900
2015-10-13,26.44973373413086,26.53404720478777,26.32929051352105,26.461778515653275,432500
2015-10-14,26.196788787841797,26.49790130264458,26.160654459035243,26.49790130264458,324200
2015-10-15,26.37143898010254,26.449726592900404,26.26303827297536,26.305193848268537,297200
2015-10-16,26.257009506225586,26.528011220074802,26.214853939327497,26.42563407112404,510600
2015-10-19,26.467803955078125,26.515980787319023,26.220891659411766,26.281113274039722,384800
2015-10-20,26.618356704711914,26.636422727206188,26.41962126804679,26.48586641360183,514600
2015-10-21,26.503929138183594,26.672553750607115,26.38950718111246,26.642442951094367,409000
2015-10-22,26.80504608154297,26.87731476887938,26.53404654460634,26.600289395370705,618100
2015-10-23,26.73880958557129,26.913453211539267,26.66654088105937,26.907431968150437,470300
2015-10-26,26.41360092163086,26.823114292300108,26.35940055500384,26.774935167606262,440000
2015-10-27,26.521989822387695,26.60630095568032,26.317233228403,26.401544361695624,589100
2015-10-28,26.588245391845703,26.642445755596714,26.46779988380934,26.642445755596714,314400
2015-10-29,26.72521209716797,26.767826143315816,26.5121395441374,26.59736763643309,381100
2015-10-30,26.079923629760742,26.646084620616232,26.000782221820575,26.63999556954023,560800
2015-11-02,25.99468421936035,26.341685666839187,25.708559322484575,26.14078886972431,408000
2015-11-03,26.06773567199707,26.171228591307983,25.927717752463508,26.031208349482956,396700
2015-11-04,26.122529983520508,26.232109647601554,25.982512039926252,26.171233088575136,309900
2015-11-05,26.122529983520508,26.219933871337897,26.055564375216328,26.128616710506403,300000
2015-11-06,26.165142059326172,26.286897490457388,25.84249214077639,26.189493610010754,411000
2015-11-09,26.244281768798828,26.40256219359877,26.07991229556915,26.098174796275266,343400
2015-11-10,26.18339729309082,26.408645590960244,26.15295902433013,26.250362877738972,273800
2015-11-11,26.122529983520508,26.396479143723123,26.116443256534613,26.27472370337842,267200
2015-11-12,25.769445419311523,26.17732353173363,25.73900481318505,26.128620419765035,451000
2015-11-13,25.842491149902344,26.098175455411713,25.732911498315012,25.732911498315012,283800
2015-11-16,25.95816421508789,26.012954054996438,25.56854860786808,25.641600953648744,355200
2015-11-17,26.049474716186523,26.286896520874745,25.90336773975983,25.95815756563339,418300
2015-11-18,26.256458282470703,26.34168638455376,25.988595879019268,26.116440354435458,220500
2015-11-19,26.18339729309082,26.341680006312096,26.025116902160597,26.305152690424634,228500
2015-11-20,26.079923629760742,26.299083022645775,26.00687127289658,26.29299397156977,241000
2015-11-23,26.104270935058594,26.219937341433486,26.03121626780818,26.110357662850042,323100
2015-11-24,25.927730560302734,26.086011058135377,25.872940710612088,26.086011058135377,348600
2015-11-25,25.751176834106445,25.90945960261889,25.568544835454432,25.89119477714939,274100
2015-11-26,25.751176834106445,25.970336161405612,25.672035449850224,25.75117683410645,92100
2015-11-27,26.01295280456543,26.06774264184026,25.702478608202817,25.78161767803927,265500
2015-11-30,25.939899444580078,26.061654891779682,25.751178385306094,26.049479114830522,255900
2015-12-01,26.049474716186523,26.15296531934124,25.842491187585477,25.90945678835223,385800
2015-12-02,26.195585250854492,26.323429754786456,26.02512900866804,26.055567291588172,303900
2015-12-03,25.812049865722656,26.256455146572893,25.78769831880971,26.207752052747004,261500
2015-12-04,25.939899444580078,26.15296973546039,25.757267434926675,25.824230724709057,345400
2015-12-07,25.842491149902344,26.019036402158775,25.738998224606927,25.9277192517388,432900
2015-12-08,25.30677032470703,25.97642173068423,25.215453168304798,25.72073740842478,562500
2015-12-09,25.33720588684082,25.51375113173893,25.154573915904486,25.349381661208774,617100
2015-12-10,25.538108825683594,25.611161167178338,25.258072914710365,25.331125256205105,423100
2015-12-11,25.392005920410156,25.525937170019574,25.221549655301757,25.385919191924472,432800
2015-12-14,25.221534729003906,25.489394747408692,25.209358956945813,25.404166665293126,412400
2015-12-15,25.538108825683594,25.556371330484264,25.27633541951103,25.27633541951103,324800
2015-12-16,26.195585250854492,26.219936806107448,25.52593373744304,25.532020465110218,621000
2015-12-17,26.280805587768555,26.341684457869082,25.958155704255805,26.17731499203482,692700
2015-12-18,26.469532012939453,26.48170778944871,26.116443783338596,26.195582847210908,710900
2015-12-21,26.086008071899414,26.61564399904233,26.03121822848092,26.42083618295264,272700
2015-12-22,26.493886947631836,26.573028343897654,26.06165727669706,26.104271338772758,341400
2015-12-23,26.60955238342285,26.63390393865974,26.390393030875142,26.62781721099658,318500
2015-12-24,26.652158737182617,26.682599333572558,26.542579092594895,26.597368914888754,191500
2015-12-29,26.688695907592773,26.792186542173923,26.457360758957076,26.66434435041169,245200
2015-12-30,26.59737205505371,26.74347903918432,26.506057221977347,26.69477593704354,106200
2015-12-31,26.317338943481445,26.579112339200666,26.268638158527065,26.5425850087659,152100
2016-01-04,26.079923629760742,26.213854885922164,25.732922031790284,26.061661121117837,450100
2016-01-05,26.22601890563965,26.32342277854535,26.110350209988713,26.116439258334292,235500
2016-01-06,26.274723052978516,26.481706599753316,26.116442610052754,26.165143391609984,242100
2016-01-07,25.77553367614746,26.27472899197649,25.74509539050761,26.13471102019931,492900
2016-01-08,26.055559158325195,26.17122784852461,25.805961600624766,25.945979516184384,323000
2016-01-11,26.359952926635742,26.45127009131844,26.02512719328578,26.05556547408269,409500
2016-01-12,26.615625381469727,26.62780115174495,26.219920975542482,26.45734269018254,890000
2016-01-13,26.41473960876465,26.74347857564171,26.26254590065027,26.646074695340175,427800
2016-01-14,26.195585250854492,26.45735866409347,25.87902199944242,26.45735866409347,461900
2016-01-15,25.8303165435791,25.988596979537114,25.64159550790957,25.89119309841871,644700
2016-01-18,25.61724281311035,25.91554114267045,25.507663171392775,25.696381859235295,250500
2016-01-19,26.01904296875,26.055567980302754,25.69639065885011,25.81205938821301,466600
2016-01-20,25.970340728759766,26.128621202816834,25.65377745835336,25.872936824195662,760900
2016-01-21,26.329511642456055,26.402563972494026,25.9642476699745,25.97033439652279,826900
2016-01-22,26.615625381469727,26.621712105461974,26.372114620546697,26.49387000100821,745300
2016-01-25,26.51214599609375,26.633901438556965,26.445180386624386,26.633901438556965,432700
2016-01-26,26.59737205505371,26.706951712578736,26.451267393214835,26.48779239752869,259600
2016-01-27,26.731300354003906,26.834793273642212,26.481702788429907,26.59736915998662,445600
2016-01-28,27.175708770751953,27.19397127300994,26.83479634304693,26.846969796357758,951000
2016-01-29,27.4864501953125,27.65258752325607,26.957274908524298,27.34492632645731,992600
2016-02-01,27.67104721069336,27.880256906457635,27.351079302626317,27.880256906457635,478500
2016-02-02,27.76333999633789,27.76333999633789,27.264930462920322,27.523364688060074,492500
2016-02-03,28.009471893310547,28.071003185535982,27.646431635736448,27.837182397264648,913300
2016-02-04,28.224843978881836,28.26791636848265,27.898723786970216,28.02794095577265,994600
2016-02-05,28.280202865600586,28.335581947929168,27.917162736394886,28.181751424490606,563300
2016-02-08,28.57556915283203,28.575569152832035,28.046393902355184,28.150997575400034,765900
2016-02-09,28.4094295501709,28.99398620639122,28.40327735995036,28.834003440705768,1994300
2016-02-10,27.855642318725586,28.520189218314275,27.812569943162817,28.45865792387273,919500
2016-02-11,27.720279693603516,27.843344669885575,27.504917745561798,27.689514036350296,1025700
2016-02-12,27.4249210357666,27.991018902648037,27.4249210357666,27.818727022848208,855600
2016-02-16,27.941783905029297,28.083307744029913,27.634122773131917,27.72026751450028,1063000
2016-02-17,28.42173194885254,28.53864467065014,27.720265007138714,27.720265007138714,1037800
2016-02-18,28.655559539794922,28.889382672797257,28.51403569139749,28.59402824823719,814300
2016-02-19,28.557109832763672,28.612488937501183,28.21868301370928,28.575568751920024,832100
2016-02-22,28.304828643798828,28.735554766527734,28.034087649613944,28.643255473347065,13098000
2016-02-23,28.16945457458496,28.397125519107306,28.05254418080984,28.34174641736786,863300
2016-02-24,27.935636520385742,28.175611868980848,27.781805927976723,28.1633051399159,624300
2016-02-25,28.089466094970703,28.212528686623887,27.904867512953974,28.212528686623887,501900
2016-02-26,27.70796775817871,28.18176630216863,27.689508836746878,28.18176630216863,629500
2016-02-29,27.7141170501709,27.80026179690272,27.535673019215942,27.744882695822504,435500
2016-03-01,28.089466094970703,28.157149581472563,27.71411908753045,27.769498192681773,839700
2016-03-02,28.12023162841797,28.175610733343866,27.93563539442113,28.10177036193036,573800
2016-03-03,28.237136840820312,28.286363746051364,28.070999556567553,28.18175774606939,481400
2016-03-04,28.335590362548828,28.415582915726606,28.114073967452345,28.26175234660607,491000
2016-03-07,28.495576858520508,28.532494694658123,28.1694544399389,28.39097084583786,574300
2016-03-08,28.84014892578125,28.926293652450585,28.366350581832126,28.538642382438564,818200
2016-03-09,28.93860626220703,29.037057733745456,28.74785785643971,28.834002600627304,627500
2016-03-10,28.803237915039062,29.01244759243348,28.649407338933408,29.000140864672833,439900
2016-03-11,28.883224487304688,28.97552376025212,28.81554101404699,28.85861338215099,349700
2016-03-14,28.790929794311523,28.96321928008826,28.68632378704122,28.864767810034667,511900
2016-03-15,29.024749755859375,29.141662487020966,28.729395353969476,28.772467724207495,710700
2016-03-16,28.957067489624023,29.09243679577261,28.624792893383603,28.96321967965741,645200
2016-03-17,28.95091438293457,29.227809893484405,28.821697260434096,28.94476219259717,641200
2016-03-18,28.680164337158203,29.055511205245654,28.661705424717052,28.901680675522446,1484600
2016-03-21,28.99398422241211,29.129355870683973,28.649405259201018,28.73555000000379,407200
2016-03-22,29.129356384277344,29.27703476202027,28.80323633198312,28.97552581662638,607900
2016-03-23,29.240123748779297,29.264737210665174,28.92015578606966,29.098599863838885,368200
2016-03-24,28.870922088623047,29.178583248206504,28.772470611447073,29.16627886741933,279400
2016-03-28,28.969371795654297,28.987830711479862,28.667862869317847,28.864765795684004,335200
2016-03-29,29.22781753540039,29.283196651989805,28.827856988113645,28.88939064391797,346800
2016-03-30,29.326263427734375,29.48624620768534,29.197046296166075,29.320111236965246,270300
2016-03-31,29.252424240112305,29.510858492982628,29.20319732684077,29.332414453275927,347900
2016-04-01,29.670839309692383,29.72621840545517,29.12320288896485,29.1355072682294,613400
2016-04-04,29.861581802368164,29.86773633805243,29.42470365948984,29.627761086253564,548000
2016-04-05,29.535472869873047,29.775448211377807,29.430869196814456,29.732375834557388,547200
2016-04-06,29.301658630371094,29.541634044857716,29.13552126327977,29.541634044857716,393200
2016-04-07,29.23396873474121,29.42471954035446,29.086292660362922,29.301654580193297,481500
2016-04-08,29.203184127807617,29.467772798884315,29.086273782530593,29.28932883982936,300800
2016-04-11,28.90169334411621,29.295499297263337,28.870925346870827,29.197047808976553,351500
2016-04-12,28.99398422241211,29.073976773415314,28.84630819454111,28.944759662211155,494000
2016-04-13,28.9816837310791,29.141668867507008,28.920152430772152,29.123209946868652,470200
2016-04-14,29.024749755859375,29.209348310900175,28.901687182189683,29.141662487020966,325600
2016-04-15,29.24626350402832,29.252418040517114,28.95706366528891,28.95706366528891,303800
2016-04-18,29.203184127807617,29.320096820352003,29.030894703764137,29.301635562584945,352900
2016-04-19,29.258577346801758,29.320110990317964,28.981681819150058,29.320110990317964,574800
2016-04-20,29.092437744140625,29.45547799691899,29.03090645272801,29.320108686357578,829900
2016-04-21,28.704792022705078,29.123211458867765,28.618644911626713,29.117056920156354,420100
2016-04-22,28.495576858520508,28.70478653661749,28.37251192776905,28.686325271280364,382800
2016-04-25,28.378664016723633,28.569414776070822,28.28636707944078,28.452504383271886,667300
2016-04-26,28.224843978881836,28.489432856297782,28.11408573497427,28.427901541802107,421500
2016-04-27,28.489423751831055,28.538650665511323,28.13253801672284,28.26790733480671,594300
2016-04-28,28.393062591552734,28.46766836408326,28.100864949739254,28.424149515906798,860000
2016-04-29,28.268720626831055,28.3992771540243,28.169248648264904,28.39305882133946,584300
2016-05-02,28.274944305419922,28.3557660511895,28.100868888315915,28.23142545114392,1053900
2016-05-03,28.324670791625977,28.349537004959664,28.08842397796499,28.169245693196157,491500
2016-05-04,28.610654830932617,28.722561101024322,28.318454862182172,28.318454862182172,684700
2016-05-05,28.759870529174805,28.853126573705353,28.616879666734434,28.672832819132815,415900
2016-05-06,28.75364112854004,28.865547381038464,28.641734876041617,28.722556585423508,388200
2016-05-09,28.53605842590332,28.747436724302588,28.53605842590332,28.72256813117336,383100
2016-05-10,28.859325408935547,29.058271677301843,28.36196566701561,28.59199647457722,640100
2016-05-11,29.188831329345703,29.362906664990224,28.84689661793029,28.89663141171505,583600
2016-05-12,29.263437271118164,29.412646408749588,29.09557788063235,29.213702472973544,665400
2016-05-13,28.828250885009766,29.226138816776608,28.753647490703273,29.207488561099773,404500
2016-05-16,29.06449317932129,29.120446309182864,28.82203040712072,28.95258691959814,372500
2016-05-17,28.884201049804688,29.12044787431763,28.784729077104327,29.02097590161727,434300
2016-05-18,28.411718368530273,28.890428123112205,28.337114959332975,28.890428123112205,637300
2016-05-19,28.34953498840332,28.467659572630783,28.107072231555446,28.467659572630783,710900
2016-05-20,28.31844711303711,28.529825301857166,28.312231153776967,28.349531652534516,499400
2016-05-24,28.492528915405273,28.5920008791127,28.355754075958053,28.405488872012423,657400
2016-05-25,28.573348999023438,28.691473589474125,28.368189106112307,28.54226445423069,765700
2016-05-26,28.76607322692871,28.890413761513525,28.58577957036065,28.610648151597303,460200
2016-05-27,28.828250885009766,28.98367600658114,28.784732040697715,28.784732040697715,268500
2016-05-30,28.784730911254883,29.039628005766424,28.784730911254886,28.89663718412327,234100
2016-05-31,28.728769302368164,28.977450362425394,28.6976847627606,28.902846993047564,399500
2016-06-01,28.685253143310547,28.890415392698948,28.666602892129266,28.710121725951307,334900
2016-06-02,28.623092651367188,28.77851778213491,28.610658356313856,28.63552694642052,366400
2016-06-03,28.977449417114258,29.126656151002447,28.635514749389028,28.635514749389028,367400
2016-06-06,28.921497344970703,29.219913195137753,28.921497344970703,29.033403585233142,350100
2016-06-07,29.126663208007812,29.48103225134904,29.05827815517259,29.269656389060238,519200
2016-06-08,29.387775421142578,29.505897632227345,29.17017887870399,29.2199160443809,479500
2016-06-09,29.381559371948242,29.530768508970716,29.288305736458128,29.3193902816215,216700
2016-06-10,29.462377548217773,29.493462089647892,29.269651968391965,29.269651968391965,318300
2016-06-13,29.462377548217773,29.549415212861497,29.350471301790567,29.350471301790567,479400
2016-06-14,29.37534523010254,29.524554376362143,29.35669497616969,29.437514324278006,275700
2016-06-15,29.244787216186523,29.499684283849597,29.244787216186527,29.425080900328375,202800
2016-06-16,29.381559371948242,29.437512501881823,29.00854008679023,29.219918314139445,276700
2016-06-17,29.306962966918945,29.462388101339684,29.039631545987323,29.375350405519963,1571800
2016-06-20,29.0831356048584,29.468591449765558,28.87797576498032,29.39398571562977,447800
2016-06-21,29.263437271118164,29.400212116313735,28.902852276873627,29.201268180537692,396000
2016-06-22,29.0955810546875,29.32560956084773,29.027193624629284,29.32560956084773,234500
2016-06-23,28.896635055541992,29.282088649473714,28.691475151461784,29.21370359584623,410500
2016-06-24,29.474824905395508,29.474824905395508,28.41171746465652,28.554708315902154,631800
2016-06-27,29.6240291595459,29.679982298249982,29.30696058302305,29.30696058302305,759400
2016-06-28,29.767017364501953,30.021914446897526,29.468601441570478,29.767017364501953,552100
2016-06-29,30.04677963256836,30.20842068317817,29.723495159750062,29.872701918528556,534900
2016-06-30,30.227069854736328,30.438448065116244,29.897569433578862,30.140032186626705,563700
2016-07-04,29.990827560424805,31.01663177081796,29.965958975887105,30.81147187737883,374900
2016-07-05,30.46332359313965,30.575229869536255,29.990832270708854,30.152473352393326,549000
2016-07-06,31.06015396118164,31.20314478031242,30.4198032555962,30.450887803824802,697400
2016-07-07,30.81147575378418,31.203145337334664,30.730654029667818,31.122325984817355,595900
2016-07-08,30.475749969482422,30.954459500450533,30.407362554830048,30.91094066778057,471200
2016-07-11,30.730649948120117,30.94824413230355,30.463318595209767,30.469534555501262,486400
2016-07-12,30.674697875976562,30.942029238097625,30.606310452420175,30.712000753806997,459000
2016-07-13,30.618745803833008,30.84255833535746,30.513057870390295,30.823908081596723,442800
2016-07-14,30.537925720214844,30.718219421553254,30.494406878043367,30.705785127847257,321700
2016-07-15,30.618745803833008,30.755520655675483,30.351414432467568,30.618745803833008,486500
2016-07-18,30.593873977661133,30.711998563232704,30.494402015473764,30.680911648125246,432400
2016-07-19,30.985536575317383,31.047705643693565,30.53169573569704,30.581430516078395,711400
2016-07-20,30.96858787536621,31.289016512885564,30.937173679021104,31.10052893806538,525800
2016-07-21,30.98115348815918,31.02513384161843,30.585327910276426,30.968587330492323,395800
2016-07-22,31.11309051513672,31.226183522727922,30.89318637959862,31.006279387189824,299400
2016-07-25,30.88690185546875,31.08167366225516,30.84920339058296,31.037693318262903,234400
2016-07-26,30.6669979095459,30.956012262445203,30.62301756874595,30.94344610839539,554800
2016-07-27,30.47223472595215,30.76124916050419,30.32144323150137,30.66700657362826,615400
2016-07-28,30.541349411010742,30.679574756988462,30.35286182806363,30.47223673802188,370100
2016-07-29,30.58531951904297,30.685846356048295,30.42824618642535,30.57903524355891,265200
2016-08-02,30.899473190307617,30.91203934737609,30.32772622581369,30.70470135087035,581500
2016-08-03,30.509929656982422,30.97486545046334,30.47223118855861,30.97486545046334,242700
2016-08-04,30.58531951904297,30.66071404760975,30.409398153470867,30.623017981700784,426300
2016-08-05,30.86804962158203,31.087951311624114,30.572751012026664,30.629297503287294,798400
2016-08-08,30.629302978515625,30.93088352023266,30.50364382027959,30.88690317436241,766300
2016-08-09,30.723552703857422,30.94345446725999,30.183219917497432,30.924606429468188,1126900
2016-08-10,30.74868392944336,30.880627389844655,30.528782156690475,30.754968206807476,771400
2016-08-11,30.81779670715332,30.943455890627614,30.472235750161204,30.79266439110855,7392400
2016-08-12,30.45966339111328,30.830356588683877,30.321438077756728,30.786376242933898,814700
2016-08-15,30.484804153442383,30.64815942626566,30.384277278608888,30.50365219348937,481900
2016-08-16,30.44081687927246,30.566476043451708,29.98844484692687,30.44081687927246,920200
2016-08-17,30.365419387817383,30.45338007516794,30.001008086794815,30.440813920296577,535100
2016-08-18,30.365419387817383,30.440813920296577,30.07012074021282,30.415681610553854,466600
2016-08-19,30.01986312866211,30.415688710891406,29.856507870698174,30.40940683036375,577800
2016-08-22,30.271169662475586,30.283735815370072,29.881628509740864,30.03241755097752,448700
2016-08-23,30.038715362548828,30.334011700022547,30.001016886876794,30.283749462542847,293000
2016-08-24,30.0638370513916,30.321437239411658,29.850217207905526,30.0638370513916,688400
2016-08-25,30.176937103271484,30.283748248351603,29.938187290503368,30.12667486780699,317100
2016-08-26,29.755979537963867,30.327726507773374,29.6491684002635,30.23348152725831,431300
2016-08-29,30.0512752532959,30.27117699031021,29.78110889253593,29.837655395875206,402000
2016-08-30,29.774826049804688,30.23347997819599,29.68058347086771,30.00729395394838,784600
2016-08-31,30.00101089477539,30.0135770508229,29.668016148138676,29.83765565965621,761300
2016-09-01,30.070114135742188,30.120376347439286,29.881626647568293,29.982153467710933,550500
2016-09-02,30.189502716064453,30.478517155826676,30.082693969663012,30.158088519872827,604700
2016-09-06,30.258607864379883,30.308872483191884,30.107816404692823,30.27117401908288,476100
2016-09-07,30.202068328857422,30.25233295925657,30.076409149609056,30.17693601365785,288100
2016-09-08,30.0638370513916,30.25232698139327,29.988442517440348,30.189496205809707,277900
2016-09-09,29.592628479003906,30.03871876976465,29.454405512694194,30.03243449139833,582800
2016-09-12,29.56121063232422,29.743416334481132,29.44811760317508,29.55492875148245,740800
2016-09-13,29.228212356567383,29.51722677601048,29.152817811658174,29.49209446212429,592700
2016-09-14,29.385282516479492,29.5486377454144,29.07113581743235,29.17166266525747,664400
2016-09-15,29.473243713378906,29.586336718712204,29.39156489913838,29.40413105492532,462700
2016-09-16,29.44811248779297,29.561205497296914,29.372717947040087,29.554923617546358,986700
2016-09-19,29.54236602783203,29.749701674211845,29.52351798636567,29.52979986793781,541700
2016-09-20,29.71200180053711,30.03871472585408,29.63660485079114,29.63660485079114,487700
2016-09-21,29.91933822631836,29.975884741776056,29.781115274893747,29.850225552231205,515800
2016-09-22,30.095264434814453,30.340298555628515,30.007301317438998,30.007301317438998,728100
2016-09-23,30.101533889770508,30.208345004114975,30.044987393176118,30.095252010926195,514200
2016-09-26,30.026147842407227,30.132956590176722,29.95075089448216,30.05756203900122,353700
2016-09-27,29.850221633911133,30.1203880171065,29.831373596815904,30.00101312092109,489700
2016-09-28,29.71200180053711,30.032430448333773,29.693151364725804,29.837660986697426,556800
2016-09-29,29.61776351928711,29.80625114283971,29.52980278807924,29.68687620716477,542300
2016-09-30,29.724565505981445,29.88792075678518,29.624038644698512,29.71828122897971,650900
2016-10-03,29.529794692993164,29.74969646073054,29.448115866369488,29.74969646073054,459000
2016-10-04,29.096263885498047,29.655444544777367,29.0334331168017,29.517219250394163,662100
2016-10-05,28.694162368774414,29.309892094485633,28.625052098551205,29.15910060320444,695200
2016-10-06,28.85752296447754,29.020878233027897,28.68160153730797,28.71301573548115,635900
2016-10-07,28.725582122802734,28.888937392653663,28.68788364664496,28.807258559353343,527900
2016-10-11,28.656469345092773,28.763278098697516,28.52452827413996,28.738148178099145,450100
2016-10-12,29.05856704711914,29.13396157701657,28.68787387972918,28.700440034170235,670300
2016-10-13,29.00830841064453,29.127685704074775,28.93919814209207,28.96432805940688,481600
2016-10-14,29.221923828125,29.36014913763882,29.058568605130592,29.10883322558981,464200
2016-10-17,29.36016082763672,29.466971990265815,29.19052126116696,29.291048145362005,263400
2016-10-18,29.44811248779297,29.59261968954818,29.38528410329044,29.460678644043323,564600
2016-10-19,29.642887115478516,29.856506998420794,29.441833389973954,29.536075975632645,597900
2016-10-20,29.699438095092773,29.799964972973516,29.479533901963148,29.624043535869674,689600
2016-10-21,29.787395477294922,29.900488501837454,29.592623624638442,29.63032209840247,551800
2016-10-24,29.831375122070312,29.95703430154523,29.76226245352163,29.875355475374107,382900
2016-10-25,29.58634376525879,29.862792068165376,29.542363407904325,29.843944028370526,621700
2016-10-26,29.435546875,29.649166741701517,29.34758617637278,29.649166741701517,778200
2016-10-27,29.460681915283203,29.617755290729797,29.278476224545273,29.479529953376954,540900
2016-10-28,29.646841049194336,29.735793892431897,29.4181037815645,29.545180310668098,444800
2016-10-31,29.723087310791016,29.983593116264323,29.608718671921434,29.627781727588566,583800
2016-11-01,29.58965492248535,29.90099227855758,29.4053940877443,29.850160700511893,750500
2016-11-02,29.28468132019043,29.62143214033395,29.27832858296181,29.589663606623315,604000
2016-11-03,29.21478843688965,29.437173015446742,29.132188312066518,29.291033400842856,410100
2016-11-04,29.46893882751465,29.602368108058865,29.18301720936026,29.233846372707994,445200
2016-11-07,29.488006591796875,29.608728004752003,29.354577278985825,29.545190929256474,432200
2016-11-08,29.488006591796875,29.723096679671205,29.405406454625435,29.659559604175676,730000
2016-11-09,29.17666244506836,29.538831448834998,29.062296220037886,29.481647124428005,1038900
2016-11-10,28.59210968017578,29.17030557897912,28.522217468707826,29.163952843292567,1249600
2016-11-11,28.33795738220215,28.71283181609321,28.274420328505315,28.59211044455594,840500
2016-11-14,28.147357940673828,28.46504821635589,28.05840505128836,28.388803228851838,1332000
2016-11-15,28.37608528137207,28.41420897351991,28.14734797605222,28.242655994530022,1031700
2016-11-16,28.37608528137207,28.52222246559673,28.166411034017937,28.439622344501544,695800
2016-11-17,28.477750778198242,28.57941155040208,28.299845032787516,28.40150580499136,642000
2016-11-18,28.50316047668457,28.693774080796885,28.29348381551259,28.496805316403524,631600
2016-11-21,28.490447998046875,28.693769466239466,28.363371474480733,28.59846146761909,646200
2016-11-22,28.617530822753906,28.655652091569305,28.47774637367445,28.56669923262188,572100
2016-11-23,28.611177444458008,28.795438334489898,28.52857974102339,28.52857974102339,481400
2016-11-24,28.719196319580078,28.75096485676445,28.59211974705857,28.744612118841186,281600
2016-11-25,28.789091110229492,28.820859650232816,28.592122284154105,28.814504487961607,457300
2016-11-28,29.04323959350586,29.119486992120326,28.719196632638546,28.909810281606617,740900
2016-11-29,28.763669967651367,28.763669967651364,28.293487422042915,28.592116974947626,1660400
2016-11-30,28.66200828552246,28.71283745370331,28.40150243616337,28.681068920617317,4224400
2016-12-01,28.32525634765625,28.636591352838046,28.15370336726106,28.636591352838046,775000
2016-12-02,28.077455520629883,28.5031615961917,28.00756572127767,28.420561475778168,767000
2016-12-05,28.08380889892578,28.115577428212276,27.80424002412443,28.109224691868345,713000
2016-12-06,27.975799560546875,28.058399695116012,27.88049395030617,28.058399695116012,537800
2016-12-07,28.12194061279297,28.20454075865329,27.956742744856644,27.96309548356083,550700
2016-12-08,28.210878372192383,28.248999628272298,27.91860167414374,28.121923119179343,573200
2016-12-09,28.274436950683594,28.445990005058754,28.109239059684175,28.255376308125687,448800
2016-12-12,28.350677490234375,28.407861832707944,28.210895427131202,28.31255621110818,441100
2016-12-13,28.668363571166992,28.67471873261937,28.369736425071032,28.4332734968913,485500
2016-12-14,28.363374710083008,28.7128333719177,28.306190389143996,28.706480635717085,570100
2016-12-15,28.357027053833008,28.566701318982062,28.299842722649846,28.34431915537188,637200
2016-12-16,28.70648193359375,28.744605623871195,28.34431535920019,28.465036742736885,1874100
2016-12-19,28.6365909576416,28.744606872896185,28.395145756293342,28.706483180962174,611700
2016-12-20,28.45868682861328,28.750961211709303,28.420563134554953,28.655653188455346,398800
2016-12-21,28.553998947143555,28.592122649905765,28.401508983663245,28.46504606448266,329300
2016-12-22,28.814491271972656,28.897091377123513,28.54127759044401,28.592109170162423,595000
2016-12-23,28.770023345947266,28.90980780766107,28.712839013771966,28.846270738036893,342900
2016-12-28,28.630245208740234,28.84627466819272,28.420568487602154,28.75096662698738,554600
2016-12-29,28.903446197509766,28.93521472256964,28.566693045282438,28.592108834843575,399600
2016-12-30,28.839916229248047,28.986053431716787,28.776379158186472,28.935224259624306,280700
2017-01-03,28.71283531188965,28.878035549667764,28.59846666228435,28.852619755581358,594000
2017-01-04,28.966989517211914,29.00511320980507,28.681067882222305,28.725544311689177,464200
2017-01-05,28.966989517211914,28.986050151616684,28.833560228811304,28.960636780338202,693700
2017-01-06,28.865333557128906,28.97334706841538,28.71284118520115,28.966994330486067,477300
2017-01-09,28.85896873474121,28.966984633652885,28.731894628421426,28.909800316295694,443500
2017-01-10,28.770023345947266,28.90980780766107,28.712839013771966,28.897099908979467,395500
2017-01-11,28.73189926147461,28.83356001719328,28.522222589426566,28.83356001719328,500500
2017-01-12,28.770023345947266,28.884392010297862,28.623886146784578,28.75096270981678,420700
2017-01-13,28.827207565307617,28.909807694522872,28.70013100277273,28.795439030619853,279900
2017-01-16,29.005115509033203,29.036884043487305,28.789086081447966,28.890746845971382,211100
2017-01-17,29.09406089782715,29.195721636223695,28.97333710463031,29.005108054703072,469100
2017-01-18,29.075000762939453,29.322801109963596,29.01146370397948,29.100416556036816,714500
2017-01-19,29.15125274658203,29.227497714133342,29.01782102363746,29.075005355246898,429800
2017-01-20,29.221147537231445,29.322808310802426,29.087715802595003,29.227500275174116,530300
2017-01-23,29.011465072631836,29.24020237373221,28.998757175483643,29.227494476584017,636800
2017-01-24,29.024169921875,29.087706977160224,28.80814054060864,29.04323055370391,632400
2017-01-25,29.29738426208496,29.316444894330033,28.998754763400953,29.030523291737193,883100
2017-01-26,29.303743362426758,29.39905139191782,29.221145655570634,29.25926692833996,540600
2017-01-27,29.18936538696289,29.424457805051986,29.07499675756363,29.348210436263745,747700
2017-01-30,28.84424591064453,29.287706017443426,28.779974731017635,29.287706017443426,593900
2017-01-31,29.204160690307617,29.236297512549562,28.71571188359102,28.83139757891514,754700
2017-02-01,28.889238357543945,29.25557554926833,28.77355267050518,29.204158598719925,573200
2017-02-02,29.04990577697754,29.062760011573207,28.805680223049023,28.940646008761664,430500
2017-02-03,29.062759399414062,29.268422245223636,28.889230913569513,29.04990516508915,529600
2017-02-06,29.088476181030273,29.21701612015317,29.043487570091575,29.17202750921447,431800
2017-02-07,29.486940383911133,29.589771810507468,29.10132069540392,29.133457508217138,768700
2017-02-08,29.73758888244629,29.872554656769946,29.409812057152436,29.493363349126565,681300
2017-02-09,29.679750442504883,29.885413305677194,29.63476184441686,29.74401916786071,681100
2017-02-10,29.634754180908203,29.814708526724335,29.60261982654019,29.7183054636203,783000
2017-02-13,29.33268928527832,29.551206352898394,29.268420569028923,29.40338634416928,870000
2017-02-14,29.02420425415039,29.3069901278505,28.947081279813116,29.3069901278505,731800
2017-02-15,29.210582733154297,29.268425568336575,28.985637284469977,29.101322954834533,487500
2017-02-16,29.18487548828125,29.300561163508295,29.12703265066773,29.23629243357989,531500
2017-02-17,29.094905853271484,29.281288650914767,29.043488894599328,29.24272593191065,461100
2017-02-21,29.03705406188965,29.351974255877703,29.01777393417052,29.06276253331167,500600
2017-02-22,29.114173889160156,29.172016717783233,28.998488231914003,29.04347682621034,711800
2017-02-23,29.2491455078125,29.351976951248748,29.114179697995233,29.165596645560857,358000
2017-02-24,29.069190979003906,29.339125049258882,29.0306282684832,29.24914539137723,389100
2017-02-27,29.062759399414062,29.191296839274163,28.831388084954664,29.146308244984226,1012000
2017-02-28,29.27484703063965,29.287701264478972,28.992061241257748,28.992061241257748,713300
2017-03-01,29.2491455078125,29.39696800621617,29.03062838404859,29.31341669226953,1226900
2017-03-02,29.300559997558594,29.39053719655588,29.152739963249513,29.19130021899418,469500
2017-03-03,29.191293716430664,29.467653595615406,29.08203641389887,29.306979361284476,499000
2017-03-06,29.04990577697754,29.2427143925234,29.004917181739994,29.2427143925234,726600
2017-03-07,29.384117126464844,29.46124010492959,29.02420580747054,29.04991428419055,957000
2017-03-08,29.25557518005371,29.351978283572617,29.15274373194981,29.281283655003463,1331500
2017-03-09,29.319849014282227,29.441963065680913,29.197737414579077,29.345557493702533,391900
2017-03-10,29.236284255981445,29.461227199507597,29.127024503630018,29.384104254826376,415600
2017-03-13,29.27484703063965,29.358398324748052,29.197724079298116,29.300555498318296,405100
2017-03-14,29.082033157348633,29.21699891066679,28.985627646867677,29.21057302075858,598200
2017-03-15,29.416248321533203,29.49337129167384,29.069191278357813,29.127034118887046,528900
2017-03-16,29.390541076660156,29.52550689297411,29.3262723408045,29.46123815711845,383200
2017-03-17,29.654035568237305,29.69259826614046,29.409810051572357,29.42909262637103,2569200
2017-03-20,29.486940383911133,29.69902912864969,29.371254722528427,29.634760406412454,323900
2017-03-21,29.654035568237305,29.750441087148104,29.474081214744285,29.474081214744285,373500
2017-03-22,30.007526397705078,30.007526397705078,29.52550357782424,29.67332361505098,770800
2017-03-23,30.19390869140625,30.354582962296043,29.988245820802902,30.026808528426585,422500
2017-03-24,30.444555282592773,30.573095169043405,30.123206792313407,30.15534115100246,517100
2017-03-27,30.386716842651367,30.624516525004882,30.367436714993698,30.553819454667067,471100
2017-03-28,30.258180618286133,30.463843493970238,30.20676367351767,30.431706677642513,495500
2017-03-29,30.238901138305664,30.316024111670295,30.142498034523655,30.277463850835538,441200
2017-03-30,30.19390869140625,30.271031654958804,30.04608865639102,30.271031654958804,277100
2017-03-31,30.19390869140625,30.26460576286893,30.123211619943575,30.174628563441814,518200
2017-04-03,30.19390869140625,30.26460576286893,30.03323442051646,30.26460576286893,357300
2017-04-04,30.187480926513672,30.2388954151274,30.078221154205686,30.168198348050698,403400
2017-04-05,30.316017150878906,30.34172561999596,30.174625474124223,30.20675983467326,374400
2017-04-06,30.271034240722656,30.3481596625581,30.116788300441797,30.28388847769523,342600
2017-04-07,30.29674530029297,30.39315085996734,30.181059609361814,30.316025431549754,341000
2017-04-10,30.34173011779785,30.431707321351034,30.065370163058827,30.28388727955724,312400
2017-04-11,30.521690368652344,30.560250630634894,30.21962190741466,30.361016072537865,389500
2017-04-12,30.650224685668945,30.695213287809292,30.418855782530724,30.592381846960656,471900
2017-04-13,30.431705474853516,30.650222578093018,30.37386264012262,30.650222578093018,324300
2017-04-17,30.489545822143555,30.643794186073418,30.322445675272895,30.46383980456739,354400
2017-04-18,30.483129501342773,30.55382658818651,30.380298043668798,30.52811811084418,487600
2017-04-19,30.29674530029297,30.534542575342464,30.238902454827393,30.495982312828897,491100
2017-04-20,30.438140869140625,30.52169219459321,30.181060999299742,30.290320802075485,440800
2017-04-21,30.521690368652344,30.6245218200978,30.444564941296854,30.502407785965875,400200
2017-04-24,30.675935745239258,30.740206933498,30.502407214483366,30.59238442635046,491700
2017-04-25,30.57309341430664,30.810890596990614,30.528104824385196,30.63736212799606,342600
2017-04-26,30.650224685668945,30.701641631940735,30.476696169544077,30.65022468566895,451200
2017-04-27,30.71065902709961,30.814630693049125,30.431237188950316,30.58719344843457,764400
2017-04-28,30.704160690307617,30.749648137464344,30.522210901680715,30.730154225505736,419700
2017-05-01,30.756139755249023,30.821121097450497,30.61967497041904,30.730146226816714,433300
2017-05-02,30.730148315429688,30.931591977273207,30.639173438612687,30.73014831542969,474600
2017-05-03,30.6326847076416,30.77564669568471,30.515716259039124,30.77564669568471,455200
2017-05-04,30.580692291259766,30.697660709965287,30.39224289680313,30.58069229125977,589100
2017-05-05,30.795127868652344,30.9445869402734,30.548194303901354,30.587184596929195,483600
2017-05-08,30.91208839416504,30.970572579368596,30.74963259958613,30.834110306853198,463000
2017-05-09,30.678159713745117,30.80162773654751,30.398735475343038,30.80162773654751,656700
2017-05-10,30.6326847076416,30.827631295685613,30.613190792501307,30.678172162222527,643900
2017-05-11,30.554697036743164,30.76264032964013,30.450725390294682,30.697658980189672,854400
2017-05-12,30.548194885253906,30.736644253489118,30.437726104558394,30.671662909418743,480900
2017-05-15,30.554697036743164,30.866611976088617,30.54819741447037,30.671665448857656,427700
2017-05-16,30.476722717285156,30.723653859054075,30.476722717285156,30.58069437668257,363800
2017-05-17,30.32726287841797,30.56769936870257,30.24278760452558,30.53520868806088,445500
2017-05-18,30.346755981445312,30.502712223177582,29.989353575355782,30.320762448196678,570500
2017-05-19,30.580692291259766,30.59368905765813,30.327259064811326,30.43123319599821,500200
2017-05-23,30.873111724853516,31.04856435783164,30.600187059474067,30.652171647645478,1085300
2017-05-24,30.95759391784668,31.029074905873706,30.730156664015375,30.83412833417828,337100
2017-05-25,31.042064666748047,31.055061432444404,30.9315933977688,31.042064666748047,292000
2017-05-26,31.06806755065918,31.120052150214107,30.912108794233717,31.06806755065918,240600
2017-05-29,30.931602478027344,31.152542601965266,30.86012396403358,31.094058378602863,203700
2017-05-30,31.094045639038086,31.12653878894465,30.80812426356714,30.905598755528235,391000
2017-05-31,31.30849266052246,31.431958218267354,31.120043273270024,31.18502710277757,744400
2017-06-01,31.574934005737305,31.66590892804871,31.224028609209835,31.386484535874697,762800
2017-06-02,31.698389053344727,31.789363945336536,31.61391378442656,31.64640446315508,336000
2017-06-05,31.7503662109375,31.912822032746323,31.594407531294216,31.743866589892843,315400
2017-06-06,31.776371002197266,31.997311097336503,31.66589971518765,31.841352362405278,700300
2017-06-07,31.769872665405273,31.89983786996438,31.63341031611425,31.893340725232466,460200
2017-06-08,31.769872665405273,31.867347188544628,31.626910692502243,31.808862970437033,445500
2017-06-09,31.600919723510742,31.86734727810968,31.46445489495608,31.75687598631592,543200
2017-06-12,31.30849266052246,31.76336955155676,31.28899875111001,31.587916930205832,503700
2017-06-13,31.314987182617188,31.386468149651915,31.02906579335771,31.3344835692772,1030100
2017-06-14,31.405981063842773,31.50995275818717,31.328000433923933,31.334500059190866,621500
2017-06-15,31.58791732788086,31.62690514719659,31.198021782565895,31.40596756072834,648200
2017-06-16,31.6074161529541,31.73088421033411,31.379978908643636,31.56842832757519,1379000
2017-06-19,31.483943939208984,31.75037143162878,31.399466203891627,31.70488399235317,433000
2017-06-20,31.503446578979492,31.6139178756085,31.418968820249102,31.509946202894252,1053800
2017-06-21,31.626907348632812,31.730881484391134,31.373476589921488,31.548929225693904,443000
2017-06-22,31.6074161529541,31.7568752676267,31.503444487143597,31.594419384867784,367200
2017-06-23,31.7503662109375,31.802350784899183,31.503432667701933,31.587910389128673,388600
2017-06-26,31.7503662109375,31.938815559166724,31.633397820924817,31.802350784899183,498000
2017-06-27,31.711376190185547,31.834844202289762,31.561917130319667,31.834844202289762,709900
2017-06-28,31.769872665405273,31.89983786996438,31.63341031611425,31.821859738780955,439300
2017-06-29,31.58791732788086,31.711382887180115,31.133040431119902,31.678892211457118,600400
2017-06-30,31.32798194885254,31.62040294130341,31.275997371794197,31.509934165754895,951300
2017-07-04,31.094045639038086,31.418957307069327,30.853611698781172,31.386466636042062,945400
2017-07-05,31.204517364501953,31.269498707533803,30.808124726921406,31.152530306973006,427600
2017-07-06,30.827617645263672,31.094045109355562,30.69765496336851,31.087547966812508,504800
2017-07-07,30.762645721435547,30.801636025267435,30.61968375293197,30.795136401855444,319100
2017-07-10,30.68465805053711,30.847113880997163,30.57418679680706,30.847113880997163,341200
2017-07-11,30.626182556152344,30.717157450443693,30.431235999973744,30.710657827205765,325300
2017-07-12,30.645679473876953,30.8471256730516,30.554704570662658,30.801638221444453,380200
2017-07-13,30.483217239379883,30.671666630477603,30.41823588742603,30.64567309814419,400700
2017-07-14,30.36625099182129,30.67166882135569,30.340257457631157,30.60668498588036,587300
2017-07-17,30.515710830688477,30.56769790032191,30.320764277322937,30.37275134695637,391500
2017-07-18,30.489717483520508,30.5482016977781,30.366251910701113,30.431235748142846,364000
2017-07-19,30.548194885253906,30.619675851058943,30.463719633738297,30.54169774239862,624100
2017-07-20,30.7171630859375,30.782144456958793,30.476729038502235,30.489723329602167,385900
2017-07-21,30.678159713745117,30.769134585991498,30.54169740537555,30.769134585991498,1099600
2017-07-24,30.6326847076416,30.736656386523766,30.483225574178515,30.710662847083135,346700
2017-07-25,30.346755981445312,30.691161620910528,30.294768914948044,30.580692822923485,335100
2017-07-26,30.30776596069336,30.496215360161838,30.21679107236507,30.41173761576566,387300
2017-07-27,30.333765029907227,30.411743165722037,30.086831374466716,30.288277577441903,551100
2017-07-28,30.230581283569336,30.44088077889762,30.164863631392148,30.39487792098004,371800
2017-07-31,30.49345588684082,30.578888330421677,30.230580272984334,30.31601522353284,558500
2017-08-01,30.815475463867188,30.927198475680726,30.408020524182614,30.605175978419172,602200
2017-08-02,30.887765884399414,30.97977159442962,30.749757319354103,30.848333791400364,386900
2017-08-03,30.75632667541504,31.01262900077365,30.684035761705182,30.920623294949273,450200
2017-08-04,30.835189819335938,30.92062476751338,30.657751667920014,30.822048295278712,299600
2017-08-08,30.71690559387207,30.9074878199912,30.657758694188708,30.881202258884937,461000
2017-08-09,30.802326202392578,30.927193224215035,30.716893774476063,30.835185021357944,560500
2017-08-10,30.69060707092285,30.8877625003829,30.59202810270918,30.868047709527087,537900
2017-08-11,30.85490608215332,30.933767758683594,30.50002477731583,30.69718022212527,397000
2017-08-14,30.841760635375977,31.071774892597258,30.762898962466874,30.920622308285076,569100
2017-08-15,31.078353881835938,31.203218429173802,30.854910344990177,30.854910344990177,466700
2017-08-16,31.13092041015625,31.242643406602923,31.065202770105696,31.144064439559816,339100
2017-08-17,31.098068237304688,31.30836773877845,31.0849242050916,31.170359160992756,277500
2017-08-18,31.04549789428711,31.12435958892679,30.854913167520486,31.12435958892679,269300
2017-08-21,31.019197463989258,31.17035002970823,30.90090371569318,31.052056281412153,364400
2017-08-22,31.098068237304688,31.12435630173086,30.88776873583092,31.019206550993975,320100
2017-08-23,31.426664352416992,31.446379149028484,31.019209344981924,31.091500275181442,450000
2017-08-24,31.459524154663086,31.59753525611279,31.347803627787926,31.43323859402477,361500
2017-08-25,31.459524154663086,31.505527019490284,31.321515560181496,31.49895625607273,248900
2017-08-28,31.512094497680664,31.65010306679509,31.37408592856624,31.439803578534733,305100
2017-08-29,31.498952865600586,31.689537574780953,31.295224124031797,31.479238070501875,347100
2017-08-30,31.55152702331543,31.61724718637219,31.426662473959414,31.5449562604937,316300
2017-08-31,31.51866340637207,31.58438355944341,31.387225607196903,31.564666260038255,510500
2017-09-01,31.41352653503418,31.610682061065756,31.354379626527855,31.54496438804474,295400
2017-09-05,31.53838539123535,31.55152691683447,31.15721596769618,31.347800679465767,519300
2017-09-06,31.367517471313477,31.650107922070465,31.33465864128853,31.49238202819548,310300
2017-09-07,31.426664352416992,31.60410504282453,31.314943828994487,31.354373422217474,1303200
2017-09-08,31.32809066772461,31.498960623892064,31.07836151173904,31.498960623892064,463300
2017-09-11,31.144073486328125,31.406949136825332,31.065211793966167,31.341228970717033,564400
2017-09-12,30.91405487060547,31.242648134518447,30.894337570032686,31.203216040340536,441800
2017-09-13,30.480308532714844,30.907478224955216,30.44087644284467,30.894334194998493,432400
2017-09-14,30.618324279785156,30.657756378918872,30.355448632829635,30.46059839021825,462500
2017-09-15,30.224002838134766,30.644601721874224,30.217429570407344,30.638028454146802,2618600
2017-09-18,30.414587020874023,30.480307167714503,30.158284715614318,30.316010561064203,466500
2017-09-19,30.375164031982422,30.57231950135748,30.32258790309957,30.454025718338883,603600
2017-09-20,30.421171188354492,30.46717405414113,30.309448152181126,30.41459791783174,469800
2017-09-21,30.552608489990234,30.63147018611253,30.342306455383913,30.394882590777524,524900
2017-09-22,30.49345588684082,30.618320424590447,30.467167824061644,30.54602950543153,478300
2017-09-25,30.815475463867188,30.854907557501544,30.44087934872744,30.572317153874348,449300
2017-09-26,30.69060707092285,30.84833041170397,30.63803095268428,30.84833041170397,460400
2017-09-27,30.684036254882812,30.743183139144488,30.546027693928064,30.651177431841326,400900
2017-09-28,30.87462043762207,30.953482113036333,30.54602719860059,30.697179787714376,566400
2017-09-29,31.05862808227539,31.262356768267605,30.9337635690998,30.9994812061465,596800
2017-10-02,31.17035675048828,31.288650524290208,31.032348183375234,31.14406868809505,504000
2017-10-03,31.12434959411621,31.1769232046706,31.025770627246743,31.1769232046706,373500
2017-10-04,31.21634864807129,31.29521030059994,31.052052076239335,31.12434296896007,489400
2017-10-05,31.498952865600586,31.5186676606993,31.229506469057526,31.242650501445947,348600
2017-10-06,31.55152702331543,31.60410315376084,31.4463772693925,31.52524146506061,279400
2017-10-10,31.5975284576416,31.70267819847537,31.525237540761967,31.669816867553667,525100
2017-10-11,31.65666961669922,31.788107406114456,31.65009885536375,31.663242885002006,778500
2017-10-12,31.781543731689453,31.886693485275334,31.66324994553435,31.70925280604268,395100
2017-10-13,31.65666961669922,31.866971583943986,31.60409600511352,31.840683524667476,382300
2017-10-16,31.761829376220703,31.820973763149528,31.610674253065117,31.696109212464382,289100
2017-10-17,31.926128387451172,31.985272778756233,31.774973253111252,31.774973253111252,383900
2017-10-18,31.840682983398438,31.96554750238828,31.80125089515399,31.945832711749695,368500
2017-10-19,31.85383415222168,31.972127936500964,31.801258022778512,31.834116850196573,544800
2017-10-20,31.85383415222168,32.03784559133709,31.814402055139304,31.926125076722112,378600
2017-10-23,31.952415466308594,32.04442119977937,31.84726569848939,31.853838969147713,303300
2017-10-24,31.94584083557129,32.06413462341945,31.880120671784585,31.952411598466007,268200
2017-10-25,32.0444221496582,32.0444221496582,31.709258038226928,31.932701614837207,755300
2017-10-26,32.13642120361328,32.18899482056409,31.96555130784611,32.01812743176449,494700
2017-10-27,32.149566650390625,32.202142780724145,32.077278231633855,32.18899874814076,538300
2017-10-30,32.43215560913086,32.445299641116705,32.11670636237387,32.195570554288935,548200
2017-10-31,32.309173583984375,32.46207931685232,32.10973474181212,32.44213365743337,831500
2017-11-01,32.00336837768555,32.42883859970672,31.903650220900776,32.42883859970672,429900
2017-11-02,31.94352912902832,32.08978543524136,31.863754114731197,32.04989666009181,448000
2017-11-03,32.083133697509766,32.11637560904364,31.916934283847567,31.916934283847567,302200
2017-11-06,32.295867919921875,32.368993524083436,32.136315383565886,32.2426828958027,342500
2017-11-07,32.38228988647461,32.4554180268779,32.289218629961894,32.2958680259994,373500
2017-11-08,32.26262664794922,32.575082330806026,32.22938727522014,32.50195418920111,452800
2017-11-09,32.222740173339844,32.34905080316339,32.096427007514734,32.18285140476325,385300
2017-11-10,32.21609878540039,32.369001965616434,32.096434985926585,32.11638064317368,437600
2017-11-13,31.57788848876953,32.089782985434006,31.577888488769528,31.910287314967103,757100
2017-11-14,31.44493865966797,31.81057697998917,31.44493865966797,31.617787525566975,497900
2017-11-15,31.511411666870117,31.764032964322944,31.418337859595873,31.5712435606883,427600
2017-11-16,31.71085548400879,31.79727990786272,31.484824131161677,31.504767253588604,505200
2017-11-17,31.664325714111328,31.76404388074404,31.484829970969066,31.71086136574049,421800
2017-11-20,31.70421028137207,31.810577841728847,31.524714547769513,31.62443524510516,423600
2017-11-21,31.823875427246094,31.903653002833426,31.664325348076996,31.757396650259434,260000
2017-11-22,32.18950653076172,32.25598782879436,31.823868267589926,31.896996427424728,380100
2017-11-23,32.18950653076172,32.29587660761395,32.12302776873129,32.29587660761395,112900
2017-11-24,32.3291130065918,32.40224115968125,32.17620983922382,32.24268859512225,211100
2017-11-27,32.51525115966797,32.53519427654314,32.20944486624111,32.428826759872855,319700
2017-11-28,32.528541564941406,32.794461576783625,32.508598451653654,32.54183781913364,428900
2017-11-29,32.16291427612305,32.62827318547785,32.13632175878802,32.5750881508078,377400
2017-11-30,32.28257369995117,32.395588079329926,31.91693297607476,32.275924303516135,1022000
2017-12-01,32.44213104248047,32.52855546365656,32.21609969663686,32.32246723962196,677100
2017-12-04,32.349063873291016,32.56179898631533,32.269288839907546,32.4953202144962,492800
2017-12-05,32.21609878540039,32.575090183821814,32.00336370544744,32.575090183821814,591800
2017-12-06,32.77452850341797,32.89419230106307,32.24269081166313,32.24933767330912,620000
2017-12-07,31.797285079956055,31.86376385619404,31.737453166940767,31.81057880640145,2330900
2017-12-08,31.99671745300293,32.03660369625228,31.810572352497758,31.843814269875203,764000
2017-12-11,32.043251037597656,32.22939359015398,31.963476020216667,32.01001165835575,649500
2017-12-12,31.86376953125,32.08980096112004,31.850473266433738,32.08980096112004,654000
2017-12-13,31.764039993286133,31.943535714460722,31.737450007039993,31.910296329651167,778000
2017-12-14,31.67097282409668,31.877061094346864,31.611140909250036,31.830525442355345,405100
2017-12-15,31.896995544433594,31.956827443005565,31.670964209384163,31.677613607004464,1384700
2017-12-18,31.74409294128418,32.036603041813756,31.651021660933957,31.916939242505705,678400
2017-12-19,31.478168487548828,31.8637523513161,31.444929111431403,31.790624202256666,466000
2017-12-20,31.44493865966797,31.637730650092777,31.39175614893162,31.51806683093273,320500
2017-12-21,31.325273513793945,31.451586726447946,31.192313438580396,31.444937327885892,527900
2017-12-22,31.125839233398438,31.405055685892616,31.119192369864162,31.371813760212618,371200
2017-12-27,31.03940773010254,31.345216639169344,30.99287208794065,31.13248155042862,1562500
2017-12-28,31.39175033569336,31.39175033569336,31.059351463137528,31.065998324747703,603100
2017-12-29,31.232202529907227,31.438290775320468,31.046059944374313,31.431641376692845,617100
2018-01-02,31.37181282043457,31.624436739218265,31.245502129044123,31.55795796185546,725000
2018-01-03,31.21889305114746,31.484813091610974,31.21889305114746,31.325260560132577,626900
2018-01-04,31.052703857421875,31.3119745872163,31.00616821545889,31.245495823269835,550900
2018-01-05,31.119186401367188,31.212257689013704,30.979576933895025,31.099240742584083,1552100
2018-01-08,31.325273513793945,31.32527351379395,30.98622773120177,31.212259098264056,753700
2018-01-09,31.0992374420166,31.38510067287927,31.026109284911907,31.35186129310498,571500
2018-01-10,30.780139923095703,31.132484507794643,30.587347938109826,31.09924258651929,988400
2018-01-11,30.68041229248047,30.89979419633304,30.593987888658905,30.78677981410633,345200
2018-01-12,30.580692291259766,30.720299190905518,30.321421610202854,30.720299190905518,669900
2018-01-15,30.693708419799805,30.733597194537094,30.520862134608805,30.580694028713758,214100
2018-01-16,30.806724548339844,30.926388333447917,30.653821386479947,30.833317064142058,545800
2018-01-17,30.879858016967773,30.95963304211149,30.647177267628624,30.89315427715878,550600
2018-01-18,30.700355529785156,30.91973743449167,30.62058052225568,30.813369912451773,541500
2018-01-19,30.66046714782715,30.820019700916376,30.58733899999466,30.70700278081113,554600
2018-01-22,30.82002830505371,30.979578366683302,30.66712510599098,30.707011353397125,673300
2018-01-23,30.839967727661133,30.933039008442687,30.753543308648748,30.85326398720167,563700
2018-01-24,30.82667350769043,30.906451070211933,30.720305960330798,30.853266028530932,719900
2018-01-25,30.839967727661133,30.933039008442687,30.653825166098027,30.826671468120598,625400
2018-01-26,30.98622703552246,31.072651462871306,30.786788195181035,30.85991382570435,570100
2018-01-29,30.627233505249023,30.78678608820422,30.527512823901745,30.773489828291098,716300
2018-01-30,30.540807723999023,30.72695281849244,30.514217741358962,30.613935882264062,795300
2018-01-31,30.624937057495117,30.766282304618343,30.355705814573284,30.75282048571431,1282100
2018-02-01,30.268213272094727,30.517250547539128,30.113406178300643,30.517250547539128,1071200
2018-02-02,29.635522842407227,30.180715094645816,29.635522842407227,30.167253272266827,1130600
2018-02-05,29.4807071685791,29.790321290573846,28.659556782748673,29.3797473814483,1103800
2018-02-06,29.157644271850586,29.386490152999496,28.87495366032689,29.278798124669446,890700
2018-02-07,29.164369583129883,29.48744559185233,28.94898300973504,29.245137943415525,596400
2018-02-08,28.861486434936523,29.29898409484116,28.83456279099716,29.110523722425626,974000
2018-02-09,29.157644271850586,29.500914377364193,28.975913492622286,29.305721773647083,1012200
2018-02-12,27.952831268310547,29.500907336505268,27.878792535082813,29.500907336505268,2191000
2018-02-13,26.87590980529785,28.06052177087479,26.855718358253277,28.06052177087479,1809000
2018-02-14,26.71436882019043,26.923023174118494,26.303794873551965,26.923023174118494,1803900
2018-02-15,27.16533660888672,27.212451704121168,26.39129849989766,26.970144032869634,1232500
2018-02-16,27.845138549804688,27.90571546019909,27.219177998255777,27.32686999811474,1289300
2018-02-20,27.885530471801758,28.00668432065379,27.670146422193795,27.865339019519887,1072000
2018-02-21,27.703792572021484,28.040330383910756,27.636486036675528,27.966291654482358,905400
2018-02-22,27.73072052001953,27.87206580674607,27.643219956416377,27.7374501475674,501400
2018-02-23,28.208600997924805,28.275907537346264,27.77110078894562,27.85187171734725,685600
2018-02-26,28.222061157226562,28.383597869356553,28.20859933661911,28.376868242842697,531100
2018-02-27,27.966293334960938,28.437446813433205,27.939369692172832,28.26917789737739,666600
2018-02-28,27.872058868408203,28.168211190814407,27.81148196523654,28.07398102312059,1017800
2018-03-01,27.83840560913086,27.966289041370914,27.649945273707726,27.878788499533243,484500
2018-03-02,27.952831268310547,28.006678553414304,27.676870351103464,27.89898655078666,669800
2018-03-05,27.959571838378906,28.107646781612207,27.784570676947773,27.88553308297194,721700
2018-03-06,27.60283660888672,27.99995142180176,27.47495313501183,27.979759970026866,871000
2018-03-07,27.5355281829834,27.757644407704365,27.49514271460318,27.609566924557054,690100
2018-03-08,27.326871871948242,27.548988081151744,27.313412617675286,27.54225588643528,684900
2018-03-09,27.495141983032227,27.56245109520835,27.273028331801267,27.43456506586377,325200
2018-03-12,27.683603286743164,27.764371648981456,27.501872546022057,27.528796189294802,387100
2018-03-13,27.421104431152344,27.89898754944484,27.299950602911995,27.757642272357756,514800
2018-03-14,27.30668067932129,27.596103432926675,27.232641942225026,27.548988339789055,580600
2018-03-15,27.31340789794922,27.46821497113754,27.246098800315462,27.40090587350379,727500
2018-03-16,26.92302131652832,27.394174703083443,26.92302131652832,27.259559082984925,2186000
2018-03-19,27.12494468688965,27.2730221324379,26.88263707329415,27.050905964115522,814700
2018-03-20,27.4345645904541,27.44802641265605,27.12495038254949,27.12495038254949,763400
2018-03-21,27.5355281829834,27.76437403531099,27.353797426642654,27.48841308699656,503800
2018-03-22,27.636491775512695,27.798028520918695,27.34706899178165,27.569182658609968,491500
2018-03-23,27.454755783081055,27.79129360076752,27.299948695054855,27.757640332514832,560700
2018-03-26,27.12494468688965,27.636483552831155,27.03744414474027,27.49513573318077,560600
2018-03-27,27.400907516479492,27.596100059951937,27.09129335153818,27.12494661858316,501400
2018-03-28,27.5355281829834,27.64322019775049,27.286490880255784,27.42783616821631,572100
2018-03-29,27.4345645904541,27.609565711499354,27.326872580418584,27.54898879538062,491300
2018-04-02,27.791297912597656,27.91918137883096,27.454760042697217,27.454760042697217,493500
2018-04-03,27.73072052001953,27.87206580674607,27.582643038164985,27.804759260946806,475700
2018-04-04,27.60283660888672,27.737452278406796,27.40091438839677,27.676875355501778,557800
2018-04-05,27.99993896484375,28.020132975214818,27.575903260739192,27.70378667771973,456000
2018-04-06,27.737443923950195,28.013404807936396,27.656675573597536,28.013404807936396,393000
2018-04-09,27.872058868408203,27.9393653974525,27.63648344917367,27.892250313605594,431600
2018-04-10,27.4412899017334,28.127827256335358,27.30667428106214,27.919172915915937,782000
2018-04-11,27.26628875732422,27.488404916020773,27.12494351137881,27.441289834038972,500200
2018-04-12,26.997068405151367,27.34033590361635,26.96341513158895,27.232643887668495,532400
2018-04-13,27.010522842407227,27.205712802729114,26.875907217386295,27.030714287507546,435800
2018-04-16,27.225910186767578,27.40090872365905,26.99706436616808,27.030717634695694,314600
2018-04-17,27.219175338745117,27.448021137032995,27.205713519130587,27.2595607975887,443200
2018-04-18,27.40764808654785,27.495146094089314,27.246108760751998,27.25284095676625,653500
2018-04-19,27.30668067932129,27.569179788968032,27.198988671066726,27.421104882355515,361000
2018-04-20,27.104755401611328,27.474946477403208,27.0912935811633,27.293215752724347,387600
2018-04-23,27.25956916809082,27.461491389153203,27.165338969433733,27.185530421265867,499600
2018-04-24,27.09128761291504,27.340324817391103,27.044172535516303,27.326862999908727,381000
2018-04-25,27.071102142333984,27.1922559588226,26.96341014629741,27.071102142333984,326700
2018-04-26,27.448030471801758,27.481686316073834,27.09130111722552,27.13841621810991,382000
2018-04-27,27.683603286743164,27.7912952922542,27.4682192757211,27.522063994686643,253700
2018-04-30,27.29119110107422,27.789379552553978,27.29119110107422,27.789379552553978,658900
2018-05-01,27.6119441986084,27.73478548616922,27.31166694198297,27.379910944698167,383800
2018-05-02,27.700666427612305,27.81668176522148,27.50275515403442,27.6460691369665,409400
2018-05-03,27.9804630279541,28.01458502317358,27.632414511369262,27.741606458076404,773100
2018-05-04,28.082834243774414,28.1306055622184,27.830325728180075,27.905395686689655,450600
2018-05-07,28.076007843017578,28.17837643999185,27.809852614894343,28.15107780035317,450600
2018-05-08,27.891746520996094,28.178377036587694,27.843975202287762,28.12377975615439,740800
2018-05-09,27.782554626464844,27.919045224515955,27.598292709597082,27.89174658423741,715500
2018-05-10,27.298011779785156,27.80302614318134,27.298011779785156,27.80302614318134,705900
2018-05-11,27.45497703552246,28.05553406737064,27.448153677550515,27.76890356906117,785100
2018-05-14,27.461807250976562,28.000941127887785,27.42768264580617,27.86445312057367,1128100
2018-05-15,27.748432159423828,27.816676155626684,27.434505611544143,27.509575569372235,688200
2018-05-16,27.693830490112305,27.87808975400071,27.502742662981372,27.87126639744004,719600
2018-05-17,27.55052947998047,27.803038071684465,27.55052947998047,27.762090099243775,391200
2018-05-18,27.748432159423828,27.78938011915049,27.61876752530176,27.639240203494303,445100
2018-05-22,27.332128524780273,27.809844159850773,27.2843572216073,27.79619484418124,632900
2018-05-23,27.570993423461914,27.68018536836638,27.420853522965274,27.420853522965274,520200
2018-05-24,27.639244079589844,27.66654272323595,27.495930105460705,27.571000073816524,458600
2018-05-25,27.72113037109375,27.946340218999136,27.611938427566038,27.639237064283286,560700
2018-05-28,27.755260467529297,27.898577050460645,27.646068492126677,27.721138463342612,204000
2018-05-29,27.639244079589844,27.721137407186216,27.530052108347363,27.687015404299558,415500
2018-05-30,27.659713745117188,27.70748506461874,27.550521785779107,27.61194242561563,397300
2018-05-31,27.639244079589844,27.73478672900927,27.495930105460705,27.639244079589844,652400
2018-06-01,27.4686279296875,27.632417167160913,27.414030649415825,27.62559120545615,339900
2018-06-04,27.4686279296875,27.591469206957157,27.37308529255368,27.509575889891256,479000
2018-06-05,27.53687286376953,27.66654010715655,27.489101543576954,27.55734814623899,674600
2018-06-06,27.29119110107422,27.57099564514755,27.209295183290664,27.57099564514755,572400
2018-06-07,27.36626434326172,27.454983638282236,27.14105702924605,27.298020333764143,702700
2018-06-08,27.400386810302734,27.55735010255581,27.318490881294437,27.441332171465,463500
2018-06-11,27.44131851196289,27.516388441181896,27.33212659764632,27.495915770791473,819500
2018-06-12,27.45497703552246,27.564168986463816,27.366257761838405,27.495924993378516,631400
2018-06-13,27.386730194091797,27.448150822817123,27.28436161176919,27.427675544347885,697500
2018-06-14,27.45497703552246,27.516397670635815,27.366257761838405,27.42767839695176,547200
2018-06-15,28.069189071655273,28.14425904125829,27.461808558819207,27.47545527752704,1787800
2018-06-18,27.9804630279541,28.192023563661035,27.830323124978772,28.041883660685706,427100
2018-06-19,28.116960525512695,28.185204532731344,27.91904925989982,28.185204532731344,553800
2018-06-20,28.369462966918945,28.512776926355315,28.151079046823046,28.15790240536406,782700
2018-06-21,28.69703483581543,28.73798279136287,28.40358099607873,28.410406957007297,568300
2018-06-22,29.161102294921875,29.249821566777012,28.853999125685952,29.017788350392248,1240800
2018-06-25,29.222522735595703,29.277120011250695,29.072382830885875,29.222522735595703,1033600
2018-06-26,29.33855628967285,29.454571657293588,29.181590340132313,29.263486297286363,860700
2018-06-27,29.277132034301758,29.48186669540225,29.140641392453944,29.420446036737857,432600
2018-06-28,29.16792869567871,29.318066000302313,29.051910784067143,29.277120646014716,402100
2018-06-29,29.208877563476562,29.22252688432811,28.87447831430984,29.14063356256059,418600
2018-07-03,29.208877563476562,29.447736773365982,29.14063356256059,29.24299956393455,461800
2018-07-04,29.236177444458008,29.365842093031347,29.14063479778903,29.208878801597763,311400
2018-07-05,29.161102294921875,29.27029424361227,29.051910346231484,29.22252292876906,600400
2018-07-06,29.208877563476562,29.345368168650264,29.099685600005955,29.20205420472167,393100
2018-07-09,28.765287399291992,29.297597915195436,28.710690113895815,29.28394859384639,553300
2018-07-10,28.970012664794922,29.0723786368685,28.731153523274546,28.785750791053268,471400
2018-07-11,28.915422439575195,29.04508968046054,28.785757802031505,28.963193758846117,698300
2018-07-12,29.058731079101562,29.12014909855689,28.929063873564473,28.929063873564473,685900
2018-07-13,29.010969161987305,29.106514417320685,28.806234535814085,29.106514417320685,398900
2018-07-16,29.031444549560547,29.140636524128354,28.97684726060563,29.02461858677017,225400
2018-07-17,29.133804321289062,29.208874275852136,28.94954241554555,29.038261689423862,598400
2018-07-18,28.69703483581543,29.20204920753526,28.690211478228182,29.20204920753526,713600
2018-07-19,29.09968376159668,29.133805759898966,28.697037933609888,28.751635213566818,556300
2018-07-20,29.154279708862305,29.249822341077927,28.81305453475424,29.072383792670507,599400
2018-07-23,28.826711654663086,29.167936921107128,28.813062331604264,29.161110957906626,566700
2018-07-24,28.915422439575195,29.058739000729606,28.778931840226143,28.881300440573344,539200
2018-07-25,28.89494514465332,29.113329027386644,28.826701157552122,29.113329027386644,545500
2018-07-26,29.03826141357422,29.113331367424166,28.744807559437945,28.929069463431055,356900
2018-07-27,28.942724227905273,29.10651348560608,28.860830900725837,29.065565520345395,401000
2018-07-30,28.867650985717773,29.08603490232145,28.57419710965503,29.01096494286238,692900
2018-07-31,29.154705047607422,29.154705047607422,28.77427382177608,28.92644631210862,1381100
2018-08-01,29.03020668029785,29.071706358058897,28.718945904160922,29.04404078574681,502800
2018-08-02,29.175447463989258,29.189281563100636,28.850352731333405,28.974856984751195,546100
2018-08-03,29.44521141052246,29.535131752587024,29.05094874577377,29.1201166159249,840300
2018-08-07,29.25154685974121,29.445219057328362,29.196210438381566,29.445219057328362,947800
2018-08-08,29.21695899963379,29.36221312835524,29.127038646269607,29.286126878476736,648300
2018-08-09,28.78810691833496,29.48671456446045,28.78810691833496,29.2100377987223,728100
2018-08-10,27.418560028076172,28.642850253811865,27.294055758436272,28.642850253811865,2497600
2018-08-13,27.764408111572266,27.81974452215647,27.46006576911498,27.494649706437468,1494600
2018-08-14,27.84049415588379,27.951164337668118,27.674487563914667,27.75057380862613,1049100
2018-08-15,28.324676513671875,28.3454263477026,27.77132561797588,27.86124332449915,1121300
2018-08-16,28.684358596801758,28.80194452145306,28.359263753330847,28.359263753330847,946700
2018-08-17,29.00252914428711,29.0371130774969,28.55984846659788,28.684352737021097,799200
2018-08-20,28.864187240600586,29.044027893019397,28.760435453667874,29.002525595095523,882000
2018-08-21,28.55293083190918,28.926443652795037,28.55293083190918,28.8780256173378,830900
2018-08-22,28.220918655395508,28.6705176880114,28.20708455485203,28.622099655401676,678400
2018-08-23,28.04108428955078,28.29009285470085,28.020331816731456,28.220922342945144,675800
2018-08-24,28.06874656677246,28.130996056329074,27.999576069623995,28.041078367913073,381100
2018-08-27,28.02033233642578,28.186338929133168,27.999582501806835,28.08258447886789,421800
2018-08-28,28.089496612548828,28.124080542096575,27.958073986248834,27.958073986248834,535600
2018-08-29,28.324676513671875,28.324676513671875,28.013415810285,28.013415810285,598500
2018-08-30,28.63593292236328,28.76043718504541,28.37309029685825,28.380006027636234,818000
2018-08-31,28.55984878540039,28.698187158368736,28.283172039463704,28.587516987711062,1031100
2018-09-04,28.573686599731445,28.65668857886463,28.442263940969777,28.532184290872177,957600
2018-09-05,28.476844787597656,28.629017264976355,28.290091014468416,28.580599229189506,544300
2018-09-06,28.546010971069336,28.622097198234115,28.490674573645983,28.532176871713496,463000
2018-09-07,28.539093017578125,28.5667612166926,28.241669112143935,28.4768408888629,565700
2018-09-10,28.504507064819336,28.705097536284985,28.4145893819564,28.497591334823923,576600
2018-09-11,28.117176055908203,28.511438815307695,28.082589473944314,28.359266298140962,427700
2018-09-12,28.255510330200195,28.31776248041209,27.985751892143842,28.124090296902015,473500
2018-09-13,28.255510330200195,28.400767106418357,28.11717456402763,28.276262805994563,240100
2018-09-14,28.463014602661133,28.53909820618142,28.158669634239285,28.26242408048949,467200
2018-09-17,28.705106735229492,28.78119298248448,28.40768011700655,28.463016529041216,664200
2018-09-18,28.62211036682129,28.732780574000977,28.456103736758827,28.663610045397505,266200
2018-09-19,28.207080841064453,28.60826178825052,28.1379129860387,28.559843762015586,729000
2018-09-20,27.971912384033203,28.276257343423175,27.7851559694762,28.276257343423175,738600
2018-09-21,27.930408477783203,28.24166912146202,27.90965600914815,27.90965600914815,1782700
2018-09-24,27.861242294311523,28.131000681077253,27.826658359344012,28.089501014550283,456300
2018-09-25,27.722904205322266,27.861239933470337,27.667567803195134,27.861239933470337,443800
2018-09-26,27.646820068359375,27.98574632204435,27.60531776361659,27.667569901438227,845200
2018-09-27,27.736743927001953,27.882000706549295,27.563821576737386,27.646826204646057,558700
2018-09-28,27.778242111206055,27.88891229337878,27.646822094433848,27.72290833941233,614700
2018-10-01,27.71599006652832,27.861244186407337,27.59840415193634,27.8404943517347,611500
2018-10-02,27.812814712524414,27.812814712524418,27.549974786107622,27.674476381545777,500500
2018-10-03,27.397815704345703,27.805912528305722,27.33556355700992,27.75057611352481,578700
2018-10-04,27.107303619384766,27.425482713300276,26.982799330153778,27.40473023937153,755100
2018-10-05,27.307880401611328,27.363216786101763,27.024288027557958,27.114208333062894,470900
2018-10-09,27.07963752746582,27.37014577098965,26.99663291052874,27.314811998283584,549400
2018-10-10,26.602373123168945,27.072722116220746,26.512455402869048,27.0450539075505,801600
2018-10-11,26.574703216552734,26.789127862168446,26.39486514885778,26.595455691022277,799000
2018-10-12,26.560871124267578,26.73379345544488,26.34644648371699,26.73379345544488,774500
2018-10-15,26.58853530883789,26.78221010391987,26.526283167308904,26.630037616052295,496600
2018-10-16,26.955137252807617,26.989721195719753,26.595458441632825,26.62312665139682,795900
2018-10-17,27.00355339050293,27.06580553877565,26.84446515349165,26.975885182696047,490200
2018-10-18,26.879043579101562,26.982795379212003,26.80295734253625,26.97587964797197,663700
2018-10-19,27.134963989257812,27.321720369170908,26.892873851547105,26.955125978184803,644200
2018-10-22,27.162639617919922,27.266391431641487,26.996633021945954,27.238725864466932,543300
2018-10-23,27.529233932495117,27.570736240868563,27.07271909472848,27.121137135204844,650300
2018-10-24,28.013418197631836,28.061836240219918,27.397815108795815,27.494651193971986,884700
2018-10-25,27.92350196838379,28.290099166011036,27.736745502857264,27.90275212952056,932100
2018-10-26,27.854324340820312,28.054914841649975,27.67448367159893,27.87507417242859,1218500
2018-10-29,27.888912200927734,28.137920769637223,27.840494161299254,27.875078098378847,1158800
2018-10-30,28.46993637084961,28.739694821994487,27.868167315327526,27.87508304853746,3340500
2018-10-31,28.50361442565918,28.594837971151986,28.02644881714788,28.419409517341236,931300
2018-11-01,28.117677688598633,28.552739586946064,28.04750736451321,28.44046546231362,632400
2018-11-02,27.89312744140625,28.222933830002194,27.68261380740236,28.16679543329391,724200
2018-11-05,28.41941261291504,28.49660156929167,27.80892227666742,27.893127194157355,592600
2018-11-06,28.559755325317383,28.721149195785955,28.384326856091633,28.41941201457158,623700
2018-11-07,28.80535316467285,28.88955807762212,28.475549473610755,28.714129614162694,481500
2018-11-08,28.587820053100586,29.043932395678357,28.52466570698051,28.81938420432379,854300
2018-11-09,30.22983741760254,30.41228186176996,29.10709352245478,29.121128122287075,2469300
2018-11-12,30.271928787231445,30.608751044210162,29.970191680116592,30.110534956397395,1056500
2018-11-13,30.3631591796875,30.538587645474813,30.16668015459001,30.285970226448928,862200
2018-11-14,30.714014053344727,30.952596857902858,30.15965949616176,30.43332745616136,1337300
2018-11-15,30.7841796875,31.06486624204151,30.517530405193476,30.84031806913845,1349300
2018-11-16,30.875408172607422,31.043820667715902,30.657875924097674,30.714014314742432,930800
2018-11-19,30.86840057373047,30.952605505680996,30.72805723592858,30.777177002635263,470600
2018-11-20,30.53858757019043,31.022769170912458,30.349124506388083,30.777170390146054,1040800
2018-11-21,30.5947208404541,30.622790035104373,30.349122079328556,30.601739477529534,651400
2018-11-22,30.489465713500977,30.53858546627021,30.27193346779026,30.53858546627021,233300
2018-11-23,30.53858757019043,30.587707326343708,30.307020711045578,30.419294821799642,298500
2018-11-26,30.433320999145508,30.749092684773302,30.201756880901936,30.608749415958147,636500
2018-11-27,30.461400985717773,30.580693743384362,30.18773298677687,30.384212026667537,571000
2018-11-28,30.95260238647461,31.036807309939498,30.496487253789482,30.510521853838007,996000
2018-11-29,31.43677520751953,31.56308389563252,31.022763991332628,31.02978262779752,1204500
2018-11-30,31.296432495117188,31.556068512551843,31.17012380469642,31.401690629409675,919500
2018-12-03,31.345550537109375,31.450808665670248,31.156090188620453,31.366603768916793,756500
2018-12-04,31.7244815826416,31.89289407948985,31.352574109668417,31.352574109668417,877600
2018-12-05,31.81570053100586,32.00516355876355,31.647288058501655,31.738511592642492,415500
2018-12-06,31.808683395385742,32.033231565871596,31.556066034382827,31.73149445987648,897900
2018-12-07,31.549062728881836,31.857818620951708,31.542046766255993,31.766595045855915,682100
2018-12-10,31.422746658325195,31.69641464295877,31.345557703310387,31.506954251155538,515800
2018-12-11,31.20521354675293,31.612206158857926,31.163109755090048,31.45783094307879,867000
2018-12-12,31.13504409790039,31.528004834254414,30.896461271690097,31.296437969038823,985900
2018-12-13,31.27537727355957,31.605183546774125,31.12099941344635,31.22625753203721,1023400
2018-12-14,31.177141189575195,31.46484371135489,30.9876781615507,31.23327689593869,948100
2018-12-17,30.805234909057617,31.345552144692874,30.735061927476355,31.099953401222304,835000
2018-12-18,30.91048812866211,31.121001704516292,30.80523267914769,30.80523267914769,1322800
2018-12-19,30.706987380981445,31.008724457108197,30.55962816059166,30.868383872065586,873200
2018-12-20,30.629810333251953,30.90347830386894,30.57367194090699,30.749100401746176,996800
2018-12-21,30.3491268157959,30.89646281276808,30.314041655420326,30.657879974657565,1736500
2018-12-24,29.40882682800293,30.31403832098392,29.28251812308345,29.745649148846258,693300
2018-12-27,30.02632713317871,30.159651760389657,29.303560267705986,29.815813577699554,944200
2018-12-28,30.5105037689209,30.594708642473854,30.040356991690167,30.11754323096599,609700
2018-12-31,30.67190933227539,30.728047720743056,30.32105243482957,30.496480883552483,452800
2019-01-02,30.643844604492188,30.714017600304736,30.349126052557743,30.601743483830745,947900
2019-01-03,30.552614212036133,30.650853698758876,30.229826562282756,30.615768550190076,755100
2019-01-04,30.131589889526367,30.72804823118786,30.047384982251778,30.65085928417543,1115400
2019-01-07,30.384206771850586,30.412275966073707,30.047384471650187,30.229831557274792,838800
2019-01-08,30.88944435119629,30.938564107111514,30.3350897609234,30.454382508736042,947700
2019-01-09,30.980669021606445,31.029788779296407,30.587708283260724,30.805240550763433,735300
2019-01-10,31.25432777404785,31.268362368788033,30.847332557058273,31.00171042237504,557000
2019-01-11,31.106971740722656,31.35257048184777,31.064867952175987,31.2052112371727,604200
2019-01-14,31.029787063598633,31.121007936078474,30.833305366876615,31.121007936078474,618800
2019-01-15,31.43677520751953,31.626238239689012,31.008729395228354,31.015748031693242,728100
2019-01-16,31.549062728881836,31.56309733096016,31.177155142699466,31.41573802437771,656000
2019-01-17,31.50694465637207,31.83674825896505,31.47887546730984,31.485891426162798,570500
2019-01-18,31.527992248535156,31.752540386292225,31.394667628249696,31.64026631741369,767400
2019-01-21,31.47887420654297,31.640268021948962,31.324496349708934,31.577113687500955,223200
2019-01-22,31.48589324951172,31.661321676071907,31.282398309089167,31.422738908877037,666600
2019-01-23,31.654312133789062,31.75255164428587,31.506952868043854,31.52098478940691,715000
2019-01-24,31.808683395385742,31.885869654069666,31.471858462831626,31.556066034382827,650700
2019-01-25,31.998138427734375,32.00515706261124,31.619215125955268,31.815694073309242,2040500
2019-01-28,32.271820068359375,32.29287062657652,31.970082908726486,31.998149427407405,765000
2019-01-29,32.34900665283203,32.45426479858481,32.152527636041086,32.27883634021408,1708500
2019-01-30,32.5384635925293,32.67179090899679,32.29988082692073,32.34900057188496,705500
2019-01-31,32.69340515136719,32.771585467043735,32.338042051895805,32.771585467043735,1133600
2019-02-01,32.51573181152344,32.78580859445081,32.47308725278565,32.69341340612193,598400
2019-02-04,32.686302185058594,32.76447979695087,32.38779574334013,32.45886728549877,517500
2019-02-05,32.8710823059082,32.991904442194794,32.6791859325075,32.71472169546209,372400
2019-02-06,33.1624755859375,33.24065588099004,32.76446804349031,32.871078029690054,490700
2019-02-07,33.041656494140625,33.212229234250316,32.95636741288095,33.098513170442246,494600
2019-02-08,33.00612258911133,33.12694744868124,32.92083620725358,33.04166106682349,484300
2019-02-11,32.94926452636719,33.23355335773365,32.835548451579584,33.02033605640753,461300
2019-02-12,32.927947998046875,33.18380716701463,32.87819466694169,33.02034045717185,637700
2019-02-13,32.842655181884766,33.01323065310582,32.7360478846761,32.927944273097864,624000
2019-02-14,32.750274658203125,33.105637867370056,32.707630097068886,32.93506233403923,764300
2019-02-15,33.01322555541992,33.1482625288481,32.65075375174762,32.79289950394843,1354100
2019-02-19,32.81422424316406,33.02744425192368,32.57257996081922,32.778688478772466,650900
2019-02-20,32.9705810546875,33.0416552864728,32.81422045596455,32.99901074740162,475400
2019-02-21,33.06298065185547,33.183802795350346,32.75736819204419,32.9421557971555,572800
2019-02-22,33.02745056152344,33.14827272577786,32.842660213456554,33.11273695459747,877700
2019-02-25,32.991905212402344,33.070085519450544,32.714722459198704,33.048764603421034,710600
2019-02-26,33.05587387084961,33.2406641983394,32.899515952825844,32.97058748727253,646200
2019-02-27,32.977691650390625,33.10562256344787,32.8710816524413,33.041657106919246,351000
2019-02-28,33.276206970214844,33.361493371744736,32.90662894864422,32.97059442759309,820500
2019-03-01,33.41123580932617,33.5462755157893,33.26198396542971,33.26198396542971,1205900
2019-03-04,33.58892059326172,33.67420969332672,33.453883584966924,33.56049360444547,536900
2019-03-05,33.510738372802734,34.02956812636533,33.4467729121605,33.638669294087215,587600
2019-03-06,33.62445831298828,33.9087471731554,33.52495436516416,33.56759891423164,506100
2019-03-07,34.043785095214844,34.114856628709234,33.65999230745261,33.65999230745261,1382300
2019-03-08,33.95139694213867,34.10775760155401,33.702641101141026,33.95850301247311,588100
2019-03-11,34.022464752197266,34.17882539443298,33.90164259134637,33.951393211838564,697900
2019-03-12,34.93220138549805,35.04591749369605,33.98693403324739,34.10065014144539,1634600
2019-03-13,34.889556884765625,34.98195207007808,34.548408559618736,34.93930751273251,802100
2019-03-14,34.73318862915039,35.12408749684505,34.6550083133704,34.88244319164187,542900
2019-03-15,34.82558822631836,35.00326979890161,34.59104724912975,34.81137337516702,2669400
2019-03-18,34.73318862915039,34.83979864361498,34.48443554367342,34.818477725204175,433400
2019-03-19,34.82558822631836,34.86112399859388,34.48443993230318,34.669227574859285,1077200
2019-03-20,34.811363220214844,35.09565473789858,34.591037158449716,34.79714837321018,444000
2019-03-21,35.10987854003906,35.30177224553447,34.747406626979874,34.747406626979874,583500
2019-03-22,35.52210235595703,35.621603610347016,35.003272450062234,35.05302307725722,943000
2019-03-25,35.934326171875,36.282580574208104,35.53631842943123,35.53631842943123,1285700
2019-03-26,35.991180419921875,36.09779045243058,35.77085699583898,35.991180419921875,434700
2019-03-27,35.95563507080078,36.06224507491815,35.72820292580841,35.89166961057136,985300
2019-03-28,35.74241638183594,36.17595973859551,35.67845092409756,35.89877428092592,514400
2019-03-29,35.514991760253906,35.76374486453364,35.42970265775328,35.76374486453364,712500
2019-04-01,35.4865608215332,35.63581267889465,35.20226924552581,35.49366689089096,535300
2019-04-02,35.514991760253906,35.65713484201061,35.273344725579804,35.43681143856442,680300
2019-04-03,35.87746047973633,35.934319880647564,35.43681096749608,35.50077643791849,825300
2019-04-04,35.98406982421875,36.06935621277647,35.8134943358979,35.92010435499911,541200
2019-04-05,35.927207946777344,36.0551388763943,35.75663518142488,35.927207946777344,309700
2019-04-08,35.870357513427734,35.955643910967396,35.69267593701679,35.841927810512615,522400
2019-04-09,35.78506088256836,35.96985120146752,35.71398935142568,35.799275731037916,843400
2019-04-10,35.79928207397461,36.097788522314666,35.74242538122759,35.84903269683035,518500
2019-04-11,35.75663375854492,36.0622462214457,35.71398921330117,35.841920137827316,493500
2019-04-12,35.849037170410156,35.90589658145824,35.58606917232767,35.74953591228197,449400
2019-04-15,35.95563507080078,36.175961147414334,35.763738690112525,35.85613384626725,1542800
2019-04-16,35.73530960083008,36.10488752051789,35.73530960083008,35.95563568118389,767600
2019-04-17,35.98406982421875,36.04092651285543,35.47945213983917,35.83481525523598,918900
2019-04-18,35.92010498046875,36.0764629103463,35.8277098097192,35.96274681988742,355200
2019-04-22,35.89167022705078,36.01249237000103,35.73530960798097,35.82059869722182,909900
2019-04-23,35.94142150878906,36.13331789634319,35.792169666648675,35.806384515119916,1464300
2019-04-24,35.9058837890625,36.06224440253127,35.8134886346305,35.920098636760116,1443800
2019-04-25,35.9698371887207,36.055123535107995,35.72819028128666,35.870335999401526,1403500
2019-04-26,35.912994384765625,36.140426554189254,35.841922848522735,36.069355017946364,1115600
2019-04-29,35.85612869262695,35.91298536510046,35.721089011993676,35.85612869262695,1096600
2019-04-30,36.17829513549805,36.22863243523204,35.78278386162075,35.89065107143767,719000
2019-05-01,36.0704345703125,36.24302158917686,35.9913323009654,36.12077187931927,513900
2019-05-02,36.10638427734375,36.207058881076286,35.94098989361499,36.04166449734752,611200
2019-05-03,36.171104431152344,36.350881294868984,36.106384650487264,36.106384650487264,594000
2019-05-06,36.17829513549805,36.30054207965859,36.02009062594713,36.156720047628404,525700
2019-05-07,36.3868408203125,36.3868408203125,36.03447965808057,36.1135819272446,518600
2019-05-08,36.33650207519531,36.523471566407025,36.314929727431455,36.38683938209597,479800
2019-05-09,36.27178955078125,36.5234788788533,36.2070697513545,36.3149369981251,945600
2019-05-10,36.18549346923828,36.465944988568914,35.962569130273494,36.30774318517953,1199300
2019-05-13,36.329307556152344,36.480319457521894,36.11357587659911,36.30054260069801,969300
2019-05-14,36.43717956542969,36.64572142086802,36.33650494368089,36.394034866496035,682100
2019-05-15,36.746395111083984,36.80392503244072,36.47313621417237,36.49470856309233,1111100
2019-05-16,36.88302230834961,36.93335961113171,36.660098008045104,36.76077261360931,696400
2019-05-17,37.06280517578125,37.10594987476617,36.81830848988181,36.854263320095136,611700
2019-05-21,37.105953216552734,37.28573012698793,36.875838990649925,37.03404354964984,820700
2019-05-22,37.177852630615234,37.27133735945252,36.95492835205771,37.09156051186074,507400
2019-05-23,37.23538589477539,37.26415085346443,37.04841914965152,37.12752141445766,736700
2019-05-24,37.23538589477539,37.45831020984927,37.11313893511314,37.242578506036374,1339500
2019-05-27,37.2569580078125,37.30729530990665,37.11313596903898,37.18504561683713,256800
2019-05-28,37.22819137573242,37.393585752765325,37.163471598356324,37.22099876537002,543600
2019-05-29,37.163475036621094,37.379206733441315,36.98369816540802,37.22819481998489,562000
2019-05-30,37.026851654052734,37.264155736388936,36.94055676667793,37.1634811109628,483200
2019-05-31,37.42234802246094,37.47987518534653,37.06279433910104,37.07717681561666,1125400
2019-06-03,37.60932159423828,37.616514205397145,37.393589893488254,37.393589893488254,601700
2019-06-04,37.73875427246094,37.810666655031795,37.551787564130514,37.59493225049613,596600
2019-06-05,38.393150329589844,38.58011982231185,37.961686911762534,37.961686911762534,733000
2019-06-06,38.41472244262695,38.731131507397855,38.35000539920836,38.41472244262695,872500
2019-06-07,38.184600830078125,38.64483185814156,38.069543758856504,38.58730195094227,825300
2019-06-10,38.155845642089844,38.32842990909725,38.040788549692415,38.177417989671405,683900
2019-06-11,38.10551452636719,38.23495137606277,37.8466353406202,38.127086877453465,617600
2019-06-12,38.75270462036133,38.80304192835469,37.97606990905134,38.14865418126354,923000
2019-06-13,38.33562088012695,38.80303909785174,38.27809096480106,38.738319314698785,633500
2019-06-14,38.43629837036133,38.64484021428616,38.28528644607544,38.328431142627096,484500
2019-06-17,38.49381637573242,38.6592107405231,38.328422010941736,38.400334393357404,628700
2019-06-18,38.59450149536133,38.80304334648538,38.35000755798814,38.659221285600594,808900
2019-06-19,38.623252868652344,38.75269240359452,38.43628617550069,38.580108185789406,565100
2019-06-20,39.05472183227539,39.22011619641562,38.637638245435504,38.68078567471522,721800
2019-06-21,39.061912536621094,39.21292442757335,38.74550627798156,39.03314758315106,6354300
2019-06-24,39.1625862121582,39.20573364135137,38.89651725674254,39.1050590497442,589200
2019-06-25,39.040348052978516,39.212932322190674,38.8893361316235,39.105067839727454,707400
2019-06-26,38.93247604370117,39.105063034885056,38.824611574491264,39.02596077822483,2151700
2019-06-27,38.46505355834961,39.00438407365179,38.177409519584366,38.76707733019394,1019000
2019-06-28,38.47944259643555,38.65202961006464,38.37157811319769,38.40034307266546,822300
2019-07-02,38.867767333984375,39.01877927979096,38.457876199264824,38.78866505479675,541400
2019-07-03,39.19854736328125,39.55091123400037,38.85337610351125,38.88214106095308,579500
2019-07-04,39.2345085144043,39.39990292003196,39.1697887258389,39.22012603437003,235700
2019-07-05,38.97563171386719,39.25608323352776,38.9252944022962,39.25608323352776,500900
2019-07-08,39.10506057739258,39.141015398203024,38.79584418070414,38.99719337178424,968400
2019-07-09,39.10506057739258,39.17697021901348,38.91090125320376,39.02595832570339,752600
2019-07-10,39.33517837524414,39.493380150136886,39.09068173058018,39.09787159813916,582200
2019-07-11,39.27764892578125,39.61563031176567,39.12663701666462,39.26326644731625,940700
2019-07-12,38.79584884643555,39.33517945298513,38.60168949889641,39.198547277025746,815800
2019-07-15,39.03315734863281,39.18417202054351,38.81742562998877,38.84619059065535,471200
2019-07-16,38.68798065185547,39.0187694238317,38.61607100340055,38.94685977537678,989200
2019-07-17,38.817420959472656,38.91809556651485,38.68798139522489,38.731128831033246,697600
2019-07-18,38.96843338012695,39.01877068430696,38.623262118673765,38.788656510004834,836900
2019-07-19,38.846187591552734,39.20574134259283,38.66641071603269,39.01877185587262,657000
2019-07-22,38.702362060546875,38.98281352221825,38.65921462676006,38.92528635367967,439100
2019-07-23,38.80303192138672,39.04033866345106,38.659209902848644,38.75988723604908,523300
2019-07-24,38.745506286621094,38.83179840387349,38.42909728473406,38.83179840387349,496200
2019-07-25,38.88214111328125,38.88214111328125,38.60887950357074,38.75989415875493,1045100
2019-07-26,38.939666748046875,39.07629616629534,38.889329449577595,38.896519316568764,957000
2019-07-29,39.30640411376953,39.37112387918841,38.88213070561834,38.946850471037216,595700
2019-07-30,39.19136047363281,39.493384320190636,38.97562876278043,39.22012543326047,533500
2019-07-31,39.83688735961914,40.28759589897025,39.000895937685314,39.168094222072085,2768400
2019-08-01,39.800540924072266,40.10585881103379,39.553377636633634,39.79327263904297,1078300
2019-08-02,39.953208923339844,40.076791981618555,39.66969860030199,39.72785598610298,626500
2019-08-06,40.22943878173828,40.30213271888735,39.422523323142244,39.684225933832415,1026700
2019-08-07,40.16402053833008,40.454801886760194,39.96047525828688,40.22217791725469,852700
2019-08-08,40.5783805847168,40.956395213787424,40.14947963760747,40.16401898177515,1786900
2019-08-09,40.36757278442383,40.8182842295774,40.33122580287194,40.49842413648816,1127700
2019-08-12,40.66560745239258,40.73103310426321,40.214898946781524,40.33848196613534,1253600
2019-08-13,40.818275451660156,41.0727070409051,40.403913850263336,40.447529109507414,1351600
2019-08-14,40.818275451660156,41.159940332489604,40.60745912165929,40.81100439305525,1355100
2019-08-15,40.94185256958008,41.290788482190024,40.68014994184858,40.76738599982316,1235700
2019-08-16,41.13813018798828,41.36348584832605,40.563838609547496,41.07997281508969,709500
2019-08-19,41.574302673339844,41.78511900709035,41.036360797055,41.036360797055,1115400
2019-08-20,41.46525955200195,41.770577448340596,41.341676517939,41.55249284051353,857300
2019-08-21,41.52341079711914,41.56702882439756,41.18174595594094,41.43617751565833,966600
2019-08-22,41.14539337158203,41.501600303680625,41.109046404575025,41.385288345400724,828800
2019-08-23,40.876426696777344,41.39256089146866,40.77465406944059,41.152668666045756,1150500
2019-08-26,40.840084075927734,41.14540199045758,40.752850782218694,40.89097039501604,886000
2019-08-27,41.094512939453125,41.34167623277794,40.81100267392387,41.036358338545284,11100000
2019-08-28,41.15993881225586,41.239903815378305,41.021819207923784,41.0727055238933,746600
2019-08-29,41.25444030761719,41.43617793011771,40.985469402783316,41.26170859235495,623200
2019-08-30,41.930503845214844,41.95958252991417,41.15266705463182,41.36348335905795,1025700
2019-09-03,42.33032989501953,42.48298884389917,41.82146395899115,41.97412568096704,1522000
2019-09-04,42.19220733642578,42.57749021084703,42.17039693590091,42.366673902048355,810300
2019-09-05,41.55976867675781,42.19221775939105,41.327144683064006,42.16313906690513,953400
2019-09-06,41.378021240234375,41.661534265397826,41.10178204612038,41.55249058086603,644200
2019-09-09,40.82554626464844,41.35621987871033,40.5056889936389,41.31260461676606,870400
2019-09-10,40.86188888549805,40.90550691588994,40.287597297604435,40.78192388299435,731000
2019-09-11,40.643802642822266,40.94912329707645,40.3239454187858,40.81827198426696,909300
2019-09-12,40.74557876586914,41.21082668551204,40.578380468065994,40.69469244797672,977300
2019-09-13,40.92005157470703,41.123596863449826,40.14221462347241,40.6510778453294,751000
2019-09-16,41.065433502197266,41.203553093962135,40.7237658919785,40.89096416825049,580100
2019-09-17,41.37075424194336,41.66880384609025,41.18174832571936,41.203555954065465,752600
2019-09-18,41.399837493896484,41.6542690963128,41.10905614276657,41.436184469513606,816500
2019-09-19,41.45798873901367,41.70515203550613,41.385294793673175,41.472528082701025,562600
2019-09-20,41.94505310058594,41.995939424287904,41.54523079731477,41.54523079731477,1523300
2019-09-23,41.952308654785156,42.12677797816823,41.74876342175142,41.74876342175142,394200
2019-09-24,42.395755767822266,42.5484147174683,41.981394177013726,42.07589852478824,697100
2019-09-25,42.41029357910156,42.606570552881124,42.214016605322,42.403025294041356,502900
2019-09-26,42.35940170288086,42.62110430022711,42.33759407746727,42.41755629501569,757500
2019-09-27,42.48298263549805,42.59929459475577,42.18493306658165,42.35940239201616,526200
2019-09-30,42.279441833496094,42.810115376574394,42.235823804289716,42.43210077607421,675000
2019-10-01,42.2503776550293,42.57023776618202,42.119526295575376,42.272188063669674,1280000
2019-10-02,42.00320053100586,42.2358244776228,41.66880395438102,42.11224421921213,1561300
2019-10-03,42.14131546020508,42.2140093907681,41.96684614451985,41.981385485251586,1574300
2019-10-04,42.366676330566406,42.59930028012822,42.126784095810386,42.16313106797388,2603700
2019-10-07,42.43210220336914,42.49752786283137,42.301250884444684,42.34486891511825,642900
2019-10-08,42.3812141418457,42.42483217072271,42.09770388688548,42.42483217072271,695800
2019-10-09,42.119510650634766,42.44663892776049,42.061356053088005,42.33759801744929,3577200
2019-10-10,42.12678146362305,42.38121302596619,41.81419253097516,42.10497106321075,976200
2019-10-11,41.77784729003906,42.11951214888291,41.65426425957508,42.046818206089625,1230200
2019-10-15,41.21809768676758,41.872351532943874,41.116325051124356,41.71969257947904,1619900
2019-10-16,41.130863189697266,41.348947798697374,40.82554251862011,41.319869111338356,955400
2019-10-17,40.70196533203125,41.2617148539521,40.658347297697375,41.07270891803157,494800
2019-10-18,40.79646301269531,40.98547170364027,40.62199643823434,40.883699073022,592600
2019-10-21,41.109046936035156,41.11631799338805,40.7237640892075,40.92004104129778,894100
2019-10-22,40.88370132446289,41.414374908407886,40.82554394770907,41.18175094758532,2442800
2019-10-23,40.534759521484375,41.050896495008914,40.30213557838718,40.88369820922631,1112600
2019-10-24,40.36757278442383,40.796473822168714,40.30214710839166,40.54204217820859,1056700
2019-10-25,39.64788055419922,40.09132079862947,39.28440530769522,39.98227711543984,1631000
2019-10-28,39.32802200317383,39.61880332026746,39.2262493741199,39.589724633938864,1799900
2019-10-29,39.698760986328125,39.74237623466645,39.18989516198105,39.26258909127536,1017000
2019-10-30,39.829620361328125,39.96047167909189,39.50976035208505,39.61153575608725,706800
2019-10-31,40.089134216308594,40.25822430845623,39.6921414281882,39.81711996411223,739900
2019-11-01,40.0156135559082,40.618457405257374,39.780357556380366,40.09648333158454,1006600
2019-11-04,39.64802932739258,40.015617210788044,39.640675999219795,39.89798920028041,3324400
2019-11-05,39.236331939697266,39.67008577695995,38.91285559500784,39.50834900685181,2759300
2019-11-06,39.50099563598633,39.611273128441475,38.86139347137662,38.96431763528242,696600
2019-11-07,38.99372863769531,39.87594023851355,38.89080446508663,39.39807480343227,651100
2019-11-08,38.68494415283203,38.92755347749599,37.99388001151481,38.354114530323315,1738900
2019-11-11,38.17768478393555,38.83199088746366,38.10416831558519,38.6776046212438,855300
2019-11-12,38.25120162963867,38.38353351755359,37.86155929548559,38.229147249810694,3027900
2019-11-13,39.15546417236328,39.47894333821352,38.405587280283655,38.405587280283655,2766500
2019-11-14,39.48628234863281,39.61126366385088,39.10399068513117,39.17015660390015,1072800
2019-11-15,39.50835037231445,39.589217357926834,39.35396131648137,39.56716298043921,518200
2019-11-18,39.853885650634766,40.10384557373533,39.56716749270515,39.57452082235509,758400
2019-11-19,40.133243560791016,40.287629792355894,39.88328369824522,39.89798754950943,1860300
2019-11-20,40.456722259521484,40.50818433974272,40.118542073932495,40.24352341480766,1169300
2019-11-21,40.478782653808594,40.5155408848175,40.23617328109795,40.3905595340193,1243600
2019-11-22,40.59640884399414,40.74344176139558,40.309690728798955,40.49348468002388,587100
2019-11-25,39.99357223510742,40.7360987001179,39.9421101436945,40.58171242587913,1841600
2019-11-26,40.30233383178711,40.33174153445283,39.942099289787166,39.98620803931286,1097800
2019-11-27,40.31704330444336,40.47142955825481,40.1773609040149,40.22882298861871,469800
2019-11-28,40.43466567993164,40.552293686094345,40.24352122159458,40.339092048526666,149300
2019-11-29,40.155303955078125,40.61846552367756,40.155303955078125,40.47142979346642,691800
2019-12-02,40.20676803588867,40.25087959848375,39.861237277884264,40.030327394455234,1023700
2019-12-03,40.147945404052734,40.375848076067214,40.10383385246635,40.17735310511032,1154700
2019-12-04,40.25086975097656,40.51553345284931,40.12589122757707,40.14794560124221,551500
2019-12-05,40.464080810546875,40.4787846645755,40.1553054848926,40.31704507473405,361300
2019-12-06,40.68462371826172,40.89782534626406,40.442014388919866,40.442014388919866,397900
2019-12-09,40.669921875,40.78019935822993,40.43466586161751,40.66257135153869,347900
2019-12-10,40.43466567993164,40.78754969841975,40.33174152509839,40.63316346616987,687600
2019-12-11,40.346439361572266,40.69932332745236,40.16264545406352,40.69197000064743,688000
2019-12-12,40.32438659667969,40.530237702648634,40.19205474443993,40.36114762578067,670200
2019-12-13,40.368507385253906,40.383211239363995,40.17000956147785,40.30234144399522,892900
2019-12-16,40.934593200683594,40.949297054812476,40.40526566993754,40.412618999238695,570000
2019-12-17,40.36115264892578,40.92723554849208,40.339095467825516,40.883126795237786,613600
2019-12-18,39.714202880859375,40.51554473264053,39.273095653440095,40.36115846505687,1638700
2019-12-19,40.089134216308594,40.096487544582374,39.750954032013325,39.750954032013325,1247100
2019-12-20,40.51553726196289,40.618461421373766,40.103837819846376,40.103837819846376,2075100
2019-12-23,40.55965042114258,40.8978334445661,40.324394372788234,40.61846583546782,333000
2019-12-24,40.603755950927734,40.662571356517006,40.287630157067646,40.48612794422209,173400
2019-12-27,40.76549530029297,40.77284582371704,40.456720031497326,40.66257114551872,260300
2019-12-30,40.912532806396484,40.912532806396484,40.54494492064081,40.58170314832177,358800
2019-12-31,41.015464782714844,41.06692687217082,40.625819642510805,40.80226309526952,537000
2020-01-02,40.7287483215332,41.118390673485465,40.4493806782318,41.02281701574247,527300
2020-01-03,40.824310302734375,41.02280810053613,40.596407605033626,40.76549769846333,771600
2020-01-06,41.00809860229492,41.10367222610884,40.736084385487416,40.74343490833187,1203400
2020-01-07,41.118385314941406,41.191901777794655,40.89783312190839,41.02281166965356,358400
2020-01-08,41.2580680847168,41.44186204796505,40.86842578006195,41.11838568225851,1098800
2020-01-09,41.43450927734375,41.515379065504966,41.22130761845929,41.28747355382091,859700
2020-01-10,41.625648498535156,41.8976655342692,41.40509634333759,41.50802049546493,965000
2020-01-13,41.7800407409668,41.87561157272856,41.5594857643522,41.62565169644198,1318900
2020-01-14,41.60358428955078,41.75797048124594,41.40508655545465,41.70650841734756,1299700
2020-01-15,41.80209732055664,41.96383689740777,41.655061596553175,41.67711597358808,574200
2020-01-16,42.00059127807617,42.02264565308987,41.677112154019696,41.80209348953413,550800
2020-01-17,42.75047302246094,42.77252739858107,41.90501974786394,41.96383515681502,733500
2020-01-20,43.08865737915039,43.243043635873605,42.55932986527271,42.566683194339525,950100
2020-01-21,43.63268280029297,43.65473998143178,43.04454271859844,43.04454271859844,848300
2020-01-22,43.90469741821289,44.0590836552091,43.566514436184505,43.632680366964735,733200
2020-01-23,44.213470458984375,44.27228586686431,43.78706996974689,43.845882573153816,659300
2020-01-24,44.43402099609375,44.6766303379701,44.20611831011974,44.20611831011974,2427800
2020-01-27,44.55165481567383,44.801614713640504,44.40462189114201,44.40462189114201,1251800
2020-01-28,44.36050796508789,44.61046784972272,44.353157441042654,44.55165243946835,662200
2020-01-29,44.2208251953125,44.57370924040983,44.1252515567008,44.37521143920388,944200
2020-01-30,44.17106628417969,44.364178825939995,44.01508760940752,44.01508760940752,687100
2020-01-31,43.792259216308594,44.26761572249865,43.66599388394173,44.12649514514481,1044100
2020-02-03,44.02250671386719,44.26761114745007,43.73283654992924,43.74769179338093,903700
2020-02-04,43.43573760986328,44.14877229976179,43.16092268771765,44.05964367186148,951400
2020-02-05,43.383750915527344,43.532300535540145,43.01980448816341,43.35404042485512,1576500
2020-02-06,43.071800231933594,43.725414041328314,42.88611391107974,43.36147043912986,749600
2020-02-07,43.34661102294922,43.81454129981748,43.19063520844251,43.31690053446753,629000
2020-02-10,43.621429443359375,43.88881819436257,43.450598370962524,43.51744555871332,1826600
2020-02-11,43.76998519897461,44.007663492434624,43.55458836010498,43.6511460522446,1028800
2020-02-12,43.740272521972656,43.8219749625267,43.59172288763335,43.6734253281874,881600
2020-02-13,43.792259216308594,44.15620563511875,43.606572903993836,43.651138638954755,1838100
2020-02-14,44.067073822021484,44.193339145286664,43.75511936647847,44.067073822021484,1168900
2020-02-18,44.66127014160156,45.07720564465704,43.398602721580055,43.85910395711209,2669200
2020-02-19,44.58699417114258,44.80982000142834,44.49043933359008,44.698407086285464,959700
2020-02-20,44.520137786865234,44.616695437808374,44.252751945814886,44.5498482692089,1468500
2020-02-21,44.99551010131836,45.26289602019764,44.319609181327145,44.49044308785466,1893900
2020-02-24,44.7206916809082,45.099493352354315,44.5498606101309,44.60928159127865,1404200
2020-02-25,44.29733657836914,44.70584599438611,44.03737681363533,44.66128308234541,1280100
2020-02-26,44.423587799072266,44.53499786995237,43.79968176876098,44.401303518217965,1765800
2020-02-27,43.55458068847656,44.27504448238467,43.46545205246521,44.10421341613447,587900
2020-02-28,42.009674072265625,43.071800049724374,41.11837916926793,42.81183750161967,2553900
2020-03-02,42.75984573364258,42.960387300138805,41.59373586550956,41.75714073450983,1767600
2020-03-03,43.220340728759766,43.92594921193266,42.79697620552563,43.01979919143602,1779600
2020-03-04,44.3270378112793,44.453303146804664,43.66599497623862,43.66599497623862,1262000
2020-03-05,44.497867584228516,45.19604709561538,43.66599370186464,43.94823485539544,1754700
2020-03-06,44.63898468017578,44.79496332305171,43.46544875608991,43.86653183774566,1952500
2020-03-09,41.25206756591797,43.36889017447392,40.850984492713266,41.593729665308054,2118700
2020-03-10,41.80171203613281,42.86383823131904,40.8658540378182,41.957690730309395,2865300
2020-03-11,39.952266693115234,41.74970879382069,39.84085377502104,41.44518336215785,1799600
2020-03-12,35.525516510009766,37.25611194863784,33.995459851095376,35.65178187748498,2995800
2020-03-13,38.57075881958008,38.622750757393334,35.525504604740235,36.2831022224043,2257300
2020-03-16,35.473506927490234,37.30808834484378,34.634206952492235,35.651767009209344,3767800
2020-03-17,37.76859664916992,38.7713044849978,34.22570412928999,35.90430722850599,2496900
2020-03-18,36.015716552734375,38.54847761064543,34.82732251431144,36.23853954951739,1992800
2020-03-19,36.765892028808594,37.75374462918585,33.40868296213577,36.245969756681006,2195000
2020-03-20,35.726043701171875,38.88271086430436,35.36952633804339,38.1771051768709,3871700
2020-03-23,31.618663787841797,35.49579474280403,31.284427872181578,35.28039794900654,2031700
2020-03-24,34.136573791503906,34.29254962670951,32.7179303617443,33.08187681057253,1520600
2020-03-25,37.51606750488281,38.229105215572815,33.943464077778856,34.403965415226494,2424200
2020-03-26,38.555908203125,39.41749263317562,37.226393443243474,37.51606365535598,1199100
2020-03-27,37.59033966064453,38.72673905010388,36.30539064619773,37.270958958593475,1201800
2020-03-30,40.108245849609375,40.27165072085336,37.41950868043609,37.9171466670814,1057600
2020-03-31,41.22237014770508,42.29192251531561,39.424927620190985,39.74430553897872,1778400
2020-04-01,38.62274932861328,40.66529857195341,38.080545687655665,40.47961227710431,1322200
2020-04-02,39.12039566040039,39.566044563983596,38.1399720392054,38.91242787207073,1452000
2020-04-03,38.6450309753418,39.63288342900784,38.45191847438234,38.9198487331372,921000
2020-04-06,41.42289733886719,41.56401789730527,39.23922761874934,39.49918728780579,2596200
2020-04-07,40.62074279785156,42.69300303630874,40.33107256022074,41.78685278866466,1634700
2020-04-08,41.5863151550293,42.135945150639806,40.30879219223388,40.873277435475586,3250000
2020-04-09,41.742286682128906,42.48503198667444,41.088670020791255,42.13594078686653,1976900
2020-04-13,41.229793548583984,42.01710464754777,40.969833806795734,41.63830576189222,1563000
2020-04-14,41.5863151550293,42.774706632037514,41.4971836692421,41.83884869806214,2097700
2020-04-15,40.501895904541016,41.82398432166262,40.45733300472278,41.53431130610326,1715400
2020-04-16,40.73957443237305,41.80912936904543,40.50189618718989,41.15551277811766,864000
2020-04-17,41.97996520996094,42.03938336134719,40.7841448089848,41.59373730923055,543900
2020-04-20,41.22237014770508,41.80171065932551,40.8509974436717,41.73486345926555,1090700
2020-04-21,39.469482421875,41.00696487401192,39.439771931652956,40.724723716947416,1386000
2020-04-22,41.01439666748047,41.13323580300074,39.49919556458566,40.07110978969836,1041900
2020-04-23,40.56874465942383,41.304063701743964,40.29392971095392,41.222361271114146,1249800
2020-04-24,40.40535354614258,41.25950911221263,40.40535354614258,40.813862976293386,991300
2020-04-27,41.69771957397461,41.720001025707454,40.47961776787342,41.1926525568085,2030200
2020-04-28,42.44789123535156,42.67814044443432,41.70514600172055,41.823985125767585,2189100
2020-04-29,42.60386657714844,43.190635985147324,42.19535726989727,42.655858516252316,1095700
2020-04-30,41.60009002685547,42.3959058124344,40.65412280516605,42.3959058124344,1246200
2020-05-01,40.62409591674805,41.50249394486711,40.47394159988558,40.9093888323912,915300
2020-05-04,40.92439651489258,40.92439651489258,40.20365932177891,40.45141434288643,2018200
2020-05-05,41.48748016357422,41.690188071208404,40.62409781323107,40.84182143964802,3041700
2020-05-06,41.329803466796875,41.795279113655205,41.157127063348696,41.68266556216522,1764700
2020-05-07,40.91688919067383,41.47245922147637,40.819288469596025,41.47245922147637,1410100
2020-05-08,40.84931182861328,41.38235674831535,40.61657257479273,41.38235674831535,3483300
2020-05-11,41.757755279541016,41.780280288563276,40.44391002347243,40.75923437418568,2272200
2020-05-12,40.71418380737305,41.787783212886254,40.6315987971097,41.78027678647828,1277200
2020-05-13,39.92587661743164,41.01449172130685,39.850800898800976,40.63910740024333,1656100
2020-05-14,40.12859344482422,40.57154715703445,38.934870923034325,39.813269055543785,1118200
2020-05-15,39.12254333496094,39.99343459896743,39.054974061721026,39.940881037997976,476000
2020-05-19,40.07603073120117,40.19615359882144,39.3177528023847,39.768215703927034,605000
2020-05-20,39.40784454345703,40.398858852995204,39.40784454345703,40.398858852995204,803300
2020-05-21,38.80723571777344,39.67062092721938,38.7621914256338,39.558004468959304,470700
2020-05-22,39.5279655456543,39.55799411123298,38.66458056227405,38.79971913121973,816100
2020-05-25,39.64058303833008,39.85080020193908,39.437875164825876,39.69313661324357,168100
2020-05-26,40.17363357543945,40.21117430319095,39.50544986242085,39.90335923773445,570600
2020-05-27,40.45891571044922,40.564022846642445,39.67060932504538,40.211163584273,730400
2020-05-28,41.284767150878906,41.36734929231042,40.639105687626376,40.804272834444376,397700
2020-05-29,41.09708023071289,41.51750887318376,40.90938805419402,41.299785261072586,833600
2020-06-01,41.05953598022461,41.18716813855992,40.594060224315726,41.006982404426275,321600
2020-06-02,41.08956527709961,41.39738028961098,40.9168888421742,41.11208741871229,575000
2020-06-03,41.88538360595703,42.15566077777112,41.18716853342236,41.32981354567752,526800
2020-06-04,41.50999450683594,41.98297663915052,41.277255221443596,41.65263950268331,716300
2020-06-05,41.59259033203125,42.313327652244936,41.44243600766451,42.09560402511095,739000
2020-06-08,41.33732604980469,41.96046258752917,41.25474103377913,41.72021683033957,710200
2020-06-09,40.93190383911133,41.337319564749855,40.451412400112275,41.337319564749855,446700
2020-06-10,40.69165802001953,41.47996446419516,40.49645658343212,40.92439444924045,491400
2020-06-11,39.41535186767578,40.62408978318397,39.22015328999509,40.368828342244626,855900
2020-06-12,40.03098678588867,40.594063309918184,39.82827889356341,39.94089534395143,585700
2020-06-15,40.976959228515625,41.2472335693554,39.45289673791033,39.79074324390438,700800
2020-06-16,41.15713119506836,41.64513189237808,40.826794067999366,41.63011617788112,490600
2020-06-17,40.73670196533203,41.397379118850445,40.49645624840804,40.93190340030456,410900
2020-06-18,41.202178955078125,41.374855378444906,40.60907111136957,40.63910254081286,447000
2020-06-19,39.76821517944336,41.79528818580699,39.76821517944336,41.44993530394778,3578900
2020-06-22,40.14360046386719,40.75172123488945,39.85080114982608,39.93338329525798,749200
2020-06-23,40.12107467651367,40.549012567780814,39.783231083164395,40.39135184235714,454700
2020-06-24,39.670616149902344,40.09104763096013,39.4528925509284,39.91086189223389,851500
2020-06-25,40.02347183227539,40.061009686422416,39.242671864616725,39.56550256539955,670700
2020-06-26,38.86729049682617,40.35381197086918,38.78470549316463,40.083534818505925,517600
2020-06-29,40.008460998535156,40.03849243109824,39.13006021177267,39.13006021177267,460100
2020-06-30,40.10605239868164,40.241190959494155,39.58802315820338,39.918360271325874,911200
2020-07-02,40.86433792114258,40.924397923992515,40.39886215922388,40.53400074558014,1100000
2020-07-03,40.443904876708984,40.8418141939713,40.30876629559423,40.7442134711762,123400
2020-07-06,40.84182357788086,40.92440573957635,40.29375983746057,40.736713540898506,1191000
2020-07-07,40.45891571044922,40.89436283348362,40.23368572375593,40.58654785008004,910600
2020-07-08,40.316280364990234,40.834309744704065,40.316280364990234,40.50397254279377,875700
2020-07-09,39.70814514160156,40.45140720990635,39.347776608590145,40.353806503896635,735800
2020-07-10,40.35381317138672,40.556521041689685,39.67061384434563,39.83578385658248,993500
2020-07-13,40.961944580078125,41.059542456838365,40.15111294451109,40.48145016791496,718200
2020-07-14,41.750247955322266,41.80280153531924,40.84181851371132,40.84181851371132,703400
2020-07-15,41.69768524169922,42.163160932836504,41.41989882089943,41.86285237238715,760600
2020-07-16,41.99800491333008,42.41843646506984,41.562560506131426,41.562560506131426,690700
2020-07-17,42.19319534301758,42.42593177305389,42.02051891094212,42.05805676766202,390000
2020-07-20,42.02802658081055,42.561071608294945,41.57005726898833,42.08058015456506,1098100
2020-07-21,41.56255340576172,42.11812060941019,41.41990552767091,41.95295345197815,413500
2020-07-22,41.27725601196289,41.44993244096558,40.81928672184691,41.44242601533714,822700
2020-07-23,41.269752502441406,41.44242894364536,41.029506769987634,41.277258928600254,569600
2020-07-24,40.74420166015625,41.31478438749616,40.61656954212171,41.202170845181875,643800
2020-07-27,41.08956527709961,41.097074566940464,40.58655168805015,40.75922812297556,619100
2020-07-28,41.43492126464844,41.690182723300296,40.92439834734473,41.08206194236142,1122000
2020-07-29,42.04304504394531,42.17067434170167,41.30729209935089,41.419905680202646,585500
2020-07-30,42.01495361328125,42.09086312803742,41.491190991897255,41.658189028708925,834400
2020-07-31,42.31859588623047,42.38691301783703,41.64301697126143,42.098462584870134,610900
2020-08-04,42.15159225463867,42.86512728974646,42.007368504989245,42.250273186321024,1667700
2020-08-05,41.491180419921875,42.2426684984429,41.1799587278508,42.19712280119427,1227300
2020-08-06,41.25587844848633,41.58987454323023,41.17997182458204,41.51396502367385,689500
2020-08-07,41.309017181396484,41.67337711498452,41.24829245623337,41.24829245623337,676700
2020-08-10,41.40769577026367,41.491194796325736,40.94465782257563,41.46842338763687,882200
2020-08-11,41.12683868408203,41.89350604855086,41.08129297004985,41.498785213895346,1057300
2020-08-12,41.19514465332031,41.969404208315694,41.14959895162007,41.33936836522723,936400
2020-08-13,40.51957702636719,41.45324244781303,40.4360779983623,41.179973954579665,1179400
2020-08-14,40.496795654296875,40.77006409984147,40.22353010440402,40.5043880531463,485500
2020-08-17,40.504390716552734,40.656206851354966,40.32221077565968,40.458845007416485,629200
2020-08-18,40.80802536010742,40.85357107512506,40.51957785195264,40.51957785195264,430800
2020-08-19,41.073707580566406,41.157206616831424,40.70935051876203,40.79284955502705,670900
2020-08-20,40.68656539916992,41.13442137822144,40.61065878400258,41.07369666521792,869200
2020-08-21,41.02057647705078,41.088893613979565,40.56512793230793,40.71694411388888,679300
2020-08-24,41.19514465332031,41.939040407182205,40.89151243328828,41.39250356938512,739000
2020-08-25,40.883934020996094,41.33179007442036,40.73970737431484,41.104067295450044,1252800
2020-08-26,40.80043411254883,40.95983976482273,40.4968018167062,40.808023616901416,352500
2020-08-27,40.580299377441406,41.081290620533814,40.557527969553774,40.89152116639802,458900
2020-08-28,40.46643829345703,40.83079528757494,40.147624113821365,40.68656865330919,750100
2020-08-31,40.420894622802734,40.67139169770214,40.208353756089636,40.42848412704871,762000
2020-09-01,40.1248664855957,40.66381121015898,39.59351126750173,40.66381121015898,668800
2020-09-02,40.883934020996094,41.2255196372777,40.231126597802856,40.231126597802856,662600
2020-09-03,40.60306930541992,41.10406049452337,40.26148374565581,40.95224436844468,534000
2020-09-04,40.32221221923828,40.75488633674109,40.25389510091404,40.66379781085945,732900
2020-09-08,41.14961242675781,41.24829336493069,39.973042256235885,40.269082175102106,537700
2020-09-09,41.68855285644531,42.01495655360975,41.18756160660139,41.30901394305894,561200
2020-09-10,41.11165237426758,41.56709788317919,40.944654336362426,41.56709788317919,1021700
2020-09-11,40.83839416503906,41.24070745777078,40.81562275257124,41.11166269726358,401700
2020-09-14,41.02815246582031,41.24069620826943,40.823201122557876,41.07369817398481,583200
2020-09-15,41.48360824584961,41.7189205407959,41.04334167550094,41.18756543355358,571200
2020-09-16,40.98261260986328,41.741690426788196,40.95983830631212,41.48360385320764,344800
2020-09-17,41.02057647705078,41.32420594455986,40.72453651557698,40.77007934309429,682300
2020-09-18,41.03575134277344,41.19515700303462,40.5803028761885,41.1268398778295,1921800
2020-09-21,40.899112701416016,41.043336441075205,40.23871293011651,40.79284227265113,505200
2020-09-22,41.19514465332031,41.41527786806097,40.84596962723949,40.89910483139738,855200
2020-09-23,40.94466018676758,41.5215610025152,40.78525452543692,41.40010865640817,543600
2020-09-24,41.11923599243164,41.2862340064338,40.58788393997295,40.74728955571056,419200
2020-09-25,41.36214828491211,41.574689130427416,40.876336087709944,41.03574461749827,1452900
2020-09-28,41.93905258178711,41.984598296708945,41.3697441756995,41.6354202736128,741100
2020-09-29,41.878326416015625,42.09087019737863,41.62783221437846,41.88591881659237,302400
2020-09-30,41.521549224853516,42.219899292967575,41.39250451491412,41.9238594642822,1401500
2020-10-01,41.787227630615234,42.0453141695351,41.453234478457865,41.67336771075898,785700
2020-10-02,41.93905258178711,41.97700589639582,41.3697441756995,41.55951364439537,742200
2020-10-05,42.32617950439453,42.62981180166891,41.6885539966401,42.10604912930541,2460400
2020-10-06,42.303401947021484,42.53112468905298,41.99218019059303,42.402082863640786,1501200
2020-10-07,42.34895324707031,42.584265523466755,42.08327426656663,42.33377134284277,1090000
2020-10-08,42.728492736816406,42.93344410314886,42.3717252218319,42.394496630651446,1833500
2020-10-09,42.53872299194336,42.978986634888244,42.31858972264483,42.804399078578015,2345100
2020-10-13,42.37172317504883,42.72089827312498,42.12122900317751,42.55390312376146,1895100
2020-10-14,42.227500915527344,42.508358904650464,41.98459623915294,42.40967797498207,1123400
2020-10-15,42.508358001708984,42.68294555316632,41.9086858277998,42.01495625949974,418800
2020-10-16,42.76645278930664,42.89549465382169,42.39450331127902,42.57668329750029,472000
2020-10-19,42.24267578125,42.91066208215314,42.007360648372874,42.91066208215314,1484000
2020-10-20,41.98460006713867,42.42486374733918,41.81760200103551,42.42486374733918,878000
2020-10-21,42.25786590576172,42.29582211782496,41.78723841183238,41.97700788953884,570900
2020-10-22,42.227500915527344,42.37931706217438,41.9314610221743,42.27304373256495,1176400
2020-10-23,42.56908416748047,42.62221938152071,42.15158906337574,42.462810843747995,536500
2020-10-26,42.219913482666016,42.432457271238036,42.04532590696033,42.15918875425436,706900
2020-10-27,42.02255630493164,42.3641419658673,41.81001540286172,42.2199153003319,533500
2020-10-28,41.240699768066406,42.212318460895176,41.10406552743085,41.75687002689261,968400
2020-10-29,42.01495361328125,42.113634534638315,41.12683400802336,41.47600908894602,485000
2020-10-30,40.815452575683594,41.913591954112334,40.43916584576264,41.8751931370085,1459600
2020-11-02,41.045833587646484,41.38372152315447,40.83849226491932,41.061192529635754,1665900
2020-11-03,41.32996368408203,41.58338181434044,41.084226488968774,41.23781296826917,753200
2020-11-04,42.05949020385742,42.38201911977401,41.506580142951336,41.72160234964701,2025100
2020-11-05,41.821434020996094,42.51257164615393,41.736961319097006,42.40506199988897,1730300
2020-11-06,42.23612594604492,42.23612594604492,41.667856780735676,41.91359693585069,1111700
2020-11-09,42.827430725097656,43.64911509715831,42.727599064828794,42.9963761610267,4173800
2020-11-10,43.29587173461914,43.6491186481002,42.727602540803524,42.727602540803524,1227500
2020-11-11,43.1883544921875,43.90252620108798,43.103881782151305,43.595356172087236,1394600
2020-11-12,42.9426155090332,43.679830042947565,42.63544547186919,43.57999838939547,1621700
2020-11-13,42.72760772705078,43.4571415226034,42.72760772705078,42.95030804148398,973500
2020-11-16,42.69688034057617,43.22675358669039,42.42042817279066,43.19603570268578,1068300
2020-11-17,42.919578552246094,43.01172927043285,42.58169063261562,42.62008652107523,987500
2020-11-18,42.4281120300293,42.86583168449237,42.25148856677394,42.86583168449237,1004300
2020-11-19,42.159332275390625,42.435784444866634,41.79840445967605,42.405069490092856,1106800
2020-11-20,42.29755401611328,42.58936508761109,42.05181390573988,42.14396754566176,934000
2020-11-23,42.259151458740234,42.7199108292875,42.21307757227812,42.3820200383359,966100
2020-11-24,42.0825309753418,42.635441086552746,42.05181309595936,42.397381915466205,793300
2020-11-25,41.79840087890625,42.19772455094294,41.713928169322934,42.09789290057916,610800
2020-11-26,41.82912063598633,41.99038512728424,41.76768487010985,41.91359334935721,192700
2020-11-27,41.79840087890625,42.067175019018244,41.76768299734533,41.829118760467175,403000
2020-11-30,41.35300064086914,42.0211013865777,41.16101827405096,41.898232788990796,985500
2020-12-01,41.20709991455078,41.92895264359446,41.13798613723882,41.752329197001394,867700
2020-12-02,40.89992904663086,41.353007626030475,40.63883286647822,41.26085689462923,615500
2020-12-03,41.34531784057617,41.660168768469916,40.93831620753302,41.007429968749605,829400
2020-12-04,41.67552185058594,41.79070948347998,41.28387628226021,41.69088078752201,727600
2020-12-07,41.62946319580078,42.059504829313624,41.49123563250805,42.059504829313624,870400
2020-12-08,41.767677307128906,42.0441323446775,41.491222269580305,41.698563547741756,686500
2020-12-09,41.68320846557617,41.859831882702714,41.58337974899484,41.767681171466755,725900
2020-12-10,41.70624923706055,41.84447677159528,41.43747217350152,41.69089029662131,746900
2020-12-11,41.52194595336914,41.836796916957454,41.46819112515297,41.69856937885347,553700
2020-12-14,41.89055252075195,42.05181700838617,41.544983669093995,41.76000591535811,858800
2020-12-15,41.967350006103516,42.197728279328665,41.66017702219086,41.93663212182851,928500
2020-12-16,41.844482421875,42.343634871168234,41.72161381118849,42.05182082225574,585200
2020-12-17,41.767677307128906,42.08252822668858,41.621771783719595,41.936622703279276,433500
2020-12-18,41.72928237915039,42.044133305908325,41.660168618183135,41.829114018196,2027800
2020-12-21,41.54498291015625,41.68321044829431,41.00743462786204,41.591059732675085,989900
2020-12-22,41.391395568847656,41.73696145311806,41.33764074554256,41.591055922635405,568700
2020-12-23,41.18406295776367,41.72161423349021,41.09959023779565,41.521950908216944,658600
2020-12-24,41.437477111816406,41.58338559866859,41.260853669843655,41.260853669843655,208100
2020-12-29,41.52962875366211,42.03646210633332,41.42211616298277,41.46819298755963,700800
2020-12-30,41.70624923706055,41.92894654988353,41.59105864847548,41.73696418852066,818400
2020-12-31,41.54498291015625,41.74464621165276,41.44515418882643,41.66017350174411,446500
2021-01-04,41.21477508544922,41.92894975872874,40.89992410589513,41.8214400968447,1079400
2021-01-05,40.58507537841797,41.3299679762611,40.49292465303512,41.16102253854359,1197300
2021-01-06,40.34701156616211,40.89991874472175,40.24717992346207,40.58506780643842,1559500
2021-01-07,39.847862243652344,40.41613137624938,39.77874846981512,40.41613137624938,1417800
2021-01-08,40.0628776550293,40.42380543083191,39.96304893657107,40.039840709141764,1150700
2021-01-11,40.13199234008789,40.40076940907,39.778745491113206,40.17806916233528,1434600
2021-01-12,39.74802780151367,40.23182418448245,39.724990854987965,40.23182418448245,1580400
2021-01-13,40.22414779663086,40.40844923508611,39.724992452762336,39.87089800232429,1107000
2021-01-14,40.38541793823242,40.53132350820902,40.04752996750922,40.24719037534135,1311100
2021-01-15,40.792415618896484,40.96136105210506,40.285582248689416,40.531319462764436,852700
2021-01-18,41.107261657714844,41.23781118477048,40.8231285874196,40.899920359039406,345300
2021-01-19,40.80010223388672,41.26085884205866,40.72330751291201,41.26085884205866,920700
2021-01-20,40.59275436401367,40.884568398027206,40.43148986998722,40.86920945629822,3191500
2021-01-21,40.66954803466797,40.96136208225297,40.41613280790056,40.692587913042274,1150000
2021-01-22,40.89224624633789,41.0458327336163,40.56203632398581,40.707941875720074,397500
2021-01-25,40.792415618896484,41.16870237574686,40.66186900553979,40.861529393443746,1620900
2021-01-26,40.73866271972656,40.876890275380916,40.46988854452022,40.846172389809105,442400
2021-01-27,40.615787506103516,41.015111165383786,40.4391640868981,41.015111165383786,1278400
2021-01-28,40.938323974609375,41.29924885884571,40.454527554304406,40.677227819300825,858200
2021-01-29,41.061195373535156,41.23013788828079,40.18575612544438,40.707945542153155,3663700
2021-02-01,41.07518005371094,41.3394292096059,40.74875619543769,41.3394292096059,2062400
2021-02-02,41.54927444458008,41.89124568489728,41.152902192605744,41.26171014550872,833600
2021-02-03,40.989688873291016,41.69694350797174,40.79538811689748,41.69694350797174,2445100
2021-02-04,40.65549087524414,41.03631869318304,40.593313210800275,41.03631869318304,1017100
2021-02-05,40.274658203125,40.86533412845474,40.235798647067696,40.849789713073,2531400
2021-02-08,40.19694900512695,40.38347610612442,39.94824422726712,40.344616540482846,1430600
2021-02-09,40.07258987426758,40.41455814509241,39.963778958065106,40.41455814509241,1365900
2021-02-10,40.266883850097656,40.4223220603231,40.150302227634754,40.18139105559737,1084500
2021-02-11,40.251346588134766,40.476736183721115,40.16585377844378,40.36792526651801,777900
2021-02-12,40.41455078125,40.4844991608093,40.00263419317512,40.25910960836336,1137700
2021-02-16,40.2047119140625,41.152900548263545,40.150307939784824,40.88087771208093,2598600
2021-02-17,39.73062515258789,40.33684564021584,39.660676748815234,40.259123544471336,1155500
2021-02-18,39.61404037475586,39.94823792316541,39.47414358868701,39.87051583935252,962100
2021-02-19,38.953407287597656,39.64511737238446,38.92232142582271,39.55962754651125,1229900
2021-02-22,38.91455841064453,39.101088456425906,38.673624385842444,38.97673608083649,1060100
2021-02-23,38.844608306884766,39.18657658352779,38.78243360421984,39.023364653638694,794300
2021-02-24,38.82905960083008,38.93786754207018,38.59589930320213,38.78242932018091,839300
2021-02-25,39.31869888305664,39.404191685237315,38.84460459081404,38.89123783694735,805200
2021-02-26,38.96894454956055,39.55962028679295,38.95340013912884,39.4818982346344,1097900
2021-03-01,39.61404037475586,39.90937539886179,39.093312789989724,39.19435001654931,1047200
2021-03-02,40.181392669677734,40.31351574663549,39.63735001765312,39.8471951676395,821500
2021-03-03,39.847198486328125,40.204711157653556,39.57517565526333,40.196940432100476,851700
2021-03-04,39.78502655029297,39.987101021294514,39.62181460703414,39.97932732982812,1845300
2021-03-05,39.971553802490234,40.095906174088014,39.544092710422504,39.683989499069305,617500
2021-03-08,40.437870025634766,40.546677968265826,39.74615984908527,40.03372412100936,698800
2021-03-09,40.45342254638672,40.73321614909516,40.422333709464745,40.65549702158489,1085000
2021-03-10,40.709896087646484,40.9586008233992,40.453417661204696,40.554454886602464,583800
2021-03-11,41.090721130371094,41.17621393338685,40.64771566455684,40.803156855058745,531000
2021-03-12,41.393829345703125,41.47932214773678,40.91973801906988,41.075176242992086,564100
2021-03-15,41.82129669189453,41.97673492821581,41.42492148081005,41.51041428966334,591300
2021-03-16,42.08554458618164,42.279845340568826,41.619220996775866,41.96119222196561,480600
2021-03-17,42.21766662597656,42.272070598668236,41.961191178257835,42.19435148476417,664000
2021-03-18,42.349788665771484,42.40419263330973,41.86014999313342,42.147714245091834,697600
2021-03-19,42.62180709838867,42.86274106439672,42.240976373381585,42.36532871862586,2464900
2021-03-22,42.878292083740234,43.041506982197646,42.65290544597468,42.91715460919808,382900
2021-03-23,43.0648193359375,43.290208923896955,42.909378138558765,42.93269624528183,653700
2021-03-24,43.10368347167969,43.15031672528402,42.83943429751095,43.0648239094067,520700
2021-03-25,42.94047164916992,43.259124804354784,42.93270092261181,43.10368359004141,632200
2021-03-26,43.204708099365234,43.228023236967346,42.80056224709778,42.93268827802834,448500
2021-03-29,43.72543716430664,43.73321085418048,42.8705150954127,42.8705150954127,653400
2021-03-30,43.422325134277344,43.62439954828925,43.22802440953947,43.523362341283296,469300
2021-03-31,43.46896743774414,43.57777539191411,43.25912225550446,43.305755506489184,634900
2021-04-01,43.64772033691406,43.717668725466574,43.251348111645925,43.4534195870231,602000
2021-04-05,43.911964416503906,44.160669110528914,43.66325972247889,43.71766368899725,753200
2021-04-06,44.00522994995117,44.13735599239669,43.78761407391614,43.958599670683064,705300
2021-04-07,44.277252197265625,44.308338061451444,44.013003080525706,44.05963335920139,1717100
2021-04-08,44.01300811767578,44.362750071739875,43.94305972686296,44.323887548670555,1609900
2021-04-09,43.865333557128906,44.176215923942706,43.63994695422258,44.005230325715715,1962700
2021-04-12,44.0285530090332,44.16067610155295,43.66326663475862,43.72544133571077,1034500
2021-04-13,44.19953918457031,44.27726127295065,43.842026472404314,43.9819232666944,731900
2021-04-14,44.09850311279297,44.3394341649292,43.981921467389085,44.207311067279576,750200
2021-04-15,44.0285530090332,44.222853767299384,43.935286510413555,44.059638877112135,1627700
2021-04-16,44.1451301574707,44.285026935764755,44.05186662687273,44.11404132567332,1667400
2021-04-19,44.12958526611328,44.25393762716885,43.888654234264834,44.19953365450667,1349700
2021-04-20,44.813533782958984,44.86793776660628,43.9896973716224,44.03633062823212,757500
2021-04-21,45.023372650146484,45.59850124336749,44.68917510349333,44.90679100743703,539400
2021-04-22,44.821285247802734,45.06999287804303,44.70470660357087,45.00781522928459,532100
2021-04-23,44.57258605957031,44.87569768732478,44.494866953865376,44.86792399787798,597500
2021-04-26,44.230621337890625,44.689171213279515,44.13735781071829,44.64253796729631,1984300
2021-04-27,44.1451301574707,44.354975324911784,44.02855148542179,44.23062296251642,546600
2021-04-28,43.849796295166016,44.15290798641088,43.7876215905376,44.106274734343714,667200
2021-04-29,43.75653076171875,43.98969108183987,43.63995208405535,43.943060796692244,1583000
2021-04-30,43.9200325012207,43.998645421554805,43.582004440724766,43.629172192925225,691800
2021-05-03,44.27378463745117,44.30522980664426,43.77067392546729,44.155866752365284,2039800
2021-05-04,44.132286071777344,44.51748191226279,43.97506321854295,44.297368718224035,598300
2021-05-05,43.707794189453125,44.17946284543483,43.58987927454053,44.17946284543483,893400
2021-05-06,43.98292541503906,44.061535341203694,43.56628440979242,43.62917474974529,377900
2021-05-07,44.11656188964844,44.30522990645562,44.03795196526501,44.0851197191609,1827900
2021-05-10,44.31309509277344,44.486040545998016,44.053679911713324,44.179457605301174,2963100
2021-05-11,44.02223587036133,44.17945874108227,43.80998544470458,44.02223587036133,643800
2021-05-12,43.88072967529297,44.10083986538452,43.699924447892556,44.06939769449746,1183300
2021-05-13,43.951480865478516,44.21089902328136,43.82570318257376,43.93575828026836,691200
2021-05-14,44.28951644897461,44.39957156530205,44.02223845270355,44.05368362844767,844900
2021-05-17,44.171592712402344,44.25806543490309,43.86500978628268,44.16373291889165,491900
2021-05-18,44.44673156738281,44.54892387254033,44.100840692152815,44.38384122687682,583800
2021-05-19,44.25807189941406,44.42315457624088,44.085129427928514,44.3524044292041,440000
2021-05-20,44.493900299072266,44.58823581825919,44.140152597839915,44.2659302913124,458100
2021-05-21,44.50176239013672,44.572512529023136,44.28165217972419,44.50176239013672,445500
2021-05-25,44.43101119995117,44.61181643976575,44.100842893367904,44.57251147437591,624600
2021-05-26,44.45458984375,44.65898044464411,44.27378461912914,44.525339975016976,482600
2021-05-27,44.28165054321289,44.533205916895284,44.1558698575951,44.46245578062357,942900
2021-05-28,44.415287017822266,44.58036966579276,44.21875919915934,44.391704639191204,447900
2021-05-31,44.250213623046875,44.54893381076103,44.179463473582544,44.54893381076103,394800
2021-06-01,43.9986457824707,44.50961627434054,43.94361823717359,44.47031131323921,694800
2021-06-02,44.35239791870117,44.533206155858664,44.06940037087237,44.24234281697165,678200
2021-06-03,44.50176239013672,44.61181749534298,44.297371767230764,44.32881693979733,397000
2021-06-04,44.62753677368164,44.73759187073025,44.47031392127943,44.60395439539308,419700
2021-06-07,44.753318786621094,44.80834634047041,44.509623191876436,44.56465074572575,466700
2021-06-08,44.54106521606445,44.80834317248296,44.34453739513251,44.80834317248296,597100
2021-06-09,44.83192443847656,44.83192443847656,44.22661840517913,44.22661840517913,444200
2021-06-10,44.98915481567383,45.10707272453862,44.62754429336139,44.808349554517605,380800
2021-06-11,45.02846145629883,45.091351809700534,44.80835121694706,45.08348901613677,326300
2021-06-14,45.138511657714844,45.1935422103338,44.93412402898343,45.004874169462916,409800
2021-06-15,45.28786849975586,45.452951138566974,45.0520357302005,45.1306456537935,488700
2021-06-16,45.16209411621094,45.61017731067573,45.15423132401242,45.382204317344076,769000
2021-06-17,45.31146240234375,45.50799026009074,44.761183800896724,45.2328524587558,631800
2021-06-18,44.98915481567383,45.21712784013136,44.839794730051814,45.03632257897514,1652200
2021-06-21,45.0441780090332,45.16209590647265,44.7690402467101,44.965568076591374,370000
2021-06-22,44.981292724609375,45.0992076286769,44.8240698537425,45.04418007369002,577200
2021-06-23,44.56465148925781,44.94198457856727,44.44673658566057,44.94198457856727,457100
2021-06-24,44.52534484863281,44.706150093044094,44.31309443159955,44.658985332887845,365700
2021-06-25,44.53321075439453,44.64326586748844,44.43887522993382,44.46246061043746,213100
2021-06-28,44.50176239013672,44.75331777311581,44.391707284930455,44.65112246166284,282900
2021-06-29,44.305233001708984,44.56464816931869,44.25020545104097,44.41528810304502,257900
2021-06-30,44.21089553833008,44.415283132398145,44.0929776579371,44.23447791489817,445800
2021-07-02,44.28165054321289,44.54892550382091,43.99078720588664,44.20303761470177,488100
2021-07-05,44.415287017822266,44.46245477386092,44.28164954054421,44.34453688315255,327600
2021-07-06,44.769039154052734,44.7847617399127,44.32881574630339,44.533206363706405,592200
2021-07-07,44.784759521484375,44.88695182634712,44.588231706134735,44.800482106565525,470500
2021-07-08,44.99701690673828,45.028459083004826,44.62754359691967,44.66684856633556,645600
2021-07-09,44.87910079956055,45.075628653298544,44.55679523938131,44.989155917849494,820500
2021-07-12,44.94984817504883,45.15423581087098,44.886957826317776,44.8948206192976,958100
2021-07-13,44.92626190185547,45.08348176250992,44.80834400758801,45.067762175465774,761500
2021-07-14,45.012733459472656,45.08348359916009,44.69042793395808,44.88695576655908,561800
2021-07-15,45.374351501464844,45.42937906021012,44.78476794452804,44.78476794452804,1634100
2021-07-16,45.649478912353516,45.696646665740026,45.303591050514825,45.35861859674424,1703200
2021-07-19,45.515838623046875,45.76739396130595,45.154225200370306,45.53155820775891,2023500
2021-07-20,45.54728317260742,45.9875065369652,45.48439583414278,45.712368808476796,1728500
2021-07-21,45.35075378417969,45.720227005635145,45.24856148789406,45.531558999272974,655000
2021-07-22,45.382205963134766,45.61017896473388,45.201400720107536,45.350760790753505,1086800
2021-07-23,45.67306900024414,45.85387725269521,45.41365380976441,45.563013889205656,1217100
2021-07-26,45.48440170288086,45.673066741394074,45.24070611279318,45.563011635798574,980300
2021-07-27,45.90890884399414,45.92462843371563,45.460825567503235,45.57874048307724,505800
2021-07-28,46.0897102355957,46.24693310857618,45.75954190245901,45.838154838337694,525000
2021-07-29,46.058258056640625,46.18403573614119,45.98750792449803,46.13686798178732,796100
2021-07-30,46.24741744995117,46.24741744995117,45.88182593614698,45.89772161480682,1826100
2021-08-03,46.350738525390625,46.59711700054688,46.15204708691354,46.493796603637385,1127500
2021-08-04,46.438167572021484,46.46995893277094,46.23947611502388,46.46995893277094,574800
2021-08-05,46.485836029052734,46.59710271540266,46.35072431577795,46.446095328107916,538700
2021-08-06,46.45405960083008,46.79580912254568,46.374581205203896,46.374581205203896,410300
2021-08-09,46.60505676269531,46.66863946931589,46.4540523821569,46.50968573455476,867600
2021-08-10,46.61301040649414,46.86733519280015,46.438160978987284,46.60506105153986,1160400
2021-08-11,47.09782409667969,47.240882195745435,46.096420435010685,46.096420435010685,858800
2021-08-12,46.81964874267578,47.38393167984662,46.77991106278035,47.22497792847424,1642500
2021-08-13,47.02629089355469,47.14550697617679,46.75607343228765,46.92297352252585,2059800
2021-08-16,47.01039123535156,47.52698710883371,46.94680852562365,47.05012891303627,992600
2021-08-17,47.1375617980957,47.224983491447446,46.787862897524775,46.946816667621476,1148000
2021-08-18,47.113704681396484,47.48724549057471,46.883224957234596,47.48724549057471,522800
2021-08-19,47.43955993652344,47.55877599518018,46.89911905904943,47.11370614555737,1004000
2021-08-20,47.8130989074707,47.89257425564016,47.33624075487352,47.45545377712772,956400
2021-08-23,47.56672286987305,47.685938929913966,47.31239810479006,47.685938929913966,1144400
2021-08-24,47.32830047607422,47.43956719756268,47.00244663523338,47.37598751319389,566900
2021-08-25,47.018333435058594,47.352136568277444,47.010387112934666,47.288553864125205,697100
2021-08-26,47.2249755859375,47.240871263465316,46.90707113075264,47.0898668746368,276800
2021-08-27,47.2965087890625,47.320353823351894,47.058079668703876,47.2011377472772,255700
2021-08-30,47.3680419921875,47.4157290331674,47.08987516594893,47.217037576771,559300
2021-08-31,47.336246490478516,47.4157218482778,47.14550138725346,47.1852390661531,629700
2021-09-01,47.336246490478516,47.53493791676728,47.30445513464258,47.39982617035983,421100
2021-09-02,47.32830047607422,47.511096237346806,47.153454070216966,47.43956719756268,260900
2021-09-03,47.03422927856445,47.248816358157,46.954753929881385,47.20907868381547,356000
2021-09-07,46.49379348754883,46.96270537219915,46.26331070673296,46.907072015697466,525200
2021-09-08,47.2885627746582,47.32830045634598,46.3348432551977,46.41432165036402,484800
2021-09-09,47.2885627746582,47.61441661536321,47.09781765804979,47.14550469514959,395300
2021-09-10,47.04219055175781,47.23293569372648,46.88323980387363,47.20909368790209,382700
2021-09-13,47.018333435058594,47.40776991851555,46.89117105854432,47.018333435058594,522000
2021-09-14,47.161407470703125,47.2647278840709,46.95476967575881,46.970662325392716,331000
2021-09-15,47.113704681396484,47.30444976296138,46.87527560328302,46.94680462989608,330400
2021-09-16,46.7083854675293,47.01039731420872,46.66864778470616,46.954763951898144,710700
2021-09-17,46.430213928222656,46.56532568303512,46.12820512436562,46.382529923293,2000700
2021-09-20,46.63684844970703,46.748115155298876,45.97719150685486,46.09640756672632,677500
2021-09-21,47.04219055175781,47.32036042413748,46.700440986582706,46.700440986582706,507100
2021-09-22,46.82759094238281,47.177289770966304,46.748115589590405,47.010389711028026,587500
2021-09-23,46.23151779174805,47.02628346558348,46.207675791705924,46.73222101516569,465800
2021-09-24,46.128204345703125,46.342791459636544,45.98514626974751,46.175888349827865,381700
2021-09-27,45.74671936035156,46.22357761534447,45.72287432534832,46.096415211893635,531000
2021-09-28,45.50828170776367,45.58776009519589,45.19832357625421,45.58776009519589,750800
2021-09-29,45.67518615722656,45.88182390708479,45.48444105353464,45.53212808740526,575100
2021-09-30,45.5877571105957,45.85797754659314,45.4208570556006,45.68312813748001,514400
2021-10-01,45.64339828491211,45.810298368511596,45.24601540103288,45.69903164611194,407800
2021-10-04,46.04872512817383,46.112307841589526,45.55597122636476,45.59570890635425,675300
2021-10-05,45.89772415161133,46.295107044698874,45.842090789122345,46.096415598155104,685800
2021-10-06,46.29510498046875,46.31894698281785,45.70697699093496,45.74671770390443,319500
2021-10-07,46.28715896606445,46.75607088340279,46.24741825282958,46.26331393176538,596500
2021-10-08,46.05668258666992,46.22358269106533,45.92952016925564,46.19974068523489,298800
2021-10-12,46.14410400390625,46.295108416308686,45.87388350732912,45.97720087970349,1125900
2021-10-13,46.50174331665039,46.62890571706911,46.24741851581296,46.31100123191771,799200
2021-10-14,46.668643951416016,46.748119310534314,46.54148155775238,46.54942788094796,621600
2021-10-15,46.628910064697266,46.851446560022154,46.50969700857174,46.74017982825524,548200
2021-10-18,46.795814514160156,46.9547682919357,46.39048222924295,46.89118556810902,704400
2021-10-19,46.49379348754883,47.08986776303023,46.303048385406946,46.88323001485118,597800
2021-10-20,46.44610595703125,46.83554248016612,46.40636827878251,46.56532202356798,316500
2021-10-21,46.56532669067383,46.64480205513689,46.39842660622691,46.50969332919153,362400
2021-10-22,46.803749084472656,46.85938243795369,46.59711134751314,46.67658670054594,1026500
2021-10-25,46.946815490722656,47.06603157325433,46.295107778275614,46.636857314289415,5405100
2021-10-26,46.74812316894531,47.13755973706504,46.73222748945156,47.13755973706504,3439100
2021-10-27,46.28715896606445,46.7083838465954,46.09641385062565,46.7083838465954,683800
2021-10-28,46.2553596496582,46.44610170048784,46.175881268653995,46.271255325859045,494000
2021-10-29,46.28993606567383,46.37032722278619,46.05679741663148,46.22562068660308,1508900
2021-11-01,46.39444351196289,46.5793456249302,46.00052255247088,46.37836466734929,3493600
2021-11-02,46.378360748291016,47.13405104764265,46.30600748700683,46.482871696085006,2280500
2021-11-03,46.30601501464844,46.47484136290696,46.000526143321416,46.281898279208484,679900
2021-11-04,46.916996002197266,46.981308314986364,46.44268081181408,46.981308314986364,768100
2021-11-05,47.077781677246094,47.351115908434544,46.90091744920471,47.0295451423095,951100
2021-11-08,46.707969665527344,47.14208923599588,46.52306756700759,47.14208923599588,874600
2021-11-09,46.90091323852539,47.166206490043805,46.81248113244397,46.90895112693014,726300
2021-11-10,47.399349212646484,47.59229228499916,46.90895517602928,46.949153821700406,1232000
2021-11-11,47.31895065307617,47.86561902805119,46.95718436570658,47.471695055865275,925500
2021-11-12,46.804443359375,47.27071755614533,46.74012798507518,47.246600824145816,525800
2021-11-15,47.158172607421875,47.19836818631165,46.74817279598445,46.925033956444665,1465400
2021-11-16,47.67267990112305,47.84954411541264,47.11797359275004,47.11797359275004,1514700
2021-11-17,47.833465576171875,47.86562326383393,47.31091388520401,47.5922890521582,483000
2021-11-18,47.728946685791016,47.84953646110288,47.55208556651909,47.69679207020318,776300
2021-11-19,47.72092056274414,47.78523287649947,47.20640978579695,47.20640978579695,504900
2021-11-22,47.865631103515625,47.954063225707216,47.36719606329508,47.624454540000805,1319500
2021-11-23,47.85758590698242,47.92993917629938,47.56013494055766,47.76111590346852,462200
2021-11-24,47.608375549316406,47.75308210033222,47.471706888145306,47.58425574632952,691900
2021-11-25,47.6485710144043,47.825435257815236,47.53602215649783,47.53602215649783,133400
2021-11-26,47.53601837158203,47.76111606947221,47.02150759541811,47.029545484602984,444600
2021-11-29,47.7128791809082,47.72895802588504,47.19836840855383,47.47170263970786,554600
2021-11-30,47.18228530883789,47.72895372184923,47.10993204632975,47.64856257094055,1313900
2021-12-01,47.0858154296875,47.92189689477848,47.06169869770102,47.351111748442186,577100
2021-12-02,47.35915756225586,47.65660855119465,47.10994004536174,47.10994004536174,485600
2021-12-03,47.55209732055664,47.55209732055664,47.11797770219769,47.367192134913054,470200
2021-12-06,48.01033020019531,48.15503672918027,47.47169966081223,47.511895237368954,680000
2021-12-07,48.36405563354492,48.54091985070784,47.99425142195511,48.026409109934896,526300
2021-12-08,48.187191009521484,48.36405522519108,47.97817217286952,48.33189753748281,299400
2021-12-09,48.02641296386719,48.23543181905692,47.91386104690608,48.08268738898466,447500
2021-12-10,47.793277740478516,48.163082008307434,47.78523678389776,48.082690842858156,366900
2021-12-13,48.17111587524414,48.195235676245716,47.73699932465548,47.80131163829871,560000
2021-12-14,49.1197395324707,49.200133746907376,47.970128333194836,48.211307909779144,1035400
2021-12-15,49.82719802856445,50.02817898369745,48.991116519196964,49.039353052450245,1085600
2021-12-16,49.88347244262695,50.02817897563747,49.3930784215053,49.44131495475081,832000
2021-12-17,50.49445724487305,50.79190820551972,49.88347341212599,49.88347341212599,1644300
2021-12-20,50.55073165893555,50.59896512638378,50.21308205316761,50.24523974261714,367400
2021-12-21,50.325626373291016,50.70347152352491,50.277392910180836,50.647197105412516,447200
2021-12-22,50.196998596191406,50.38190069344775,50.092490715172026,50.20503955117799,424900
2021-12-23,50.0683708190918,50.46229481106863,50.02013735616966,50.13268619195568,502900
2021-12-24,50.084449768066406,50.31758839510161,50.068370924816485,50.068370924816485,51100
2021-12-29,50.71954345703125,50.87228784728066,49.84326655144172,49.84326655144172,598800
2021-12-30,50.928565979003906,51.217979006286946,50.62307717618345,50.62307717618345,402100
2021-12-31,50.824066162109375,50.968772698692895,50.679359625525855,50.783867516715894,264900
2022-01-04,50.31760025024414,51.04113303333061,50.27740466601189,50.639171057555124,510600
2022-01-05,49.71464920043945,50.32562995488185,49.674453622745055,50.253276688341536,796400
2022-01-06,49.44935607910156,49.971907823244486,49.40112260942611,49.45739703519828,1120100
2022-01-07,49.00719451904297,49.26444989184168,48.790134723232946,49.16797989372365,460300
2022-01-10,48.77406311035156,48.95092735539486,48.58112308551016,48.79818291350154,908400
2022-01-11,48.565032958984375,48.774051781802356,48.42836739535833,48.69366063457829,703100
2022-01-12,48.66151428222656,48.87857411035543,48.27563116557294,48.4122998277547,607500
2022-01-13,48.64543151855469,48.93484459942174,48.565040359081024,48.565040359081024,307000
2022-01-14,48.46051788330078,48.66953975502684,48.33993117274384,48.64541995953511,1064300
2022-01-17,48.339935302734375,48.62130738479876,48.339935302734375,48.43640529276707,184100
2022-01-18,48.090721130371094,48.356017454522295,47.75307460878873,48.235427658685225,1207800
2022-01-19,48.018367767333984,48.0585633436216,47.40738703427484,48.0585633436216,1170400
2022-01-20,47.72092056274414,48.428374414409596,47.60033075770446,48.034450375775954,1046800
2022-01-21,48.0505256652832,48.20327008253479,47.27875955697108,47.27875955697108,1711600
2022-01-24,47.897789001464844,48.122886719478664,47.08582411852689,47.897789001464844,1785200
2022-01-25,48.06660461425781,48.42032998132575,47.43954196649868,48.17111249994608,2721900
2022-01-26,47.68072509765625,48.23543145537161,47.46366528809994,48.19523587583736,3092400
2022-01-27,48.63739013671875,48.717781290419644,47.87366190965649,47.93797728599795,3028700
2022-01-28,48.65347671508789,48.95092771113714,48.2756314858318,48.597202285206315,926400
2022-01-31,48.9566535949707,49.216758431913625,48.338905382404825,48.4445708406856,2418200
2022-02-01,48.306392669677734,49.18424574039514,48.192597188352735,49.18424574039514,1922300
2022-02-02,48.810340881347656,49.06231878136871,48.28200432417929,48.28200432417929,504900
2022-02-03,48.88349914550781,48.97291076500729,48.44457106834362,48.96478384536836,1068700
2022-02-04,48.59087371826172,48.80221080802473,48.40392358543679,48.69654226314322,704600
2022-02-07,48.493343353271484,48.94852838415919,48.38767479060759,48.50147027315593,2763800
2022-02-08,48.37141418457031,48.737187565539145,48.33890340680183,48.37954420453301,941300
2022-02-09,48.64778137207031,48.76970687954696,48.38767651676828,48.53398588546248,1295600
2022-02-10,48.08692932128906,48.52585741333386,48.04628852032811,48.29013642678821,1371200
2022-02-11,47.80243682861328,48.24136178520727,47.71302521316265,48.11943939197887,1288400
2022-02-14,47.77804946899414,48.10318204959989,47.371635293584,47.78617948889104,1211800
2022-02-15,47.35538101196289,47.9812592493007,47.29035635260916,47.89997764993496,2815200
2022-02-16,47.35538101196289,47.56671813142462,47.03837843346456,47.24158553257316,1155100
2022-02-17,47.7130241394043,47.7536649362325,47.23345529516586,47.34725076656243,832200
2022-02-18,47.7943000793457,48.005637158963175,47.55045222652789,47.6236068924426,574700
2022-02-22,47.70489501953125,47.87559133054018,47.420406335673206,47.72115195870801,1168500
2022-02-23,47.70489501953125,47.89997518895827,47.485430991686144,47.85933439136342,454200
2022-02-24,48.07067108154297,48.3063920617177,47.144047201622165,47.15217412131697,941800
2022-02-25,48.1682014465332,48.712797994487296,48.00563827467228,48.10317679792758,798100
2022-02-28,48.200721740722656,48.6315228854722,48.086926264986836,48.09505318438475,1077700
2022-03-01,48.1844596862793,48.5014622209479,47.810559419782685,48.27387129363584,437800
2022-03-02,48.306392669677734,48.59901139348164,48.15195638797871,48.35516349054316,473400
2022-03-03,49.07044219970703,49.16798382541757,48.48520794891281,48.49333486737512,754000
2022-03-04,50.0377197265625,50.15151521169642,48.97291335723406,49.0948388631315,610500
2022-03-07,50.41975021362305,50.834294479674796,50.08649065694156,50.135261482563706,1525200
2022-03-08,50.15150833129883,50.777386514364174,50.01332590352633,50.696101821352705,873000
2022-03-09,49.15985870361328,50.094612555283966,48.86723999871831,49.50124822622211,1372900
2022-03-10,49.10295867919922,49.18424027090843,48.729058396226485,48.85911080337761,466300
2022-03-11,49.63943099975586,49.680071800320945,48.97291194826653,48.97291194826653,531300
2022-03-14,49.26553726196289,49.89954251751098,48.97291849765001,49.55002600465889,766500
2022-03-15,49.14360046386719,49.37932142553838,49.01354805409929,49.18424126053952,723800
2022-03-16,48.78596115112305,49.21675921276444,48.54211325020706,48.932270511811495,875100
2022-03-17,48.850975036621094,49.27364608530977,48.75343651790636,48.924129700830555,516900
2022-03-18,48.67216873168945,49.078582959006546,48.52585936179974,48.753450336875076,2613800
2022-03-21,48.940399169921875,49.314299504653754,48.55837191517165,48.55837191517165,540800
2022-03-22,48.97291564941406,49.12735194351072,48.680296902119714,49.03794341578817,765500
2022-03-23,48.997283935546875,49.35493033552192,48.85910462697002,48.89974541768712,877800
2022-03-24,49.151737213134766,49.47686673172198,48.981040882629934,49.02981170573052,747600
2022-03-25,49.18424606323242,49.41184012807063,49.16799222353157,49.34681236648991,298800
2022-03-28,49.31429672241211,49.55814771892634,49.111089625779734,49.32242674266617,459200
2022-03-29,49.615047454833984,49.81012453906376,49.24927404603521,49.24927404603521,960400
2022-03-30,49.899532318115234,50.240921840265635,49.509375079010574,49.639427492045456,1913300
2022-03-31,50.3709716796875,50.5904356968509,49.93204364536069,50.36284166014777,828900
2022-04-01,51.143157958984375,51.15128797881986,50.01332705598907,50.395357370211165,1214900
2022-04-04,51.126914978027344,51.20819658947879,50.76114152510641,51.037503345013924,1980800
2022-04-05,51.46829605102539,51.70401704040262,51.04562489442655,51.07001185585156,1630200
2022-04-06,52.69566345214844,52.8013289052155,51.44390704819047,51.44390704819047,1275300
2022-04-07,52.61438751220703,52.67128525480267,51.95599226058453,52.67128525480267,1195100
2022-04-08,52.45180892944336,52.71191373601256,52.33801346415606,52.45180892944336,373100
2022-04-11,52.459938049316406,52.60624738808971,51.89908455045411,52.40304031764832,2183500
2022-04-12,52.55748748779297,52.68753680748447,52.11855940623061,52.50058354627902,758300
2022-04-13,52.64689254760742,52.801331927489166,52.26486841016544,52.54122708849222,1284400
2022-04-14,52.45180892944336,52.80945536399642,52.346143483501656,52.64688598402332,1695300
2022-04-18,52.19983673095703,52.614380918712165,51.98037270815033,52.43555769256728,1904300
2022-04-19,52.4193000793457,52.65502105186651,52.19170912694998,52.19170912694998,1622700
2022-04-20,52.60626220703125,53.02080648389544,52.346157331651426,52.53310441634256,918200
2022-04-21,52.346153259277344,52.671285878555125,52.2892555160079,52.671285878555125,947300
2022-04-22,51.94786071777344,52.468073476303516,51.9316037783793,52.354278001238676,1500700
2022-04-25,51.87471389770508,52.11043490358082,51.34637413980354,51.80968923097413,1991800
2022-04-26,52.289249420166016,52.549354244987626,51.614600399057764,51.91534602137761,1206200
2022-04-27,52.338016510009766,52.79319839764862,51.744652191699075,52.199837180031984,1470300
2022-04-28,52.329891204833984,52.64689379105529,52.20797190350938,52.48433058836338,2120900
2022-04-29,50.94438934326172,52.12704364721009,50.87047344926495,52.028487033241944,2873700
2022-05-02,50.62408447265625,51.1004320064062,50.28735723198965,50.878684340656235,2693500
2022-05-03,50.05739974975586,50.88689751997265,50.01633606205457,50.599448573105086,1376800
2022-05-04,50.13131332397461,50.43518835847076,49.79458608765227,50.147739424887696,1022300
2022-05-05,50.1723747253418,50.56659173043135,49.92598948878061,50.09845884107761,1256500
2022-05-06,51.01008605957031,51.133277109013626,49.85207265023724,49.96705221623428,1533600
2022-05-09,51.741024017333984,52.20094535868621,50.59943684584383,50.81296985217583,1612500
2022-05-10,51.86423110961914,52.26665964225106,51.584993642239226,51.78210059982587,1534100
2022-05-11,51.470008850097656,52.05312448072774,51.35502927398871,51.741034822033136,1410800
2022-05-12,51.01008605957031,51.80673467106153,50.61586906202695,51.35502475756144,756900
2022-05-13,50.6405029296875,51.44536296557013,50.615865348198206,51.051145996951576,746800
2022-05-16,51.478214263916016,51.57676772111016,50.82118599435854,50.91973945155268,2470900
2022-05-17,52.020263671875,52.159880810349385,51.2975309992415,51.57676840914822,933200
2022-05-18,51.9627799987793,52.48840268319598,51.82315971094205,51.82315971094205,1449000
2022-05-19,51.9874153137207,52.127035595463276,51.39609138604341,51.63426200061431,1189000
2022-05-20,52.72657012939453,52.74299936187019,51.86422340191082,52.11882011203702,2221500
2022-05-24,52.981170654296875,53.30147174767462,52.63622571334577,52.97295603843909,1800700
2022-05-25,52.93189239501953,53.326112522894185,52.86619426197072,53.05508657660013,1799300
2022-05-26,52.52946853637695,53.08794344486284,52.463767264591915,52.931897050076266,957000
2022-05-27,52.00383758544922,52.82512371678349,51.82315363400913,52.669077346736884,2822700
2022-05-30,51.91349411010742,52.00383608321776,51.70817258320497,51.85600433321137,239500
2022-05-31,51.63426208496094,51.938140232149564,51.27289728784795,51.65890280116646,1967200
2022-06-01,51.60141372680664,51.864225061580704,51.190770624602386,51.64247741043542,646800
2022-06-02,52.209163665771484,52.29129103287513,51.445367246466276,51.65890341366893,618300
2022-06-03,51.888858795166016,52.36520312924132,51.79851681811087,51.81494291693526,407900
2022-06-06,51.387882232666016,52.143467238576676,51.35503002959196,52.003846941991206,646100
2022-06-07,50.94438934326172,51.437163014226435,50.698004074258705,51.437163014226435,396100
2022-06-08,50.837623596191406,51.231840647128834,50.74728160125517,50.86226118282542,794800
2022-06-09,50.8786735534668,51.18254852745644,50.739053289985435,50.81296916289727,622700
2022-06-10,51.059364318847656,51.272900496883146,50.46804035319501,50.46804035319501,981200
2022-06-13,50.336631774902344,50.96902252265867,50.04096824265697,50.821190756535984,827800
2022-06-14,48.767974853515625,50.33663135155042,48.73512265399617,50.10666908787243,976300
2022-06-15,48.52158737182617,48.891163633919504,48.17664555879222,48.82546237088706,1070900
2022-06-16,47.626380920410156,48.16842960519117,47.478549176110086,47.90561831153721,931700
2022-06-17,47.396427154541016,48.11094842393609,47.24859538383571,47.708516796358694,1865200
2022-06-20,47.6756591796875,47.930259007637574,46.92007744454475,47.10075826258091,266700
2022-06-21,47.57711410522461,47.856351563713325,47.429282325262434,47.749583470860976,478700
2022-06-22,48.05345153808594,48.16843423144088,47.05148455965727,47.281443680451055,970800
2022-06-23,49.06364440917969,49.13756030069757,48.12737540563354,48.20950591451929,1706500
2022-06-24,49.112918853759766,49.53177661047372,49.02257686180348,49.080066650692295,539200
2022-06-27,49.49891662597656,49.69602354747834,48.9897200903126,49.11291113301171,1479700
2022-06-28,49.76994323730469,49.85207373835108,49.47428283241248,49.638537568588724,482300
2022-06-29,49.76994323730469,50.18058634366185,49.638537568588724,49.704241969425844,624200
2022-06-30,49.523555755615234,49.67960213405204,49.277170529559065,49.466065973967396,1515900
2022-07-04,49.69602584838867,50.09024597556055,49.46606671833688,49.46606671833688,307000
2022-07-05,49.1703987121582,49.860279172453716,48.57086022557345,49.59746786690856,1709000
2022-07-06,49.515350341796875,49.71245729361931,49.170408476669856,49.22789826536461,1038000
2022-07-07,49.449642181396484,49.63032615098063,49.16219325974742,49.62211153438592,1138500
2022-07-08,49.40857696533203,49.57283482959205,49.21146690162837,49.38393938222839,531100
2022-07-11,49.57283401489258,49.80279314130246,49.334660272277695,49.45785445168764,2552800
2022-07-12,49.89314270019531,50.287359748044295,49.539989340734195,49.57284154462793,619000
2022-07-13,50.500885009765625,50.68978044183134,49.49891493858773,49.58925691326218,823600
2022-07-14,50.829402923583984,50.89510732405912,50.38590761925159,50.65693357177414,2254000
2022-07-15,50.073822021484375,51.09221518360116,49.87671194945238,50.919745828672106,1324800
2022-07-18,49.72066879272461,50.31199274406694,49.671390491380116,50.13131190505377,1844300
2022-07-19,49.466064453125,49.87670752824603,49.41678615624558,49.85206994628534,912800
2022-07-20,48.69405746459961,49.63853467437768,48.65299378294979,49.51534362942824,396000
2022-07-21,48.62014389038086,48.90759280852065,48.49694970663053,48.76797565769796,1174100
2022-07-22,49.45785903930664,49.50713420927479,48.68584795824922,48.68584795824922,827400
2022-07-25,49.66318130493164,49.991693930216165,49.2936018601479,49.318239445480664,1144000
2022-07-26,50.229862213134766,50.41875765696141,49.523555603112776,49.60568610018401,595200
2022-07-27,50.26271438598633,50.55837790937371,50.09845652488688,50.303778068021664,1420000
2022-07-28,50.52553176879883,50.87868511597196,50.17237842162569,50.665148931051306,1153300
2022-07-29,50.403480529785156,50.76048122714265,50.038178890040435,50.53631777760959,1590600
2022-08-02,50.029876708984375,50.54462383534874,49.96345966605699,50.40348247260692,3260900
2022-08-03,49.61476135253906,50.038182286090894,49.19964452902786,50.02987817605026,929400
2022-08-04,49.888736724853516,49.980062926808365,49.50683003221488,49.71438843044324,627300
2022-08-05,49.34908676147461,50.14611346835471,49.02529614637802,49.814018743230505,1555200
2022-08-08,50.1295051574707,50.37027049209389,49.5400369003303,49.5400369003303,2158000
2022-08-09,50.66085433959961,50.90162284221623,50.129505345611086,50.21252743826311,1192600
2022-08-10,50.89331817626953,51.150691728020604,50.44499127983468,50.82690113629203,2004900
2022-08-11,50.710670471191406,51.15069327147549,50.56122816787042,51.03446107269025,1690300
2022-08-12,51.05937194824219,51.3167455323614,50.959744792201604,50.96804573558407,1197000
2022-08-15,51.167301177978516,51.399765588516416,50.99294970298503,51.00955475617917,1181000
2022-08-16,51.4329719543457,51.84808875273899,51.16729745674119,51.17559839918953,1317400
2022-08-17,51.83978271484375,52.03073605495072,51.366549835646104,51.40806088052332,1010000
2022-08-18,51.88130187988281,52.41265090605403,51.814881668066405,51.87299776986075,982300
2022-08-19,52.16358184814453,52.47076741243903,51.73185996927899,51.91450921900246,1195100
2022-08-22,51.93941879272461,52.171883203532005,51.665440165338694,52.11376710083016,999100
2022-08-23,51.4412727355957,51.78997249204007,51.32504053914419,51.748461445748795,1451900
2022-08-24,51.158992767333984,51.56580861866781,51.02615552003739,51.44957642316952,1105300
2022-08-25,51.017860412597656,51.09258157069096,50.72727672352805,51.09258157069096,899200
2022-08-26,50.93482971191406,51.16729727179512,50.801992463591944,51.01785497154652,672300
2022-08-29,51.12579345703125,51.18390956344931,50.48651311934226,50.73558259928972,607000
2022-08-30,50.710670471191406,51.44957787811746,50.56122816787042,51.25862452767173,531500
2022-08-31,50.45330047607422,51.00125457126614,50.32876415881192,50.59443867968739,858200
2022-09-01,51.026161193847656,51.26692972106034,50.63595351801311,50.63595351801311,647100
2022-09-02,50.90162658691406,51.42467150986252,50.66915900962469,51.07597489456355,907000
2022-09-06,51.00955581665039,51.14239307787513,50.72727624066156,50.9514397128077,1086200
2022-09-07,51.623931884765625,51.964327576172614,51.04276765948558,51.09258282179766,551500
2022-09-08,51.623931884765625,52.03904873609562,51.44127945671155,51.58242083305067,796600
2022-09-09,51.872989654541016,52.15526917641924,51.69033726771113,51.88959470489733,630600
2022-09-12,51.83978271484375,52.23829444642652,51.72355052235166,51.95601807442556,725500
2022-09-13,51.52429962158203,51.93111232200298,51.3997633116875,51.698647921762436,613700
2022-09-14,51.64883041381836,51.69034145953071,51.308434771633486,51.6571345232147,1026700
2022-09-15,49.96345901489258,51.49938992999118,49.87213281085398,51.47448393510425,825000
2022-09-16,50.677459716796875,50.73557581544425,49.797410960424074,49.8389220070165,2013800
2022-09-19,50.95143127441406,51.275221847081184,50.511408513311515,50.65254669438607,814400
2022-09-20,50.287254333496094,50.959744762328754,50.08800002153173,50.93483559801557,409600
2022-09-21,49.93855285644531,50.685761204414966,49.897038642316545,50.34536555135226,1013800
2022-09-22,50.1461067199707,50.16270860361171,49.614754597860376,49.81401203953795,374000
2022-09-23,50.212528228759766,50.73557628855337,49.83892247176433,49.99666888421233,1831800
2022-09-26,48.718109130859375,50.06308671001724,48.585271878190575,50.06308671001724,894300
2022-09-27,47.555782318115234,49.033600364372965,47.29841191431278,48.96718015236586,895900
2022-09-28,47.66371154785156,47.962596154966235,47.16557264738703,47.47275819710383,743300
2022-09-29,46.48478698730469,47.67201828324608,46.401761715745316,47.663717339635284,1014600
2022-09-30,46.40176010131836,47.09085557937964,46.335343053471945,46.567807471569644,1044900
2022-10-03,47.12405776977539,47.58068878371175,46.49308162692945,46.82517633395774,830200
2022-10-04,47.447845458984375,47.82144799769195,47.148960894346764,47.331610109444625,1787100
2022-10-05,46.45157241821289,47.53917645093717,46.39345631724701,47.33161804260476,1377100
2022-10-06,44.492218017578125,46.451569788027946,44.251449517443746,46.451569788027946,2330700
2022-10-07,44.42579650878906,44.94884453963051,44.018983836982144,44.40089051539794,2288200
2022-10-11,44.07710266113281,44.57524156232604,43.54575365530273,44.16012475563505,2554400
2022-10-12,42.79024124145508,44.251451009114845,42.757031136781244,44.05219671525164,2997500
2022-10-13,44.467315673828125,44.50052261301868,42.159263960766665,42.54947479183868,2394900
2022-10-14,43.429527282714844,44.68317881359329,43.33820106625602,44.62506270622682,3005400
2022-10-17,44.616756439208984,45.073384299931845,43.977476167361004,43.98577711009854,2132700
2022-10-18,45.0152702331543,45.13150243927042,44.43410603548361,44.93224496657844,893200
2022-10-19,42.90647888183594,45.13980644738353,40.37426667050111,45.07338939670319,2987100
2022-10-20,41.50338363647461,42.74873417387074,41.43696342094353,42.74043006338425,2816900
2022-10-21,42.44154739379883,42.74873615422547,41.295827126623315,41.42866439674904,1701800
2022-10-24,42.657405853271484,43.0061024663093,42.29210102008135,42.632496690133046,1627700
2022-10-25,42.657405853271484,43.31328803023643,42.50796354280098,42.68231184931989,3459200
2022-10-26,42.52457046508789,42.93968730862185,42.37512814804845,42.67401278212733,1416600
2022-10-27,42.341915130615234,42.856659094437525,42.29209997266212,42.71552089753865,873800
2022-10-28,42.76532745361328,42.931374791931724,42.09284032570343,42.350210691361944,2512900
2022-10-31,42.487640380859375,42.883146027571016,42.11737567743906,42.79057985171593,3568700
2022-11-01,42.538124084472656,43.253406050438194,42.44555791863438,42.92521604153239,3159500
2022-11-02,42.39507293701172,43.034616080924,42.34458142166708,42.496052757610364,1770900
2022-11-03,41.71345138549805,42.411902893319805,41.41050871753153,42.25201470184271,2201900
2022-11-04,41.923824310302734,42.1257871417731,41.61246802145578,41.85650550653948,1696800
2022-11-07,41.216957092285156,41.99955780752583,41.06548577900695,41.99955780752583,2587300
2022-11-08,42.08371353149414,42.10896089428614,41.24220753381499,41.284285401771456,1401700
2022-11-09,41.73868942260742,42.47921547913117,41.671370622972596,42.03321840001885,1367600
2022-11-10,42.99253845214844,43.27023374212703,42.20993767388725,42.445558309031554,1861300
2022-11-11,43.72464370727539,43.79196571690647,41.89016067599975,43.337551782166976,1889600
2022-11-14,42.630699157714844,44.2463925488206,42.46239729466972,43.68258178913309,5613200
2022-11-15,42.46238327026367,43.043024345491624,42.235176311707946,42.740081734083994,1360600
2022-11-16,43.43853759765625,43.60683943493388,42.521295955088256,42.521295955088256,1801400
2022-11-17,43.12718200683594,43.951857492194804,43.01778532926152,43.58159601206142,2246100
2022-11-18,43.18608093261719,43.690983169891624,42.63068718757925,43.35438274840538,2287500
2022-11-21,43.303897857666016,43.43853868885225,43.118768721091584,43.144012873785684,1773700
2022-11-22,43.17766571044922,43.87611388685624,43.06826905266618,43.5647576255707,750600
2022-11-23,43.48902893066406,43.53110358728552,42.874729955737244,43.05144543960169,796300
2022-11-24,43.43853759765625,43.70781925326423,43.21133059884504,43.58159528287393,542100
2022-11-25,44.37260818481445,44.490418503739406,43.61525475882959,43.61525475882959,600300
2022-11-28,43.66573715209961,44.30528338270323,43.573170996873564,44.15381207598606,633400
2022-11-29,43.40487289428711,43.6068324988241,43.01777776709282,43.6068324988241,1254300
2022-11-30,44.06966781616211,44.18747814119757,43.4637856859668,43.56476550598425,1430000
2022-12-01,44.35577392578125,44.869093023434445,44.179058462353474,44.28003826858504,1241200
2022-12-02,44.0360107421875,44.35578071252954,43.741481714652686,44.179065222063045,758700
2022-12-05,44.296871185302734,44.48200351522468,44.00234539687266,44.09491156183364,1270200
2022-12-06,44.57456970214844,44.81860397978631,44.061250576268534,44.33053221442023,1416200
2022-12-07,44.70921325683594,45.239359708709216,44.44834524950029,44.59140293419743,845600
2022-12-08,44.4315185546875,44.944837755991244,44.195897889206755,44.667142430259055,1227900
2022-12-09,44.90275573730469,44.94483039066115,44.237965299965566,44.389436620121074,730500
2022-12-12,45.079471588134766,45.172037752354846,44.5745693234129,44.90275611649115,1942700
2022-12-13,45.55913162231445,45.87890478216034,45.15520915149934,45.24777531961976,910800
2022-12-14,45.01215744018555,46.03879257932521,44.97007957203101,45.73584990512016,772200
2022-12-15,44.80178451538086,45.06264934225085,44.43993664898935,44.99533052599408,958900
2022-12-16,44.21272277832031,44.50724857275322,43.39646099076284,44.50724857275322,2217800
2022-12-19,43.48902893066406,44.599816557941395,43.48902893066406,44.16223306687903,598400
2022-12-20,43.606834411621094,43.766719373067005,43.03461015684917,43.35438328983117,819000
2022-12-21,43.96027374267578,44.28004370333802,43.44695458201987,43.590009057565,867200
2022-12-22,43.5142707824707,43.93502374662553,43.3543858117244,43.926610099782195,930500
2022-12-23,44.0360107421875,44.11174320088115,43.22816253845802,43.40488123901517,958000
2022-12-28,43.78355026245117,44.43992703700866,43.72464510718309,44.1706454100431,461400
2022-12-29,44.0360107421875,44.31370605433618,43.93502771041465,43.943444568107715,321600
2022-12-30,43.54792404174805,44.22954487803382,43.50584939483678,43.9686769310403,339000
2023-01-03,44.2800407409668,44.38102376292692,43.522687336807905,43.842457276077276,1184300
2023-01-04,44.22956085205078,44.557747710612844,43.96869281084175,44.42310686581582,1069200
2023-01-05,43.02620315551758,44.271631664104945,42.91680647548018,44.15382133641421,1447500
2023-01-06,44.027584075927734,44.23796053011703,43.12717310880476,43.186078259170564,1795600
2023-01-09,43.84245300292969,44.204300771126434,43.539513596846625,43.93501915899258,2086300
2023-01-10,43.758304595947266,43.84245389767266,43.463778829818274,43.84245389767266,1181300
2023-01-11,44.4146842956543,44.48200631444074,43.77514116763579,43.77514116763579,1278700
2023-01-12,44.591407775878906,44.77653692723029,44.28004822070948,44.41468906264271,870200
2023-01-13,45.39082717895508,45.5591290013016,44.28845650226138,44.616643290287456,1068800
2023-01-16,45.39082717895508,45.7526749734685,45.00373523462127,45.693769817160764,1271100
2023-01-17,45.70219039916992,45.777926064894814,45.230945900204965,45.26460690943615,1339500
2023-01-18,45.93781661987305,46.54370201921897,45.618043413541486,45.845250438296205,2160600
2023-01-19,45.52547073364258,46.34173253457112,45.47498243096441,45.912565911354434,591100
2023-01-20,45.62644958496094,45.693768385736526,45.13837463645472,45.4918087733196,1280200
2023-01-23,45.53388595581055,45.66852677493514,45.32350947529772,45.46656394120308,401900
2023-01-24,45.7610969543457,45.820002117249494,45.25619143076812,45.52547309263991,656400
2023-01-25,45.70219039916992,45.86207537788224,45.542302210367076,45.62645473344502,1008800
2023-01-26,45.43290710449219,45.735846546359255,45.373998735420095,45.491812263473875,1251500
2023-01-27,45.12154769897461,45.60962268604561,45.028981531765254,45.399246200602676,2410400
2023-01-30,45.416080474853516,45.76951145889423,45.020571622158805,45.020571622158805,2454700
2023-01-31,45.160362243652344,45.646232249681916,44.96430971943542,45.60361270122834,1387500
2023-02-01,45.31378936767578,45.73146869257391,44.63186692549151,45.73146869257391,3881200
2023-02-02,46.00423812866211,46.19176476984549,45.08364038377691,45.43312584211383,2767500
2023-02-03,46.11504364013672,46.14914057206309,45.526886196887624,45.76555821704742,1443400
2023-02-06,46.25143051147461,46.29405330442115,45.757037979587956,45.98718740451647,1608300
2023-02-07,45.29673385620117,46.02127898032602,45.041013386606245,46.02127898032602,1707900
2023-02-08,44.88758850097656,45.48427187143312,44.683010137630994,45.245599823915605,1072100
2023-02-09,44.879066467285156,45.49279506185181,44.71710764582859,44.955782948063835,1385300
2023-02-10,46.04685592651367,46.38781551225298,44.87906357365543,44.87906357365543,2137200
2023-02-13,46.25143051147461,46.396340853835184,45.816705987718024,46.021284338208666,1787300
2023-02-14,46.19175338745117,46.541238759669255,45.94455879612271,46.285518310769035,1465300
2023-02-15,46.28553009033203,46.34519810187206,45.782611670449825,46.05538065225074,1477500
2023-02-16,46.11504364013672,46.43895799011244,45.62065113385394,46.09799842583593,806100
2023-02-17,46.68616485595703,46.83959782749844,46.06391036100043,46.200294863296904,1079400
2023-02-21,46.15766906738281,46.98449857801987,46.055378265760886,46.66911006884207,2103300
2023-02-22,46.02128601074219,46.404865147900736,45.73999117505239,45.74851378295389,920200
2023-02-23,46.796974182128906,47.30841520803719,46.41339178686633,46.98450082407515,1770300
2023-02-24,46.57534408569336,46.66058641847337,45.808182600648344,46.652060559364116,850200
2023-02-27,46.55829620361328,47.010072443862484,46.3366726389281,46.498628195749475,1167800
2023-02-28,46.07242202758789,46.54976929808705,46.029802490429205,46.421907434948736,1350900
2023-03-01,45.43312072753906,46.38781204865364,45.313784718857534,46.02128141555853,1424400
2023-03-02,44.98134994506836,45.38198078076406,44.273853214087644,45.38198078076406,1277500
2023-03-03,45.87637710571289,45.978664662060794,45.10068969577718,45.228551579959145,783300
2023-03-06,45.81671142578125,46.080957815765814,45.63770738014475,46.004241331684035,343500
2023-03-07,45.85932540893555,46.32814686515689,45.518365827893916,45.7996574009617,714100
2023-03-08,46.07242202758789,46.191758032297116,45.560981078359134,45.82522415974035,1049400
2023-03-09,45.85932540893555,46.336672724388904,45.7485120005573,46.10652330006296,1461500
2023-03-10,44.964298248291016,45.850798937281866,44.85348484925159,45.84227307876837,1017800
2023-03-13,45.714420318603516,45.78261093713013,44.8705390591556,44.91315860219257,1299900
2023-03-14,46.50715637207031,46.52420483968974,45.850805001204854,46.012760566095274,714300
2023-03-15,46.924835205078125,47.00155168804177,45.68032626070157,46.5412527902599,855000
2023-03-16,47.34251403808594,47.49594700233102,46.37929670736131,46.79697605484246,744300
2023-03-17,47.66642761230469,47.862483383457246,46.55830312091637,46.958934020378415,2682000
2023-03-20,47.03564453125,47.640850482139356,46.95892805496384,47.59823094012763,1387400
2023-03-21,46.038326263427734,47.12940530197015,45.97865825956163,47.12940530197015,847200
2023-03-22,45.722938537597656,46.45600631345206,45.68884160577596,45.98718488172217,608800
2023-03-23,45.288211822509766,46.16618663816843,45.27116335743281,45.61212290398521,1147800
2023-03-24,46.62649917602539,46.694689804759356,45.305273634130906,45.305273634130906,728800
2023-03-27,47.274314880371094,47.34250874648575,46.40486259738426,46.677631558517874,798900
2023-03-28,47.02711868286133,47.461846465805564,46.924831131676704,47.09531255142616,619000
2023-03-29,47.385135650634766,47.589714029107746,46.84812025234833,47.086795569177305,857600
2023-03-30,47.60675811767578,47.845433428844814,47.47037361914902,47.589712900565004,907100
2023-03-31,47.32545852661133,48.237530316297516,47.172025585200345,47.66641808956499,1530900
2023-04-03,47.010074615478516,47.419228081872106,46.60091789742222,47.154981712223815,2591800
2023-04-04,47.67494583129883,47.83690138622369,46.79697093873052,47.14645637426705,1789000
2023-04-05,48.76602554321289,48.93650697076485,48.05000614882486,48.160819564483056,1908400
2023-04-06,49.15812683105469,49.200749623464866,48.73192492025312,48.791596179294864,2304500
2023-04-10,49.31155776977539,49.35418056044882,48.68930339555964,49.098456823057845,2678400
2023-04-11,49.678096771240234,49.857104056170215,48.98765171387721,49.22632375823354,1040600
2023-04-12,49.652523040771484,50.14691882240466,49.61842610721143,49.80595599012919,671400
2023-04-13,49.44794845581055,49.601381416849925,49.03027236871886,49.43942584760294,855700
2023-04-14,49.1751708984375,49.396797693158426,48.98764428559161,49.25188736558517,996900
2023-04-17,49.30303955078125,49.482043581557,48.85126654406264,49.243371540522666,2065000
2023-04-18,49.26041793823242,49.507615828438865,49.04731698150187,49.23484361229422,1707000
2023-04-19,49.35418701171875,49.5331910499608,48.97912721540647,49.26042206264068,713000
2023-04-20,49.294517517089844,49.6780966584595,49.19222671117273,49.30304012508491,1323500
2023-04-21,49.7803840637207,49.84005207059821,49.29451414962525,49.507615103234215,788000
2023-04-24,49.51613235473633,50.232151611480774,49.36269942460093,50.232151611480774,1754100
2023-04-25,50.138397216796875,50.206591089702385,48.783074883596754,48.80012335182313,963000
2023-04-26,50.036102294921875,50.26625170461095,49.737759022363875,50.053150760639106,878200
2023-04-27,49.99348449707031,50.42820900717713,49.89971955819213,50.01905557070528,2158300
2023-04-28,49.72610092163086,50.096998371857374,49.54496258543722,50.019368596452445,803600
2023-05-01,49.73472213745117,50.735281801745316,49.66571972458935,50.735281801745316,2168600
2023-05-02,50.07974624633789,50.35576249051033,49.37245420934937,49.37245420934937,3240900
2023-05-03,50.91641616821289,51.088927133660455,50.019365070556915,50.019365070556915,1282600
2023-05-04,50.838783264160156,50.87328611319723,50.44201037135218,50.84741062160582,1189900
2023-05-05,50.68352508544922,50.90779031979791,50.41613622421338,50.7007765104278,2322200
2023-05-08,50.847415924072266,50.97679668589418,50.5541482574202,50.68352901924212,2226000
2023-05-09,50.65765380859375,51.13205651867664,50.63177831415911,50.795661929533736,1029200
2023-05-10,50.67490005493164,50.994043185037036,50.243624309783286,50.65764863028097,939300
2023-05-11,50.42475891113281,51.13205086402811,50.32125365446766,50.787032245020015,881700
2023-05-12,50.88192367553711,51.29594807590048,50.39889356325978,50.52827762791172,760100
2023-05-15,50.60589599609375,51.339066760826306,50.39025811653234,51.270061059987654,1479900
2023-05-16,50.07974624633789,50.4592677594817,49.950362192343796,50.41614083827473,2691100
2023-05-17,49.191307067871094,49.96760467209152,48.906666806572,49.89859897821744,945600
2023-05-18,48.94979476928711,49.38107049412665,48.77728382127677,48.82041073568619,1473100
2023-05-19,49.16543960571289,49.199942458283644,48.95842578066151,48.95842578066151,627100
2023-05-23,48.872169494628906,49.432829304548974,48.76866423246794,48.83766664378427,796700
2023-05-24,48.811798095703125,49.33795512963935,48.673789963061935,48.96705765622114,615500
2023-05-25,48.25112533569336,48.54439295062748,48.10449317341257,48.51851746090088,473000
2023-05-26,48.630653381347656,48.71690721322984,47.97511241370107,48.08724502744613,597500
2023-05-29,48.639278411865234,48.83766486142224,48.5098976614791,48.5098976614791,140700
2023-05-30,48.5098991394043,48.99292588682519,48.38051509470345,48.58752890815021,234000
2023-05-31,48.277008056640625,48.535772846147196,47.93198614371664,48.42364023089098,1494500
2023-06-01,48.23387908935547,48.76866339716887,48.13037382896732,48.47539575075836,899600
2023-06-02,48.777286529541016,48.90667057032574,47.65597024077385,47.6645943079855,1042800
2023-06-05,48.6134033203125,48.94979788060945,48.43226829405612,48.62202738759348,806700
2023-06-06,47.83710479736328,48.716907711118836,47.699096690717674,48.32013481580931,920000
2023-06-07,47.49209213256836,47.957867494433536,47.293705660031236,47.84573815585161,1240700
2023-06-08,47.93198776245117,48.0096175309621,47.47483650920512,47.612844620960885,395200
2023-06-09,47.724979400634766,47.95786542633796,47.50071415239551,47.931989932453845,362700
2023-06-12,47.897483825683594,48.104497633808975,47.56971662417994,47.73360022493176,480000
2023-06-13,47.71635055541992,48.000994140767034,47.56109101620749,47.7508534064389,507500
2023-06-14,47.267826080322266,47.862988778305144,47.216075091192046,47.85436141986799,597100
2023-06-15,46.96592712402344,47.500708101872235,46.75028926146169,47.46620525417291,600400
2023-06-16,46.87104415893555,47.41445247326915,46.853792735740704,46.9918008309269,1734100
2023-06-19,46.69853591918945,47.06080924649603,46.526024967632644,47.009054973917166,283100
2023-06-20,46.91417694091797,47.37995555433213,46.457025685366816,46.6899149920739,1690300
2023-06-21,47.02631378173828,47.16432190657792,46.681291824452565,46.7071706099916,425600
2023-06-22,46.612281799316406,47.13843871763156,46.49152512108789,47.01767874903034,316400
2023-06-23,46.04300308227539,46.87105178817469,46.01712429808455,46.87105178817469,495000
2023-06-26,46.18101119995117,46.36214623742179,45.81011376682195,45.991248804292574,468000
2023-06-27,46.112003326416016,46.517403592477315,45.98262257304126,46.23276001238162,642700
2023-06-28,45.99124526977539,46.22413456735666,45.82736167090243,46.22413456735666,385700
2023-06-29,46.25000762939453,46.31901332447754,45.680723806450295,45.81873190624367,529000
2023-06-30,47.060813903808594,47.17294323660044,46.2931402579276,46.2931402579276,938100
2023-07-04,47.05217742919922,47.147058608080435,46.94004482776028,47.06080478566428,163900
2023-07-05,47.198814392089844,47.293695574019274,46.81066559800242,46.871043933707966,1564800
2023-07-06,46.75891876220703,47.03493499513301,46.612286578003314,46.940053798119756,1931700
2023-07-07,46.370765686035156,46.59503091135944,46.08612541127463,46.50877378993751,494200
2023-07-10,45.67210388183594,46.44839827968744,45.55134719486168,46.38801993620031,687700
2023-07-11,45.3615837097168,45.706605627334675,45.20632417582604,45.55134609344392,572100
2023-07-12,46.01711654663086,46.094746305380724,45.39608176700448,45.465084169019626,544900
2023-07-13,46.551910400390625,46.61228874850639,46.02575340363339,46.02575340363339,903100
2023-07-14,46.87104415893555,47.181563195697606,46.53464963256749,46.62090345816916,581800
2023-07-17,46.595035552978516,46.98318441211126,46.448400077140334,46.888303214281805,416900
2023-07-18,46.36214828491211,46.63816453240173,45.930872486912925,46.63816453240173,2344200
2023-07-19,46.94868087768555,47.06081349988801,46.517405105000854,46.569159382257304,811800
2023-07-20,47.38857650756836,47.59559030782789,46.8624228755553,46.94004934898331,771700
2023-07-21,47.44032669067383,47.84572689894968,47.32819408810068,47.405823845209405,485100
2023-07-24,47.51796340942383,47.69047437164729,47.354079805016646,47.440333640941915,399700
2023-07-25,47.604217529296875,47.6473477378897,47.293701743890004,47.44033392391217,321000
2023-07-26,47.78535842895508,48.07862609519733,47.54384175122002,47.854360843755714,1489100
2023-07-27,47.15569305419922,47.8629883732674,46.965933945038955,47.61284762667758,2413500
2023-07-28,46.8365478515625,47.50934028860208,46.78479686512537,47.21607263409072,2396500
2023-07-31,46.73170852661133,47.06369432452522,46.60065922083533,46.86275449966504,778200
2023-08-01,46.12015914916992,46.766660733848965,46.05026528448954,46.68803180244498,2292200
2023-08-02,45.578487396240234,45.927950021228426,45.360074088803266,45.927950021228426,4120100
2023-08-03,44.302955627441406,45.27271127079924,44.11075417817311,45.22902927472566,931200
2023-08-04,44.59125518798828,44.93197936500691,44.29421299958602,44.32915992356796,690500
2023-08-08,44.69609832763672,44.84462110714111,44.50389355394486,44.626207803481286,874500
2023-08-09,45.368804931640625,45.51732435625629,44.68735659239787,44.68735659239787,730900
2023-08-10,45.31639099121094,45.770691059552405,45.21155353935445,45.42996684147693,960600
2023-08-11,45.054290771484375,45.27270404973773,44.818404031044096,45.211548598444566,912200
2023-08-14,44.34663772583008,45.36007536759967,44.337902659684275,44.91451367426486,886200
2023-08-15,43.726341247558594,44.224323296446066,43.717606182105484,44.224323296446066,743700
2023-08-16,44.03212356567383,44.58252269402091,43.72634293942513,43.73508133793876,445700
2023-08-17,44.171905517578125,44.53883824962525,43.94475382683455,43.953492224867496,555700
2023-08-18,44.97567367553711,45.019355676120966,44.119493799746024,44.20685780091374,1565500
2023-08-21,44.3204231262207,44.98440137495934,43.94475201165805,44.94071605204379,1418100
2023-08-22,44.399051666259766,44.46894551615591,43.96222510257541,44.31168768661177,611700
2023-08-23,44.67862319946289,44.95819195111775,44.56504735262735,44.72230519202351,581000
2023-08-24,44.46895217895508,45.01061626591919,44.4252668498635,44.66989202843011,807500
2023-08-25,44.32916259765625,44.74851571257002,44.32042419977258,44.643674934299845,580700
2023-08-28,44.364105224609375,44.888299106374426,44.33789669697391,44.39031708496708,696600
2023-08-29,44.43400573730469,44.66989251955738,44.25053935090461,44.50389626571878,828900
2023-08-30,44.765995025634766,45.124192733061356,44.45147931516795,44.45147931516795,840200
2023-08-31,44.25054168701172,44.94072527219954,44.18064782218501,44.84462620714717,711200
2023-09-01,44.792205810546875,44.862096342653835,44.43400808510108,44.54758394908816,715600
2023-09-05,44.163169860839844,44.86209177435285,44.136961330558904,44.73978085607839,584900
2023-09-06,43.24583053588867,44.23305951966816,43.16720161978726,44.11074861300424,1041000
2023-09-07,43.743812561035156,43.988434374367166,43.306985989958136,43.36814144329114,780300
2023-09-08,43.735084533691406,44.067070381571796,43.62150867377296,43.8399219944577,631300
2023-09-11,44.06706237792969,44.241793669286615,43.72633819278089,43.72633819278089,419300
2023-09-12,44.12821960449219,44.1893783917403,43.73507834903273,44.14569306760274,448100
2023-09-13,44.59125518798828,44.66988410058659,43.88359497460352,44.0583262617911,841900
2023-09-14,45.307655334472656,45.38628425551992,44.862090337630704,44.92324579480941,698600
2023-09-15,45.28144836425781,45.674589650309116,44.85335681654346,44.85335681654346,1987300
2023-09-18,45.51732635498047,45.700796043597784,45.063029664017904,45.21154909515525,703100
2023-09-19,44.65241622924805,45.61343343001961,44.63494276506933,45.39502012686948,890800
2023-09-20,44.77473068237305,45.054299465869555,44.652419756183676,44.66115482260172,551400
2023-09-21,44.09327697753906,44.70483153620259,44.02338312356472,44.643676080336235,570600
2023-09-22,44.18937683105469,44.311687735786485,43.61276256693814,43.944751688868884,531600
2023-09-25,43.66518783569336,44.15443484203505,43.577823846182106,43.99717699473675,706200
2023-09-26,42.660491943359375,43.67392963103421,42.62554501174783,43.595300701269665,3438900
2023-09-27,41.72567367553711,42.77405813961763,41.638309692164704,42.686694156245224,935000
2023-09-28,42.040184020996094,42.17996837631285,41.62083095504583,41.89166460153788,617700
2023-09-29,41.42863082885742,42.546909128608405,41.34126684682916,42.34596930376558,1277900
2023-10-02,40.074466705322266,41.393684750720354,39.891000354443456,41.38494635340874,4930000
2023-10-03,39.602699279785156,40.10068131357868,38.99114140220926,39.93468508049929,1553000
2023-10-04,40.27540969848633,40.43266753529248,39.49785891245722,39.80363952079023,2997300
2023-10-05,41.38494873046875,41.55968002679421,40.27540883143269,40.27540883143269,1472600
2023-10-06,41.40242385864258,41.48979117668049,40.47635361649754,40.96559726662023,997500
2023-10-10,41.87419891357422,42.08387381911001,41.568421621033465,41.716941068061104,2245200
2023-10-11,42.59059143066406,42.6342734219972,41.95282502557772,42.179973380143444,2152200
2023-10-12,41.140323638916016,42.66921652774193,41.02674780544107,42.40712127048761,1293100
2023-10-13,40.81707763671875,41.67325735320565,40.720975253681644,41.42863219655054,3125300
2023-10-16,41.350013732910156,41.428639333242316,40.7209822684691,40.84329320150531,1218400
2023-10-17,41.06169509887695,41.51599510415287,40.89570221208696,41.15779747170559,602200
2023-10-18,40.100685119628906,40.852024107863556,39.969635800309334,40.84328904184615,1520100
2023-10-19,39.777427673339844,40.38025049221383,39.73374568148347,39.99584096534408,911900
2023-10-20,38.70283889770508,39.899742935265564,38.68536543251233,39.67259455320521,1343300
2023-10-23,39.48912811279297,39.759958491096825,38.15243635555126,38.536845923811256,3122100
2023-10-24,39.71627426147461,40.19678286206012,39.576489880709325,39.68132733310266,1169100
2023-10-25,39.978363037109375,40.0133099597804,39.33186163130529,39.57648342455851,965200
2023-10-26,40.345306396484375,40.56371970381367,40.01331723618153,40.03079070069458,1274700
2023-10-27,40.126895904541016,40.54624908410923,39.978373112120686,40.45014668890599,1509600
2023-10-30,40.388980865478516,40.773387014969174,39.9783628577412,40.3016168919149,880200
2023-10-31,40.30733871459961,40.5913213294858,39.9346172452543,40.49370283457171,1261700
2023-11-01,41.3900146484375,41.523131403040075,40.33396702331603,40.47595664841891,1800800
2023-11-02,42.96078109741211,43.10277073678325,41.65624895829599,41.70949634254768,1752300
2023-11-03,43.022891998291016,43.43998795432044,42.809909278194624,43.43998795432044,1788400
2023-11-06,43.05839920043945,43.41337160284728,42.765543667785494,43.03177720121637,1380500
2023-11-07,42.765541076660156,43.16488796731039,42.712297081439985,42.978527213440216,1775200
2023-11-08,42.57917404174805,42.880902382918975,42.33069307324233,42.76553476812733,1519500
2023-11-09,42.650177001953125,43.3246268980905,42.57030762350135,42.79216663194519,1247600
2023-11-10,42.66792297363281,43.280252572949,42.58805360108726,42.9519022126171,1794100
2023-11-13,42.23308181762695,42.64130158876118,41.9313534247669,42.64130158876118,1443200
2023-11-14,42.98740005493164,43.41336894290183,42.59692942061724,42.59692942061724,1162700
2023-11-15,42.898658752441406,43.10276863751524,42.61467948752999,43.04064838489711,1840900
2023-11-16,43.209259033203125,43.63522792088617,43.102767657607316,43.102767657607316,807100
2023-11-17,43.56423568725586,43.67072706502317,43.16488878900359,43.33350380454336,929900
2023-11-20,43.41337203979492,43.50211768026509,43.0761487619084,43.49324142356805,1069700
2023-11-21,42.98740005493164,43.57310769905313,42.934156059747735,43.40449607213778,1054100
2023-11-22,42.90753173828125,43.289129511271376,42.83653861451325,43.129390751168536,925300
2023-11-23,42.88090515136719,43.04064389437646,42.7832866544949,43.00514564364117,173500
2023-11-24,42.774410247802734,43.01401834250546,42.66791888970127,42.845403358103965,251900
2023-11-27,42.490440368652344,42.91640927991779,42.330701603765306,42.88091102432067,978800
2023-11-28,42.419437408447266,42.836533385052476,42.36619341844624,42.45493565864759,1906300
2023-11-29,42.15321350097656,42.712299175294554,42.06447124772607,42.70342291878953,1094000
2023-11-30,42.32181930541992,42.32181930541992,41.38113936348622,42.233077064395815,1398800
2023-12-01,42.92527389526367,42.94302301964851,42.215325846366994,42.24194784029458,1232900
2023-12-04,42.854286193847656,43.085018069384255,42.59692893572239,42.76554056071838,887300
2023-12-05,42.66792297363281,43.13826295345687,42.579177345638,42.792163467525995,1295100
2023-12-06,43.3956184387207,43.519858927580856,42.756663484240576,42.95190047262049,669900
2023-12-07,43.91033172607422,44.167688971819565,43.262503869242536,43.51986111498788,907400
2023-12-08,43.5731086730957,44.14994345934784,43.36899878796184,43.910335319764634,647500
2023-12-11,43.35124969482422,43.51098845467195,42.7744182934184,43.51098845467195,959500
2023-12-12,42.641300201416016,43.16488759007048,42.00234856725955,42.934155713766714,1171600
2023-12-13,44.23868179321289,44.28305629999551,42.29519823573902,42.50818435827705,1454900
2023-12-14,44.57591247558594,44.85989174133736,44.3185552080925,44.54929047732795,1297000
2023-12-15,43.981327056884766,44.70902426764485,43.69734782270032,44.55815839525339,2887500
2023-12-18,43.75059509277344,44.114443725427,43.53761234382,43.93695584443263,569200
2023-12-19,44.1854362487793,44.345174988744354,43.7594674039723,43.7594674039723,502800
2023-12-20,43.289127349853516,44.33630210922026,43.280254479312994,44.12331936325059,642000
2023-12-21,43.43998718261719,44.02569473042621,43.39561606549363,43.43111092801293,1473100
2023-12-22,43.865962982177734,43.963581486565914,43.60860572248158,43.67072597340137,585500
2023-12-27,44.105567932128906,44.34517604779883,43.57310432442924,43.57310432442924,824700
2023-12-28,44.42504119873047,44.4339140679643,43.96357413668929,43.96357413668929,437200
2023-12-29,44.63802719116211,44.7267728165132,44.229807470445465,44.46941558094422,701400
2024-01-02,44.975257873535156,45.46334700865932,44.354051980968144,44.37180110764717,1190800
2024-01-03,45.01075744628906,45.197118203932014,44.68240367105164,44.69127992730123,654100
2024-01-04,45.161617279052734,45.44559652684979,44.75339753350693,45.03737678130398,549800
2024-01-05,45.13499450683594,45.41009749418065,44.744520508850506,44.90425925615371,1714200
2024-01-08,45.73845672607422,45.91594462049395,45.17049817217109,45.17049817217109,806300
2024-01-09,45.55208969116211,45.87156379478963,45.38347469128418,45.68520305468202,796800
2024-01-10,45.69408416748047,45.889317798456695,45.42785064154032,45.55209453345234,999200
2024-01-11,45.33910369873047,45.6319558075447,45.10837183679501,45.6319558075447,882800
2024-01-12,45.356849670410156,45.97805548130163,45.17936181225554,45.17936181225554,614800
2024-01-15,45.6053352355957,45.73845198894862,45.20598836083661,45.32135598805583,246700
2024-01-16,45.25923538208008,45.6142111313535,45.01962725911546,45.48109437905106,865100
2024-01-17,44.194313049316406,44.939759440354024,43.99907942722781,44.930886569699894,1208600
2024-01-18,43.71510314941406,44.433927647812496,43.51099324166395,44.17657035248834,1130900
2024-01-19,43.82159423828125,43.91921274797185,43.29800681973166,43.81271798178213,1605800
2024-01-22,43.35124969482422,44.14107062309352,43.23588544572298,43.82159310339805,1353600
2024-01-23,42.730045318603516,43.661852453853186,42.68567080977756,43.32462582151435,1465800
2024-01-24,42.827659606933594,42.99627461248784,42.56142948563174,42.827659606933594,2351500
2024-01-25,43.43111038208008,43.599725364449036,42.88977734349845,42.95189758375043,942100
2024-01-26,43.342376708984375,43.652977971587404,43.093895698901946,43.27138020021804,1424100
2024-01-29,43.48436737060547,43.661855261423035,43.12939158897034,43.39562511784666,1787200
2024-01-30,43.30687713623047,43.502114144094506,43.06726900438818,43.48436501744325,742800
2024-01-31,42.79167938232422,43.629319380019375,42.70161196926409,43.449184553899116,2067600
2024-02-01,43.38613510131836,43.4762059540906,42.647571287844535,42.77367048172568,925800
2024-02-02,43.611305236816406,43.71038145275387,42.74664570184655,43.08890805621646,1028400
2024-02-05,42.95380783081055,43.35911810239009,42.56651173084031,43.3501127345114,1296400
2024-02-06,43.49422073364258,43.53024907525594,42.84572432800916,42.8997668404292,764200
2024-02-07,42.78268051147461,43.827478466531275,42.5665138771154,43.629326004689666,945600
2024-02-08,42.03510665893555,42.62956402813502,41.97205877478142,42.611549856112134,1510500
2024-02-09,42.10715866088867,42.224249048080395,41.80092464228451,42.10715866088867,960000
2024-02-12,42.45842742919922,42.80969516354833,42.10715969485011,42.10715969485011,1739500
2024-02-13,41.73788070678711,42.65658284935996,41.638804480256915,42.33233463011637,1225600
2024-02-14,42.17020797729492,42.44041366508504,41.86397394823899,41.86397394823899,937200
2024-02-15,43.59329605102539,43.611306785606764,42.296303266658285,42.296303266658285,1256200
2024-02-16,43.57528305053711,43.8454887425844,43.16096399115603,43.386135973837405,980100
2024-02-20,43.3140754699707,43.872500931433564,43.22400806632712,43.3140754699707,1170400
2024-02-21,43.404151916503906,43.66535225168087,43.2420278074873,43.28706495454341,928900
2024-02-22,43.3951416015625,43.62031356776577,43.13394129616234,43.40414696843596,815800
2024-02-23,43.73740768432617,43.98059384087887,43.332097423405,43.332097423405,912000
2024-02-26,42.24226760864258,43.11593261229037,41.91801938631887,42.98983684490937,2118300
2024-02-27,42.30531311035156,42.611547143542474,42.10716066656574,42.33233264873989,759100
2024-02-28,42.32332992553711,42.49445940577478,42.10716329736932,42.20623952545239,666500
2024-02-29,42.87274169921875,42.989832085617756,42.395378222452045,42.395378222452045,2917000
2024-03-01,43.14295196533203,43.28706189250253,42.80068959985772,43.05288111344317,874300
2024-03-04,43.29606246948242,43.39513867767252,42.719622824577804,43.124933023604896,479800
2024-03-05,43.42216110229492,43.881513837048374,43.287059984195075,43.386132763127684,872000
2024-03-06,43.521240234375,43.93555585501585,43.26003991168116,43.7013785064346,623400
2024-03-07,43.97158432006836,44.02562683259352,43.53925452742241,43.79144604750294,872600
2024-03-08,43.95356369018555,44.2597976777897,43.719386375359434,44.0436345311581,1075900
2024-03-11,44.01662063598633,44.070663151711976,43.79144864090742,43.86350532854162,423800
2024-03-12,43.96257781982422,44.097678943878414,43.62932082161684,44.06165060312329,639700
2024-03-13,43.41315841674805,43.93555562353159,43.323087563266924,43.917541452835366,701400
2024-03-14,42.73764419555664,43.53925592658881,42.50346340294048,43.53925592658881,763000
2024-03-15,42.96281814575195,43.09791928379602,42.45843163050547,42.59353620440158,3267600
2024-03-18,42.863739013671875,43.124939339728485,42.6745953717075,42.9988435784189,842200
2024-03-19,42.656578063964844,43.16096107211377,42.58452138517126,42.92678373773771,565800
2024-03-20,43.070899963378906,43.07990876747242,42.63857013489574,42.66558967547217,763000
2024-03-21,42.99884033203125,43.36812222049382,42.97181735961098,43.12493608382068,423800
2024-03-22,42.944801330566406,43.26904953928028,42.88175344952224,43.26904953928028,527300
2024-03-25,42.62955856323242,42.98983164994903,42.52147354495104,42.86373589780564,717500
2024-03-26,42.45842742919922,42.71962774709789,42.368360012748774,42.539489478345295,509400
2024-03-27,42.863739013671875,42.9988435784189,42.512471268351796,42.53048543937485,501300
2024-03-28,42.935791015625,42.98983352712549,42.57551791317686,42.854732402151825,779500
2024-04-01,42.62055206298828,42.935791460377295,42.28729849491251,42.87274358089949,1152800
2024-04-02,42.278289794921875,42.79168163526767,42.062126617856144,42.5394901167404,946300
2024-04-03,42.449424743652344,42.57552050898979,42.08914818338657,42.28730063511794,654300
2024-04-04,42.449424743652344,42.818706671791396,42.22425275244922,42.69261090645395,519400
2024-04-05,42.67459487915039,42.764662297374294,42.16120303640026,42.44041409440542,1191100
2024-04-08,42.845726013183594,42.881754356213996,42.404390836542866,42.57552031215941,849200
2024-04-09,42.98082733154297,43.007846868846684,42.674593310644866,42.87274231062483,615400
2024-04-10,42.78268051147461,42.82771422484259,42.35035067860827,42.68360428055381,1241900
2024-04-11,42.692604064941406,43.22401001645678,42.2242459859913,42.96280972391418,1703700
2024-04-12,42.3953742980957,43.1789717188591,42.14318281459743,42.62054624717667,3747500
2024-04-15,42.0621223449707,42.584519499688234,41.80992741621093,42.584519499688234,1681600
2024-04-16,41.827945709228516,42.17020808038697,41.32356267368104,41.94503610070278,2802700
2024-04-17,41.755889892578125,42.24226216336745,41.03534028910405,41.809928965431475,5122000
2024-04-18,41.79191970825195,41.900001293628776,41.43164317586033,41.70184885722822,1200500
2024-04-19,42.07113265991211,42.251270934256596,41.6838365726196,41.746884453262396,1379100
2024-04-22,42.0621223449707,42.22424642922648,41.95404076741732,42.0621223449707,2117500
2024-04-23,42.09815216064453,42.41339153784659,41.87298019525691,42.06212382157815,2551500
2024-04-24,41.98106384277344,42.278289065070744,41.88198762339044,41.94503550193386,1862200
2024-04-25,41.58476257324219,41.76490085721766,41.17945572911236,41.647813893107795,1154700
2024-04-26,41.818939208984375,42.00808284219097,41.56674769804224,41.56674769804224,1736700
2024-04-29,42.17921829223633,42.30531405533419,41.83695590964793,41.85497008092647,1723500
2024-04-30,42.470088958740234,42.77194217904584,41.875524615730384,41.9944381822024,1264300
2024-05-01,42.51582336425781,42.863414983219336,42.14079149541913,42.3145855602248,2167400
2024-05-02,42.72621154785156,42.79939020819956,42.387768967118504,42.790241130980775,2209800
2024-05-03,42.93659591674805,43.36651183247255,42.86342074412404,43.11039349426254,1263800
2024-05-06,43.595184326171875,43.6683629787616,43.00976906285487,43.07379863919578,1422200
2024-05-07,43.65922164916992,43.75984056965898,43.448838219670456,43.74154590326544,1122400
2024-05-08,44.09828186035156,44.31781436118074,43.549455842304724,43.549455842304724,1705200
2024-05-09,44.16230392456055,44.44586596288809,44.06168502420722,44.208042326066696,859800
2024-05-10,44.455020904541016,44.64711315897976,44.089138040947574,44.29952147261775,1275400
2024-05-13,43.88789367675781,44.756871018869354,43.59518603363503,43.90618834062178,1289800
2024-05-14,44.73857879638672,44.930667543415126,44.025104313509466,44.061690153883546,1127500
2024-05-15,45.13190460205078,45.397172004029116,44.967256110433226,45.05872594384277,1304400
2024-05-16,45.891117095947266,45.99173601311904,45.01299407411294,45.01299407411294,916800
2024-05-17,46.12894821166992,46.302742317533685,45.73562158687472,45.863680769021805,1885400
2024-05-21,45.717323303222656,46.36676824094016,45.57096946529546,46.019180056707285,759200
2024-05-22,45.41546630859375,45.73561421233995,45.20507941258859,45.52523080568524,813900
2024-05-23,44.86664581298828,45.53438549524324,44.555643434602985,45.32400204653424,1744400
2024-05-24,44.70199203491211,44.9032298706086,44.4916086109343,44.87578961641389,686900
2024-05-27,44.40013885498047,44.69284653144864,44.40013885498047,44.63796253360432,295700
2024-05-28,43.63178253173828,44.36355175980299,43.49457427488512,44.189757658559785,1321500
2024-05-29,42.37862777709961,43.293340190270584,42.314594697974776,43.25675085629952,1451500
2024-05-30,42.808536529541016,43.01891994762032,42.30544544375567,42.30544544375567,702700
2024-05-31,43.41224670410156,43.457981623110435,42.91830120436422,42.991479866258935,1774000
2024-06-03,43.73239517211914,43.84215966822201,43.25674436987281,43.32077395004536,1755000
2024-06-04,43.61348342895508,43.88789642540002,43.31162669032024,43.63177809396481,1087000
2024-06-05,43.4396858215332,44.07998159818003,43.229298935663216,43.69580413219193,1091600
2024-06-06,43.467132568359375,43.77813491607475,43.33907339389142,43.33907339389142,454600
2024-06-07,43.52201461791992,43.567749536845746,42.80853662314457,43.14697921041646,860700
2024-06-10,43.4213981628418,43.61348692682402,42.99148222400943,43.3665141634108,534800
2024-06-11,43.092098236083984,43.28418698709952,42.81768523615457,43.20186273818563,805100
2024-06-12,42.534122467041016,43.448834778160176,42.46094380726322,43.28418628301068,1113500
2024-06-13,42.51582336425781,42.662177179186315,42.095056582507134,42.52497244045033,1496200
2024-06-14,41.90296936035156,42.278001242666136,41.73832087647197,42.268852166144875,742200
2024-06-17,41.76576232910156,41.81149724497291,41.271816863249995,41.80235165753881,1355400
2024-06-18,41.500492095947266,41.774905061773275,41.29010870583565,41.564521671661666,775900
2024-06-19,41.052284240722656,41.57366991211635,40.97910559031998,41.43646168728639,727900
2024-06-20,40.8144645690918,41.05229173697825,40.61323022243874,40.94252374133031,965600
2024-06-21,40.869346618652344,41.11631936306076,40.631519462103235,40.814462623444726,2538900
2024-06-24,42.0584716796875,42.31459001041056,40.97911087256809,40.97911087256809,1038900
2024-06-25,41.83894729614258,42.241419501602046,41.57367985899043,42.0310360653834,817400
2024-06-26,41.61027145385742,41.80236023353546,41.38159333823562,41.61941704316779,482200
2024-06-27,41.54623031616211,41.75661721237266,41.38158531503936,41.55537939304976,821000
2024-06-28,41.756622314453125,42.040180924309105,41.56453005919641,41.91212174703855,1143000
2024-07-02,40.75043487548828,41.75662056350263,40.36625735978605,41.50964780797231,2799700
2024-07-03,41.41816711425781,41.564520926029566,40.88763585509149,40.89678144173655,674100
2024-07-04,41.308406829833984,41.683438728733336,41.20778791975238,41.39987666298974,1002300
2024-07-05,41.31755065917969,41.69258603147023,41.29925948480727,41.43646422870229,2625100
2024-07-08,41.55538558959961,41.61941517995916,41.28097256100853,41.3175584059633,654600
2024-07-09,41.5279426574707,41.72917700448269,41.37243974136747,41.491353325522795,904400
2024-07-10,41.674293518066406,42.278003494665654,41.564525530066184,41.72917402271602,1161300
2024-07-11,42.241416931152344,42.351181436989066,41.88467967016995,41.9487092560206,888400
2024-07-12,42.48838424682617,42.84512146213815,42.31458668803808,42.31458668803808,2163500
2024-07-15,42.31459045410156,42.62559278296225,42.16823662224656,42.55241761171005,950200
2024-07-16,42.57986068725586,42.799393194265825,42.22312341654664,42.36033166959672,1496200
2024-07-17,42.744510650634766,42.9823378321062,42.369478700792236,42.40606803476491,1243500
2024-07-18,43.0006217956543,43.19271402210861,42.62558990872976,42.76279814343279,1406500
2024-07-19,42.97318649291992,43.073805411375275,42.68047881524113,42.771948656009215,535200
2024-07-22,43.540306091308594,43.77813325430784,43.02806941288068,43.08294992022615,1345200
2024-07-23,43.842159271240234,43.9519237663492,43.37565406066391,43.59518654023225,1476200
2024-07-24,44.27207946777344,44.55563806521563,43.91533871754336,43.924487795148366,1414400
2024-07-25,44.74772262573242,44.9032255262761,44.29036649019869,44.30866115434209,2054200
2024-07-26,44.830047607421875,45.09531500784075,44.775167103438974,44.84834227186633,509600
2024-07-29,44.8026123046875,44.96726081352551,44.56478861933861,44.930671480594654,389400
2024-07-30,45.561824798583984,45.845383402543604,44.8209065163314,44.8209065163314,1715600
2024-07-31,45.589263916015625,46.24785792825468,45.47035033283897,45.598409504251954,2215200
2024-08-01,45.39250946044922,45.73589895274798,45.26257849257149,45.568843839661376,3193200
2024-08-02,46.13497543334961,46.19066165209293,45.104803398895314,45.38323095225851,3984800
2024-08-06,46.153533935546875,46.41339585553773,45.11408271523031,45.42963084965626,2828400
2024-08-07,45.75445556640625,46.59901029720134,45.64308668442034,46.404113868637765,1205200
2024-08-08,46.070011138916016,46.487648939400444,45.680218218699544,45.680218218699544,2047200
2024-08-09,45.6152458190918,45.875107726521186,45.03983225213676,45.58740094304367,1479700
2024-08-12,45.29969787597656,45.70805280928882,45.17904618690702,45.568839049566044,1163900
2024-08-13,45.62452697753906,45.782302813849284,45.281137508421196,45.308978845271724,1047800
2024-08-14,46.05144500732422,46.30202766553275,45.52243835344616,45.62452797794073,833900
2024-08-15,46.209224700927734,46.40412116011539,45.90295580190131,46.237066040710694,521700
2024-08-16,46.459800720214844,46.53404546244454,46.070004317361764,46.17209393573645,1209600
2024-08-19,46.543331146240234,46.68254137416221,46.36699323437792,46.45052078727239,1447900
2024-08-20,46.9052848815918,47.01665377719093,46.3020299114192,46.51548843646478,744200
2024-08-21,46.73822784423828,47.0352139138474,46.58045200330975,46.86815880714812,525900
2024-08-22,46.76607131958008,47.025933257278034,46.47836804294401,46.812474731261375,860800
2024-08-23,46.75679016113281,47.081617570109465,46.645417729180906,46.79391076476355,346100
2024-08-26,46.88671875,46.9795255649062,46.691822314485144,46.73822572193824,559700
2024-08-27,46.79391098022461,46.98881096686124,46.50620771390721,46.7382283043455,415100
2024-08-28,46.942413330078125,47.07234431024667,46.60830307229977,46.831040883916216,561500
2024-08-29,46.84031295776367,47.007368048371994,46.45979937145647,46.868154292747434,658000
2024-08-30,47.100181579589844,47.24867462128082,46.701105866229085,46.87744024687669,933400
2024-09-03,47.545658111572266,47.6755890734214,46.99808938638436,47.0908997451003,2557300
2024-09-04,47.74983596801758,47.83336351824968,47.313636145655124,47.350760288058964,677500
2024-09-05,47.67559051513672,48.29740754610119,47.32292176241095,48.00042146993566,621900
2024-09-06,47.452850341796875,47.87976736227112,47.22082976018873,47.712712260285,691400
2024-09-09,47.768402099609375,47.90761233492726,47.47141601584051,47.610626251158386,1790300
2024-09-10,47.55493927001953,47.95401140743557,47.23939114202426,47.759114971414306,1323800
2024-09-11,47.684871673583984,47.777678491546034,47.34147865834742,47.434289016662646,1629500
2024-09-12,49.09555435180664,49.197640429383185,47.65702397604069,47.65702397604069,1397800
2024-09-13,49.5317497253418,49.70808762234925,48.84497082860057,49.160518941802806,659600
2024-09-16,49.52247619628906,49.8194622736595,49.346138278857474,49.615283017834834,1073400
2024-09-17,49.29045486450195,49.763775311868024,49.12339975593669,49.494634117271325,707100
2024-09-18,48.844974517822266,49.271891544295606,48.594391861321874,49.14196058322573,518500
2024-09-19,48.186038970947266,49.24405593490901,47.94473909237228,48.90066288030711,814400
2024-09-20,48.70575714111328,48.71503994641783,47.98185410288586,48.19531260030285,1641500
2024-09-23,48.835693359375,48.98418639708637,48.53870728395226,48.70576239392172,539700
2024-09-24,48.761451721191406,48.909944768375155,48.445903553381754,48.640800013994145,626700
2024-09-25,49.42966842651367,49.503916719926565,48.909944534037415,48.974910020596944,1375700
2024-09-26,49.68953323364258,49.84730554445733,49.27189543978965,49.58744360177259,946600
2024-09-27,49.78233337402344,49.94938846913248,49.56887487257365,49.66168168525513,1270300
2024-09-30,49.45751190185547,49.95867724709615,49.197646422645455,49.791622132015924,671500
2024-10-01,49.44822692871094,49.68953032452238,49.188365001240065,49.438947662881226,1576500
2024-10-02,49.45751190185547,49.60600494410974,49.151243010757256,49.22549130206109,475000
2024-10-03,49.46221160888672,50.13964841588333,49.3493066707817,50.10201224012057,1549100
2024-10-04,49.05763244628906,49.32107850231036,48.79418639026777,49.31167125281674,798000
2024-10-07,46.62074661254883,48.86945615169263,46.413754816812414,48.86945615169263,3556800
2024-10-08,46.58311080932617,46.86537855073088,46.15971637558596,46.69601934156143,1538200
2024-10-09,47.19468688964844,47.392271440464796,46.54547897017317,46.54547897017317,1440300
2024-10-10,47.85330581665039,48.267293008748965,47.185279805815135,47.185279805815135,2097300
2024-10-11,47.63690185546875,48.16379397822701,47.41108838201278,47.70276337081353,1255500
2024-10-15,49.584529876708984,49.75388908696694,47.84389434665406,47.84389434665406,1870000
2024-10-16,49.87620544433594,50.07379359892093,49.61275935713428,49.725664310337315,840600
2024-10-17,50.32782745361328,50.37487088035912,49.91383668420979,49.989109038349845,1778000
2024-10-18,50.43132400512695,50.76063518670202,50.177288770529834,50.252557539140646,1250500
2024-10-21,50.3936882019043,50.544229318709775,50.083195129577376,50.421913539685534,1933600
2024-10-22,50.72299575805664,50.79826811102843,49.923246748239706,50.11142045230251,1048100
2024-10-23,50.69477081298828,50.986442210055046,50.403095826738145,50.72299615097968,640200
2024-10-24,50.45014190673828,50.91117612355342,50.007929368485236,50.55363960372843,1604100
2024-10-25,49.98910903930664,50.506593911887514,49.895018596629775,50.28078043864643,917200
2024-10-28,50.073787689208984,50.48777486155046,49.923246572977234,50.27137223129128,2237200
2024-10-29,48.737735748291016,49.876203248354415,48.49310776225779,49.86679599816158,1395600
2024-10-30,48.93531799316406,48.9917722592048,48.38960777817057,48.76596237340868,1685200
2024-10-31,49.490440368652344,49.95147458067103,48.5307429446165,48.70950940807739,2699900
2024-11-01,48.58888244628906,49.45705199954065,48.274049929499405,49.333026737834516,1520600
2024-11-04,48.178646087646484,48.45531641386996,47.749330691669634,48.235889353558576,2003000
2024-11-05,48.32175064086914,48.455314617032286,47.9401361609641,48.006918149045674,2578500
2024-11-06,47.472660064697266,47.921056546470794,47.18645101564107,47.70162948754953,1316700
2024-11-07,47.43450164794922,47.739791786300266,47.195993499903366,47.57760435316942,1536000
2024-11-08,47.882896423339844,48.388536192351864,47.32001702566863,47.329559390008946,1436800
2024-11-11,48.07370376586914,49.32348782451732,47.921058690254114,47.997383047734466,1324600
2024-11-12,48.121402740478516,48.27404780997414,47.692090984572125,47.89243695590785,1611700
2024-11-13,47.396339416503906,48.4553161749092,47.348638514818504,48.29312874196422,1003900
2024-11-14,48.13094711303711,48.36945527153645,47.300939740476174,47.300939740476174,1376800
2024-11-15,48.426692962646484,48.51255604184435,47.978300117364796,48.18818481369082,1004100
2024-11-18,48.999114990234375,49.18992223838362,48.26450945043438,48.44577433453611,2164100
2024-11-19,49.53337097167969,49.561994424507795,48.50301765350666,48.7606068928863,1210200
2024-11-20,49.418888092041016,49.61923406516528,49.22808084363171,49.45705026959199,1523300
2024-11-21,49.523834228515625,49.743261299134545,49.065898997744085,49.39980896621947,1684700
2024-11-22,49.53337097167969,49.87682329085255,49.17084120308216,49.628776415530794,1777500
2024-11-25,50.10578918457031,50.48740001503662,49.47612785692287,49.54290984323811,2791100
2024-11-26,50.44924545288086,50.5446472581749,49.80050298671378,50.115331855660564,1876000
2024-11-27,51.08844757080078,51.27925482826347,50.42062398935425,50.42062398935425,1132000
2024-11-28,50.89763641357422,51.250631086604834,50.78315352360655,51.11706710841831,195800
2024-11-29,50.964420318603516,51.08844557701589,50.68775362739287,50.68775362739287,1410700
2024-12-02,51.32695388793945,51.43189805773919,50.82131776728138,51.174308815325,1459000
2024-12-03,51.77534866333008,52.614898354530624,51.126606216404035,51.3460332735488,2223900
2024-12-04,52.59581756591797,52.748462634338416,51.68948587995788,51.94707511529467,1146700
2024-12-05,53.12053680419922,53.27318187849048,52.51949523196364,52.57673849957748,1538900
2024-12-06,53.311344146728516,53.49260903545931,52.891567462210986,53.4162883178579,1476600
2024-12-09,52.9774284362793,53.61663216256901,52.700761751718126,53.31134202561872,1472100
2024-12-10,52.53857421875,52.967889610309925,52.30006607225509,52.94880852186888,1289000
2024-12-11,51.88029098510742,52.595815396188115,51.57500086086062,52.366845983330336,1003800
2024-12-12,52.06155776977539,52.37639026909122,51.355575696299184,52.14742084783012,1334600
2024-12-13,52.14741897583008,52.17603878770576,51.6799414255703,52.09017571273336,1165400
2024-12-16,52.10926055908203,52.233285818398194,51.842132590720084,52.03293984212674,673500
2024-12-17,51.6799430847168,52.10925847336162,51.4128151270469,51.79442961458573,1150400
2024-12-18,51.16476821899414,51.84213047648511,51.08844386580591,51.6417845083842,801500
2024-12-19,50.9930419921875,51.30787085028399,50.47786352692547,51.04074289319055,933100
2024-12-20,51.18385314941406,51.527301846505736,50.28706012886177,51.15522969514712,2319100
2024-12-23,51.622703552246094,51.66086572893791,50.86901693963738,51.097986360442796,931600
2024-12-24,51.317413330078125,51.75626744325079,51.14568717460265,51.60362237608876,308200
2024-12-27,51.47005844116211,51.66086568511385,51.078905228766516,51.22200793222121,922800
2024-12-30,51.594085693359375,51.67994513514939,50.84993777706868,51.18385137674975,560400
2024-12-31,51.26016616821289,51.97569054851627,51.212465270728366,51.584537366190894,584800
2025-01-02,51.06936264038086,51.56546001673589,50.878559036613545,51.38419513741876,1510400
2025-01-03,51.17430877685547,51.584543091575725,51.07890697129775,51.07890697129775,1098700
2025-01-06,50.878562927246094,51.298335982717454,50.449247507249396,51.222011623897714,1262400
2025-01-07,50.973960876464844,51.27925100993449,50.85947798625009,50.93579869994477,1164400
2025-01-08,50.73545455932617,50.88809963155808,50.20119498684171,50.83085636471651,1403800
2025-01-09,50.52556228637695,50.89763439351391,50.46832266333761,50.62096772368471,1323800
2025-01-10,50.067630767822266,50.27751910590751,49.58107573966943,50.27751910590751,3128800
2025-01-13,49.46658706665039,49.914983537036925,48.8750878950426,49.886363724661756,1083200
2025-01-14,49.17084503173828,49.5238361031089,49.12314412577131,49.294866659383246,2113100
2025-01-15,49.447509765625,49.87682150991621,49.313942149002706,49.5333692030069,1756100
2025-01-16,50.98350143432617,51.03120597636448,49.12314075389103,49.37118763150052,1600000
2025-01-17,51.6799430847168,51.85166924017473,51.04074300333654,51.04074300333654,829600
2025-01-20,51.298336029052734,51.899377617591,51.23155403469801,51.60362618591597,585400
2025-01-21,51.55592346191406,52.166503754093625,51.18385132382624,51.50822255896483,1469900
2025-01-22,51.317413330078125,51.80396834436165,51.17430698740007,51.51775929835102,1379800
2025-01-23,51.737186431884766,51.99477566548108,51.18384942735397,51.470058473790274,1672400
2025-01-24,52.10926055908203,52.18558491538293,51.61316316116298,51.61316316116298,1398600
2025-01-27,52.862945556640625,53.13961588060948,51.594084107033055,51.99477604711581,2041200
2025-01-28,52.47179412841797,53.04421224498973,51.994777818159626,52.72938337267895,2095700
2025-01-29,52.023399353027344,52.65306075782263,51.76581010024576,52.17604443178542,1092200
2025-01-30,52.633975982666016,52.89156521741138,52.14742096548843,52.14742096548843,1781000
2025-01-31,53.383201599121094,53.5088747145346,52.619478723264386,52.619478723264386,1308800
2025-02-03,54.26293182373047,54.45627990065118,52.55180742786509,52.55180742786509,4246600
2025-02-04,53.431541442871094,53.96324592604737,53.276863707986934,53.94391074821084,1447200
2025-02-05,53.71189498901367,54.05991712016251,53.47987654710642,53.70222555637152,790300
2025-02-06,53.905235290527344,54.08891761868522,53.344529937569824,54.08891761868522,1760600
2025-02-07,53.79890060424805,54.127591240599585,53.51854606692892,53.87623762513831,1746200
2025-02-10,53.87623596191406,54.39827466608724,53.62488604202023,53.71189249271576,4104900
2025-02-11,53.61521530151367,54.06958272048154,53.41220148411398,53.63455047761951,1658700
2025-02-12,53.86656951904297,54.13725461200449,53.199518843090914,53.26719011633129,951300
2025-02-13,54.069583892822266,54.47561153642517,54.021247795413515,54.04058297193858,1345900
2025-02-14,54.64962387084961,54.813971025705165,54.16625552615699,54.19526013454785,1183200
2025-02-18,54.22426223754883,54.63028988579675,53.74089388231584,54.60128896458129,1587800
2025-02-19,54.22426223754883,54.340269610218535,53.71189296110038,53.924572529693535,1296400
2025-02-20,54.726966857910156,54.84297423288696,53.71189402929521,54.011580055302616,1429000
2025-02-21,55.77103805541992,55.97405556209623,54.41760890848867,54.41760890848867,744500
2025-02-24,55.1039924621582,56.00305789735489,54.852642540229446,55.993388465083854,1985200
2025-02-25,55.37467956542969,55.49069063003455,54.73663346133502,54.775303816203305,1230000
2025-02-26,56.16740036010742,56.77644550897924,55.345675646591204,55.4230163521403,992200
2025-02-27,55.52935791015625,56.44775856547341,55.51002273250864,55.97405962043516,1442900
2025-02-28,55.93538284301758,56.051390207776,55.432679345320906,55.76136995197613,2424200
2025-03-03,56.82478332519531,57.03746658408195,55.809710504904594,55.809710504904594,977300
2025-03-04,57.27914810180664,57.58850354336562,56.583096514395066,56.631436298482456,1472800
2025-03-05,56.902122497558594,57.33715474817451,56.26407642592452,56.863452144657664,1288100
2025-03-06,56.27374267578125,56.670104577056954,55.97405665762636,56.63143791161649,1099800
2025-03-07,56.98912811279297,57.588503822745274,56.12873305629504,56.28341077782492,960200
2025-03-10,57.627174377441406,57.85918911664707,56.74744414168704,56.969793136679044,1991100
2025-03-11,57.22114562988281,57.888196332716674,56.79578279697167,57.61750754103872,1350300
2025-03-12,56.82478332519531,57.18247856746974,56.583099144754286,57.05680176105418,775500
2025-03-13,57.54016876220703,57.61750578046049,56.80544680585606,56.80544680585606,725800
2025-03-14,57.18247604370117,57.67551012740515,56.989127970320254,57.385489861237645,506100
2025-03-17,56.88278579711914,57.45316057979916,56.76677842933221,57.19214123642277,659900
2025-03-18,57.25014877319336,57.279149694205834,56.55409716643108,56.979459988448106,682600
2025-03-19,56.62176513671875,57.124468635846185,56.38008097489639,56.92145482498923,703300
2025-03-20,56.73777770996094,56.89245544021334,56.31241487371883,56.66044068873873,1204600
2025-03-21,57.21147537231445,57.27914664294395,56.41875161253377,57.056797655474504,1878400
2025-03-24,56.979461669921875,57.598176276306646,56.85378854995394,57.163144009242345,656600
2025-03-25,56.979461669921875,57.36615783793636,56.72811174217804,57.07613755582948,747000
2025-03-26,56.82478332519531,57.25981558755074,56.71844169575199,56.82478332519531,455500
2025-03-27,57.25981521606445,57.44349386439712,56.911789408438004,56.911789408438004,826100
2025-03-28,58.31355667114258,58.574576019197835,57.02779879495312,57.44349217762505,1221900
2025-03-31,58.593910217285156,59.28996180047899,58.284554777600725,58.29422052167498,1267200
2025-04-01,58.961273193359375,59.23195829035223,58.16854570337998,58.53590668344733,2086500
2025-04-02,58.88393020629883,59.193285644540005,58.54557384816245,58.81625893467155,1109200
2025-04-03,60.189022064208984,60.556383022927484,58.89359480875624,58.89359480875624,1490900
2025-04-04,58.825923919677734,61.030085998465765,58.62291010741537,60.836737930107844,3874600
2025-04-07,57.056800842285156,57.93653109741213,56.14806966607079,57.20180913552999,3842800
2025-04-08,56.612098693847656,57.57883532920006,56.119060944645675,57.25981046938612,1879600
2025-04-09,55.751705169677734,56.7184418948351,54.7076314241679,56.0417291374713,2364400
2025-04-10,56.67010498046875,56.90212341380251,55.2393350903663,55.63569699446355,1208700
2025-04-11,56.98912811279297,57.70451119194074,56.61210139705188,56.78611429474896,1440900
2025-04-14,57.375823974609375,57.791521067332155,56.91179078250654,57.03746759114105,1040700
2025-04-15,57.627174377441406,58.02353627074156,56.9987940571278,57.395155950427956,1029100
2025-04-16,58.33289337158203,58.593912726457376,57.61750658179688,57.75285281928653,1205100
2025-04-17,58.99993896484375,59.77333126649019,58.23621978306999,58.23621978306999,785300
2025-04-21,58.92259979248047,59.58964675605747,58.66158045339182,58.912930360769224,1400700
2025-04-22,59.11594772338867,59.77332894153382,58.76792193874623,59.2899606157099,1169000
2025-04-23,59.25128936767578,59.43496800109775,58.41989526979433,58.84525806246985,673600
2025-04-24,59.106285095214844,59.53165163109923,58.73892409271689,59.077284172425664,649600
2025-04-25,59.3672981262207,59.45430457310829,58.709916902582854,58.94193532355232,759400
2025-04-28,59.04827880859375,59.46397219260382,58.719588186407705,59.328629646022705,1597800
2025-04-29,59.0192756652832,59.58965047418255,58.93226921349151,59.038610842104454,1156800
2025-04-30,59.98600769042969,60.160020580410595,59.03860622709341,59.23195429238416,2946300
2025-05-01,60.02024841308594,60.548458790707365,59.42356673444758,59.96155712732598,514800
2025-05-02,59.42356872558594,60.16697304642476,58.856230805114436,60.03981418679315,2795600
2025-05-05,59.32575225830078,59.668108766859675,58.85622943026846,59.5996374651479,2010000
2025-05-06,59.83439254760742,59.99090263775432,59.267058396448626,59.267058396448626,2306000
2025-05-07,60.01046371459961,60.68540043021275,59.79526979970506,59.79526979970506,2266000
2025-05-08,60.43107604980469,61.477713055450906,60.04959202194938,60.656053714144846,1589700
2025-05-09,60.1865348815918,60.89081538613193,60.020248502134294,60.83212410028491,1084600
2025-05-12,58.9051399230957,60.069155768224675,58.40627332417897,59.75614304127561,2398000
2025-05-13,58.51387405395508,59.08121197215192,58.04435494824364,58.91492185662982,1425300
2025-05-14,58.33780288696289,58.67037938069525,57.731341185947194,58.494309252754235,679700
2025-05-15,58.73884963989258,59.18880496713015,58.504091961075595,58.54321575327441,1494200
2025-05-16,58.973609924316406,59.306186405796645,58.60190591997827,58.748632264992416,1438000
2025-05-20,59.68767166137695,59.90286931014655,58.885576083207056,59.06164620830835,1144400
2025-05-21,60.59736633300781,60.636493856849846,59.58985311680863,59.707235688334734,985300
2025-05-22,59.89308547973633,60.97885000587333,59.805050417308834,60.58758223254983,773600
2025-05-23,60.26478576660156,60.4995434309617,59.42356271793184,60.137623188419774,1078800
2025-05-26,60.489768981933594,60.76365419268876,60.27457132696531,60.32347886725642,354600
2025-05-27,61.282081604003906,61.55596680151352,60.528893579446525,60.57780111737239,1670200
2025-05-28,61.076663970947266,61.56574681298966,60.783215012003026,61.32120539196846,932800
2025-05-29,61.2136116027832,61.69291070858951,60.65605371810515,61.06688525448802,1413400
2025-05-30,61.53640365600586,61.92767142614106,61.2233909324601,61.23317094758078,2695900
2025-06-02,61.06688690185547,61.81029121580387,60.85168924692555,61.419027162138555,2135700
2025-06-03,60.88103485107422,61.27229889249575,60.42129577771276,61.14513630661589,698000
2025-06-04,60.489768981933594,61.11579445303464,60.16697249948116,60.76365419268876,847300
2025-06-05,59.83439254760742,60.450637967640084,59.580071113930565,60.303915355236256,897000
2025-06-06,59.188804626464844,59.844177583152764,59.03229826435229,59.68767122104022,1270300
2025-06-09,59.159461975097656,59.46269468994962,58.85622926024569,58.85622926024569,502800
2025-06-10,59.345314025878906,59.64854675048159,59.130120099089254,59.1399001147317,558600
2025-06-11,59.25728225708008,59.511603707390144,59.07142837857833,59.21815473198433,503400
2025-06-12,59.785484313964844,59.81483182122861,59.28662146735138,59.61919794222898,661900
2025-06-13,60.03981018066406,60.29413161436397,59.68766994061348,59.824612538098506,1036400
2025-06-16,60.030029296875,60.411513331319,59.60941773802493,60.010465534671965,876100
2025-06-17,60.0984992980957,60.1180630598753,59.53116513211152,60.010464235790536,822500
2025-06-18,59.60941696166992,60.147411086731374,59.51160188333478,60.13762734005422,1105500
2025-06-19,59.58985137939453,59.95177536727197,59.179023585249475,59.51160006539802,254800
2025-06-20,59.57029342651367,60.09850007577369,59.208369426016866,59.726799791369615,1803400
2025-06-23,60.166969299316406,60.460421988267214,59.45290880110839,59.45290880110839,1009100
2025-06-24,60.157188415527344,60.70496253139761,59.98111829726211,60.284350996809096,627200
2025-06-25,60.00068664550781,60.08872171137088,59.41378869402478,59.95177910478525,674500
2025-06-26,59.785484313964844,60.28435089198418,59.71701301602585,60.02024571504557,386900
2025-06-27,60.24522399902344,60.64627177602804,59.540943519832574,59.85395623693831,1749900
2025-06-30,61.017974853515625,61.066882390184695,60.07893298500252,60.30391437021079,1039300
2025-07-02,60.28435516357422,61.16470208434277,60.176756335929966,60.91038063560683,1635600
2025-07-03,60.39195251464844,60.56801890937245,59.9909047232202,60.27456994295769,598600
2025-07-04,60.73430633544922,60.8908126927124,60.48976491901262,60.48976491901262,225400
2025-07-07,60.89081573486328,61.00819457582354,60.616930528820674,60.80278067129158,911900
2025-07-08,60.80278015136719,60.83212392850481,60.30391728299733,60.7538726123358,886900
2025-07-09,61.017974853515625,61.10600991208229,60.53867203878467,60.83212099020495,465200
2025-07-10,61.16469955444336,61.55596732398317,60.81255930813874,60.81255930813874,877900
2025-07-11,61.595096588134766,61.604876603516985,60.939723615343105,61.16470128319514,405900
2025-07-14,61.203826904296875,61.88854363334884,61.076664319845776,61.73203727225747,1210200
2025-07-15,61.096229553222656,61.2918634421512,60.89081564898042,61.057102029155736,501300
2025-07-16,60.959285736083984,61.311425982859504,60.87125067439011,60.87125067439011,390400
2025-07-17,60.66584014892578,61.00819666822084,60.28435610416665,60.64627638619375,419300
2025-07-18,61.31142807006836,61.458154421688455,60.50933247239904,60.68540260178071,454200
2025-07-21,61.8983268737793,61.927674383354756,61.13535879012847,61.46793529120302,709700
2025-07-22,62.34828567504883,62.84714855875487,62.05483296902699,62.11352425651259,695100
2025-07-23,61.97658157348633,62.64173457187246,61.8787627611318,62.38740939115686,498500
2025-07-24,62.28959274291992,62.50479039327906,61.8787612041803,62.01570753803088,567200
2025-07-25,62.6417350769043,62.67107885514415,62.054833392263895,62.35806611589841,413800
2025-07-28,62.1819953918457,62.53413565299731,61.917890195982004,62.53413565299731,545200
2025-07-29,62.79823303222656,62.83736055456607,62.3189339434883,62.52434783866184,725000
2025-07-30,63.54164505004883,63.65902762449177,62.8275882449214,62.8275882449214,491800
2025-07-31,63.63945770263672,63.92312664960843,63.287317455555424,63.57098640252713,3006400
2025-08-01,63.802677154541016,64.18846018009462,63.38721967270045,63.594948413620735,792500
2025-08-05,64.12911224365234,64.84132939302654,63.921383499570155,63.931269953875244,3554800
2025-08-06,64.20824432373047,64.58413332562942,63.86202222942413,64.26759323273791,1160200
2025-08-07,65.39527130126953,65.45462021346782,63.960950579126575,63.960950579126575,1037700
2025-08-08,66.1866226196289,66.69110344632999,65.74148315576704,65.78105161123773,922000
2025-08-11,65.1479721069336,65.9887810405775,64.96991782888689,65.415049750548,1363100
2025-08-12,64.50499725341797,65.11829699313394,64.34673097837234,65.11829699313394,793500
2025-08-13,64.07965087890625,65.04905924809151,64.06975687752049,64.52479037832357,1001300
2025-08-14,64.95014190673828,65.10840819442875,64.09943891303057,64.13899982476933,1245000
2025-08-15,65.45462036132812,65.47440836337994,64.70284231541324,64.75229722671969,857500
2025-08-18,65.22711181640625,66.01845832740268,64.89078370037628,65.60300084311119,654200
2025-08-19,65.3260269165039,65.47440674056867,64.98969881216304,65.29635246107323,620100
2025-08-20,65.76127624511719,66.05802836374122,65.4941910367526,65.4941910367526,690600
2025-08-21,66.2855453491211,66.60208547159196,65.91954276658122,65.91954276658122,941100
2025-08-22,65.6128921508789,66.60208090920274,65.55353569347979,66.30532126294106,957700
2025-08-25,65.23699951171875,65.62278254688755,64.96992185156795,65.4546222591292,433300
2025-08-26,65.19743347167969,65.4744051113559,64.84132492154994,65.22710792637197,960500
2025-08-27,64.7522964477539,65.22711038143532,64.44565034184365,65.18754192471926,635300
2025-08-28,64.26759338378906,64.7522937512816,64.07964510894229,64.47532211271444,666700
2025-08-29,64.70284271240234,65.04905728131784,64.27749122861715,64.45554551361819,1066200
2025-09-02,64.48522186279297,64.76219352605528,63.98073344932988,64.43575940281964,1351700
2025-09-03,64.38629150390625,64.69294514539551,63.98072804464921,64.44564796024255,610900
2025-09-04,64.31705474853516,64.96992300233026,64.099439544182,64.76219425255324,741100
2025-09-05,64.10932159423828,64.39618724238704,63.871918403219475,64.31705032974365,674200
2025-09-08,63.73343276977539,64.18845869846596,63.6641898577336,64.06975332914658,1263900
2025-09-09,64.04007720947266,64.33683685160418,63.53559638352474,63.61472574743678,735000
2025-09-10,63.74332809448242,64.19835403262331,63.4861368957379,63.89170037557392,773000
2025-09-11,63.6839714050293,64.09943643131898,63.58505403568852,63.60484203770359,495500
2025-09-12,64.08954620361328,64.15878912091969,63.634520240326644,63.634520240326644,387200
2025-09-15,63.82245635986328,64.1785649221559,63.456461343609675,63.93126772872555,384600
2025-09-16,63.001434326171875,63.77300416852319,62.9321914109354,63.62462433675597,766200
2025-09-17,63.070674896240234,63.31797586447545,62.81348747399009,62.81348747399009,730100
2025-09-18,62.55630111694336,63.09046019893632,62.487054429646705,63.02121728509546,482600
2025-09-19,62.99154281616211,63.624623041698484,62.64532824702684,63.080569958719146,4163300
2025-09-22,63.64440155029297,64.09943502370882,63.24872830816302,63.24872830816302,515900
2025-09-23,63.9708366394043,64.00051109532076,63.23883905478954,63.65429653144293,564100
2025-09-24,64.24781036376953,64.40608419631342,63.78289796122324,63.79278441557344,457400
2025-09-25,64.63359069824219,64.940244349264,64.24780768116412,64.24780768116412,516300
2025-09-26,65.00949096679688,65.27656862964636,64.7226253011219,64.82154267451385,564300
2025-09-29,65.25678253173828,65.63267153689374,65.01937934674069,65.05894025514763,759100
2025-09-30,66.04813385009766,66.07781585395045,65.21721886810097,65.21721886810097,559900
2025-10-01,65.7118148803711,66.58229834185214,65.65246596503954,66.09759792385,536400
2025-10-02,66.27565002441406,66.28554402561267,65.4645155050962,65.5931073330315,2013700
2025-10-03,66.07781219482422,66.80980976417833,66.01845573731728,66.10748665012203,1137100
2025-10-06,66.32511138916016,66.36467229947853,65.53375733838485,66.14705710508129,1083700
2025-10-07,66.4636001586914,66.56251753269001,65.97889219634806,66.3943572422012,948200
2025-10-08,66.27565002441406,66.75046397209577,65.97889036374903,66.70100151301438,729700
2025-10-09,66.33499908447266,66.60208428904414,66.21630125747349,66.27565017097308,626000
2025-10-10,67.86824035644531,67.90780881185032,66.1371600537604,66.46359415066824,1569600
2025-10-14,66.99775695800781,68.29359179775706,66.95818850261479,68.00672615634096,1689800
2025-10-15,67.4428939819336,67.61105426990636,66.77024528313078,66.77024528313078,1666100
2025-10-16,68.0265121459961,68.17489197906605,67.26484007170767,67.40332590339646,687700
2025-10-17,68.35294342041016,68.59034661528,67.59127137786828,67.72975720378498,981200
2025-10-20,68.36283874511719,68.79808423323267,67.96716171473145,68.38261920052624,593200
2025-10-21,68.3034896850586,68.51121842750916,67.8484561956012,68.33316414156415,802200
2025-10-22,68.45185852050781,68.86732353139872,68.09574996655061,68.1748868778547,1373300
2025-10-23,68.3133773803711,68.79808533514,68.26392246760055,68.5310001279144,1117100
2025-10-24,68.42218780517578,68.74862192196333,68.1650041497477,68.28370197628016,1052700
2025-10-27,68.10564422607422,68.4221843255826,67.58137539378639,68.24413004792719,1410300
2025-10-28,67.07688903808594,68.26392010721082,66.9878656700301,68.08586582418766,1441500
2025-10-29,66.5921859741211,67.2351601673922,66.02834869166423,67.06699989209534,1511200
2025-10-30,67.06700134277344,67.31429853423364,66.70099878252424,66.72077923720006,1296800
2025-10-31,66.68000030517578,66.91000366210938,66.4000015258789,66.9000015258789,893300
2025-11-03,66.52999877929688,66.70999908447266,66.26000213623047,66.37000274658203,2918400
2025-11-04,66.62000274658203,67.02999877929688,66.19000244140625,66.4800033569336,906400
2025-11-05,67.05999755859375,67.36000061035156,66.72000122070312,66.77999877929688,1298200
2025-11-06,67.5199966430664,67.95999908447266,66.86000061035156,66.86000061035156,1463500
2025-11-07,67.2300033569336,68.81999969482422,67.0199966430664,67.61000061035156,1426100
2025-11-10,67.08000183105469,67.75,66.87000274658203,67.56999969482422,1639600
2025-11-11,66.5999984741211,67.0999984741211,66.5199966430664,67.0,1180300
2025-11-12,66.70999908447266,67.36000061035156,66.51000213623047,66.58000183105469,1786300
2025-11-13,67.88999938964844,68.19999694824219,66.36000061035156,66.55999755859375,2394100
2025-11-14,67.12999725341797,67.80000305175781,66.76000213623047,67.80000305175781,917900
2025-11-17,68.7699966430664,68.7699966430664,67.25,67.25,1775900
2025-11-18,68.41999816894531,69.08999633789062,68.20999908447266,68.6500015258789,1450700
2025-11-19,68.01000213623047,68.55000305175781,67.69999694824219,68.30999755859375,437700
2025-11-20,67.26000213623047,68.19000244140625,67.20999908447266,67.94000244140625,1006100
2025-11-21,66.77999877929688,67.38999938964844,66.27999877929688,67.29000091552734,1212400
2025-11-24,67.6500015258789,67.68000030517578,66.80999755859375,66.80999755859375,1823700
2025-11-25,68.30999755859375,68.33000183105469,67.55999755859375,67.55999755859375,1105600
2025-11-26,68.30999755859375,68.37999725341797,67.95999908447266,68.27999877929688,786400
2025-11-27,68.0199966430664,68.4800033569336,67.97000122070312,68.19999694824219,141900
2025-11-28,67.81999969482422,68.31999969482422,67.69000244140625,68.02999877929688,1203100
2025-12-01,68.22000122070312,68.44000244140625,67.69000244140625,67.81999969482422,783000
2025-12-02,67.55000305175781,68.4800033569336,67.05999755859375,68.26000213623047,1343000
2025-12-03,66.97000122070312,67.66999816894531,66.43000030517578,67.66999816894531,1200700
2025-12-04,66.12000274658203,67.2699966430664,66.12000274658203,66.87999725341797,848000
2025-12-05,65.66000366210938,66.05000305175781,65.33999633789062,66.0,590300
2025-12-08,65.30999755859375,65.62000274658203,64.79000091552734,65.5999984741211,1580900
2025-12-09,65.1500015258789,65.62000274658203,65.12000274658203,65.22000122070312,562500
2025-12-10,65.01000213623047,65.77999877929688,65.01000213623047,65.2699966430664,1031500
2025-12-11,65.2300033569336,65.75,65.01000213623047,65.25,878000
2025-12-12,65.95999908447266,66.05000305175781,65.31999969482422,65.3499984741211,619800
2025-12-15,66.44999694824219,66.48999786376953,65.8499984741211,66.0199966430664,909100
2025-12-16,66.56999969482422,66.83000183105469,66.05999755859375,66.54000091552734,541900
2025-12-17,66.87000274658203,67.12999725341797,65.9000015258789,66.68000030517578,752700
2025-12-18,66.8499984741211,67.2300033569336,66.51000213623047,66.86000061035156,687400
2025-12-19,66.51000213623047,67.44999694824219,66.44999694824219,67.12999725341797,2217400
2025-12-22,66.6500015258789,66.66999816894531,65.52999877929688,66.4800033569336,400100
2025-12-23,67.13999938964844,67.19000244140625,66.52999877929688,66.52999877929688,82026
